id	source_hash	verdict	reviewer	method
block:block.botania.abstruse_platform	sha256:2e2563c9814ecce0a172a728718b54bbc08874368235f196453ccae23c2635ef	PASS	/root/original_registry_a_review	english_source_context_family_review
block:block.botania.agricarnation_chibi	sha256:3296ff98b9999eb657726badeec4a66c4f3e2afa5b9c95fddf4e8babd5167701	PASS	/root/original_registry_a_review	english_source_context_family_review
block:block.botania.animated_torch	sha256:7ef694180978931d726ad557eaa816f15544a4ff36c715054fd7a2f765a992e6	PASS	/root/original_registry_a_review	english_source_context_family_review
block:block.botania.apothecary_deepslate	sha256:676ae045030bacac3093f75f44ef7026b81ea95796525a987f09cf0bdde61d80	PASS	/root/original_registry_a_review	english_source_context_family_review
block:block.botania.apothecary_default	sha256:c37e54b47bd139b3bd92ac5aedb95932cb9c45933c781d2191fbc24380916179	PASS	/root/original_registry_a_review	english_source_context_family_review
block:block.botania.apothecary_desert	sha256:57c04fe45d0d2e2564b9dbfbe689fb60e525c227e91ace3fa0f801e0ce917a66	PASS	/root/original_registry_a_review	english_source_context_family_review
block:block.botania.apothecary_forest	sha256:1e8e3e63e6d8ca394c8d3f59ac370e2f944065f02db944ddddfac69b459249b5	PASS	/root/original_registry_a_review	english_source_context_family_review
block:block.botania.apothecary_fungal	sha256:c531209cd284683a0ecf2692e2e467616da9404e6c218bab01271d7cf7cf5381	PASS	/root/original_registry_a_review	english_source_context_family_review
block:block.botania.apothecary_livingrock	sha256:da19be1e83881285675875b42b136ecd5bfae20c4f08b743939effa851308e28	CHANGE	/root/original_registry_a_review	english_source_context_family_review
block:block.botania.apothecary_mesa	sha256:9f09235588962485edda181ff4889a274caeec8adcdbf35cb210d526e958d21a	PASS	/root/original_registry_a_review	english_source_context_family_review
block:block.botania.apothecary_mossy	sha256:7d4ef4f7a17741037c4048035c6ac0c2ca38979cce54d13450ee4e94dae24aa3	PASS	/root/original_registry_a_review	english_source_context_family_review
block:block.botania.apothecary_mountain	sha256:15adce79df5ccbecd5eb078405082f273570a5008ed1ee42f1b24fc7e7d0d3bb	PASS	/root/original_registry_a_review	english_source_context_family_review
block:block.botania.apothecary_plains	sha256:9dcea18d7531f045d38a48a535ff7927d69ed9b31c8a19be01c097d85c49d853	PASS	/root/original_registry_a_review	english_source_context_family_review
block:block.botania.apothecary_swamp	sha256:0a39926f8df40c9185768cba0bd25ff85cd7f4579458562e03b2be024b72e904	PASS	/root/original_registry_a_review	english_source_context_family_review
block:block.botania.apothecary_taiga	sha256:83863de5111e9ef7e4e50ef08f80d08e59619349eda3fa6c8a31b932356e03e1	PASS	/root/original_registry_a_review	english_source_context_family_review
block:block.botania.avatar	sha256:0ebe2f0d920539e7640b058805b75d56056b343cf01e463627a12f63ce185f37	PASS	/root/original_registry_a_review	english_source_context_family_review
block:block.botania.bellethorn_chibi	sha256:b207ec0d64acaf257355cd0e082b2c17de5645d5f7581309e23370bd9986ebd6	PASS	/root/original_registry_a_review	english_source_context_family_review
block:block.botania.bellows	sha256:3444f35c6b7d5fd135cf8b780c5b68f675746d75472447b061b9864ccec4b982	PASS	/root/original_registry_a_review	english_source_context_family_review
block:block.botania.bifrost_pane	sha256:31a88004ab35dd0d4a70a038bc458fae982b2dba054ebdcf25c5949d2061dfbf	PASS	/root/original_registry_a_review	english_source_context_family_review
block:block.botania.black_petal_block	sha256:6d811eed2c86dcbb73a00905271d9401868ee689d515bde63b4e33b7f5f2af4c	PASS	/root/original_registry_a_review	english_source_context_family_review
block:block.botania.blaze_block	sha256:0ca19f3e52d652729edc81af93d3737ca285a04bf8884ec3f49e449db2b482f8	CHANGE	/root/original_registry_a_review	english_source_context_family_review
block:block.botania.blaze_quartz	sha256:0697bb3f1b4683d1a6608049c714e8a230a7c035e15e187021e13205eb8dc992	PASS	/root/original_registry_a_review	english_source_context_family_review
block:block.botania.blaze_quartz_pillar	sha256:e9ee1602abb851af464a41fde053786de147be5caeae86ca6e781b591e9f9f04	PASS	/root/original_registry_a_review	english_source_context_family_review
block:block.botania.blaze_quartz_slab	sha256:296d3ddb557e9ac6186b683bf10f15502762bca50e4e389ef3cd5a0babf99a21	PASS	/root/original_registry_a_review	english_source_context_family_review
block:block.botania.blaze_quartz_stairs	sha256:a7b0ef200e1fc0c36439ff2246b1cf73f958cad4175b8095cf891cbdcccf215b	PASS	/root/original_registry_a_review	english_source_context_family_review
block:block.botania.blue_petal_block	sha256:07bc459caa1e85abf1ca4e7bdee2c6aafd5266138d16940600117231933b4cf6	PASS	/root/original_registry_a_review	english_source_context_family_review
block:block.botania.brewery	sha256:34a778147d94ef06660f567fb5ba14a115157090ef83fdfd08439a00137ca257	PASS	/root/original_registry_a_review	english_source_context_family_review
block:block.botania.brown_petal_block	sha256:87dfea8b4fce6ba1d7a8dbc548ee02e701548760126d7b9880cc7ab3c8b0f465	PASS	/root/original_registry_a_review	english_source_context_family_review
block:block.botania.bubbell	sha256:7d1b47c24818a115d84ce5c094eb7a47b5eb6b254f807c3da4715f591cba1bb4	PASS	/root/original_registry_a_review	english_source_context_family_review
block:block.botania.bubbell_chibi	sha256:50d8493a463c86aa9534e8783df402ffc0877c8c5351ae637310e7b9ec47049a	PASS	/root/original_registry_a_review	english_source_context_family_review
block:block.botania.cacophonium_block	sha256:731ecea6802ebd0d2c845c81b297504b681165e949a7de7ea2f572ff670cd2b7	PASS	/root/original_registry_a_review	english_source_context_family_review
block:block.botania.chiseled_blaze_quartz	sha256:c933805ef052d28570194bcc9f886b18043013c06869f8037dc5a61eca1ba759	PASS	/root/original_registry_a_review	english_source_context_family_review
block:block.botania.chiseled_livingrock_bricks	sha256:2bd7a589aaa6fe5d8a9954ad016524d17939d0f2aa747df29cb4c21d14426bb3	CHANGE	/root/original_registry_a_review	english_source_context_family_review
block:block.botania.chiseled_mana_quartz	sha256:c853d851148e7650593f64958b338518d0e1f8096815b9f55995d37516c1e989	PASS	/root/original_registry_a_review	english_source_context_family_review
block:block.botania.chiseled_red_quartz	sha256:727a970437e44cd846e6baaaaa357d3729747503b52a8bdbc9512ffb1e811d77	PASS	/root/original_registry_a_review	english_source_context_family_review
block:block.botania.clayconia	sha256:1e641727e0963427955077a000b60e95f6b83796a7c0f8eee4e233b00cc7d2e7	PASS	/root/original_registry_a_review	english_source_context_family_review
block:block.botania.clayconia_chibi	sha256:fff8ca5795ebdf19a4485085c078b483f92a4126902b6ed3c017ebd6f3774fa3	PASS	/root/original_registry_a_review	english_source_context_family_review
block:block.botania.cocoon	sha256:91e0eaf5e7f09e1bdb1fb7772a65d6cabdc5a0722d0e10ad162153ba5f075446	CHANGE	/root/original_registry_a_review	english_source_context_family_review
block:block.botania.conjuration_catalyst	sha256:18fbcb4d4a3d60aa2aba671fafc67c92d819d1d3e74cd1011b5467addbfb284d	PASS	/root/original_registry_a_review	english_source_context_family_review
block:block.botania.corporea_block	sha256:01fd83ab55321513d3374f903068dc7e529a55b97a064585dd579996073dc076	PASS	/root/original_registry_a_review	english_source_context_family_review
block:block.botania.corporea_brick	sha256:2872b9ad4acef688e91c7d7c394c62791e7c4c946f0ab176997bf66957355264	PASS	/root/original_registry_a_review	english_source_context_family_review
block:block.botania.corporea_brick_slab	sha256:aa371ba3294e5c04d11bbe36125e0d06758ea7bdfcebdfb57fa17f305a8d5a23	PASS	/root/original_registry_a_review	english_source_context_family_review
block:block.botania.corporea_brick_stairs	sha256:63fea858d55f98c72db0a4a10ed10f8193aa2c1b81b10370a51cfa65e80d2952	PASS	/root/original_registry_a_review	english_source_context_family_review
block:block.botania.corporea_brick_wall	sha256:6fbe75878714fd93a65b306f06e89b5818e67be0a00eaa7e382ed36878ffcc63	PASS	/root/original_registry_a_review	english_source_context_family_review
block:block.botania.corporea_crystal_cube	sha256:31972cf294e5441b47a0e348a35ed5ea5f0bb1e14561f43fb63ec58bc911ec9c	PASS	/root/original_registry_a_review	english_source_context_family_review
block:block.botania.corporea_funnel	sha256:54390e5693d97e752145080bd665c8559bff78014bd3b680fb42eb47bf923380	PASS	/root/original_registry_a_review	english_source_context_family_review
block:block.botania.corporea_index	sha256:c79cde1a94e93dc7d025abbcbd77ae5c6ae72c1c61d919d8f3989cd4e9c3a67e	PASS	/root/original_registry_a_review	english_source_context_family_review
block:block.botania.corporea_interceptor	sha256:9e7c651e07c23f7717fa56e1c3b02d6d03246f1dadd65f63ef0ecdc96bc2adb0	PASS	/root/original_registry_a_review	english_source_context_family_review
block:block.botania.corporea_retainer	sha256:0bf5190c205fc4479cc9f5dd78abd8969ad7fdd5efc47a4cfc6bdcc5b115147f	PASS	/root/original_registry_a_review	english_source_context_family_review
block:block.botania.corporea_slab	sha256:717ea0462d4623ec307de7c9783ea4a165a450bf04881ec5ab81c88eef1d44e6	PASS	/root/original_registry_a_review	english_source_context_family_review
block:block.botania.corporea_stairs	sha256:8c2e9a313699e67d877ea2f4ffb9907ff215eb08f12ae09cf07f0607c50b1604	PASS	/root/original_registry_a_review	english_source_context_family_review
block:block.botania.cracked_livingrock_bricks	sha256:826a25c47f7e27d67713181b52d96b96029f76dd19f4d4b31095439b18c8c4b8	CHANGE	/root/original_registry_a_review	english_source_context_family_review
block:block.botania.creative_pool	sha256:ddb102bcba35ca6af629e5ade1372e9371b795babd8cc2dc0d45fa59614ad87e	PASS	/root/original_registry_a_review	english_source_context_family_review
block:block.botania.cyan_petal_block	sha256:7fab713284dea0bc46d00688575a7e3f84c8f7f7d3e668629d2d1644e2576222	PASS	/root/original_registry_a_review	english_source_context_family_review
block:block.botania.daffomill	sha256:be9ceb4b3c04303f6b90adab94d213ca751492784efc93bf7c307edad81457ae	PASS	/root/original_registry_a_review	english_source_context_family_review
block:block.botania.daybloom_motif	sha256:0eb6d361eb9da76f99c0bfe70b271f80075789f42d8728606b3309de232aaa7e	PASS	/root/original_registry_a_review	english_source_context_family_review
block:block.botania.detector_light_relay	sha256:578a545c7c2931db2dcad9009719903bd979fba0a1496ec61aeda046e1a3beec	PASS	/root/original_registry_a_review	english_source_context_family_review
block:block.botania.dragonstone_block	sha256:e6aab4e6bce6f0b4d424a6de2a08bd602540ea5fa305d7bc47ce0c61e8970cf3	PASS	/root/original_registry_a_review	english_source_context_family_review
block:block.botania.dreamwood	sha256:752e9e29a85c9522e1fd680e84bb1a096a7ef5c056414f8c11fdf3d73a37fde9	PASS	/root/original_registry_a_review	english_source_context_family_review
block:block.botania.dreamwood_fence	sha256:dc2b3f7bfa224f0cd6e7512db99821c0ea3813c1d1b5ef4ebb98e24704362356	PASS	/root/original_registry_a_review	english_source_context_family_review
block:block.botania.dreamwood_fence_gate	sha256:3dd3e96b94aeee6da27b8263a3e47f3a09744a740c21d59efc10788b3cac11ec	PASS	/root/original_registry_a_review	english_source_context_family_review
block:block.botania.dreamwood_log	sha256:f0c03fd87e151a898eb7eb41f0dda02c96d1416883148dbb102a6840e64b9d44	PASS	/root/original_registry_a_review	english_source_context_family_review
block:block.botania.dreamwood_planks	sha256:6eff5c56f184cbeabad4917dd34ca2f8709d85608c25341c2fc47124cd5589e7	PASS	/root/original_registry_a_review	english_source_context_family_review
block:block.botania.dreamwood_planks_slab	sha256:0b717949c26427d9898e3e02a950e9744ea07a2195996dbe6d93f47182f872ab	PASS	/root/original_registry_a_review	english_source_context_family_review
block:block.botania.dreamwood_planks_stairs	sha256:3288b27c49d5a82fae4c3234f3af130013dbc69484d4cd2ce42d50ba65b38bf9	PASS	/root/original_registry_a_review	english_source_context_family_review
block:block.botania.dreamwood_slab	sha256:c3c41a0920153b4dcb49e39ceb60dc16f83b1df747324554a0e0cc0d426954aa	PASS	/root/original_registry_a_review	english_source_context_family_review
block:block.botania.dreamwood_stairs	sha256:850f64f321aab787d94f7509c98f7908a72f19d71e75362fbda89591194c1c03	PASS	/root/original_registry_a_review	english_source_context_family_review
block:block.botania.dreamwood_wall	sha256:e7cd2376550f6fdbe1c8e7b5a16cbb1fdab6326f59ad22086113ab7f8c16f736	PASS	/root/original_registry_a_review	english_source_context_family_review
block:block.botania.drum_canopy	sha256:a017af25e8a65aa55f7cebb963027329cd83df410d4f3117224553b0e6a3237a	PASS	/root/original_registry_a_review	english_source_context_family_review
block:block.botania.drum_gathering	sha256:339c2b59b2f12f731244bad101d47b9272e542009915ebdcf1bd06a8a028748b	PASS	/root/original_registry_a_review	english_source_context_family_review
block:block.botania.drum_wild	sha256:2a748efc1b13566261b8619aa769e4c603e6297c6fa81b36c5a4302362d3a68b	PASS	/root/original_registry_a_review	english_source_context_family_review
block:block.botania.elementium_block	sha256:8448de58a3525b99093cf07fa6dda55615fa9345febcf51cd0baf462295545ce	PASS	/root/original_registry_a_review	english_source_context_family_review
block:block.botania.enchanter	sha256:953375ac1eec4ad2ef5c4eaab852c58f4ed6e6532f56ff368046c04d1c613c24	PASS	/root/original_registry_a_review	english_source_context_family_review
block:block.botania.ender_eye_block	sha256:a03478a46aaae2461f75b6713819b6a466e2ac3b981767c2274b8b53d1fb8862	PASS	/root/original_registry_a_review	english_source_context_family_review
block:block.botania.fallen_kanade	sha256:9ffb017866806173cd9a3c04162141fc292cedf37ccac694d7cff651d42d0492	PASS	/root/original_registry_a_review	english_source_context_family_review
block:block.botania.floating_agricarnation	sha256:e53e2ea8df20c15aa93be17af313633d6e60b31875fa04398a74a2057b218ebe	PASS	/root/original_registry_a_review	english_source_context_family_review
block:block.botania.floating_agricarnation_chibi	sha256:f28d1b99573c8349d9056e7fc6b72866554dc2b6ec739b888365b9ff763dc94e	PASS	/root/original_registry_a_review	english_source_context_family_review
block:block.botania.floating_bellethorn	sha256:385feccf6fbf92852765f9583bba53b7c7354a26ad9d20d78c2adf0383748cd8	PASS	/root/original_registry_a_review	english_source_context_family_review
block:block.botania.floating_bellethorn_chibi	sha256:0ef57acb36f2db05cd16bfcc8ffe96625b3caf52e5b003701341a3348541b9af	PASS	/root/original_registry_a_review	english_source_context_family_review
block:block.botania.floating_bergamute	sha256:b0c19ed5206cd57ab933a7fca8b2041cb43189de7d7047e9461a97c944a43359	PASS	/root/original_registry_a_review	english_source_context_family_review
block:block.botania.floating_bubbell	sha256:95e2e9caac7a4a7044c1944e5a732b4bb715f618c5f8f5535b1e3bea07d3a5b3	PASS	/root/original_registry_a_review	english_source_context_family_review
block:block.botania.floating_bubbell_chibi	sha256:9d1a9bce288515df7f9f0412b8692bdfc8059fd4e9eaeb283a41f1a4821cdf4c	PASS	/root/original_registry_a_review	english_source_context_family_review
block:block.botania.floating_clayconia	sha256:03f4c155369e416870c9d17dd56eab8ea93fee3fe59bbeb4ec32eded94cc819c	PASS	/root/original_registry_a_review	english_source_context_family_review
block:block.botania.floating_clayconia_chibi	sha256:5224974f6578231b2baad9555c9ea13e97c848d0f79d1f2a4cb644689325ac05	PASS	/root/original_registry_a_review	english_source_context_family_review
block:block.botania.floating_daffomill	sha256:1ad6dd3915357022928727209cee9ff6ab2d116c4116607eb2b0b68407d02e53	PASS	/root/original_registry_a_review	english_source_context_family_review
block:block.botania.floating_dandelifeon	sha256:8c6a65c3fb92eb24f3bc71e48fa74db445d479c6293bc0df7b45b2a380d23976	PASS	/root/original_registry_a_review	english_source_context_family_review
block:block.botania.floating_dreadthorn	sha256:99f4b6b58692d1e2a1510dc43eb375e811bf82bef601c3c82b3d9affb9e5f2d2	PASS	/root/original_registry_a_review	english_source_context_family_review
block:block.botania.floating_endoflame	sha256:9cccd263d50946e66b9403797c95563662e8d97821fd63f56efabddd20b901ea	PASS	/root/original_registry_a_review	english_source_context_family_review
block:block.botania.floating_entropinnyum	sha256:05461812f81c44e521f1a1f7a60e05e388c9117695733c06f486bc19516b910d	PASS	/root/original_registry_a_review	english_source_context_family_review
block:block.botania.floating_exoflame	sha256:14db9306be7f08d9e308a085266db741ace10c2a686727848af3a450c3138585	PASS	/root/original_registry_a_review	english_source_context_family_review
block:block.botania.floating_fallen_kanade	sha256:a0fd5396be016fa627ced23771b0f34f7342f1121f6868dd8770c11a386eb8df	PASS	/root/original_registry_a_review	english_source_context_family_review
block:block.botania.floating_gourmaryllis	sha256:a1254cc785f5e4a101824c0deba1695e118dcd322a58a97af38a956456b164a9	PASS	/root/original_registry_a_review	english_source_context_family_review
block:block.botania.floating_heisei_dream	sha256:ba94b133d9dd35179bc0b5bebcbe708ace2c6076e458311ec2e2ede4ba3243f7	PASS	/root/original_registry_a_review	english_source_context_family_review
block:block.botania.floating_hopperhock	sha256:4a86dc6c0184b102d79eb06b2b22a3f3b9b62cc2460966890d16c2b52f73e20e	PASS	/root/original_registry_a_review	english_source_context_family_review
block:block.botania.floating_hopperhock_chibi	sha256:b00aed5d01ce1c8545c47b04c32ea83dda0dfa607127cc2f77e3fe476b8370b8	PASS	/root/original_registry_a_review	english_source_context_family_review
block:block.botania.floating_hyacidus	sha256:db2eae73ce229e07f79a8546cbed2ca743e6c94629593314c4d0efe78e8618d4	PASS	/root/original_registry_a_review	english_source_context_family_review
block:block.botania.floating_hydroangeas	sha256:2c179ab5fdc542bb1bd672aa805a128f4e957230af6bc25a0f2e70ce5aba672e	PASS	/root/original_registry_a_review	english_source_context_family_review
block:block.botania.floating_jaded_amaranthus	sha256:89980fa29c3aa61971a837cd33a0285439534382d4b11d6bca80dc5474e00ed6	PASS	/root/original_registry_a_review	english_source_context_family_review
block:block.botania.floating_jiyuulia	sha256:8fc29a81be138f9289791e72edb875e4b7b9cb81ce141283ead20e5bc32e8c23	PASS	/root/original_registry_a_review	english_source_context_family_review
block:block.botania.floating_jiyuulia_chibi	sha256:eaaa90a8b8795b6e6ea5c96e945179dd6e88cdedce7a07a0d728136f2a3245c4	PASS	/root/original_registry_a_review	english_source_context_family_review
block:block.botania.floating_kekimurus	sha256:de67158f598d16a962f92403a2327667b5c2a29a237497f882da97021efb1e67	PASS	/root/original_registry_a_review	english_source_context_family_review
block:block.botania.floating_labellia	sha256:cdcbdd97405c7ee0fe46ec8dc38840e3a530960d33affcba2d82ba620d61a8d7	PASS	/root/original_registry_a_review	english_source_context_family_review
block:block.botania.floating_loonium	sha256:dac8898880c33628f26c0e69672c4df1a3d1efeeac4e37251842028118e5be95	PASS	/root/original_registry_a_review	english_source_context_family_review
block:block.botania.floating_manastar	sha256:0d4210689aa44fe11e12717cfc7a91e92da51710625b113860f98a859eec8287	PASS	/root/original_registry_a_review	english_source_context_family_review
block:block.botania.floating_marimorphosis	sha256:8b12482efa0151d86e04c6bbc17cceb74c6284766bc48a40531e3e8c12185548	PASS	/root/original_registry_a_review	english_source_context_family_review
block:block.botania.floating_marimorphosis_chibi	sha256:c157b8114ca634c8fe94d52a5ce6b12811939ee03a1d962b15d2f875b083bad4	PASS	/root/original_registry_a_review	english_source_context_family_review
block:block.botania.floating_medumone	sha256:9cc519e42d207283f8ba1336961448ef148f2d41388cfc79d54b89abba54f673	PASS	/root/original_registry_a_review	english_source_context_family_review
block:block.botania.floating_munchdew	sha256:163f829cdc35ee744e7c7062bfbebbc422bce53571508f469b316f00d6d9fad9	PASS	/root/original_registry_a_review	english_source_context_family_review
block:block.botania.floating_narslimmus	sha256:834d24a537b260ea774b792eed2b58f50d41f3ca00c3b76e07d93ca6acc23e94	PASS	/root/original_registry_a_review	english_source_context_family_review
block:block.botania.floating_orechid	sha256:e4cc77b8561f538ce01856097a75b1cfcde68bbf914658603ec55c641d238437	PASS	/root/original_registry_a_review	english_source_context_family_review
block:block.botania.floating_orechid_ignem	sha256:632fa2d3b159b33d9edd12e93c3943e951bad89785a40e7b5083b1c031ee4264	PASS	/root/original_registry_a_review	english_source_context_family_review
block:block.botania.floating_pollidisiac	sha256:3768f27f31e8c08e40a650954b4025e8cc1ebd36ffc36b74c9c105ec4aba4227	PASS	/root/original_registry_a_review	english_source_context_family_review
block:block.botania.floating_pure_daisy	sha256:ce5d94715e08cdc4a9cdca4d0ab22dcfa1c49bcb2788e41500141e002a92005a	PASS	/root/original_registry_a_review	english_source_context_family_review
block:block.botania.floating_rafflowsia	sha256:6b67a83a93f17f849222416e06854eb1da00f7ff1a99ae457d2db0f39f288b3e	PASS	/root/original_registry_a_review	english_source_context_family_review
block:block.botania.floating_rannuncarpus	sha256:d0fad62f097cc268c1c489b054df8d7e5bab58190aec1b7ba4ee82c6fa477307	PASS	/root/original_registry_a_review	english_source_context_family_review
block:block.botania.floating_rannuncarpus_chibi	sha256:6b1034ee0a65342687479c5197c78a375fc86a7091c743d3531b489b8ea21599	PASS	/root/original_registry_a_review	english_source_context_family_review
block:block.botania.floating_rosa_arcana	sha256:d575d94dc23dbabf2fc4043756b94ad1ae5d705800f4f8d77bebdcc096117295	PASS	/root/original_registry_a_review	english_source_context_family_review
block:block.botania.floating_shulk_me_not	sha256:18765ffa4184c919b77a2a47febabff38c1d5e41ccfda8f0aa76133985e4e939	PASS	/root/original_registry_a_review	english_source_context_family_review
block:block.botania.floating_solegnolia	sha256:ef5f2655d2e07685499902d675a3165df3dd68c3f90939575766bccfb736550e	PASS	/root/original_registry_a_review	english_source_context_family_review
block:block.botania.floating_solegnolia_chibi	sha256:3ecd942c727e5c681aa01ae623ca2f084a5adeea869a961335e04fa81c12bfa8	PASS	/root/original_registry_a_review	english_source_context_family_review
block:block.botania.floating_spectranthemum	sha256:ad2a0c88d32740684837d9e66cd4f1f04803258952c88a9c11b03af11da87950	PASS	/root/original_registry_a_review	english_source_context_family_review
block:block.botania.floating_spectrolus	sha256:44c9ed2d6fe40b249ce89f1c2508b21656d179f7d8fa42507cc679750d6b2a48	CHANGE	/root/original_registry_a_review	english_source_context_family_review
block:block.botania.floating_tangleberrie	sha256:94773be7b053940546afc33b385d13562908faffbba8dee6dafcd218997f5ee1	PASS	/root/original_registry_a_review	english_source_context_family_review
block:block.botania.floating_tangleberrie_chibi	sha256:7eae594e2e92009798b92ef0e5e75dab47e154bedec483a9ae5318e9baa3d866	PASS	/root/original_registry_a_review	english_source_context_family_review
block:block.botania.floating_thermalily	sha256:795c3cd84d871c2e2ae5ce64016216a3cd220a01bcf58ee2bcacce84e0c6523a	PASS	/root/original_registry_a_review	english_source_context_family_review
block:block.botania.floating_tigerseye	sha256:fb56e8815159f9e3f559bb403d903edf8e1e7f19b0fb572ad2f44ea611175188	PASS	/root/original_registry_a_review	english_source_context_family_review
block:block.botania.floating_vinculotus	sha256:f13bf15c66e3a1a1ea45c9918d2a6c466374649327930af16ac9a62cd698c71c	PASS	/root/original_registry_a_review	english_source_context_family_review
block:block.botania.fork_light_relay	sha256:b8af1957de96f8ff1dd84635af3344b4655fcbfecaa1b10ac2faaa019ee5b850	PASS	/root/original_registry_a_review	english_source_context_family_review
block:block.botania.framed_dreamwood	sha256:018a177225f15bf48475daed9e6a666222ea978c54625e85fc6ec3874d48b8a3	PASS	/root/original_registry_a_review	english_source_context_family_review
block:block.botania.framed_livingwood	sha256:ef5689329b69a912eb9ecb89421bc9c340eaac03fdbd152f29804ee266de9870	PASS	/root/original_registry_a_review	english_source_context_family_review
block:block.botania.gaia_pylon	sha256:2e2d11b9e64980a4e0682e881dcc47d4189a0edda5e2d518fb74008a92f37bb8	PASS	/root/original_registry_a_review	english_source_context_family_review
block:block.botania.glimmering_dreamwood_log	sha256:b647f980449051d09a5385513802ca59891c2888eb20a8ac580db72273c41700	PASS	/root/original_registry_a_review	english_source_context_family_review
block:block.botania.glimmering_stripped_dreamwood_log	sha256:7f3488bbcf7a5260671e49b779aed96a0f4c8c676958fcb860265c08df1c8d30	PASS	/root/original_registry_a_review	english_source_context_family_review
block:block.botania.glimmering_stripped_livingwood	sha256:1177da1f1698f4bbbf3fe03c72f3a320fc057ff9bb6ae5255002f539b2f01766	PASS	/root/original_registry_a_review	english_source_context_family_review
block:block.botania.gray_petal_block	sha256:2a1c4b7074e81ce85ad2c660d1d55a005639cbb79c6cee8fe3227d26bfecc57e	PASS	/root/original_registry_a_review	english_source_context_family_review
block:block.botania.green_petal_block	sha256:f8b5bb982fca03c547e03fc68ed5d5f4f7dae67c26a571d74b8a3e6cd1f72860	PASS	/root/original_registry_a_review	english_source_context_family_review
block:block.botania.heisei_dream	sha256:fbd8073eca9b63e0b7ec3d7362fb56ad5cb358c452421a34a74ee61bc543767b	PASS	/root/original_registry_a_review	english_source_context_family_review
block:block.botania.hopperhock	sha256:1e9476ddd6575a3e0b35751fc823d7e00dad2f7db6f4fb5d3e22a77650b57c59	PASS	/root/original_registry_a_review	english_source_context_family_review
block:block.botania.hopperhock_chibi	sha256:4e16496c2e49e2d753de20bbabd8f0d265ab3d9e2b7338ad295a58dbebef4644	PASS	/root/original_registry_a_review	english_source_context_family_review
block:block.botania.hourglass	sha256:80c68bb9cf2feffd8704414b0eff5976fa451cc1eeac30fa0200baf87a0d57ea	PASS	/root/original_registry_a_review	english_source_context_family_review
block:block.botania.hydroangeas_motif	sha256:a2423fe4608e32f06cad818840d1bf93f8810821d260bb4984f85e73e8a8e060	PASS	/root/original_registry_a_review	english_source_context_family_review
block:block.botania.incense_plate	sha256:e0cedecfd7466b570fb09a63050b3583f405d2b4d3939cd275c488e7f6e60fe1	PASS	/root/original_registry_a_review	english_source_context_family_review
block:block.botania.jiyuulia	sha256:e2a7d3338d05358bd5a8bc0e82794c822b86b7efe69365db499da18165efebba	PASS	/root/original_registry_a_review	english_source_context_family_review
block:block.botania.jiyuulia_chibi	sha256:8418c3f0efda10789b29f33a6b2524bfd71c9d127ef531292c79cb9232494bf6	PASS	/root/original_registry_a_review	english_source_context_family_review
block:block.botania.kekimurus	sha256:07f40e1608539c22aa67bc39bfe56fecfc8263f785cbc43fc7ef8b2d4a120792	PASS	/root/original_registry_a_review	english_source_context_family_review
block:block.botania.light_blue_petal_block	sha256:f085148b9be766b18c20a08b16dc8c714310d3c95380211c19604b37bd00ebfd	PASS	/root/original_registry_a_review	english_source_context_family_review
block:block.botania.light_gray_petal_block	sha256:9cc60a814932ef70d9ec151e95e32267747698b924fde8242b3dc91606e85554	PASS	/root/original_registry_a_review	english_source_context_family_review
block:block.botania.light_launcher	sha256:39c9b217df03189ffeb838702499b18f7cecefe9b44066d4aa350fd7d39d91d5	PASS	/root/original_registry_a_review	english_source_context_family_review
block:block.botania.light_relay	sha256:44dfff6ff4dc7f996129622a0bd3cca1494b0d41f540fb0b18dc3e3eae8c985d	PASS	/root/original_registry_a_review	english_source_context_family_review
block:block.botania.lime_petal_block	sha256:7375f30e3231f5048993325574e02c1f259af2e956a8a14ee26f1fb3020366b9	PASS	/root/original_registry_a_review	english_source_context_family_review
block:block.botania.livingrock_bricks	sha256:e6e8902ee97980d622d91bccdd80d1d8eb352bab4a1509977e3bf7d9f4c364cc	CHANGE	/root/original_registry_a_review	english_source_context_family_review
block:block.botania.livingrock_bricks_slab	sha256:8d6ef933079cf76bd3d46b5460c2d4b0ccdd52108758a82abbdf81984d1915b8	PASS	/root/original_registry_a_review	english_source_context_family_review
block:block.botania.livingrock_bricks_stairs	sha256:6d64d58e03d9ffb71b6984c87fe485898e5bfaf97390de23f137d3bdcbbbf45d	PASS	/root/original_registry_a_review	english_source_context_family_review
block:block.botania.livingrock_slab	sha256:129122983a5da79b3765312657d990aa36c71c378b9708dcd7b4b3c5efcba433	PASS	/root/original_registry_a_review	english_source_context_family_review
block:block.botania.livingrock_stairs	sha256:42894aff1f176210b1a8d1d2953306717ef7ccd07cc6a21e0e56761fe3cb3755	PASS	/root/original_registry_a_review	english_source_context_family_review
block:block.botania.livingrock_wall	sha256:2be2cecd580ba59e0f24b2c965e99ee93052997756daf303346d1bafb8bdff50	PASS	/root/original_registry_a_review	english_source_context_family_review
block:block.botania.livingwood_fence	sha256:52a1e1112e7984460d879168d4ba9fb244056d84004840ffb2867a6388cdb557	PASS	/root/original_registry_a_review	english_source_context_family_review
block:block.botania.livingwood_fence_gate	sha256:546efecdd412afb96a296aaa50b997a47073f73defd68aee6e1ebdeeeda39525	PASS	/root/original_registry_a_review	english_source_context_family_review
block:block.botania.livingwood_planks	sha256:20f953377ac3b36f01c75ffacfe34e972fd6fe1fed2c8c7caf4d3628699fe049	PASS	/root/original_registry_a_review	english_source_context_family_review
block:block.botania.livingwood_planks_slab	sha256:89664a166b576ec2d28864ab9230fc5dd3fe6323a1168c3f29bcd3f9e1ab8672	PASS	/root/original_registry_a_review	english_source_context_family_review
block:block.botania.livingwood_planks_stairs	sha256:84f249d9d4e68cfd523b25b8b2e02b7767aabc067129e5e33d0ec2c44fb2eac7	PASS	/root/original_registry_a_review	english_source_context_family_review
block:block.botania.magenta_petal_block	sha256:6c557087039369c9faf3a6a8032a3254b01ef398ab895e037dc40e97d44f11c2	PASS	/root/original_registry_a_review	english_source_context_family_review
block:block.botania.mana_detector	sha256:c203bd5299abc458e0259da5ae3cca061f385e5b6276dec23c38093d40a6d3a7	PASS	/root/original_registry_a_review	english_source_context_family_review
block:block.botania.mana_diamond_block	sha256:6527e9a86f0a251b488e3d5d70a741e41dabffef26aba321f8b29cd16c26ce2b	PASS	/root/original_registry_a_review	english_source_context_family_review
block:block.botania.mana_flame	sha256:c5bca67170819931364ce377ff396344c9a8603c3c2fa9d9bf35f4899ec13abb	PASS	/root/original_registry_a_review	english_source_context_family_review
block:block.botania.mana_fluxfield	sha256:5eeeeb0d14d6e84524bd3504d06ce3adb994ffce7c6e4f45249036a2eb0c92ac	PASS	/root/original_registry_a_review	english_source_context_family_review
block:block.botania.mana_glass_pane	sha256:e5e97e7f0d899faf36c094d10521a3ed7a93880671df1302513e641dec67d4e2	PASS	/root/original_registry_a_review	english_source_context_family_review
block:block.botania.mana_pylon	sha256:130c4cab8c0b8c6076be40fbd04bbee3b125a4af264b8765fb9773ab1576c9ca	PASS	/root/original_registry_a_review	english_source_context_family_review
block:block.botania.mana_quartz	sha256:2729391e0908f4bc9ab17dba1ba869375bb91e71134951ddfc7bcaca8f85bea7	PASS	/root/original_registry_a_review	english_source_context_family_review
block:block.botania.mana_quartz_pillar	sha256:688c67fe8c319f0fc242638bb2614f0d2063fdd1194b5b15f981843444572f15	PASS	/root/original_registry_a_review	english_source_context_family_review
block:block.botania.mana_quartz_slab	sha256:4f2a06c3f2ab234d1dc9e469a1903a35aa276694c1a30f4f500e0bac06210ad3	PASS	/root/original_registry_a_review	english_source_context_family_review
block:block.botania.mana_quartz_stairs	sha256:6b7969a3f1c95578a52fabe3af8b243ec032de7cb092c309965f35b0577b43e6	PASS	/root/original_registry_a_review	english_source_context_family_review
block:block.botania.manastar	sha256:c52732c58ea7b1926f99c6db0927de2a763cc1283fa23e6b81984600cfc0964e	PASS	/root/original_registry_a_review	english_source_context_family_review
block:block.botania.manasteel_block	sha256:5f2b82a3304278b44104a15749806b21359d569eeec301edcce889bbc9d190e8	PASS	/root/original_registry_a_review	english_source_context_family_review
block:block.botania.marimorphosis	sha256:a61434e59b5bbd0f92aecfc9690091f2366f4e70fcd8710ac8c2841be1c16b09	PASS	/root/original_registry_a_review	english_source_context_family_review
block:block.botania.marimorphosis_chibi	sha256:6659b0835e96afdd87636e2c187ad594b61754d16af59c43cd19f7edabbca2e5	PASS	/root/original_registry_a_review	english_source_context_family_review
block:block.botania.medumone	sha256:57babc15588210271083c4fb88b8369160ca789bf09c74f58956865a578bc4ad	PASS	/root/original_registry_a_review	english_source_context_family_review
block:block.botania.metamorphic_desert_cobblestone	sha256:bf5ea7df33ed404a439db97773d35acbc900ff59dfad544f6d439b910c10382e	PASS	/root/original_registry_a_review	english_source_context_family_review
block:block.botania.metamorphic_desert_cobblestone_slab	sha256:c8f1a7913fa71f19ab309e804d3eb6574e78c9e2530c3a95d9eb89a95de227ec	PASS	/root/original_registry_a_review	english_source_context_family_review
block:block.botania.metamorphic_desert_cobblestone_stairs	sha256:5d7e72b0a07b0ad84c4e51626d1425ddba8795b41360938df70cdc512174aaf0	PASS	/root/original_registry_a_review	english_source_context_family_review
block:block.botania.metamorphic_desert_cobblestone_wall	sha256:02c2c9ca6117197edd7181433e90fdd19b47ecdf7447877899b34af6dacb35d3	PASS	/root/original_registry_a_review	english_source_context_family_review
block:block.botania.metamorphic_desert_stone_slab	sha256:27c2e38a7fc397951a157320491a8fad818257dc60660a211b4fdc4ec9ddbd8d	PASS	/root/original_registry_a_review	english_source_context_family_review
block:block.botania.metamorphic_desert_stone_stairs	sha256:af357ebdb34f9bce6a869efc130df3b13d0e742409201a4607ed783b707112b0	PASS	/root/original_registry_a_review	english_source_context_family_review
block:block.botania.metamorphic_desert_stone_wall	sha256:5fcc31de7540c7e8b57066d68d51c3f712932776ef4da62059b6c0d1a08ee78a	PASS	/root/original_registry_a_review	english_source_context_family_review
block:block.botania.metamorphic_forest_cobblestone	sha256:0fa84a24ee9e5a8845b4b4c92c0c0d0294e33f83665f94ecf1d35e216ec71624	PASS	/root/original_registry_a_review	english_source_context_family_review
block:block.botania.metamorphic_forest_cobblestone_slab	sha256:69fde71bb462273b727e79cbab9d63f9075c088958e59d455ba2627ba9666221	PASS	/root/original_registry_a_review	english_source_context_family_review
block:block.botania.metamorphic_forest_cobblestone_stairs	sha256:5d904bdc51db44bbe01c2479bb452e2837b3cf42ea12614b238ee967b74a3fa4	PASS	/root/original_registry_a_review	english_source_context_family_review
block:block.botania.metamorphic_forest_cobblestone_wall	sha256:bd05e3dad3ca6fb00595feb1693bf34a4f2e358a447a2e4296eec7f68ed84214	PASS	/root/original_registry_a_review	english_source_context_family_review
block:block.botania.metamorphic_forest_stone_slab	sha256:84c6ba1999768f82e0cd8b8e4a822ec740425425b9cf0ccc9c5e185673dad099	PASS	/root/original_registry_a_review	english_source_context_family_review
block:block.botania.metamorphic_forest_stone_stairs	sha256:ca93c37417e8b8d604e4f2c330cd08b12995cd8258ead27be2d4adcdf54aaa1c	PASS	/root/original_registry_a_review	english_source_context_family_review
block:block.botania.metamorphic_forest_stone_wall	sha256:860df82cec6666f95af945f353593f7a6371e0702b016dfda5ff19924ac47c92	PASS	/root/original_registry_a_review	english_source_context_family_review
block:block.botania.metamorphic_fungal_cobblestone	sha256:71d7cc9af2d9b3456897352e1dff0c2afab454301ccc8a5780c01f6e3fdca093	PASS	/root/original_registry_a_review	english_source_context_family_review
block:block.botania.metamorphic_fungal_cobblestone_slab	sha256:9e734123d33140ef13340a845d92e5f5c10eef9bcde8d806668788a13bb29034	PASS	/root/original_registry_a_review	english_source_context_family_review
block:block.botania.metamorphic_fungal_cobblestone_stairs	sha256:293f1ee541ce38a1cf70bb067951ed99cd7befbde64c73ea60a54c59c6da6c64	PASS	/root/original_registry_a_review	english_source_context_family_review
block:block.botania.metamorphic_fungal_cobblestone_wall	sha256:0094a59d33c46d16fd097a487b418b5396d3b10c17dc708d595a3745990cf70a	PASS	/root/original_registry_a_review	english_source_context_family_review
block:block.botania.metamorphic_fungal_stone_slab	sha256:da6a636b82991873ec8db6c9d11fad026208b60bd3336a75dd7f03f94c37a576	PASS	/root/original_registry_a_review	english_source_context_family_review
block:block.botania.metamorphic_fungal_stone_stairs	sha256:4bdae23e6d4586560db2639f357b899de37c01a4cab5ba7785854bb8c800c428	PASS	/root/original_registry_a_review	english_source_context_family_review
block:block.botania.metamorphic_fungal_stone_wall	sha256:3cdaa1b11c30adff4a4a4ac061c7249d1ff5b5a454fc9c463e48e3de401fa63e	PASS	/root/original_registry_a_review	english_source_context_family_review
block:block.botania.metamorphic_mesa_cobblestone	sha256:ff7938a1a41cbb3da73c3111b84babb58db7a9893bbbb6350576d0f57bf32ee8	PASS	/root/original_registry_a_review	english_source_context_family_review
block:block.botania.metamorphic_mesa_cobblestone_slab	sha256:c2311fa4f80824436fc4879aa8be9325f2f531ab8b5a1ec8423a66bb12465a27	PASS	/root/original_registry_a_review	english_source_context_family_review
block:block.botania.metamorphic_mesa_cobblestone_stairs	sha256:cf544952b0e6bd4085ba6165cd24989668c0f31e22569778f12c57bda4ac6f8e	PASS	/root/original_registry_a_review	english_source_context_family_review
block:block.botania.metamorphic_mesa_cobblestone_wall	sha256:8117106bb58df90a31ec8a1e9748dd4d1756eb77ba4b114743ace378c1f90786	PASS	/root/original_registry_a_review	english_source_context_family_review
block:block.botania.metamorphic_mesa_stone_slab	sha256:f60ad382f19ccbb13c4d7a450b5a45ed0775c3ff81762138bb7022f0f9a5f498	PASS	/root/original_registry_a_review	english_source_context_family_review
block:block.botania.metamorphic_mountain_cobblestone	sha256:8b08b02d9533aee9810bce8c75dc84a0a61b944f8d1d102f6669a31f61809647	PASS	/root/original_registry_a_review	english_source_context_family_review
block:block.botania.metamorphic_mountain_cobblestone_slab	sha256:d2046b1eb2f766451f1fda0fe39bd8a2b31d734230f6e05ebc290a71bab781eb	PASS	/root/original_registry_a_review	english_source_context_family_review
block:block.botania.metamorphic_mountain_cobblestone_stairs	sha256:84b0119746641d6d1bee92d8542c4d3a19b8aef980f59ecf99875380e39e548f	PASS	/root/original_registry_a_review	english_source_context_family_review
block:block.botania.metamorphic_mountain_cobblestone_wall	sha256:40304df0df262be0ea2ec0a3337cd63fdff668a54d856c726f185ef1ed6f890f	PASS	/root/original_registry_a_review	english_source_context_family_review
block:block.botania.metamorphic_mountain_stone_slab	sha256:6587f1dab146e2c4e5c884ae9183cbd45989a4d15c5abcd597a6720c82708fa1	PASS	/root/original_registry_a_review	english_source_context_family_review
block:block.botania.metamorphic_mountain_stone_stairs	sha256:371c8994b8161cd6b5b700cf50b33e01ccc173019d803563488e5079f7af48aa	PASS	/root/original_registry_a_review	english_source_context_family_review
block:block.botania.metamorphic_mountain_stone_wall	sha256:201793b307b647d2ad853389571267d0d48966303a3d80f96ba9e05fa23760dd	PASS	/root/original_registry_a_review	english_source_context_family_review
block:block.botania.metamorphic_plains_cobblestone	sha256:5a872ca8c73a17cdaa824da1203a971f40d6c2c6b164ba0b13104693dc1f1be2	PASS	/root/original_registry_a_review	english_source_context_family_review
block:block.botania.metamorphic_plains_cobblestone_slab	sha256:bf8f31087b707bbf3ac3934d97752211abfcffa4eeb9b04efae456d328c54072	PASS	/root/original_registry_a_review	english_source_context_family_review
block:block.botania.metamorphic_plains_cobblestone_stairs	sha256:fd5222c874602f2563e9d6fcd74b2c1787b67fb5d34f19975a44cd0e2f1d4de6	PASS	/root/original_registry_a_review	english_source_context_family_review
block:block.botania.metamorphic_plains_cobblestone_wall	sha256:8cb6ea74fdf4629c626d7a0127846c470dbbac274ac156ece87aa45559f1a550	PASS	/root/original_registry_a_review	english_source_context_family_review
block:block.botania.metamorphic_plains_stone_slab	sha256:dc051b7f1663bcb73e2d06e8fc3577f347134ce6bb94cb22e9298c55a1bcdfb0	PASS	/root/original_registry_a_review	english_source_context_family_review
block:block.botania.metamorphic_plains_stone_stairs	sha256:e18547871440587f55b9ae599c2a12913bc9e3e1860c610ea3f7d26ae021479c	PASS	/root/original_registry_a_review	english_source_context_family_review
block:block.botania.metamorphic_plains_stone_wall	sha256:312861312e86febe0f2c4abba50fd307f38c194fe0467086e0b2facec3b3d6b8	PASS	/root/original_registry_a_review	english_source_context_family_review
block:block.botania.metamorphic_swamp_cobblestone	sha256:1bf56dca942dbbc6b47cb05410ca6bf8d8bd768d476be18a198bffd4b7b82b95	PASS	/root/original_registry_a_review	english_source_context_family_review
block:block.botania.metamorphic_swamp_cobblestone_slab	sha256:7c6b13316569a208c731d42b54658589e6c9dac8c522454eb80e9087972f8d00	PASS	/root/original_registry_a_review	english_source_context_family_review
block:block.botania.metamorphic_swamp_cobblestone_stairs	sha256:1a99093b5f94443c218bd7a8fbd8e2d4f56fe7c7c1cf501595aeb7face0c3b7a	PASS	/root/original_registry_a_review	english_source_context_family_review
block:block.botania.metamorphic_swamp_cobblestone_wall	sha256:5c0c94e47fe959c901e83b6f50cd7f8a17ac644c24c87c747c46d801f3fef9cf	PASS	/root/original_registry_a_review	english_source_context_family_review
block:block.botania.metamorphic_swamp_stone_slab	sha256:4a984fd4337055a5b91dade97d537ec30fbd1371d485386e499d81ba3f1cbf30	PASS	/root/original_registry_a_review	english_source_context_family_review
block:block.botania.metamorphic_swamp_stone_stairs	sha256:9fff943af475dd94b721ae076f8d090490f10aa06bf8e60dc94e91cdcde94ebc	PASS	/root/original_registry_a_review	english_source_context_family_review
block:block.botania.metamorphic_swamp_stone_wall	sha256:43d522bd5d48bec78c737af9b980bba2a53a7186cdf70996091aca5e5426b277	PASS	/root/original_registry_a_review	english_source_context_family_review
block:block.botania.metamorphic_taiga_cobblestone	sha256:aa28fa868d9fc32ef7768b7e1d19ffb3a4871f8e08d82287e4da7c2958092fa8	PASS	/root/original_registry_a_review	english_source_context_family_review
block:block.botania.metamorphic_taiga_cobblestone_slab	sha256:a7d924ea9c2bf5c5bc4143bbe677104f69ecaf08dd11681e0ef1c2cbcf0fd2de	PASS	/root/original_registry_a_review	english_source_context_family_review
block:block.botania.metamorphic_taiga_cobblestone_stairs	sha256:0855ca30bbe00f75935fd92a0e8af223e74546a86ef467d6c5b231086c9c9877	PASS	/root/original_registry_a_review	english_source_context_family_review
block:block.botania.metamorphic_taiga_cobblestone_wall	sha256:d2cd47981b487e0af23eb975debe9f53bcdfcf978efdb70134a2c036d98a6463	PASS	/root/original_registry_a_review	english_source_context_family_review
block:block.botania.metamorphic_taiga_stone_slab	sha256:ae735b9555dc1d6a7cd17470447895c3078219e99e4f18ae3769ff6a1bd81336	PASS	/root/original_registry_a_review	english_source_context_family_review
block:block.botania.metamorphic_taiga_stone_stairs	sha256:b57332a8eba649b795781a5dc72111c56c08218cd3dbba98983cce532f340bab	PASS	/root/original_registry_a_review	english_source_context_family_review
block:block.botania.metamorphic_taiga_stone_wall	sha256:e09eb73200d3f502c2c3aa7a8f0f9b74670a9c113ce0feb69452209cfe52089b	PASS	/root/original_registry_a_review	english_source_context_family_review
block:block.botania.mossy_dreamwood_planks	sha256:a64501589cbb3089021e2ecf757890eaa1c650dd19a1a994b0cfc3e3cfe8ec10	PASS	/root/original_registry_a_review	english_source_context_family_review
block:block.botania.mossy_livingrock_bricks	sha256:307dd824063338cf1b96faca453dd5e1544892367c96f1eaea98f6ea38bd9f8c	CHANGE	/root/original_registry_a_review	english_source_context_family_review
block:block.botania.mossy_livingrock_bricks_slab	sha256:4c4419b01e5556dcd5a81a2633812da17e2d786d239d3e5ad2d6517cc93354c7	PASS	/root/original_registry_a_review	english_source_context_family_review
block:block.botania.mossy_livingrock_bricks_stairs	sha256:3fad486491f4524f1e83d1efb1ab06f3a95d0e28f06c4e657349cad83c0c31b6	PASS	/root/original_registry_a_review	english_source_context_family_review
block:block.botania.mossy_livingwood_planks	sha256:fc55cbbafb3c827e01c8b33bd02d78f32665b9e8687a032c6eaeb47ff6c53764	PASS	/root/original_registry_a_review	english_source_context_family_review
block:block.botania.munchdew	sha256:5ecf0cdf4497dc406e5c9c2882c2b7f411e613728c0b36c0025287cefb0c1ce6	PASS	/root/original_registry_a_review	english_source_context_family_review
block:block.botania.narslimmus	sha256:d7826e9c3b811df80e4aa08c63aa55932119281a5a61794ac3a667d6d1b92dce	PASS	/root/original_registry_a_review	english_source_context_family_review
block:block.botania.nightshade_motif	sha256:74cf110680995e1f3f6ff4d34d7c4d147cb7790f71e6e1a32d5292c628b88b65	PASS	/root/original_registry_a_review	english_source_context_family_review
block:block.botania.open_crate	sha256:25252582c5d7584ef85ffbf8cb6a8f25733fd14108930a5026b794281d6f1e38	PASS	/root/original_registry_a_review	english_source_context_family_review
block:block.botania.orange_petal_block	sha256:8c6db6ff5dcbb0c3ea9348a90dd5f785bf2b662b457447158d97dc7ffbc2da96	PASS	/root/original_registry_a_review	english_source_context_family_review
block:block.botania.orechid	sha256:3ea76e1aecc18e564cb90a81e0ddfc0b06bedd79bc4e5c87e6f4a1192597ba82	PASS	/root/original_registry_a_review	english_source_context_family_review
block:block.botania.orechid_ignem	sha256:c8cac325896d39956a40d648246d137a4be4e70fd5b897a04b60ea5b523fbe6b	PASS	/root/original_registry_a_review	english_source_context_family_review
block:block.botania.pattern_framed_dreamwood	sha256:f5b5cfddc6a5d5ac84ddd587eaaa42ddbc596e4a1c34a211bec5b64c4a2666a5	PASS	/root/original_registry_a_review	english_source_context_family_review
block:block.botania.pattern_framed_livingwood	sha256:0c9823e3884a718c3ad632ef124ef10066337ca7ccb3ace26d9618760b577269	PASS	/root/original_registry_a_review	english_source_context_family_review
block:block.botania.pink_petal_block	sha256:23cd79d1b855dda2251dade095020395413761e55b95a3b319221e65d8c31a4a	PASS	/root/original_registry_a_review	english_source_context_family_review
block:block.botania.potted_agricarnation_chibi	sha256:7186ff42ba7eff5a51b1bfda0c0ea9e60f606c3677a8e9a874df93145ee16db1	PASS	/root/original_registry_a_review	english_source_context_family_review
block:block.botania.potted_bellethorn_chibi	sha256:7744d67db48805ca32fc0f624c7d3676f2eccfb70487f0589d4ed6e151a6d0aa	PASS	/root/original_registry_a_review	english_source_context_family_review
block:block.botania.potted_bubbell	sha256:2ae1a9993b8e404670da8813fe0d288a1f73b50f4bf7ae4d45eca5fb455f1b04	PASS	/root/original_registry_a_review	english_source_context_family_review
block:block.botania.potted_bubbell_chibi	sha256:a14a2bfeb87251c187095909313ac936e45ac45d0867e8aa4289b9508a63e1b3	PASS	/root/original_registry_a_review	english_source_context_family_review
block:block.botania.potted_clayconia	sha256:368126818ff798de41a3e592c35368c46102e2c541f4a337a56715d5f53cf369	PASS	/root/original_registry_a_review	english_source_context_family_review
block:block.botania.potted_clayconia_chibi	sha256:c723c90195bcca4f69c613922b88864963e9ba6c3c4cd95dd6e3d5475494b049	PASS	/root/original_registry_a_review	english_source_context_family_review
block:block.botania.potted_daffomill	sha256:bb32b90a93f9e7119838aeb8a4984f54f5f58913ab6de49c354a20ada5a66f2a	PASS	/root/original_registry_a_review	english_source_context_family_review
block:block.botania.potted_daybloom_motif	sha256:a5dd856188c8a90d06a20a0e248e6cf3d379794ef72f4573d7352fc48486dd4e	PASS	/root/original_registry_a_review	english_source_context_family_review
block:block.botania.potted_fallen_kanade	sha256:adbfa69243fbfcf00b9ad560ec2ed776bc5d3a409a9c613a9470669bf31e8150	PASS	/root/original_registry_a_review	english_source_context_family_review
block:block.botania.potted_heisei_dream	sha256:264db9dd9f9d02771b0e0041e0ec347f3192caef68d826f37913d679f9b1c381	PASS	/root/original_registry_a_review	english_source_context_family_review
block:block.botania.potted_hopperhock	sha256:572652c7e57c0306de1296f7e8f882b2448d5750808e914bbec47380d2b56933	PASS	/root/original_registry_a_review	english_source_context_family_review
block:block.botania.potted_hopperhock_chibi	sha256:ec7559e78e3a7995c2067b4deb2dfca51118bcc015592c7987716ead5abb3e25	PASS	/root/original_registry_a_review	english_source_context_family_review
block:block.botania.potted_hydroangeas_motif	sha256:054f3aa52be8a099766da01c3f1c5b7c3e5b7821900260c80a3800de1f48dcb5	PASS	/root/original_registry_a_review	english_source_context_family_review
block:block.botania.potted_jiyuulia	sha256:93fc83826396b60b1aa705055660309518e3c2b5da90b75081d1ce4a99ffc902	PASS	/root/original_registry_a_review	english_source_context_family_review
block:block.botania.potted_jiyuulia_chibi	sha256:ebacd9eeeeb81729d5ca333dd09876aea9ccb05a47447f4284256288b1d97b72	PASS	/root/original_registry_a_review	english_source_context_family_review
block:block.botania.potted_kekimurus	sha256:4dc877571f324e0f0ca5daadbfc292582ec74c81fc9844bd0f41515d1cdd8cc8	PASS	/root/original_registry_a_review	english_source_context_family_review
block:block.botania.potted_manastar	sha256:2debc262f4c29a49629d7c2b286d8ada0a579bb9108620ec74af161758c5d365	PASS	/root/original_registry_a_review	english_source_context_family_review
block:block.botania.potted_marimorphosis	sha256:f73817fef979ffb548e28e20e37178f63577dde44e9e4905f0be86eee40f29e9	PASS	/root/original_registry_a_review	english_source_context_family_review
block:block.botania.potted_marimorphosis_chibi	sha256:a552e7b1d24a302a754d1c0a4722a77d9506ea48ad7f2cb446aef4a8399fb879	PASS	/root/original_registry_a_review	english_source_context_family_review
block:block.botania.potted_medumone	sha256:e7bf1557a097b4149830bf832e6abb1aa375d968bebc954683fa078a257d8688	PASS	/root/original_registry_a_review	english_source_context_family_review
block:block.botania.potted_munchdew	sha256:9308e8ebf5e1044cd90f44a95c27387797cd38582e297553cb7ddf89fe9be148	PASS	/root/original_registry_a_review	english_source_context_family_review
block:block.botania.potted_narslimmus	sha256:15014a4bfe28e27e67fda95114d19af0a2cecbddd45106d99c5152e0f4cfcc7b	PASS	/root/original_registry_a_review	english_source_context_family_review
block:block.botania.potted_nightshade_motif	sha256:a94ef471922ebabac422d767baa43aa86d044757079143c9755ce4c25d623c5e	PASS	/root/original_registry_a_review	english_source_context_family_review
block:block.botania.potted_orechid	sha256:d9077ea7b4b920705b6b8c6efe0b495ba7384e14e95640d0bc2e800ab2655fd9	PASS	/root/original_registry_a_review	english_source_context_family_review
block:block.botania.potted_orechid_ignem	sha256:467badfdfa110234e63d9e4494b375e006072be12a80fb9d99c3445f2b874f49	PASS	/root/original_registry_a_review	english_source_context_family_review
block:block.botania.potted_rafflowsia	sha256:ee8e8c296386b3b54d99830c4dccb17acfd1f6b6c4e394df35b3795123fa3077	PASS	/root/original_registry_a_review	english_source_context_family_review
block:block.botania.potted_rannuncarpus	sha256:bfc3eaa5c3132b30858d69de143699ed2354f59a5da5c20b440a44ac77b315a4	PASS	/root/original_registry_a_review	english_source_context_family_review
block:block.botania.potted_rannuncarpus_chibi	sha256:8a8d165bef65a0b579191508608f29b71ebfc6e98f60b5d50dbb8bdda18b46c3	PASS	/root/original_registry_a_review	english_source_context_family_review
block:block.botania.potted_rosa_arcana	sha256:5205e68567164679016ccf7a17e0546d4df17144632577fe12648067f35cea3d	PASS	/root/original_registry_a_review	english_source_context_family_review
block:block.botania.potted_solegnolia_chibi	sha256:3380ed3f593baf156eafb5c20c9da3805915d74f23e7cb14004323ddaadf4e53	PASS	/root/original_registry_a_review	english_source_context_family_review
block:block.botania.potted_spectranthemum	sha256:b80dabce59c857ba53b203e80a7249c5e3e07c4d596ae8807a5b718272e7ea8c	PASS	/root/original_registry_a_review	english_source_context_family_review
block:block.botania.potted_tangleberrie_chibi	sha256:838903f2c342da867b17683f5793d708d3b64eb1508d533236a6b94b714e0399	PASS	/root/original_registry_a_review	english_source_context_family_review
block:block.botania.potted_vinculotus	sha256:f870177f981cb1304aa2e46f3fbbfc0b49fd0c2d0d7fef1bcbe84b37d1361cfc	PASS	/root/original_registry_a_review	english_source_context_family_review
block:block.botania.prism	sha256:4f48a727bdda594622d41f64d28bdd03462806dee2f08c85ba0f650d2a23e7c9	PASS	/root/original_registry_a_review	english_source_context_family_review
block:block.botania.purple_petal_block	sha256:7961d60a56cdfd5494575071fd34ea14441c0888563fd561052eac07f721fe59	PASS	/root/original_registry_a_review	english_source_context_family_review
block:block.botania.rafflowsia	sha256:af63dd24abed3c2ce4c177decac8d1a3c47b026287ae8bd343322140912ced9b	PASS	/root/original_registry_a_review	english_source_context_family_review
block:block.botania.rannuncarpus	sha256:2edf08ee210a3624f4ebabba643fb740d7c0a38814e3b4ab01e3e5b90b0847a0	PASS	/root/original_registry_a_review	english_source_context_family_review
block:block.botania.rannuncarpus_chibi	sha256:969612966519a7c90e9ad694115db0b18d1e1e66b960dc9f4c6de64b9b7dd0e7	PASS	/root/original_registry_a_review	english_source_context_family_review
block:block.botania.red_petal_block	sha256:17d6f16c8e1b9cd71f1c83b55908169fbf332ac43b4a3a9e312611d95fba10aa	PASS	/root/original_registry_a_review	english_source_context_family_review
block:block.botania.red_quartz	sha256:c1a9ce32cdee5815652aa16e2539136159b29f685e4ddbfe2e0efe7e309371a1	PASS	/root/original_registry_a_review	english_source_context_family_review
block:block.botania.red_quartz_pillar	sha256:2e5a1335b9d570de227cd49ba8ffdd35bf22c2b63fd4e60471e1aabadef05e15	PASS	/root/original_registry_a_review	english_source_context_family_review
block:block.botania.red_quartz_slab	sha256:8e730944893deee74d1d4c4e6b59a4295bc569dbef0c14e0297179c68fef0eb2	PASS	/root/original_registry_a_review	english_source_context_family_review
block:block.botania.red_quartz_stairs	sha256:8102b88365b2dd33650683744ef9957a5cf7ea2773444881c6c907e42f8ada89	PASS	/root/original_registry_a_review	english_source_context_family_review
block:block.botania.red_string_comparator	sha256:06ec8f5796d0710feac5f36af773bcafe846475bd1f9b34e817e559cd9c20496	PASS	/root/original_registry_a_review	english_source_context_family_review
block:block.botania.red_string_container	sha256:d253e8e474d8a29e2f9a3130fb2db1b944a9991873bcdbaab1c032809bd1077f	PASS	/root/original_registry_a_review	english_source_context_family_review
block:block.botania.red_string_dispenser	sha256:6a62f94a2bfd6abed6299b4aae3b9794d10686944c27a01e7cbcf1db10e8bf24	PASS	/root/original_registry_a_review	english_source_context_family_review
block:block.botania.red_string_fertilizer	sha256:ed821967ccdcc2209c23d98617e2b4d803d801a9569ab45d0b732b22e62252f3	PASS	/root/original_registry_a_review	english_source_context_family_review
block:block.botania.red_string_interceptor	sha256:c065bd49ee470abc838914d88bf17a7de72f7025d9609b7aa0264b3942ad6200	PASS	/root/original_registry_a_review	english_source_context_family_review
block:block.botania.red_string_relay	sha256:df9d143b14ea3166ac64ba8464f33468e95b34da5b1de417410eb8757b64e97d	PASS	/root/original_registry_a_review	english_source_context_family_review
block:block.botania.redstone_spreader	sha256:77361f7aedb9b3215a0cf05c421e3254baed75cafca4698b3e713248c5e4b3ba	PASS	/root/original_registry_a_review	english_source_context_family_review
block:block.botania.rosa_arcana	sha256:bec92e399160b6b31dccf7d996b36e66899a9115b9f73598e68eee4bcb57cd49	PASS	/root/original_registry_a_review	english_source_context_family_review
block:block.botania.solegnolia_chibi	sha256:8c92c7c307707445520f28a1c1fc5fa465b11a7445dfebb9bd56b4af26e5eb57	PASS	/root/original_registry_a_review	english_source_context_family_review
block:block.botania.spark_changer	sha256:690f847165d2c1c83afb3842bf6598e59291818533e729ccece26532d8855c45	PASS	/root/original_registry_a_review	english_source_context_family_review
block:block.botania.spawner_claw	sha256:2e5fa51ab9c0764bccb818357eec62a910de3e52d14c067b0cd085b3231a1b03	PASS	/root/original_registry_a_review	english_source_context_family_review
block:block.botania.spectranthemum	sha256:debb521f2653d70f4d83da65e25e6edda8314ef6e78c15316a31e5cd6a7dc1a2	PASS	/root/original_registry_a_review	english_source_context_family_review
block:block.botania.stripped_dreamwood_log	sha256:0c6b3255b410b1c89ca8e802c0e7ab9a1eda52fe519aa1c06abf34d8124f786e	PASS	/root/original_registry_a_review	english_source_context_family_review
block:block.botania.tangleberrie_chibi	sha256:8e9c3cce382141823e1f8dc012c388b1dd719c6af354aa7897ded516765704b3	PASS	/root/original_registry_a_review	english_source_context_family_review
block:block.botania.terra_plate	sha256:fbe8b6ef84cc295a5d81eabe711f85b67d24edac8bb5fb6805505ec3402b8bfe	PASS	/root/original_registry_a_review	english_source_context_family_review
block:block.botania.terrasteel_block	sha256:efb8e8d4cce74ce48998615547a88f895a9a9120f25ec9f13124b7e2ddbda96e	PASS	/root/original_registry_a_review	english_source_context_family_review
block:block.botania.tiny_planet_block	sha256:d0be0acef7590e043e3b988b7dd2d49070c24d4d194f4d03547a3fc38e7e6879	PASS	/root/original_registry_a_review	english_source_context_family_review
block:block.botania.tiny_potato	sha256:d654a47425de6a24467489914dc2248510c1334685d9ab54272bc73597df9256	PASS	/root/original_registry_a_review	english_source_context_family_review
block:block.botania.toggle_light_relay	sha256:f082908c78c7b5cb8e60973a97b95cfc2d759670a24cf483306d5547180ff177	PASS	/root/original_registry_a_review	english_source_context_family_review
block:block.botania.turntable	sha256:d459fdd22397df9b3d26ea9b237f52d5e65b5bdb156360f274db4d9f9b0933d5	PASS	/root/original_registry_a_review	english_source_context_family_review
block:block.botania.vinculotus	sha256:b066e58a055989edb684658f57fa46913c740841944d36f9b0015c98ed2b6296	PASS	/root/original_registry_a_review	english_source_context_family_review
block:block.botania.white_petal_block	sha256:00ad5676763afec47787da694b67f998d42e48d3fc5f04761b270ef05c7b7755	PASS	/root/original_registry_a_review	english_source_context_family_review
block:block.botania.yellow_petal_block	sha256:196f4e98b8d929803efc0502d8e36b7df0c55045bbaa4fc02ec4ddf5b5e50df0	PASS	/root/original_registry_a_review	english_source_context_family_review
block:block.brewinandchewin.apple_jelly	sha256:8f1459a2fdb62a77c79ce14b6cd58d6f36ef41aa4b6840af556c4d768b023857	PASS	/root/original_registry_a_review	english_source_context_family_review
block:block.brewinandchewin.beer	sha256:2758060bedd99ddd1b5e56151f3e82ebfdbe65bb1c9ba07e8931abffb560cd40	PASS	/root/original_registry_a_review	english_source_context_family_review
block:block.brewinandchewin.bloody_mary	sha256:c22ce5a26e13559df843acdf7ae5c3fae6e389fbc06dcb83eccdb5b2cc238d5e	PASS	/root/original_registry_a_review	english_source_context_family_review
block:block.brewinandchewin.dread_nog	sha256:ce3974ae9c208742dac9dff712b199203050bb7ee48770401e24c1d9e31103fe	PASS	/root/original_registry_a_review	english_source_context_family_review
block:block.brewinandchewin.egg_grog	sha256:4c72fc70772652c7b1b81839f41be6eb46d55561c7b682004336e0baf2245ee3	PASS	/root/original_registry_a_review	english_source_context_family_review
block:block.brewinandchewin.glittering_grenadine_model	sha256:9924531b3432e5dce83fbcee1c8e4e5451c69d457219ac77c77ca2a8b1f68171	PASS	/root/original_registry_a_review	english_source_context_family_review
block:block.brewinandchewin.glow_berry_marmalade	sha256:01eb9e96544395f1007dede307378f355abbe3c590495ec331d7afb6c3990397	PASS	/root/original_registry_a_review	english_source_context_family_review
block:block.brewinandchewin.kombucha	sha256:62abbf611a3a050e8826af35f08c55606b01b8a40752d3523a3f322e753e9549	PASS	/root/original_registry_a_review	english_source_context_family_review
block:block.brewinandchewin.mead	sha256:abf4e9bf698901609e2d5ef1a18ccf25ad1092f28098ee267b42907a595551c8	PASS	/root/original_registry_a_review	english_source_context_family_review
block:block.brewinandchewin.pale_jane	sha256:d29315ee11b753744e9b022e05446014869b780e2aea18828aa8ec112fc8bd2a	PASS	/root/original_registry_a_review	english_source_context_family_review
block:block.brewinandchewin.red_rum	sha256:0d7f09be33d4e81647ec35640a1d6165ab855ec0f219f788f9d8949ca760a56f	PASS	/root/original_registry_a_review	english_source_context_family_review
block:block.brewinandchewin.rice_wine	sha256:ab9dc497abc8cf11c9f19d99c168cfe251bec3059a604c9dcddad7f080991fe0	PASS	/root/original_registry_a_review	english_source_context_family_review
block:block.brewinandchewin.saccharine_rum	sha256:d7ff6a4802cdbfec90e0c09982b4faa31acbee42c0dfb9883764fa750d1b5a47	PASS	/root/original_registry_a_review	english_source_context_family_review
block:block.brewinandchewin.salty_folly	sha256:c08ebd999a221586818c86992a2415c67e3298aaf9d9cb53b88d82970764e026	PASS	/root/original_registry_a_review	english_source_context_family_review
block:block.brewinandchewin.steel_toe_stout	sha256:d40023bb5a0016b13cba7e6d7129ac63de4e4ccd7505ecea55f9ba32f57e313e	PASS	/root/original_registry_a_review	english_source_context_family_review
block:block.brewinandchewin.strongroot_ale	sha256:8dcf98ada4747232ec3d8869c49a27124cbc2550752893188a0bddd453a8dca6	PASS	/root/original_registry_a_review	english_source_context_family_review
block:block.brewinandchewin.sweet_berry_jam	sha256:f98013628040aafed3742b1f20af6dc3f64e756689155c497adc1c3697264674	PASS	/root/original_registry_a_review	english_source_context_family_review
block:block.brewinandchewin.tankard	sha256:7b86f4791baa9f180bf2577766e93fb4cb5adbccf25a3cb6e1e1256ed64a1b39	PASS	/root/original_registry_a_review	english_source_context_family_review
block:block.brewinandchewin.vodka	sha256:68eff3cd82e3fa2f147ce998b31ba45231092d30db65fffc4aa22bf2e7c83bf5	PASS	/root/original_registry_a_review	english_source_context_family_review
block:block.brewinandchewin.withering_dross	sha256:e270264d455beeb093782a40cc7108dad9f2b1ec85bb6fb0ad14c92d56634e36	PASS	/root/original_registry_a_review	english_source_context_family_review
block:block.create.andesite_alloy_block	sha256:e56469197e2081be098e5fb10e82137206585b2cedff7ce195e68872884a8fd1	PASS	/root/original_registry_a_review	english_source_context_family_review
block:block.create.controller_rail	sha256:d4f69dde5f9891a231334d7d09f831cfeeb8ad0c6e8ed642ca38e928dea34d6a	PASS	/root/original_registry_a_review	english_source_context_family_review
block:block.create.gearbox	sha256:8f0b2ad8f23697a5668653ce99009597fa282943c65858942f9670cf9e6be396	PASS	/root/original_registry_a_review	english_source_context_family_review
block:block.create.hose_pulley	sha256:45e2a113d1db833cef15a7cbbcf4f61c44a696a5e78a13514067a4658523445f	PASS	/root/original_registry_a_review	english_source_context_family_review
block:block.create.industrial_iron_window_pane	sha256:22bbf8a379bcfe305d4b9b36456f874c9f0a686b32f2a791e8cef199f96ef1a7	PASS	/root/original_registry_a_review	english_source_context_family_review
block:block.create.item_hatch	sha256:8dc599aa945d58daa0c0c29448d41b888db15d3b2a264f4cccd2000879103eb9	PASS	/root/original_registry_a_review	english_source_context_family_review
block:block.create.large_bogey	sha256:d8b2be1aa0ec86c63b14d73484eaefd02584d9c6a6dc8f51074fa8d743d7926e	PASS	/root/original_registry_a_review	english_source_context_family_review
block:block.create.lectern_controller	sha256:cf1832c1970f5c69ea3dbf5081e6750353d7e6e7278dbf0d60cf339abd721bff	PASS	/root/original_registry_a_review	english_source_context_family_review
block:block.create.rope	sha256:b6337bdcf05e243e2e92750e7b156ae2d4a135f2cdcda2a8f1f5a37055af13a2	PASS	/root/original_registry_a_review	english_source_context_family_review
block:block.create.rope_pulley	sha256:72a49099ba578ebd6844a6f6b0a8c7ef6c60b9d06d1234b5fd23fd6846c767d2	PASS	/root/original_registry_a_review	english_source_context_family_review
block:block.create.small_bogey	sha256:d7c9383cfd67fc221d1ead65fca6bfc0f3f2851625329a0a096e28431ea9d7f8	PASS	/root/original_registry_a_review	english_source_context_family_review
block:block.create.stock_ticker	sha256:0477ac1a6ce4cd03db19499ac846f7e027fc6e710d82327fe282877c65996ba6	PASS	/root/original_registry_a_review	english_source_context_family_review
block:block.create.weathered_iron_window	sha256:dd6c8a61ada09e61b57dc10ea510501191f9faaa84d3f5dec9b778ed5030d906	PASS	/root/original_registry_a_review	english_source_context_family_review
block:block.create_central_kitchen.cherry_pie	sha256:b7eee800ad73d6745cc9ba83a81e4b3012e2101d1f9d81366917f15d1ded870e	PASS	/root/original_registry_a_review	english_source_context_family_review
block:block.create_central_kitchen.sap	sha256:aba3be22737a5900a929d4bb8fef01bc06cb2e613a92ec743868b0e4b949e577	PASS	/root/original_registry_a_review	english_source_context_family_review
block:block.create_central_kitchen.syrup	sha256:85b61c0714fadc30ee32dce40f33654da2dd3b3a61b382f451860a7c36619274	PASS	/root/original_registry_a_review	english_source_context_family_review
block:block.create_central_kitchen.truffle_pie	sha256:93bee3fb7aabd99c4ced50d231650ee47bf91a332b731cf618d4ad31f776099b	PASS	/root/original_registry_a_review	english_source_context_family_review
block:block.createaddition.accumulator	sha256:001016aed6713e6e67f9977bbbba020ea03d8e0c637b263abd028be7d303ed7c	PASS	/root/original_registry_a_review	english_source_context_family_review
block:block.createaddition.connector_old	sha256:9d7ccb489d1eed590bcbefac3d586ab8686585819aa9ee9035dee6a14ad494c5	PASS	/root/original_registry_a_review	english_source_context_family_review
block:block.createaddition.copper_wire_casing	sha256:82ac1ad73889f648fba186c1383dd6009b20e14e1da1c090e5302f603f5df34d	PASS	/root/original_registry_a_review	english_source_context_family_review
block:block.decorative_blocks.oak_seat_post	sha256:a74985f5f8bd75eb8d700b06a6dc4a12cf89055a70697c1b8809c13a4f2a9b6f	PASS	/root/original_registry_a_review	english_source_context_family_review
block:block.dustrial_decor.bolted_industrial_iron_vertical_slab	sha256:f4cf12f0512abcae5f5c23e3fff2894f877bf72e9af4be6e342de47f9272d3dd	PASS	/root/original_registry_a_review	english_source_context_family_review
block:block.dustrial_decor.cast_iron_brick_vertical_slab	sha256:a9aa1bdd94a87c7886bce62d1048c97c14b7511a06317850405605ec6b1721a3	PASS	/root/original_registry_a_review	english_source_context_family_review
block:block.dustrial_decor.cinder_brick_vertical_slab	sha256:489063f197f7fb8473c93ea9f9777418ca0e4d567b5a13ee2ebc4c0b65895482	PASS	/root/original_registry_a_review	english_source_context_family_review
block:block.dustrial_decor.large_cursed_lantern	sha256:8929c078e7c72266415cb79ef84493fb6717eb344aa779600ee04ea296360c16	PASS	/root/original_registry_a_review	english_source_context_family_review
block:block.dustrial_decor.large_ender_lantern	sha256:f3bfddb41c463f7a91fe1d48159984a95f011feffb66054a626fb9828ebc8b21	PASS	/root/original_registry_a_review	english_source_context_family_review
block:block.dustrial_decor.large_glow_lantern	sha256:abfa1b2380a6b7db66a3d95e5632d5433efe5ee7a5ef7a5b15c60b2cac8cf9b1	PASS	/root/original_registry_a_review	english_source_context_family_review
block:block.dustrial_decor.large_ice_chain	sha256:d8694b97e3db56e74a2ed32f52d9c6f92d50f66cb38c0e92ed0556b8bead8e14	PASS	/root/original_registry_a_review	english_source_context_family_review
block:block.dustrial_decor.mini_padded_vertical_slab	sha256:87275be2a2cc4d9f1b41d3d8ac65dbe9dc765d6eed8e7be6cdf77cb30f03ece9	PASS	/root/original_registry_a_review	english_source_context_family_review
block:block.dustrial_decor.rusty_sheet_metal_plating_vertical_slab	sha256:aed5df9bc0a0341f665f105ad338b21b5ab750478d6d98463ac13c5a0fb91c15	PASS	/root/original_registry_a_review	english_source_context_family_review
block:block.dustrial_decor.rusty_sheet_metal_treading_vertical_slab	sha256:473b891d0b47dfcd63e9dab3d8c8616198c212610f3f60967f6aa6486fa1461a	PASS	/root/original_registry_a_review	english_source_context_family_review
block:block.dustrial_decor.sheet_metal_plating_vertical_slab	sha256:ac23a1bdb5f525d943875e7d696a55adbcbe1becf8e0d06d46571d6e714a4356	PASS	/root/original_registry_a_review	english_source_context_family_review
block:block.dustrial_decor.sheet_metal_treading_vertical_slab	sha256:caefd6cc89d852036e23b43d1ee80ddf7dbfc0c1f8d8bff53bcb145c0b0e0447	PASS	/root/original_registry_a_review	english_source_context_family_review
block:block.dustrial_decor.smooth_cardboard_vertical_slab	sha256:f2534f6885a5bb6480f6f07412d580d01047b81b27d8286d6a5ce7404f55f104	PASS	/root/original_registry_a_review	english_source_context_family_review
block:block.dustrial_decor.wrapped_ice_chains	sha256:0d079cad535944f403764f75a184cdfcfec044e479b4263ffed5165ae5b92e81	PASS	/root/original_registry_a_review	english_source_context_family_review
block:block.dynamictrees.rooty_supplementaries_planter	sha256:c45dc505a5ff88ec4efaf136414da688befa333d2b33ffc46b44461630c767b5	PASS	/root/original_registry_a_review	english_source_context_family_review
block:block.dynamictrees.rooty_supplementaries_planter_rich	sha256:a2d75f6456812ae414172bdac333c78f6ab6b1ca57ebd08493af920e2759fd03	PASS	/root/original_registry_a_review	english_source_context_family_review
block:block.eidolon.cistern	sha256:722d10e143a06a5c4c05cceff2f4f95e489c26d42cc1496a7355cacfee7e74b0	PASS	/root/original_registry_a_review	english_source_context_family_review
block:block.eidolon.glass_tube	sha256:f3763c66b3ff45c03b04f23203fb8d379568ea5dec05c1b310360971b305b1b8	PASS	/root/original_registry_a_review	english_source_context_family_review
block:block.eidolon.incubator	sha256:b7a34fb39f8a5daf7661d2021e8c8f833c4c00013e76e2b5ff77abbeaac7e481	PASS	/root/original_registry_a_review	english_source_context_family_review
block:block.eidolon.scriptorium	sha256:21cbc002605a45f0f89409ba1d73d8e4717b651e9cc7f59438faab27d0a5dda2	PASS	/root/original_registry_a_review	english_source_context_family_review
block:block.enderio.drain	sha256:795b048ba2164e50aed17f86797f1f03add5a66df9c18b37013058c8c0115749	PASS	/root/original_registry_a_review	english_source_context_family_review
block:block.enderio.light_inverted	sha256:d10f9e9bb92cee24f8b4f1e45fd6cf16ea5712998ed2c323a98e5a748fcca785	PASS	/root/original_registry_a_review	english_source_context_family_review
block:block.enderio.painted_travel_anchor	sha256:03698f90ffa10972f8faedda268d2a6df1387806f2f09dd42dcb5ce34ad65ffe	PASS	/root/original_registry_a_review	english_source_context_family_review
block:block.enderio.painted_wall	sha256:9420eee5d1205889fef62d9b9f846ebdd3e11a8d41a0eee2a9ac9d1ac564526b	PASS	/root/original_registry_a_review	english_source_context_family_review
block:block.enderio.powered_light_inverted	sha256:c1a3c5a286584d2ce6906b4964dcff2323d5b9ec51c122cea77154ab1f04245d	PASS	/root/original_registry_a_review	english_source_context_family_review
block:block.enderio.powered_light_inverted_wireless	sha256:5c7292aa4cc02bc0fd1541b9bc5602a374f044a23b3f3eb18c9f85672f919212	PASS	/root/original_registry_a_review	english_source_context_family_review
block:block.enderio.powered_light_wireless	sha256:35d2289d90e81cbc809c3e449856bccb73ad4ab6f46c56e651f21dc79ea2ea33	PASS	/root/original_registry_a_review	english_source_context_family_review
block:block.exposure.photograph_frame_large	sha256:a6b9ee69104ffce5b31ffd3d0742f439cdc687dbc97f2103d06514710c856ba5	PASS	/root/original_registry_a_review	english_source_context_family_review
block:block.exposure.photograph_frame_large_stripped	sha256:d90a5980aa7469a7757bfa55fd73ee91d815d2dc18f520660e94a3ca0ad085aa	PASS	/root/original_registry_a_review	english_source_context_family_review
block:block.exposure.photograph_frame_medium	sha256:b1faef63c8e38482aa26a25f1363fb6cfe93682cdf6fd905c920d4433f6f4983	PASS	/root/original_registry_a_review	english_source_context_family_review
block:block.exposure.photograph_frame_medium_stripped	sha256:5316ac18bc80cf81ea349b3c1cb95fd8ddc3d68ca4c65363cf676035a09d1042	PASS	/root/original_registry_a_review	english_source_context_family_review
block:block.exposure.photograph_frame_small	sha256:74b0b9cfecd293ef4db6cdaa19e9333041d0325a938be9ca527da6aa8d2e7349	PASS	/root/original_registry_a_review	english_source_context_family_review
block:block.exposure.photograph_frame_small_stripped	sha256:633e051d40def9ccfa4cdaf15db2020380933bf760e98b015bdc058c1129b057	PASS	/root/original_registry_a_review	english_source_context_family_review
block:block.farmersdelight.rice_panicles	sha256:cdad7eecd08a656571fef74ec2674412fe354081bddc16b1c4d03cd6c993497f	PASS	/root/original_registry_a_review	english_source_context_family_review
block:block.farmersdelight.roast_chicken_block	sha256:55ddecb40d81faf315d4097ec5017b03ad1c2a3cab82bddd211f90b45cd362c1	PASS	/root/original_registry_a_review	english_source_context_family_review
block:block.ftbquests.banner	sha256:b7f4d98f98d51f8e0dca27ea5b64679b328281af1d0b0985816c208d1c9a1d46	PASS	/root/original_registry_a_review	english_source_context_family_review
block:block.geckolib.fertilizer	sha256:43de6e38b916955cf044c077b89111b6bd880a34431f20d0d510b0f7b9293ff1	PASS	/root/original_registry_a_review	english_source_context_family_review
block:block.geckolib.gecko_habitat	sha256:adb003e67c32f7d8e440a395440948e4d99b0c429c18e4f54c0c9d4468edcc02	PASS	/root/original_registry_a_review	english_source_context_family_review
block:block.immersiveengineering.sawdust	sha256:9ef3c525309a30d732c44c53b88edc46ad341712e945445c9c7150e6158ab4e8	CHANGE	/root/original_registry_a_review	english_source_context_family_review
block:block.kubejs.carpet_soft	sha256:311f453ee128ef393940af7fb510c5d1a2d31c1ee1cf0118d62fc9353283259e	PASS	/root/original_registry_a_review	english_source_context_family_review
block:block.kubejs.ceilling	sha256:685394345b4000bbbdc30d2bacf891fe9461c2d4cde9843375c745ba336d19f2	PASS	/root/original_registry_a_review	english_source_context_family_review
block:block.kubejs.ceilling2	sha256:685394345b4000bbbdc30d2bacf891fe9461c2d4cde9843375c745ba336d19f2	PASS	/root/original_registry_a_review	english_source_context_family_review
block:block.kubejs.ceilling_edge	sha256:685394345b4000bbbdc30d2bacf891fe9461c2d4cde9843375c745ba336d19f2	PASS	/root/original_registry_a_review	english_source_context_family_review
block:block.kubejs.ceilling_frame	sha256:740f40d56a305c4d5747209d40dd1cdc3a360dc80db04c7abbed76b6490b33af	PASS	/root/original_registry_a_review	english_source_context_family_review
block:block.kubejs.ceilling_lamp	sha256:d8afd715c4e7dc36d64557907c48361cc671ff169295ea5fdaddcd3e900fb8e2	PASS	/root/original_registry_a_review	english_source_context_family_review
block:block.kubejs.ceilling_lamp2	sha256:d8afd715c4e7dc36d64557907c48361cc671ff169295ea5fdaddcd3e900fb8e2	PASS	/root/original_registry_a_review	english_source_context_family_review
block:block.kubejs.ceilling_lamp_off	sha256:d8afd715c4e7dc36d64557907c48361cc671ff169295ea5fdaddcd3e900fb8e2	PASS	/root/original_registry_a_review	english_source_context_family_review
block:block.kubejs.ceilling_slab	sha256:a8900a0bd99e8c0ffde6828a87ba2549a24ea84edd6c4043d84e7b3fcc944e5d	PASS	/root/original_registry_a_review	english_source_context_family_review
block:block.kubejs.ceilling_stairs	sha256:5464e24aaa921ddb6772a820ffff93d12246dca7e485a45a3f0ea61f920a4824	PASS	/root/original_registry_a_review	english_source_context_family_review
block:block.kubejs.drain	sha256:795b048ba2164e50aed17f86797f1f03add5a66df9c18b37013058c8c0115749	PASS	/root/original_registry_a_review	english_source_context_family_review
block:block.kubejs.long_pool_tiles	sha256:4b4b5f102d82a6e736dd91b56e6782aa8b9a99708119c71559ca15e887a7886d	PASS	/root/original_registry_a_review	english_source_context_family_review
block:block.kubejs.long_pool_tiles_slab	sha256:f6f7c026fc682b85743844ef2d9ffb5cd82918f46a69d211a78aebb34771e1f7	PASS	/root/original_registry_a_review	english_source_context_family_review
block:block.kubejs.long_pool_tiles_soft	sha256:4b4b5f102d82a6e736dd91b56e6782aa8b9a99708119c71559ca15e887a7886d	PASS	/root/original_registry_a_review	english_source_context_family_review
block:block.kubejs.long_pool_tiles_stairs	sha256:ebf0a57b5621c09f83f3cb506a2e7eff61bb88d1223df928771c403c5b1957b6	PASS	/root/original_registry_a_review	english_source_context_family_review
block:block.kubejs.missing_tiles_empty	sha256:69546791b25698259ac444c7668d755f2b13a260771f8571e5ffdd149107befa	PASS	/root/original_registry_a_review	english_source_context_family_review
block:block.kubejs.oil_carpet	sha256:02cb6e3231842a41f04fa54ff3a53de6610626ec0341cff5bddf5e989c6ce18c	PASS	/root/original_registry_a_review	english_source_context_family_review
block:block.kubejs.pool_locker_single	sha256:d1aeb1b117acd0e4280a2ed5eeaf7327e4fe057fe65ed6189c128c8e17ff0cd1	PASS	/root/original_registry_a_review	english_source_context_family_review
block:block.kubejs.pool_tiles_golden	sha256:1b68f64fc19268c5341773d6ea7efa5ceb66d55890e60ccb3bdbe44b63545270	PASS	/root/original_registry_a_review	english_source_context_family_review
block:block.kubejs.pool_tiles_sky	sha256:4b4b5f102d82a6e736dd91b56e6782aa8b9a99708119c71559ca15e887a7886d	PASS	/root/original_registry_a_review	english_source_context_family_review
block:block.kubejs.pool_tiles_soft	sha256:4b4b5f102d82a6e736dd91b56e6782aa8b9a99708119c71559ca15e887a7886d	PASS	/root/original_registry_a_review	english_source_context_family_review
block:block.kubejs.pool_tiles_wet	sha256:201af5d930c289acd6b7f7349df1c9623576a8cec86445054a18c13c72cda00a	PASS	/root/original_registry_a_review	english_source_context_family_review
block:block.kubejs.power_house	sha256:fed678cdbf1f7b96b833fdce753e427803166a8479f88f40f510d6d2c7329ffe	PASS	/root/original_registry_a_review	english_source_context_family_review
block:block.kubejs.reality_controller_running	sha256:6316a3d818024627fbaab5a9e36672e94e59693364bf0b7e48662a0613bd876d	PASS	/root/original_registry_a_review	english_source_context_family_review
block:block.kubejs.sculk2	sha256:1afc59b0478f2d3a683bcd598702125d84fa6c562bc95816636b51cc1cd84055	PASS	/root/original_registry_a_review	english_source_context_family_review
block:block.kubejs.wallpaper1	sha256:a7f173cdaae49a03443ed62db8c0e34857d8c6b11281e6da7af7377309772153	PASS	/root/original_registry_a_review	english_source_context_family_review
block:block.kubejs.wallpaper1_slab	sha256:7f0a5efd87e4efc5f7ed94e4fdd9c55f9cc34af327d2fcb605eee04e79d4ac0a	PASS	/root/original_registry_a_review	english_source_context_family_review
block:block.kubejs.wallpaper2	sha256:a7f173cdaae49a03443ed62db8c0e34857d8c6b11281e6da7af7377309772153	PASS	/root/original_registry_a_review	english_source_context_family_review
block:block.kubejs.wallpaper3	sha256:a7f173cdaae49a03443ed62db8c0e34857d8c6b11281e6da7af7377309772153	PASS	/root/original_registry_a_review	english_source_context_family_review
block:block.kubejs.wallpaper4	sha256:a7f173cdaae49a03443ed62db8c0e34857d8c6b11281e6da7af7377309772153	PASS	/root/original_registry_a_review	english_source_context_family_review
block:block.kubejs.wallpaper5	sha256:a7f173cdaae49a03443ed62db8c0e34857d8c6b11281e6da7af7377309772153	PASS	/root/original_registry_a_review	english_source_context_family_review
block:block.kubejs.wallpaper5_slab	sha256:8951ae39dfadf199cd462a21c252020d676287dae56549d4dca429e881e91c6b	PASS	/root/original_registry_a_review	english_source_context_family_review
block:block.kubejs.wallpaper6	sha256:a7f173cdaae49a03443ed62db8c0e34857d8c6b11281e6da7af7377309772153	PASS	/root/original_registry_a_review	english_source_context_family_review
block:block.kubejs.wallpaper7	sha256:a7f173cdaae49a03443ed62db8c0e34857d8c6b11281e6da7af7377309772153	PASS	/root/original_registry_a_review	english_source_context_family_review
block:block.kubejs.wallpaper_fake	sha256:8c70ec7623dd02a655495e8a8937f4e4d77d9f5c3404bff878186b403d59867f	PASS	/root/original_registry_a_review	english_source_context_family_review
block:block.kubejs.wallpaper_soft	sha256:a7f173cdaae49a03443ed62db8c0e34857d8c6b11281e6da7af7377309772153	PASS	/root/original_registry_a_review	english_source_context_family_review
block:block.lipoolroomsadditions.bedfeet	sha256:0659da302a568698d3aeb38a05345a989e35974f2f86660ce106797ab439eb57	PASS	/root/original_registry_a_review	english_source_context_family_review
block:block.lipoolroomsadditions.bedhead	sha256:1ad006b736edae1119f6f05d41be1440ee5520160b9cac2ca21435e887dbbf62	PASS	/root/original_registry_a_review	english_source_context_family_review
block:block.mekanism.advanced_bounding_block	sha256:2893820e7add624a723c8d85638c9d16faf2067dc4ff11f6edfceb9f977aa17d	PASS	/root/original_registry_a_review	english_source_context_family_review
block:block.minecraft.glow_item_frame	sha256:445bfe2e29822d13fad9cf9fff78881faecf610a35295f6a3e930d52ffac986d	PASS	/root/original_registry_a_review	english_source_context_family_review
block:block.minecraft.item_frame	sha256:454714535b1927db9a6a7df93daa00d7d45f8f8fb0c8e235f4168e556fee750a	PASS	/root/original_registry_a_review	english_source_context_family_review
item:block.botania.abstruse_platform	sha256:2e2563c9814ecce0a172a728718b54bbc08874368235f196453ccae23c2635ef	PASS	/root/original_registry_a_review	english_source_context_family_review
item:block.botania.agricarnation_chibi	sha256:3296ff98b9999eb657726badeec4a66c4f3e2afa5b9c95fddf4e8babd5167701	PASS	/root/original_registry_a_review	english_source_context_family_review
item:block.botania.animated_torch	sha256:7ef694180978931d726ad557eaa816f15544a4ff36c715054fd7a2f765a992e6	PASS	/root/original_registry_a_review	english_source_context_family_review
item:block.botania.apothecary_deepslate	sha256:676ae045030bacac3093f75f44ef7026b81ea95796525a987f09cf0bdde61d80	PASS	/root/original_registry_a_review	english_source_context_family_review
item:block.botania.apothecary_default	sha256:c37e54b47bd139b3bd92ac5aedb95932cb9c45933c781d2191fbc24380916179	PASS	/root/original_registry_a_review	english_source_context_family_review
item:block.botania.apothecary_desert	sha256:57c04fe45d0d2e2564b9dbfbe689fb60e525c227e91ace3fa0f801e0ce917a66	PASS	/root/original_registry_a_review	english_source_context_family_review
item:block.botania.apothecary_forest	sha256:1e8e3e63e6d8ca394c8d3f59ac370e2f944065f02db944ddddfac69b459249b5	PASS	/root/original_registry_a_review	english_source_context_family_review
item:block.botania.apothecary_fungal	sha256:c531209cd284683a0ecf2692e2e467616da9404e6c218bab01271d7cf7cf5381	PASS	/root/original_registry_a_review	english_source_context_family_review
item:block.botania.apothecary_livingrock	sha256:da19be1e83881285675875b42b136ecd5bfae20c4f08b743939effa851308e28	CHANGE	/root/original_registry_a_review	english_source_context_family_review
item:block.botania.apothecary_mesa	sha256:9f09235588962485edda181ff4889a274caeec8adcdbf35cb210d526e958d21a	PASS	/root/original_registry_a_review	english_source_context_family_review
item:block.botania.apothecary_mossy	sha256:7d4ef4f7a17741037c4048035c6ac0c2ca38979cce54d13450ee4e94dae24aa3	PASS	/root/original_registry_a_review	english_source_context_family_review
item:block.botania.apothecary_mountain	sha256:15adce79df5ccbecd5eb078405082f273570a5008ed1ee42f1b24fc7e7d0d3bb	PASS	/root/original_registry_a_review	english_source_context_family_review
item:block.botania.apothecary_plains	sha256:9dcea18d7531f045d38a48a535ff7927d69ed9b31c8a19be01c097d85c49d853	PASS	/root/original_registry_a_review	english_source_context_family_review
item:block.botania.apothecary_swamp	sha256:0a39926f8df40c9185768cba0bd25ff85cd7f4579458562e03b2be024b72e904	PASS	/root/original_registry_a_review	english_source_context_family_review
item:block.botania.apothecary_taiga	sha256:83863de5111e9ef7e4e50ef08f80d08e59619349eda3fa6c8a31b932356e03e1	PASS	/root/original_registry_a_review	english_source_context_family_review
item:block.botania.avatar	sha256:0ebe2f0d920539e7640b058805b75d56056b343cf01e463627a12f63ce185f37	PASS	/root/original_registry_a_review	english_source_context_family_review
item:block.botania.bellethorn_chibi	sha256:b207ec0d64acaf257355cd0e082b2c17de5645d5f7581309e23370bd9986ebd6	PASS	/root/original_registry_a_review	english_source_context_family_review
item:block.botania.bellows	sha256:3444f35c6b7d5fd135cf8b780c5b68f675746d75472447b061b9864ccec4b982	PASS	/root/original_registry_a_review	english_source_context_family_review
item:block.botania.bifrost_pane	sha256:31a88004ab35dd0d4a70a038bc458fae982b2dba054ebdcf25c5949d2061dfbf	PASS	/root/original_registry_a_review	english_source_context_family_review
item:block.botania.black_petal_block	sha256:6d811eed2c86dcbb73a00905271d9401868ee689d515bde63b4e33b7f5f2af4c	PASS	/root/original_registry_a_review	english_source_context_family_review
item:block.botania.blaze_block	sha256:0ca19f3e52d652729edc81af93d3737ca285a04bf8884ec3f49e449db2b482f8	CHANGE	/root/original_registry_a_review	english_source_context_family_review
item:block.botania.blaze_quartz	sha256:0697bb3f1b4683d1a6608049c714e8a230a7c035e15e187021e13205eb8dc992	PASS	/root/original_registry_a_review	english_source_context_family_review
item:block.botania.blaze_quartz_pillar	sha256:e9ee1602abb851af464a41fde053786de147be5caeae86ca6e781b591e9f9f04	PASS	/root/original_registry_a_review	english_source_context_family_review
item:block.botania.blaze_quartz_slab	sha256:296d3ddb557e9ac6186b683bf10f15502762bca50e4e389ef3cd5a0babf99a21	PASS	/root/original_registry_a_review	english_source_context_family_review
item:block.botania.blaze_quartz_stairs	sha256:a7b0ef200e1fc0c36439ff2246b1cf73f958cad4175b8095cf891cbdcccf215b	PASS	/root/original_registry_a_review	english_source_context_family_review
item:block.botania.blue_petal_block	sha256:07bc459caa1e85abf1ca4e7bdee2c6aafd5266138d16940600117231933b4cf6	PASS	/root/original_registry_a_review	english_source_context_family_review
item:block.botania.brewery	sha256:34a778147d94ef06660f567fb5ba14a115157090ef83fdfd08439a00137ca257	PASS	/root/original_registry_a_review	english_source_context_family_review
item:block.botania.brown_petal_block	sha256:87dfea8b4fce6ba1d7a8dbc548ee02e701548760126d7b9880cc7ab3c8b0f465	PASS	/root/original_registry_a_review	english_source_context_family_review
item:block.botania.bubbell	sha256:7d1b47c24818a115d84ce5c094eb7a47b5eb6b254f807c3da4715f591cba1bb4	PASS	/root/original_registry_a_review	english_source_context_family_review
item:block.botania.bubbell_chibi	sha256:50d8493a463c86aa9534e8783df402ffc0877c8c5351ae637310e7b9ec47049a	PASS	/root/original_registry_a_review	english_source_context_family_review
item:block.botania.cacophonium_block	sha256:731ecea6802ebd0d2c845c81b297504b681165e949a7de7ea2f572ff670cd2b7	PASS	/root/original_registry_a_review	english_source_context_family_review
item:block.botania.chiseled_blaze_quartz	sha256:c933805ef052d28570194bcc9f886b18043013c06869f8037dc5a61eca1ba759	PASS	/root/original_registry_a_review	english_source_context_family_review
item:block.botania.chiseled_livingrock_bricks	sha256:2bd7a589aaa6fe5d8a9954ad016524d17939d0f2aa747df29cb4c21d14426bb3	CHANGE	/root/original_registry_a_review	english_source_context_family_review
item:block.botania.chiseled_mana_quartz	sha256:c853d851148e7650593f64958b338518d0e1f8096815b9f55995d37516c1e989	PASS	/root/original_registry_a_review	english_source_context_family_review
item:block.botania.chiseled_red_quartz	sha256:727a970437e44cd846e6baaaaa357d3729747503b52a8bdbc9512ffb1e811d77	PASS	/root/original_registry_a_review	english_source_context_family_review
item:block.botania.clayconia	sha256:1e641727e0963427955077a000b60e95f6b83796a7c0f8eee4e233b00cc7d2e7	PASS	/root/original_registry_a_review	english_source_context_family_review
item:block.botania.clayconia_chibi	sha256:fff8ca5795ebdf19a4485085c078b483f92a4126902b6ed3c017ebd6f3774fa3	PASS	/root/original_registry_a_review	english_source_context_family_review
item:block.botania.cocoon	sha256:91e0eaf5e7f09e1bdb1fb7772a65d6cabdc5a0722d0e10ad162153ba5f075446	CHANGE	/root/original_registry_a_review	english_source_context_family_review
item:block.botania.conjuration_catalyst	sha256:18fbcb4d4a3d60aa2aba671fafc67c92d819d1d3e74cd1011b5467addbfb284d	PASS	/root/original_registry_a_review	english_source_context_family_review
item:block.botania.corporea_block	sha256:01fd83ab55321513d3374f903068dc7e529a55b97a064585dd579996073dc076	PASS	/root/original_registry_a_review	english_source_context_family_review
item:block.botania.corporea_brick	sha256:2872b9ad4acef688e91c7d7c394c62791e7c4c946f0ab176997bf66957355264	PASS	/root/original_registry_a_review	english_source_context_family_review
item:block.botania.corporea_brick_slab	sha256:aa371ba3294e5c04d11bbe36125e0d06758ea7bdfcebdfb57fa17f305a8d5a23	PASS	/root/original_registry_a_review	english_source_context_family_review
item:block.botania.corporea_brick_stairs	sha256:63fea858d55f98c72db0a4a10ed10f8193aa2c1b81b10370a51cfa65e80d2952	PASS	/root/original_registry_a_review	english_source_context_family_review
item:block.botania.corporea_brick_wall	sha256:6fbe75878714fd93a65b306f06e89b5818e67be0a00eaa7e382ed36878ffcc63	PASS	/root/original_registry_a_review	english_source_context_family_review
item:block.botania.corporea_crystal_cube	sha256:31972cf294e5441b47a0e348a35ed5ea5f0bb1e14561f43fb63ec58bc911ec9c	PASS	/root/original_registry_a_review	english_source_context_family_review
item:block.botania.corporea_funnel	sha256:54390e5693d97e752145080bd665c8559bff78014bd3b680fb42eb47bf923380	PASS	/root/original_registry_a_review	english_source_context_family_review
item:block.botania.corporea_index	sha256:c79cde1a94e93dc7d025abbcbd77ae5c6ae72c1c61d919d8f3989cd4e9c3a67e	PASS	/root/original_registry_a_review	english_source_context_family_review
item:block.botania.corporea_interceptor	sha256:9e7c651e07c23f7717fa56e1c3b02d6d03246f1dadd65f63ef0ecdc96bc2adb0	PASS	/root/original_registry_a_review	english_source_context_family_review
item:block.botania.corporea_retainer	sha256:0bf5190c205fc4479cc9f5dd78abd8969ad7fdd5efc47a4cfc6bdcc5b115147f	PASS	/root/original_registry_a_review	english_source_context_family_review
item:block.botania.corporea_slab	sha256:717ea0462d4623ec307de7c9783ea4a165a450bf04881ec5ab81c88eef1d44e6	PASS	/root/original_registry_a_review	english_source_context_family_review
item:block.botania.corporea_stairs	sha256:8c2e9a313699e67d877ea2f4ffb9907ff215eb08f12ae09cf07f0607c50b1604	PASS	/root/original_registry_a_review	english_source_context_family_review
item:block.botania.cracked_livingrock_bricks	sha256:826a25c47f7e27d67713181b52d96b96029f76dd19f4d4b31095439b18c8c4b8	CHANGE	/root/original_registry_a_review	english_source_context_family_review
item:block.botania.creative_pool	sha256:ddb102bcba35ca6af629e5ade1372e9371b795babd8cc2dc0d45fa59614ad87e	PASS	/root/original_registry_a_review	english_source_context_family_review
item:block.botania.cyan_petal_block	sha256:7fab713284dea0bc46d00688575a7e3f84c8f7f7d3e668629d2d1644e2576222	PASS	/root/original_registry_a_review	english_source_context_family_review
item:block.botania.daffomill	sha256:be9ceb4b3c04303f6b90adab94d213ca751492784efc93bf7c307edad81457ae	PASS	/root/original_registry_a_review	english_source_context_family_review
item:block.botania.daybloom_motif	sha256:0eb6d361eb9da76f99c0bfe70b271f80075789f42d8728606b3309de232aaa7e	PASS	/root/original_registry_a_review	english_source_context_family_review
item:block.botania.detector_light_relay	sha256:578a545c7c2931db2dcad9009719903bd979fba0a1496ec61aeda046e1a3beec	PASS	/root/original_registry_a_review	english_source_context_family_review
item:block.botania.dragonstone_block	sha256:e6aab4e6bce6f0b4d424a6de2a08bd602540ea5fa305d7bc47ce0c61e8970cf3	PASS	/root/original_registry_a_review	english_source_context_family_review
item:block.botania.dreamwood	sha256:752e9e29a85c9522e1fd680e84bb1a096a7ef5c056414f8c11fdf3d73a37fde9	PASS	/root/original_registry_a_review	english_source_context_family_review
item:block.botania.dreamwood_fence	sha256:dc2b3f7bfa224f0cd6e7512db99821c0ea3813c1d1b5ef4ebb98e24704362356	PASS	/root/original_registry_a_review	english_source_context_family_review
item:block.botania.dreamwood_fence_gate	sha256:3dd3e96b94aeee6da27b8263a3e47f3a09744a740c21d59efc10788b3cac11ec	PASS	/root/original_registry_a_review	english_source_context_family_review
item:block.botania.dreamwood_log	sha256:f0c03fd87e151a898eb7eb41f0dda02c96d1416883148dbb102a6840e64b9d44	PASS	/root/original_registry_a_review	english_source_context_family_review
item:block.botania.dreamwood_planks	sha256:6eff5c56f184cbeabad4917dd34ca2f8709d85608c25341c2fc47124cd5589e7	PASS	/root/original_registry_a_review	english_source_context_family_review
item:block.botania.dreamwood_planks_slab	sha256:0b717949c26427d9898e3e02a950e9744ea07a2195996dbe6d93f47182f872ab	PASS	/root/original_registry_a_review	english_source_context_family_review
item:block.botania.dreamwood_planks_stairs	sha256:3288b27c49d5a82fae4c3234f3af130013dbc69484d4cd2ce42d50ba65b38bf9	PASS	/root/original_registry_a_review	english_source_context_family_review
item:block.botania.dreamwood_slab	sha256:c3c41a0920153b4dcb49e39ceb60dc16f83b1df747324554a0e0cc0d426954aa	PASS	/root/original_registry_a_review	english_source_context_family_review
item:block.botania.dreamwood_stairs	sha256:850f64f321aab787d94f7509c98f7908a72f19d71e75362fbda89591194c1c03	PASS	/root/original_registry_a_review	english_source_context_family_review
item:block.botania.dreamwood_wall	sha256:e7cd2376550f6fdbe1c8e7b5a16cbb1fdab6326f59ad22086113ab7f8c16f736	PASS	/root/original_registry_a_review	english_source_context_family_review
item:block.botania.drum_canopy	sha256:a017af25e8a65aa55f7cebb963027329cd83df410d4f3117224553b0e6a3237a	PASS	/root/original_registry_a_review	english_source_context_family_review
item:block.botania.drum_gathering	sha256:339c2b59b2f12f731244bad101d47b9272e542009915ebdcf1bd06a8a028748b	PASS	/root/original_registry_a_review	english_source_context_family_review
item:block.botania.drum_wild	sha256:2a748efc1b13566261b8619aa769e4c603e6297c6fa81b36c5a4302362d3a68b	PASS	/root/original_registry_a_review	english_source_context_family_review
item:block.botania.elementium_block	sha256:8448de58a3525b99093cf07fa6dda55615fa9345febcf51cd0baf462295545ce	PASS	/root/original_registry_a_review	english_source_context_family_review
item:block.botania.enchanter	sha256:953375ac1eec4ad2ef5c4eaab852c58f4ed6e6532f56ff368046c04d1c613c24	PASS	/root/original_registry_a_review	english_source_context_family_review
item:block.botania.ender_eye_block	sha256:a03478a46aaae2461f75b6713819b6a466e2ac3b981767c2274b8b53d1fb8862	PASS	/root/original_registry_a_review	english_source_context_family_review
item:block.botania.fallen_kanade	sha256:9ffb017866806173cd9a3c04162141fc292cedf37ccac694d7cff651d42d0492	PASS	/root/original_registry_a_review	english_source_context_family_review
item:block.botania.floating_agricarnation	sha256:e53e2ea8df20c15aa93be17af313633d6e60b31875fa04398a74a2057b218ebe	PASS	/root/original_registry_a_review	english_source_context_family_review
item:block.botania.floating_agricarnation_chibi	sha256:f28d1b99573c8349d9056e7fc6b72866554dc2b6ec739b888365b9ff763dc94e	PASS	/root/original_registry_a_review	english_source_context_family_review
item:block.botania.floating_bellethorn	sha256:385feccf6fbf92852765f9583bba53b7c7354a26ad9d20d78c2adf0383748cd8	PASS	/root/original_registry_a_review	english_source_context_family_review
item:block.botania.floating_bellethorn_chibi	sha256:0ef57acb36f2db05cd16bfcc8ffe96625b3caf52e5b003701341a3348541b9af	PASS	/root/original_registry_a_review	english_source_context_family_review
item:block.botania.floating_bergamute	sha256:b0c19ed5206cd57ab933a7fca8b2041cb43189de7d7047e9461a97c944a43359	PASS	/root/original_registry_a_review	english_source_context_family_review
item:block.botania.floating_bubbell	sha256:95e2e9caac7a4a7044c1944e5a732b4bb715f618c5f8f5535b1e3bea07d3a5b3	PASS	/root/original_registry_a_review	english_source_context_family_review
item:block.botania.floating_bubbell_chibi	sha256:9d1a9bce288515df7f9f0412b8692bdfc8059fd4e9eaeb283a41f1a4821cdf4c	PASS	/root/original_registry_a_review	english_source_context_family_review
item:block.botania.floating_clayconia	sha256:03f4c155369e416870c9d17dd56eab8ea93fee3fe59bbeb4ec32eded94cc819c	PASS	/root/original_registry_a_review	english_source_context_family_review
item:block.botania.floating_clayconia_chibi	sha256:5224974f6578231b2baad9555c9ea13e97c848d0f79d1f2a4cb644689325ac05	PASS	/root/original_registry_a_review	english_source_context_family_review
item:block.botania.floating_daffomill	sha256:1ad6dd3915357022928727209cee9ff6ab2d116c4116607eb2b0b68407d02e53	PASS	/root/original_registry_a_review	english_source_context_family_review
item:block.botania.floating_dandelifeon	sha256:8c6a65c3fb92eb24f3bc71e48fa74db445d479c6293bc0df7b45b2a380d23976	PASS	/root/original_registry_a_review	english_source_context_family_review
item:block.botania.floating_dreadthorn	sha256:99f4b6b58692d1e2a1510dc43eb375e811bf82bef601c3c82b3d9affb9e5f2d2	PASS	/root/original_registry_a_review	english_source_context_family_review
item:block.botania.floating_endoflame	sha256:9cccd263d50946e66b9403797c95563662e8d97821fd63f56efabddd20b901ea	PASS	/root/original_registry_a_review	english_source_context_family_review
item:block.botania.floating_entropinnyum	sha256:05461812f81c44e521f1a1f7a60e05e388c9117695733c06f486bc19516b910d	PASS	/root/original_registry_a_review	english_source_context_family_review
item:block.botania.floating_exoflame	sha256:14db9306be7f08d9e308a085266db741ace10c2a686727848af3a450c3138585	PASS	/root/original_registry_a_review	english_source_context_family_review
item:block.botania.floating_fallen_kanade	sha256:a0fd5396be016fa627ced23771b0f34f7342f1121f6868dd8770c11a386eb8df	PASS	/root/original_registry_a_review	english_source_context_family_review
item:block.botania.floating_gourmaryllis	sha256:a1254cc785f5e4a101824c0deba1695e118dcd322a58a97af38a956456b164a9	PASS	/root/original_registry_a_review	english_source_context_family_review
item:block.botania.floating_heisei_dream	sha256:ba94b133d9dd35179bc0b5bebcbe708ace2c6076e458311ec2e2ede4ba3243f7	PASS	/root/original_registry_a_review	english_source_context_family_review
item:block.botania.floating_hopperhock	sha256:4a86dc6c0184b102d79eb06b2b22a3f3b9b62cc2460966890d16c2b52f73e20e	PASS	/root/original_registry_a_review	english_source_context_family_review
item:block.botania.floating_hopperhock_chibi	sha256:b00aed5d01ce1c8545c47b04c32ea83dda0dfa607127cc2f77e3fe476b8370b8	PASS	/root/original_registry_a_review	english_source_context_family_review
item:block.botania.floating_hyacidus	sha256:db2eae73ce229e07f79a8546cbed2ca743e6c94629593314c4d0efe78e8618d4	PASS	/root/original_registry_a_review	english_source_context_family_review
item:block.botania.floating_hydroangeas	sha256:2c179ab5fdc542bb1bd672aa805a128f4e957230af6bc25a0f2e70ce5aba672e	PASS	/root/original_registry_a_review	english_source_context_family_review
item:block.botania.floating_jaded_amaranthus	sha256:89980fa29c3aa61971a837cd33a0285439534382d4b11d6bca80dc5474e00ed6	PASS	/root/original_registry_a_review	english_source_context_family_review
item:block.botania.floating_jiyuulia	sha256:8fc29a81be138f9289791e72edb875e4b7b9cb81ce141283ead20e5bc32e8c23	PASS	/root/original_registry_a_review	english_source_context_family_review
item:block.botania.floating_jiyuulia_chibi	sha256:eaaa90a8b8795b6e6ea5c96e945179dd6e88cdedce7a07a0d728136f2a3245c4	PASS	/root/original_registry_a_review	english_source_context_family_review
item:block.botania.floating_kekimurus	sha256:de67158f598d16a962f92403a2327667b5c2a29a237497f882da97021efb1e67	PASS	/root/original_registry_a_review	english_source_context_family_review
item:block.botania.floating_labellia	sha256:cdcbdd97405c7ee0fe46ec8dc38840e3a530960d33affcba2d82ba620d61a8d7	PASS	/root/original_registry_a_review	english_source_context_family_review
item:block.botania.floating_loonium	sha256:dac8898880c33628f26c0e69672c4df1a3d1efeeac4e37251842028118e5be95	PASS	/root/original_registry_a_review	english_source_context_family_review
item:block.botania.floating_manastar	sha256:0d4210689aa44fe11e12717cfc7a91e92da51710625b113860f98a859eec8287	PASS	/root/original_registry_a_review	english_source_context_family_review
item:block.botania.floating_marimorphosis	sha256:8b12482efa0151d86e04c6bbc17cceb74c6284766bc48a40531e3e8c12185548	PASS	/root/original_registry_a_review	english_source_context_family_review
item:block.botania.floating_marimorphosis_chibi	sha256:c157b8114ca634c8fe94d52a5ce6b12811939ee03a1d962b15d2f875b083bad4	PASS	/root/original_registry_a_review	english_source_context_family_review
item:block.botania.floating_medumone	sha256:9cc519e42d207283f8ba1336961448ef148f2d41388cfc79d54b89abba54f673	PASS	/root/original_registry_a_review	english_source_context_family_review
item:block.botania.floating_munchdew	sha256:163f829cdc35ee744e7c7062bfbebbc422bce53571508f469b316f00d6d9fad9	PASS	/root/original_registry_a_review	english_source_context_family_review
item:block.botania.floating_narslimmus	sha256:834d24a537b260ea774b792eed2b58f50d41f3ca00c3b76e07d93ca6acc23e94	PASS	/root/original_registry_a_review	english_source_context_family_review
item:block.botania.floating_orechid	sha256:e4cc77b8561f538ce01856097a75b1cfcde68bbf914658603ec55c641d238437	PASS	/root/original_registry_a_review	english_source_context_family_review
item:block.botania.floating_orechid_ignem	sha256:632fa2d3b159b33d9edd12e93c3943e951bad89785a40e7b5083b1c031ee4264	PASS	/root/original_registry_a_review	english_source_context_family_review
item:block.botania.floating_pollidisiac	sha256:3768f27f31e8c08e40a650954b4025e8cc1ebd36ffc36b74c9c105ec4aba4227	PASS	/root/original_registry_a_review	english_source_context_family_review
item:block.botania.floating_pure_daisy	sha256:ce5d94715e08cdc4a9cdca4d0ab22dcfa1c49bcb2788e41500141e002a92005a	PASS	/root/original_registry_a_review	english_source_context_family_review
item:block.botania.floating_rafflowsia	sha256:6b67a83a93f17f849222416e06854eb1da00f7ff1a99ae457d2db0f39f288b3e	PASS	/root/original_registry_a_review	english_source_context_family_review
item:block.botania.floating_rannuncarpus	sha256:d0fad62f097cc268c1c489b054df8d7e5bab58190aec1b7ba4ee82c6fa477307	PASS	/root/original_registry_a_review	english_source_context_family_review
item:block.botania.floating_rannuncarpus_chibi	sha256:6b1034ee0a65342687479c5197c78a375fc86a7091c743d3531b489b8ea21599	PASS	/root/original_registry_a_review	english_source_context_family_review
item:block.botania.floating_rosa_arcana	sha256:d575d94dc23dbabf2fc4043756b94ad1ae5d705800f4f8d77bebdcc096117295	PASS	/root/original_registry_a_review	english_source_context_family_review
item:block.botania.floating_shulk_me_not	sha256:18765ffa4184c919b77a2a47febabff38c1d5e41ccfda8f0aa76133985e4e939	PASS	/root/original_registry_a_review	english_source_context_family_review
item:block.botania.floating_solegnolia	sha256:ef5f2655d2e07685499902d675a3165df3dd68c3f90939575766bccfb736550e	PASS	/root/original_registry_a_review	english_source_context_family_review
item:block.botania.floating_solegnolia_chibi	sha256:3ecd942c727e5c681aa01ae623ca2f084a5adeea869a961335e04fa81c12bfa8	PASS	/root/original_registry_a_review	english_source_context_family_review
item:block.botania.floating_spectranthemum	sha256:ad2a0c88d32740684837d9e66cd4f1f04803258952c88a9c11b03af11da87950	PASS	/root/original_registry_a_review	english_source_context_family_review
item:block.botania.floating_spectrolus	sha256:44c9ed2d6fe40b249ce89f1c2508b21656d179f7d8fa42507cc679750d6b2a48	CHANGE	/root/original_registry_a_review	english_source_context_family_review
item:block.botania.floating_tangleberrie	sha256:94773be7b053940546afc33b385d13562908faffbba8dee6dafcd218997f5ee1	PASS	/root/original_registry_a_review	english_source_context_family_review
item:block.botania.floating_tangleberrie_chibi	sha256:7eae594e2e92009798b92ef0e5e75dab47e154bedec483a9ae5318e9baa3d866	PASS	/root/original_registry_a_review	english_source_context_family_review
item:block.botania.floating_thermalily	sha256:795c3cd84d871c2e2ae5ce64016216a3cd220a01bcf58ee2bcacce84e0c6523a	PASS	/root/original_registry_a_review	english_source_context_family_review
item:block.botania.floating_tigerseye	sha256:fb56e8815159f9e3f559bb403d903edf8e1e7f19b0fb572ad2f44ea611175188	PASS	/root/original_registry_a_review	english_source_context_family_review
item:block.botania.floating_vinculotus	sha256:f13bf15c66e3a1a1ea45c9918d2a6c466374649327930af16ac9a62cd698c71c	PASS	/root/original_registry_a_review	english_source_context_family_review
item:block.botania.fork_light_relay	sha256:b8af1957de96f8ff1dd84635af3344b4655fcbfecaa1b10ac2faaa019ee5b850	PASS	/root/original_registry_a_review	english_source_context_family_review
item:block.botania.framed_dreamwood	sha256:018a177225f15bf48475daed9e6a666222ea978c54625e85fc6ec3874d48b8a3	PASS	/root/original_registry_a_review	english_source_context_family_review
item:block.botania.framed_livingwood	sha256:ef5689329b69a912eb9ecb89421bc9c340eaac03fdbd152f29804ee266de9870	PASS	/root/original_registry_a_review	english_source_context_family_review
item:block.botania.gaia_pylon	sha256:2e2d11b9e64980a4e0682e881dcc47d4189a0edda5e2d518fb74008a92f37bb8	PASS	/root/original_registry_a_review	english_source_context_family_review
item:block.botania.glimmering_dreamwood_log	sha256:b647f980449051d09a5385513802ca59891c2888eb20a8ac580db72273c41700	PASS	/root/original_registry_a_review	english_source_context_family_review
item:block.botania.glimmering_stripped_dreamwood_log	sha256:7f3488bbcf7a5260671e49b779aed96a0f4c8c676958fcb860265c08df1c8d30	PASS	/root/original_registry_a_review	english_source_context_family_review
item:block.botania.glimmering_stripped_livingwood	sha256:1177da1f1698f4bbbf3fe03c72f3a320fc057ff9bb6ae5255002f539b2f01766	PASS	/root/original_registry_a_review	english_source_context_family_review
item:block.botania.gray_petal_block	sha256:2a1c4b7074e81ce85ad2c660d1d55a005639cbb79c6cee8fe3227d26bfecc57e	PASS	/root/original_registry_a_review	english_source_context_family_review
item:block.botania.green_petal_block	sha256:f8b5bb982fca03c547e03fc68ed5d5f4f7dae67c26a571d74b8a3e6cd1f72860	PASS	/root/original_registry_a_review	english_source_context_family_review
item:block.botania.heisei_dream	sha256:fbd8073eca9b63e0b7ec3d7362fb56ad5cb358c452421a34a74ee61bc543767b	PASS	/root/original_registry_a_review	english_source_context_family_review
item:block.botania.hopperhock	sha256:1e9476ddd6575a3e0b35751fc823d7e00dad2f7db6f4fb5d3e22a77650b57c59	PASS	/root/original_registry_a_review	english_source_context_family_review
item:block.botania.hopperhock_chibi	sha256:4e16496c2e49e2d753de20bbabd8f0d265ab3d9e2b7338ad295a58dbebef4644	PASS	/root/original_registry_a_review	english_source_context_family_review
item:block.botania.hourglass	sha256:80c68bb9cf2feffd8704414b0eff5976fa451cc1eeac30fa0200baf87a0d57ea	PASS	/root/original_registry_a_review	english_source_context_family_review
item:block.botania.hydroangeas_motif	sha256:a2423fe4608e32f06cad818840d1bf93f8810821d260bb4984f85e73e8a8e060	PASS	/root/original_registry_a_review	english_source_context_family_review
item:block.botania.incense_plate	sha256:e0cedecfd7466b570fb09a63050b3583f405d2b4d3939cd275c488e7f6e60fe1	PASS	/root/original_registry_a_review	english_source_context_family_review
item:block.botania.jiyuulia	sha256:e2a7d3338d05358bd5a8bc0e82794c822b86b7efe69365db499da18165efebba	PASS	/root/original_registry_a_review	english_source_context_family_review
item:block.botania.jiyuulia_chibi	sha256:8418c3f0efda10789b29f33a6b2524bfd71c9d127ef531292c79cb9232494bf6	PASS	/root/original_registry_a_review	english_source_context_family_review
item:block.botania.kekimurus	sha256:07f40e1608539c22aa67bc39bfe56fecfc8263f785cbc43fc7ef8b2d4a120792	PASS	/root/original_registry_a_review	english_source_context_family_review
item:block.botania.light_blue_petal_block	sha256:f085148b9be766b18c20a08b16dc8c714310d3c95380211c19604b37bd00ebfd	PASS	/root/original_registry_a_review	english_source_context_family_review
item:block.botania.light_gray_petal_block	sha256:9cc60a814932ef70d9ec151e95e32267747698b924fde8242b3dc91606e85554	PASS	/root/original_registry_a_review	english_source_context_family_review
item:block.botania.light_launcher	sha256:39c9b217df03189ffeb838702499b18f7cecefe9b44066d4aa350fd7d39d91d5	PASS	/root/original_registry_a_review	english_source_context_family_review
item:block.botania.light_relay	sha256:44dfff6ff4dc7f996129622a0bd3cca1494b0d41f540fb0b18dc3e3eae8c985d	PASS	/root/original_registry_a_review	english_source_context_family_review
item:block.botania.lime_petal_block	sha256:7375f30e3231f5048993325574e02c1f259af2e956a8a14ee26f1fb3020366b9	PASS	/root/original_registry_a_review	english_source_context_family_review
item:block.botania.livingrock_bricks	sha256:e6e8902ee97980d622d91bccdd80d1d8eb352bab4a1509977e3bf7d9f4c364cc	CHANGE	/root/original_registry_a_review	english_source_context_family_review
item:block.botania.livingrock_bricks_slab	sha256:8d6ef933079cf76bd3d46b5460c2d4b0ccdd52108758a82abbdf81984d1915b8	PASS	/root/original_registry_a_review	english_source_context_family_review
item:block.botania.livingrock_bricks_stairs	sha256:6d64d58e03d9ffb71b6984c87fe485898e5bfaf97390de23f137d3bdcbbbf45d	PASS	/root/original_registry_a_review	english_source_context_family_review
item:block.botania.livingrock_slab	sha256:129122983a5da79b3765312657d990aa36c71c378b9708dcd7b4b3c5efcba433	PASS	/root/original_registry_a_review	english_source_context_family_review
item:block.botania.livingrock_stairs	sha256:42894aff1f176210b1a8d1d2953306717ef7ccd07cc6a21e0e56761fe3cb3755	PASS	/root/original_registry_a_review	english_source_context_family_review
item:block.botania.livingrock_wall	sha256:2be2cecd580ba59e0f24b2c965e99ee93052997756daf303346d1bafb8bdff50	PASS	/root/original_registry_a_review	english_source_context_family_review
item:block.botania.livingwood_fence	sha256:52a1e1112e7984460d879168d4ba9fb244056d84004840ffb2867a6388cdb557	PASS	/root/original_registry_a_review	english_source_context_family_review
item:block.botania.livingwood_fence_gate	sha256:546efecdd412afb96a296aaa50b997a47073f73defd68aee6e1ebdeeeda39525	PASS	/root/original_registry_a_review	english_source_context_family_review
item:block.botania.livingwood_planks	sha256:20f953377ac3b36f01c75ffacfe34e972fd6fe1fed2c8c7caf4d3628699fe049	PASS	/root/original_registry_a_review	english_source_context_family_review
item:block.botania.livingwood_planks_slab	sha256:89664a166b576ec2d28864ab9230fc5dd3fe6323a1168c3f29bcd3f9e1ab8672	PASS	/root/original_registry_a_review	english_source_context_family_review
item:block.botania.livingwood_planks_stairs	sha256:84f249d9d4e68cfd523b25b8b2e02b7767aabc067129e5e33d0ec2c44fb2eac7	PASS	/root/original_registry_a_review	english_source_context_family_review
item:block.botania.magenta_petal_block	sha256:6c557087039369c9faf3a6a8032a3254b01ef398ab895e037dc40e97d44f11c2	PASS	/root/original_registry_a_review	english_source_context_family_review
item:block.botania.mana_detector	sha256:c203bd5299abc458e0259da5ae3cca061f385e5b6276dec23c38093d40a6d3a7	PASS	/root/original_registry_a_review	english_source_context_family_review
item:block.botania.mana_diamond_block	sha256:6527e9a86f0a251b488e3d5d70a741e41dabffef26aba321f8b29cd16c26ce2b	PASS	/root/original_registry_a_review	english_source_context_family_review
item:block.botania.mana_fluxfield	sha256:5eeeeb0d14d6e84524bd3504d06ce3adb994ffce7c6e4f45249036a2eb0c92ac	PASS	/root/original_registry_a_review	english_source_context_family_review
item:block.botania.mana_glass_pane	sha256:e5e97e7f0d899faf36c094d10521a3ed7a93880671df1302513e641dec67d4e2	PASS	/root/original_registry_a_review	english_source_context_family_review
item:block.botania.mana_pylon	sha256:130c4cab8c0b8c6076be40fbd04bbee3b125a4af264b8765fb9773ab1576c9ca	PASS	/root/original_registry_a_review	english_source_context_family_review
item:block.botania.mana_quartz	sha256:2729391e0908f4bc9ab17dba1ba869375bb91e71134951ddfc7bcaca8f85bea7	PASS	/root/original_registry_a_review	english_source_context_family_review
item:block.botania.mana_quartz_pillar	sha256:688c67fe8c319f0fc242638bb2614f0d2063fdd1194b5b15f981843444572f15	PASS	/root/original_registry_a_review	english_source_context_family_review
item:block.botania.mana_quartz_slab	sha256:4f2a06c3f2ab234d1dc9e469a1903a35aa276694c1a30f4f500e0bac06210ad3	PASS	/root/original_registry_a_review	english_source_context_family_review
item:block.botania.mana_quartz_stairs	sha256:6b7969a3f1c95578a52fabe3af8b243ec032de7cb092c309965f35b0577b43e6	PASS	/root/original_registry_a_review	english_source_context_family_review
item:block.botania.manastar	sha256:c52732c58ea7b1926f99c6db0927de2a763cc1283fa23e6b81984600cfc0964e	PASS	/root/original_registry_a_review	english_source_context_family_review
item:block.botania.manasteel_block	sha256:5f2b82a3304278b44104a15749806b21359d569eeec301edcce889bbc9d190e8	PASS	/root/original_registry_a_review	english_source_context_family_review
item:block.botania.marimorphosis	sha256:a61434e59b5bbd0f92aecfc9690091f2366f4e70fcd8710ac8c2841be1c16b09	PASS	/root/original_registry_a_review	english_source_context_family_review
item:block.botania.marimorphosis_chibi	sha256:6659b0835e96afdd87636e2c187ad594b61754d16af59c43cd19f7edabbca2e5	PASS	/root/original_registry_a_review	english_source_context_family_review
item:block.botania.medumone	sha256:57babc15588210271083c4fb88b8369160ca789bf09c74f58956865a578bc4ad	PASS	/root/original_registry_a_review	english_source_context_family_review
item:block.botania.metamorphic_desert_cobblestone	sha256:bf5ea7df33ed404a439db97773d35acbc900ff59dfad544f6d439b910c10382e	PASS	/root/original_registry_a_review	english_source_context_family_review
item:block.botania.metamorphic_desert_cobblestone_slab	sha256:c8f1a7913fa71f19ab309e804d3eb6574e78c9e2530c3a95d9eb89a95de227ec	PASS	/root/original_registry_a_review	english_source_context_family_review
item:block.botania.metamorphic_desert_cobblestone_stairs	sha256:5d7e72b0a07b0ad84c4e51626d1425ddba8795b41360938df70cdc512174aaf0	PASS	/root/original_registry_a_review	english_source_context_family_review
item:block.botania.metamorphic_desert_cobblestone_wall	sha256:02c2c9ca6117197edd7181433e90fdd19b47ecdf7447877899b34af6dacb35d3	PASS	/root/original_registry_a_review	english_source_context_family_review
item:block.botania.metamorphic_desert_stone_slab	sha256:27c2e38a7fc397951a157320491a8fad818257dc60660a211b4fdc4ec9ddbd8d	PASS	/root/original_registry_a_review	english_source_context_family_review
item:block.botania.metamorphic_desert_stone_stairs	sha256:af357ebdb34f9bce6a869efc130df3b13d0e742409201a4607ed783b707112b0	PASS	/root/original_registry_a_review	english_source_context_family_review
item:block.botania.metamorphic_desert_stone_wall	sha256:5fcc31de7540c7e8b57066d68d51c3f712932776ef4da62059b6c0d1a08ee78a	PASS	/root/original_registry_a_review	english_source_context_family_review
item:block.botania.metamorphic_forest_cobblestone	sha256:0fa84a24ee9e5a8845b4b4c92c0c0d0294e33f83665f94ecf1d35e216ec71624	PASS	/root/original_registry_a_review	english_source_context_family_review
item:block.botania.metamorphic_forest_cobblestone_slab	sha256:69fde71bb462273b727e79cbab9d63f9075c088958e59d455ba2627ba9666221	PASS	/root/original_registry_a_review	english_source_context_family_review
item:block.botania.metamorphic_forest_cobblestone_stairs	sha256:5d904bdc51db44bbe01c2479bb452e2837b3cf42ea12614b238ee967b74a3fa4	PASS	/root/original_registry_a_review	english_source_context_family_review
item:block.botania.metamorphic_forest_cobblestone_wall	sha256:bd05e3dad3ca6fb00595feb1693bf34a4f2e358a447a2e4296eec7f68ed84214	PASS	/root/original_registry_a_review	english_source_context_family_review
item:block.botania.metamorphic_forest_stone_slab	sha256:84c6ba1999768f82e0cd8b8e4a822ec740425425b9cf0ccc9c5e185673dad099	PASS	/root/original_registry_a_review	english_source_context_family_review
item:block.botania.metamorphic_forest_stone_stairs	sha256:ca93c37417e8b8d604e4f2c330cd08b12995cd8258ead27be2d4adcdf54aaa1c	PASS	/root/original_registry_a_review	english_source_context_family_review
item:block.botania.metamorphic_forest_stone_wall	sha256:860df82cec6666f95af945f353593f7a6371e0702b016dfda5ff19924ac47c92	PASS	/root/original_registry_a_review	english_source_context_family_review
item:block.botania.metamorphic_fungal_cobblestone	sha256:71d7cc9af2d9b3456897352e1dff0c2afab454301ccc8a5780c01f6e3fdca093	PASS	/root/original_registry_a_review	english_source_context_family_review
item:block.botania.metamorphic_fungal_cobblestone_slab	sha256:9e734123d33140ef13340a845d92e5f5c10eef9bcde8d806668788a13bb29034	PASS	/root/original_registry_a_review	english_source_context_family_review
item:block.botania.metamorphic_fungal_cobblestone_stairs	sha256:293f1ee541ce38a1cf70bb067951ed99cd7befbde64c73ea60a54c59c6da6c64	PASS	/root/original_registry_a_review	english_source_context_family_review
item:block.botania.metamorphic_fungal_cobblestone_wall	sha256:0094a59d33c46d16fd097a487b418b5396d3b10c17dc708d595a3745990cf70a	PASS	/root/original_registry_a_review	english_source_context_family_review
item:block.botania.metamorphic_fungal_stone_slab	sha256:da6a636b82991873ec8db6c9d11fad026208b60bd3336a75dd7f03f94c37a576	PASS	/root/original_registry_a_review	english_source_context_family_review
item:block.botania.metamorphic_fungal_stone_stairs	sha256:4bdae23e6d4586560db2639f357b899de37c01a4cab5ba7785854bb8c800c428	PASS	/root/original_registry_a_review	english_source_context_family_review
item:block.botania.metamorphic_fungal_stone_wall	sha256:3cdaa1b11c30adff4a4a4ac061c7249d1ff5b5a454fc9c463e48e3de401fa63e	PASS	/root/original_registry_a_review	english_source_context_family_review
item:block.botania.metamorphic_mesa_cobblestone	sha256:ff7938a1a41cbb3da73c3111b84babb58db7a9893bbbb6350576d0f57bf32ee8	PASS	/root/original_registry_a_review	english_source_context_family_review
item:block.botania.metamorphic_mesa_cobblestone_slab	sha256:c2311fa4f80824436fc4879aa8be9325f2f531ab8b5a1ec8423a66bb12465a27	PASS	/root/original_registry_a_review	english_source_context_family_review
item:block.botania.metamorphic_mesa_cobblestone_stairs	sha256:cf544952b0e6bd4085ba6165cd24989668c0f31e22569778f12c57bda4ac6f8e	PASS	/root/original_registry_a_review	english_source_context_family_review
item:block.botania.metamorphic_mesa_cobblestone_wall	sha256:8117106bb58df90a31ec8a1e9748dd4d1756eb77ba4b114743ace378c1f90786	PASS	/root/original_registry_a_review	english_source_context_family_review
item:block.botania.metamorphic_mesa_stone_slab	sha256:f60ad382f19ccbb13c4d7a450b5a45ed0775c3ff81762138bb7022f0f9a5f498	PASS	/root/original_registry_a_review	english_source_context_family_review
item:block.botania.metamorphic_mountain_cobblestone	sha256:8b08b02d9533aee9810bce8c75dc84a0a61b944f8d1d102f6669a31f61809647	PASS	/root/original_registry_a_review	english_source_context_family_review
item:block.botania.metamorphic_mountain_cobblestone_slab	sha256:d2046b1eb2f766451f1fda0fe39bd8a2b31d734230f6e05ebc290a71bab781eb	PASS	/root/original_registry_a_review	english_source_context_family_review
item:block.botania.metamorphic_mountain_cobblestone_stairs	sha256:84b0119746641d6d1bee92d8542c4d3a19b8aef980f59ecf99875380e39e548f	PASS	/root/original_registry_a_review	english_source_context_family_review
item:block.botania.metamorphic_mountain_cobblestone_wall	sha256:40304df0df262be0ea2ec0a3337cd63fdff668a54d856c726f185ef1ed6f890f	PASS	/root/original_registry_a_review	english_source_context_family_review
item:block.botania.metamorphic_mountain_stone_slab	sha256:6587f1dab146e2c4e5c884ae9183cbd45989a4d15c5abcd597a6720c82708fa1	PASS	/root/original_registry_a_review	english_source_context_family_review
item:block.botania.metamorphic_mountain_stone_stairs	sha256:371c8994b8161cd6b5b700cf50b33e01ccc173019d803563488e5079f7af48aa	PASS	/root/original_registry_a_review	english_source_context_family_review
item:block.botania.metamorphic_mountain_stone_wall	sha256:201793b307b647d2ad853389571267d0d48966303a3d80f96ba9e05fa23760dd	PASS	/root/original_registry_a_review	english_source_context_family_review
item:block.botania.metamorphic_plains_cobblestone	sha256:5a872ca8c73a17cdaa824da1203a971f40d6c2c6b164ba0b13104693dc1f1be2	PASS	/root/original_registry_a_review	english_source_context_family_review
item:block.botania.metamorphic_plains_cobblestone_slab	sha256:bf8f31087b707bbf3ac3934d97752211abfcffa4eeb9b04efae456d328c54072	PASS	/root/original_registry_a_review	english_source_context_family_review
item:block.botania.metamorphic_plains_cobblestone_stairs	sha256:fd5222c874602f2563e9d6fcd74b2c1787b67fb5d34f19975a44cd0e2f1d4de6	PASS	/root/original_registry_a_review	english_source_context_family_review
item:block.botania.metamorphic_plains_cobblestone_wall	sha256:8cb6ea74fdf4629c626d7a0127846c470dbbac274ac156ece87aa45559f1a550	PASS	/root/original_registry_a_review	english_source_context_family_review
item:block.botania.metamorphic_plains_stone_slab	sha256:dc051b7f1663bcb73e2d06e8fc3577f347134ce6bb94cb22e9298c55a1bcdfb0	PASS	/root/original_registry_a_review	english_source_context_family_review
item:block.botania.metamorphic_plains_stone_stairs	sha256:e18547871440587f55b9ae599c2a12913bc9e3e1860c610ea3f7d26ae021479c	PASS	/root/original_registry_a_review	english_source_context_family_review
item:block.botania.metamorphic_plains_stone_wall	sha256:312861312e86febe0f2c4abba50fd307f38c194fe0467086e0b2facec3b3d6b8	PASS	/root/original_registry_a_review	english_source_context_family_review
item:block.botania.metamorphic_swamp_cobblestone	sha256:1bf56dca942dbbc6b47cb05410ca6bf8d8bd768d476be18a198bffd4b7b82b95	PASS	/root/original_registry_a_review	english_source_context_family_review
item:block.botania.metamorphic_swamp_cobblestone_slab	sha256:7c6b13316569a208c731d42b54658589e6c9dac8c522454eb80e9087972f8d00	PASS	/root/original_registry_a_review	english_source_context_family_review
item:block.botania.metamorphic_swamp_cobblestone_stairs	sha256:1a99093b5f94443c218bd7a8fbd8e2d4f56fe7c7c1cf501595aeb7face0c3b7a	PASS	/root/original_registry_a_review	english_source_context_family_review
item:block.botania.metamorphic_swamp_cobblestone_wall	sha256:5c0c94e47fe959c901e83b6f50cd7f8a17ac644c24c87c747c46d801f3fef9cf	PASS	/root/original_registry_a_review	english_source_context_family_review
item:block.botania.metamorphic_swamp_stone_slab	sha256:4a984fd4337055a5b91dade97d537ec30fbd1371d485386e499d81ba3f1cbf30	PASS	/root/original_registry_a_review	english_source_context_family_review
item:block.botania.metamorphic_swamp_stone_stairs	sha256:9fff943af475dd94b721ae076f8d090490f10aa06bf8e60dc94e91cdcde94ebc	PASS	/root/original_registry_a_review	english_source_context_family_review
item:block.botania.metamorphic_swamp_stone_wall	sha256:43d522bd5d48bec78c737af9b980bba2a53a7186cdf70996091aca5e5426b277	PASS	/root/original_registry_a_review	english_source_context_family_review
item:block.botania.metamorphic_taiga_cobblestone	sha256:aa28fa868d9fc32ef7768b7e1d19ffb3a4871f8e08d82287e4da7c2958092fa8	PASS	/root/original_registry_a_review	english_source_context_family_review
item:block.botania.metamorphic_taiga_cobblestone_slab	sha256:a7d924ea9c2bf5c5bc4143bbe677104f69ecaf08dd11681e0ef1c2cbcf0fd2de	PASS	/root/original_registry_a_review	english_source_context_family_review
item:block.botania.metamorphic_taiga_cobblestone_stairs	sha256:0855ca30bbe00f75935fd92a0e8af223e74546a86ef467d6c5b231086c9c9877	PASS	/root/original_registry_a_review	english_source_context_family_review
item:block.botania.metamorphic_taiga_cobblestone_wall	sha256:d2cd47981b487e0af23eb975debe9f53bcdfcf978efdb70134a2c036d98a6463	PASS	/root/original_registry_a_review	english_source_context_family_review
item:block.botania.metamorphic_taiga_stone_slab	sha256:ae735b9555dc1d6a7cd17470447895c3078219e99e4f18ae3769ff6a1bd81336	PASS	/root/original_registry_a_review	english_source_context_family_review
item:block.botania.metamorphic_taiga_stone_stairs	sha256:b57332a8eba649b795781a5dc72111c56c08218cd3dbba98983cce532f340bab	PASS	/root/original_registry_a_review	english_source_context_family_review
item:block.botania.metamorphic_taiga_stone_wall	sha256:e09eb73200d3f502c2c3aa7a8f0f9b74670a9c113ce0feb69452209cfe52089b	PASS	/root/original_registry_a_review	english_source_context_family_review
item:block.botania.mossy_dreamwood_planks	sha256:a64501589cbb3089021e2ecf757890eaa1c650dd19a1a994b0cfc3e3cfe8ec10	PASS	/root/original_registry_a_review	english_source_context_family_review
item:block.botania.mossy_livingrock_bricks	sha256:307dd824063338cf1b96faca453dd5e1544892367c96f1eaea98f6ea38bd9f8c	CHANGE	/root/original_registry_a_review	english_source_context_family_review
item:block.botania.mossy_livingrock_bricks_slab	sha256:4c4419b01e5556dcd5a81a2633812da17e2d786d239d3e5ad2d6517cc93354c7	PASS	/root/original_registry_a_review	english_source_context_family_review
item:block.botania.mossy_livingrock_bricks_stairs	sha256:3fad486491f4524f1e83d1efb1ab06f3a95d0e28f06c4e657349cad83c0c31b6	PASS	/root/original_registry_a_review	english_source_context_family_review
item:block.botania.mossy_livingwood_planks	sha256:fc55cbbafb3c827e01c8b33bd02d78f32665b9e8687a032c6eaeb47ff6c53764	PASS	/root/original_registry_a_review	english_source_context_family_review
item:block.botania.munchdew	sha256:5ecf0cdf4497dc406e5c9c2882c2b7f411e613728c0b36c0025287cefb0c1ce6	PASS	/root/original_registry_a_review	english_source_context_family_review
item:block.botania.narslimmus	sha256:d7826e9c3b811df80e4aa08c63aa55932119281a5a61794ac3a667d6d1b92dce	PASS	/root/original_registry_a_review	english_source_context_family_review
item:block.botania.nightshade_motif	sha256:74cf110680995e1f3f6ff4d34d7c4d147cb7790f71e6e1a32d5292c628b88b65	PASS	/root/original_registry_a_review	english_source_context_family_review
item:block.botania.open_crate	sha256:25252582c5d7584ef85ffbf8cb6a8f25733fd14108930a5026b794281d6f1e38	PASS	/root/original_registry_a_review	english_source_context_family_review
item:block.botania.orange_petal_block	sha256:8c6db6ff5dcbb0c3ea9348a90dd5f785bf2b662b457447158d97dc7ffbc2da96	PASS	/root/original_registry_a_review	english_source_context_family_review
item:block.botania.orechid	sha256:3ea76e1aecc18e564cb90a81e0ddfc0b06bedd79bc4e5c87e6f4a1192597ba82	PASS	/root/original_registry_a_review	english_source_context_family_review
item:block.botania.orechid_ignem	sha256:c8cac325896d39956a40d648246d137a4be4e70fd5b897a04b60ea5b523fbe6b	PASS	/root/original_registry_a_review	english_source_context_family_review
item:block.botania.pattern_framed_dreamwood	sha256:f5b5cfddc6a5d5ac84ddd587eaaa42ddbc596e4a1c34a211bec5b64c4a2666a5	PASS	/root/original_registry_a_review	english_source_context_family_review
item:block.botania.pattern_framed_livingwood	sha256:0c9823e3884a718c3ad632ef124ef10066337ca7ccb3ace26d9618760b577269	PASS	/root/original_registry_a_review	english_source_context_family_review
item:block.botania.pink_petal_block	sha256:23cd79d1b855dda2251dade095020395413761e55b95a3b319221e65d8c31a4a	PASS	/root/original_registry_a_review	english_source_context_family_review
item:block.botania.prism	sha256:4f48a727bdda594622d41f64d28bdd03462806dee2f08c85ba0f650d2a23e7c9	PASS	/root/original_registry_a_review	english_source_context_family_review
item:block.botania.purple_petal_block	sha256:7961d60a56cdfd5494575071fd34ea14441c0888563fd561052eac07f721fe59	PASS	/root/original_registry_a_review	english_source_context_family_review
item:block.botania.rafflowsia	sha256:af63dd24abed3c2ce4c177decac8d1a3c47b026287ae8bd343322140912ced9b	PASS	/root/original_registry_a_review	english_source_context_family_review
item:block.botania.rannuncarpus	sha256:2edf08ee210a3624f4ebabba643fb740d7c0a38814e3b4ab01e3e5b90b0847a0	PASS	/root/original_registry_a_review	english_source_context_family_review
item:block.botania.rannuncarpus_chibi	sha256:969612966519a7c90e9ad694115db0b18d1e1e66b960dc9f4c6de64b9b7dd0e7	PASS	/root/original_registry_a_review	english_source_context_family_review
item:block.botania.red_petal_block	sha256:17d6f16c8e1b9cd71f1c83b55908169fbf332ac43b4a3a9e312611d95fba10aa	PASS	/root/original_registry_a_review	english_source_context_family_review
item:block.botania.red_quartz	sha256:c1a9ce32cdee5815652aa16e2539136159b29f685e4ddbfe2e0efe7e309371a1	PASS	/root/original_registry_a_review	english_source_context_family_review
item:block.botania.red_quartz_pillar	sha256:2e5a1335b9d570de227cd49ba8ffdd35bf22c2b63fd4e60471e1aabadef05e15	PASS	/root/original_registry_a_review	english_source_context_family_review
item:block.botania.red_quartz_slab	sha256:8e730944893deee74d1d4c4e6b59a4295bc569dbef0c14e0297179c68fef0eb2	PASS	/root/original_registry_a_review	english_source_context_family_review
item:block.botania.red_quartz_stairs	sha256:8102b88365b2dd33650683744ef9957a5cf7ea2773444881c6c907e42f8ada89	PASS	/root/original_registry_a_review	english_source_context_family_review
item:block.botania.red_string_comparator	sha256:06ec8f5796d0710feac5f36af773bcafe846475bd1f9b34e817e559cd9c20496	PASS	/root/original_registry_a_review	english_source_context_family_review
item:block.botania.red_string_container	sha256:d253e8e474d8a29e2f9a3130fb2db1b944a9991873bcdbaab1c032809bd1077f	PASS	/root/original_registry_a_review	english_source_context_family_review
item:block.botania.red_string_dispenser	sha256:6a62f94a2bfd6abed6299b4aae3b9794d10686944c27a01e7cbcf1db10e8bf24	PASS	/root/original_registry_a_review	english_source_context_family_review
item:block.botania.red_string_fertilizer	sha256:ed821967ccdcc2209c23d98617e2b4d803d801a9569ab45d0b732b22e62252f3	PASS	/root/original_registry_a_review	english_source_context_family_review
item:block.botania.red_string_interceptor	sha256:c065bd49ee470abc838914d88bf17a7de72f7025d9609b7aa0264b3942ad6200	PASS	/root/original_registry_a_review	english_source_context_family_review
item:block.botania.red_string_relay	sha256:df9d143b14ea3166ac64ba8464f33468e95b34da5b1de417410eb8757b64e97d	PASS	/root/original_registry_a_review	english_source_context_family_review
item:block.botania.redstone_spreader	sha256:77361f7aedb9b3215a0cf05c421e3254baed75cafca4698b3e713248c5e4b3ba	PASS	/root/original_registry_a_review	english_source_context_family_review
item:block.botania.rosa_arcana	sha256:bec92e399160b6b31dccf7d996b36e66899a9115b9f73598e68eee4bcb57cd49	PASS	/root/original_registry_a_review	english_source_context_family_review
item:block.botania.solegnolia_chibi	sha256:8c92c7c307707445520f28a1c1fc5fa465b11a7445dfebb9bd56b4af26e5eb57	PASS	/root/original_registry_a_review	english_source_context_family_review
item:block.botania.spark_changer	sha256:690f847165d2c1c83afb3842bf6598e59291818533e729ccece26532d8855c45	PASS	/root/original_registry_a_review	english_source_context_family_review
item:block.botania.spawner_claw	sha256:2e5fa51ab9c0764bccb818357eec62a910de3e52d14c067b0cd085b3231a1b03	PASS	/root/original_registry_a_review	english_source_context_family_review
item:block.botania.spectranthemum	sha256:debb521f2653d70f4d83da65e25e6edda8314ef6e78c15316a31e5cd6a7dc1a2	PASS	/root/original_registry_a_review	english_source_context_family_review
item:block.botania.stripped_dreamwood_log	sha256:0c6b3255b410b1c89ca8e802c0e7ab9a1eda52fe519aa1c06abf34d8124f786e	PASS	/root/original_registry_a_review	english_source_context_family_review
item:block.botania.tangleberrie_chibi	sha256:8e9c3cce382141823e1f8dc012c388b1dd719c6af354aa7897ded516765704b3	PASS	/root/original_registry_a_review	english_source_context_family_review
item:block.botania.terra_plate	sha256:fbe8b6ef84cc295a5d81eabe711f85b67d24edac8bb5fb6805505ec3402b8bfe	PASS	/root/original_registry_a_review	english_source_context_family_review
item:block.botania.terrasteel_block	sha256:efb8e8d4cce74ce48998615547a88f895a9a9120f25ec9f13124b7e2ddbda96e	PASS	/root/original_registry_a_review	english_source_context_family_review
item:block.botania.tiny_planet_block	sha256:d0be0acef7590e043e3b988b7dd2d49070c24d4d194f4d03547a3fc38e7e6879	PASS	/root/original_registry_a_review	english_source_context_family_review
item:block.botania.tiny_potato	sha256:d654a47425de6a24467489914dc2248510c1334685d9ab54272bc73597df9256	PASS	/root/original_registry_a_review	english_source_context_family_review
item:block.botania.toggle_light_relay	sha256:f082908c78c7b5cb8e60973a97b95cfc2d759670a24cf483306d5547180ff177	PASS	/root/original_registry_a_review	english_source_context_family_review
item:block.botania.turntable	sha256:d459fdd22397df9b3d26ea9b237f52d5e65b5bdb156360f274db4d9f9b0933d5	PASS	/root/original_registry_a_review	english_source_context_family_review
item:block.botania.vinculotus	sha256:b066e58a055989edb684658f57fa46913c740841944d36f9b0015c98ed2b6296	PASS	/root/original_registry_a_review	english_source_context_family_review
item:block.botania.white_petal_block	sha256:00ad5676763afec47787da694b67f998d42e48d3fc5f04761b270ef05c7b7755	PASS	/root/original_registry_a_review	english_source_context_family_review
item:block.botania.yellow_petal_block	sha256:196f4e98b8d929803efc0502d8e36b7df0c55045bbaa4fc02ec4ddf5b5e50df0	PASS	/root/original_registry_a_review	english_source_context_family_review
item:block.cfm_circuit_breaker.circuit_breaker	sha256:a316128169a55f5b8afb8e25bf1fc1f3046a3034e1f14aeac703c77bc6643a8c	PASS	/root/original_registry_a_review	english_source_context_family_review
item:block.create.andesite_alloy_block	sha256:e56469197e2081be098e5fb10e82137206585b2cedff7ce195e68872884a8fd1	PASS	/root/original_registry_a_review	english_source_context_family_review
item:block.create.controller_rail	sha256:d4f69dde5f9891a231334d7d09f831cfeeb8ad0c6e8ed642ca38e928dea34d6a	PASS	/root/original_registry_a_review	english_source_context_family_review
item:block.create.gearbox	sha256:8f0b2ad8f23697a5668653ce99009597fa282943c65858942f9670cf9e6be396	PASS	/root/original_registry_a_review	english_source_context_family_review
item:block.create.hose_pulley	sha256:45e2a113d1db833cef15a7cbbcf4f61c44a696a5e78a13514067a4658523445f	PASS	/root/original_registry_a_review	english_source_context_family_review
item:block.create.industrial_iron_window_pane	sha256:22bbf8a379bcfe305d4b9b36456f874c9f0a686b32f2a791e8cef199f96ef1a7	PASS	/root/original_registry_a_review	english_source_context_family_review
item:block.create.item_hatch	sha256:8dc599aa945d58daa0c0c29448d41b888db15d3b2a264f4cccd2000879103eb9	PASS	/root/original_registry_a_review	english_source_context_family_review
item:block.create.rope_pulley	sha256:72a49099ba578ebd6844a6f6b0a8c7ef6c60b9d06d1234b5fd23fd6846c767d2	PASS	/root/original_registry_a_review	english_source_context_family_review
item:block.create.stock_ticker	sha256:0477ac1a6ce4cd03db19499ac846f7e027fc6e710d82327fe282877c65996ba6	PASS	/root/original_registry_a_review	english_source_context_family_review
item:block.create.weathered_iron_window	sha256:dd6c8a61ada09e61b57dc10ea510501191f9faaa84d3f5dec9b778ed5030d906	PASS	/root/original_registry_a_review	english_source_context_family_review
item:block.createaddition.accumulator	sha256:001016aed6713e6e67f9977bbbba020ea03d8e0c637b263abd028be7d303ed7c	PASS	/root/original_registry_a_review	english_source_context_family_review
item:block.dustrial_decor.bolted_industrial_iron_vertical_slab	sha256:f4cf12f0512abcae5f5c23e3fff2894f877bf72e9af4be6e342de47f9272d3dd	PASS	/root/original_registry_a_review	english_source_context_family_review
item:block.dustrial_decor.cast_iron_brick_vertical_slab	sha256:a9aa1bdd94a87c7886bce62d1048c97c14b7511a06317850405605ec6b1721a3	PASS	/root/original_registry_a_review	english_source_context_family_review
item:block.dustrial_decor.cinder_brick_vertical_slab	sha256:489063f197f7fb8473c93ea9f9777418ca0e4d567b5a13ee2ebc4c0b65895482	PASS	/root/original_registry_a_review	english_source_context_family_review
item:block.dustrial_decor.large_cursed_lantern	sha256:8929c078e7c72266415cb79ef84493fb6717eb344aa779600ee04ea296360c16	PASS	/root/original_registry_a_review	english_source_context_family_review
item:block.dustrial_decor.large_ender_lantern	sha256:f3bfddb41c463f7a91fe1d48159984a95f011feffb66054a626fb9828ebc8b21	PASS	/root/original_registry_a_review	english_source_context_family_review
item:block.dustrial_decor.large_glow_lantern	sha256:abfa1b2380a6b7db66a3d95e5632d5433efe5ee7a5ef7a5b15c60b2cac8cf9b1	PASS	/root/original_registry_a_review	english_source_context_family_review
item:block.dustrial_decor.large_ice_chain	sha256:d8694b97e3db56e74a2ed32f52d9c6f92d50f66cb38c0e92ed0556b8bead8e14	PASS	/root/original_registry_a_review	english_source_context_family_review
item:block.dustrial_decor.mini_padded_vertical_slab	sha256:87275be2a2cc4d9f1b41d3d8ac65dbe9dc765d6eed8e7be6cdf77cb30f03ece9	PASS	/root/original_registry_a_review	english_source_context_family_review
item:block.dustrial_decor.rusty_sheet_metal_plating_vertical_slab	sha256:aed5df9bc0a0341f665f105ad338b21b5ab750478d6d98463ac13c5a0fb91c15	PASS	/root/original_registry_a_review	english_source_context_family_review
item:block.dustrial_decor.rusty_sheet_metal_treading_vertical_slab	sha256:473b891d0b47dfcd63e9dab3d8c8616198c212610f3f60967f6aa6486fa1461a	PASS	/root/original_registry_a_review	english_source_context_family_review
item:block.dustrial_decor.sheet_metal_plating_vertical_slab	sha256:ac23a1bdb5f525d943875e7d696a55adbcbe1becf8e0d06d46571d6e714a4356	PASS	/root/original_registry_a_review	english_source_context_family_review
item:block.dustrial_decor.sheet_metal_treading_vertical_slab	sha256:caefd6cc89d852036e23b43d1ee80ddf7dbfc0c1f8d8bff53bcb145c0b0e0447	PASS	/root/original_registry_a_review	english_source_context_family_review
item:block.dustrial_decor.smooth_cardboard_vertical_slab	sha256:f2534f6885a5bb6480f6f07412d580d01047b81b27d8286d6a5ce7404f55f104	PASS	/root/original_registry_a_review	english_source_context_family_review
item:block.dustrial_decor.wrapped_ice_chains	sha256:0d079cad535944f403764f75a184cdfcfec044e479b4263ffed5165ae5b92e81	PASS	/root/original_registry_a_review	english_source_context_family_review
item:block.eidolon.scriptorium	sha256:21cbc002605a45f0f89409ba1d73d8e4717b651e9cc7f59438faab27d0a5dda2	PASS	/root/original_registry_a_review	english_source_context_family_review
item:block.enderio.conduit	sha256:be125dd16b64cb6f6669190adcd50f6305e4d6ad503490dad80994993903ff3b	PASS	/root/original_registry_a_review	english_source_context_family_review
item:block.enderio.drain	sha256:795b048ba2164e50aed17f86797f1f03add5a66df9c18b37013058c8c0115749	PASS	/root/original_registry_a_review	english_source_context_family_review
item:block.enderio.light_inverted	sha256:d10f9e9bb92cee24f8b4f1e45fd6cf16ea5712998ed2c323a98e5a748fcca785	PASS	/root/original_registry_a_review	english_source_context_family_review
item:block.enderio.painted_travel_anchor	sha256:03698f90ffa10972f8faedda268d2a6df1387806f2f09dd42dcb5ce34ad65ffe	PASS	/root/original_registry_a_review	english_source_context_family_review
item:block.enderio.painted_wall	sha256:9420eee5d1205889fef62d9b9f846ebdd3e11a8d41a0eee2a9ac9d1ac564526b	PASS	/root/original_registry_a_review	english_source_context_family_review
item:block.enderio.powered_light_inverted	sha256:c1a3c5a286584d2ce6906b4964dcff2323d5b9ec51c122cea77154ab1f04245d	PASS	/root/original_registry_a_review	english_source_context_family_review
item:block.enderio.powered_light_inverted_wireless	sha256:5c7292aa4cc02bc0fd1541b9bc5602a374f044a23b3f3eb18c9f85672f919212	PASS	/root/original_registry_a_review	english_source_context_family_review
item:block.enderio.powered_light_wireless	sha256:35d2289d90e81cbc809c3e449856bccb73ad4ab6f46c56e651f21dc79ea2ea33	PASS	/root/original_registry_a_review	english_source_context_family_review
item:block.farmersdelight.basket	sha256:b331a771c2e30ea57e636f62e8c91facc0178cf1d6c80694e8dc7a90b0b6d08e	PASS	/root/original_registry_a_review	english_source_context_family_review
item:block.farmersdelight.roast_chicken_block	sha256:55ddecb40d81faf315d4097ec5017b03ad1c2a3cab82bddd211f90b45cd362c1	PASS	/root/original_registry_a_review	english_source_context_family_review
item:block.geckolib.fertilizer	sha256:43de6e38b916955cf044c077b89111b6bd880a34431f20d0d510b0f7b9293ff1	PASS	/root/original_registry_a_review	english_source_context_family_review
item:block.geckolib.gecko_habitat	sha256:adb003e67c32f7d8e440a395440948e4d99b0c429c18e4f54c0c9d4468edcc02	PASS	/root/original_registry_a_review	english_source_context_family_review
item:block.immersiveengineering.hemp	sha256:918ffc0f8d90ffe7a3120738a86a8f28b3880a165d9d9e442680ab831d84c319	PASS	/root/original_registry_a_review	english_source_context_family_review
item:block.immersiveengineering.sawdust	sha256:9ef3c525309a30d732c44c53b88edc46ad341712e945445c9c7150e6158ab4e8	CHANGE	/root/original_registry_a_review	english_source_context_family_review
item:item.actuallyadditions.booklet	sha256:67106ebf0ae9a1ec5470b594e497acec3e1bf817a996d3c7626301a5685469a9	PASS	/root/original_registry_a_review	english_source_context_family_review
item:item.ae2.creative_storage_cell	sha256:c83441a63267782b947c25abf05204f1c3da416b5d0ea2f42edad64cabbff28a	PASS	/root/original_registry_a_review	english_source_context_family_review
item:item.ae2.missing_content	sha256:4bb62f2df3b1f26b0e06c9c2b75037dfcc0c6402158080dcf86e7cf191eb983c	PASS	/root/original_registry_a_review	english_source_context_family_review
item:item.botania.ancient_will_torag	sha256:4b63979c321405a00bf8aa07503d046193821f9c11622b5c3a6af6c9a9835587	PASS	/root/original_registry_a_review	english_source_context_family_review
item:item.botania.astrolabe	sha256:165a5d9a636f3f19d6adf266d00aaa3c079cc54f27b4e0b9090e1449f8324425	PASS	/root/original_registry_a_review	english_source_context_family_review
item:item.botania.aura_ring_greater	sha256:30411beb2a1966a7c3f9c0ea3945f0d5899e869ad375061e508b4c0349e7f46a	PASS	/root/original_registry_a_review	english_source_context_family_review
item:item.botania.balance_cloak	sha256:f4154aeb587857b90443e3c5e27399ef189ae48b46bf45eb0b849160ff3c89a0	PASS	/root/original_registry_a_review	english_source_context_family_review
item:item.botania.bauble_box	sha256:dd19ca00c932267619fa5f99d5786883c1b4f3174401f71c88f886e3ef185e6d	PASS	/root/original_registry_a_review	english_source_context_family_review
item:item.botania.brew_flask	sha256:b378feeb3d6fe4f80eace548a7769e8d1503e9e8233cd230919297b5ec0585bb	PASS	/root/original_registry_a_review	english_source_context_family_review
item:item.botania.brew_vial	sha256:e9bff03cdaffd6286f602f87bcddd245c481f8fd419bc0cc4bed4d663e8a3660	PASS	/root/original_registry_a_review	english_source_context_family_review
item:item.botania.cobble_rod	sha256:7bf0b17fdbf7fbd24cdac408abb97f0208078fb2701d318a14e56435905d2318	PASS	/root/original_registry_a_review	english_source_context_family_review
item:item.botania.corporea_spark	sha256:afbcd3bce17104eef23cd76bb0e76a4ab4009beb8cc2bf7b8670451126e0cd3c	PASS	/root/original_registry_a_review	english_source_context_family_review
item:item.botania.corporea_spark_creative	sha256:74e55ce7241cf1ad391ec402ce0a1fafcae005d377cef82aee119914261623a5	PASS	/root/original_registry_a_review	english_source_context_family_review
item:item.botania.corporea_spark_master	sha256:63c958f39401180d9515323a4eb20d1e95bf05a32d1fc8b7565022484b57bfa9	PASS	/root/original_registry_a_review	english_source_context_family_review
item:item.botania.cosmetic_blue_butterfly	sha256:99c47b52cb57af0c8f20421ad356303220bbde189f46259cd853dd08dd0f1fd4	PASS	/root/original_registry_a_review	english_source_context_family_review
item:item.botania.cosmetic_clock_eye	sha256:31bf7ea1bd92add437e8f0de758e912275116bfbfc9368572b2f7956d550dee7	PASS	/root/original_registry_a_review	english_source_context_family_review
item:item.botania.cosmetic_devil_horns	sha256:60129b1c2a4a13d852fbf6667071441695cd1384da1292dc91f48243752f5706	PASS	/root/original_registry_a_review	english_source_context_family_review
item:item.botania.cosmetic_devil_tail	sha256:8d8a8e70abf5b68d7cd4655bbc4adb3dcb297b249d17b5123b2dc5ecb4ed6d32	PASS	/root/original_registry_a_review	english_source_context_family_review
item:item.botania.cosmetic_four_leaf_clover	sha256:61f42634e409a5846f3f1219ef8672feccc1fb97b6fa34996329dfcf98e35793	PASS	/root/original_registry_a_review	english_source_context_family_review
item:item.botania.cosmetic_hyper_plus	sha256:92f4d59a88b76fc3b3b49d0fee488487ef84abcafb4c24449cccea7d023aa8d1	PASS	/root/original_registry_a_review	english_source_context_family_review
item:item.botania.cosmetic_orange_shades	sha256:07332389fe6e6fddfe0d8ffa37d148a8085ddb5b30fb96b25e3fcf37c4bf96b3	PASS	/root/original_registry_a_review	english_source_context_family_review
item:item.botania.cosmetic_thinking_hand	sha256:1be32c571bf773d7d6400dc21db936e8e1386f8e79fc61e13cd5f696c837403c	PASS	/root/original_registry_a_review	english_source_context_family_review
item:item.botania.cosmetic_tiny_potato_mask	sha256:55f97151e587f9f0e12e33cdd5d33cab0a90fb24615487a384bc70f23a0e8942	PASS	/root/original_registry_a_review	english_source_context_family_review
item:item.botania.dirt_rod	sha256:9cb14b2e6ecb557a97cef253d873997af0c655a28d218d497446d1680b2ded70	PASS	/root/original_registry_a_review	english_source_context_family_review
item:item.botania.diva_charm	sha256:d53afa62e893180e89acd2a3abf8014cbf52af70d7d8f6685573cc14a6e88bbf	PASS	/root/original_registry_a_review	english_source_context_family_review
item:item.botania.divining_rod	sha256:8ab552f75a5cef554bf28b633d91da46865f0ef037ae7f5c29c1b904afcf5779	PASS	/root/original_registry_a_review	english_source_context_family_review
item:item.botania.dragonstone	sha256:888dae826aaaeecd7d9117f6f6620a943080711e192c0c8cab495661eb304d3e	PASS	/root/original_registry_a_review	english_source_context_family_review
item:item.botania.dreamwood_twig	sha256:875cf78f49acd3ed44856bb09ef342852b5f4d26bfad9cae8f3866b8fdfe5913	PASS	/root/original_registry_a_review	english_source_context_family_review
item:item.botania.dreamwood_wand	sha256:240adcca2edc8ca033a07447eca4a606776e8dace1dde3703e5cac002eb06f16	PASS	/root/original_registry_a_review	english_source_context_family_review
item:item.botania.dry_seeds	sha256:6272ed39f4008cfe83c1e1e7713fc07827332cea3ad8cb6a17b528b257b5724e	PASS	/root/original_registry_a_review	english_source_context_family_review
item:item.botania.elementium_axe	sha256:bc42c185e1125a4a30ce97032b92b78c4e68c96c050245baef2c26c2ce29fca5	PASS	/root/original_registry_a_review	english_source_context_family_review
item:item.botania.elementium_boots	sha256:a6dcacaafa49af3abdbd9c7fb9d0841ce028275e64860e10219dbac91b9a5d28	PASS	/root/original_registry_a_review	english_source_context_family_review
item:item.botania.elementium_chestplate	sha256:38849d76c8b315f299e6506afb7be5479ca7cfceed16d7d462bcd2cae32d9786	PASS	/root/original_registry_a_review	english_source_context_family_review
item:item.botania.elementium_helmet	sha256:438994175a233f66061b16c7fb46d681b0ebcef50658deaa0d7377128b0170d8	PASS	/root/original_registry_a_review	english_source_context_family_review
item:item.botania.elementium_hoe	sha256:1dae74784bc2262b247564f587eb13c5ea3dd611dfa44ae7ecf8748735f5d1c3	PASS	/root/original_registry_a_review	english_source_context_family_review
item:item.botania.elementium_ingot	sha256:39085fd13eddeb5b420683d593e646887786a18cee7407d895f99a9a0cbf632d	PASS	/root/original_registry_a_review	english_source_context_family_review
item:item.botania.elementium_leggings	sha256:d26e416e9b4640c8175238ddd237cd443cdb1236d7298b11b42b74c385e9f43b	PASS	/root/original_registry_a_review	english_source_context_family_review
item:item.botania.elementium_nugget	sha256:b1115810d1c2969283d83ea620f35344e78bb2f82bb17d5dae02a6ec779c06f9	CHANGE	/root/original_registry_a_review	english_source_context_family_review
item:item.botania.elementium_pickaxe	sha256:b31d0756a5e608aba9e86fb2f418a805ded0d8f712eeddfefb6e8e2d0e19d05e	PASS	/root/original_registry_a_review	english_source_context_family_review
item:item.botania.elementium_shears	sha256:3e8b337b65fb7ecd6392c7850fceb0ccf1742adbaf3385db88d91b9a9de8399b	PASS	/root/original_registry_a_review	english_source_context_family_review
item:item.botania.elementium_shovel	sha256:ef2e316595a8df3ab3a66880c3af22a4721a45266beac8fba6b8b4e2dd59d9c8	PASS	/root/original_registry_a_review	english_source_context_family_review
item:item.botania.elementium_sword	sha256:8a6fe984d0a8ff2c0cab8a3bacc9c53d82f2fc2b870a7fad34101eee497922a0	PASS	/root/original_registry_a_review	english_source_context_family_review
item:item.botania.ender_air_bottle	sha256:8f96adbcb038831fc107167947eef142f840b69c08de0b9bc56aafca635c1171	CHANGE	/root/original_registry_a_review	english_source_context_family_review
item:item.botania.ender_hand	sha256:7f33dced290c0d9a7c403db165e86e32bdee65c227a519106ff6e8c5296933d2	PASS	/root/original_registry_a_review	english_source_context_family_review
item:item.botania.exchange_rod	sha256:8f71eed58627c8359839f065352670b8843e7641b8ad35973cec35e9ec859ccf	PASS	/root/original_registry_a_review	english_source_context_family_review
item:item.botania.fire_rod	sha256:15d9f5ca14f806b9e66fc375d3b27c6742f4ae408d27e517dbb7c4507e96a8c6	PASS	/root/original_registry_a_review	english_source_context_family_review
item:item.botania.flare_chakram	sha256:d215e0cdb6d71d3caab96ca7fec16055df6364ca1be9cd23a5ca0ba8e3705a37	PASS	/root/original_registry_a_review	english_source_context_family_review
item:item.botania.flask	sha256:179494499ec86d2ec6a9a7e6823be6133cb9937131fe8352a072708c40107aaf	PASS	/root/original_registry_a_review	english_source_context_family_review
item:item.botania.flight_tiara	sha256:c707849e3270f250e000c4d4de452153d6209b152a7a1b01890c2f10e4af8a82	PASS	/root/original_registry_a_review	english_source_context_family_review
item:item.botania.flower_bag	sha256:206983903422abf608b02bc3b2e5bdddaa71fd14aa916676cbdb0c877f19eab1	PASS	/root/original_registry_a_review	english_source_context_family_review
item:item.botania.flugel_eye	sha256:3a468aeddb0013649df9056ba2fe09a4104829289921dc28fcbc1d46b14852a3	PASS	/root/original_registry_a_review	english_source_context_family_review
item:item.botania.goddess_charm	sha256:6ac840da563deb6b822c9e3268d0bddcb158159b875798c556d2d7b9d63a6c47	PASS	/root/original_registry_a_review	english_source_context_family_review
item:item.botania.golden_seeds	sha256:bff289d9711e4ba54275c05226b8492ff42bbaade7cb01a81fa87211cabfd782	PASS	/root/original_registry_a_review	english_source_context_family_review
item:item.botania.gravity_rod	sha256:82540952066fedabf08df0c3b5f016055c361ccb5c3d24e36ca00a36d2f30f8c	CHANGE	/root/original_registry_a_review	english_source_context_family_review
item:item.botania.holy_cloak	sha256:f6676c868d73783922281a6f3e632428a0845b582719298e7ff3faa85a67a570	PASS	/root/original_registry_a_review	english_source_context_family_review
item:item.botania.horn_grass	sha256:a8cc43b5fded951e3db11af7cfdd4b9225282e4e773556189ab142bb5b6e6660	PASS	/root/original_registry_a_review	english_source_context_family_review
item:item.botania.horn_leaves	sha256:fa7b74bb8a4228e2c56042d9aa44700052a5514853a033968af06accacf630ac	PASS	/root/original_registry_a_review	english_source_context_family_review
item:item.botania.horn_snow	sha256:cd4feedd3818f17d1e9c61e282ba772117304fbd18118a28f1bc9c4237f0a0d1	PASS	/root/original_registry_a_review	english_source_context_family_review
item:item.botania.incense_stick	sha256:5251df1c84a4b27b5c540043221ac40f3342ea0e99e29ed06a97bb34389c9f7c	PASS	/root/original_registry_a_review	english_source_context_family_review
item:item.botania.infinite_fruit	sha256:4b438fb780205b18d3bdff7cf635284835b7e265b2fd5f0c44ae08595b42ae87	PASS	/root/original_registry_a_review	english_source_context_family_review
item:item.botania.infused_seeds	sha256:e822053e949a5b4c81a25fa5f807d3ae4f44623c1a383d94ef0aa4fa1bb3761c	PASS	/root/original_registry_a_review	english_source_context_family_review
item:item.botania.itemfinder	sha256:b9855f104f45dc11896b2822bdf8d36fe7ecdbccddc63719b797a0d7cc762e3f	PASS	/root/original_registry_a_review	english_source_context_family_review
item:item.botania.keep_ivy	sha256:17f95f650cb11603db007995aed330191bac4e079c019d644e6eea592f1f1ac8	PASS	/root/original_registry_a_review	english_source_context_family_review
item:item.botania.king_key	sha256:870bbeb44a69501a5ceccf99b59daebd130057a684602d6156645e6618f70089	CHANGE	/root/original_registry_a_review	english_source_context_family_review
item:item.botania.lens_bounce	sha256:7949ecb23b0cd8382f8eedab562f90da11a7015ed62249218cd01b299fcbd6b2	PASS	/root/original_registry_a_review	english_source_context_family_review
item:item.botania.lens_damage	sha256:b39e6de609177d7a712413af4fe149514c9cbc06a9724608b272d4e0368c41b2	PASS	/root/original_registry_a_review	english_source_context_family_review
item:item.botania.lens_efficiency	sha256:2113f3af82e1c40bf5b7b97b5013a4563258d3a38b51088b8931f73a98dac0f3	PASS	/root/original_registry_a_review	english_source_context_family_review
item:item.botania.lens_explosive	sha256:374b59db90ebf3961a6418657ee4c349f351e6aa64e3b78ca388e9904d6b988e	PASS	/root/original_registry_a_review	english_source_context_family_review
item:item.botania.lens_fire	sha256:b07de191cbc07aeee6488bbb363ac732a359b1faa026bb34c02894348629f444	PASS	/root/original_registry_a_review	english_source_context_family_review
item:item.botania.lens_firework	sha256:a457b7c60944b3a70119d14bb45655a8332f5af0ab286644b7a524a3a41a025f	PASS	/root/original_registry_a_review	english_source_context_family_review
item:item.botania.lens_flare	sha256:ddecd89daf73b8e94d57392375ec03715c14747e9e883c24036978dd6bef33fc	PASS	/root/original_registry_a_review	english_source_context_family_review
item:item.botania.lens_gravity	sha256:022a2810499f3864268c4e2f04fa7b6ab70b80a2d7d10b749895c3258832f17a	PASS	/root/original_registry_a_review	english_source_context_family_review
item:item.botania.lens_influence	sha256:0849c9293312374356c9d644d094ebab08b6bb1fc0b09604acd40385f7fb66ad	PASS	/root/original_registry_a_review	english_source_context_family_review
item:item.botania.lens_light	sha256:8629130d6f43cc83e000f0541c178daaabe72957f12f37eb1b8401bc46ec86d9	PASS	/root/original_registry_a_review	english_source_context_family_review
item:item.botania.lens_magnet	sha256:424dec2a1589387e429b59ea54d8c9a3ab78d2fc40801a492b3136ada2748199	PASS	/root/original_registry_a_review	english_source_context_family_review
item:item.botania.lens_messenger	sha256:02e63b0934ea2b50aa4100eb66cce436ea540d41c2b6de17bf30186ae8013e12	PASS	/root/original_registry_a_review	english_source_context_family_review
item:item.botania.lens_mine	sha256:b24959159095b67d959529568f98fe2df0478482c2b4f834a8df32660a25003d	PASS	/root/original_registry_a_review	english_source_context_family_review
item:item.botania.lens_paint	sha256:356d867c3dda8721c92a7ddb72143241d89077b458dc57c3616cf22ac5ecf66e	PASS	/root/original_registry_a_review	english_source_context_family_review
item:item.botania.lens_phantom	sha256:68c5ccb7007469609e22474be5ddc3c45a362c0b05e8198c3c8c9c1ac7578f6f	PASS	/root/original_registry_a_review	english_source_context_family_review
item:item.botania.lens_piston	sha256:203e7b50d42ebb153eb12764e424fb40070934a934da83add8df993d87684d69	PASS	/root/original_registry_a_review	english_source_context_family_review
item:item.botania.lens_power	sha256:5931bb42ca8a7dea63f87425cfe261c6c109135867070d6dbca9e95629134418	PASS	/root/original_registry_a_review	english_source_context_family_review
item:item.botania.lens_redirect	sha256:383fa381ebcbe6fd4c4bbe0bd9e74f77b799fb06508467e450d98f3031acf7ce	PASS	/root/original_registry_a_review	english_source_context_family_review
item:item.botania.lens_speed	sha256:10fc9f95f90963ac2df4950abee82ac91205326a5860dfd5586eba644978c3b2	PASS	/root/original_registry_a_review	english_source_context_family_review
item:item.botania.lens_storm	sha256:b352377a08d3f10940734b61b52fe64637e0f940524b3aadcd0d943e7745f7e7	PASS	/root/original_registry_a_review	english_source_context_family_review
item:item.botania.lens_time	sha256:b74aed6b4d7f460039d747ebc44ec0d129c9cd7ec3321f8f025f39ef61d79037	PASS	/root/original_registry_a_review	english_source_context_family_review
item:item.botania.lens_tripwire	sha256:be41349e872cc419812e56e61065ed1fc3351ede6f053c81dfb0950b3b0e140f	PASS	/root/original_registry_a_review	english_source_context_family_review
item:item.botania.lens_warp	sha256:435fbaa7374d8735939c46f3f8bc945e2aa3974d29a6ce1fc15cd92c1a0b4376	PASS	/root/original_registry_a_review	english_source_context_family_review
item:item.botania.lens_weight	sha256:15b848993358eef43c9cc6ca4a0733ca0a0dc591d805433a253e65c6fd347180	PASS	/root/original_registry_a_review	english_source_context_family_review
item:item.botania.livingwood_bow	sha256:490c9d8bba656de81221d0186955f45abc06f0b6cd4e7239eba5ef65b4cb5b31	PASS	/root/original_registry_a_review	english_source_context_family_review
item:item.botania.magnet_ring_greater	sha256:7b43944b3ff18efaf80f242072be9bf35b097a700487de596584717ec8c3382c	PASS	/root/original_registry_a_review	english_source_context_family_review
item:item.botania.mana_cookie	sha256:7f65a89bd873980194c13237f9d94a46a125a601b9c51e6f5002e0220c1b6528	PASS	/root/original_registry_a_review	english_source_context_family_review
item:item.botania.mana_diamond	sha256:d4e6a361e7191ce6cc39740ba2934badf39e5ddbf550d35a4338d188d30a39e4	PASS	/root/original_registry_a_review	english_source_context_family_review
item:item.botania.mana_gun	sha256:d72cc2a8dd813b6dcad862ce59e5c45704ba25bdf9a9beaa362a4caae55c3daa	PASS	/root/original_registry_a_review	english_source_context_family_review
item:item.botania.mana_pearl	sha256:b9bc94f1e9c3a9417dfe1c1ba9e7b5463baae74f284babb202bcdfbc7adf6301	PASS	/root/original_registry_a_review	english_source_context_family_review
item:item.botania.mana_powder	sha256:8b097e55021affad33332decd4ea7bc3d907f60696b79d17b6757099a2391ca2	CHANGE	/root/original_registry_a_review	english_source_context_family_review
item:item.botania.mana_ring_greater	sha256:01a342512d875db8246489229637749d5b01e0b69a9b2eb3b7b777f170ee87c7	PASS	/root/original_registry_a_review	english_source_context_family_review
item:item.botania.manasteel_axe	sha256:cdd5d8bb19f51668954b7b13eb74f29ef15679aa1eeed2488ef0c8163fec80c3	PASS	/root/original_registry_a_review	english_source_context_family_review
item:item.botania.manasteel_boots	sha256:60166aaea4d515dc96ef55ff4f0a73f80908728a4643080f4a649fa02d599b86	PASS	/root/original_registry_a_review	english_source_context_family_review
item:item.botania.manasteel_chestplate	sha256:18717a3e77139d06451cd84ef8c3046873b93799d46c653b71bb9584843a75ed	PASS	/root/original_registry_a_review	english_source_context_family_review
item:item.botania.manasteel_helmet	sha256:d64d2b34f814aef095915a702176fdefd7629c6e5a6e33a6c2491ab054d09544	PASS	/root/original_registry_a_review	english_source_context_family_review
item:item.botania.manasteel_hoe	sha256:abd0e96aa91a1241c50411db2a8622bb2fd6a545bebb9aca0f71d9a81e0d119f	PASS	/root/original_registry_a_review	english_source_context_family_review
item:item.botania.manasteel_ingot	sha256:5412b7eac210a0454441f9f1ae821f7075f9040eb79d75172c7b85a6fa448f83	PASS	/root/original_registry_a_review	english_source_context_family_review
item:item.botania.manasteel_leggings	sha256:00f8a1bac59bb521bb4ae0c153a3c85fcce47773f166199476a0df47850f7868	PASS	/root/original_registry_a_review	english_source_context_family_review
item:item.botania.manasteel_nugget	sha256:bc6003b975ae48a44a01e5f026bfc8fb94a66ee37aec270fa228ebada5e2c5d6	PASS	/root/original_registry_a_review	english_source_context_family_review
item:item.botania.manasteel_pick	sha256:bb8f68038612b1449fdaf40a4b8f216880546ac4a99de574e84afa37903fbebf	PASS	/root/original_registry_a_review	english_source_context_family_review
item:item.botania.manasteel_shears	sha256:c766be973dba93c856c65ac0925d1ce04a5244bd21153aff84f77e2a7c6b7311	PASS	/root/original_registry_a_review	english_source_context_family_review
item:item.botania.manasteel_shovel	sha256:09389616ebaaa63e83a96348cef47c7edfc8f87b5cbca7a60a25b8f34e63fe23	PASS	/root/original_registry_a_review	english_source_context_family_review
item:item.botania.manasteel_sword	sha256:da14aa4daff684e4de18c40e13a3f1fe59179ea9d317d43159e7407c7f56ccca	PASS	/root/original_registry_a_review	english_source_context_family_review
item:item.botania.manaweave_chestplate	sha256:d75544c579404d12e28bdb5cefce780393d8610a57848521da61ced38d77d3f7	PASS	/root/original_registry_a_review	english_source_context_family_review
item:item.botania.manaweave_leggings	sha256:b813cb982848ad1fb5f3d475974c80930726bef21607035b103823a9f00255be	PASS	/root/original_registry_a_review	english_source_context_family_review
item:item.botania.mining_ring	sha256:81f1a654665ab2e8032d840331baf1c9ccf40946e89200dec439b281e1c7e038	PASS	/root/original_registry_a_review	english_source_context_family_review
item:item.botania.missile_rod	sha256:7f2fb2889e54e759a71c3d41c29333f0ff7a3fbaa9e9600804748657426355c5	PASS	/root/original_registry_a_review	english_source_context_family_review
item:item.botania.monocle	sha256:00ea9d05ef36e31a8d91c1dd7f5b066584171eaa3ad05f76049b9953fb908e46	PASS	/root/original_registry_a_review	english_source_context_family_review
item:item.botania.mutated_seeds	sha256:a4c2dc7fcf8f567c45677214ebef70b7dae137da1712282faa47676b47ce8a31	PASS	/root/original_registry_a_review	english_source_context_family_review
item:item.botania.mycelium_seeds	sha256:7dfa5e57e34cdb5576f129e5ebda421fd92ae341d6fdaca21a463bd4dbae1091	PASS	/root/original_registry_a_review	english_source_context_family_review
item:item.botania.obedience_stick	sha256:4653aa07c24db331dcc55f8689a2ff9857ba94928f33a17a5d2532684ffb598a	PASS	/root/original_registry_a_review	english_source_context_family_review
item:item.botania.pattern_1_1	sha256:f6a32c4ab3e51efba91f1ea8e30e38be12089fb0ed56776afc5dddf8dc131fef	PASS	/root/original_registry_a_review	english_source_context_family_review
item:item.botania.pattern_1_2	sha256:207badc4e69f86d03b1365fd6b05326713520f0efdc2064ac5acad3905d7d058	PASS	/root/original_registry_a_review	english_source_context_family_review
item:item.botania.pattern_1_3	sha256:649b7d22f9ebd334ee01633efc0ec8749cc5aed6800a7156a1e06b8c8f2b5649	PASS	/root/original_registry_a_review	english_source_context_family_review
item:item.botania.pattern_2_1	sha256:b14f704b19d690be482ba3e6884a39f56d57de674369edf1350ac97a8bf3badb	PASS	/root/original_registry_a_review	english_source_context_family_review
item:item.botania.pattern_2_2	sha256:261e593f10b284725bba12c50df91c8650bef5829d1b55505d2d51516c633666	PASS	/root/original_registry_a_review	english_source_context_family_review
item:item.botania.pattern_2_3	sha256:9b2a385786d4523cc6afeeb1525ec75224e0841b468b6a48bfa9b3055cfebcba	PASS	/root/original_registry_a_review	english_source_context_family_review
item:item.botania.pattern_3_1	sha256:7566290bcb5fa2ce8008330168474345d83812e037b4bb1b4f9be46e0dd56cdc	PASS	/root/original_registry_a_review	english_source_context_family_review
item:item.botania.pattern_3_2	sha256:11352534d426d1dd20d7221f44923126369d9a6055e66960c4bde20568455603	PASS	/root/original_registry_a_review	english_source_context_family_review
item:item.botania.pattern_donut	sha256:1a3907be5f4b6acbd3ea3ca59f7f5b6ae1bb1e1e50c50de60c8a290619033bcf	PASS	/root/original_registry_a_review	english_source_context_family_review
item:item.botania.pixie_ring	sha256:8513dbd1b823dc8c903474586c05a150a257cee081124cda7dc7c7723f4a6de7	PASS	/root/original_registry_a_review	english_source_context_family_review
item:item.botania.placeholder	sha256:258c37a099888f6627205f25dde6078d70f038bdb6743ac526483a266c737e70	PASS	/root/original_registry_a_review	english_source_context_family_review
item:item.botania.podzol_seeds	sha256:b25ee04370456054c30725743ad980ed9b234f638db23c674caf3e6675404b31	PASS	/root/original_registry_a_review	english_source_context_family_review
item:item.botania.quartz_blaze	sha256:acf84ed2ad0ce669f8b85353671a7d66fae1c666574185770866ad92d3b6e535	PASS	/root/original_registry_a_review	english_source_context_family_review
item:item.botania.quartz_dark	sha256:e425b3949bea973515c0fcc208865e9ace86a922d0a75504f4af6f2dcc3a6b5d	CHANGE	/root/original_registry_a_review	english_source_context_family_review
item:item.botania.quartz_red	sha256:dcf167a77452e44e3288aa53f761f7ccee62bf232eb3c11c5323760a4c6f4e59	PASS	/root/original_registry_a_review	english_source_context_family_review
item:item.botania.rainbow_rod	sha256:b43f97c11c1fc2ccf2456d669ba0c4649b7fd9ffeb3aef60aef32f1c3a3197cd	PASS	/root/original_registry_a_review	english_source_context_family_review
item:item.botania.reach_ring	sha256:405b65b12a9c7f45d442d614156eab0bcbf79376fca4acdd4fbc19be341ccb39	PASS	/root/original_registry_a_review	english_source_context_family_review
item:item.botania.record_gaia_1	sha256:1f262edb4f2efa9f9229812b9b097ba68bc7e111559ec41501c57011dbc4bc27	PASS	/root/original_registry_a_review	english_source_context_family_review
item:item.botania.record_gaia_2	sha256:1f262edb4f2efa9f9229812b9b097ba68bc7e111559ec41501c57011dbc4bc27	PASS	/root/original_registry_a_review	english_source_context_family_review
item:item.botania.red_string	sha256:725ee986c3639f8bf43d26b6cae4becd07bd5817797b30efb57e574ab8322c7e	PASS	/root/original_registry_a_review	english_source_context_family_review
item:item.botania.redstone_root	sha256:9b4ca33bfe1def688e0177dff51bbd72df16530f7ce5f7fb0f12888c9c634876	PASS	/root/original_registry_a_review	english_source_context_family_review
item:item.botania.scorched_seeds	sha256:26fbf3bf6d874d4f047cc3823650e42b552693b96d3461d1910b25ffc400d6e3	PASS	/root/original_registry_a_review	english_source_context_family_review
item:item.botania.sextant	sha256:de0d50ba97575b02f09c39f8d75a0730db983928ce5f52f74534b9d2d3abe256	PASS	/root/original_registry_a_review	english_source_context_family_review
item:item.botania.skydirt_rod	sha256:66c3fa1fa8273bae22acf35d22473e0a181612827c275a7f1ad2f2d6db6c3464	PASS	/root/original_registry_a_review	english_source_context_family_review
item:item.botania.slime_bottle	sha256:614b35e90af80d708786115e2f4b8ac1236f30ff52a2713d751fbaa1aaf9f81a	PASS	/root/original_registry_a_review	english_source_context_family_review
item:item.botania.slingshot	sha256:9ffd506783cc1839d74f548ca514b330a5fe528e6430085f6c4655eef1efbada	PASS	/root/original_registry_a_review	english_source_context_family_review
item:item.botania.smelt_rod	sha256:37ed5462e49d55f3f51d773fc4b6fe6610df95e9d5cb7c771e070f1c2a70f9b4	PASS	/root/original_registry_a_review	english_source_context_family_review
item:item.botania.spark_upgrade_dispersive	sha256:5162996a7d2846dd8e52a10c5c53836cbb469321cf1651e16f3f6aecd5462bb2	PASS	/root/original_registry_a_review	english_source_context_family_review
item:item.botania.spark_upgrade_dominant	sha256:00ac54816e25c427726ca5e55e07cce4f56e6dc60101fad6a46892edcb163d12	PASS	/root/original_registry_a_review	english_source_context_family_review
item:item.botania.spark_upgrade_isolated	sha256:a51903cb874c8e257820deeb96203fba2991fbacd1a709c48ed3f3c561986736	PASS	/root/original_registry_a_review	english_source_context_family_review
item:item.botania.spark_upgrade_recessive	sha256:659cdbbdf011be43ced8f34b32e465d800d36a8684e569e051b9d3fbb3347a42	PASS	/root/original_registry_a_review	english_source_context_family_review
item:item.botania.speed_up_belt	sha256:f6c52c30c61250354cbfd6ec86d0f0071f05ba512afc2d70f994e64a87b10719	PASS	/root/original_registry_a_review	english_source_context_family_review
item:item.botania.spell_cloth	sha256:9be043b31f86438952c7fc0e19344336958fe39b2be29200d73de76d2507b4b2	PASS	/root/original_registry_a_review	english_source_context_family_review
item:item.botania.star_sword	sha256:2e5d0b4dc0d4c0a7985e30fa7b3382acc027ad33ad8a3a564f892e76db266601	PASS	/root/original_registry_a_review	english_source_context_family_review
item:item.botania.super_cloud_pendant	sha256:e975868df241d16867b53ff8051a15c3c6b7f79f55a9e2f31aa90388f3a38f08	PASS	/root/original_registry_a_review	english_source_context_family_review
item:item.botania.super_travel_belt	sha256:77f49a9cf069d45edf134b969ed4feee18952e5ee9c1da7d12a8ad731e0dcd6a	PASS	/root/original_registry_a_review	english_source_context_family_review
item:item.botania.terra_axe	sha256:538cb3f858c431e1d58df1e8861d4a136af020d51137818d0e63ceac2bac1bb5	PASS	/root/original_registry_a_review	english_source_context_family_review
item:item.botania.terra_pick	sha256:418258708911c0eab1e35cf6f539b206643ff83e6bc7dff0ac61a51f84935a46	PASS	/root/original_registry_a_review	english_source_context_family_review
item:item.botania.terra_sword	sha256:9a727e083a0142f6aed8c29a4c2d5e8429763025605f3e63bd01b42830de4817	PASS	/root/original_registry_a_review	english_source_context_family_review
item:item.botania.terraform_rod	sha256:a531c1960209318164c8dd4643c2f02cd459d5d5fb283c466ea6290a9c3d1437	PASS	/root/original_registry_a_review	english_source_context_family_review
item:item.botania.terrasteel_boots	sha256:302959aedd745923d4a9335bfdb930f2f450d561e7ef5d94a4501c00f99c9e3c	PASS	/root/original_registry_a_review	english_source_context_family_review
item:item.botania.terrasteel_chestplate	sha256:656e37dc1409c4ff821152adefe2539a416fb6d254588359bc2803ef69e352e5	PASS	/root/original_registry_a_review	english_source_context_family_review
item:item.botania.terrasteel_helmet	sha256:ea22cfaf54e757ebe94e38c0bee058bb675f7ccf7df88da161b125cc74314a22	PASS	/root/original_registry_a_review	english_source_context_family_review
item:item.botania.terrasteel_ingot	sha256:e7140b242ede8b463c45d26753e3ce53408848367d37ab27df18f8bc282caf4c	PASS	/root/original_registry_a_review	english_source_context_family_review
item:item.botania.terrasteel_leggings	sha256:9d7d8e6458da35203b183b95f6936ac6bded68cbc39c033de47176076327fc80	PASS	/root/original_registry_a_review	english_source_context_family_review
item:item.botania.terrasteel_nugget	sha256:a1220d27290d1f6384b1ad3a13410f4e0a31d51ba64f5eceb1fe24b5f312772f	CHANGE	/root/original_registry_a_review	english_source_context_family_review
item:item.botania.tiny_planet	sha256:d0be0acef7590e043e3b988b7dd2d49070c24d4d194f4d03547a3fc38e7e6879	PASS	/root/original_registry_a_review	english_source_context_family_review
item:item.botania.tornado_rod	sha256:0a11af3d2483896c2fa09f6364d28c856a77f7ec39d98d76c7633945497e0cd9	PASS	/root/original_registry_a_review	english_source_context_family_review
item:item.botania.twig_wand	sha256:19b99edb218db86957f816a13d2a3e1fa7acfdeffcee44ba38d70c2e35cd621c	PASS	/root/original_registry_a_review	english_source_context_family_review
item:item.botania.unholy_cloak	sha256:e675a23f991e7c437f5d9e7d0cd656cf6aa41c6bb173f0519b170125e8504cc2	PASS	/root/original_registry_a_review	english_source_context_family_review
item:item.botania.vial	sha256:78c675a40ff6150a0c214ac5eab445aaf733b4a2224a54bee2188168751e8501	CHANGE	/root/original_registry_a_review	english_source_context_family_review
item:item.botania.virus_nullodermal	sha256:0628d8fb46c1b6653776420709a09165d828e0cd2237fc1e7e8601f008ef1be8	PASS	/root/original_registry_a_review	english_source_context_family_review
item:item.botania.vivid_seeds	sha256:2f49a9f70e6d751e8aefad1ae6acab193ca49669cb1cbaf414efe3c19c64a813	PASS	/root/original_registry_a_review	english_source_context_family_review
item:item.botania.water_bowl	sha256:dfd25c46eb3871b9da63cf15a36c4b928671dcebfe532f0ce586184e1674f3ac	PASS	/root/original_registry_a_review	english_source_context_family_review
item:item.botania.water_rod	sha256:5b74592236cdc406ef2ddfdb5366717ab1ebb3ac70cb269c760fc55b3590732f	PASS	/root/original_registry_a_review	english_source_context_family_review
item:item.create.blaze_cake	sha256:68a63825a4c107e1e8689cf066b4adaafbe4b30087205c5de5dc08bcb0ad2660	PASS	/root/original_registry_a_review	english_source_context_family_review
item:item.create.blaze_cake_base	sha256:d54b7a710eddc359cb0e936486d38b46807e5b37e6473ecdc1c0d05f6a41e622	PASS	/root/original_registry_a_review	english_source_context_family_review
item:item.create.creative_blaze_cake	sha256:c27249a63f44df5039d92a3a27ed8570b7791e79b4ab39cd40e508c3c59e3e3c	PASS	/root/original_registry_a_review	english_source_context_family_review
item:item.create.linked_controller	sha256:656ae49151db218cd77f8d0cdde15fef91f9a04b3b374a5065dadadaf31ac652	PASS	/root/original_registry_a_review	english_source_context_family_review
item:item.create.vertical_gearbox	sha256:f8c6c639137cc632bd2a2f447e9bff289fdddefcb4b3ae79d665dc333d20170e	PASS	/root/original_registry_a_review	english_source_context_family_review
item:item.create_central_kitchen.aloe_gel_bucket	sha256:c2a1cf468300389b8325f66aeef4c3be9d7c1488808f640ca3f22e4903899a16	PASS	/root/original_registry_a_review	english_source_context_family_review
item:item.create_central_kitchen.incomplete_chorus_flower_pie	sha256:f50cefe7269ec9fd7b25b52d9b88ea35354068886ce3066ba6b5291135f41ca7	PASS	/root/original_registry_a_review	english_source_context_family_review
item:item.create_central_kitchen.incomplete_chorus_fruit_pie	sha256:796ebbdf30e2ac2983991eb06a074f6b3e2677b565de1acccd24b80c30730222	PASS	/root/original_registry_a_review	english_source_context_family_review
item:item.create_central_kitchen.incomplete_lime_pie	sha256:a24f4563188910bdb1f681b48a7ff72757e123c130bab24f662fb42a84652892	PASS	/root/original_registry_a_review	english_source_context_family_review
item:item.create_central_kitchen.incomplete_portobello_burger	sha256:4a61056d6fb61fcafabfda659817684a8e531fe4b5b9640ec492d534bd899320	PASS	/root/original_registry_a_review	english_source_context_family_review
item:item.create_central_kitchen.incomplete_portobello_quiche	sha256:7f80a0ebcace6c7a9297ff585ac2834912fc2f9915fbddfd4560a922d10a28d3	PASS	/root/original_registry_a_review	english_source_context_family_review
item:item.create_central_kitchen.incomplete_portobello_wrap	sha256:cbe9b6aeee00724d98b17a09c75b2478a04a0d31ac0c6d0a520ed2a36daa459e	PASS	/root/original_registry_a_review	english_source_context_family_review
item:item.create_central_kitchen.mulberry_jam_bucket	sha256:01fff3cffcb18258f60977a50cb11e30303113f057eb50e45b10be46edfd4a72	PASS	/root/original_registry_a_review	english_source_context_family_review
item:item.create_central_kitchen.sap_bucket	sha256:eba28660b8fbbdd52deeb21f936bf8069c6e1a0650f3e0886de100598247de35	PASS	/root/original_registry_a_review	english_source_context_family_review
item:item.create_central_kitchen.syrup_bucket	sha256:65557fbfa540468ac6b471d4e0f73707e980b444a1c3e1d9050e662179e01071	PASS	/root/original_registry_a_review	english_source_context_family_review
item:item.eidolon.alchemists_tongs	sha256:2befa2153d9643b24d3d8cbc66ce1e79aa3ae9a2f93cc82edb5780263f729040	PASS	/root/original_registry_a_review	english_source_context_family_review
item:item.enderchests.ender_pouch	sha256:f4bdde7c309800fe014aa4854a0a632155a83edfbb6e496ce23922cd3cbbd420	PASS	/root/original_registry_a_review	english_source_context_family_review
item:item.enderio.basic_fluid_filter	sha256:42ac9466788b0c93860338b99f6b8c180408fdc966a606a481ac4fb816d0801a	PASS	/root/original_registry_a_review	english_source_context_family_review
item:item.enderio.basic_item_filter	sha256:10c36550ff0c8b7cbafc1969ce7a78b64359c8446c705cfffc3de3c86528f78c	PASS	/root/original_registry_a_review	english_source_context_family_review
item:item.enderio.ender_chemical_conduit	sha256:767470835d8db2d487f9b98a39b8efbc4554c7bffa96f99a684b12ad971d967d	PASS	/root/original_registry_a_review	english_source_context_family_review
item:item.enderio.redstone_and_filter	sha256:fc2ed375d97acc0abe1e4125383bbcc2bdc497de73f04b2e467fd7613085aeec	PASS	/root/original_registry_a_review	english_source_context_family_review
item:item.enderio.redstone_counting_filter	sha256:6f224ed6823fcb48746776ec2db71839267c3b7ec922528aac4a11c32a18c81d	PASS	/root/original_registry_a_review	english_source_context_family_review
item:item.enderio.redstone_nand_filter	sha256:9e4e6bc564c3eeb7032fd2e23ed36985cea363074213d18a1a07e1a58615f274	PASS	/root/original_registry_a_review	english_source_context_family_review
item:item.enderio.redstone_nor_filter	sha256:d8aab203350fc403502583118120d87420439bcb10ac284de0dc59f606637003	PASS	/root/original_registry_a_review	english_source_context_family_review
item:item.enderio.redstone_not_filter	sha256:6ee3fb2b28de0f2481718972cff99f27de8726b5dd10bfd4488f6270c4c1ec8a	PASS	/root/original_registry_a_review	english_source_context_family_review
item:item.enderio.redstone_or_filter	sha256:55e2c9b595a8191f4e609e31c4874b1aad075321cf620c77dad43b315702ca73	PASS	/root/original_registry_a_review	english_source_context_family_review
item:item.enderio.redstone_xnor_filter	sha256:378a7544f098695eba4d35217afebb319b24c53589861ad765f924ed13bb20aa	PASS	/root/original_registry_a_review	english_source_context_family_review
item:item.enderio.redstone_xor_filter	sha256:af93215e87ab1c5c049aef33f8514963f2bec10aee662f1fda309e9c4cd973e1	PASS	/root/original_registry_a_review	english_source_context_family_review
item:item.enderio.refined_storage_conduit	sha256:6f46f1eee463808a8e8ce127f1177531a843142f587084c9716fe931da5f75bd	CHANGE	/root/original_registry_a_review	english_source_context_family_review
item:item.enderio.staff_of_travelling	sha256:99cd868ac475371e643774b7bd3f8ff27465bfeac52f2ade17f6ab59752d0128	PASS	/root/original_registry_a_review	english_source_context_family_review
item:item.exposure.chromatic_sheet	sha256:9635b07ec31c554bb8c6971c10689192b6017e1644d5f9ff7f6b9e7cb73fbdb5	PASS	/root/original_registry_a_review	english_source_context_family_review
item:item.exposure.photograph_frame	sha256:3d71a006349af1d7b2272a4b4de2877b3d0881b69416d32807be03b2655ebbe1	PASS	/root/original_registry_a_review	english_source_context_family_review
item:item.farmersdelight.apple_pie_slice	sha256:6f3d38bbd237d1f2d2a9dbd4bbc770bf5ff1a69890cf8fa0db592ba7fadafc9f	PASS	/root/original_registry_a_review	english_source_context_family_review
item:item.farmersdelight.baked_cod_stew	sha256:af4dc92956683cfd6345b08244115b43e5dd88ac9b2d2926adee5351fe7c883f	PASS	/root/original_registry_a_review	english_source_context_family_review
item:item.farmersdelight.bone_broth	sha256:5085ab1ac9715e96b19a366defbae0a8e8ad9cc50c98e3cd78b0d8b0736bb07d	PASS	/root/original_registry_a_review	english_source_context_family_review
item:item.farmersdelight.cake_slice	sha256:d824e0fc5193e7c6990e208cede3e264cec3e115a96d896113302d13003f6bde	PASS	/root/original_registry_a_review	english_source_context_family_review
item:item.farmersdelight.chocolate_pie_slice	sha256:7e313f3cc023b0bf454afbf7074844c08bdbe75537896596dcc7eabb7ee077a0	PASS	/root/original_registry_a_review	english_source_context_family_review
item:item.farmersdelight.cod_roll	sha256:004c55272b004ec76aa5b0cf134e5e0886ece587f52f129341edc4e05ee2b6e2	PASS	/root/original_registry_a_review	english_source_context_family_review
item:item.farmersdelight.dumplings	sha256:0ce9ba359d689b47e8a26b10905b79597c549266fa1f9ec576e8161cadb377c6	PASS	/root/original_registry_a_review	english_source_context_family_review
item:item.farmersdelight.flint_knife	sha256:edcad143358cbfc7b82ded8844e2c264afdea85281f43da15e79ce7e33e1aa41	CHANGE	/root/original_registry_a_review	english_source_context_family_review
item:item.farmersdelight.fried_egg	sha256:46356211ccca7c2540c1a0dc71319b48381a4c6df5691dcac711d20e8928dc19	PASS	/root/original_registry_a_review	english_source_context_family_review
item:item.farmersdelight.kelp_roll	sha256:a3cbeac11f3629648a6792682cf6bfd9af4a57321385644b5d95558bbc4d3ec0	PASS	/root/original_registry_a_review	english_source_context_family_review
item:item.farmersdelight.kelp_roll_slice	sha256:3d1ed32e4536d999ce51f593c92d88949f77cfec2ec75cf00b815731885bef3d	PASS	/root/original_registry_a_review	english_source_context_family_review
item:item.farmersdelight.melon_popsicle	sha256:e415f50409303ff428a34441d784f5acd94dbdd454fb1669a5f98c2b533e10be	PASS	/root/original_registry_a_review	english_source_context_family_review
item:item.farmersdelight.roast_chicken	sha256:bd978df64e21e3a3a29e6c28ce6913a229fbeb516bcc1cb67e9c4f5dec6f75ae	PASS	/root/original_registry_a_review	english_source_context_family_review
item:item.farmersdelight.roasted_mutton_chops	sha256:3a08e13e4df2aa2c5aaa243f24fcc007c1a8a97d19aaba9f9926d7999be1550b	PASS	/root/original_registry_a_review	english_source_context_family_review
item:item.farmersdelight.salmon_roll	sha256:0f570e09e18b2305c9e5dcb5150cd709a5e85f4c73adfca29f17bc2f331063cf	PASS	/root/original_registry_a_review	english_source_context_family_review
item:item.farmersdelight.sweet_berry_cheesecake_slice	sha256:e00614c25df6441c8e82d9e520d39b5da0d4f74232f6941dc4c40b0068fd438a	PASS	/root/original_registry_a_review	english_source_context_family_review
item:item.farmersdelight.sweet_berry_cookie	sha256:9e39eac38a8fe36e1385a609c3e7cf5ed0aa4352fed532d9c7c4b5d25b131b16	PASS	/root/original_registry_a_review	english_source_context_family_review
item:item.ftblibrary.fluid_container	sha256:fa8321b45cd14a93d33a3b37c5f72d2fe131430279747df8dba64e484ab3aeea	PASS	/root/original_registry_a_review	english_source_context_family_review
item:item.geckolib.bat_spawn_egg	sha256:a32ae52b17c7ef3e14f5b4bfea3891e97f56b0fd4bf0f66b40d3efbbff8496ed	PASS	/root/original_registry_a_review	english_source_context_family_review
item:item.geckolib.bike_spawn_egg	sha256:2f7398186b6a796811e7cd73c08c9e250d379217038bb4e85265aa9c12396187	PASS	/root/original_registry_a_review	english_source_context_family_review
item:item.geckolib.cool_kid_spawn_egg	sha256:92fbcdb8f65328f3463bc04a513a7f335375f608f06966892f7ec008c11dc708	PASS	/root/original_registry_a_review	english_source_context_family_review
item:item.geckolib.fake_glass_spawn_egg	sha256:41d82ad8cd03e9066e123e429d513449291a2d4f61662bfa4dc3adb5e1b97f69	PASS	/root/original_registry_a_review	english_source_context_family_review
item:item.geckolib.gecko_armor_boots	sha256:215ce2baa3ffa91064ac66268162a4161576a6ce8e87c7df4be3a90016f88cfe	PASS	/root/original_registry_a_review	english_source_context_family_review
item:item.geckolib.gecko_armor_chestplate	sha256:7ff7d9f1d19d683ba18125fc126435a45c6d9b2af5590241d8d72357977c346d	PASS	/root/original_registry_a_review	english_source_context_family_review
item:item.geckolib.gecko_armor_helmet	sha256:e760d2f6f1d96c6016cc46c1b446b9fbcf85ae33b19c11cf2c5625c19d3533c4	PASS	/root/original_registry_a_review	english_source_context_family_review
item:item.geckolib.gecko_armor_leggings	sha256:e6012975e5f00f9b8f2b870177d5e547d8d01519037a971146bd0e8ae06cb1f1	PASS	/root/original_registry_a_review	english_source_context_family_review
item:item.geckolib.gremlin_spawn_egg	sha256:85e3df92daf9f17476666c2479a6ea2db296aa98df4a70afdb58c0ee1ebc8e68	PASS	/root/original_registry_a_review	english_source_context_family_review
item:item.geckolib.jack_in_the_box	sha256:1bcb932e9a58d20d139e472daa5c9b3b3cc5676130a6ae6eb2e848c6daad82ff	PASS	/root/original_registry_a_review	english_source_context_family_review
item:item.geckolib.mutant_zombie_spawn_egg	sha256:1c4481c0aef6d9917867b3bf75e3830fb623e36ffe46dfd41e601e52e48dc593	PASS	/root/original_registry_a_review	english_source_context_family_review
item:item.geckolib.parasite_spawn_egg	sha256:f89ab75906ce194ed84328ac65983be2f92befd2965b11c2568fc9bc287d7766	PASS	/root/original_registry_a_review	english_source_context_family_review
item:item.geckolib.race_car_spawn_egg	sha256:ff23d8602d0c2c643e37b6563a26bc68bcf17ffb4f74c27ae878a656047a3624	PASS	/root/original_registry_a_review	english_source_context_family_review
item:item.geckolib.wolf_armor_boots	sha256:0ee378e1b3e8e4f0b6c652a3431845708da62054525837b84b9386dd64005c4f	PASS	/root/original_registry_a_review	english_source_context_family_review
item:item.geckolib.wolf_armor_chestplate	sha256:67e920d5164014af7b64b8aceef246d1fcec419812f5d40def888893e275696c	PASS	/root/original_registry_a_review	english_source_context_family_review
item:item.geckolib.wolf_armor_helmet	sha256:5e592b08975f8343539d1904994eabb45770503fff22ca3bc181d35ed24fa4b7	PASS	/root/original_registry_a_review	english_source_context_family_review
item:item.geckolib.wolf_armor_leggings	sha256:d45ea16520af72bf5b311bec621acc5017451a26571ccfbd2277556860ac2fd5	PASS	/root/original_registry_a_review	english_source_context_family_review
item:item.immersiveengineering.dust_wood	sha256:10119ee70ac872a046a56b72f0ecaac1a6ef41180b53a0e939c6141b3d22d58e	PASS	/root/original_registry_a_review	english_source_context_family_review
item:item.immersiveengineering.shader_bag	sha256:9b39682b38a9124381473b208cc5e1a96b3940e0beda8324b01fc76b9c4208b8	PASS	/root/original_registry_a_review	english_source_context_family_review
item:item.minecraft.coast_armor_trim_smithing_template	sha256:1f567e7329d430be3005fbc10383250282d5da3e73942391e8b99eab0ee113c2	PASS	/root/original_registry_a_review	english_source_context_family_review
item:item.minecraft.dune_armor_trim_smithing_template	sha256:b66efe1b2142cf72330c17919bdc3ddfea332db2cdb15bf4c6766c02dad6a6c0	PASS	/root/original_registry_a_review	english_source_context_family_review
item:item.minecraft.eye_armor_trim_smithing_template	sha256:59d9fe439e9c2dee2bbb2fa03b5b530946c0592624b616d13ae68fc8a345c1f8	PASS	/root/original_registry_a_review	english_source_context_family_review
item:item.minecraft.host_armor_trim_smithing_template	sha256:e7a00f074e6f427613e578fb1992866c7d38d155128cef8d01c1e372f67e2793	PASS	/root/original_registry_a_review	english_source_context_family_review
item:item.minecraft.netherite_upgrade_smithing_template	sha256:3f939f84f89b811a467fffb4f5f85083fad80fbdb33ae68ae22054b51ed2b16a	PASS	/root/original_registry_a_review	english_source_context_family_review
item:item.minecraft.raiser_armor_trim_smithing_template	sha256:a12c5eb430f395d09c2eb769fb85859cc53b74be724f48b58e803e343fb8d29e	PASS	/root/original_registry_a_review	english_source_context_family_review
item:item.minecraft.rib_armor_trim_smithing_template	sha256:ed55deb1c01178f23f461b20de2a238f232287805bdaeb1aa85455bb62e6bac2	PASS	/root/original_registry_a_review	english_source_context_family_review
item:item.minecraft.sentry_armor_trim_smithing_template	sha256:5e046a1b16637fbdcfdc16839fe446fdb64bcf7f677c08169f69df863a22f676	PASS	/root/original_registry_a_review	english_source_context_family_review
item:item.minecraft.shaper_armor_trim_smithing_template	sha256:2867c058ada130d5b6b3c85a6334a27274915e7e761d85bf55a65e052763a20d	PASS	/root/original_registry_a_review	english_source_context_family_review
item:item.minecraft.silence_armor_trim_smithing_template	sha256:4cc46cdc78502ef3a6d53611238d29a99adf9d2ebb04f6d8684d3f741b106044	PASS	/root/original_registry_a_review	english_source_context_family_review
item:item.minecraft.snout_armor_trim_smithing_template	sha256:ac6d23b64f2df9a37586861af0e031dcbbeb3e8f51a628764026b7fbfc9286af	PASS	/root/original_registry_a_review	english_source_context_family_review
item:item.minecraft.spire_armor_trim_smithing_template	sha256:687e99c8537052b302c70e75b82afd8f7ef0b29f802b72925dcc279aa274be83	PASS	/root/original_registry_a_review	english_source_context_family_review
item:item.minecraft.tide_armor_trim_smithing_template	sha256:07f7023b42dc41b853f7fffb6274bd8733dc635a986fb74bf1e8edd18b475a9c	PASS	/root/original_registry_a_review	english_source_context_family_review
item:item.minecraft.vex_armor_trim_smithing_template	sha256:e52492ec6c5f44b6c1b262912b72635345ab6f6d06e284383a4b87c83f27e38a	PASS	/root/original_registry_a_review	english_source_context_family_review
item:item.minecraft.ward_armor_trim_smithing_template	sha256:a86037520d5c0531e3487911d5ed410bf3792312000688550bc573b7f5547185	PASS	/root/original_registry_a_review	english_source_context_family_review
item:item.minecraft.wayfinder_armor_trim_smithing_template	sha256:df548d85c97016bdaa33b7aee3b9b25c880f7b86e49fc1494c1b194d3eeb13ec	PASS	/root/original_registry_a_review	english_source_context_family_review
item:item.minecraft.wild_armor_trim_smithing_template	sha256:ca32c08daace114d173fe6873220b3a9e41ba03d8eb5a1e978bbae8f22376a78	PASS	/root/original_registry_a_review	english_source_context_family_review
