"id"	"source_hash"	"source"	"effective_translation"	"plain_source"	"plain_translation"	"context"	"audit_class"	"group_key"	"verdict_a"	"recommendation_a"	"reason_a"	"reviewer_a"	"verdict_b"	"recommendation_b"	"reason_b"	"reviewer_b"
"patchouli-lang:botania:botania.page.elfMessage1"	"sha256:2ad813db8f803c3115a8e547ec4f9a025799d65ba1bda78232cb537316f5e606"	"$(o)Greetings. We found this book when one of our old portal frames spontaneously opened a link to another world-- quite a shock for us indeed. On behalf of all Elven Garde, we thank you sincerely for providing us with a repository of the knowledge from your world. It's been a while since we had to leave, so it's good to see that it's been doing well."	"$(o)Приветствуем! Мы заметили, что наш портал открыл связь с другим миром. И это довольно шокирующая новость для нас! Мы благодарим Вас за предоставление нам книги знаний Вашего мира, чтобы держать нас в курсе всего, что произошло, так как мы оставили этот мир, давным-давно."	"Greetings. We found this book when one of our old portal frames spontaneously opened a link to another world-- quite a shock for us indeed. On behalf of all Elven Garde, we thank you sincerely for providing us with a repository of the knowledge from your world. It's been a while since we had to leave, so it's good to see that it's been doing well."	"Приветствуем! Мы заметили, что наш портал открыл связь с другим миром. И это довольно шокирующая новость для нас! Мы благодарим Вас за предоставление нам книги знаний Вашего мира, чтобы держать нас в курсе всего, что произошло, так как мы оставили этот мир, давным-давно."	"{""kind"": ""patchouli_language_text"", ""location"": {""archive"": ""mods/Botania-1.20.1-448-FORGE.jar"", ""member"": ""assets/botania/patchouli_books/lexicon/en_us/entries/alfhomancy/elf_message.json"", ""output_member"": ""assets/botania/patchouli_books/lexicon/ru_ru/entries/alfhomancy/elf_message.json"", ""pointer"": ""/pages/1/text""}, ""source_id"": ""patchouli"", ""state"": ""visible""}"	"PROSE"	"patchouli:assets/botania/patchouli_books/lexicon/<language>/entries/alfhomancy/elf_message.json"	"PASS"	""	""	"/root/original_language_editor_a"	"CHANGE"	"$(o)Приветствуем! Мы заметили, что наш портал открыл связь с другим миром. И это довольно шокирующая новость для нас! Мы благодарим вас за предоставление нам книги знаний вашего мира, чтобы держать нас в курсе всего, что произошло, так как мы оставили этот мир, давным-давно."	"Заглавная форма обращения внутри предложения заменена на современную строчную."	"/root/original_language_editor_b"
"patchouli-lang:botania:botania.page.elfMessage2"	"sha256:d801dd8d6396cf72af29bddf36d0b29cfe7efeac8024e408635d8232053babda"	"$(o)After extensive discussion within the High Council of Elven Garde, we have decided to cooperate with you. You see, your ""Lexica Botania"" makes references to certain resources from your world that we might be extremely keen to get our hands on-- these resources are simply non-existent in our lands."	"$(o)После некоторых дискуссий с верховным консулом Эльфийских Садов, мы решили объединить усилия. Прочитав Ваш ""Лексикон Ботании"" мы обнаружили в Вашем мире наличие большого количества ресурсов, которые мы чрезвычайно заинтересованы получить в свои руки, так как они не существуют на наших землях."	"After extensive discussion within the High Council of Elven Garde, we have decided to cooperate with you. You see, your ""Lexica Botania"" makes references to certain resources from your world that we might be extremely keen to get our hands on-- these resources are simply non-existent in our lands."	"После некоторых дискуссий с верховным консулом Эльфийских Садов, мы решили объединить усилия. Прочитав Ваш ""Лексикон Ботании"" мы обнаружили в Вашем мире наличие большого количества ресурсов, которые мы чрезвычайно заинтересованы получить в свои руки, так как они не существуют на наших землях."	"{""kind"": ""patchouli_language_text"", ""location"": {""archive"": ""mods/Botania-1.20.1-448-FORGE.jar"", ""member"": ""assets/botania/patchouli_books/lexicon/en_us/entries/alfhomancy/elf_message.json"", ""output_member"": ""assets/botania/patchouli_books/lexicon/ru_ru/entries/alfhomancy/elf_message.json"", ""pointer"": ""/pages/2/text""}, ""source_id"": ""patchouli"", ""state"": ""visible""}"	"PROSE"	"patchouli:assets/botania/patchouli_books/lexicon/<language>/entries/alfhomancy/elf_message.json"	"PASS"	""	""	"/root/original_language_editor_a"	"CHANGE"	"$(o)После некоторых дискуссий с верховным консулом Эльфийских Садов, мы решили объединить усилия. Прочитав ваш ""Лексикон Ботании"" мы обнаружили в вашем мире наличие большого количества ресурсов, которые мы чрезвычайно заинтересованы получить в свои руки, так как они не существуют на наших землях."	"Заглавная форма обращения внутри предложения заменена на современную строчную."	"/root/original_language_editor_b"
"patchouli-lang:botania:botania.page.elfMessage3"	"sha256:bcb7675b40b1fba5cab11775b0fa0a8f50bc6a07823e6d75fa0a5fcae5d04a02"	"$(o)The link you've established is, unfortunately, too weak to transfer living beings-- this seems to be a consequence of the sheer distance between our realms. A pity: we would have liked to meet our trading partner in person. However, on the upside, the link allows us to change the synchronization of time across our worlds-- which is how you will receive your book back so quickly, at least from your perspective."	"$(o)Связь, которую Вы сумели установить, слаба, живые существа не смогут пройти, как Вы уже знаете. Однако в этом есть и положительная сторона, связь проходит сквозь ткань времени обоих наших миров, по пути теряя синхронизацию, поэтому Вы получили Вашу книгу обратно так быстро."	"The link you've established is, unfortunately, too weak to transfer living beings-- this seems to be a consequence of the sheer distance between our realms. A pity: we would have liked to meet our trading partner in person. However, on the upside, the link allows us to change the synchronization of time across our worlds-- which is how you will receive your book back so quickly, at least from your perspective."	"Связь, которую Вы сумели установить, слаба, живые существа не смогут пройти, как Вы уже знаете. Однако в этом есть и положительная сторона, связь проходит сквозь ткань времени обоих наших миров, по пути теряя синхронизацию, поэтому Вы получили Вашу книгу обратно так быстро."	"{""kind"": ""patchouli_language_text"", ""location"": {""archive"": ""mods/Botania-1.20.1-448-FORGE.jar"", ""member"": ""assets/botania/patchouli_books/lexicon/en_us/entries/alfhomancy/elf_message.json"", ""output_member"": ""assets/botania/patchouli_books/lexicon/ru_ru/entries/alfhomancy/elf_message.json"", ""pointer"": ""/pages/3/text""}, ""source_id"": ""patchouli"", ""state"": ""visible""}"	"PROSE"	"patchouli:assets/botania/patchouli_books/lexicon/<language>/entries/alfhomancy/elf_message.json"	"PASS"	""	""	"/root/original_language_editor_a"	"CHANGE"	"$(o)Связь, которую вы сумели установить, слаба, живые существа не смогут пройти, как вы уже знаете. Однако в этом есть и положительная сторона, связь проходит сквозь ткань времени обоих наших миров, по пути теряя синхронизацию, поэтому вы получили вашу книгу обратно так быстро."	"Заглавная форма обращения внутри предложения заменена на современную строчную."	"/root/original_language_editor_b"
"patchouli-lang:botania:botania.page.elfMessage5"	"sha256:0a29a917cf0f322ceaa8a360d094cd93f2862e24bde39d9e3949d577d37922f2"	"$(o)We have taken the liberty of assigning our best scribes to transcribe the bulk of the knowledge from our world into your lexicon. We hope you find it enlightening, and that the knowledge encourages you to invest in our materials."	"$(o)Мы взяли на себя смелость, и дали задание нашим лучшим писцам, собрать большой набор знаний из нашего мира, которым мы готовы поделиться. Вы можете найти эти знания в своём Лексиконе. Надеемся, Вы найдете их поучительными и что они поощрят вас использовать наши материалы для создания этих уникальных предметов."	"We have taken the liberty of assigning our best scribes to transcribe the bulk of the knowledge from our world into your lexicon. We hope you find it enlightening, and that the knowledge encourages you to invest in our materials."	"Мы взяли на себя смелость, и дали задание нашим лучшим писцам, собрать большой набор знаний из нашего мира, которым мы готовы поделиться. Вы можете найти эти знания в своём Лексиконе. Надеемся, Вы найдете их поучительными и что они поощрят вас использовать наши материалы для создания этих уникальных предметов."	"{""kind"": ""patchouli_language_text"", ""location"": {""archive"": ""mods/Botania-1.20.1-448-FORGE.jar"", ""member"": ""assets/botania/patchouli_books/lexicon/en_us/entries/alfhomancy/elf_message.json"", ""output_member"": ""assets/botania/patchouli_books/lexicon/ru_ru/entries/alfhomancy/elf_message.json"", ""pointer"": ""/pages/5/text""}, ""source_id"": ""patchouli"", ""state"": ""visible""}"	"PROSE"	"patchouli:assets/botania/patchouli_books/lexicon/<language>/entries/alfhomancy/elf_message.json"	"PASS"	""	""	"/root/original_language_editor_a"	"CHANGE"	"$(o)Мы взяли на себя смелость, и дали задание нашим лучшим писцам, собрать большой набор знаний из нашего мира, которым мы готовы поделиться. Вы можете найти эти знания в своём Лексиконе. Надеемся, вы найдете их поучительными и что они поощрят вас использовать наши материалы для создания этих уникальных предметов."	"Заглавная форма обращения внутри предложения заменена на современную строчную."	"/root/original_language_editor_b"
"patchouli-lang:botania:botania.page.elfResources0"	"sha256:77b8af7c9632ef545d7ad2b99d8bd195b99feacaad1947d03979bdda73919521"	"$(thing)Alfheim$(0) contains a myriad of valuable resources. Unfortunately, most of them are rather scarce due to competition between the various $(thing)Elven$(0) clans. The Elves you have contacted are interested in trading resources native to their lands, such as $(item)Dreamwood$(0), $(item)Elementium$(0), $(item)Pixie Dust$(0) and $(item)Dragonstones$(0)."	"$(thing)Эльфхейм$(0) содержит очень разнообразный набор изысканных ресурсов. К сожалению, большинство их крайне редки и труднодобываемы, в связи с конкуренцией между кланами. Эльфы заинтересованы в обмене некоторыми материалами, такими как $(item)Древесина мечтаний$(0), $(item)Элементий$(0), $(item)Пыльца фей$(0) или $(item)Камень дракона$(0), на ресурсы Вашего мира."	"Alfheim contains a myriad of valuable resources. Unfortunately, most of them are rather scarce due to competition between the various Elven clans. The Elves you have contacted are interested in trading resources native to their lands, such as Dreamwood, Elementium, Pixie Dust and Dragonstones."	"Эльфхейм содержит очень разнообразный набор изысканных ресурсов. К сожалению, большинство их крайне редки и труднодобываемы, в связи с конкуренцией между кланами. Эльфы заинтересованы в обмене некоторыми материалами, такими как Древесина мечтаний, Элементий, Пыльца фей или Камень дракона, на ресурсы Вашего мира."	"{""kind"": ""patchouli_language_text"", ""location"": {""archive"": ""mods/Botania-1.20.1-448-FORGE.jar"", ""member"": ""assets/botania/patchouli_books/lexicon/en_us/entries/alfhomancy/elf_resources.json"", ""output_member"": ""assets/botania/patchouli_books/lexicon/ru_ru/entries/alfhomancy/elf_resources.json"", ""pointer"": ""/pages/0/text""}, ""source_id"": ""patchouli"", ""state"": ""visible""}"	"PROSE"	"patchouli:assets/botania/patchouli_books/lexicon/<language>/entries/alfhomancy/elf_resources.json"	"PASS"	""	""	"/root/original_language_editor_a"	"CHANGE"	"$(thing)Эльфхейм$(0) содержит очень разнообразный набор изысканных ресурсов. К сожалению, большинство их крайне редки и труднодобываемы, в связи с конкуренцией между кланами. Эльфы заинтересованы в обмене некоторыми материалами, такими как $(item)Древесина мечтаний$(0), $(item)Элементий$(0), $(item)Пыльца фей$(0) или $(item)Камень дракона$(0), на ресурсы вашего мира."	"Заглавная форма обращения внутри предложения заменена на современную строчную."	"/root/original_language_editor_b"
"patchouli-lang:botania:botania.page.elfResources6"	"sha256:4757f0560edd3f179bf19048ad551ba7e0b10ba67a0e081085eba3c6d48c3ebe"	"The $(thing)Elves$(0) also have their eyes on that white posh-looking material from the $(thing)Nether$(0), $(item)Nether Quartz$(0), as the stuff they have in their world is tinted green. This quartz holds no functional difference to other types of quartz, including normal $(item)Nether Quartz$(0) and any of its decorative variants."	"$(item)Эльфы$(0) также довольно заинтересованы в строительстве шикарного белого квартала из $(thing)Незера$(0), $(item)Незер-кварца$(0), так как их мир имеет зелеёый оттенок. Эльфийский кварц используется также как и любой другой, будь то простой кварц или любой из вариантов декоративного. Вы можете найти информацию о нем в статье $(thing)Декоративные блоки$(0) из раздела $(thing)Разное$(0)."	"The Elves also have their eyes on that white posh-looking material from the Nether, Nether Quartz, as the stuff they have in their world is tinted green. This quartz holds no functional difference to other types of quartz, including normal Nether Quartz and any of its decorative variants."	"Эльфы также довольно заинтересованы в строительстве шикарного белого квартала из Незера, Незер-кварца, так как их мир имеет зелеёый оттенок. Эльфийский кварц используется также как и любой другой, будь то простой кварц или любой из вариантов декоративного. Вы можете найти информацию о нем в статье Декоративные блоки из раздела Разное."	"{""kind"": ""patchouli_language_text"", ""location"": {""archive"": ""mods/Botania-1.20.1-448-FORGE.jar"", ""member"": ""assets/botania/patchouli_books/lexicon/en_us/entries/alfhomancy/elf_resources.json"", ""output_member"": ""assets/botania/patchouli_books/lexicon/ru_ru/entries/alfhomancy/elf_resources.json"", ""pointer"": ""/pages/6/text""}, ""source_id"": ""patchouli"", ""state"": ""visible""}"	"PROSE"	"patchouli:assets/botania/patchouli_books/lexicon/<language>/entries/alfhomancy/elf_resources.json"	"PASS"	""	""	"/root/original_language_editor_a"	"CHANGE"	"$(item)Эльфы$(0) также довольно заинтересованы в строительстве шикарного белого квартала из $(thing)Незера$(0), $(item)Незер-кварца$(0), так как их мир имеет зелёный оттенок. Эльфийский кварц используется также как и любой другой, будь то простой кварц или любой из вариантов декоративного. Вы можете найти информацию о нем в статье $(thing)Декоративные блоки$(0) из раздела $(thing)Разное$(0)."	"Исправлена опечатка: «зелеёый» -> «зелёный»."	"/root/original_language_editor_b"
"patchouli-lang:botania:botania.page.gaiaRitual3"	"sha256:51c6987be07cd066a8a356aea1e1ac134f25ea6cfbc4e8bc86bd40870759be3c"	"To start the ritual, simply sneak-right click the $(item)Beacon$(0) with the $(l:basics/terrasteel)$(item)Terrasteel Ingot$(0)$(/l), take a step back, and prepare to fight for your life. Preparation is absolutely required-- the fight with the $(thing)Guardian of Gaia$(0) can be even harder than that with the $(thing)Wither$(0). Upon the $(thing)Guardian$(0)'s defeat, a handful of $(item)Spirits of Gaia$(0) is dropped as a prize."	"Чтобы начать ритуал, просто кликните Shift+ПКМ на блоке $(item)Маяка$(0) со $(item)Слитком террастали$(0) в руке, сделайте шаг назад и готовьтесь к борьбе за свою жизнь. Вам потребуются все Ваши умения для борьбы с $(thing)Хранителем Гайи$(0), бой может быть сложнее, чем бой с $(thing)Иссушителем$(0). После победы над $(thing)Хранителем$(0), можно забрать свой приз - горстку $(item)Духа Гайи$(0)."	"To start the ritual, simply sneak-right click the Beacon with the Terrasteel Ingot, take a step back, and prepare to fight for your life. Preparation is absolutely required-- the fight with the Guardian of Gaia can be even harder than that with the Wither. Upon the Guardian's defeat, a handful of Spirits of Gaia is dropped as a prize."	"Чтобы начать ритуал, просто кликните Shift+ПКМ на блоке Маяка со Слитком террастали в руке, сделайте шаг назад и готовьтесь к борьбе за свою жизнь. Вам потребуются все Ваши умения для борьбы с Хранителем Гайи, бой может быть сложнее, чем бой с Иссушителем. После победы над Хранителем, можно забрать свой приз - горстку Духа Гайи."	"{""kind"": ""patchouli_language_text"", ""location"": {""archive"": ""mods/Botania-1.20.1-448-FORGE.jar"", ""member"": ""assets/botania/patchouli_books/lexicon/en_us/entries/alfhomancy/gaia_ritual.json"", ""output_member"": ""assets/botania/patchouli_books/lexicon/ru_ru/entries/alfhomancy/gaia_ritual.json"", ""pointer"": ""/pages/3/text""}, ""source_id"": ""patchouli"", ""state"": ""visible""}"	"PROSE"	"patchouli:assets/botania/patchouli_books/lexicon/<language>/entries/alfhomancy/gaia_ritual.json"	"PASS"	""	""	"/root/original_language_editor_a"	"CHANGE"	"Чтобы начать ритуал, просто кликните Shift+ПКМ на блоке $(item)Маяка$(0) со $(item)Слитком террастали$(0) в руке, сделайте шаг назад и готовьтесь к борьбе за свою жизнь. Вам потребуются все ваши умения для борьбы с $(thing)Хранителем Гайи$(0), бой может быть сложнее, чем бой с $(thing)Иссушителем$(0). После победы над $(thing)Хранителем$(0), можно забрать свой приз - горстку $(item)Духа Гайи$(0)."	"Заглавная форма обращения внутри предложения заменена на современную строчную."	"/root/original_language_editor_b"
"patchouli-lang:botania:botania.page.kingKey0"	"sha256:afaba3cf28edfafcf70ae12f47060e60183cda6758133e65a8a9b7fad4c77f74"	"The $(item)Key of the King's Law$(0) is a powerful relic with the ability to materialize weapons from thin air. Holding down right-click with this key will begin summoning glowing projectiles from... somewhere. Up to twenty projectiles can be created at once, and releasing the grip on the key will launch them, one at a time, at the point the summoner is looking towards. These projectiles move at high velocities and explode on contact."	"$(item)Ключ от Королевского арсенала$(0) — могущественная реликвия, способная материализовать оружие из воздуха. Удерживание ПКМ ключом начнет призыв светящихся снарядов... откуда-то. Одновременно можно создать до двадцати снарядов, и, отпустив ключ, Вы запустите их по одному в ту точку, на которую направлен ваш взгляд. Эти снаряды движутся с высокой скоростью и взрываются при контакте."	"The Key of the King's Law is a powerful relic with the ability to materialize weapons from thin air. Holding down right-click with this key will begin summoning glowing projectiles from... somewhere. Up to twenty projectiles can be created at once, and releasing the grip on the key will launch them, one at a time, at the point the summoner is looking towards. These projectiles move at high velocities and explode on contact."	"Ключ от Королевского арсенала — могущественная реликвия, способная материализовать оружие из воздуха. Удерживание ПКМ ключом начнет призыв светящихся снарядов... откуда-то. Одновременно можно создать до двадцати снарядов, и, отпустив ключ, Вы запустите их по одному в ту точку, на которую направлен ваш взгляд. Эти снаряды движутся с высокой скоростью и взрываются при контакте."	"{""kind"": ""patchouli_language_text"", ""location"": {""archive"": ""mods/Botania-1.20.1-448-FORGE.jar"", ""member"": ""assets/botania/patchouli_books/lexicon/en_us/entries/alfhomancy/king_key.json"", ""output_member"": ""assets/botania/patchouli_books/lexicon/ru_ru/entries/alfhomancy/king_key.json"", ""pointer"": ""/pages/0/text""}, ""source_id"": ""patchouli"", ""state"": ""visible""}"	"PROSE"	"patchouli:assets/botania/patchouli_books/lexicon/<language>/entries/alfhomancy/king_key.json"	"PASS"	""	""	"/root/original_language_editor_a"	"CHANGE"	"$(item)Ключ от Королевского арсенала$(0) — могущественная реликвия, способная материализовать оружие из воздуха. Удерживание ПКМ ключом начнет призыв светящихся снарядов... откуда-то. Одновременно можно создать до двадцати снарядов, и, отпустив ключ, вы запустите их по одному в ту точку, на которую направлен ваш взгляд. Эти снаряды движутся с высокой скоростью и взрываются при контакте."	"Заглавная форма обращения внутри предложения заменена на современную строчную."	"/root/original_language_editor_b"
"patchouli-lang:botania:botania.page.lexicon0"	"sha256:e5a71e94ee2c112afbc6ddecd5082616da3945344557ec7d10252a3f2acc6c2c"	"The $(item)Lexica Botania$(0) is the repository of all knowledge for all botanical matters. (But you probably knew that already.)$(p)All well-known botanical knowledge is stored within these pages. For convenience, if a block happens to have an entry in here, it can be sneak-right clicked on with the $(item)Lexica Botania$(0) to open said entry."	"$(item)Лексикон Ботании$(0) - это кладезь всех знаний для Ваших ботанических нужд. Но Вы, наверное, уже и так знали это.$(p)Вся информация находится здесь. Для удобства, если у какого-то блока есть описание, Вы можете нажать Shift+ПКМ, держа $(item)Лексикон Ботании$(0) в руке, чтобы открыть это описание."	"The Lexica Botania is the repository of all knowledge for all botanical matters. (But you probably knew that already.)

All well-known botanical knowledge is stored within these pages. For convenience, if a block happens to have an entry in here, it can be sneak-right clicked on with the Lexica Botania to open said entry."	"Лексикон Ботании - это кладезь всех знаний для Ваших ботанических нужд. Но Вы, наверное, уже и так знали это.

Вся информация находится здесь. Для удобства, если у какого-то блока есть описание, Вы можете нажать Shift+ПКМ, держа Лексикон Ботании в руке, чтобы открыть это описание."	"{""kind"": ""patchouli_language_text"", ""location"": {""archive"": ""mods/Botania-1.20.1-448-FORGE.jar"", ""member"": ""assets/botania/patchouli_books/lexicon/en_us/entries/basics/lexicon.json"", ""output_member"": ""assets/botania/patchouli_books/lexicon/ru_ru/entries/basics/lexicon.json"", ""pointer"": ""/pages/0/text""}, ""source_id"": ""patchouli"", ""state"": ""visible""}"	"PROSE"	"patchouli:assets/botania/patchouli_books/lexicon/<language>/entries/basics/lexicon.json"	"PASS"	""	""	"/root/original_language_editor_a"	"CHANGE"	"$(item)Лексикон Ботании$(0) - это кладезь всех знаний для ваших ботанических нужд. Но вы, наверное, уже и так знали это.$(p)Вся информация находится здесь. Для удобства, если у какого-то блока есть описание, вы можете нажать Shift+ПКМ, держа $(item)Лексикон Ботании$(0) в руке, чтобы открыть это описание."	"Заглавная форма обращения внутри предложения заменена на современную строчную."	"/root/original_language_editor_b"
"patchouli-lang:botania:botania.page.pureDaisy0"	"sha256:258370733e319a9a2d033800c9b71505c0b4aa08d0bbd40830882564bc339194"	"Far from being just the most basic, the $(item)Pure Daisy$(0) is the most important flower a botanist can have.$(p)This flower will purify any adjacent $(item)Wood$(0) and $(item)Stone$(0) blocks (as seen on the next page) into their purified counterparts, $(item)Livingwood$(0) and $(item)Livingrock$(0). These resources are important crafting materials throughout a botanist's career."	"$(item)Чистая Маргаритка$(0) - это не только самый первый, но и самый важный цветок для ботаника.$(p)Этот цветок, как показано на след. странице, будет очищать и превращать стоящие вплотную блоки $(item)Дерева$(0) и $(item)Камня$(0) в их очищенные версии: $(item)Жизнедерево$(0) и $(item)Жизнекамень$(0), которые потом пригодятся Вам для создании многих вещей."	"Far from being just the most basic, the Pure Daisy is the most important flower a botanist can have.

This flower will purify any adjacent Wood and Stone blocks (as seen on the next page) into their purified counterparts, Livingwood and Livingrock. These resources are important crafting materials throughout a botanist's career."	"Чистая Маргаритка - это не только самый первый, но и самый важный цветок для ботаника.

Этот цветок, как показано на след. странице, будет очищать и превращать стоящие вплотную блоки Дерева и Камня в их очищенные версии: Жизнедерево и Жизнекамень, которые потом пригодятся Вам для создании многих вещей."	"{""kind"": ""patchouli_language_text"", ""location"": {""archive"": ""mods/Botania-1.20.1-448-FORGE.jar"", ""member"": ""assets/botania/patchouli_books/lexicon/en_us/entries/basics/pure_daisy.json"", ""output_member"": ""assets/botania/patchouli_books/lexicon/ru_ru/entries/basics/pure_daisy.json"", ""pointer"": ""/pages/0/text""}, ""source_id"": ""patchouli"", ""state"": ""visible""}"	"PROSE"	"patchouli:assets/botania/patchouli_books/lexicon/<language>/entries/basics/pure_daisy.json"	"PASS"	""	""	"/root/original_language_editor_a"	"CHANGE"	"$(item)Чистая Маргаритка$(0) - это не только самый первый, но и самый важный цветок для ботаника.$(p)Этот цветок, как показано на след. странице, будет очищать и превращать стоящие вплотную блоки $(item)Дерева$(0) и $(item)Камня$(0) в их очищенные версии: $(item)Жизнедерево$(0) и $(item)Жизнекамень$(0), которые потом пригодятся вам для создании многих вещей."	"Заглавная форма обращения внутри предложения заменена на современную строчную."	"/root/original_language_editor_b"
"patchouli-lang:botania:botania.page.runeAltar21"	"sha256:4e485dfcd46478aaaf2f36058c7c1412b42040fe23760bfe74b85e3cf94bc24d"	"Runic creation is a complex topic, but an important one for the advancement of any botanist's career. However, this mode of crafting requires a firm grasp on the concepts of $(thing)Mana Manipulation$(0) to use. Before proceeding further, a read through the important entries (those in $(o)Italics$()) in that section of the $(l:basics/lexicon)$(item)Lexica Botania$(0)$(/l) might prove helpful."	"Создание рун - это довольно важный шаг в развитии ботанической магии. И чтобы узнать, как их создавать, Вам, в первую очередь, нужно хорошо понимать, как управлять маной. Поэтому прежде чем продолжить, прочитайте важные статьи в разделе $(thing)Управление маной$(0) (написаны $(o)Курсивом$(0))."	"Runic creation is a complex topic, but an important one for the advancement of any botanist's career. However, this mode of crafting requires a firm grasp on the concepts of Mana Manipulation to use. Before proceeding further, a read through the important entries (those in Italics) in that section of the Lexica Botania might prove helpful."	"Создание рун - это довольно важный шаг в развитии ботанической магии. И чтобы узнать, как их создавать, Вам, в первую очередь, нужно хорошо понимать, как управлять маной. Поэтому прежде чем продолжить, прочитайте важные статьи в разделе Управление маной (написаны Курсивом)."	"{""kind"": ""patchouli_language_text"", ""location"": {""archive"": ""mods/Botania-1.20.1-448-FORGE.jar"", ""member"": ""assets/botania/patchouli_books/lexicon/en_us/entries/basics/rune_altar.json"", ""output_member"": ""assets/botania/patchouli_books/lexicon/ru_ru/entries/basics/rune_altar.json"", ""pointer"": ""/pages/0/text""}, ""source_id"": ""patchouli"", ""state"": ""visible""}"	"PROSE"	"patchouli:assets/botania/patchouli_books/lexicon/<language>/entries/basics/rune_altar.json"	"PASS"	""	""	"/root/original_language_editor_a"	"CHANGE"	"Создание рун - это довольно важный шаг в развитии ботанической магии. И чтобы узнать, как их создавать, вам, в первую очередь, нужно хорошо понимать, как управлять маной. Поэтому прежде чем продолжить, прочитайте важные статьи в разделе $(thing)Управление маной$(0) (написаны $(o)Курсивом$(0))."	"Заглавная форма обращения внутри предложения заменена на современную строчную."	"/root/original_language_editor_b"
"patchouli-lang:botania:botania.page.runeAltar0"	"sha256:d61b0af49521c6a478d6a5163f0b4a6c1b3a2a56f30f6095e5a15dd0599daeac"	"$(item)Runes$(0) are vital components of complex magical devices or flora, created on a $(item)Runic Altar$(0).$(p)To use a $(item)Runic Altar$(0), start by placing (via either a right-click or a simple toss) the components of the rune you want to create upon the altar."	"$(item)Руны$(0) - это чрезвычайно важные компоненты, использующиеся в создании сложных магических устройств и продвинутой флоры. Чтобы их сделать, Вам понадобится, как Вы уже могли догадаться, $(item)Рунический алтарь$(0).$(p)Для начала разложите на нем предметы, необходимые для создания нужной руны, нажимая ими ПКМ по алтарю или просто бросая их на него."	"Runes are vital components of complex magical devices or flora, created on a Runic Altar.

To use a Runic Altar, start by placing (via either a right-click or a simple toss) the components of the rune you want to create upon the altar."	"Руны - это чрезвычайно важные компоненты, использующиеся в создании сложных магических устройств и продвинутой флоры. Чтобы их сделать, Вам понадобится, как Вы уже могли догадаться, Рунический алтарь.

Для начала разложите на нем предметы, необходимые для создания нужной руны, нажимая ими ПКМ по алтарю или просто бросая их на него."	"{""kind"": ""patchouli_language_text"", ""location"": {""archive"": ""mods/Botania-1.20.1-448-FORGE.jar"", ""member"": ""assets/botania/patchouli_books/lexicon/en_us/entries/basics/rune_altar.json"", ""output_member"": ""assets/botania/patchouli_books/lexicon/ru_ru/entries/basics/rune_altar.json"", ""pointer"": ""/pages/1/text""}, ""source_id"": ""patchouli"", ""state"": ""visible""}"	"PROSE"	"patchouli:assets/botania/patchouli_books/lexicon/<language>/entries/basics/rune_altar.json"	"PASS"	""	""	"/root/original_language_editor_a"	"CHANGE"	"$(item)Руны$(0) - это чрезвычайно важные компоненты, использующиеся в создании сложных магических устройств и продвинутой флоры. Чтобы их сделать, вам понадобится, как вы уже могли догадаться, $(item)Рунический алтарь$(0).$(p)Для начала разложите на нем предметы, необходимые для создания нужной руны, нажимая ими ПКМ по алтарю или просто бросая их на него."	"Заглавная форма обращения внутри предложения заменена на современную строчную."	"/root/original_language_editor_b"
"patchouli-lang:botania:botania.page.runeAltar22"	"sha256:33b224ed10248813f3a633287948d5ca7ab0f986b164711e91a35bf7d889f7e0"	"Any runes used for recipes in the $(item)Runic Altar$(0) function as catalysts, and will be returned upon completion of the runic recipe.$(p)Similarly to the $(l:basics/apothecary)$(item)Petal Apothecary$(0)$(/l), right-clicking this block with an empty hand after a recipe is complete will pull another set of the items used for the last recipe, for faster crafting in bulk."	"Любые руны, которые используются для создания чего-либо на $(item)Руническом Алтаре$(0), действуют в качестве катализаторов и не тратятся после завершения создания.$(p)Как и с $(l:basics/apothecary)$(item)Лепестковым Аптекарем$(0)$(/l), нажав ПКМ по алтарю пустой рукой, Вы выложите на него те предметы, что использовались в последнем рецепте."	"Any runes used for recipes in the Runic Altar function as catalysts, and will be returned upon completion of the runic recipe.

Similarly to the Petal Apothecary, right-clicking this block with an empty hand after a recipe is complete will pull another set of the items used for the last recipe, for faster crafting in bulk."	"Любые руны, которые используются для создания чего-либо на Руническом Алтаре, действуют в качестве катализаторов и не тратятся после завершения создания.

Как и с Лепестковым Аптекарем, нажав ПКМ по алтарю пустой рукой, Вы выложите на него те предметы, что использовались в последнем рецепте."	"{""kind"": ""patchouli_language_text"", ""location"": {""archive"": ""mods/Botania-1.20.1-448-FORGE.jar"", ""member"": ""assets/botania/patchouli_books/lexicon/en_us/entries/basics/rune_altar.json"", ""output_member"": ""assets/botania/patchouli_books/lexicon/ru_ru/entries/basics/rune_altar.json"", ""pointer"": ""/pages/6/text""}, ""source_id"": ""patchouli"", ""state"": ""visible""}"	"PROSE"	"patchouli:assets/botania/patchouli_books/lexicon/<language>/entries/basics/rune_altar.json"	"PASS"	""	""	"/root/original_language_editor_a"	"CHANGE"	"Любые руны, которые используются для создания чего-либо на $(item)Руническом Алтаре$(0), действуют в качестве катализаторов и не тратятся после завершения создания.$(p)Как и с $(l:basics/apothecary)$(item)Лепестковым Аптекарем$(0)$(/l), нажав ПКМ по алтарю пустой рукой, вы выложите на него те предметы, что использовались в последнем рецепте."	"Заглавная форма обращения внутри предложения заменена на современную строчную."	"/root/original_language_editor_b"
"patchouli-lang:botania:botania.page.terrasteel0"	"sha256:35fbb6d26f38a7a5a2fd63aff2253757cabab733d6fba6e66719bed0eb19669a"	"$(item)Terrasteel$(0) is a complex and useful magical alloy, infused with ridiculous amounts of $(thing)Mana$(0). Synthesizing it proves to be no small task. For starters, its creation requires a $(item)Terrestrial Agglomeration Plate$(0) placed over a checkerboard pattern of $(item)Lapis Lazuli Blocks$(0) and $(l:basics/pure_daisy)$(item)Livingrock$(0)$(/l) (or $(l:tools/rainbow_rod)$(item)Shimmerrock$(0)$(/l)). This block then needs to be provided with $(thing)Mana$(0), with $(l:mana/sparks)$(item)Sparks$(0)$(/l) being the most efficient mode of transfer."	"$(item)Террасталь$(0) - это сложный магический сплав, наполненный $(thing)маной$(0), для создания которого требуется немало усилий. Для начала Вам нужно создать особую пластину (см. дальше) и поставить ее на структуру из $(item)Блоков лазурита$(0) и $(item)Жизнекамня$(0), расположенных в шахматном порядке. Также необходимо провести к этому блоку $(thing)ману$(0), и лучше всего делать это с помощью $(item)Искр$(0)."	"Terrasteel is a complex and useful magical alloy, infused with ridiculous amounts of Mana. Synthesizing it proves to be no small task. For starters, its creation requires a Terrestrial Agglomeration Plate placed over a checkerboard pattern of Lapis Lazuli Blocks and Livingrock (or Shimmerrock). This block then needs to be provided with Mana, with Sparks being the most efficient mode of transfer."	"Террасталь - это сложный магический сплав, наполненный маной, для создания которого требуется немало усилий. Для начала Вам нужно создать особую пластину (см. дальше) и поставить ее на структуру из Блоков лазурита и Жизнекамня, расположенных в шахматном порядке. Также необходимо провести к этому блоку ману, и лучше всего делать это с помощью Искр."	"{""kind"": ""patchouli_language_text"", ""location"": {""archive"": ""mods/Botania-1.20.1-448-FORGE.jar"", ""member"": ""assets/botania/patchouli_books/lexicon/en_us/entries/basics/terrasteel.json"", ""output_member"": ""assets/botania/patchouli_books/lexicon/ru_ru/entries/basics/terrasteel.json"", ""pointer"": ""/pages/0/text""}, ""source_id"": ""patchouli"", ""state"": ""visible""}"	"PROSE"	"patchouli:assets/botania/patchouli_books/lexicon/<language>/entries/basics/terrasteel.json"	"PASS"	""	""	"/root/original_language_editor_a"	"CHANGE"	"$(item)Террасталь$(0) - это сложный магический сплав, наполненный $(thing)маной$(0), для создания которого требуется немало усилий. Для начала вам нужно создать особую пластину (см. дальше) и поставить ее на структуру из $(item)Блоков лазурита$(0) и $(item)Жизнекамня$(0), расположенных в шахматном порядке. Также необходимо провести к этому блоку $(thing)ману$(0), и лучше всего делать это с помощью $(item)Искр$(0)."	"Заглавная форма обращения внутри предложения заменена на современную строчную."	"/root/original_language_editor_b"
"patchouli-lang:botania:botania.page.terrasteel2"	"sha256:fc3018fa74b02a0701123575061d92994959bb0c4afb1daf5b28efb0148a44e2"	"After a plate is set up and ready to receive $(thing)Mana$(0), tossing one $(l:mana/pool)$(item)Manasteel Ingot, Mana Diamond and Mana Pearl$(0)$(/l) each upon the plate will begin the infusion.$(p)Picking up any of the items will halt the infusion, causing severe $(thing)Mana Loss$(0) (all mana transferred to the plate is lost). The infusion uses about half a $(l:mana/pool)$(item)Mana Pool$(0)$(/l)'s worth of Mana to create a single piece of $(thing)Terrasteel$(0); multiple $(l:mana/sparks)$(item)Sparks$(0)$(/l) passing it $(thing)Mana$(0) will accelerate the process."	"Как только пластина готова принимать $(thing)ману$(0), киньте на нее $(item)Слиток манастали, Маналмаз и Жемчуг маны$(0) (по одному), и процесс наполнения начнется. Подобрав любой выкинутый в нее предмет, Вы остановите наполнение и $(thing)потеряете ману$(0). Кстати на создание одной $(thing)Террастали$(0) уйдет ровно половина $(item)Бассейна маны$(0). А использование $(item)Искр$(0) ускорит процесс."	"After a plate is set up and ready to receive Mana, tossing one Manasteel Ingot, Mana Diamond and Mana Pearl each upon the plate will begin the infusion.

Picking up any of the items will halt the infusion, causing severe Mana Loss (all mana transferred to the plate is lost). The infusion uses about half a Mana Pool's worth of Mana to create a single piece of Terrasteel; multiple Sparks passing it Mana will accelerate the process."	"Как только пластина готова принимать ману, киньте на нее Слиток манастали, Маналмаз и Жемчуг маны (по одному), и процесс наполнения начнется. Подобрав любой выкинутый в нее предмет, Вы остановите наполнение и потеряете ману. Кстати на создание одной Террастали уйдет ровно половина Бассейна маны. А использование Искр ускорит процесс."	"{""kind"": ""patchouli_language_text"", ""location"": {""archive"": ""mods/Botania-1.20.1-448-FORGE.jar"", ""member"": ""assets/botania/patchouli_books/lexicon/en_us/entries/basics/terrasteel.json"", ""output_member"": ""assets/botania/patchouli_books/lexicon/ru_ru/entries/basics/terrasteel.json"", ""pointer"": ""/pages/2/text""}, ""source_id"": ""patchouli"", ""state"": ""visible""}"	"PROSE"	"patchouli:assets/botania/patchouli_books/lexicon/<language>/entries/basics/terrasteel.json"	"PASS"	""	""	"/root/original_language_editor_a"	"CHANGE"	"Как только пластина готова принимать $(thing)ману$(0), киньте на нее $(item)Слиток манастали, Маналмаз и Жемчуг маны$(0) (по одному), и процесс наполнения начнется. Подобрав любой выкинутый в нее предмет, вы остановите наполнение и $(thing)потеряете ману$(0). Кстати на создание одной $(thing)Террастали$(0) уйдет ровно половина $(item)Бассейна маны$(0). А использование $(item)Искр$(0) ускорит процесс."	"Заглавная форма обращения внутри предложения заменена на современную строчную."	"/root/original_language_editor_b"
"patchouli-lang:botania:botania.page.wand1"	"sha256:6c1e3bb879758d25fde1d2c13e1ec6fc5c625f332c3ebb080e5550e9563ca2cc"	"The wand has two modes, $(thing)Bind Mode$(0) and $(thing)Function Mode$(0). In $(thing)Bind Mode$(0), sneak-right click it on a compatible block to select it, then sneak-right click elsewhere to bind the two blocks. In $(thing)Function Mode$(0) it simply doesn't perform this function, freeing the sneak-right click action up for other tasks.$(p)The two modes can be switched between by sneak-right clicking the wand in the air."	"Посох имеет два режима: $(thing)Режим привязки$(0) и $(thing)Режим управления$(0). Кликнув Shift+ПКМ по нужному блоку в $(thing)Режиме привязки$(0), Вы выделите его. После этого, нажав Shift+ПКМ уже по другому блоку, Вы привяжете их друг к другу. В $(thing)Режиме управления$(0) это сделать просто не получится.$(p)Переключить режим можно, кликнув Shift+ПКМ по воздуху."	"The wand has two modes, Bind Mode and Function Mode. In Bind Mode, sneak-right click it on a compatible block to select it, then sneak-right click elsewhere to bind the two blocks. In Function Mode it simply doesn't perform this function, freeing the sneak-right click action up for other tasks.

The two modes can be switched between by sneak-right clicking the wand in the air."	"Посох имеет два режима: Режим привязки и Режим управления. Кликнув Shift+ПКМ по нужному блоку в Режиме привязки, Вы выделите его. После этого, нажав Shift+ПКМ уже по другому блоку, Вы привяжете их друг к другу. В Режиме управления это сделать просто не получится.

Переключить режим можно, кликнув Shift+ПКМ по воздуху."	"{""kind"": ""patchouli_language_text"", ""location"": {""archive"": ""mods/Botania-1.20.1-448-FORGE.jar"", ""member"": ""assets/botania/patchouli_books/lexicon/en_us/entries/basics/wand.json"", ""output_member"": ""assets/botania/patchouli_books/lexicon/ru_ru/entries/basics/wand.json"", ""pointer"": ""/pages/1/text""}, ""source_id"": ""patchouli"", ""state"": ""visible""}"	"PROSE"	"patchouli:assets/botania/patchouli_books/lexicon/<language>/entries/basics/wand.json"	"PASS"	""	""	"/root/original_language_editor_a"	"CHANGE"	"Посох имеет два режима: $(thing)Режим привязки$(0) и $(thing)Режим управления$(0). Кликнув Shift+ПКМ по нужному блоку в $(thing)Режиме привязки$(0), вы выделите его. После этого, нажав Shift+ПКМ уже по другому блоку, вы привяжете их друг к другу. В $(thing)Режиме управления$(0) это сделать просто не получится.$(p)Переключить режим можно, кликнув Shift+ПКМ по воздуху."	"Заглавная форма обращения внутри предложения заменена на современную строчную."	"/root/original_language_editor_b"
"patchouli-lang:botania:botania.page.welcome0"	"sha256:ca10ecd14f10bcf8db904b2b2ba165f53c7fabe5128319f432877208d4815799"	"$(o)Welcome to Botania! I congratulate you on the fine decision to strap a sapling and a book together. Or just on finding this tome in a chest. Whichever applies.$(p)$(o)You can navigate this book with the arrows at the bottom of this page, or scroll through pages with your mouse wheel."	"$(o)Добро пожаловать в Ботанию! Поздравляю с отличным решением соединить саженец и книгу. Или просто найти этот том в сундуке - смотря что произошло.$(p)$(o)Листайте книгу стрелками внизу страницы или колесом мыши."	"Welcome to Botania! I congratulate you on the fine decision to strap a sapling and a book together. Or just on finding this tome in a chest. Whichever applies.

You can navigate this book with the arrows at the bottom of this page, or scroll through pages with your mouse wheel."	"Добро пожаловать в Ботанию! Поздравляю с отличным решением соединить саженец и книгу. Или просто найти этот том в сундуке - смотря что произошло.

Листайте книгу стрелками внизу страницы или колесом мыши."	"{""kind"": ""patchouli_language_text"", ""location"": {""archive"": ""mods/Botania-1.20.1-448-FORGE.jar"", ""member"": ""assets/botania/patchouli_books/lexicon/en_us/entries/basics/welcome.json"", ""output_member"": ""assets/botania/patchouli_books/lexicon/ru_ru/entries/basics/welcome.json"", ""pointer"": ""/pages/0/text""}, ""source_id"": ""patchouli"", ""state"": ""visible""}"	"PROSE"	"patchouli:assets/botania/patchouli_books/lexicon/<language>/entries/basics/welcome.json"	"CHANGE"	"$(o)Добро пожаловать в Ботанию! Поздравляю: привязать саженец к книге - отличная идея. Или, возможно, вы просто нашли этот том в сундуке. Как бы то ни было.$(p)$(o)Листайте книгу стрелками внизу страницы или колесом мыши."	"Неловкое буквальное соединение фраз и дефис вместо естественной конструкции; вступление и инструкция переписаны связно."	"/root/original_language_editor_a"	"CHANGE"	"$(o)Добро пожаловать в Botania! Поздравляю с прекрасным решением связать вместе саженец и книгу. Или просто с тем, что вы нашли этот том в сундуке. Смотря что произошло.$(p)$(o)Перелистывайте страницы стрелками внизу этой страницы или колесом мыши."	"Перевод приведён к естественной игровой формулировке; название мода оставлено без перевода."	"/root/original_language_editor_b"
"patchouli-lang:botania:botania.page.auraRing0"	"sha256:335a4a5bb268c2a8e2815c340c4d8c4cb0126efc66d8b826546356b5b40ad6ad"	"The $(item)Band of Aura$(0) is a variant $(l:baubles/mana_ring)$(item)Band of Mana$(0)$(/l); instead of storing $(thing)Mana$(0), it generates a slow trickle of it (when equipped) and stores it in $(thing)Mana$(0)-containing items in its wearer's inventory.$(p)Plating it with an ingot of $(l:basics/terrasteel)$(item)Terrasteel$(0)$(/l) upgrades it to generate $(thing)Mana$(0) at a significantly faster rate."	"$(item)Кольцо ауры$(0) немного отличается от обычного $(item)Кольца маны$(0). Вместо хранения $(thing)Маны$(0), оно медленно создаёт её и наполняет $(thing)Маной$(0) предметы в Вашем инвентаре.$(p)Используя немного $(item)Террастали$(0) можно создать более мощное кольцо, которое генерирует $(thing)Ману$(0) значительно быстрее."	"The Band of Aura is a variant Band of Mana; instead of storing Mana, it generates a slow trickle of it (when equipped) and stores it in Mana-containing items in its wearer's inventory.

Plating it with an ingot of Terrasteel upgrades it to generate Mana at a significantly faster rate."	"Кольцо ауры немного отличается от обычного Кольца маны. Вместо хранения Маны, оно медленно создаёт её и наполняет Маной предметы в Вашем инвентаре.

Используя немного Террастали можно создать более мощное кольцо, которое генерирует Ману значительно быстрее."	"{""kind"": ""patchouli_language_text"", ""location"": {""archive"": ""mods/Botania-1.20.1-448-FORGE.jar"", ""member"": ""assets/botania/patchouli_books/lexicon/en_us/entries/baubles/aura_ring.json"", ""output_member"": ""assets/botania/patchouli_books/lexicon/ru_ru/entries/baubles/aura_ring.json"", ""pointer"": ""/pages/0/text""}, ""source_id"": ""patchouli"", ""state"": ""visible""}"	"PROSE"	"patchouli:assets/botania/patchouli_books/lexicon/<language>/entries/baubles/aura_ring.json"	"PASS"	""	""	"/root/original_language_editor_a"	"CHANGE"	"$(item)Кольцо ауры$(0) немного отличается от обычного $(item)Кольца маны$(0). Вместо хранения $(thing)Маны$(0), оно медленно создаёт её и наполняет $(thing)Маной$(0) предметы в вашем инвентаре.$(p)Используя немного $(item)Террастали$(0) можно создать более мощное кольцо, которое генерирует $(thing)Ману$(0) значительно быстрее."	"Заглавная форма обращения внутри предложения заменена на современную строчную."	"/root/original_language_editor_b"
"patchouli-lang:botania:botania.page.cosmeticBaubles32"	"sha256:695addd5e5c10d513dc237295602c0b4cb64a73c794739dc628f55ba1702ffff"	"Now you too can believe"	"Теперь Вы тоже можете верить"	"Now you too can believe"	"Теперь Вы тоже можете верить"	"{""kind"": ""patchouli_language_text"", ""location"": {""archive"": ""mods/Botania-1.20.1-448-FORGE.jar"", ""member"": ""assets/botania/patchouli_books/lexicon/en_us/entries/baubles/cosmetic_baubles.json"", ""output_member"": ""assets/botania/patchouli_books/lexicon/ru_ru/entries/baubles/cosmetic_baubles.json"", ""pointer"": ""/pages/32/text""}, ""source_id"": ""patchouli"", ""state"": ""visible""}"	"PROSE"	"patchouli:assets/botania/patchouli_books/lexicon/<language>/entries/baubles/cosmetic_baubles.json"	"PASS"	""	""	"/root/original_language_editor_a"	"CHANGE"	"Теперь вы тоже можете верить"	"Заглавная форма обращения внутри предложения заменена на современную строчную."	"/root/original_language_editor_b"
"patchouli-lang:botania:botania.page.goddessCharm0"	"sha256:bd741d5af6342279268cba39b0a505ee58f212d6c9d430cefb9219498a18fd6b"	"The $(item)Benevolent Goddess' Charm$(0) is a defensive $(thing)Trinket$(0) that's worn (as its name implies) in the $(thing)Charm$(0) slot.$(p)When worn, it uses $(thing)Mana$(0) to prevent explosions in its wearer's vicinity from damaging any blocks in the world."	"$(item)Очарование доброжелательной богини$(0) - это защитная безделушка, которую можно носить в слоте $(thing)брелока$(0).$(p)При ношении потребляет $(thing)Ману$(0) и предотвращает любые взрывы рядом с Вами."	"The Benevolent Goddess' Charm is a defensive Trinket that's worn (as its name implies) in the Charm slot.

When worn, it uses Mana to prevent explosions in its wearer's vicinity from damaging any blocks in the world."	"Очарование доброжелательной богини - это защитная безделушка, которую можно носить в слоте брелока.

При ношении потребляет Ману и предотвращает любые взрывы рядом с Вами."	"{""kind"": ""patchouli_language_text"", ""location"": {""archive"": ""mods/Botania-1.20.1-448-FORGE.jar"", ""member"": ""assets/botania/patchouli_books/lexicon/en_us/entries/baubles/goddess_charm.json"", ""output_member"": ""assets/botania/patchouli_books/lexicon/ru_ru/entries/baubles/goddess_charm.json"", ""pointer"": ""/pages/0/text""}, ""source_id"": ""patchouli"", ""state"": ""visible""}"	"PROSE"	"patchouli:assets/botania/patchouli_books/lexicon/<language>/entries/baubles/goddess_charm.json"	"PASS"	""	""	"/root/original_language_editor_a"	"CHANGE"	"$(item)Очарование доброжелательной богини$(0) - это защитная безделушка, которую можно носить в слоте $(thing)брелока$(0).$(p)При ношении потребляет $(thing)Ману$(0) и предотвращает любые взрывы рядом с вами."	"Заглавная форма обращения внутри предложения заменена на современную строчную."	"/root/original_language_editor_b"
"patchouli-lang:botania:botania.page.invisibilityCloak0"	"sha256:b599286f8ed20bb1e9d3d420f8350001351f73249c3785bb7f3840f7900ff663"	"No need to explain the $(item)Invisibility Cloak$(0).$(p)You wear it on your $(thing)Body$(0) slot. It takes $(thing)Mana$(0) from your inventory. It makes you and your $(thing)Trinkets$(0) invisible.$(p)Magic."	"Для этой вещи не потребуется много объяснений.$(p)Это безделушка, которую можно носить в слоте $(thing)тела$(0). При ношении плащ будет потреблять небольшое количество $(thing)Маны$(0), накладывая на Вас эффект невидимости."	"No need to explain the Invisibility Cloak.

You wear it on your Body slot. It takes Mana from your inventory. It makes you and your Trinkets invisible.

Magic."	"Для этой вещи не потребуется много объяснений.

Это безделушка, которую можно носить в слоте тела. При ношении плащ будет потреблять небольшое количество Маны, накладывая на Вас эффект невидимости."	"{""kind"": ""patchouli_language_text"", ""location"": {""archive"": ""mods/Botania-1.20.1-448-FORGE.jar"", ""member"": ""assets/botania/patchouli_books/lexicon/en_us/entries/baubles/invisibility_cloak.json"", ""output_member"": ""assets/botania/patchouli_books/lexicon/ru_ru/entries/baubles/invisibility_cloak.json"", ""pointer"": ""/pages/0/text""}, ""source_id"": ""patchouli"", ""state"": ""visible""}"	"PROSE"	"patchouli:assets/botania/patchouli_books/lexicon/<language>/entries/baubles/invisibility_cloak.json"	"PASS"	""	""	"/root/original_language_editor_a"	"CHANGE"	"Для этой вещи не потребуется много объяснений.$(p)Это безделушка, которую можно носить в слоте $(thing)тела$(0). При ношении плащ будет потреблять небольшое количество $(thing)Маны$(0), накладывая на вас эффект невидимости."	"Заглавная форма обращения внутри предложения заменена на современную строчную."	"/root/original_language_editor_b"
"patchouli-lang:botania:botania.page.itemFinder0"	"sha256:eb785810a35153dc993e294950e598e2ff8a2fb4fd0e1b46fba8d0fbd2e03b87"	"$(item)The Spectator$(0) is a headband that allows its wearer to perceive the world in a better way. When its wearer holds an item, all of the following will emit colorful particles for easy spotting:"	"$(item)Инспектор$(0) это головная повязка, которая позволяет носителю лучше чувствовать окружающий мир. Удерживая в руке какой-либо элемент, любой $(thing)Контейнер$(0) (сундук, вагонетка, ослик с сундуком, печь, и т.д.), содержащий предмет этого типа, а также $(thing)Мобы$(0) которые держат этот предмет, $(o)(...)$(0)"	"The Spectator is a headband that allows its wearer to perceive the world in a better way. When its wearer holds an item, all of the following will emit colorful particles for easy spotting:"	"Инспектор это головная повязка, которая позволяет носителю лучше чувствовать окружающий мир. Удерживая в руке какой-либо элемент, любой Контейнер (сундук, вагонетка, ослик с сундуком, печь, и т.д.), содержащий предмет этого типа, а также Мобы которые держат этот предмет, (...)"	"{""kind"": ""patchouli_language_text"", ""location"": {""archive"": ""mods/Botania-1.20.1-448-FORGE.jar"", ""member"": ""assets/botania/patchouli_books/lexicon/en_us/entries/baubles/item_finder.json"", ""output_member"": ""assets/botania/patchouli_books/lexicon/ru_ru/entries/baubles/item_finder.json"", ""pointer"": ""/pages/0/text""}, ""source_id"": ""patchouli"", ""state"": ""visible""}"	"PROSE"	"patchouli:assets/botania/patchouli_books/lexicon/<language>/entries/baubles/item_finder.json"	"CHANGE"	"$(item)Инспектор$(0) - это повязка на голову, которая помогает владельцу лучше видеть окружающий мир. Когда он держит предмет в руке, следующие объекты будут испускать цветные частицы, чтобы их было легко заметить:"	"Текущий текст подменяет начало списка фрагментом следующей страницы и содержит деепричастный оборот без общего деятеля; восстановлен полный смысл исходной строки."	"/root/original_language_editor_a"	"CHANGE"	"$(item)Спектатор$(0) — головная повязка, позволяющая лучше воспринимать окружающий мир. Когда её владелец держит предмет в руке, всё перечисленное ниже испускает разноцветные частицы, чтобы его было легче заметить:"	"Восстановлен полный естественный текст по актуальному оригиналу без постороннего списка."	"/root/original_language_editor_b"
"patchouli-lang:botania:botania.page.itemFinder1"	"sha256:7c13e1d7228c14a64dcb3f603abe8f5a17a64546b5d544e26c988a91a141c2cd"	"$(li)$(thing)containers$(0) (chests, minecarts, furnaces, etc.) containing that item,$(li)$(thing)dropped items$(0) of that type,$(li)$(thing)mobs$(0) with that item equipped,$(li)$(thing)players$(0) or $(thing)pack animals$(0) (llamas, mules, etc.) with that item in their inventory,$(li)$(thing)villagers$(0) trading for that item.$(p)When sneaking, all dropped items near the wearer will shine, regardless of the held item."	"$(o)(...)$(0) $(thing)Игроки$(0), имеющие этот предмет в инвентаре, и $(thing)Жители$(0), которые хотят им поторговать, будут светиться частицами зеленого цвета, позволяя их легко обнаружить.$(p)Если вы крадётесь, то все брошенные предметы вокруг игрока будут светиться, независимо от типа предмета в руке."	"- containers (chests, minecarts, furnaces, etc.) containing that item,
- dropped items of that type,
- mobs with that item equipped,
- players or pack animals (llamas, mules, etc.) with that item in their inventory,
- villagers trading for that item.

When sneaking, all dropped items near the wearer will shine, regardless of the held item."	"(...) Игроки, имеющие этот предмет в инвентаре, и Жители, которые хотят им поторговать, будут светиться частицами зеленого цвета, позволяя их легко обнаружить.

Если вы крадётесь, то все брошенные предметы вокруг игрока будут светиться, независимо от типа предмета в руке."	"{""kind"": ""patchouli_language_text"", ""location"": {""archive"": ""mods/Botania-1.20.1-448-FORGE.jar"", ""member"": ""assets/botania/patchouli_books/lexicon/en_us/entries/baubles/item_finder.json"", ""output_member"": ""assets/botania/patchouli_books/lexicon/ru_ru/entries/baubles/item_finder.json"", ""pointer"": ""/pages/1/text""}, ""source_id"": ""patchouli"", ""state"": ""visible""}"	"PROSE"	"patchouli:assets/botania/patchouli_books/lexicon/<language>/entries/baubles/item_finder.json"	"CHANGE"	"$(li)$(thing)контейнеры$(0) (сундуки, вагонетки, печи и т. д.) с этим предметом,$(li)$(thing)выброшенные предметы$(0) этого типа,$(li)$(thing)мобы$(0) с этим предметом в снаряжении,$(li)$(thing)игроки$(0) или $(thing)вьючные животные$(0) (ламы, мулы и т. д.) с этим предметом в инвентаре,$(li)$(thing)жители$(0), торгующие этим предметом.$(p)Когда носитель крадётся, все выброшенные рядом предметы будут светиться независимо от предмета в руке."	"Продолжение списка заменено обрывком и пропускает контейнеры, выброшенные предметы, мобов и вьючных животных; список и финальная инструкция восстановлены."	"/root/original_language_editor_a"	"PASS"	""	""	"/root/original_language_editor_b"
"patchouli-lang:botania:botania.page.monocle0"	"sha256:dd5f13b88be2d3b263f544d758ebdcdc3040d1ecceff12d12113de6ce52968a5"	"The $(item)Manaseer Monocle$(0) is a handy accessory for insight into $(thing)Mana Bursts$(0)' trajectories. It's not just a fancy eyepiece: it allows its wearer to see all nearby $(thing)Mana Bursts$(0)-- even through walls. Additionally, when a wearer looks at a flower, they can see its areas of effect."	"Монокль - это удобный аксессуар для тех, кто хочет узнать, откуда идут $(thing)Всплески маны$(0). Монокль также позволит Вам видеть все близлежащие $(thing)Всплески маны$(0) даже сквозь стены. Более важным, пожалуй, является то, что когда Вы носите монокль и смотрите на цветок, Вы сможете увидеть его зону действия."	"The Manaseer Monocle is a handy accessory for insight into Mana Bursts' trajectories. It's not just a fancy eyepiece: it allows its wearer to see all nearby Mana Bursts-- even through walls. Additionally, when a wearer looks at a flower, they can see its areas of effect."	"Монокль - это удобный аксессуар для тех, кто хочет узнать, откуда идут Всплески маны. Монокль также позволит Вам видеть все близлежащие Всплески маны даже сквозь стены. Более важным, пожалуй, является то, что когда Вы носите монокль и смотрите на цветок, Вы сможете увидеть его зону действия."	"{""kind"": ""patchouli_language_text"", ""location"": {""archive"": ""mods/Botania-1.20.1-448-FORGE.jar"", ""member"": ""assets/botania/patchouli_books/lexicon/en_us/entries/baubles/monocle.json"", ""output_member"": ""assets/botania/patchouli_books/lexicon/ru_ru/entries/baubles/monocle.json"", ""pointer"": ""/pages/0/text""}, ""source_id"": ""patchouli"", ""state"": ""visible""}"	"PROSE"	"patchouli:assets/botania/patchouli_books/lexicon/<language>/entries/baubles/monocle.json"	"PASS"	""	""	"/root/original_language_editor_a"	"CHANGE"	"Монокль - это удобный аксессуар для тех, кто хочет узнать, откуда идут $(thing)Всплески маны$(0). Монокль также позволит вам видеть все близлежащие $(thing)Всплески маны$(0) даже сквозь стены. Более важным, пожалуй, является то, что когда вы носите монокль и смотрите на цветок, вы сможете увидеть его зону действия."	"Заглавная форма обращения внутри предложения заменена на современную строчную."	"/root/original_language_editor_b"
"patchouli-lang:botania:botania.page.speedUpBelt0"	"sha256:3d82597a71cd22c3ab8534b575df243b68c0d20f0b3caf9eafcc0aa199c71c66"	"The $(item)Planestrider's Sash$(0) is an alternative to the $(l:baubles/travel_belt)$(item)Sojourner's Sash$(0)$(/l).$(p)Unlike its counterpart, it provides no speed boost by default-- however, the more its wearer moves, the faster they get, allowing them to hit truly ludicrous speeds. If its user stops running, however, their bonus is reset."	"$(item)Кушак ускорения$(0) является альтернативой $(item)Кушака Пилигрима$(0).$(p)По сравнению с $(item)Кушаком Пилигрима$(0), $(item)Кушак ускорения$(0) увеличивает скорость передвижения не сразу. Таким образом, чем больше Вы ходите, тем Вы быстрее. Если Вы остановитесь, бонус ускорения будет сброшен."	"The Planestrider's Sash is an alternative to the Sojourner's Sash.

Unlike its counterpart, it provides no speed boost by default-- however, the more its wearer moves, the faster they get, allowing them to hit truly ludicrous speeds. If its user stops running, however, their bonus is reset."	"Кушак ускорения является альтернативой Кушака Пилигрима.

По сравнению с Кушаком Пилигрима, Кушак ускорения увеличивает скорость передвижения не сразу. Таким образом, чем больше Вы ходите, тем Вы быстрее. Если Вы остановитесь, бонус ускорения будет сброшен."	"{""kind"": ""patchouli_language_text"", ""location"": {""archive"": ""mods/Botania-1.20.1-448-FORGE.jar"", ""member"": ""assets/botania/patchouli_books/lexicon/en_us/entries/baubles/speed_up_belt.json"", ""output_member"": ""assets/botania/patchouli_books/lexicon/ru_ru/entries/baubles/speed_up_belt.json"", ""pointer"": ""/pages/0/text""}, ""source_id"": ""patchouli"", ""state"": ""visible""}"	"PROSE"	"patchouli:assets/botania/patchouli_books/lexicon/<language>/entries/baubles/speed_up_belt.json"	"PASS"	""	""	"/root/original_language_editor_a"	"CHANGE"	"$(item)Кушак ускорения$(0) является альтернативой $(item)Кушака Пилигрима$(0).$(p)По сравнению с $(item)Кушаком Пилигрима$(0), $(item)Кушак ускорения$(0) увеличивает скорость передвижения не сразу. Таким образом, чем больше вы ходите, тем вы быстрее. Если вы остановитесь, бонус ускорения будет сброшен."	"Заглавная форма обращения внутри предложения заменена на современную строчную."	"/root/original_language_editor_b"
"patchouli-lang:botania:botania.page.speedUpBelt1"	"sha256:8b23e1bd67f7c6156360bb5724bae47c3b76457be8781eddf119f33c3ec14cc4"	"If you go slow you're a Planeswalker"	"Если Вы медленно передвигаетесь, Вы Мироходец"	"If you go slow you're a Planeswalker"	"Если Вы медленно передвигаетесь, Вы Мироходец"	"{""kind"": ""patchouli_language_text"", ""location"": {""archive"": ""mods/Botania-1.20.1-448-FORGE.jar"", ""member"": ""assets/botania/patchouli_books/lexicon/en_us/entries/baubles/speed_up_belt.json"", ""output_member"": ""assets/botania/patchouli_books/lexicon/ru_ru/entries/baubles/speed_up_belt.json"", ""pointer"": ""/pages/1/text""}, ""source_id"": ""patchouli"", ""state"": ""visible""}"	"PROSE"	"patchouli:assets/botania/patchouli_books/lexicon/<language>/entries/baubles/speed_up_belt.json"	"PASS"	""	""	"/root/original_language_editor_a"	"CHANGE"	"Если вы медленно передвигаетесь, вы Мироходец"	"Заглавная форма обращения внутри предложения заменена на современную строчную."	"/root/original_language_editor_b"
"patchouli-lang:botania:botania.page.superLavaPendant1"	"sha256:78514c5f6d30a44b557932043041f638cb801f031045d58f2935678377eca677"	"You can now take a lava bath"	"Теперь Вы можете принять лавовую ванну"	"You can now take a lava bath"	"Теперь Вы можете принять лавовую ванну"	"{""kind"": ""patchouli_language_text"", ""location"": {""archive"": ""mods/Botania-1.20.1-448-FORGE.jar"", ""member"": ""assets/botania/patchouli_books/lexicon/en_us/entries/baubles/super_lava_pendant.json"", ""output_member"": ""assets/botania/patchouli_books/lexicon/ru_ru/entries/baubles/super_lava_pendant.json"", ""pointer"": ""/pages/1/text""}, ""source_id"": ""patchouli"", ""state"": ""visible""}"	"PROSE"	"patchouli:assets/botania/patchouli_books/lexicon/<language>/entries/baubles/super_lava_pendant.json"	"PASS"	""	""	"/root/original_language_editor_a"	"CHANGE"	"Теперь вы можете принять лавовую ванну"	"Заглавная форма обращения внутри предложения заменена на современную строчную."	"/root/original_language_editor_b"
"patchouli-lang:botania:botania.page.swapRing0"	"sha256:f6e94c7188dcdc97b1422e417da364e4e7becec388a80e6cbebe48413d6f28db"	"Switching tools can be a pain, especially when you find yourself shoveling away at dirt with... an axe? The $(item)Ring of Correction$(0) is a great way to, well, correct those problems.$(p)With this ring equipped, the tool in hand will always be the right one for the block being broken, be it pick, axe, shovel, hoe, or shears. As long as you have the relevant $(thing)Mana$(0)-using tools on hand."	"Переключение инструментов - это боль. Люди часто копают землю... киркой? Использование $(item)Кольца исправления$(0) - отличный способ избежать этого.$(p)При ношении кольцо будет самостоятельно менять инструменты у Вас в руках для добычи блоков, но это будет работать только с теми инструментами, которые могут использовать $(thing)Ману$(0)."	"Switching tools can be a pain, especially when you find yourself shoveling away at dirt with... an axe? The Ring of Correction is a great way to, well, correct those problems.

With this ring equipped, the tool in hand will always be the right one for the block being broken, be it pick, axe, shovel, hoe, or shears. As long as you have the relevant Mana-using tools on hand."	"Переключение инструментов - это боль. Люди часто копают землю... киркой? Использование Кольца исправления - отличный способ избежать этого.

При ношении кольцо будет самостоятельно менять инструменты у Вас в руках для добычи блоков, но это будет работать только с теми инструментами, которые могут использовать Ману."	"{""kind"": ""patchouli_language_text"", ""location"": {""archive"": ""mods/Botania-1.20.1-448-FORGE.jar"", ""member"": ""assets/botania/patchouli_books/lexicon/en_us/entries/baubles/swap_ring.json"", ""output_member"": ""assets/botania/patchouli_books/lexicon/ru_ru/entries/baubles/swap_ring.json"", ""pointer"": ""/pages/0/text""}, ""source_id"": ""patchouli"", ""state"": ""visible""}"	"PROSE"	"patchouli:assets/botania/patchouli_books/lexicon/<language>/entries/baubles/swap_ring.json"	"PASS"	""	""	"/root/original_language_editor_a"	"CHANGE"	"Переключение инструментов - это боль. Люди часто копают землю... киркой? Использование $(item)Кольца исправления$(0) - отличный способ избежать этого.$(p)При ношении кольцо будет самостоятельно менять инструменты у вас в руках для добычи блоков, но это будет работать только с теми инструментами, которые могут использовать $(thing)Ману$(0)."	"Заглавная форма обращения внутри предложения заменена на современную строчную."	"/root/original_language_editor_b"
"patchouli-lang:botania:botania.page.tinyPlanet0"	"sha256:0c345c10448c78c66a6d6c13087e33f7c5c682bdccd0039434c0e0c33b646e0d"	"The $(item)Tiny Planet$(0) is a $(thing)Trinket$(0) with gravitational properties. When equipped, it pulls nearby $(thing)Mana Bursts$(0) into orbits around its wearer.$(p)By increasing its mass with some $(item)Stone$(0), it can also be placed as a block for the same effect."	"$(item)Микропланета$(0) это $(thing)безделушка$(0) с гравитационными свойствами. Когда $(item)Микропланета$(0) экипирована, она притянет ближайшие $(thing)Всплески маны$(0) к игроку, заставя их двигаться по орбите вокруг него.$(p)Увеличив массу микропланеты с помощью $(item)Камня$(0), можно разместить её в мире с тем же эффектом."	"The Tiny Planet is a Trinket with gravitational properties. When equipped, it pulls nearby Mana Bursts into orbits around its wearer.

By increasing its mass with some Stone, it can also be placed as a block for the same effect."	"Микропланета это безделушка с гравитационными свойствами. Когда Микропланета экипирована, она притянет ближайшие Всплески маны к игроку, заставя их двигаться по орбите вокруг него.

Увеличив массу микропланеты с помощью Камня, можно разместить её в мире с тем же эффектом."	"{""kind"": ""patchouli_language_text"", ""location"": {""archive"": ""mods/Botania-1.20.1-448-FORGE.jar"", ""member"": ""assets/botania/patchouli_books/lexicon/en_us/entries/baubles/tiny_planet.json"", ""output_member"": ""assets/botania/patchouli_books/lexicon/ru_ru/entries/baubles/tiny_planet.json"", ""pointer"": ""/pages/0/text""}, ""source_id"": ""patchouli"", ""state"": ""visible""}"	"PROSE"	"patchouli:assets/botania/patchouli_books/lexicon/<language>/entries/baubles/tiny_planet.json"	"PASS"	""	""	"/root/original_language_editor_a"	"CHANGE"	"$(item)Микропланета$(0) это $(thing)безделушка$(0) с гравитационными свойствами. Когда $(item)Микропланета$(0) экипирована, она притянет ближайшие $(thing)Всплески маны$(0) к игроку, заставляя их двигаться по орбите вокруг него.$(p)Увеличив массу микропланеты с помощью $(item)Камня$(0), можно разместить её в мире с тем же эффектом."	"Исправлена опечатка: «заставя» -> «заставляя»."	"/root/original_language_editor_b"
"patchouli-lang:botania:botania.page.forestEye0"	"sha256:ecf5ed2f202bfa6061d8d6f61ac2de49ff3a059ed8efc5ed891a75d16df4fe6d"	"The Ancients who used to watch over the world always looked out for the living beings on it. The $(item)Eye of the Ancients$(0), while not an actual eye, is the next best thing.$(p)An adjacent $(item)Comparator$(0) will output a redstone signal proportional to the number of nearby animals it can find."	"Как и древние, которые использовали глаз, чтобы изучать мир в поиске живых существ, Ваш $(item)Глаз Древних$(0), будет делать то же самое.$(p)Присоединённый к глазу $(item)Компаратор$(0), будет посылать Редстоун сигнал эквивалентный количеству животных находящихся рядом с ним."	"The Ancients who used to watch over the world always looked out for the living beings on it. The Eye of the Ancients, while not an actual eye, is the next best thing.

An adjacent Comparator will output a redstone signal proportional to the number of nearby animals it can find."	"Как и древние, которые использовали глаз, чтобы изучать мир в поиске живых существ, Ваш Глаз Древних, будет делать то же самое.

Присоединённый к глазу Компаратор, будет посылать Редстоун сигнал эквивалентный количеству животных находящихся рядом с ним."	"{""kind"": ""patchouli_language_text"", ""location"": {""archive"": ""mods/Botania-1.20.1-448-FORGE.jar"", ""member"": ""assets/botania/patchouli_books/lexicon/en_us/entries/devices/forest_eye.json"", ""output_member"": ""assets/botania/patchouli_books/lexicon/ru_ru/entries/devices/forest_eye.json"", ""pointer"": ""/pages/0/text""}, ""source_id"": ""patchouli"", ""state"": ""visible""}"	"PROSE"	"patchouli:assets/botania/patchouli_books/lexicon/<language>/entries/devices/forest_eye.json"	"PASS"	""	""	"/root/original_language_editor_a"	"CHANGE"	"Как и древние, которые использовали глаз, чтобы изучать мир в поиске живых существ, ваш $(item)Глаз Древних$(0), будет делать то же самое.$(p)Присоединённый к глазу $(item)Компаратор$(0), будет посылать Редстоун сигнал эквивалентный количеству животных находящихся рядом с ним."	"Заглавная форма обращения внутри предложения заменена на современную строчную."	"/root/original_language_editor_b"
"patchouli-lang:botania:botania.page.hourglass4"	"sha256:ec8cc638338e383f46eba4d4e9f28a3656e53a8a28957573b2df2c50350ff723"	"Right-clicking an hourglass with a $(l:basics/wand)$(item)Wand of the Forest$(0)$(/l) locks (or unlocks) it. When locked, sand can't be added or removed from an hourglass (just in case someone right-clicks the hourglass on accident).$(p)If a $(thing)Mana Burst$(0) collides with an hourglass, it'll stem the flow of sand and pause the timer; another burst will continue the timer."	"Щелчок правой кнопкой мыши по блоку с помощью $(item)Посох леса$(0) блокирует (и разблокирует) его. Если вы заблокировали, песок не может быть добавлен или удален, на случай, если кто-то щелкнет его правой кнопкой мыши на аварии. $(p)Если a $(thing)Всплеск ману$(0) сталкивается с блоком, это остановит поток песка и остановит таймер."	"Right-clicking an hourglass with a Wand of the Forest locks (or unlocks) it. When locked, sand can't be added or removed from an hourglass (just in case someone right-clicks the hourglass on accident).

If a Mana Burst collides with an hourglass, it'll stem the flow of sand and pause the timer; another burst will continue the timer."	"Щелчок правой кнопкой мыши по блоку с помощью Посох леса блокирует (и разблокирует) его. Если вы заблокировали, песок не может быть добавлен или удален, на случай, если кто-то щелкнет его правой кнопкой мыши на аварии.

Если a Всплеск ману сталкивается с блоком, это остановит поток песка и остановит таймер."	"{""kind"": ""patchouli_language_text"", ""location"": {""archive"": ""mods/Botania-1.20.1-448-FORGE.jar"", ""member"": ""assets/botania/patchouli_books/lexicon/en_us/entries/devices/hourglass.json"", ""output_member"": ""assets/botania/patchouli_books/lexicon/ru_ru/entries/devices/hourglass.json"", ""pointer"": ""/pages/4/text""}, ""source_id"": ""patchouli"", ""state"": ""visible""}"	"PROSE"	"patchouli:assets/botania/patchouli_books/lexicon/<language>/entries/devices/hourglass.json"	"PASS"	""	""	"/root/original_language_editor_a"	"CHANGE"	"Щелчок правой кнопкой мыши по блоку с помощью $(item)Посох леса$(0) блокирует (и разблокирует) его. Если вы заблокировали, песок не может быть добавлен или удален, на случай, если кто-то щелкнет его правой кнопкой мыши на аварии. $(p)Если $(thing)Всплеск маны$(0) сталкивается с блоком, это остановит поток песка и остановит таймер."	"Исправлена опечатка: «Если a $(thing)Всплеск ману$(0)» -> «Если $(thing)Всплеск маны$(0)»."	"/root/original_language_editor_b"
"patchouli-lang:botania:botania.page.blackHoleTalisman2"	"sha256:5f77a2dec3d4479677fb0a713967210e4ffcfd12b066f8536f8ac424f23ed5bf"	"Any blocks stored in a Talisman can be placed by simply right-clicking with it.$(p)Sneak-right clicking the Talisman on an inventory will dump up to a stack of blocks into that inventory. Finally, a Talisman can provide a $(l:tools/exchange_rod)$(item)Rod of the Shifting Crust$(0)$(/l) with the blocks it contains."	"Любые блоки, хранящиеся в Талисмане, можно разместить, просто щёлкнув правой кнопкой мыши.$(p)Щелчок правой кнопкой мыши с зажатым Shift Талисманом по инвентрю вложит в него до одного стака блоков. Наконец, Талисман может снабдить $(l:tools/exchange_rod)$(item)Жезл обмена$(0)$(/l) блоками, которые он содержит."	"Any blocks stored in a Talisman can be placed by simply right-clicking with it.

Sneak-right clicking the Talisman on an inventory will dump up to a stack of blocks into that inventory. Finally, a Talisman can provide a Rod of the Shifting Crust with the blocks it contains."	"Любые блоки, хранящиеся в Талисмане, можно разместить, просто щёлкнув правой кнопкой мыши.

Щелчок правой кнопкой мыши с зажатым Shift Талисманом по инвентрю вложит в него до одного стака блоков. Наконец, Талисман может снабдить Жезл обмена блоками, которые он содержит."	"{""kind"": ""patchouli_language_text"", ""location"": {""archive"": ""mods/Botania-1.20.1-448-FORGE.jar"", ""member"": ""assets/botania/patchouli_books/lexicon/en_us/entries/ender/black_hole_talisman.json"", ""output_member"": ""assets/botania/patchouli_books/lexicon/ru_ru/entries/ender/black_hole_talisman.json"", ""pointer"": ""/pages/2/text""}, ""source_id"": ""patchouli"", ""state"": ""visible""}"	"PROSE"	"patchouli:assets/botania/patchouli_books/lexicon/<language>/entries/ender/black_hole_talisman.json"	"PASS"	""	""	"/root/original_language_editor_a"	"CHANGE"	"Любые блоки, хранящиеся в Талисмане, можно разместить, просто щёлкнув правой кнопкой мыши.$(p)Щелчок правой кнопкой мыши с зажатым Shift Талисманом по инвентарю вложит в него до одного стака блоков. Наконец, Талисман может снабдить $(l:tools/exchange_rod)$(item)Жезл обмена$(0)$(/l) блоками, которые он содержит."	"Исправлена опечатка: «инвентрю» -> «инвентарю»."	"/root/original_language_editor_b"
"patchouli-lang:botania:botania.page.dreadthorne1"	"sha256:e8aaaa65ef3f44d4408d4e6e07d0dbe099e258633d618f1330d120f2220e9917"	"$(o)It's a modus operandi$()."	"$(o)Нет Mr.Бонд, Я жду, чтобы Вы умерли$(0)."	"It's a modus operandi."	"Нет Mr.Бонд, Я жду, чтобы Вы умерли."	"{""kind"": ""patchouli_language_text"", ""location"": {""archive"": ""mods/Botania-1.20.1-448-FORGE.jar"", ""member"": ""assets/botania/patchouli_books/lexicon/en_us/entries/functional_flowers/dreadthorne.json"", ""output_member"": ""assets/botania/patchouli_books/lexicon/ru_ru/entries/functional_flowers/dreadthorne.json"", ""pointer"": ""/pages/1/text""}, ""source_id"": ""patchouli"", ""state"": ""visible""}"	"PROSE"	"patchouli:assets/botania/patchouli_books/lexicon/<language>/entries/functional_flowers/dreadthorne.json"	"PASS"	""	""	"/root/original_language_editor_a"	"CHANGE"	"$(o)Нет Mr.Бонд, Я жду, чтобы вы умерли$(0)."	"Заглавная форма обращения внутри предложения заменена на современную строчную."	"/root/original_language_editor_b"
"patchouli-lang:botania:botania.page.flowerShrinking0"	"sha256:f7160a191b09df2d97348baaa0025e7dd5c969618534949f4419d189b20e5d05"	"Some functional flowers can have a bit too much reach for certain use-cases. Tossing one of those into a $(l:mana/pool)$(item)Mana Pool$(0)$(/l) with an $(l:devices/mana_alchemy)$(item)Alchemy Catalyst$(0)$(/l) will (at the cost of some $(thing)Mana$(0)) shrink it, making its area of effect smaller. Every other function remains the same."	"Некоторые функциональные цветы имеют слишком большую зону действия. Бросив один из тех немногих цветов в $(item)Бассейн маны$(0) с $(item)Алхимическим катализатором$(0), Вы уменьшите как сам цветок, так и его зону действия."	"Some functional flowers can have a bit too much reach for certain use-cases. Tossing one of those into a Mana Pool with an Alchemy Catalyst will (at the cost of some Mana) shrink it, making its area of effect smaller. Every other function remains the same."	"Некоторые функциональные цветы имеют слишком большую зону действия. Бросив один из тех немногих цветов в Бассейн маны с Алхимическим катализатором, Вы уменьшите как сам цветок, так и его зону действия."	"{""kind"": ""patchouli_language_text"", ""location"": {""archive"": ""mods/Botania-1.20.1-448-FORGE.jar"", ""member"": ""assets/botania/patchouli_books/lexicon/en_us/entries/functional_flowers/flower_shrinking.json"", ""output_member"": ""assets/botania/patchouli_books/lexicon/ru_ru/entries/functional_flowers/flower_shrinking.json"", ""pointer"": ""/pages/0/text""}, ""source_id"": ""patchouli"", ""state"": ""visible""}"	"PROSE"	"patchouli:assets/botania/patchouli_books/lexicon/<language>/entries/functional_flowers/flower_shrinking.json"	"PASS"	""	""	"/root/original_language_editor_a"	"CHANGE"	"Некоторые функциональные цветы имеют слишком большую зону действия. Бросив один из тех немногих цветов в $(item)Бассейн маны$(0) с $(item)Алхимическим катализатором$(0), вы уменьшите как сам цветок, так и его зону действия."	"Заглавная форма обращения внутри предложения заменена на современную строчную."	"/root/original_language_editor_b"
"patchouli-lang:botania:botania.page.dandelifeon1"	"sha256:21929b1860fa0a383c4f47bd265617ae51afc0f485b99bbb7933fadb529b6d2a"	"This flower's function is based on a cellular automaton known as $(thing)Conway's Game of Life$(0). The area for this procedure is a 25x25 square, centered around the $(item)Dandelifeon$(0) itself.$(p)As long as the flower receives a redstone signal, it'll step the automaton twice a second."	"Работа этого цветка основана на клеточном автомате, известном как $(thing)Игра ""Жизнь""$(0). Процесс происходит в области размером  25 × 25, центрированной вокруг $(item)Жизнеодуванчика$(0). $(p)Пока на цветок подаёся сигнал редстоуна, он будет продвигать игру на 2 цикла в секунду."	"This flower's function is based on a cellular automaton known as Conway's Game of Life. The area for this procedure is a 25x25 square, centered around the Dandelifeon itself.

As long as the flower receives a redstone signal, it'll step the automaton twice a second."	"Работа этого цветка основана на клеточном автомате, известном как Игра ""Жизнь"". Процесс происходит в области размером 25 × 25, центрированной вокруг Жизнеодуванчика.

Пока на цветок подаёся сигнал редстоуна, он будет продвигать игру на 2 цикла в секунду."	"{""kind"": ""patchouli_language_text"", ""location"": {""archive"": ""mods/Botania-1.20.1-448-FORGE.jar"", ""member"": ""assets/botania/patchouli_books/lexicon/en_us/entries/generating_flowers/dandelifeon.json"", ""output_member"": ""assets/botania/patchouli_books/lexicon/ru_ru/entries/generating_flowers/dandelifeon.json"", ""pointer"": ""/pages/1/text""}, ""source_id"": ""patchouli"", ""state"": ""visible""}"	"PROSE"	"patchouli:assets/botania/patchouli_books/lexicon/<language>/entries/generating_flowers/dandelifeon.json"	"PASS"	""	""	"/root/original_language_editor_a"	"CHANGE"	"Работа этого цветка основана на клеточном автомате, известном как $(thing)Игра ""Жизнь""$(0). Процесс происходит в области размером  25 × 25, центрированной вокруг $(item)Жизнеодуванчика$(0). $(p)Пока на цветок подаётся сигнал редстоуна, он будет продвигать игру на 2 цикла в секунду."	"Исправлена опечатка: «подаёся» -> «подаётся»."	"/root/original_language_editor_b"
"patchouli-lang:botania:botania.page.gIntro3"	"sha256:a14ac04882f63304bbe6f5b084c3ad21d41f465efd21443a6f5159f28a5494db"	"Choosing your first $(thing)Generating Flower$(0) is a pretty simple task; the simplest two choices for any fledgling botanist are the $(l:generating_flowers/endoflame)$(item)Endoflame$(0)$(/l) and the $(l:generating_flowers/hydroangeas)$(item)Hydroangeas$(0)$(/l).$(p)The former uses $(item)Coal$(0) or other fuel sources to generate $(thing)Mana$(0). The latter uses $(item)Water$(0) sources for the same task, but decays after about three days."	"Выбор первого $(thing)Генерирующего Цветка$(0) - достаточно простая задача. Поскольку Вы ещё начинающий ботаник, у вас есть два варианта: $(item)Эндопламя$(0) и $(item)Водогортензия$(0).$(p)Эндопламя использует $(item)Уголь$(0) или другие горючие ресурсы для создания $(thing)Маны$(0). Водогортензия для создания маны использует источники $(item)Воды$(0)."	"Choosing your first Generating Flower is a pretty simple task; the simplest two choices for any fledgling botanist are the Endoflame and the Hydroangeas.

The former uses Coal or other fuel sources to generate Mana. The latter uses Water sources for the same task, but decays after about three days."	"Выбор первого Генерирующего Цветка - достаточно простая задача. Поскольку Вы ещё начинающий ботаник, у вас есть два варианта: Эндопламя и Водогортензия.

Эндопламя использует Уголь или другие горючие ресурсы для создания Маны. Водогортензия для создания маны использует источники Воды."	"{""kind"": ""patchouli_language_text"", ""location"": {""archive"": ""mods/Botania-1.20.1-448-FORGE.jar"", ""member"": ""assets/botania/patchouli_books/lexicon/en_us/entries/generating_flowers/intro.json"", ""output_member"": ""assets/botania/patchouli_books/lexicon/ru_ru/entries/generating_flowers/intro.json"", ""pointer"": ""/pages/3/text""}, ""source_id"": ""patchouli"", ""state"": ""visible""}"	"PROSE"	"patchouli:assets/botania/patchouli_books/lexicon/<language>/entries/generating_flowers/intro.json"	"PASS"	""	""	"/root/original_language_editor_a"	"CHANGE"	"Выбор первого $(thing)Генерирующего Цветка$(0) - достаточно простая задача. Поскольку вы ещё начинающий ботаник, у вас есть два варианта: $(item)Эндопламя$(0) и $(item)Водогортензия$(0).$(p)Эндопламя использует $(item)Уголь$(0) или другие горючие ресурсы для создания $(thing)Маны$(0). Водогортензия для создания маны использует источники $(item)Воды$(0)."	"Заглавная форма обращения внутри предложения заменена на современную строчную."	"/root/original_language_editor_b"
"patchouli-lang:botania:botania.page.munchdew2"	"sha256:d2b35693fd5846b493935c66514715fdeed0e7fefa4a7260dd5e319e3c8ba1c1"	"$(o)Itadakimasu~$()"	"$(o)Ради продления своей жизни я принимаю Вашу жизнь, жизнь растений~$(0)"	"Itadakimasu~"	"Ради продления своей жизни я принимаю Вашу жизнь, жизнь растений~"	"{""kind"": ""patchouli_language_text"", ""location"": {""archive"": ""mods/Botania-1.20.1-448-FORGE.jar"", ""member"": ""assets/botania/patchouli_books/lexicon/en_us/entries/generating_flowers/munchdew.json"", ""output_member"": ""assets/botania/patchouli_books/lexicon/ru_ru/entries/generating_flowers/munchdew.json"", ""pointer"": ""/pages/2/text""}, ""source_id"": ""patchouli"", ""state"": ""visible""}"	"PROSE"	"patchouli:assets/botania/patchouli_books/lexicon/<language>/entries/generating_flowers/munchdew.json"	"PASS"	""	""	"/root/original_language_editor_a"	"CHANGE"	"$(o)Ради продления своей жизни я принимаю вашу жизнь, жизнь растений~$(0)"	"Заглавная форма обращения внутри предложения заменена на современную строчную."	"/root/original_language_editor_b"
"patchouli-lang:botania:botania.page.dreamwoodSpreader0"	"sha256:ce006e4b22c41ed648ca203762dd2c9259bf3901945b154e094634a57d5a4d89"	"When it comes right down to it, $(l:alfhomancy/elf_resources)$(item)Dreamwood$(0)$(/l) simply conducts $(thing)Mana$(0) better than $(l:basics/pure_daisy)$(item)Livingwood$(0)$(/l). A few adjustments in recipe (like substituting $(l:alfhomancy/elf_resources)$(item)Elementium$(0)$(/l) for $(item)Copper$(0)) yield an $(item)Elven Mana Spreader$(0), which conducts more $(thing)Mana$(0), faster, and for longer without $(thing)Mana Loss$(0).$(p)Unfortunately, these can't be turned into $(l:mana/redstone_spreader)$(item)Pulse Mana Spreaders$(0)$(/l)."	"Говоря простым языком, $(item)Древесина мечтаний$(0) намного лучше проводит $(thing)Ману$(0), чем $(item)Жизнедерево$(0). Также положив в окно верстака $(item)Элементий$(0) вместо $(item)Золота$(0), Вы получите $(item)Распространитель$(0), способный проводить больше $(thing)Маны$(0) и работать быстрее. Время, после которого начнется $(thing)Потеря маны$(0), также возрастет. Единственный минус в том, что его нельзя превратить в $(item)Красный распространитель$(0)."	"When it comes right down to it, Dreamwood simply conducts Mana better than Livingwood. A few adjustments in recipe (like substituting Elementium for Copper) yield an Elven Mana Spreader, which conducts more Mana, faster, and for longer without Mana Loss.

Unfortunately, these can't be turned into Pulse Mana Spreaders."	"Говоря простым языком, Древесина мечтаний намного лучше проводит Ману, чем Жизнедерево. Также положив в окно верстака Элементий вместо Золота, Вы получите Распространитель, способный проводить больше Маны и работать быстрее. Время, после которого начнется Потеря маны, также возрастет. Единственный минус в том, что его нельзя превратить в Красный распространитель."	"{""kind"": ""patchouli_language_text"", ""location"": {""archive"": ""mods/Botania-1.20.1-448-FORGE.jar"", ""member"": ""assets/botania/patchouli_books/lexicon/en_us/entries/mana/dreamwood_spreader.json"", ""output_member"": ""assets/botania/patchouli_books/lexicon/ru_ru/entries/mana/dreamwood_spreader.json"", ""pointer"": ""/pages/0/text""}, ""source_id"": ""patchouli"", ""state"": ""visible""}"	"PROSE"	"patchouli:assets/botania/patchouli_books/lexicon/<language>/entries/mana/dreamwood_spreader.json"	"PASS"	""	""	"/root/original_language_editor_a"	"CHANGE"	"Говоря простым языком, $(item)Древесина мечтаний$(0) намного лучше проводит $(thing)Ману$(0), чем $(item)Жизнедерево$(0). Также положив в окно верстака $(item)Элементий$(0) вместо $(item)Золота$(0), вы получите $(item)Распространитель$(0), способный проводить больше $(thing)Маны$(0) и работать быстрее. Время, после которого начнется $(thing)Потеря маны$(0), также возрастет. Единственный минус в том, что его нельзя превратить в $(item)Красный распространитель$(0)."	"Заглавная форма обращения внутри предложения заменена на современную строчную."	"/root/original_language_editor_b"
"patchouli-lang:botania:botania.page.mIntro1"	"sha256:cd51ba331c45b24bf05cd646708d91945eb8edd5119cabbf9b8571f51c10a69c"	"$(thing)Generating Flora$(0) are used to create $(thing)Mana$(0) (read the corresponding section for more details). $(thing)Mana$(0) so generated can be extracted and transferred with $(l:mana/spreader)$(item)Mana Spreaders$(0)$(/l) and stored in $(l:mana/pool)$(item)Mana Pools$(0)$(/l). $(thing)Mana$(0) can be used for a myriad of things: for starters, it can fuel $(thing)Functional Flora$(0) (read that section too)."	"Чтобы получить $(thing)Ману$(0), Вам понадобится некоторый набор цветов $(thing)Генерирующей флоры$(0) (см. соотв. раздел). $(thing)Ману$(0) можно передать при помощи $(item)Распространителей маны$(0) и хранить в $(item)Бассейнах маны$(0). Она понадобится для гигантского количества разных вещей... Например, для работы $(thing)Функциональных Цветов$(0) (см. одноим. раздел)."	"Generating Flora are used to create Mana (read the corresponding section for more details). Mana so generated can be extracted and transferred with Mana Spreaders and stored in Mana Pools. Mana can be used for a myriad of things: for starters, it can fuel Functional Flora (read that section too)."	"Чтобы получить Ману, Вам понадобится некоторый набор цветов Генерирующей флоры (см. соотв. раздел). Ману можно передать при помощи Распространителей маны и хранить в Бассейнах маны. Она понадобится для гигантского количества разных вещей... Например, для работы Функциональных Цветов (см. одноим. раздел)."	"{""kind"": ""patchouli_language_text"", ""location"": {""archive"": ""mods/Botania-1.20.1-448-FORGE.jar"", ""member"": ""assets/botania/patchouli_books/lexicon/en_us/entries/mana/intro.json"", ""output_member"": ""assets/botania/patchouli_books/lexicon/ru_ru/entries/mana/intro.json"", ""pointer"": ""/pages/1/text""}, ""source_id"": ""patchouli"", ""state"": ""visible""}"	"PROSE"	"patchouli:assets/botania/patchouli_books/lexicon/<language>/entries/mana/intro.json"	"PASS"	""	""	"/root/original_language_editor_a"	"CHANGE"	"Чтобы получить $(thing)Ману$(0), вам понадобится некоторый набор цветов $(thing)Генерирующей флоры$(0) (см. соотв. раздел). $(thing)Ману$(0) можно передать при помощи $(item)Распространителей маны$(0) и хранить в $(item)Бассейнах маны$(0). Она понадобится для гигантского количества разных вещей... Например, для работы $(thing)Функциональных Цветов$(0) (см. одноим. раздел)."	"Заглавная форма обращения внутри предложения заменена на современную строчную."	"/root/original_language_editor_b"
"patchouli-lang:botania:botania.page.manaMirror0"	"sha256:4cabfdea0b32a2e2a5c5cc14368dae4718d4985976a0e6cb7c905e43fc28b8ef"	"A $(item)Mana Mirror$(0) is an alternative to $(thing)Mana$(0)-containing items like $(l:mana/mana_tablet)$(item)Tablets$(0)$(/l). After it's bound to a $(l:mana/pool)$(item)Mana Pool$(0)$(/l), items in the inventory requiring $(thing)Mana$(0) will draw from it.$(p)To bind a mirror to a pool, simply $(thing)sneak-right click$(0) the pool with the mirror. The mirror can't input or output mana from/to pools in any other way."	"$(item)Зеркало маны$(0) - это альтернатива таким $(thing)мана$(0)-содержащим предметам, как $(item)Планшет маны$(0). Зеркало можно привязать к $(item)Бассейну маны$(0), и все предметы в инвентаре, которым нужна $(thing)мана$(0), возьмут ее прямо из этого бассейна.$(p)Нажав зеркалом $(thing)Shift+ПКМ$(0) по бассейну, Вы свяжите их. По-другому зеркало никак не может помещать или брать ману из бассейна."	"A Mana Mirror is an alternative to Mana-containing items like Tablets. After it's bound to a Mana Pool, items in the inventory requiring Mana will draw from it.

To bind a mirror to a pool, simply sneak-right click the pool with the mirror. The mirror can't input or output mana from/to pools in any other way."	"Зеркало маны - это альтернатива таким мана-содержащим предметам, как Планшет маны. Зеркало можно привязать к Бассейну маны, и все предметы в инвентаре, которым нужна мана, возьмут ее прямо из этого бассейна.

Нажав зеркалом Shift+ПКМ по бассейну, Вы свяжите их. По-другому зеркало никак не может помещать или брать ману из бассейна."	"{""kind"": ""patchouli_language_text"", ""location"": {""archive"": ""mods/Botania-1.20.1-448-FORGE.jar"", ""member"": ""assets/botania/patchouli_books/lexicon/en_us/entries/mana/mana_mirror.json"", ""output_member"": ""assets/botania/patchouli_books/lexicon/ru_ru/entries/mana/mana_mirror.json"", ""pointer"": ""/pages/0/text""}, ""source_id"": ""patchouli"", ""state"": ""visible""}"	"PROSE"	"patchouli:assets/botania/patchouli_books/lexicon/<language>/entries/mana/mana_mirror.json"	"PASS"	""	""	"/root/original_language_editor_a"	"CHANGE"	"$(item)Зеркало маны$(0) - это альтернатива таким $(thing)мана$(0)-содержащим предметам, как $(item)Планшет маны$(0). Зеркало можно привязать к $(item)Бассейну маны$(0), и все предметы в инвентаре, которым нужна $(thing)мана$(0), возьмут ее прямо из этого бассейна.$(p)Нажав зеркалом $(thing)Shift+ПКМ$(0) по бассейну, вы свяжите их. По-другому зеркало никак не может помещать или брать ману из бассейна."	"Заглавная форма обращения внутри предложения заменена на современную строчную."	"/root/original_language_editor_b"
"patchouli-lang:botania:botania.page.manaTablet1"	"sha256:1df49deb03083e7792b871bc2445455ba3235db159740376d38398e39d0e1690"	"Tossing a tablet into a $(l:mana/pool)$(item)Mana Pool$(0)$(/l) will allow for flow of $(thing)Mana$(0) between them.$(p)Sneak-right clicking (or using a $(item)Dispenser$(0)) on the $(l:mana/pool)$(item)Mana Pool$(0)$(/l) with a $(l:basics/wand)$(item)Wand of the Forest$(0)$(/l) will change which way the $(thing)Mana$(0) will flow.$(p)Unlike normal items, dropped tablets never despawn."	"Кинув один из таких планшетов на $(item)Бассейн маны$(0), Вы позволите $(thing)мане$(0) перемещаться, к примеру, с бассейна на планшет. Нажав по $(item)Бассейну$(0) Shift+ПКМ $(item)Посохом Леса$(0), Вы смените направление, по которому будет перетекать $(thing)мана$(0) (Бассейн->Планшет, Планшет->Бассейн). В отличие от обычных предметов, $(item)Планшет$(0), будучи брошенным на пол, никогда не исчезнет."	"Tossing a tablet into a Mana Pool will allow for flow of Mana between them.

Sneak-right clicking (or using a Dispenser) on the Mana Pool with a Wand of the Forest will change which way the Mana will flow.

Unlike normal items, dropped tablets never despawn."	"Кинув один из таких планшетов на Бассейн маны, Вы позволите мане перемещаться, к примеру, с бассейна на планшет. Нажав по Бассейну Shift+ПКМ Посохом Леса, Вы смените направление, по которому будет перетекать мана (Бассейн->Планшет, Планшет->Бассейн). В отличие от обычных предметов, Планшет, будучи брошенным на пол, никогда не исчезнет."	"{""kind"": ""patchouli_language_text"", ""location"": {""archive"": ""mods/Botania-1.20.1-448-FORGE.jar"", ""member"": ""assets/botania/patchouli_books/lexicon/en_us/entries/mana/mana_tablet.json"", ""output_member"": ""assets/botania/patchouli_books/lexicon/ru_ru/entries/mana/mana_tablet.json"", ""pointer"": ""/pages/1/text""}, ""source_id"": ""patchouli"", ""state"": ""visible""}"	"PROSE"	"patchouli:assets/botania/patchouli_books/lexicon/<language>/entries/mana/mana_tablet.json"	"PASS"	""	""	"/root/original_language_editor_a"	"CHANGE"	"Кинув один из таких планшетов на $(item)Бассейн маны$(0), вы позволите $(thing)мане$(0) перемещаться, к примеру, с бассейна на планшет. Нажав по $(item)Бассейну$(0) Shift+ПКМ $(item)Посохом Леса$(0), вы смените направление, по которому будет перетекать $(thing)мана$(0) (Бассейн->Планшет, Планшет->Бассейн). В отличие от обычных предметов, $(item)Планшет$(0), будучи брошенным на пол, никогда не исчезнет."	"Заглавная форма обращения внутри предложения заменена на современную строчную."	"/root/original_language_editor_b"
"patchouli-lang:botania:botania.page.manaVoid0"	"sha256:b793a8723408aca65993653ee3a4417da7cb7f4f0f986eeed2c8b18c1324a313"	"The $(item)Mana Void$(0) is, in layman's terms, a grave for $(thing)Mana$(0). Any $(thing)Mana$(0) poured into this block will simply vanish into the void, never to be seen again.$(p)Placing one of these under a $(l:mana/pool)$(item)Mana Pool$(0)$(/l) will allow the pool to always accept $(thing)Mana$(0), but void any it can't hold."	"Говоря простым языком, $(item)Мана-пустота$(0) - это могила для $(thing)маны$(0). Любая $(thing)мана$(0), попавшая в этот блок, просто испарится в пустоте и больше не вернется назад.$(p)Поставив один такой блок под $(item)Бассейн маны$(0), Вы позволите бассейну все также принимать $(thing)ману$(0), но уничтожать ту, которая в него не помещается."	"The Mana Void is, in layman's terms, a grave for Mana. Any Mana poured into this block will simply vanish into the void, never to be seen again.

Placing one of these under a Mana Pool will allow the pool to always accept Mana, but void any it can't hold."	"Говоря простым языком, Мана-пустота - это могила для маны. Любая мана, попавшая в этот блок, просто испарится в пустоте и больше не вернется назад.

Поставив один такой блок под Бассейн маны, Вы позволите бассейну все также принимать ману, но уничтожать ту, которая в него не помещается."	"{""kind"": ""patchouli_language_text"", ""location"": {""archive"": ""mods/Botania-1.20.1-448-FORGE.jar"", ""member"": ""assets/botania/patchouli_books/lexicon/en_us/entries/mana/mana_void.json"", ""output_member"": ""assets/botania/patchouli_books/lexicon/ru_ru/entries/mana/mana_void.json"", ""pointer"": ""/pages/0/text""}, ""source_id"": ""patchouli"", ""state"": ""visible""}"	"PROSE"	"patchouli:assets/botania/patchouli_books/lexicon/<language>/entries/mana/mana_void.json"	"PASS"	""	""	"/root/original_language_editor_a"	"CHANGE"	"Говоря простым языком, $(item)Мана-пустота$(0) - это могила для $(thing)маны$(0). Любая $(thing)мана$(0), попавшая в этот блок, просто испарится в пустоте и больше не вернется назад.$(p)Поставив один такой блок под $(item)Бассейн маны$(0), вы позволите бассейну все также принимать $(thing)ману$(0), но уничтожать ту, которая в него не помещается."	"Заглавная форма обращения внутри предложения заменена на современную строчную."	"/root/original_language_editor_b"
"patchouli-lang:botania:botania.page.manastar0"	"sha256:f827bea6c37c24779acb5d4dfb4db75431423422fae8ad5cf847e9092b1336c0"	"The imprecise measurements of the $(l:basics/wand)$(item)Wand of the Forest$(0)$(/l) sometimes won't cut it for telling if you're turning a profit or loss in your $(l:mana/pool)$(item)Mana Pools$(0)$(/l).$(p)Creating a $(item)Manastar$(0) and placing it next to a pool will have the flower shine red if there's a loss, or blue if there's a profit. The measurement updates every few seconds."	"Из-за неточности измерений $(item)Посох Леса$(0) порой не даст ответа на вопрос, увеличивается ли количество маны в $(item)Бассейнах$(0) или уменьшается. Создав $(item)Звезду маны$(0) и поставив ее вплотную к бассейну, Вы увидите, что при уменьшении маны она будет испускать красные частицы, а при увеличении - синие. Измерения происходят каждые несколько секунд."	"The imprecise measurements of the Wand of the Forest sometimes won't cut it for telling if you're turning a profit or loss in your Mana Pools.

Creating a Manastar and placing it next to a pool will have the flower shine red if there's a loss, or blue if there's a profit. The measurement updates every few seconds."	"Из-за неточности измерений Посох Леса порой не даст ответа на вопрос, увеличивается ли количество маны в Бассейнах или уменьшается. Создав Звезду маны и поставив ее вплотную к бассейну, Вы увидите, что при уменьшении маны она будет испускать красные частицы, а при увеличении - синие. Измерения происходят каждые несколько секунд."	"{""kind"": ""patchouli_language_text"", ""location"": {""archive"": ""mods/Botania-1.20.1-448-FORGE.jar"", ""member"": ""assets/botania/patchouli_books/lexicon/en_us/entries/mana/manastar.json"", ""output_member"": ""assets/botania/patchouli_books/lexicon/ru_ru/entries/mana/manastar.json"", ""pointer"": ""/pages/0/text""}, ""source_id"": ""patchouli"", ""state"": ""visible""}"	"PROSE"	"patchouli:assets/botania/patchouli_books/lexicon/<language>/entries/mana/manastar.json"	"PASS"	""	""	"/root/original_language_editor_a"	"CHANGE"	"Из-за неточности измерений $(item)Посох Леса$(0) порой не даст ответа на вопрос, увеличивается ли количество маны в $(item)Бассейнах$(0) или уменьшается. Создав $(item)Звезду маны$(0) и поставив ее вплотную к бассейну, вы увидите, что при уменьшении маны она будет испускать красные частицы, а при увеличении - синие. Измерения происходят каждые несколько секунд."	"Заглавная форма обращения внутри предложения заменена на современную строчную."	"/root/original_language_editor_b"
"patchouli-lang:botania:botania.page.sparkChanger0"	"sha256:2e530260dd3b4bfece1134a929ec3dee1dba30e5b9adad8d02689183b173bf6d"	"The $(item)Spark Tinkerer$(0) is a block with the ability to modify the $(l:mana/spark_upgrades)$(item)Augments$(0)$(/l) placed on $(l:mana/sparks)$(item)Sparks$(0)$(/l). Placing one adjacent to a $(l:mana/pool)$(item)Mana Pool$(0)$(/l) (or other block with a $(l:mana/sparks)$(item)Spark$(0)$(/l) attached) will connect it to that block.$(p)Right-clicking the $(item)Spark Tinkerer$(0) with a $(l:mana/spark_upgrades)$(item)Spark Augment$(0)$(/l) will put the augment in the block; the augment can be removed by right-clicking again."	"$(item)Искра ремесленникка$(0) - это блок, способный модифицировать $(item)Дополнения$(0), помещенные в $(item)Искры$(0). Размещение его рядом с $(item)Бассейном маны$(0) или другими блоками с прикрепленным $(item)Искрами$(0) будет подключен к этим блокам. $(p)Щелчок ПКМ по $(item)Искре ремесленника$(0) с помощью $(item)Дополнения для искр$(0) добавит в блок, его можно удалить, щелкнув ПКМ."	"The Spark Tinkerer is a block with the ability to modify the Augments placed on Sparks. Placing one adjacent to a Mana Pool (or other block with a Spark attached) will connect it to that block.

Right-clicking the Spark Tinkerer with a Spark Augment will put the augment in the block; the augment can be removed by right-clicking again."	"Искра ремесленникка - это блок, способный модифицировать Дополнения, помещенные в Искры. Размещение его рядом с Бассейном маны или другими блоками с прикрепленным Искрами будет подключен к этим блокам.

Щелчок ПКМ по Искре ремесленника с помощью Дополнения для искр добавит в блок, его можно удалить, щелкнув ПКМ."	"{""kind"": ""patchouli_language_text"", ""location"": {""archive"": ""mods/Botania-1.20.1-448-FORGE.jar"", ""member"": ""assets/botania/patchouli_books/lexicon/en_us/entries/mana/spark_changer.json"", ""output_member"": ""assets/botania/patchouli_books/lexicon/ru_ru/entries/mana/spark_changer.json"", ""pointer"": ""/pages/0/text""}, ""source_id"": ""patchouli"", ""state"": ""visible""}"	"PROSE"	"patchouli:assets/botania/patchouli_books/lexicon/<language>/entries/mana/spark_changer.json"	"PASS"	""	""	"/root/original_language_editor_a"	"CHANGE"	"$(item)Искра ремесленника$(0) - это блок, способный модифицировать $(item)Дополнения$(0), помещенные в $(item)Искры$(0). Размещение его рядом с $(item)Бассейном маны$(0) или другими блоками с прикрепленным $(item)Искрами$(0) будет подключен к этим блокам. $(p)Щелчок ПКМ по $(item)Искре ремесленника$(0) с помощью $(item)Дополнения для искр$(0) добавит в блок, его можно удалить, щелкнув ПКМ."	"Исправлена опечатка: «ремесленникка» -> «ремесленника»."	"/root/original_language_editor_b"
"patchouli-lang:botania:botania.page.sparks3"	"sha256:c57a40de3e07a327462d3f6349797136d23cff3310eb40010e6a81a272d55b16"	"Sparks can be dyed with $(item)Dye$(0); sparks with different colors will never interact. They can also be splashed with a bit of $(l:misc/phantom_ink)$(item)Phantom Ink$(0)$(/l) to make them highly translucent (in case you think they look too obtrusive)."	"Если $(item)Искры$(0) покажутся Вам слишком надоедливыми из-за своего мерцания, просто кликните по одной из них $(item)Призрачными чернилами$(0), чтобы сделать ее более прозрачной и незаметной. Чернила при этом не потратятся."	"Sparks can be dyed with Dye; sparks with different colors will never interact. They can also be splashed with a bit of Phantom Ink to make them highly translucent (in case you think they look too obtrusive)."	"Если Искры покажутся Вам слишком надоедливыми из-за своего мерцания, просто кликните по одной из них Призрачными чернилами, чтобы сделать ее более прозрачной и незаметной. Чернила при этом не потратятся."	"{""kind"": ""patchouli_language_text"", ""location"": {""archive"": ""mods/Botania-1.20.1-448-FORGE.jar"", ""member"": ""assets/botania/patchouli_books/lexicon/en_us/entries/mana/sparks.json"", ""output_member"": ""assets/botania/patchouli_books/lexicon/ru_ru/entries/mana/sparks.json"", ""pointer"": ""/pages/2/text""}, ""source_id"": ""patchouli"", ""state"": ""visible""}"	"PROSE"	"patchouli:assets/botania/patchouli_books/lexicon/<language>/entries/mana/sparks.json"	"PASS"	""	""	"/root/original_language_editor_a"	"CHANGE"	"Если $(item)Искры$(0) покажутся вам слишком надоедливыми из-за своего мерцания, просто кликните по одной из них $(item)Призрачными чернилами$(0), чтобы сделать ее более прозрачной и незаметной. Чернила при этом не потратятся."	"Заглавная форма обращения внутри предложения заменена на современную строчную."	"/root/original_language_editor_b"
"patchouli-lang:botania:botania.page.spreader0"	"sha256:fdd90b91ad4f2e7785d64e7fe3ae09ca0beeabb4548152b4c3ce91f2ddf32bb8"	"The $(item)Mana Spreader$(0) is the single most important tool a botanist needs to manipulate $(thing)Mana$(0).$(p)This block shoots $(thing)Mana$(0) from point A to point B. It faces a cardinal direction when placed, but sneak-right clicking it with a $(l:basics/wand)$(item)Wand of the Forest$(0)$(/l) on a face points it elsewhere. It can be aimed at other blocks with a wand in $(thing)Bind Mode$(0)."	"$(item)Распространитель Маны$(0) - это самый важный компонент в деле $(thing)Управления Маной$(0).$(p)Этот блок перемещает $(thing)Ману$(0) из точки А в точку Б. При размещении он смотрит в одну из шести сторон, но щелчок Shift+ПКМ $(l:basics/wand)$(item)Посохом леса$(0)$(/l) повернёт $(item)Распространитель маны$(0) в противоположную от Вашего нажатия сторону. Он также может быть направлен на блоки посохом в $(thing)Режиме привязки$(0)"	"The Mana Spreader is the single most important tool a botanist needs to manipulate Mana.

This block shoots Mana from point A to point B. It faces a cardinal direction when placed, but sneak-right clicking it with a Wand of the Forest on a face points it elsewhere. It can be aimed at other blocks with a wand in Bind Mode."	"Распространитель Маны - это самый важный компонент в деле Управления Маной.

Этот блок перемещает Ману из точки А в точку Б. При размещении он смотрит в одну из шести сторон, но щелчок Shift+ПКМ Посохом леса повернёт Распространитель маны в противоположную от Вашего нажатия сторону. Он также может быть направлен на блоки посохом в Режиме привязки"	"{""kind"": ""patchouli_language_text"", ""location"": {""archive"": ""mods/Botania-1.20.1-448-FORGE.jar"", ""member"": ""assets/botania/patchouli_books/lexicon/en_us/entries/mana/spreader.json"", ""output_member"": ""assets/botania/patchouli_books/lexicon/ru_ru/entries/mana/spreader.json"", ""pointer"": ""/pages/0/text""}, ""source_id"": ""patchouli"", ""state"": ""visible""}"	"PROSE"	"patchouli:assets/botania/patchouli_books/lexicon/<language>/entries/mana/spreader.json"	"PASS"	""	""	"/root/original_language_editor_a"	"CHANGE"	"$(item)Распространитель Маны$(0) - это самый важный компонент в деле $(thing)Управления Маной$(0).$(p)Этот блок перемещает $(thing)Ману$(0) из точки А в точку Б. При размещении он смотрит в одну из шести сторон, но щелчок Shift+ПКМ $(l:basics/wand)$(item)Посохом леса$(0)$(/l) повернёт $(item)Распространитель маны$(0) в противоположную от вашего нажатия сторону. Он также может быть направлен на блоки посохом в $(thing)Режиме привязки$(0)"	"Заглавная форма обращения внутри предложения заменена на современную строчную."	"/root/original_language_editor_b"
"patchouli-lang:botania:botania.page.spreader10"	"sha256:236f6070b6d28960ad4ea00397264f79499ab9d2aee1f9c217279061cf1bffab"	"Right-clicking the spreader with a piece of $(item)Wool$(0) will sleeve it. In addition to making the spreader look fancier, it'll also muffle the sound when a burst is shot, reducing the potential noise of a large number of spreaders in one area.$(p)Right-clicking will remove the sleeve."	"Нажав ПКМ по распространителю $(item)Шерстью$(0), Вы покроете его ею. Помимо того, что шерсть делает его более привлекательным, она еще и приглушает звук при испускании лучей, делая его не таким неприятным, особенно когда на небольшой территории стоят сразу несколько распр-телей. Если повторно кликнуть по нему ПКМ пустой рукой, Вы снимите покрытие из шерсти."	"Right-clicking the spreader with a piece of Wool will sleeve it. In addition to making the spreader look fancier, it'll also muffle the sound when a burst is shot, reducing the potential noise of a large number of spreaders in one area.

Right-clicking will remove the sleeve."	"Нажав ПКМ по распространителю Шерстью, Вы покроете его ею. Помимо того, что шерсть делает его более привлекательным, она еще и приглушает звук при испускании лучей, делая его не таким неприятным, особенно когда на небольшой территории стоят сразу несколько распр-телей. Если повторно кликнуть по нему ПКМ пустой рукой, Вы снимите покрытие из шерсти."	"{""kind"": ""patchouli_language_text"", ""location"": {""archive"": ""mods/Botania-1.20.1-448-FORGE.jar"", ""member"": ""assets/botania/patchouli_books/lexicon/en_us/entries/mana/spreader.json"", ""output_member"": ""assets/botania/patchouli_books/lexicon/ru_ru/entries/mana/spreader.json"", ""pointer"": ""/pages/7/text""}, ""source_id"": ""patchouli"", ""state"": ""visible""}"	"PROSE"	"patchouli:assets/botania/patchouli_books/lexicon/<language>/entries/mana/spreader.json"	"PASS"	""	""	"/root/original_language_editor_a"	"CHANGE"	"Нажав ПКМ по распространителю $(item)Шерстью$(0), вы покроете его ею. Помимо того, что шерсть делает его более привлекательным, она еще и приглушает звук при испускании лучей, делая его не таким неприятным, особенно когда на небольшой территории стоят сразу несколько распр-телей. Если повторно кликнуть по нему ПКМ пустой рукой, вы снимите покрытие из шерсти."	"Заглавная форма обращения внутри предложения заменена на современную строчную."	"/root/original_language_editor_b"
"patchouli-lang:botania:botania.page.cacophonium2"	"sha256:be8b9ffc1d92e5c633ae10c107fdac920357700c508bbe4cb72fb5ef2eb94867"	"For ultimate chaos, the $(item)Cacophonium$(0) can be placed in a $(item)Note Block$(0) with a sneak-right click, giving the block the ability to sound off animal or monster sounds on demand.$(p)You monster."	"Для максимальной какофонии Вы можете нажать Shift+ПКМ по $(item)Нотному блоку$(0), позволяя ему отключать звуки мобов по требованию.$(p)Вы - монстр!"	"For ultimate chaos, the Cacophonium can be placed in a Note Block with a sneak-right click, giving the block the ability to sound off animal or monster sounds on demand.

You monster."	"Для максимальной какофонии Вы можете нажать Shift+ПКМ по Нотному блоку, позволяя ему отключать звуки мобов по требованию.

Вы - монстр!"	"{""kind"": ""patchouli_language_text"", ""location"": {""archive"": ""mods/Botania-1.20.1-448-FORGE.jar"", ""member"": ""assets/botania/patchouli_books/lexicon/en_us/entries/misc/cacophonium.json"", ""output_member"": ""assets/botania/patchouli_books/lexicon/ru_ru/entries/misc/cacophonium.json"", ""pointer"": ""/pages/2/text""}, ""source_id"": ""patchouli"", ""state"": ""visible""}"	"PROSE"	"patchouli:assets/botania/patchouli_books/lexicon/<language>/entries/misc/cacophonium.json"	"PASS"	""	""	"/root/original_language_editor_a"	"CHANGE"	"Для максимальной какофонии вы можете нажать Shift+ПКМ по $(item)Нотному блоку$(0), позволяя ему отключать звуки мобов по требованию.$(p)Вы - монстр!"	"Заглавная форма обращения внутри предложения заменена на современную строчную."	"/root/original_language_editor_b"
"patchouli-lang:botania:botania.page.decorativeBlocks0"	"sha256:7ac3f53efcf36bff0fd8b769c1f62b7b78438d197685e26341caa5ce80afc247"	"Quite apart from functionality, there exist quite a few blocks for the sole purpose of making your builds look better.$(p)$(item)Livingrock$(0) and $(l:basics/pure_daisy)$(item)Livingwood$(0)$(/l) can be turned into decorative blocks; each material has four different decorative variations on its texture."	"Чтобы сделать Ваши строения намного красивее, доступно довольно много декоративных блоков.$(p)Можно превратить блоки $(item)Жизнедерева$(0) и $(item)Жизнекамня$(0) в декоративные блоки. Каждый из них имеет 4 разные вариации."	"Quite apart from functionality, there exist quite a few blocks for the sole purpose of making your builds look better.

Livingrock and Livingwood can be turned into decorative blocks; each material has four different decorative variations on its texture."	"Чтобы сделать Ваши строения намного красивее, доступно довольно много декоративных блоков.

Можно превратить блоки Жизнедерева и Жизнекамня в декоративные блоки. Каждый из них имеет 4 разные вариации."	"{""kind"": ""patchouli_language_text"", ""location"": {""archive"": ""mods/Botania-1.20.1-448-FORGE.jar"", ""member"": ""assets/botania/patchouli_books/lexicon/en_us/entries/misc/decorative_blocks.json"", ""output_member"": ""assets/botania/patchouli_books/lexicon/ru_ru/entries/misc/decorative_blocks.json"", ""pointer"": ""/pages/0/text""}, ""source_id"": ""patchouli"", ""state"": ""visible""}"	"PROSE"	"patchouli:assets/botania/patchouli_books/lexicon/<language>/entries/misc/decorative_blocks.json"	"PASS"	""	""	"/root/original_language_editor_a"	"CHANGE"	"Чтобы сделать ваши строения намного красивее, доступно довольно много декоративных блоков.$(p)Можно превратить блоки $(item)Жизнедерева$(0) и $(item)Жизнекамня$(0) в декоративные блоки. Каждый из них имеет 4 разные вариации."	"Заглавная форма обращения внутри предложения заменена на современную строчную."	"/root/original_language_editor_b"
"patchouli-lang:botania:botania.page.decorativeBlocks10"	"sha256:f8593dbdb533258d68d61f714dab5a90c3754cd514e811286a72ce41bcc90765"	"$(item)Nether Quartz$(0) can be combined with a variety of substances to create a wide array of decorative $(item)Quartzes$(0).$(p)All of these can be crafted into their block counterparts, the same way $(item)Quartz$(0) can."	"Продолжим... $(p)Комбинируя $(item)Незер-кварц$(0) с разными видами субстанций, можно создать широкий спектр других декоративных $(item)Кварцевых$(0) блоков.$(p)Как Вы и ожидали, все эти блоки могут быть преобразованы в другие виды декоративных блоков, такие же как и их классический аналог - $(item)Незер-кварц$(0)."	"Nether Quartz can be combined with a variety of substances to create a wide array of decorative Quartzes.

All of these can be crafted into their block counterparts, the same way Quartz can."	"Продолжим...

Комбинируя Незер-кварц с разными видами субстанций, можно создать широкий спектр других декоративных Кварцевых блоков.

Как Вы и ожидали, все эти блоки могут быть преобразованы в другие виды декоративных блоков, такие же как и их классический аналог - Незер-кварц."	"{""kind"": ""patchouli_language_text"", ""location"": {""archive"": ""mods/Botania-1.20.1-448-FORGE.jar"", ""member"": ""assets/botania/patchouli_books/lexicon/en_us/entries/misc/decorative_blocks.json"", ""output_member"": ""assets/botania/patchouli_books/lexicon/ru_ru/entries/misc/decorative_blocks.json"", ""pointer"": ""/pages/10/text""}, ""source_id"": ""patchouli"", ""state"": ""visible""}"	"PROSE"	"patchouli:assets/botania/patchouli_books/lexicon/<language>/entries/misc/decorative_blocks.json"	"PASS"	""	""	"/root/original_language_editor_a"	"CHANGE"	"Продолжим... $(p)Комбинируя $(item)Незер-кварц$(0) с разными видами субстанций, можно создать широкий спектр других декоративных $(item)Кварцевых$(0) блоков.$(p)Как вы и ожидали, все эти блоки могут быть преобразованы в другие виды декоративных блоков, такие же как и их классический аналог - $(item)Незер-кварц$(0)."	"Заглавная форма обращения внутри предложения заменена на современную строчную."	"/root/original_language_editor_b"
"patchouli-lang:botania:botania.page.dispenserTweaks0"	"sha256:14e82aa540235cd5eb453e5513a2ec54973d6ff94a77e3ffa4373b74829c4c97"	"$(thing)Botania$(0) tweaks $(item)Dispensers$(0) to be able to plant all kinds of seeds, from your standard wheat $(item)Seeds$(0) to $(item)Nether Warts$(0) and $(item)Cocoa Beans$(0) (the latter requiring a block of $(item)Jungle Wood$(0) across from the $(item)Dispenser$(0)).$(p)In conjunction with other blocks (like the $(l:devices/forest_drum)$(item)Drum of the Wild$(0)$(/l)), this allows for fully-automated crop farming."	"$(item)Раздатчик$(0), среди обычных способностей, также может сажать все виды семян, от обычных $(item)Семян пшеницы$(0) до $(item)Адских наростов$(0) и $(item)Какао-бобов$(0). Семена будут посажены на блоке перед раздатчиком.$(p)Это позволяет комбинировать Ваши фермы с другими блоками (Например, с $(item)Барабаном дикой природы$(0))."	"Botania tweaks Dispensers to be able to plant all kinds of seeds, from your standard wheat Seeds to Nether Warts and Cocoa Beans (the latter requiring a block of Jungle Wood across from the Dispenser).

In conjunction with other blocks (like the Drum of the Wild), this allows for fully-automated crop farming."	"Раздатчик, среди обычных способностей, также может сажать все виды семян, от обычных Семян пшеницы до Адских наростов и Какао-бобов. Семена будут посажены на блоке перед раздатчиком.

Это позволяет комбинировать Ваши фермы с другими блоками (Например, с Барабаном дикой природы)."	"{""kind"": ""patchouli_language_text"", ""location"": {""archive"": ""mods/Botania-1.20.1-448-FORGE.jar"", ""member"": ""assets/botania/patchouli_books/lexicon/en_us/entries/misc/dispenser_tweaks.json"", ""output_member"": ""assets/botania/patchouli_books/lexicon/ru_ru/entries/misc/dispenser_tweaks.json"", ""pointer"": ""/pages/0/text""}, ""source_id"": ""patchouli"", ""state"": ""visible""}"	"PROSE"	"patchouli:assets/botania/patchouli_books/lexicon/<language>/entries/misc/dispenser_tweaks.json"	"PASS"	""	""	"/root/original_language_editor_a"	"CHANGE"	"$(item)Раздатчик$(0), среди обычных способностей, также может сажать все виды семян, от обычных $(item)Семян пшеницы$(0) до $(item)Адских наростов$(0) и $(item)Какао-бобов$(0). Семена будут посажены на блоке перед раздатчиком.$(p)Это позволяет комбинировать ваши фермы с другими блоками (Например, с $(item)Барабаном дикой природы$(0))."	"Заглавная форма обращения внутри предложения заменена на современную строчную."	"/root/original_language_editor_b"
"patchouli-lang:botania:botania.page.headCreating1"	"sha256:b4bb0605beef34807d94893e38012c721d3fdd4601950e2ed95917a818291b15"	"Get your head in the game"	"Получите Вашу голову"	"Get your head in the game"	"Получите Вашу голову"	"{""kind"": ""patchouli_language_text"", ""location"": {""archive"": ""mods/Botania-1.20.1-448-FORGE.jar"", ""member"": ""assets/botania/patchouli_books/lexicon/en_us/entries/misc/head_creating.json"", ""output_member"": ""assets/botania/patchouli_books/lexicon/ru_ru/entries/misc/head_creating.json"", ""pointer"": ""/pages/2/text""}, ""source_id"": ""patchouli"", ""state"": ""visible""}"	"PROSE"	"patchouli:assets/botania/patchouli_books/lexicon/<language>/entries/misc/head_creating.json"	"PASS"	""	""	"/root/original_language_editor_a"	"CHANGE"	"Получите вашу голову"	"Заглавная форма обращения внутри предложения заменена на современную строчную."	"/root/original_language_editor_b"
"patchouli-lang:botania:botania.page.mushrooms1"	"sha256:8b80bcdc98f5ee9fc47a77547de5738d251135607109ba80bf4f652ac7157a63"	"They don't make you bigger"	"Они не делают Вас больше"	"They don't make you bigger"	"Они не делают Вас больше"	"{""kind"": ""patchouli_language_text"", ""location"": {""archive"": ""mods/Botania-1.20.1-448-FORGE.jar"", ""member"": ""assets/botania/patchouli_books/lexicon/en_us/entries/misc/mushrooms.json"", ""output_member"": ""assets/botania/patchouli_books/lexicon/ru_ru/entries/misc/mushrooms.json"", ""pointer"": ""/pages/1/text""}, ""source_id"": ""patchouli"", ""state"": ""visible""}"	"PROSE"	"patchouli:assets/botania/patchouli_books/lexicon/<language>/entries/misc/mushrooms.json"	"PASS"	""	""	"/root/original_language_editor_a"	"CHANGE"	"Они не делают вас больше"	"Заглавная форма обращения внутри предложения заменена на современную строчную."	"/root/original_language_editor_b"
"patchouli-lang:botania:botania.page.phantomInk1"	"sha256:edf3a138e5b9c0175c7b055e81a85da763eca392da40a120c1c19bc06ba97161"	"Who you gonna call?"	"Кого Вы собираетесь позвать?"	"Who you gonna call?"	"Кого Вы собираетесь позвать?"	"{""kind"": ""patchouli_language_text"", ""location"": {""archive"": ""mods/Botania-1.20.1-448-FORGE.jar"", ""member"": ""assets/botania/patchouli_books/lexicon/en_us/entries/misc/phantom_ink.json"", ""output_member"": ""assets/botania/patchouli_books/lexicon/ru_ru/entries/misc/phantom_ink.json"", ""pointer"": ""/pages/1/text""}, ""source_id"": ""patchouli"", ""state"": ""visible""}"	"PROSE"	"patchouli:assets/botania/patchouli_books/lexicon/<language>/entries/misc/phantom_ink.json"	"PASS"	""	""	"/root/original_language_editor_a"	"CHANGE"	"Кого вы собираетесь позвать?"	"Заглавная форма обращения внутри предложения заменена на современную строчную."	"/root/original_language_editor_b"
"patchouli-lang:botania:botania.page.shinyFlowers0"	"sha256:520164a13a4890f27027bc86c3ef61f6e7f29d40fb3a8871d405311ad0067b01"	"$(item)Glowstone Dust$(0) can be sprinkled over $(l:basics/flowers)$(item)Mystical Flowers$(0)$(/l) to turn them into $(item)Glimmering Flowers$(0), which sparkle bright enough to emit actual light (same brightness as $(item)Glowstone Block$(0)).$(p)Combining one of these with some $(item)Dirt$(0) and $(l:tools/grass_seeds)$(item)Pasture Seeds$(0)$(/l) yields a $(item)Floating Flower$(0), a miniature floating island that emits light and looks quite fancy indeed."	"Комбинируя обычный $(item)Мистический Цветок$(0) со $(item)Светящейся пылью$(0), Вы можете добавить им больше яркости, придав им излучение видимого света такого же яркого, как $(item)Светящийся камень$(0).$(p)Добавив немного $(item)Земли$(0) и $(item)Луговых семян$(0), можно превратить их в миниатюрный парящий островок, который будет не только светиться, но и порадует своим необычным видом."	"Glowstone Dust can be sprinkled over Mystical Flowers to turn them into Glimmering Flowers, which sparkle bright enough to emit actual light (same brightness as Glowstone Block).

Combining one of these with some Dirt and Pasture Seeds yields a Floating Flower, a miniature floating island that emits light and looks quite fancy indeed."	"Комбинируя обычный Мистический Цветок со Светящейся пылью, Вы можете добавить им больше яркости, придав им излучение видимого света такого же яркого, как Светящийся камень.

Добавив немного Земли и Луговых семян, можно превратить их в миниатюрный парящий островок, который будет не только светиться, но и порадует своим необычным видом."	"{""kind"": ""patchouli_language_text"", ""location"": {""archive"": ""mods/Botania-1.20.1-448-FORGE.jar"", ""member"": ""assets/botania/patchouli_books/lexicon/en_us/entries/misc/shiny_flowers.json"", ""output_member"": ""assets/botania/patchouli_books/lexicon/ru_ru/entries/misc/shiny_flowers.json"", ""pointer"": ""/pages/0/text""}, ""source_id"": ""patchouli"", ""state"": ""visible""}"	"PROSE"	"patchouli:assets/botania/patchouli_books/lexicon/<language>/entries/misc/shiny_flowers.json"	"PASS"	""	""	"/root/original_language_editor_a"	"CHANGE"	"Комбинируя обычный $(item)Мистический Цветок$(0) со $(item)Светящейся пылью$(0), вы можете добавить им больше яркости, придав им излучение видимого света такого же яркого, как $(item)Светящийся камень$(0).$(p)Добавив немного $(item)Земли$(0) и $(item)Луговых семян$(0), можно превратить их в миниатюрный парящий островок, который будет не только светиться, но и порадует своим необычным видом."	"Заглавная форма обращения внутри предложения заменена на современную строчную."	"/root/original_language_editor_b"
"patchouli-lang:botania:botania.page.exchangeRod2"	"sha256:10b9428daf9bcc73361496c107a9ba4c7035344b42fb897c09ab70031df0d826"	"Other rods or devices can supply blocks to the $(item)Rod of the Shifting Crust$(0).$(p)For example, a $(l:tools/dirt_rod)$(item)Rod of the Lands$(0)$(/l) in a user's inventory will provide their $(item)Rod of the Shifting Crust$(0) with an endless supply of $(item)Dirt$(0) (assuming sufficient $(thing)Mana$(0) to conjure each dirt block, of course).$(p)If replacing a cubical area is not desired, using the $(l:tools/temperance_stone)$(item)Stone of Temperance$(0)$(/l) can reduce it to a plane of blocks."	"Другие жезлы или устройства могут быть использованы для увеличения мощности $(item)Жезла обмена$(0).$(p)Например, наличие $(item)Жезла земель$(0) в Вашем инвентаре обеспечивает $(item)Жезл Обмена$(0) бесконечным запасом $(item)Земли$(0), но не стоит забывать про потребление $(item)Маны$(0)!"	"Other rods or devices can supply blocks to the Rod of the Shifting Crust.

For example, a Rod of the Lands in a user's inventory will provide their Rod of the Shifting Crust with an endless supply of Dirt (assuming sufficient Mana to conjure each dirt block, of course).

If replacing a cubical area is not desired, using the Stone of Temperance can reduce it to a plane of blocks."	"Другие жезлы или устройства могут быть использованы для увеличения мощности Жезла обмена.

Например, наличие Жезла земель в Вашем инвентаре обеспечивает Жезл Обмена бесконечным запасом Земли, но не стоит забывать про потребление Маны!"	"{""kind"": ""patchouli_language_text"", ""location"": {""archive"": ""mods/Botania-1.20.1-448-FORGE.jar"", ""member"": ""assets/botania/patchouli_books/lexicon/en_us/entries/tools/exchange_rod.json"", ""output_member"": ""assets/botania/patchouli_books/lexicon/ru_ru/entries/tools/exchange_rod.json"", ""pointer"": ""/pages/2/text""}, ""source_id"": ""patchouli"", ""state"": ""visible""}"	"PROSE"	"patchouli:assets/botania/patchouli_books/lexicon/<language>/entries/tools/exchange_rod.json"	"PASS"	""	""	"/root/original_language_editor_a"	"CHANGE"	"Другие жезлы или устройства могут быть использованы для увеличения мощности $(item)Жезла обмена$(0).$(p)Например, наличие $(item)Жезла земель$(0) в вашем инвентаре обеспечивает $(item)Жезл Обмена$(0) бесконечным запасом $(item)Земли$(0), но не стоит забывать про потребление $(item)Маны$(0)!"	"Заглавная форма обращения внутри предложения заменена на современную строчную."	"/root/original_language_editor_b"
"mantle-book:tconstruct:materials_and_you:intro/storage.json:/text/1/text"	"sha256:26563f8e0274aedfe344bcdd4a71c38b3925f19b0cc384adc1078259aa951b4a"	"Part chests allow you to store an abundance of extra parts you may have. Each slot can hold a stack of 8 parts max. If you need more than that, you're doing something wrong or have very convoluted recipes."	"Ящики для частей позволяют хранить множество дополнительных частей, которые у Вас могут быть. В каждом слоте можно хранить не более 8 частей. Если Вам нужно больше, значит, Вы что-то делаете неправильно или у Вас очень запутанные рецепты."	"Part chests allow you to store an abundance of extra parts you may have. Each slot can hold a stack of 8 parts max. If you need more than that, you're doing something wrong or have very convoluted recipes."	"Ящики для частей позволяют хранить множество дополнительных частей, которые у Вас могут быть. В каждом слоте можно хранить не более 8 частей. Если Вам нужно больше, значит, Вы что-то делаете неправильно или у Вас очень запутанные рецепты."	"{""kind"": ""mantle_book_text"", ""location"": {""archive"": ""mods/TConstruct-1.20.1-3.10.0.67.jar"", ""book"": ""materials_and_you"", ""member"": ""assets/tconstruct/book/materials_and_you/en_us/intro/storage.json"", ""output_member"": ""assets/tconstruct/book/materials_and_you/ru_ru/intro/storage.json"", ""pointer"": ""/text/1/text""}, ""source_id"": ""tconstruct_books"", ""state"": ""visible""}"	"PROSE"	"tconstruct_books:assets/tconstruct/book/materials_and_you/<language>/intro/storage.json"	"PASS"	""	""	"/root/original_language_editor_a"	"CHANGE"	"Ящики для частей позволяют хранить множество дополнительных частей, которые у вас могут быть. В каждом слоте можно хранить не более 8 частей. Если вам нужно больше, значит, вы что-то делаете неправильно или у вас очень запутанные рецепты."	"Заглавная форма обращения внутри предложения заменена на современную строчную."	"/root/original_language_editor_b"
"mantle-book:tconstruct:mighty_smelting:abilities/armor/boots/tconstruct_double_jump.json:/text/0/text"	"sha256:3212d740535f43f0d3446f24bcf55fc30f74aef654e0848d10d1ffa0f1780e9d"	"Bunny hopping increases your skills and makes you way better at the game. Don't forget to throw in some proning for maximum effect."	"Распрыжка повысит Ваши навыки и сделает Вас намного лучше в игре. Для достижения максимального эффекта не забудьте немного попрыгать."	"Bunny hopping increases your skills and makes you way better at the game. Don't forget to throw in some proning for maximum effect."	"Распрыжка повысит Ваши навыки и сделает Вас намного лучше в игре. Для достижения максимального эффекта не забудьте немного попрыгать."	"{""kind"": ""mantle_book_text"", ""location"": {""archive"": ""mods/TConstruct-1.20.1-3.10.0.67.jar"", ""book"": ""mighty_smelting"", ""member"": ""assets/tconstruct/book/mighty_smelting/en_us/abilities/armor/boots/tconstruct_double_jump.json"", ""output_member"": ""assets/tconstruct/book/mighty_smelting/ru_ru/abilities/armor/boots/tconstruct_double_jump.json"", ""pointer"": ""/text/0/text""}, ""source_id"": ""tconstruct_books"", ""state"": ""visible""}"	"PROSE"	"tconstruct_books:assets/tconstruct/book/mighty_smelting/<language>/abilities/armor/boots/tconstruct_double_jump.json"	"PASS"	""	""	"/root/original_language_editor_a"	"CHANGE"	"Распрыжка повысит ваши навыки и сделает вас намного лучше в игре. Для достижения максимального эффекта не забудьте немного попрыгать."	"Заглавная форма обращения внутри предложения заменена на современную строчную."	"/root/original_language_editor_b"
"mantle-book:tconstruct:puny_smelting:introduction/thruul.json:/text/0/text"	"sha256:779530d4c38e5a33da0c5e40a601e9038f4658858df8aaa1520c13c453c21ab2"	"Alright, now that you are done tinkering with those wimpy materials Selena thinks you should use, it's time for some REAL TINKER MATERIALS LIKE I USE. METAL"	"Ладно, теперь, когда Вы закончили возиться с этими слабыми материалами, которые, по мнению Селены вы должны были использовать, настало время для НАСТОЯЩИХ ЛИТЕЙНЫХ МАТЕРИАЛОВ, ТАКИХ КАК МЕТАЛЛ."	"Alright, now that you are done tinkering with those wimpy materials Selena thinks you should use, it's time for some REAL TINKER MATERIALS LIKE I USE. METAL"	"Ладно, теперь, когда Вы закончили возиться с этими слабыми материалами, которые, по мнению Селены вы должны были использовать, настало время для НАСТОЯЩИХ ЛИТЕЙНЫХ МАТЕРИАЛОВ, ТАКИХ КАК МЕТАЛЛ."	"{""kind"": ""mantle_book_text"", ""location"": {""archive"": ""mods/TConstruct-1.20.1-3.10.0.67.jar"", ""book"": ""puny_smelting"", ""member"": ""assets/tconstruct/book/puny_smelting/en_us/introduction/thruul.json"", ""output_member"": ""assets/tconstruct/book/puny_smelting/ru_ru/introduction/thruul.json"", ""pointer"": ""/text/0/text""}, ""source_id"": ""tconstruct_books"", ""state"": ""visible""}"	"PROSE"	"tconstruct_books:assets/tconstruct/book/puny_smelting/<language>/introduction/thruul.json"	"PASS"	""	""	"/root/original_language_editor_a"	"CHANGE"	"Ладно, теперь, когда вы закончили возиться с этими слабыми материалами, которые, по мнению Селены вы должны были использовать, настало время для НАСТОЯЩИХ ЛИТЕЙНЫХ МАТЕРИАЛОВ, ТАКИХ КАК МЕТАЛЛ."	"Заглавная форма обращения внутри предложения заменена на современную строчную."	"/root/original_language_editor_b"
"mantle-book:tconstruct:puny_smelting:melting/meltergui2.json:/text/0/text"	"sha256:c7bee4c31e8ca89e7aa16ba92d4a287905e0e8fa2cbc5aadba5a2e82dc8178c2"	"1: These 3 slots are where you put in what you want to melt. It may be ores, ingots, or anything else you feel like attempting to melt!"	"1: В эти 3 слота Вы помещаете то, что хотите расплавить. Это могут быть руды, слитки или что-то ещё!"	"1: These 3 slots are where you put in what you want to melt. It may be ores, ingots, or anything else you feel like attempting to melt!"	"1: В эти 3 слота Вы помещаете то, что хотите расплавить. Это могут быть руды, слитки или что-то ещё!"	"{""kind"": ""mantle_book_text"", ""location"": {""archive"": ""mods/TConstruct-1.20.1-3.10.0.67.jar"", ""book"": ""puny_smelting"", ""member"": ""assets/tconstruct/book/puny_smelting/en_us/melting/meltergui2.json"", ""output_member"": ""assets/tconstruct/book/puny_smelting/ru_ru/melting/meltergui2.json"", ""pointer"": ""/text/0/text""}, ""source_id"": ""tconstruct_books"", ""state"": ""visible""}"	"PROSE"	"tconstruct_books:assets/tconstruct/book/puny_smelting/<language>/melting/meltergui2.json"	"PASS"	""	""	"/root/original_language_editor_a"	"CHANGE"	"1: В эти 3 слота вы помещаете то, что хотите расплавить. Это могут быть руды, слитки или что-то ещё!"	"Заглавная форма обращения внутри предложения заменена на современную строчную."	"/root/original_language_editor_b"
"mantle-book:tconstruct:puny_smelting:movingfluids/channel2.json:/text/1/text"	"sha256:cf4f878637a09fc12b35f71a08f73f301ad902e169622d9452f34774d206b2d3"	"Channels have arrows inside them that show the direction that fluid will travel. Right clicking the sides of channels will switch them between input, output, and none. Right clicking the middle of the channel will set it to output to directly below if there is a valid fluid container underneath. Channels cannot transfer upwards."	"Внутри каналов есть стрелочки, которые показывают направление движения жидкости. Нажатием ПКМ по сторонам каналов, можно переключить их между режимами входа, выхода или заблокировать. Нажав ПКМ по середине канала, Вы установите его на выход, непосредственно, под себя, если там имеется ёмкость для жидкостей.  Каналы не могут перемещать жидкость вверх."	"Channels have arrows inside them that show the direction that fluid will travel. Right clicking the sides of channels will switch them between input, output, and none. Right clicking the middle of the channel will set it to output to directly below if there is a valid fluid container underneath. Channels cannot transfer upwards."	"Внутри каналов есть стрелочки, которые показывают направление движения жидкости. Нажатием ПКМ по сторонам каналов, можно переключить их между режимами входа, выхода или заблокировать. Нажав ПКМ по середине канала, Вы установите его на выход, непосредственно, под себя, если там имеется ёмкость для жидкостей. Каналы не могут перемещать жидкость вверх."	"{""kind"": ""mantle_book_text"", ""location"": {""archive"": ""mods/TConstruct-1.20.1-3.10.0.67.jar"", ""book"": ""puny_smelting"", ""member"": ""assets/tconstruct/book/puny_smelting/en_us/movingfluids/channel2.json"", ""output_member"": ""assets/tconstruct/book/puny_smelting/ru_ru/movingfluids/channel2.json"", ""pointer"": ""/text/1/text""}, ""source_id"": ""tconstruct_books"", ""state"": ""visible""}"	"PROSE"	"tconstruct_books:assets/tconstruct/book/puny_smelting/<language>/movingfluids/channel2.json"	"PASS"	""	""	"/root/original_language_editor_a"	"CHANGE"	"Внутри каналов есть стрелочки, которые показывают направление движения жидкости. Нажатием ПКМ по сторонам каналов, можно переключить их между режимами входа, выхода или заблокировать. Нажав ПКМ по середине канала, вы установите его на выход, непосредственно, под себя, если там имеется ёмкость для жидкостей.  Каналы не могут перемещать жидкость вверх."	"Заглавная форма обращения внутри предложения заменена на современную строчную."	"/root/original_language_editor_b"
"mantle-book:tconstruct:puny_smelting:slotless/slotless.json:/text/0/text"	"sha256:6417aa942cf8e3b3f670811d0ac6f44ac68bd052fa4d8c1bb3a28b9809131f5d"	"Run out of slots? Well good news, all of the modifiers in this section need no slots to apply, perhaps some may even give you more slots!"	"Закончились слоты? Хорошие новости: все модификаторы в этом разделе не требуют слотов для применения, а некоторые даже могут дать Вам ещё больше слотов!"	"Run out of slots? Well good news, all of the modifiers in this section need no slots to apply, perhaps some may even give you more slots!"	"Закончились слоты? Хорошие новости: все модификаторы в этом разделе не требуют слотов для применения, а некоторые даже могут дать Вам ещё больше слотов!"	"{""kind"": ""mantle_book_text"", ""location"": {""archive"": ""mods/TConstruct-1.20.1-3.10.0.67.jar"", ""book"": ""puny_smelting"", ""member"": ""assets/tconstruct/book/puny_smelting/en_us/slotless/slotless.json"", ""output_member"": ""assets/tconstruct/book/puny_smelting/ru_ru/slotless/slotless.json"", ""pointer"": ""/text/0/text""}, ""source_id"": ""tconstruct_books"", ""state"": ""visible""}"	"PROSE"	"tconstruct_books:assets/tconstruct/book/puny_smelting/<language>/slotless/slotless.json"	"PASS"	""	""	"/root/original_language_editor_a"	"CHANGE"	"Закончились слоты? Хорошие новости: все модификаторы в этом разделе не требуют слотов для применения, а некоторые даже могут дать вам ещё больше слотов!"	"Заглавная форма обращения внутри предложения заменена на современную строчную."	"/root/original_language_editor_b"
"mantle-book:tconstruct:puny_smelting:upgrades/armor/general/tconstruct_springy.json:/text/0/text"	"sha256:ef69a4bf2853c405e447d954aca06da6989b84a6d73aff42ce436e088ecfa42f"	"Away your foes go, giving you enough time to turn heels and run, or heal."	"Отлетая, враги дают Вам достаточно времени, чтобы развернуться и убежать, или подлечиться"	"Away your foes go, giving you enough time to turn heels and run, or heal."	"Отлетая, враги дают Вам достаточно времени, чтобы развернуться и убежать, или подлечиться"	"{""kind"": ""mantle_book_text"", ""location"": {""archive"": ""mods/TConstruct-1.20.1-3.10.0.67.jar"", ""book"": ""puny_smelting"", ""member"": ""assets/tconstruct/book/puny_smelting/en_us/upgrades/armor/general/tconstruct_springy.json"", ""output_member"": ""assets/tconstruct/book/puny_smelting/ru_ru/upgrades/armor/general/tconstruct_springy.json"", ""pointer"": ""/text/0/text""}, ""source_id"": ""tconstruct_books"", ""state"": ""visible""}"	"PROSE"	"tconstruct_books:assets/tconstruct/book/puny_smelting/<language>/upgrades/armor/general/tconstruct_springy.json"	"PASS"	""	""	"/root/original_language_editor_a"	"CHANGE"	"Отлетая, враги дают вам достаточно времени, чтобы развернуться и убежать, или подлечиться"	"Заглавная форма обращения внутри предложения заменена на современную строчную."	"/root/original_language_editor_b"
"mantle-book:tconstruct:puny_smelting:upgrades/general/tconstruct_emerald.json:/text/0/text"	"sha256:74eae3c9e42d2f1bbb16a85b70613e8e16c83b17a04d885e9c1d0850f201b993"	"A villager's best friend, don't let the villagers see you applying this! These aren't your lucky charms."	"Лучший друг крестьянина, но не позволяй крестьянам видеть, как ты накладываешь его! Эти талисманы удачи не для Вас."	"A villager's best friend, don't let the villagers see you applying this! These aren't your lucky charms."	"Лучший друг крестьянина, но не позволяй крестьянам видеть, как ты накладываешь его! Эти талисманы удачи не для Вас."	"{""kind"": ""mantle_book_text"", ""location"": {""archive"": ""mods/TConstruct-1.20.1-3.10.0.67.jar"", ""book"": ""puny_smelting"", ""member"": ""assets/tconstruct/book/puny_smelting/en_us/upgrades/general/tconstruct_emerald.json"", ""output_member"": ""assets/tconstruct/book/puny_smelting/ru_ru/upgrades/general/tconstruct_emerald.json"", ""pointer"": ""/text/0/text""}, ""source_id"": ""tconstruct_books"", ""state"": ""visible""}"	"PROSE"	"tconstruct_books:assets/tconstruct/book/puny_smelting/<language>/upgrades/general/tconstruct_emerald.json"	"PASS"	""	""	"/root/original_language_editor_a"	"CHANGE"	"Лучший друг крестьянина, но не позволяй крестьянам видеть, как ты накладываешь его! Эти талисманы удачи не для вас."	"Заглавная форма обращения внутри предложения заменена на современную строчную."	"/root/original_language_editor_b"
"mantle-book:tconstruct:puny_smelting:upgrades/harvest/tconstruct_hydraulic.json:/text/0/text"	"sha256:2da90422464c9505bcc9c34be091b9ba8d4a6c84e7bbe423b85f90e022448172"	"Using the magic of pumps and fluids you can move things with ease. I mean you can just not in this case."	"Используя магию насосов и жидкостей, Вы можете с лёгкостью перемещать предметы. Я имею в виду, что это возможно, но не в вашем случае."	"Using the magic of pumps and fluids you can move things with ease. I mean you can just not in this case."	"Используя магию насосов и жидкостей, Вы можете с лёгкостью перемещать предметы. Я имею в виду, что это возможно, но не в вашем случае."	"{""kind"": ""mantle_book_text"", ""location"": {""archive"": ""mods/TConstruct-1.20.1-3.10.0.67.jar"", ""book"": ""puny_smelting"", ""member"": ""assets/tconstruct/book/puny_smelting/en_us/upgrades/harvest/tconstruct_hydraulic.json"", ""output_member"": ""assets/tconstruct/book/puny_smelting/ru_ru/upgrades/harvest/tconstruct_hydraulic.json"", ""pointer"": ""/text/0/text""}, ""source_id"": ""tconstruct_books"", ""state"": ""visible""}"	"PROSE"	"tconstruct_books:assets/tconstruct/book/puny_smelting/<language>/upgrades/harvest/tconstruct_hydraulic.json"	"PASS"	""	""	"/root/original_language_editor_a"	"CHANGE"	"Используя магию насосов и жидкостей, вы можете с лёгкостью перемещать предметы. Я имею в виду, что это возможно, но не в вашем случае."	"Заглавная форма обращения внутри предложения заменена на современную строчную."	"/root/original_language_editor_b"
"mantle-book:tconstruct:puny_smelting:upgrades/melee.json:/text/0/text"	"sha256:7fa30eb16c386104b2459d26b1bcbff7d576ca8572679a792c48d21aa4933f69"	"With these upgrades perhaps you could forge the strongest weapon of all. Of course what weapon you choose is up to you."	"Возможно, с помощью этих улучшений Вы сможете выковать самое сильное оружие из всех существующих. Конечно, какое оружие Вы выберете, зависит только от Вас."	"With these upgrades perhaps you could forge the strongest weapon of all. Of course what weapon you choose is up to you."	"Возможно, с помощью этих улучшений Вы сможете выковать самое сильное оружие из всех существующих. Конечно, какое оружие Вы выберете, зависит только от Вас."	"{""kind"": ""mantle_book_text"", ""location"": {""archive"": ""mods/TConstruct-1.20.1-3.10.0.67.jar"", ""book"": ""puny_smelting"", ""member"": ""assets/tconstruct/book/puny_smelting/en_us/upgrades/melee.json"", ""output_member"": ""assets/tconstruct/book/puny_smelting/ru_ru/upgrades/melee.json"", ""pointer"": ""/text/0/text""}, ""source_id"": ""tconstruct_books"", ""state"": ""visible""}"	"PROSE"	"tconstruct_books:assets/tconstruct/book/puny_smelting/<language>/upgrades/melee.json"	"PASS"	""	""	"/root/original_language_editor_a"	"CHANGE"	"Возможно, с помощью этих улучшений вы сможете выковать самое сильное оружие из всех существующих. Конечно, какое оружие вы выберете, зависит только от вас."	"Заглавная форма обращения внутри предложения заменена на современную строчную."	"/root/original_language_editor_b"
"mantle-book:tconstruct:puny_smelting:upgrades/melee.json:/text/1/text"	"sha256:62c4863916bceff9cd57d797b2c9a7552dbf567f0de878a74db7b4dbe77b4fde"	"These upgrades can help increase your melee weapon's potential, increase the damage you do overall, to specific mobs, or to both. The choice is yours."	"Эти улучшения могут расширить возможности вашего оружия, увеличить урон, наносимый вами в целом, конкретным мобам или и тем, и другим. Выбор за Вами."	"These upgrades can help increase your melee weapon's potential, increase the damage you do overall, to specific mobs, or to both. The choice is yours."	"Эти улучшения могут расширить возможности вашего оружия, увеличить урон, наносимый вами в целом, конкретным мобам или и тем, и другим. Выбор за Вами."	"{""kind"": ""mantle_book_text"", ""location"": {""archive"": ""mods/TConstruct-1.20.1-3.10.0.67.jar"", ""book"": ""puny_smelting"", ""member"": ""assets/tconstruct/book/puny_smelting/en_us/upgrades/melee.json"", ""output_member"": ""assets/tconstruct/book/puny_smelting/ru_ru/upgrades/melee.json"", ""pointer"": ""/text/1/text""}, ""source_id"": ""tconstruct_books"", ""state"": ""visible""}"	"PROSE"	"tconstruct_books:assets/tconstruct/book/puny_smelting/<language>/upgrades/melee.json"	"PASS"	""	""	"/root/original_language_editor_a"	"CHANGE"	"Эти улучшения могут расширить возможности вашего оружия, увеличить урон, наносимый вами в целом, конкретным мобам или и тем, и другим. Выбор за вами."	"Заглавная форма обращения внутри предложения заменена на современную строчную."	"/root/original_language_editor_b"
"mantle-book:tconstruct:tinkers_gadgetry:exploration/grass_seeds.json:/text/0/text"	"sha256:49bff5d976a080b96315a4b573e6c85044e98d6905014d938fb3bacbdb76c4db"	"Occasionally when exploring dungeons or nether fortresses, I have found slimy seeds in the chests. I am unsure of their origin, but planting them on either regular or slimy dirt produces slimy grass of the same quality as if you transplanted it from one of the islands. I have also seen slimy saplings in these chests, so it's possible you could get all the flora of the islands without ever visiting one."	"Иногда, исследуя подземелья или крепости в Незере, я находил в сундуках слизневые семена. Я не знаю их происхождения, но если посадить их на обычный или слизневый дёрн, получится слизневый дёрн такого же качества, как если бы Вы пересадили его с одного из островов. Я также видел в этих сундуках слизневые саженцы, так что, возможно, Вы можете получить всю флору островов, ни разу не побывав на одном из них."	"Occasionally when exploring dungeons or nether fortresses, I have found slimy seeds in the chests. I am unsure of their origin, but planting them on either regular or slimy dirt produces slimy grass of the same quality as if you transplanted it from one of the islands. I have also seen slimy saplings in these chests, so it's possible you could get all the flora of the islands without ever visiting one."	"Иногда, исследуя подземелья или крепости в Незере, я находил в сундуках слизневые семена. Я не знаю их происхождения, но если посадить их на обычный или слизневый дёрн, получится слизневый дёрн такого же качества, как если бы Вы пересадили его с одного из островов. Я также видел в этих сундуках слизневые саженцы, так что, возможно, Вы можете получить всю флору островов, ни разу не побывав на одном из них."	"{""kind"": ""mantle_book_text"", ""location"": {""archive"": ""mods/TConstruct-1.20.1-3.10.0.67.jar"", ""book"": ""tinkers_gadgetry"", ""member"": ""assets/tconstruct/book/tinkers_gadgetry/en_us/exploration/grass_seeds.json"", ""output_member"": ""assets/tconstruct/book/tinkers_gadgetry/ru_ru/exploration/grass_seeds.json"", ""pointer"": ""/text/0/text""}, ""source_id"": ""tconstruct_books"", ""state"": ""visible""}"	"PROSE"	"tconstruct_books:assets/tconstruct/book/tinkers_gadgetry/<language>/exploration/grass_seeds.json"	"PASS"	""	""	"/root/original_language_editor_a"	"CHANGE"	"Иногда, исследуя подземелья или крепости в Незере, я находил в сундуках слизневые семена. Я не знаю их происхождения, но если посадить их на обычный или слизневый дёрн, получится слизневый дёрн такого же качества, как если бы вы пересадили его с одного из островов. Я также видел в этих сундуках слизневые саженцы, так что, возможно, вы можете получить всю флору островов, ни разу не побывав на одном из них."	"Заглавная форма обращения внутри предложения заменена на современную строчную."	"/root/original_language_editor_b"
"mantle-book:tconstruct:tinkers_gadgetry:gadgets/piggybackpack.json:/text/0/text"	"sha256:bfb21f54bed5a3043ff5ddb6f4598ada981af81884a5212b20fbcbbefb8a399a"	"Using a piggybackpack on a mob lets you pick them up to ride you, perfect for when your pig gets tired on long journeys. They are also good for tossing monsters into your smeltery. I have successfully worn up to 3 piggybackpacks at one time, though it's hard to walk with so many riders."	"Используя свино-рюкзак на мобе, вы можете поднять его, чтобы он прокатился на Вас, что идеально подходит, когда ваша свинья устает во время долгих путешествий. В них также удобно подбрасывать монстров в плавильню. Я успешно носил до 3 свин-рюкзаков одновременно, хотя с таким количеством наездников трудно ходить."	"Using a piggybackpack on a mob lets you pick them up to ride you, perfect for when your pig gets tired on long journeys. They are also good for tossing monsters into your smeltery. I have successfully worn up to 3 piggybackpacks at one time, though it's hard to walk with so many riders."	"Используя свино-рюкзак на мобе, вы можете поднять его, чтобы он прокатился на Вас, что идеально подходит, когда ваша свинья устает во время долгих путешествий. В них также удобно подбрасывать монстров в плавильню. Я успешно носил до 3 свин-рюкзаков одновременно, хотя с таким количеством наездников трудно ходить."	"{""kind"": ""mantle_book_text"", ""location"": {""archive"": ""mods/TConstruct-1.20.1-3.10.0.67.jar"", ""book"": ""tinkers_gadgetry"", ""member"": ""assets/tconstruct/book/tinkers_gadgetry/en_us/gadgets/piggybackpack.json"", ""output_member"": ""assets/tconstruct/book/tinkers_gadgetry/ru_ru/gadgets/piggybackpack.json"", ""pointer"": ""/text/0/text""}, ""source_id"": ""tconstruct_books"", ""state"": ""visible""}"	"PROSE"	"tconstruct_books:assets/tconstruct/book/tinkers_gadgetry/<language>/gadgets/piggybackpack.json"	"PASS"	""	""	"/root/original_language_editor_a"	"CHANGE"	"Используя свино-рюкзак на мобе, вы можете поднять его, чтобы он прокатился на вас, что идеально подходит, когда ваша свинья устает во время долгих путешествий. В них также удобно подбрасывать монстров в плавильню. Я успешно носил до 3 свин-рюкзаков одновременно, хотя с таким количеством наездников трудно ходить."	"Заглавная форма обращения внутри предложения заменена на современную строчную."	"/root/original_language_editor_b"
