id	source_hash	source	native_translation	verdict	recommendation	reason	native_visible_length	recommended_visible_length	length_ratio
patchouli-lang:botania:block.botania.potted_endoflame	sha256:24e977972ae91c1f939db8235e660dc1beb26d8635b752d498680db8ce03af24	Potted Endoflame	Эндопламя в горшке	PASS		Текст читается естественно, ясно и соответствует английскому источнику.	18		
patchouli-lang:botania:botania.category.alfhomancy	sha256:74f28452b7c6f9523fc90fe6e10d1dafd1950cc3d94e57e37ebd7dfa8d03a5fb	Alfhomancy	Эльфомания	CHANGE	Эльфомантия	Исправлено название направления магии.	10	11	1.100
patchouli-lang:botania:botania.category.basics	sha256:9c0a5a34fa941f311bd406de13601867178043c0d7a248b2abf37767c19d055d	Basics and Mechanics	Основы и Механики	CHANGE	Основы и механики	Убрана английская капитализация.	17	17	1.000
patchouli-lang:botania:botania.category.baubles	sha256:319613c3b6187e8e40d015563adc601a50baa29c7fac703a2ec2136b73f78c94	Trinkets and Accessories	Безделушки и Аксессуары	CHANGE	Безделушки и аксессуары	Убрана английская капитализация.	23	23	1.000
patchouli-lang:botania:botania.category.devices	sha256:5492015da12a640989d22bc0c12b120c34697d12ff8a632fed47cf62d50ec5ff	Natural Apparatus	Природные Приборы	CHANGE	Природные приборы	Убрана английская капитализация.	17	17	1.000
patchouli-lang:botania:botania.category.ender	sha256:146b87a383b440ac7ad19d5d6d64f372e868999f7fc43803067ab79ebe8bf5b9	Ender Artifacts	Артефакты Эндер мира	CHANGE	Артефакты Энда	Использовано официальное название измерения.	20	14	0.700
patchouli-lang:botania:botania.category.functionalFlowers	sha256:384a84637b61aa83c95617fadf5dcb9ebb8c48ff689abf54a2d64714ccaf343f	Functional Flora	Функциональная Флора	CHANGE	Функциональная флора	Убрана английская капитализация.	20	20	1.000
patchouli-lang:botania:botania.category.generationFlowers	sha256:c5ccd88f2604dc025c40d11fd0dc25081672a12a2940dfab0a4c22d01a5b9914	Generating Flora	Генерирующая Флора	CHANGE	Генерирующая флора	Убрана английская капитализация.	18	18	1.000
patchouli-lang:botania:botania.category.mana	sha256:224ded9f5046a700b6ff9ba7b8fde25d5152b1062d2601a8f91e051e2db4d755	Mana Manipulation	Управление Маной	CHANGE	Управление маной	Убрана английская капитализация.	16	16	1.000
patchouli-lang:botania:botania.category.misc	sha256:5cb0b42660589925c804543d433ba0764dab859487e5a9ed855481dcbfec1f06	Miscellaneous	Разное	PASS		Текст читается естественно, ясно и соответствует английскому источнику.	6		
patchouli-lang:botania:botania.category.tools	sha256:b1937987c6a94d44687d3e9c46ffbf3f335ce8951351ff03256d8baf200b34d4	Mystical Items	Мистические Предметы	CHANGE	Мистические предметы	Убрана английская капитализация.	20	20	1.000
patchouli-lang:botania:botania.challenge.animalFarm	sha256:097ebd24f7f6d8b1977a0794b9ddec2016db2296468ece14fef4d9c56ca9930e	Animal Farm	Ферма животных	PASS		Текст читается естественно, ясно и соответствует английскому источнику.	14		
patchouli-lang:botania:botania.challenge.animalFarm.desc	sha256:518314f48fbcddf7ff2745beb4a7e499752807126666b371a6bc1d44de70b1aa	Create an automated animal farm with all farmable animal types. Bonus points if the food doesn't need to be input manually.	Создайте автоматизированную животноводческую ферму со всеми видами сельскохозяйственных животных. Бонусные баллы, если животных не требуется кормить вручную.	CHANGE	Создайте автоматическую ферму со всеми видами разводимых животных. Бонусные очки, если их не нужно кормить вручную.	Убраны канцелярит и повторы.	157	115	0.732
patchouli-lang:botania:botania.challenge.apothecaryRefill	sha256:779272f78b1b15e88c729b9f8232d9646ef0743bb02f1be477621469f1812857	Apothecary Refiller	Лепестковый аптекарь	CHANGE	Автодолив аптекаря	Название теперь обозначает задачу, а не сам предмет.	20	18	0.900
patchouli-lang:botania:botania.challenge.apothecaryRefill.desc	sha256:c8b558dd226be50b87310327f6dfc817a5f4948b9ad29dbd48fa135e5e6ae01a	Create a system that automatically refills the $(l:basics/apothecary)Petal Apothecary$(/l) if it's empty. Bonus points if the system can also automatically create flowers, given their components.	Создайте систему, которая автоматически наполняет $(l:basics/apothecary)Лепестковый Аптекарь$(/l) водой, если он пуст. Бонусные очки, если система также может автоматически создавать цветы с учетом компонентов.	CHANGE	Создайте систему, которая автоматически доливает воду в $(l:basics/apothecary)Лепестковый Аптекарь$(/l), когда он пуст. Бонусные очки, если она также создаёт цветы из заданных компонентов.	Фраза упрощена без потери условий.	183	161	0.880
patchouli-lang:botania:botania.challenge.autoQuarry	sha256:85715e564e950c818aeac236b63eb2092b4ab6445f778f5067fc5b11a54da971	Automated Quarry	Автоматический карьер	PASS		Текст читается естественно, ясно и соответствует английскому источнику.	21		
patchouli-lang:botania:botania.challenge.autoQuarry.desc	sha256:da6ca89b48290a751518d89ab0794f21f4b94c13a29ce8519e4f1d02f1d0b87a	Create a mining quarry that digs for ores and stone underground. It should dig out chunks of land and output all of the mined resources, sorting them. Bonus points if it can relocate automatically after it's done with an area.	Создайте копающий карьер, который раскапывает руды и подземные камни. Он должен выкапывать куски земли и выводить все добытые ресурсы, сортируя их. Бонусные баллы, если он может автоматически перемещаться после того, как он 'разобрался' с областью.	CHANGE	Создайте карьер для автоматической добычи руды и камня под землёй. Он должен выкапывать участки породы и сортировать все добытые ресурсы. Бонусные очки, если после завершения работы он сам перемещается на новое место.	Убраны кальки и неестественные обороты.	248	217	0.875
patchouli-lang:botania:botania.challenge.battery	sha256:cbee09c363eebb36ee8bd4325f9e9bad04719654738d1da00958a62f61e879f1	Mana Battery	Манабатарейка	CHANGE	Манабатарея	Естественное название без уменьшительного оттенка.	13	11	0.846
patchouli-lang:botania:botania.challenge.battery.desc	sha256:dace0d2b1c06b2502597a02230b61240e542ed2e6102f4cb21d5007ee37d0cf6	Create a Mana Battery, a system where mana enters one pool and comes out of another, with a good number of pools as a buffer. Bonus points if the input or output can be changed.	Создайте систему, в которой мана входит в один бассейн и выходит из других. Бонусные баллы, если вход или выход можно изменить.	LENGTH_EXCEPTION	Создайте манабатарею: система принимает ману в один бассейн и выдаёт из другого, используя множество бассейнов как буфер. Бонусные очки, если вход или выход можно менять.	Восстановлено пропущенное условие о буфере; полный вариант превышает мягкий лимит.	127	170	1.339
patchouli-lang:botania:botania.challenge.boneMealFarm	sha256:2a3e63a0ff852b2cd3d4a71afd631639bc5c5bef3d0a86acf1d746b58e87d0e9	Bone Meal-type Farm	Ферма костной муки	PASS		Текст читается естественно, ясно и соответствует английскому источнику.	18		
patchouli-lang:botania:botania.challenge.boneMealFarm.desc	sha256:06f8a956ba734eda975db2a3f36ee7f418150e21643c6ccc12cddbb52e699a02	Create an automated farm that uses bone meal to quickly grow crops on demand. Bonus points if the $(l:devices/forest_drum)Drum of the Wild$(/l) isn't used.	Создайте автоматизированную ферму, которая использует костную муку для быстрого выращивания сельскохозяйственных культур по запросу. Бонусные очки, если $(l:devices/forest_drum)Барабан дикой природы$(/l) не используется.	CHANGE	Создайте автоматическую ферму, которая по запросу ускоряет рост культур костной мукой. Бонусные очки, если не используется $(l:devices/forest_drum)Барабан дикой природы$(/l).	Фраза стала короче и естественнее.	191	145	0.759
patchouli-lang:botania:botania.challenge.cobbleGen	sha256:15683c96d37a29f341ef3f6262a19b3bc38314ff172007e1868053f9361949e5	Cobble Generator	Генератор булыжника	PASS		Текст читается естественно, ясно и соответствует английскому источнику.	19		
patchouli-lang:botania:botania.challenge.cobbleGen.desc	sha256:1823530436928b319b86e3f54233d4fc709765b244b8415efcfe42d44defcde5	Create an automated cobblestone generator and harvester. Bonus points if it also generates normal stone without a furnace.	Создайте автоматизированный генератор булыжника, который будет также собирать его. Бонусные очки, если он также создает камень без печи.	CHANGE	Создайте автоматический генератор и сборщик булыжника. Бонусные очки, если он также производит обычный камень без печи.	Убраны повторы и прояснена функция сборщика.	136	119	0.875
patchouli-lang:botania:botania.challenge.entropinnyumSetup	sha256:47f7ba900297e6e4d78ca7364b0b89a06804b0abcf11092044f54d7008dee1d7	Entropinnyum Setup	Настройка энтропиннума	PASS		Текст читается естественно, ясно и соответствует английскому источнику.	22		
patchouli-lang:botania:botania.challenge.entropinnyumSetup.desc	sha256:638eb850d9e9ff8cb1f1ba1083ab32bfef9716db8688925b89978c26d3c22bc9	Create a system that automatically crafts TNT and safely feeds it to an $(l:generating_flowers/entropinnyum)Entropinnyum$(/l) flower, creating mana. Bonus points if the sand and gunpowder required for the TNT don't need to be input manually.	Создайте систему, которая автоматически крафтит TNT и безопасно кормит цветок $(l:generating_flowers/entropinnyum)Энтропиннум$(/l), создавая ману. Бонусные баллы, если песок и порох, необходимые для TNT, не нужно вводить вручную.	CHANGE	Создайте систему, которая автоматически создаёт TNT и безопасно подаёт его цветку $(l:generating_flowers/entropinnyum)Энтропиннум$(/l), вырабатывая ману. Бонусные очки, если песок и порох для TNT не приходится подавать вручную.	Убраны кальки «кормит» и «вводить».	188	186	0.989
patchouli-lang:botania:botania.challenge.flowerFarm	sha256:02b254320e5ac7f6fcbc4326c6a03f9d443bf38508955b026e31eac23e40337c	Flower Farm	Цветочная ферма	PASS		Текст читается естественно, ясно и соответствует английскому источнику.	15		
patchouli-lang:botania:botania.challenge.flowerFarm.desc	sha256:0755e33e1aa03dc56279c8fba4f2a0a5af9902bea336ab9d844a6dec3199825c	Create an automated farm of all 16 colors of Botania flowers. Bonus points if the flowers are sorted.	Создайте автоматизированную ферму из всех 16 цветов цветков Ботании. Бонусные очки при сортировке цветов.	CHANGE	Создайте автоматическую ферму цветков Ботании всех 16 цветов. Бонусные очки, если цветки сортируются.	Исправлена двусмысленная конструкция.	105	101	0.962
patchouli-lang:botania:botania.challenge.fullCropFarm	sha256:573e91992b764b2216ab65d360cd0b447eb92a99b0228317a57842545c848733	Full Crop Farm	Полная ферма сельскохоз. культур	CHANGE	Ферма всех культур	Краткое название без сокращения.	32	18	0.562
patchouli-lang:botania:botania.challenge.fullCropFarm.desc	sha256:a8a1421df418e265be9ddb699fa364eda969fc1fb7d46784f46bc3ede18f6ae8	Create a crop farm with all types of crops (wheat, carrot, potato, beetroot, melon, pumpkin, cocoa, and nether wart) that runs at full efficiency. Bonus points if the outputs are sorted.	Создайте ферму сельскохозяйственных культур со всеми типами культур (пшеница, морковь, картофель, свекла, арбуз, тыква, какао и адский нарост), которая работает полностью автономно. Бонусные баллы, если культуры сортируются.	CHANGE	Создайте ферму всех культур (пшеницы, моркови, картофеля, свёклы, арбузов, тыкв, какао-бобов и незерского нароста), работающую на полную мощность. Бонусные очки, если урожай сортируется.	Уточнён смысл полной эффективности.	224	186	0.830
patchouli-lang:botania:botania.challenge.kekimurusSetup	sha256:bde03e02c5c0c0b54627a1dfbc75cac4ab941187f9f2f56da92699c5c16bf778	Kekimurus Setup	Система Кикиморуса	PASS		Текст читается естественно, ясно и соответствует английскому источнику.	18		
patchouli-lang:botania:botania.challenge.kekimurusSetup.desc	sha256:1a1ee745c2583740bfe5bee6fc5d6a503706015818c30eb0c59aa6cff682b340	Fully automate a $(l:generating_flowers/kekimurus)Kekimurus$(/l); every part of the system must be automated and self-sustaining. Bonus points if only one crafty crate is used.	Полностью автоматизируйте $(l:generating_flowers/kekimurus)Кикиморус$(/l), каждая часть системы должна быть автоматизированной и самоподдерживающейся. Бонусные очки, если используется только один сборочный ящик.	CHANGE	Полностью автоматизируйте $(l:generating_flowers/kekimurus)Кикиморус$(/l): все части системы должны работать автоматически и поддерживать себя сами. Бонусные очки, если используется только один сборочный ящик.	Убрана тяжёлая цепочка прилагательных.	173	171	0.988
patchouli-lang:botania:botania.challenge.mobTower	sha256:cb1457f0e44601046b905df099e4a53a753a1c65c77fe4c3becdc200e6a14ed7	Spawning Tower	Нерестительная башня	CHANGE	Башня мобов	Естественное игровое название.	20	11	0.550
patchouli-lang:botania:botania.challenge.mobTower.desc	sha256:76e68147dc3b63a7d81660b07b83813d29f3ed86902da801869b49baa2934263	Create a tower style mob farm. Mobs must be sorted and put into specific chambers. Spawners can be used. Bonus points if the farm functions at 100%% efficiency without a player's interaction.	Создайте ферму мобов в башне. Мобы должны быть отсортированы и помещены в конкретные камеры в конце. Можно использовать спавнера. Бонусные очки, если ферма функционирует с эффективностью 100% без взаимодействия игрока.	CHANGE	Создайте башенную ферму мобов. Мобы должны сортироваться по отдельным камерам. Можно использовать спавнеры. Бонусные очки, если ферма работает на 100%% без участия игрока.	Исправлены грамматика и неестественные обороты.	218	169	0.775
patchouli-lang:botania:botania.challenge.orechid	sha256:a994eb6c345b47a7d2a24147bf1beec9e7bce95f71226c004e046d6c324d43f9	Automated Orechid	Автоматизация Рудноцвета	PASS		Текст читается естественно, ясно и соответствует английскому источнику.	24		
patchouli-lang:botania:botania.challenge.orechid.desc	sha256:fff5d98f838090b014a6b3ac063d209974ae751d73fe35dcaaea5d8cc79474dd	Create a system that allows for the $(l:functional_flowers/orechid)Orechid$(/l) flower to be fully automated. Bonus points if the output is smelted and sorted.	Создайте систему, которая позволит полностью автоматизировать $(l:functional_flowers/orechid)Рудноцвет$(/l). Бонусные баллы, если результат плавится и сортируется.	CHANGE	Создайте систему, полностью автоматизирующую $(l:functional_flowers/orechid)Рудноцвет$(/l). Бонусные очки, если добытое переплавляется и сортируется.	Фраза сокращена, а результат назван точнее.	127	113	0.890
patchouli-lang:botania:botania.challenge.potionBrewer	sha256:515465323b971c9d3f6ae1816af0987f7cac54d81cca778686a41b6def2995e7	Automated Brewing	Автоматизированное зельеварение	PASS		Текст читается естественно, ясно и соответствует английскому источнику.	31		
patchouli-lang:botania:botania.challenge.potionBrewer.desc	sha256:540436de4ab20f3d620ab95ad3a953faba257e9ebfdc89819f320ad85cb286d1	Create a system that can make all types of brews automatically on demand. Bonus points if it keeps a set of incenses always ignited in the player's base.	Создайте систему, которая автоматически сделает все виды зелий по требованию. Бонусные очки, если он держит множества благовоний, всегда зажжёными в базе игрока.	CHANGE	Создайте систему, которая по запросу автоматически готовит все виды варев. Бонусные очки, если она поддерживает набор благовоний на базе игрока постоянно зажжённым.	Исправлены согласование и неестественная конструкция.	161	164	1.019
patchouli-lang:botania:botania.challenge.pureDaisy	sha256:13d769ab53ed152bd3c71aac659ce0866b4cb1e7c33cb309f9cd7055e5aa587d	Auto Pure Daisy	Автоматическая чистая маргаритка	CHANGE	Автоматизация маргаритки	Название яснее обозначает задачу.	32	24	0.750
patchouli-lang:botania:botania.challenge.pureDaisy.desc	sha256:d348cecdd5b00ef9aa786dcd6eee3fd9805698eb1669a50389ee2db5eaae9999	Completely automate the $(l:basics/pure_daisy)Pure Daisy$(/l). Bonus points if only one spreader is used and/or if the wood/stone input is also automated.	Полностью автоматизируйте $(l:basics/pure_daisy)Чистую маргаритку$(/l). Бонусные баллы, если используется только один распространитель и/или если приём дерева/камня также автоматизирован.	CHANGE	Полностью автоматизируйте $(l:basics/pure_daisy)Чистую маргаритку$(/l). Бонусные очки, если используется только один распространитель и/или автоматически подаются дерево и камень.	«Подаются» естественнее технического «приёма».	160	152	0.950
patchouli-lang:botania:botania.challenge.recordFarm	sha256:49543f08273daeef958862e0411dc4a27ffac45464f5d18692e8c03990517fd0	Record Farm	Ферма пластинок	PASS		Текст читается естественно, ясно и соответствует английскому источнику.	15		
patchouli-lang:botania:botania.challenge.recordFarm.desc	sha256:f7662c3bd2731470ad055c4626a2a58c19a43b974740f8a249b418d209d58ea6	Create a system that produces records through the death of creepers at the hands of skeletons. Bonus points if it doesn't require a player's presence.	Создайте систему, которая производит пластинки через смерть крипера от скелетов. Бонусные очки, если это не требует наличия игрока.	CHANGE	Создайте систему, в которой скелеты убивают криперов, добывая пластинки. Бонусные очки, если присутствие игрока не требуется.	Убрана калька «через смерть».	131	125	0.954
patchouli-lang:botania:botania.challenge.reedFarm	sha256:4040077cfb314e14907e0c65c0cecc588ce7d40380c8f629ec207483a8bf6a70	Sugar Cane Farm	Ферма тростника	PASS		Текст читается естественно, ясно и соответствует английскому источнику.	15		
patchouli-lang:botania:botania.challenge.reedFarm.desc	sha256:d14ce3871fe5146171ecce98d5b674c4bdf6e7ee8f5e64883ba7319f9a99d212	Create an automated sugar cane farm. Bonus points for not using pistons.	Создайте автоматическую ферму сахарного тростника. Бонусные баллы за отсутствие поршней.	PASS		Текст читается естественно, ясно и соответствует английскому источнику.	88		
patchouli-lang:botania:botania.challenge.runeCrafter	sha256:1d96c78690fece76879372f1fb0f1ee0183f0340427b3351bcbfaa4bb9500619	Rune Crafter	Создание рун	CHANGE	Создатель рун	Краткое название устройства, соответствующее источнику.	12	13	1.083
patchouli-lang:botania:botania.challenge.runeCrafter.desc	sha256:2a91f2e3b442b0dcc5a23bd09d38eda47adb74791bff435df2982149c179274d	Create a system that can craft all runes on demand or keep them stocked. Every part of this system must be automated and self-sustaining, including the item inputs. Bonus points if only one Runic Altar block is used. (You need to be pretty crazy to try this one.)	Создайте систему, которая может крафтить все руны по требованию или хранить их в запасе. Каждая часть этой системы должна быть автоматизированной и самоподдерживающейся, включая элементы ввода. Бонусные очки, если используется только один блок рунического алтаря. Вы должны быть довольно сумасшедшим, чтобы попробовать это.	CHANGE	Создайте систему, которая по запросу создаёт любые руны или держит их в запасе. Всё, включая подачу предметов, должно работать автоматически и автономно. Бонусные очки за единственный рунический алтарь. (Нужно быть безумцем, чтобы взяться за такое.)	Убраны кальки; восстановлен шутливый тон; текст сокращён по результату игровой проверки вёрстки.	323	249	0.771
patchouli-lang:botania:botania.challenge.shulkMeNotSetup	sha256:b51175de04e1a805ad1946732f031bad1cae73ce05b0b9aa2f884b00d78ef36a	Shulk Me Not Setup	Настройка дешалкерии	PASS		Текст читается естественно, ясно и соответствует английскому источнику.	20		
patchouli-lang:botania:botania.challenge.shulkMeNotSetup.desc	sha256:aac77cadbcc0e285216592c6d70734305a5533f08ee56f1b2b80a33d36122f50	Create a system that allows for a $(l:generating_flowers/shulk_me_not)Shulk Me Not$(/l) to produce mana automatically, without any mana, items or entities from outside the system. Bonus points if no unnecessary mob infighting happens.	Создайте систему, которая позволяет $(l:generating_flowers/shulk_me_not)Дешалкерии$(/l) производить ману автоматически, без какой-либо маны, предметов или сущностей, поступающих извне. Бонусные очки, если не произойдет ненужной борьбы мобов.	CHANGE	Создайте систему, в которой $(l:generating_flowers/shulk_me_not)Дешалкерия$(/l) автоматически вырабатывает ману, не получая извне ни маны, ни предметов, ни существ. Бонусные очки, если между мобами не происходит лишних стычек.	Убраны тяжёлые конструкции и калька.	200	185	0.925
patchouli-lang:botania:botania.challenge.spectrolusSetup	sha256:9c77f87e8dcc62a0da6cd92f5c0d9afd284561472b170b9a5bb0b510111ee3a3	Spectrolus Setup	Система Спектролиса	PASS		Текст читается естественно, ясно и соответствует английскому источнику.	19		
patchouli-lang:botania:botania.challenge.spectrolusSetup.desc	sha256:ac9206c05da9609360b65425124aa2081c11e352bde5f10b8796feab656f2815	Create a system that feeds a $(l:generating_flowers/spectrolus)Spectrolus$(/l), generating mana. Aside from raw mana, no items may be input from outside the system. Bonus points if it operates at 100%% efficiency, never wasting any wool.	Создайте систему, которая питает $(l:generating_flowers/spectrolus)Спектролис$(/l), генерируя ману. Помимо сырой маны, никакие предметы не могут вводиться вне системы. Бонусные очки, если он работает с эффективностью 100%, никогда не теряя ни одной шерсти.	CHANGE	Создайте систему, которая кормит $(l:generating_flowers/spectrolus)Спектролис$(/l) и вырабатывает ману. Кроме сырой маны, в систему нельзя подавать предметы извне. Бонусные очки, если она работает на 100%%, не теряя ни блока шерсти.	Исправлены управление и согласование.	217	191	0.880
patchouli-lang:botania:botania.challenge.treeFarm	sha256:87142b7cb71ef006cc50385c347e1767930c2086c0061121984efc576e04ceb8	Tree Farm	Ферма дерева	CHANGE	Лесная ферма	Естественное игровое название.	12	12	1.000
patchouli-lang:botania:botania.challenge.treeFarm.desc	sha256:518fa3ae443fcf57df1fa05ac57a95743c0cc32a1317936d3e1719da51b292bf	Create an automated, self-sustaining tree farm. Bonus points if it can do multiple types of tree.	Создайте автоматизированную ферму дерева. Бонусные баллы, если она может использовать несколько типов деревьев.	CHANGE	Создайте автоматическую самоподдерживающуюся лесную ферму. Бонусные очки, если она выращивает несколько видов деревьев.	Восстановлено условие самоподдержания.	111	119	1.072
patchouli-lang:botania:botania.entry.aIntro	sha256:802db0455228f11f13bd484e3ee2c0d7aadf20c9ac2335d5b56c59085be21069	The Portal to Alfheim	Портал в Эльфхейм	PASS		Текст читается естественно, ясно и соответствует английскому источнику.	17		
patchouli-lang:botania:botania.entry.agricarnation	sha256:bebd9e7b29412cfe219831986c8060a23d69c1be306111ffd11e2682599e41bd	Agricarnation	Агрогвоздика	PASS		Текст читается естественно, ясно и соответствует английскому источнику.	12		
patchouli-lang:botania:botania.entry.animatedTorch	sha256:7ef694180978931d726ad557eaa816f15544a4ff36c715054fd7a2f765a992e6	Animated Torch	Оживлённый факел	PASS		Текст читается естественно, ясно и соответствует английскому источнику.	16		
patchouli-lang:botania:botania.entry.apothecary	sha256:c37e54b47bd139b3bd92ac5aedb95932cb9c45933c781d2191fbc24380916179	Petal Apothecary	Лепестковый аптекарь	PASS		Текст читается естественно, ясно и соответствует английскому источнику.	20		
patchouli-lang:botania:botania.entry.arcanerose	sha256:bec92e399160b6b31dccf7d996b36e66899a9115b9f73598e68eee4bcb57cd49	Rosa Arcana	Тайная роза	PASS		Текст читается естественно, ясно и соответствует английскому источнику.	11		
patchouli-lang:botania:botania.entry.astrolabe	sha256:165a5d9a636f3f19d6adf266d00aaa3c079cc54f27b4e0b9090e1449f8324425	Worldshaper's Astrolabe	Астролябия формирователя мира	PASS		Текст читается естественно, ясно и соответствует английскому источнику.	29		
patchouli-lang:botania:botania.entry.auraRing	sha256:7c6ee152137fb2910d54b7372c01676dbd3433f1e58db7cca66ec22cd117c1b9	Band of Aura	Кольцо ауры	PASS		Текст читается естественно, ясно и соответствует английскому источнику.	11		
patchouli-lang:botania:botania.entry.autocraftingHalo	sha256:3158eed0a33d2517bd3c966340a616fb9d5378a40b5d5e3b34d97b8a9c522f0e	Manufactory Halo	Фабричный венец	PASS		Текст читается естественно, ясно и соответствует английскому источнику.	15		
patchouli-lang:botania:botania.entry.avatar	sha256:0ebe2f0d920539e7640b058805b75d56056b343cf01e463627a12f63ce185f37	Livingwood Avatar	Тотем из жизнедерева	PASS		Текст читается естественно, ясно и соответствует английскому источнику.	20		
patchouli-lang:botania:botania.entry.azulejo	sha256:d95912be4561c15ffce613e803825e22c12a277edd37e6b8e4c1c8261af2dd49	Azulejos	Азулежу	PASS		Текст читается естественно, ясно и соответствует английскому источнику.	7		
patchouli-lang:botania:botania.entry.bIntro	sha256:bed30e7eb1c231075264d5cb0420a80baba28e04252f9ca7e7ce643c3739dd59	Introduction to Trinkets	Знакомство с безделушками	CHANGE	Безделушки	Исправлена неестественная формулировка или языковая ошибка; смысл и разметка сохранены.	25	10	0.400
patchouli-lang:botania:botania.entry.banners	sha256:01b0761901fd581764efb7ce50d72fa9d2823966b1d9ad44404c31dccd3d3e02	Banner Additions	Новые баннеры	PASS		Текст читается естественно, ясно и соответствует английскому источнику.	13		
patchouli-lang:botania:botania.entry.baubleBox	sha256:dd19ca00c932267619fa5f99d5786883c1b4f3174401f71c88f886e3ef185e6d	Trinket Case	Кейс для безделушек	LENGTH_EXCEPTION	Футляр для безделушек	Формулировка не проходит ограничение длины или маркеров.	19	21	1.105
patchouli-lang:botania:botania.entry.bellethorne	sha256:27c6b8d8903391892b4ff81a7439a1dde98b3eae0c13407cfd6b69f044a77c06	Bellethorne	Звоношип	PASS		Текст читается естественно, ясно и соответствует английскому источнику.	8		
patchouli-lang:botania:botania.entry.bellows	sha256:3444f35c6b7d5fd135cf8b780c5b68f675746d75472447b061b9864ccec4b982	Manatide Bellows	Манамеха	PASS		Текст читается естественно, ясно и соответствует английскому источнику.	8		
patchouli-lang:botania:botania.entry.bergamute	sha256:be2025bc683eb1935a7246d1066605f473cbce46f34957f01109986cfe8f3b48	Bergamute	Бергамут	PASS		Текст читается естественно, ясно и соответствует английскому источнику.	8		
patchouli-lang:botania:botania.entry.blackHoleTalisman	sha256:f6074218c82924c14eb3a926de4b709db6ce81fee81ab386fe77a47072419beb	Black Hole Talisman	Талисман чёрной дыры	PASS		Текст читается естественно, ясно и соответствует английскому источнику.	20		
patchouli-lang:botania:botania.entry.blackLotus	sha256:790a4590717918485f0e38385da506c95ec4eb9b6adf42a0183c260c2c887ae2	Black Lotus	Чёрный лотос	PASS		Текст читается естественно, ясно и соответствует английскому источнику.	12		
patchouli-lang:botania:botania.entry.blazeBlock	sha256:0ca19f3e52d652729edc81af93d3737ca285a04bf8884ec3f49e449db2b482f8	Blaze Mesh	Светильник ифрита	PASS		Текст читается естественно, ясно и соответствует английскому источнику.	17		
patchouli-lang:botania:botania.entry.bloodPendant	sha256:81791111c00cd7a880d90a70f6acf7c505a140e2feb4a9c55a7e26a9b137cd81	Tainted Blood Pendant	Кулон порченной крови	PASS		Текст читается естественно, ясно и соответствует английскому источнику.	21		
patchouli-lang:botania:botania.entry.brewery	sha256:34a778147d94ef06660f567fb5ba14a115157090ef83fdfd08439a00137ca257	Botanical Brewery	Ботаническая варочная стойка	PASS		Текст читается естественно, ясно и соответствует английскому источнику.	28		
patchouli-lang:botania:botania.entry.bubbell	sha256:7d1b47c24818a115d84ce5c094eb7a47b5eb6b254f807c3da4715f591cba1bb4	Bubbell	Бубл	PASS		Текст читается естественно, ясно и соответствует английскому источнику.	4		
patchouli-lang:botania:botania.entry.cacophonium	sha256:69309051c48684ae2652cb5be9d70af6874a796ac293eab1968d30bda633c3f0	Cacophonium	Какофоний	PASS		Текст читается естественно, ясно и соответствует английскому источнику.	9		
patchouli-lang:botania:botania.entry.canopyDrum	sha256:a017af25e8a65aa55f7cebb963027329cd83df410d4f3117224553b0e6a3237a	Drum of the Canopy	Барабан уничтожения листвы	PASS		Текст читается естественно, ясно и соответствует английскому источнику.	26		
patchouli-lang:botania:botania.entry.challenges	sha256:40b9c8f444870eff94e260ea77c034c0078841842fedb9ba3cfe9e83b4ffb313	Challenges	Испытания	PASS		Текст читается естественно, ясно и соответствует английскому источнику.	9		
patchouli-lang:botania:botania.entry.clayconia	sha256:1e641727e0963427955077a000b60e95f6b83796a7c0f8eee4e233b00cc7d2e7	Clayconia	Глинарцисс	PASS		Текст читается естественно, ясно и соответствует английскому источнику.	10		
patchouli-lang:botania:botania.entry.clip	sha256:504888c91dbe5a192c1a91f3f2bbcd2884de87e1c759db5e7e38baa95fbb53fa	Lens Clip	Зажим для линз	PASS		Текст читается естественно, ясно и соответствует английскому источнику.	14		
patchouli-lang:botania:botania.entry.cloudPendant	sha256:87a84dbaf03722e64e10c18e04c5c1cfdb28c44e4c8901a793337d6056bdda29	Cirrus Amulet	Амулет перистого облака	PASS		Текст читается естественно, ясно и соответствует английскому источнику.	23		
patchouli-lang:botania:botania.entry.cobbleRod	sha256:7bf0b17fdbf7fbd24cdac408abb97f0208078fb2701d318a14e56435905d2318	Rod of the Depths	Жезл глубин	PASS		Текст читается естественно, ясно и соответствует английскому источнику.	11		
patchouli-lang:botania:botania.entry.cocoon	sha256:91e0eaf5e7f09e1bdb1fb7772a65d6cabdc5a0722d0e10ad162153ba5f075446	Cocoon of Caprice	Кокон жизни	PASS		Текст читается естественно, ясно и соответствует английскому источнику.	11		
patchouli-lang:botania:botania.entry.complexBrews	sha256:058a1a20f4a297ba6ad0e9ebaf8e8eecd8fda6ef35ae0f0707c75c73210345c9	Complex Brews	Комплексное варево	PASS		Текст читается естественно, ясно и соответствует английскому источнику.	18		
patchouli-lang:botania:botania.entry.corporea	sha256:95583b9a007d9832638ac775d45a9d95b1b34c57d44034e2c83635b4624c3b3c	Basics of Corporea	Хранилище (Corporea). Основы	CHANGE	Основы Хранилища	Исправлена неестественная формулировка или языковая ошибка; смысл и разметка сохранены.	28	16	0.571
patchouli-lang:botania:botania.entry.corporeaBlock	sha256:8ba7d9511d519c560eefa35c79a530edd3c04c3ef9189ba9d8089e3701c216d9	Corporea Decor	Декор хранилища	PASS		Текст читается естественно, ясно и соответствует английскому источнику.	15		
patchouli-lang:botania:botania.entry.corporeaCrystalCube	sha256:31972cf294e5441b47a0e348a35ed5ea5f0bb1e14561f43fb63ec58bc911ec9c	Corporea Crystal Cube	Хранилище. Кристалл-кий куб	LENGTH_EXCEPTION	Хранилище. Кристаллический куб	Формулировка не проходит ограничение длины или маркеров.	27	30	1.111
patchouli-lang:botania:botania.entry.corporeaFunnel	sha256:54390e5693d97e752145080bd665c8559bff78014bd3b680fb42eb47bf923380	Corporea Funnel	Хранилище. Воронка	PASS		Текст читается естественно, ясно и соответствует английскому источнику.	18		
patchouli-lang:botania:botania.entry.corporeaIndex	sha256:c79cde1a94e93dc7d025abbcbd77ae5c6ae72c1c61d919d8f3989cd4e9c3a67e	Corporea Index	Хранилище. Индекс	PASS		Текст читается естественно, ясно и соответствует английскому источнику.	17		
patchouli-lang:botania:botania.entry.corporeaInterceptor	sha256:9e7c651e07c23f7717fa56e1c3b02d6d03246f1dadd65f63ef0ecdc96bc2adb0	Corporea Interceptor	Хранилище. Перехватчик	PASS		Текст читается естественно, ясно и соответствует английскому источнику.	22		
patchouli-lang:botania:botania.entry.corporeaRetainer	sha256:0bf5190c205fc4479cc9f5dd78abd8969ad7fdd5efc47a4cfc6bdcc5b115147f	Corporea Retainer	Хранилище. Извлекатель	CHANGE	Хранилище. Повторитель	Исправлена неестественная формулировка или языковая ошибка; смысл и разметка сохранены.	22	22	1.000
patchouli-lang:botania:botania.entry.cosmeticBaubles	sha256:bf4a6296c187929b216b6828efdc45bff245bd4c10d7018aa86faf8c50423d89	Cosmetic Trinkets	Косметические безделушки	PASS		Текст читается естественно, ясно и соответствует английскому источнику.	24		
patchouli-lang:botania:botania.entry.craftCrate	sha256:a64ff0905b860531e037d30e66b73a15de2aed22594eff8f94485e26b71aa18f	Crafty Crate	Сборочный ящик	PASS		Текст читается естественно, ясно и соответствует английскому источнику.	14		
patchouli-lang:botania:botania.entry.craftingHalo	sha256:cb0a98a2f794c80f71fa231b66bbef8ff8a55608b5d803d931043c91d11cf57e	Assembly Halo	Сборочный венец	PASS		Текст читается естественно, ясно и соответствует английскому источнику.	15		
patchouli-lang:botania:botania.entry.crystalBow	sha256:8c9652c33c61c557be0e6adf410b6192621d75caa0420686e3b8fd5bb14381b8	Crystal Bow	Кристальный лук	PASS		Текст читается естественно, ясно и соответствует английскому источнику.	15		
patchouli-lang:botania:botania.entry.daffomill	sha256:be9ceb4b3c04303f6b90adab94d213ca751492784efc93bf7c307edad81457ae	Daffomill	Тупомельник	PASS		Текст читается естественно, ясно и соответствует английскому источнику.	11		
patchouli-lang:botania:botania.entry.dandelifeon	sha256:65cc8ee6049e1a6fe934fe100f72c116733b963ced0a9784d771501b5760bd07	Dandelifeon	Жизнеодуванчик	PASS		Текст читается естественно, ясно и соответствует английскому источнику.	14		
patchouli-lang:botania:botania.entry.decorativeBlocks	sha256:7d3d527097b6191bb3acc8b7bdace0973f09a7371fe522e638b5b76d0477842d	Decorative Blocks	Декоративные блоки	PASS		Текст читается естественно, ясно и соответствует английскому источнику.	18		
patchouli-lang:botania:botania.entry.dirtRod	sha256:9cb14b2e6ecb557a97cef253d873997af0c655a28d218d497446d1680b2ded70	Rod of the Lands	Жезл Земель	PASS		Текст читается естественно, ясно и соответствует английскому источнику.	11		
patchouli-lang:botania:botania.entry.dispenserTweaks	sha256:68245f2fd95da8d858c7a2fc2af3995eea8fcb330e5dfa50fbe391b4e5b3b13d	Dispenser Planting	Подстройка раздатчика	PASS		Текст читается естественно, ясно и соответствует английскому источнику.	21		
patchouli-lang:botania:botania.entry.distributor	sha256:b69d5236d71486f8fd71e7cf3a0f1060a30a5c2ed323cd579ebf49027a4c55f9	Mana Splitter	Распределитель маны	PASS		Текст читается естественно, ясно и соответствует английскому источнику.	19		
patchouli-lang:botania:botania.entry.divaCharm	sha256:d53afa62e893180e89acd2a3abf8014cbf52af70d7d8f6685573cc14a6e88bbf	Charm of the Diva	Шарм дивы	PASS		Текст читается естественно, ясно и соответствует английскому источнику.	9		
patchouli-lang:botania:botania.entry.diviningRod	sha256:8ab552f75a5cef554bf28b633d91da46865f0ef037ae7f5c29c1b904afcf5779	Rod of the Plentiful Mantle	Жезл Волхвов	PASS		Текст читается естественно, ясно и соответствует английскому источнику.	12		
patchouli-lang:botania:botania.entry.dodgeRing	sha256:7eaea276cdd13cd6f3113ac9be39e9bbf14d7d5fd7be688882108bdef030f321	Ring of Dexterous Motion	Кольцо ловких движений	PASS		Текст читается естественно, ясно и соответствует английскому источнику.	22		
patchouli-lang:botania:botania.entry.dreadthorne	sha256:f6bf13276cc43b345f017e23070ddb78879d7b9ac108fb2729a19baea41d2906	Dreadthorne	Страшношип	PASS		Текст читается естественно, ясно и соответствует английскому источнику.	10		
patchouli-lang:botania:botania.entry.dreamwoodSpreader	sha256:83c755e57fdbe1433abb262e890a5493784cff33f417724f7690a428e54ff8e1	Elven Mana Spreaders	Эльфийские распространители маны	PASS		Текст читается естественно, ясно и соответствует английскому источнику.	32		
patchouli-lang:botania:botania.entry.elfGear	sha256:bd09ca7d958da57ef07a0c76ffe06d8dd6fecb3f6d1c29f2d9b3284322bbe804	Elementium Equipment	Предметы из Элементия	PASS		Текст читается естественно, ясно и соответствует английскому источнику.	21		
patchouli-lang:botania:botania.entry.elfMessage	sha256:d98f090e235abc3e0aa76c5c164594d3a81f943e1d579a1c45e947f8553a6c4b	A Message from Elven Garde	Письмо из Эльфийского Сада	CHANGE	Послание из Эльфийского Сада	Исправлена неестественная формулировка или языковая ошибка; смысл и разметка сохранены.	26	28	1.077
patchouli-lang:botania:botania.entry.elfResources	sha256:c288235b8f925e681893648ab1917ec15562fa1438aa2ba3c48983e775f49f32	Resources of Alfheim	Ресурсы Эльфхейма	PASS		Текст читается естественно, ясно и соответствует английскому источнику.	17		
patchouli-lang:botania:botania.entry.elvenLenses	sha256:cc3a719d7c2fb2bfd85132208d9a7609476f4edb808287c8d34ac3852a2e89d1	Elven Mana Lenses	Эльфийские линзы маны	PASS		Текст читается естественно, ясно и соответствует английскому источнику.	21		
patchouli-lang:botania:botania.entry.elvenLore	sha256:13b585c3a443c3b0567e347c747979674035abe1b0fc8d5f70aec0bdd7a443ad	Elven Lore - The Shattering	Эльфийские Сказания - Раскол	CHANGE	Эльфийские предания: Раскол	Исправлена неестественная формулировка или языковая ошибка; смысл и разметка сохранены.	28	27	0.964
patchouli-lang:botania:botania.entry.enderAir	sha256:d4a128af2bef8b64329db30e8240ee4703a50c066b7cc41c62f4a36207193f25	Extracting Ender Air	Извлечение воздуха Края	PASS		Текст читается естественно, ясно и соответствует английскому источнику.	23		
patchouli-lang:botania:botania.entry.enderDagger	sha256:b1f1736bf64dd6ca9605ea0f32af55e3c5359d5e6e2f15e764e5cd94c7123a2c	Soulscribe	Бесплотный резчик	PASS		Текст читается естественно, ясно и соответствует английскому источнику.	17		
patchouli-lang:botania:botania.entry.enderEyeBlock	sha256:a03478a46aaae2461f75b6713819b6a466e2ac3b981767c2274b8b53d1fb8862	Ender Overseer	Наблюдатель	PASS		Текст читается естественно, ясно и соответствует английскому источнику.	11		
patchouli-lang:botania:botania.entry.enderHand	sha256:7f33dced290c0d9a7c403db165e86e32bdee65c227a519106ff6e8c5296933d2	Hand of Ender	Рука Края	PASS		Текст читается естественно, ясно и соответствует английскому источнику.	9		
patchouli-lang:botania:botania.entry.endoflame	sha256:17d1b23a5521e3b9902d46c26a4a5d02029d1cdf0d20423561e15f205d806be1	Endoflame	Эндопламя	PASS		Текст читается естественно, ясно и соответствует английскому источнику.	9		
patchouli-lang:botania:botania.entry.entropinnyum	sha256:6e1e75cb082fcc6e706fada4eb175b9531b960f35a75453366dba72f6fc424fd	Entropinnyum	Энтропиннум	PASS		Текст читается естественно, ясно и соответствует английскому источнику.	11		
patchouli-lang:botania:botania.entry.exchangeRod	sha256:8f71eed58627c8359839f065352670b8843e7641b8ad35973cec35e9ec859ccf	Rod of the Shifting Crust	Жезл Обмена	PASS		Текст читается естественно, ясно и соответствует английскому источнику.	11		
patchouli-lang:botania:botania.entry.exoflame	sha256:be7bc3c9e125584adaad0681be16a2aa6a23bf02224af0a99f70aa6502e80191	Exoflame	Экзопламя	PASS		Текст читается естественно, ясно и соответствует английскому источнику.	9		
patchouli-lang:botania:botania.entry.fIntro	sha256:384a84637b61aa83c95617fadf5dcb9ebb8c48ff689abf54a2d64714ccaf343f	Functional Flora	Введение в Функциональную Флору	PASS		Текст читается естественно, ясно и соответствует английскому источнику.	31		
patchouli-lang:botania:botania.entry.fallenKanade	sha256:9ffb017866806173cd9a3c04162141fc292cedf37ccac694d7cff651d42d0492	Fallen Kanade	Павший Канадэ	PASS		Текст читается естественно, ясно и соответствует английскому источнику.	13		
patchouli-lang:botania:botania.entry.felPumpkin	sha256:661bbdf66d783e900496c70f75026edcd4cfe3c66a365d246c9f5dc104d9070d	Fel Pumpkin	Осквернённая тыква	PASS		Текст читается естественно, ясно и соответствует английскому источнику.	18		
patchouli-lang:botania:botania.entry.fireChakram	sha256:d215e0cdb6d71d3caab96ca7fec16055df6364ca1be9cd23a5ca0ba8e3705a37	Flare Chakram	Вспыхивающий чакрам	PASS		Текст читается естественно, ясно и соответствует английскому источнику.	19		
patchouli-lang:botania:botania.entry.fireRod	sha256:15d9f5ca14f806b9e66fc375d3b27c6742f4ae408d27e517dbb7c4507e96a8c6	Rod of the Hells	Жезл Ада	PASS		Текст читается естественно, ясно и соответствует английскому источнику.	8		
patchouli-lang:botania:botania.entry.flasks	sha256:f7a3f28d8667929e1f01cb709d95186f3979b7ebb1f627ccb7caa699edce66fe	Brewing Flasks	Колбы для варева	PASS		Текст читается естественно, ясно и соответствует английскому источнику.	16		
patchouli-lang:botania:botania.entry.flightTiara	sha256:c707849e3270f250e000c4d4de452153d6209b152a7a1b01890c2f10e4af8a82	Flügel Tiara	Крылатая Тиара	PASS		Текст читается естественно, ясно и соответствует английскому источнику.	14		
patchouli-lang:botania:botania.entry.flowerBag	sha256:206983903422abf608b02bc3b2e5bdddaa71fd14aa916676cbdb0c877f19eab1	Flower Pouch	Цветочный мешочек	PASS		Текст читается естественно, ясно и соответствует английскому источнику.	17		
patchouli-lang:botania:botania.entry.flowerShrinking	sha256:d5b8afeb69f89d63cb535445c7fa84464394e28b3498854452e85ecd4edc0a1a	Flower Shrinking	Уменьшение цветов	PASS		Текст читается естественно, ясно и соответствует английскому источнику.	17		
patchouli-lang:botania:botania.entry.flowerSpeed	sha256:14296d6a6cc27377f8e2f7d757b766bc075ed4fdf5ae2100a3c2d5ff96d4bb8d	Modulating Delay	Модулирование задержки	PASS		Текст читается естественно, ясно и соответствует английскому источнику.	22		
patchouli-lang:botania:botania.entry.flowers	sha256:664b55795bb6c95b1b86af3b03f940dcd04544fedb0795070585d837a3acf095	Mystical Flowers	Мистические цветы	PASS		Текст читается естественно, ясно и соответствует английскому источнику.	17		
patchouli-lang:botania:botania.entry.flugelEye	sha256:3a468aeddb0013649df9056ba2fe09a4104829289921dc28fcbc1d46b14852a3	Eye of the Flügel	Глаз Флюгеля	PASS		Текст читается естественно, ясно и соответствует английскому источнику.	12		
patchouli-lang:botania:botania.entry.forestDrum	sha256:2a748efc1b13566261b8619aa769e4c603e6297c6fa81b36c5a4302362d3a68b	Drum of the Wild	Барабан дикой природы	PASS		Текст читается естественно, ясно и соответствует английскому источнику.	21		
patchouli-lang:botania:botania.entry.forestEye	sha256:7a0b215a723d7bd1d5d7d538da71b42e9cceed706d5ab0001b739686859a8b8d	Eye of the Ancients	Глаз древних	PASS		Текст читается естественно, ясно и соответствует английскому источнику.	12		
patchouli-lang:botania:botania.entry.gIntro	sha256:c5ccd88f2604dc025c40d11fd0dc25081672a12a2940dfab0a4c22d01a5b9914	Generating Flora	Введение в Генерирующую Флору	PASS		Текст читается естественно, ясно и соответствует английскому источнику.	29		
patchouli-lang:botania:botania.entry.gaiaRitual	sha256:7363c8198f74928ccf06d712ec48b39bd94b4d3e19169300eddec65aaf4c157d	Ritual of Gaia	Ритуал Гайи	PASS		Текст читается естественно, ясно и соответствует английскому источнику.	11		
patchouli-lang:botania:botania.entry.gaiaRitualHardmode	sha256:fa60a853560e32171d06dc65ba3314d223f87de5ee10e4fb3396c0d78858cdda	Ritual of Gaia II	Ритуал Гайи II	PASS		Текст читается естественно, ясно и соответствует английскому источнику.	14		
patchouli-lang:botania:botania.entry.gardenOfGlass	sha256:dc82805e37fd743712ba0301c64f6fdd4c6368bd43c7866123f50575568aadde	Garden of Glass	Стеклянный Сад	PASS		Текст читается естественно, ясно и соответствует английскому источнику.	14		
patchouli-lang:botania:botania.entry.gatherDrum	sha256:339c2b59b2f12f731244bad101d47b9272e542009915ebdcf1bd06a8a028748b	Drum of the Gathering	Барабан сбора	PASS		Текст читается естественно, ясно и соответствует английскому источнику.	13		
patchouli-lang:botania:botania.entry.ghostRail	sha256:4ea9dd9727a85f42ffe23112c14e00d7cb9b9ac2e5e811f81e47aca98583e06f	Spectral Rail	Спектральные рельсы	PASS		Текст читается естественно, ясно и соответствует английскому источнику.	19		
patchouli-lang:botania:botania.entry.glassPick	sha256:6cde59d69837462067c90df050aa5eea39da2ee2788fc248372fef3011983e01	Vitreous Pickaxe	Стеклянная кирка	PASS		Текст читается естественно, ясно и соответствует английскому источнику.	16		
patchouli-lang:botania:botania.entry.goddessCharm	sha256:6ac840da563deb6b822c9e3268d0bddcb158159b875798c556d2d7b9d63a6c47	Benevolent Goddess' Charm	Очарование богини	LENGTH_EXCEPTION	Оберег доброй богини	Формулировка не проходит ограничение длины или маркеров.	17	20	1.176
patchouli-lang:botania:botania.entry.gourmaryllis	sha256:3a50d35a0794d11f0600cbc34609e8940d76e8d2621b50cdc18648fc8fb51c0f	Gourmaryllis	Гурмарилис	PASS		Текст читается естественно, ясно и соответствует английскому источнику.	10		
patchouli-lang:botania:botania.entry.grassHorn	sha256:a8cc43b5fded951e3db11af7cfdd4b9225282e4e773556189ab142bb5b6e6660	Horn of the Wild	Рог дикой природы	PASS		Текст читается естественно, ясно и соответствует английскому источнику.	17		
patchouli-lang:botania:botania.entry.grassSeeds	sha256:9e191bd8ddfe4661fba1fc62f32f445ee6ed00090e0e20afb89059f931936442	Pasture Seeds	Луговое семя	PASS		Текст читается естественно, ясно и соответствует английскому источнику.	12		
patchouli-lang:botania:botania.entry.gravityRod	sha256:82540952066fedabf08df0c3b5f016055c361ccb5c3d24e36ca00a36d2f30f8c	Rod of the Shaded Mesa	Жезл Чёрной Мессы	PASS		Текст читается естественно, ясно и соответствует английскому источнику.	17		
patchouli-lang:botania:botania.entry.headCreating	sha256:5ebe834678f99d9a8e39fa7ac8b43d457a3d281e21a82d417475afa085a83d61	Head Creation	Создание голов	PASS		Текст читается естественно, ясно и соответствует английскому источнику.	14		
patchouli-lang:botania:botania.entry.heiseiDream	sha256:fbd8073eca9b63e0b7ec3d7362fb56ad5cb358c452421a34a74ee61bc543767b	Heisei Dream	Мечта Хэйсэй	PASS		Текст читается естественно, ясно и соответствует английскому источнику.	12		
patchouli-lang:botania:botania.entry.hopperhock	sha256:1e9476ddd6575a3e0b35751fc823d7e00dad2f7db6f4fb5d3e22a77650b57c59	Hopperhock	Вороток	PASS		Текст читается естественно, ясно и соответствует английскому источнику.	7		
patchouli-lang:botania:botania.entry.hourglass	sha256:80c68bb9cf2feffd8704414b0eff5976fa451cc1eeac30fa0200baf87a0d57ea	Hovering Hourglass	Песочные часы	PASS		Текст читается естественно, ясно и соответствует английскому источнику.	13		
patchouli-lang:botania:botania.entry.hyacidus	sha256:1fcfaab60968c3a5a82fa12a3cc279d21dd80a12751245cdb950fa1e63cc7666	Hyacidus	Гаяцидус	PASS		Текст читается естественно, ясно и соответствует английскому источнику.	8		
patchouli-lang:botania:botania.entry.hydroangeas	sha256:73ea89c5c562d53f97bd6856d69bc28b5ffba7e80b91dd46c0d6f3f3e2d6f86c	Hydroangeas	Водогортензия	PASS		Текст читается естественно, ясно и соответствует английскому источнику.	13		
patchouli-lang:botania:botania.entry.icePendant	sha256:8cb87d05ed36618d4e41f71dc6b05b1a474bd403d5980c66ec15c761c374bba2	Snowflake Pendant	Кулон со снежинкой	PASS		Текст читается естественно, ясно и соответствует английскому источнику.	18		
patchouli-lang:botania:botania.entry.incense	sha256:418535a836f58b5610cc071bd420efeae7387440302608bb1b6dfa6b20706557	Brew Incenses	Ароматическое варево	PASS		Текст читается естественно, ясно и соответствует английскому источнику.	20		
patchouli-lang:botania:botania.entry.infiniteFruit	sha256:4b438fb780205b18d3bdff7cf635284835b7e265b2fd5f0c44ae08595b42ae87	The Fruit of Grisaia	Фрукт Грисайи	PASS		Текст читается естественно, ясно и соответствует английскому источнику.	13		
patchouli-lang:botania:botania.entry.invisibilityCloak	sha256:40e514ce9d17983b1d4dff6ca9278647d84c861afcf2ee173ce9af46ab544ffa	Invisibility Cloak	Плащ-невидимка	PASS		Текст читается естественно, ясно и соответствует английскому источнику.	14		
patchouli-lang:botania:botania.entry.itemFinder	sha256:b9855f104f45dc11896b2822bdf8d36fe7ecdbccddc63719b797a0d7cc762e3f	The Spectator	Инспектор	PASS		Текст читается естественно, ясно и соответствует английскому источнику.	9		
patchouli-lang:botania:botania.entry.jadedAmaranthus	sha256:c8fad3a01f113d521c9bb715a5c2fa62855014bd34f56f7b15665137112925ef	Jaded Amaranthus	Измученный амарант	PASS		Текст читается естественно, ясно и соответствует английскому источнику.	18		
patchouli-lang:botania:botania.entry.jiyuulia	sha256:e2a7d3338d05358bd5a8bc0e82794c822b86b7efe69365db499da18165efebba	Jiyuulia	Джиулия	PASS		Текст читается естественно, ясно и соответствует английскому источнику.	7		
patchouli-lang:botania:botania.entry.judgementCloaks	sha256:3955e78f025b04b31ca8e248d08d94b0215754fbeae04e47ab499b9b351d0073	Cloaks of Judgement	Плащи суждения	LENGTH_EXCEPTION	Плащи правосудия	Формулировка не проходит ограничение длины или маркеров.	14	16	1.143
patchouli-lang:botania:botania.entry.keepIvy	sha256:17f95f650cb11603db007995aed330191bac4e079c019d644e6eea592f1f1ac8	Resolute Ivy	Решительный плющ	CHANGE	Стойкий плющ	Исправлена неестественная формулировка или языковая ошибка; смысл и разметка сохранены.	16	12	0.750
patchouli-lang:botania:botania.entry.kekimurus	sha256:07f40e1608539c22aa67bc39bfe56fecfc8263f785cbc43fc7ef8b2d4a120792	Kekimurus	Кикиморус	PASS		Текст читается естественно, ясно и соответствует английскому источнику.	9		
patchouli-lang:botania:botania.entry.kingKey	sha256:870bbeb44a69501a5ceccf99b59daebd130057a684602d6156645e6618f70089	Key of the King's Law	Ключ от Королевского арсенала	CHANGE	Ключ королевского закона	Исправлена неестественная формулировка или языковая ошибка; смысл и разметка сохранены.	29	24	0.828
patchouli-lang:botania:botania.entry.knockbackBelt	sha256:33c8fd47af5529f5c5fc6316edfb6e581f1a240de88ee5e61b9bcb29529758df	Tectonic Girdle	Тектонический пояс	PASS		Текст читается естественно, ясно и соответствует английскому источнику.	18		
patchouli-lang:botania:botania.entry.labellia	sha256:4b58c412ca302884116b99f420025f4bfe2df09230a65351edaab90cd47fc031	Labellia	Лейбелия	PASS		Текст читается естественно, ясно и соответствует английскому источнику.	8		
patchouli-lang:botania:botania.entry.laputaShard	sha256:c15c4b52508356d8bc1b1b3c6bb6e5385046b152ca109d01ced3ec8fcdee54d1	Shard of Laputa	Осколок острова Лапута	PASS		Текст читается естественно, ясно и соответствует английскому источнику.	22		
patchouli-lang:botania:botania.entry.lavaPendant	sha256:fb3ecabfdec8dd4e3686e4c0099115f2fed3e3fd9de312c9c63ce847326127b0	Pyroclast Pendant	Пирокластический кулон	PASS		Текст читается естественно, ясно и соответствует английскому источнику.	22		
patchouli-lang:botania:botania.entry.lens	sha256:95cfefc61497aa25f873b6d1169a291973d1a2c74b6e56508a309a382f9fc915	Mana Lenses	Линзы маны	PASS		Текст читается естественно, ясно и соответствует английскому источнику.	10		
patchouli-lang:botania:botania.entry.lexicon	sha256:42cc9b4b2b43803950fa7da06372d3a43e5d934f9e3b9160f485690f9ed073b0	Lexica Botania	Лексикон Ботании	PASS		Текст читается естественно, ясно и соответствует английскому источнику.	16		
patchouli-lang:botania:botania.entry.livingwoodBow	sha256:490c9d8bba656de81221d0186955f45abc06f0b6cd4e7239eba5ef65b4cb5b31	Livingwood Bow	Лук из жизнедерева	PASS		Текст читается естественно, ясно и соответствует английскому источнику.	18		
patchouli-lang:botania:botania.entry.lokiRing	sha256:fbe4af273a0388b5f49757a68064db22fc57359ad66421f88596bc44200809f9	Ring of Loki	Кольцо Локи	PASS		Текст читается естественно, ясно и соответствует английскому источнику.	11		
patchouli-lang:botania:botania.entry.loonium	sha256:dd26ce28502a051d3932bafaa88a7ecf520005dae3b6477db58a1cd6a72a1ea2	Loonium	Лутюльпан	PASS		Текст читается естественно, ясно и соответствует английскому источнику.	9		
patchouli-lang:botania:botania.entry.luminizerTransport	sha256:0466f4d803eff6b2f02a8e4d8fe6fdaaaaf1e8f9daa5a6a8da3bdd71fe82392b	Luminizer Transport	Перемещение с помощью света	CHANGE	Путешествия на люминизаторах	Исправлена неестественная формулировка или языковая ошибка; смысл и разметка сохранены.	27	28	1.037
patchouli-lang:botania:botania.entry.mIntro	sha256:ac54308834ef14ad0d060d478c1876c8afc4e78cdb1f55e50e12aba84d864a1c	Introduction to Mana	Bступление к разделу	PASS		Текст читается естественно, ясно и соответствует английскому источнику.	20		
patchouli-lang:botania:botania.entry.magnetRing	sha256:98f177a18f40c2932313253a3b48e13fef742cd600a058c55af5f96f2235e6b4	Ring of Magnetization	Кольцо магнетизма	PASS		Текст читается естественно, ясно и соответствует английскому источнику.	17		
patchouli-lang:botania:botania.entry.manaAlchemy	sha256:c57bc84be21d9a75d80d68122e1b2f8f0124937b25b94ff5887b5b9891c0b528	Alchemising with Mana	МаноАлхимия	PASS		Текст читается естественно, ясно и соответствует английскому источнику.	11		
patchouli-lang:botania:botania.entry.manaBlaster	sha256:d72cc2a8dd813b6dcad862ce59e5c45704ba25bdf9a9beaa362a4caae55c3daa	Mana Blaster	Излучатель маны	PASS		Текст читается естественно, ясно и соответствует английскому источнику.	15		
patchouli-lang:botania:botania.entry.manaBomb	sha256:4112f1751c742309aedb7387976455b35be9f70808c53c07a917efd4f4d94f0c	Manastorm Charge	Манаштормовый заряд	PASS		Текст читается естественно, ясно и соответствует английскому источнику.	19		
patchouli-lang:botania:botania.entry.manaConjuration	sha256:139c7be017295a4e8ee66d896c264b8bebfd0c67835b1b470a1def049db21da3	Conjuring with Mana	МаноКолдовство	PASS		Текст читается естественно, ясно и соответствует английскому источнику.	14		
patchouli-lang:botania:botania.entry.manaDetector	sha256:c203bd5299abc458e0259da5ae3cca061f385e5b6276dec23c38093d40a6d3a7	Mana Detector	Детектор маны	PASS		Текст читается естественно, ясно и соответствует английскому источнику.	13		
patchouli-lang:botania:botania.entry.manaEnchanting	sha256:159ebac10bc43ad30cc76e94ce56ffcd4f4d9eaa4aac7942d54d21587fe7c5b2	Enchanting with Mana	Наложение чар с маной	PASS		Текст читается естественно, ясно и соответствует английскому источнику.	21		
patchouli-lang:botania:botania.entry.manaGear	sha256:210c4ae75cd6c627f7634484d0de57fbadeab89f75ffaf04b55d3dc902982a57	Manasteel Equipment	Предметы из манастали	PASS		Текст читается естественно, ясно и соответствует английскому источнику.	21		
patchouli-lang:botania:botania.entry.manaMirror	sha256:40c478326778d1ea90a28e8703fe9b85d12c0549c24c20e1031e96c15b8f0e59	Mana Mirror	Зеркало маны	PASS		Текст читается естественно, ясно и соответствует английскому источнику.	12		
patchouli-lang:botania:botania.entry.manaRing	sha256:f1832dba2f67ef12f97b2cbbf295721dc0cd5c621bbf39daf964c030cc340201	Band of Mana	Кольцо маны	PASS		Текст читается естественно, ясно и соответствует английскому источнику.	11		
patchouli-lang:botania:botania.entry.manaTablet	sha256:8a646c8b476eec0d32bc9f71a782372a39f9611d9924e7479a1e17536dc1d4ee	Mana Tablet	Планшет маны	PASS		Текст читается естественно, ясно и соответствует английскому источнику.	12		
patchouli-lang:botania:botania.entry.manaVoid	sha256:9a6645e14b304ec93bdf5875cbd20929957811d9b5c1c0e4a3ae91dc961feeba	Mana Void	Мана-пустота	PASS		Текст читается естественно, ясно и соответствует английскому источнику.	12		
patchouli-lang:botania:botania.entry.manastar	sha256:c52732c58ea7b1926f99c6db0927de2a763cc1283fa23e6b81984600cfc0964e	Manastar	Звезда маны	PASS		Текст читается естественно, ясно и соответствует английскому источнику.	11		
patchouli-lang:botania:botania.entry.manaweave	sha256:7f06a53386f4727f467e94d8a6d1febbb3e4249926326a75edfc315fc6d3d401	Manaweave Cloth	Манаткань	PASS		Текст читается естественно, ясно и соответствует английскому источнику.	9		
patchouli-lang:botania:botania.entry.marimorphosis	sha256:a61434e59b5bbd0f92aecfc9690091f2366f4e70fcd8710ac8c2841be1c16b09	Marimorphosis	Мариморфозис	PASS		Текст читается естественно, ясно и соответствует английскому источнику.	12		
patchouli-lang:botania:botania.entry.medumone	sha256:57babc15588210271083c4fb88b8369160ca789bf09c74f58956865a578bc4ad	Medumone	Медумон	PASS		Текст читается естественно, ясно и соответствует английскому источнику.	7		
patchouli-lang:botania:botania.entry.miningRing	sha256:81f1a654665ab2e8032d840331baf1c9ccf40946e89200dec439b281e1c7e038	Ring of the Mantle	Кольцо шахтёра	PASS		Текст читается естественно, ясно и соответствует английскому источнику.	14		
patchouli-lang:botania:botania.entry.missileRod	sha256:7f2fb2889e54e759a71c3d41c29333f0ff7a3fbaa9e9600804748657426355c5	Rod of the Unstable Reservoir	Жезл неусточивой энергии	LENGTH_EXCEPTION	Жезл нестабильного резервуара	Для полного и естественного варианта требуется превысить мягкий лимит длины.	24	29	1.208
patchouli-lang:botania:botania.entry.monocle	sha256:00ea9d05ef36e31a8d91c1dd7f5b066584171eaa3ad05f76049b9953fb908e46	Manaseer Monocle	Монокль	PASS		Текст читается естественно, ясно и соответствует английскому источнику.	7		
patchouli-lang:botania:botania.entry.munchdew	sha256:5ecf0cdf4497dc406e5c9c2882c2b7f411e613728c0b36c0025287cefb0c1ce6	Munchdew	Жевательная роса	PASS		Текст читается естественно, ясно и соответствует английскому источнику.	16		
patchouli-lang:botania:botania.entry.mushrooms	sha256:b86530f5a6cf6074f3063f0da46b89b8b95de2e34fe3df89908fe3f924dc0b39	Shimmering Mushrooms	Мерцающие грибы	PASS		Текст читается естественно, ясно и соответствует английскому источнику.	15		
patchouli-lang:botania:botania.entry.narslimmus	sha256:d7826e9c3b811df80e4aa08c63aa55932119281a5a61794ac3a667d6d1b92dce	Narslimmus	Слизевик	PASS		Текст читается естественно, ясно и соответствует английскому источнику.	8		
patchouli-lang:botania:botania.entry.obedienceStick	sha256:4653aa07c24db331dcc55f8689a2ff9857ba94928f33a17a5d2532684ffb598a	Floral Obedience Stick	Жезл послушания цветов	PASS		Текст читается естественно, ясно и соответствует английскому источнику.	22		
patchouli-lang:botania:botania.entry.odinRing	sha256:9f6c5901bb3b59e71884ece46cb45759d55582479b4fee6a23b90bed05a75b02	Ring of Odin	Кольцо Одина	PASS		Текст читается естественно, ясно и соответствует английскому источнику.	12		
patchouli-lang:botania:botania.entry.openBucket	sha256:294e3e3c3be81c984fd7d8f69da11a80e936dbddf28d200a29d5c28cd69539a5	Extrapolated Bucket	Экстраполированное ведро	PASS		Текст читается естественно, ясно и соответствует английскому источнику.	24		
patchouli-lang:botania:botania.entry.openCrate	sha256:25252582c5d7584ef85ffbf8cb6a8f25733fd14108930a5026b794281d6f1e38	Open Crate	Открытый ящик	PASS		Текст читается естественно, ясно и соответствует английскому источнику.	13		
patchouli-lang:botania:botania.entry.orechid	sha256:3ea76e1aecc18e564cb90a81e0ddfc0b06bedd79bc4e5c87e6f4a1192597ba82	Orechid	Рудноцвет	PASS		Текст читается естественно, ясно и соответствует английскому источнику.	9		
patchouli-lang:botania:botania.entry.orechidIgnem	sha256:c8cac325896d39956a40d648246d137a4be4e70fd5b897a04b60ea5b523fbe6b	Orechid Ignem	Огненный рудноцвет	PASS		Текст читается естественно, ясно и соответствует английскому источнику.	18		
patchouli-lang:botania:botania.entry.overgrowthSeed	sha256:98808bc42ec21ad1c32cc6502b22a918fe41564f1449bb5ca94c2ff6480e35bc	Overgrowth Seed	Семена разрастания	PASS		Текст читается естественно, ясно и соответствует английскому источнику.	18		
patchouli-lang:botania:botania.entry.pavement	sha256:0fe224f43cddff4b0a8e385fbae6b5bdfc8d1f10b1c7730c5dc92c4c59056cbe	Portuguese Pavement	Португальская плитка	PASS		Текст читается естественно, ясно и соответствует английскому источнику.	20		
patchouli-lang:botania:botania.entry.phantomInk	sha256:3a6350350d11967b738c6fd2f280b8a87965726d12f27648ec4be141fc0e8079	Phantom Ink	Фантомные чернила	PASS		Текст читается естественно, ясно и соответствует английскому источнику.	17		
patchouli-lang:botania:botania.entry.pistonRelay	sha256:0ef967feb22856a4cb80a013e661f23f97fcf1dd3320eca46711fed00476ba6b	Force Relay	Силовое реле	PASS		Текст читается естественно, ясно и соответствует английскому источнику.	12		
patchouli-lang:botania:botania.entry.pixieRing	sha256:8513dbd1b823dc8c903474586c05a150a257cee081124cda7dc7c7723f4a6de7	Great Fairy Ring	Великое кольцо фей	PASS		Текст читается естественно, ясно и соответствует английскому источнику.	18		
patchouli-lang:botania:botania.entry.platform	sha256:2e2563c9814ecce0a172a728718b54bbc08874368235f196453ccae23c2635ef	Abstruse Platform	Заумная платформа	PASS		Текст читается естественно, ясно и соответствует английскому источнику.	17		
patchouli-lang:botania:botania.entry.pollidisiac	sha256:7f97b0f16250a7f31feff1c68388f9d6daf1bd0ae9b95fa11ec516dfcaa0b055	Pollidisiac	Поллидизиак	PASS		Текст читается естественно, ясно и соответствует английскому источнику.	11		
patchouli-lang:botania:botania.entry.pool	sha256:25daff70612be117d2d0271bc91650eb591aa406026a0a9686ee2cdf05520b57	Mana Pool	Бассейн маны	PASS		Текст читается естественно, ясно и соответствует английскому источнику.	12		
patchouli-lang:botania:botania.entry.poolCart	sha256:2b7bdd3b69342091facecf91b638b583c98e9943dbc12ac81670a9055f4f66d5	Mana on Rails	Мана на рельсах	PASS		Текст читается естественно, ясно и соответствует английскому источнику.	15		
patchouli-lang:botania:botania.entry.preventingDecay	sha256:9b9b75fe853ed5db5b2acc6925f4c0ac5968320a579fcfd52655a345eb6f63a8	Numerical Mana	Числовая Мана	PASS		Текст читается естественно, ясно и соответствует английскому источнику.	13		
patchouli-lang:botania:botania.entry.prism	sha256:4f48a727bdda594622d41f64d28bdd03462806dee2f08c85ba0f650d2a23e7c9	Mana Prism	Призма маны	PASS		Текст читается естественно, ясно и соответствует английскому источнику.	11		
patchouli-lang:botania:botania.entry.pureDaisy	sha256:942a89e937961b394fbe75d77d42fed89bee5e1c7eb2c2412f364ad4c0191ac1	Pure Daisy	Чистая Маргаритка	PASS		Текст читается естественно, ясно и соответствует английскому источнику.	17		
patchouli-lang:botania:botania.entry.pylon	sha256:130c4cab8c0b8c6076be40fbd04bbee3b125a4af264b8765fb9773ab1576c9ca	Mana Pylon	Пилон маны	PASS		Текст читается естественно, ясно и соответствует английскому источнику.	10		
patchouli-lang:botania:botania.entry.rafflowsia	sha256:af63dd24abed3c2ce4c177decac8d1a3c47b026287ae8bd343322140912ced9b	Rafflowsia	Рафловзия	PASS		Текст читается естественно, ясно и соответствует английскому источнику.	9		
patchouli-lang:botania:botania.entry.rainbowRod	sha256:b43f97c11c1fc2ccf2456d669ba0c4649b7fd9ffeb3aef60aef32f1c3a3197cd	Rod of the Bifrost	Жезл Биврёста	PASS		Текст читается естественно, ясно и соответствует английскому источнику.	13		
patchouli-lang:botania:botania.entry.rannuncarpus	sha256:2edf08ee210a3624f4ebabba643fb740d7c0a38814e3b4ab01e3e5b90b0847a0	Rannuncarpus	Раннункарпус	PASS		Текст читается естественно, ясно и соответствует английскому источнику.	12		
patchouli-lang:botania:botania.entry.reachRing	sha256:405b65b12a9c7f45d442d614156eab0bcbf79376fca4acdd4fbc19be341ccb39	Ring of Far Reach	Кольцо дальнего богатства	CHANGE	Кольцо дальней досягаемости	Исправлена неестественная формулировка или языковая ошибка; смысл и разметка сохранены.	25	27	1.080
patchouli-lang:botania:botania.entry.redString	sha256:725ee986c3639f8bf43d26b6cae4becd07bd5817797b30efb57e574ab8322c7e	Red String	Красная нить	PASS		Текст читается естественно, ясно и соответствует английскому источнику.	12		
patchouli-lang:botania:botania.entry.redstoneSpreader	sha256:77361f7aedb9b3215a0cf05c421e3254baed75cafca4698b3e713248c5e4b3ba	Pulse Mana Spreader	Красный распространитель маны	PASS		Текст читается естественно, ясно и соответствует английскому источнику.	29		
patchouli-lang:botania:botania.entry.relicInfo	sha256:638b7ff1a21f06753cf482caedbd04f98dc265f241d50c6c96446a69c6b1511d	The Relics of the Aesir II	Реликвии Асов II	PASS		Текст читается естественно, ясно и соответствует английскому источнику.	16		
patchouli-lang:botania:botania.entry.relics	sha256:2256632d59c5ebcd5a35314168f67a65efcfa225117bca776978d0d03c9e9c58	The Relics of the Aesir	Реликвии Асов	PASS		Текст читается естественно, ясно и соответствует английскому источнику.	13		
patchouli-lang:botania:botania.entry.rfGenerator	sha256:5eeeeb0d14d6e84524bd3504d06ce3adb994ffce7c6e4f45249036a2eb0c92ac	Mana Fluxfield	Энергопреобразователь маны	PASS		Текст читается естественно, ясно и соответствует английскому источнику.	26		
patchouli-lang:botania:botania.entry.runeAltar	sha256:ab7c775962ad35d4157f5f3109c0d0b3c4e4591fa7396dc4f294795fff918a24	Runic Altar	Рунический алтарь	PASS		Текст читается естественно, ясно и соответствует английскому источнику.	17		
patchouli-lang:botania:botania.entry.sextant	sha256:de0d50ba97575b02f09c39f8d75a0730db983928ce5f52f74534b9d2d3abe256	Worldshaper's Sextant	Секстант формирователя мира	PASS		Текст читается естественно, ясно и соответствует английскому источнику.	27		
patchouli-lang:botania:botania.entry.shinyFlowers	sha256:9d3aaf7e3a9e70dedd2e19ed843d42c0d7d6c6a77f249a340f3a513b5283f7c1	Floral variants	Светящиеся цветы	PASS		Текст читается естественно, ясно и соответствует английскому источнику.	16		
patchouli-lang:botania:botania.entry.shulk_me_not	sha256:c0a7f0f81a9fc362bb1bb8200cdf0058035cb53f1f7ac5040ff298ea56ccc93b	Shulk Me Not	Дешалкерия	PASS		Текст читается естественно, ясно и соответствует английскому источнику.	10		
patchouli-lang:botania:botania.entry.skyDirtRod	sha256:66c3fa1fa8273bae22acf35d22473e0a181612827c275a7f1ad2f2d6db6c3464	Rod of the Highlands	Жезл Высокогорья	PASS		Текст читается естественно, ясно и соответствует английскому источнику.	16		
patchouli-lang:botania:botania.entry.slimeBottle	sha256:614b35e90af80d708786115e2f4b8ac1236f30ff52a2713d751fbaa1aaf9f81a	Slime in a Bottle	Слизь в бутылке	PASS		Текст читается естественно, ясно и соответствует английскому источнику.	15		
patchouli-lang:botania:botania.entry.smeltRod	sha256:37ed5462e49d55f3f51d773fc4b6fe6610df95e9d5cb7c771e070f1c2a70f9b4	Rod of the Molten Core	Жезл Вулканического ядра	PASS		Текст читается естественно, ясно и соответствует английскому источнику.	24		
patchouli-lang:botania:botania.entry.solegnolia	sha256:b66c138223e7ed4d0d8afaf6bb74ff9ca746ddc5170f866aebbc904e6af546fe	Solegnolia	Солегнолия	PASS		Текст читается естественно, ясно и соответствует английскому источнику.	10		
patchouli-lang:botania:botania.entry.sparkChanger	sha256:690f847165d2c1c83afb3842bf6598e59291818533e729ccece26532d8855c45	Spark Tinkerer	Искра ремесленника	PASS		Текст читается естественно, ясно и соответствует английскому источнику.	18		
patchouli-lang:botania:botania.entry.sparkUpgrades	sha256:7cd0398d1d25649096880a882aed33456ae9e8100bcfe969552d67b9a306d61d	Spark Augments	Улучшения для искр	PASS		Текст читается естественно, ясно и соответствует английскому источнику.	18		
patchouli-lang:botania:botania.entry.sparks	sha256:6905661c71fc9b8d0fb00d6d17b8abb5375ff329b561a9230d6cd3cafc42964d	Sparks	Искры	PASS		Текст читается естественно, ясно и соответствует английскому источнику.	5		
patchouli-lang:botania:botania.entry.spawnerClaw	sha256:2e5fa51ab9c0764bccb818357eec62a910de3e52d14c067b0cd085b3231a1b03	Life Imbuer	Вдох жизни	CHANGE	Оживитель	Исправлена неестественная формулировка или языковая ошибка; смысл и разметка сохранены.	10	9	0.900
patchouli-lang:botania:botania.entry.spawnerMover	sha256:7cfd720b0483f9a4e28021f88303956b5b1502c197903fc133afda3dd71a3ead	Life Aggregator	Агрегатор жизни	LENGTH_EXCEPTION	Переносчик спавнеров	Формулировка не проходит ограничение длины или маркеров.	15	20	1.333
patchouli-lang:botania:botania.entry.spectralPlatform	sha256:c1cd3aa3aad3149471b6ac38731af37360bb8f124f435747657a7274e7b748ec	Spectral Platform	Спектральная платформа	PASS		Текст читается естественно, ясно и соответствует английскому источнику.	22		
patchouli-lang:botania:botania.entry.spectranthemum	sha256:debb521f2653d70f4d83da65e25e6edda8314ef6e78c15316a31e5cd6a7dc1a2	Spectranthemum	Спектрантимум	PASS		Текст читается естественно, ясно и соответствует английскому источнику.	13		
patchouli-lang:botania:botania.entry.spectrolus	sha256:578365a70a90eaafe9f3739d90dfee01dfd6bfc81aa50d47f79104082e7ff9b8	Spectrolus	Спектролис	PASS		Текст читается естественно, ясно и соответствует английскому источнику.	10		
patchouli-lang:botania:botania.entry.speedUpBelt	sha256:f6c52c30c61250354cbfd6ec86d0f0071f05ba512afc2d70f994e64a87b10719	Planestrider's Sash	Кушак ускорения	LENGTH_EXCEPTION	Кушак небесного странника	Формулировка не проходит ограничение длины или маркеров.	15	25	1.667
patchouli-lang:botania:botania.entry.spellCloth	sha256:9be043b31f86438952c7fc0e19344336958fe39b2be29200d73de76d2507b4b2	Spellbinding Cloth	Ткань снятия зачарований	PASS		Текст читается естественно, ясно и соответствует английскому источнику.	24		
patchouli-lang:botania:botania.entry.spreader	sha256:9c349f4a4d766870274a52f820035c17758de142f3f45d5578e75a26f860c628	Mana Spreader	Распространитель Маны	CHANGE	Распространитель маны	Исправлены регистр и пунктуация без изменения смысла.	21	21	1.000
patchouli-lang:botania:botania.entry.starSword	sha256:2e5d0b4dc0d4c0a7985e30fa7b3382acc027ad33ad8a3a564f892e76db266601	Starcaller	Зовущий звёзды	CHANGE	Звездозов	Исправлена неестественная формулировка или языковая ошибка; смысл и разметка сохранены.	14	9	0.643
patchouli-lang:botania:botania.entry.starfield	sha256:e0a45ca2bd1ec8be19d4a97e47d6f10aad5baa8469f27d9a742cbccb38eb6192	Starfield Creator	Творец созвездий	PASS		Текст читается естественно, ясно и соответствует английскому источнику.	16		
patchouli-lang:botania:botania.entry.superCloudPendant	sha256:e975868df241d16867b53ff8051a15c3c6b7f79f55a9e2f31aa90388f3a38f08	Nimbus Amulet	Амулет нимба	PASS		Текст читается естественно, ясно и соответствует английскому источнику.	12		
patchouli-lang:botania:botania.entry.superLavaPendant	sha256:1977802f098797c0d9dd375d814c3c17887661c569f5353176156ec2cd69f8ba	Crimson Pendant	Багровый кулон	PASS		Текст читается естественно, ясно и соответствует английскому источнику.	14		
patchouli-lang:botania:botania.entry.superTravelBelt	sha256:77f49a9cf069d45edf134b969ed4feee18952e5ee9c1da7d12a8ad731e0dcd6a	Globetrotter's Sash	Кушак Пилигрима	LENGTH_EXCEPTION	Кушак кругосветника	Формулировка не проходит ограничение длины или маркеров.	15	19	1.267
patchouli-lang:botania:botania.entry.swapRing	sha256:1956d1bdc655f4b272e4b8f2ff940f8f7abe264560a0fa09cf8875bc2fe34014	Ring of Correction	Кольцо исправления	LENGTH_EXCEPTION	Кольцо смены инструмента	Формулировка не проходит ограничение длины или маркеров.	18	24	1.333
patchouli-lang:botania:botania.entry.tangleberrie	sha256:8a9cd5a8da57bad48cb51308627bc8f449cbf073495ab09a15452dd5bb6bb4d1	Tangleberrie	Путоягода	PASS		Текст читается естественно, ясно и соответствует английскому источнику.	9		
patchouli-lang:botania:botania.entry.temperanceStone	sha256:672e1b1cc17219d8cb43d48367b8a95df2e4bc49a3ddfd8955ddad12b87fdc84	Stone of Temperance	Камень сдержанности	PASS		Текст читается естественно, ясно и соответствует английскому источнику.	19		
patchouli-lang:botania:botania.entry.terraAxe	sha256:538cb3f858c431e1d58df1e8861d4a136af020d51137818d0e63ceac2bac1bb5	Terra Truncator	Терратопор	PASS		Текст читается естественно, ясно и соответствует английскому источнику.	10		
patchouli-lang:botania:botania.entry.terraPick	sha256:418258708911c0eab1e35cf6f539b206643ff83e6bc7dff0ac61a51f84935a46	Terra Shatterer	Землекрушитель	PASS		Текст читается естественно, ясно и соответствует английскому источнику.	14		
patchouli-lang:botania:botania.entry.terraSword	sha256:9a727e083a0142f6aed8c29a4c2d5e8429763025605f3e63bd01b42830de4817	Terra Blade	Терралезвие	PASS		Текст читается естественно, ясно и соответствует английскому источнику.	11		
patchouli-lang:botania:botania.entry.terraformRod	sha256:a531c1960209318164c8dd4643c2f02cd459d5d5fb283c466ea6290a9c3d1437	Rod of the Terra Firma	Жезл-Терраформер	PASS		Текст читается естественно, ясно и соответствует английскому источнику.	16		
patchouli-lang:botania:botania.entry.terrasteel	sha256:6f98a474551159da5fa3a966e27bc51d66d1254a611995a10d769bc07a4d4111	Terrasteel	Террасталь	PASS		Текст читается естественно, ясно и соответствует английскому источнику.	10		
patchouli-lang:botania:botania.entry.terrasteelArmor	sha256:594826d487010425a53fb8c7ea9bcaf3ef1394325a6941f8425ec3ab01a56df7	Terrasteel Armor	Броня из Террастали	PASS		Текст читается естественно, ясно и соответствует английскому источнику.	19		
patchouli-lang:botania:botania.entry.teruTeruBozu	sha256:a8307ca964c622535058bc3c6e02efad83c06f7e94cbc830906ab40f822a3383	Teru Teru Bozu	Тэру-тэру-бодзу	PASS		Текст читается естественно, ясно и соответствует английскому источнику.	15		
patchouli-lang:botania:botania.entry.thermalily	sha256:eb243ce9f286acb26d3d2858c439e55c4b03e7106a172876de4edeb8c5738d63	Thermalily	Теплолилия	PASS		Текст читается естественно, ясно и соответствует английскому источнику.	10		
patchouli-lang:botania:botania.entry.thirdEye	sha256:715c1ff2afcaf0d485f97c66ace9c94a385b7d18fd3471e1300b0944f3d00d40	Third Eye	Третий глаз	PASS		Текст читается естественно, ясно и соответствует английскому источнику.	11		
patchouli-lang:botania:botania.entry.thorRing	sha256:84ebfbd38635216ec5e4bf88b312fdba50ed375644362e50b80fad515334f223	Ring of Thor	Кольцо Тора	PASS		Текст читается естественно, ясно и соответствует английскому источнику.	11		
patchouli-lang:botania:botania.entry.thornChakram	sha256:56d282de3a69b457744cb29a28689dc2b041f3a86c1f448ce6e30c54d903953b	Thorn Chakram	Шипастый чакрам	PASS		Текст читается естественно, ясно и соответствует английскому источнику.	15		
patchouli-lang:botania:botania.entry.thunderSword	sha256:d8d1aeba4959e504462950452b202cc02a5ba375f8a31021b832135516acc124	Thundercaller	Зовущий гром	CHANGE	Громозов	Исправлена неестественная формулировка или языковая ошибка; смысл и разметка сохранены.	12	8	0.667
patchouli-lang:botania:botania.entry.tigerseye	sha256:a6290a2ce2b050b16f552435e335723c1e8b79f05e6eb5c6654e9bd2e1e795d8	Tigerseye	Тигроглаз	PASS		Текст читается естественно, ясно и соответствует английскому источнику.	9		
patchouli-lang:botania:botania.entry.tinyPlanet	sha256:d0be0acef7590e043e3b988b7dd2d49070c24d4d194f4d03547a3fc38e7e6879	Tiny Planet	Микропланета	PASS		Текст читается естественно, ясно и соответствует английскому источнику.	12		
patchouli-lang:botania:botania.entry.tinyPotato	sha256:d654a47425de6a24467489914dc2248510c1334685d9ab54272bc73597df9256	Tiny Potato	Мини-картофель	PASS		Текст читается естественно, ясно и соответствует английскому источнику.	14		
patchouli-lang:botania:botania.entry.tornadoRod	sha256:0a11af3d2483896c2fa09f6364d28c856a77f7ec39d98d76c7633945497e0cd9	Rod of the Skies	Жезл Небес	PASS		Текст читается естественно, ясно и соответствует английскому источнику.	10		
patchouli-lang:botania:botania.entry.travelBelt	sha256:2334a1b5d43ebc110da46c2d6500b08bd6be39575a19ca3e12ac525cb808506b	Sojourner's Sash	Пояс странника	PASS		Текст читается естественно, ясно и соответствует английскому источнику.	14		
patchouli-lang:botania:botania.entry.turntable	sha256:d459fdd22397df9b3d26ea9b237f52d5e65b5bdb156360f274db4d9f9b0933d5	Spreader Turntable	Поворотный стол	PASS		Текст читается естественно, ясно и соответствует английскому источнику.	15		
patchouli-lang:botania:botania.entry.vinculotus	sha256:b066e58a055989edb684658f57fa46913c740841944d36f9b0015c98ed2b6296	Vinculotus	Винолотос	PASS		Текст читается естественно, ясно и соответствует английскому источнику.	9		
patchouli-lang:botania:botania.entry.vineBall	sha256:3acc2c843ce9068fcbf0f2b61cba9a7640bfcc66ddc61852a0fb855121770d7b	Vine Balls	Шар лозы	PASS		Текст читается естественно, ясно и соответствует английскому источнику.	8		
patchouli-lang:botania:botania.entry.virus	sha256:d5d099d1b8dfd8c10dd6ac0d778ff91b43916436a0ee148067679abd9e53b79b	Equestrian Virus	Конские вирусы	PASS		Текст читается естественно, ясно и соответствует английскому источнику.	14		
patchouli-lang:botania:botania.entry.wand	sha256:19b99edb218db86957f816a13d2a3e1fa7acfdeffcee44ba38d70c2e35cd621c	Wand of the Forest	Посох Леса	PASS		Текст читается естественно, ясно и соответствует английскому источнику.	10		
patchouli-lang:botania:botania.entry.waterRing	sha256:ae3df3220b5756df576db734f0077797cd43637668e15b285c02f47826deab14	Ring of Chordata	Кольцо хордовых	PASS		Текст читается естественно, ясно и соответствует английскому источнику.	15		
patchouli-lang:botania:botania.entry.waterRod	sha256:5b74592236cdc406ef2ddfdb5366717ab1ebb3ac70cb269c760fc55b3590732f	Rod of the Seas	Жезл Морей	PASS		Текст читается естественно, ясно и соответствует английскому источнику.	10		
patchouli-lang:botania:botania.entry.welcome	sha256:0568b90926da69c40888c88c009c7870290bc4c9007ab04757d1e4904caa98e8	Welcome To Botania	Добро пожаловать в Ботанию!	PASS		Текст читается естественно, ясно и соответствует английскому источнику.	27		
patchouli-lang:botania:botania.entry.worldSeed	sha256:33ded6ecb268afb09fd25fbbd3b817bfa8d0d353daa66f8dd8806f8cd7eb0530	World Seed	Мировое семя	PASS		Текст читается естественно, ясно и соответствует английскому источнику.	12		
patchouli-lang:botania:botania.landing	sha256:e6a71c0498b7473e611e731289349337f6d5cce99f5706efbf18ee1beaeea0d4	Magic, Tech. Naturally.$(br2)Botania is a tech mod themed around natural magic. The main concept is to create magical flowers and devices utilizing the power of the earth, in the form of $(thing)Mana$().	Магия, Технологии. Естество.$(br2)Ботания - это технический мод, посвященный природной магии. Основная концепция заключается в создании магических цветов и устройств, использующих силу земли, в виде $(thing)Маны$().	CHANGE	Магия и технологии. Естественно.$(br2)Ботания — технический мод о магии природы. Создавайте волшебные цветы и устройства, используя силу земли в виде $(thing)Маны$().	Текст стал короче, естественнее и ближе к источнику.	198	149	0.753
patchouli-lang:botania:botania.page.aIntro0	sha256:7e7fe3b0c9c74bbcff718b55d888aa1bb367c07a7410dbcb06f582696b495c66	Once upon a time, $(thing)Elves$(0) shared the world with us $(thing)Minecraftians$(0). Due to events unknown to us, they were banished back to their own world, $(thing)Alfheim$(0), never to return.$(p)Experiments have been performed in an attempt to re-establish a connection between the two worlds, and a theoretical procedure for creating such a portal has been devised.	Много-много лет назад, $(thing)Эльфы$(0) делили мир вместе с нами, $(thing)Майнкрафтерами$(0). Однако по неизвестным причинам, они были изгнаны обратно в свой мир, $(thing)Эльфхейм$(0).$(p)Множество экспериментов было проведено в попытке преодолеть разрыв между двумя мирами, и средства для создания портала в конце-концов были найдены.	PASS		Текст читается естественно, ясно и соответствует английскому источнику.	296		
patchouli-lang:botania:botania.page.aIntro1	sha256:668055f967f0c7eb80780695b257157f46e48ae48507047f9977d8dc890b9f95	Actually creating this portal would prove to be an arduous task: quite a few unusual resources would be necessary. The net requirements come down to 8 $(l:basics/pure_daisy)$(item)Livingwood$(0)$(/l) blocks, 3 $(l:misc/decorative_blocks)$(item)Glimmering Livingwood$(0)$(/l) blocks, an $(item)Elven Gateway Core$(0) (read on), and at least 2 $(l:mana/pool)$(item)Mana Pools$(0)$(/l) and $(item)Natura Pylons$(0) (read on).$(p)The $(l:basics/pure_daisy)$(item)Livingwood$(0)$(/l) blocks can be of any variant (logs or wood, stripped or not, etc.), so feel free to mix it up if you're feeling fancy.	Создание этого портала не будет лёгкой задачей, т.к. потребуется довольно много редких ресурсов. Потребуется следующее: 8 блоков $(item)Жизнедерева$(0), 3 блока $(item)Светящегося жизнедерева$(0), одно $(item)Ядро эльфийских врат$(0) (см. ниже), два $(item)Бассейна маны$(0) и два $(item)Природных пилона$(0) (см. ниже).	PASS		Текст читается естественно, ясно и соответствует английскому источнику.	265		
patchouli-lang:botania:botania.page.aIntro2	sha256:e5e22364801cdd00c15a8bd085886787f6151f4982d01b5568bd4763fca7efde	Crafting the $(item)Elven Gateway Core$(0)	Изготовление $(item)Ядра эльфийских врат$(0)	PASS		Текст читается естественно, ясно и соответствует английскому источнику.	33		
patchouli-lang:botania:botania.page.aIntro3	sha256:fdceced2058917bd4a28ca6e78af2da5179f03a822ca4502eab90315b0f27036	Crafting $(item)Natura Pylons$(0)	Изготовление $(item)Природных пилонов$(0)	PASS		Текст читается естественно, ясно и соответствует английскому источнику.	30		
patchouli-lang:botania:botania.page.aIntro4	sha256:720cb6ed3fdd9eea0afc279788fd79f9f10c9288308926bb6e99043bb3890e95	Alfheim Portal	Создайте рамку из $(item)Жизнедерева$(0)	CHANGE	Портал в Эльфхейм	Исправлена неестественная формулировка или языковая ошибка; смысл и разметка сохранены.	29	17	0.586
patchouli-lang:botania:botania.page.aIntro5	sha256:f7b629c11ddfe88376e6916993c63022114efff7b49c02b3306e291ac17b3a6b	At least two $(l:mana/pool)$(item)Mana Pools$(0)$(/l) with $(item)Natura Pylons$(0) directly above them would be needed within an 11x11x11 area around the Core. The initial activation of the portal, we believe, would cost a huge amount of $(thing)Mana$(0) from said Pools, and would be performed by right-clicking the core with a $(l:basics/wand)$(item)Wand of the Forest$(0)$(/l).$(p)The portal is designed to draw $(thing)Mana$(0) from all pools with Pylons equally; if any pool ran out, any connection a portal might have would close.	По крайней мере, два $(item)Природных пилона$(0) с $(item)§Бассейнами маны0 под ними должны находиться в зоне 11х11 вокруг ядра. Для открытия портала просто щелкните ПКМ по ядру врат $(item)Посохом леса$(0).$(p)Открытие портала требует значительного количества $(thing)Маны$(0) в бассейнах. Затраты делятся между ними всеми.	PASS		Текст читается естественно, ясно и соответствует английскому источнику.	277		
patchouli-lang:botania:botania.page.aIntro6	sha256:7deeb09666c0f3a03e8583e0d5499a7d1470af2a7ada13a833681775702f8476	Even with all these preparations, any link the portal could establish would be too weak to transfer living beings (so an $(thing)Alfheim$(0) vacation's off the table no matter what), but items might just make it through-- though $(thing)Mana$(0) from the surrounding $(l:mana/pool)$(thing)Mana Pools$(0)$(/l) would be needed for items to survive a return trip.	Портал, кажется, используется для отправления предметов, используя $(item)Ману$(0). Аналогично открытию, затраты маны для торговли делятся между всеми бассейнами маны. Кроме того, мощности портала недостаточно для прохода живых существ.	PASS		Текст читается естественно, ясно и соответствует английскому источнику.	225		
patchouli-lang:botania:botania.page.aIntro7	sha256:a2e1e86141475aff8eb781c90efac6de9cb3d0cb0245cf14b20513cf1dc342c5	All knowledge about $(thing)Alfheim$(0) in this lexicon is, at this point, limited to what you find in this entry-- it seems that Elven knowledge has been almost totally lost.$(p)Perhaps if $(thing)the Elves could have a look at this book$(0), they could provide further insight.	Объем информации об $(item)Эльфхейме$(0), хранимой в этом Лексиконе, должен со временем увеличиться. Похоже, что в этом мире есть какой-то потерянный предмет.$(p)Возможно, если дать $(thing)Эльфам$(0) взглянуть на это, они смогут поделиться знаниями, которые могут быть полезны.	PASS		Текст читается естественно, ясно и соответствует английскому источнику.	251		
patchouli-lang:botania:botania.page.agricarnation0	sha256:57773ded826dc2284d3e35250d7f6a695d9d6c41f4b6f54e274ed481ec16393f	The slow growth of crops is a perpetual problem in the feeding of the masses. The $(item)Agricarnation$(0) transforms $(thing)Mana$(0) into a type of natural fertilizer, causing nearby plant-life to grow faster.	Медленный рост растений - это главная причина невозможности накормить толпу игроков. $(item)Агрогвоздика$(0) - цветок, который превращает $(thing)ману$(0) в натуральное удобрение, вызывающее ускоренный рост растений на ближайших грядках.	PASS		Текст читается естественно, ясно и соответствует английскому источнику.	214		
patchouli-lang:botania:botania.page.agricarnation1	sha256:16f11e50ea1e82a60261e7d533c91db672958cf4f71b2d774269cf46068160c8	$(o)Grandola Vila Morena$()...	$(o)Grandola Vila Morena$(0)...	PASS		Текст читается естественно, ясно и соответствует английскому источнику.	23		
patchouli-lang:botania:botania.page.animatedTorch0	sha256:94dd3a5b3c9384bd33e18b4bdbc36a19d0b58c2a641297c7de3677ea8ba2cef2	The $(item)Animated Torch$(0) is simply a $(item)Redstone Torch$(0) with a spark of magical autonomy. And the ability to hover.$(p)The torch will point horizontally when placed, providing a redstone signal in that direction and no other. Sneak-right clicking the torch will rotate it 90 degrees, pointing the signal in the new direction instead.	$(item)Оживлённый факел$(0) - это не более чем парящий $(item)Редстоуновым факелом$(0) с искрой магической автономии. И способностью парить.$(p)При установке факел будет направлен горизонтально в сторону от игрока, обеспечивая сигнал вперёд. При нажатии Shift+ПКМ пустой рукой можно повернуть факел на 90 градусов, переключив сигнал в новое направление.	PASS		Текст читается естественно, ясно и соответствует английскому источнику.	327		
patchouli-lang:botania:botania.page.animatedTorch1	sha256:db839afc6fb8dee4559da822afec4f9bbd302404db3e25304746831bc7fefe82	By default, the torch is in $(thing)Toggle$(0) mode: whenever the torch is actuated (by either a $(thing)Mana Burst$(0) or an adjacent $(l:devices/hourglass)$(item)Hovering Hourglass$(0)$(/l)), it'll turn 180 degrees, serving as a T flip-flop.	По умолчанию факел находится в режиме $(thing)Переключения$(0): когда факел активируется (либо $(thing)Всплеском Маны$(0), либо соседними $(l:devices/hourglass)$(item)Песочными Часами$(0)$(/l)), он поворачивается на 180 градусов, выполняя функцию T-триггера.	PASS		Текст читается естественно, ясно и соответствует английскому источнику.	196		
patchouli-lang:botania:botania.page.animatedTorch2	sha256:9e431bb4065bad43adc9d21d8080a2002b9c3176bf6014469ad92caf46f478cc	Using a $(l:basics/wand)$(item)Wand of the Forest$(0)$(/l) on the torch changes its mode. The default mode is $(thing)Toggle$(0), as previously stated; the other two modes are $(thing)Rotate$(0), in which the torch rotates 90 degrees each actuation, and $(thing)Random$(0), in which the torch points randomly each actuation.	Использование $(l:basics/wand)$(item)Посоха Леса$(0)$(/l) на факеле меняет его режим. По умолчанию активирован режим $(thing)Переключателя$(0), как было указано ранее. Другие два режима — $(thing)Поворот$(0), в котором факел поворачивается на 90 градусов при каждом срабатывании, и $(thing)Случайный$(0), в котором факел указывает в случайное направление при каждом срабатывании.	PASS		Текст читается естественно, ясно и соответствует английскому источнику.	311		
patchouli-lang:botania:botania.page.animatedTorch3	sha256:c23b5690da24be6b36b1210636a2e504e3053e1eabdfd5c16ee9e7032d1a510c	It's fallen and it can't get up	Оно упало и не может встать	PASS		Текст читается естественно, ясно и соответствует английскому источнику.	27		
patchouli-lang:botania:botania.page.apothecary0	sha256:26dae8430e72b2bf5e4006ed52e8c7cbd5543f2c8f0d231a1c4a0c0bc62793dc	To create plant life that can do their bidding, a botanist needs a special means of infusing plants with mystical energy.$(p)Luckily, the $(item)Petal Apothecary$(0) can do just that.	Для того чтобы создать растения, которые смогли бы выполнять какие-нибудь указания, ботанику необходимо наполнить их мистической энергией.$(p)К счастью для Вас, $(item)Лепестковый аптекарь$(0) именно это и делает.	CHANGE	Чтобы создавать растения, выполняющие волю ботаника, их нужно наполнять мистической энергией.$(p)К счастью, $(item)Лепестковый аптекарь$(0) как раз для этого и нужен.	Исправлены смысловые потери, маркеры и неестественные формулировки.	198	151	0.763
patchouli-lang:botania:botania.page.apothecary1	sha256:eb6168c496584b1913af70c65dc275fa57fe9210b2ce73998c8bf8687a969f8d	The $(item)Petal Apothecary$(0).	$(item)Лепестковый аптекарь$(0).	PASS		Текст читается естественно, ясно и соответствует английскому источнику.	21		
patchouli-lang:botania:botania.page.apothecary2	sha256:7e46d5e0dd603592d1a10090562db678ec449b827ac5325f0739ab9ee4705c38	This block, when placed in the world and given some water (by right-clicking or throwing in a $(item)Water Bucket$(0)), will accept any $(l:basics/flowers)$(item)Mystical Petals$(0)$(/l) thrown into it, absorbing their energies.$(p)Once the correct petals have been provided, throwing any $(thing)Seeds$(0) in will finalize the crafting process.	Поставив этот блок и наполнив его водой, Вы сможете кинуть внутрь $(l:basics/flowers)$(item)Мистические Лепестки$(0)$(/l), чтобы высвободить их энергию.$(p)После того, как в нем будут находиться нужные лепестки, киньте $(item)Семена$(0), чтобы завершить процесс.$(p)Вы также можете наполнить аптекаря, бросив на него ведро с водой.	CHANGE	Поставьте этот блок и наполните его водой: нажмите ПКМ или бросьте в него $(item)Ведро воды$(0). Затем бросайте внутрь любые $(l:basics/flowers)$(item)Мистические лепестки$(0)$(/l) - аптекарь поглотит их энергию.$(p)Когда добавите нужные лепестки, бросьте любые $(thing)Семена$(0), чтобы завершить создание.	Исправлены смысловые потери, маркеры и неестественные формулировки.	277	245	0.884
patchouli-lang:botania:botania.page.apothecary3	sha256:7f776f0c9233f2f328a9964d214b31f4dcabdd5ebe112618fab0f6e093a6e16a	All $(thing)Functional$(0) and $(thing)Generating Flora$(0) are made here (for more information, read through the respective sections in this lexicon).$(p)Right clicking the $(item)Petal Apothecary$(0) with an empty hand will remove the last item thrown in.	С помощью $(item)Лепесткового Аптекаря$(0) можно делать довольно много растений, о которых подробно написано в разделах $(thing)Функциональная Флора$(0) и $(thing)Генерирующая Флора$(0).$(p)Нажав по $(item)Аптекарю$(0) Shift+ПКМ пустой рукой, Вы вернете себе последний закинутый предмет.	CHANGE	Здесь создаются все $(thing)Функциональные$(0) и $(thing)Генерирующие цветы$(0); подробнее о них рассказано в соответствующих разделах Лексикона.$(p)Нажмите ПКМ пустой рукой по $(item)Лепестковому аптекарю$(0), чтобы вернуть последний брошенный предмет.	Исправлены смысловые потери, маркеры и неестественные формулировки.	237	214	0.903
patchouli-lang:botania:botania.page.apothecary4	sha256:5619eb86436d386ffdb41cbc93bada1ca8481ed64cf0a87e8c3851bed0ea5ce5	If it's filled with $(item)Lava$(0) instead of $(item)Water$(0), the Apothecary will serve as a brazier and incinerator, destroying any items that come into contact with it.	Вместо $(item)Воды$(0), Вы можете налить в него $(item)Лаву$(0), и тогда он будет служить мусоросжигателем, уничтожая любые предметы, что попадают в него.$(p)Если бросить в него $(item)Лозу$(0), он приобретет замшелый вид.	CHANGE	Если наполнить аптекарь $(item)Лавой$(0) вместо $(item)Воды$(0), он станет жаровней и уничтожит любой предмет, который в него попадет.	Исправлены смысловые потери, маркеры и неестественные формулировки.	185	112	0.605
patchouli-lang:botania:botania.page.apothecary6	sha256:ceb161b60685b583c5b594d6bc75fe66872607d1f74881fc3306b01c11d851bb	A simple tip for the more efficiency-minded: Up to twenty seconds after crafting a flower and after refilling the water, if you right-click the apothecary with an empty hand, it'll pull another set of the same ingredients out of your inventory, for quick crafting in bulk.	Простой совет для тех, кто любит использовать каждый блок по максимуму: в течение 20 секунд после создания цветка в $(item)Аптекаре$(0), Вы можете нажать по нему ПКМ пустой рукой, чтобы выкинуть все предметы из инвентаря, которые были необходимы для пред. рецепта, что полезно для создания большого количества цветов. Работает, только если внутри есть вода.	CHANGE	Совет для любителей эффективности: в течение двадцати секунд после создания цветка и наполнения водой нажмите ПКМ пустой рукой по аптекарю. Он достанет из инвентаря еще один набор тех же ингредиентов, чтобы быстрее создавать цветы партиями.	Исправлены смысловые потери, маркеры и неестественные формулировки.	346	240	0.694
patchouli-lang:botania:botania.page.apothecary7	sha256:1448b25c47c1c380fd5f85c13d45d75d106731f6abfc27f4f5ffdb3554363ed7	$(item)Comparators$(0) can detect an $(item)Apothecary$(0)'s fullness.$(p)Since the $(item)Petal Apothecary$(0) can be filled by a dropped $(item)Water Bucket$(0), and $(item)Dispensers$(0) can fill buckets, creating a system that automatically refills the water in the block shouldn't prove too difficult.	Кстати с помощью $(item)Компараторов$(0) можно определить, есть ли в $(item)Аптекаре$(0) вода или нет.$(p)Раз $(item)Аптекаря$(0) можно наполнить, кинув на него $(item)Ведро с водой$(0), а $(item)Раздатчик$(0) способен налить воду в ведра, можно создать систему, которая будет автоматически пополнять воду в $(item)Аптекаре$(0). Сделать это не так уж и сложно.	CHANGE	$(item)Компаратор$(0) может определять заполненность $(item)Аптекаря$(0).$(p)В $(item)Лепестковый аптекарь$(0) можно бросить $(item)Ведро воды$(0), а $(item)Раздатчик$(0) умеет наполнять ведра. Поэтому несложно собрать систему, которая будет автоматически доливать в блок воду.	Исправлены смысловые потери, маркеры и неестественные формулировки.	290	218	0.752
patchouli-lang:botania:botania.page.arcanerose0	sha256:f5a69a96b97dd3bb7d38d895b56605ffcc7041e9b8fb31f9bc335da48a635acc	$(thing)Experience Points$(0) contain a magic of their own. The $(item)Rosa Arcana$(0) can tap into this magic, absorbing the experience of nearby players and turning it into $(thing)Mana$(0).$(p)It can also synthesize mana from experience orbs and enchanted items in the world.	$(thing)Очки опыта$(0) это своего рода форма магии. $(item)Тайная роза$(0) может подключиться к этой магии и поглотить опыт игроков, находящихся рядом с цветком, превращая его в $(item)Ману$(0).	PASS		Текст читается естественно, ясно и соответствует английскому источнику.	160		
patchouli-lang:botania:botania.page.arcanerose1	sha256:0517f8ddfdd66cf0e102413c0b96292cb65b6d348c77edf3763d2982f3e29676	$(o)When this flower is planted, toss a coin$().	$(o)Когда этот цветок посажен, бросьте монету$(0).	PASS		Текст читается естественно, ясно и соответствует английскому источнику.	42		
patchouli-lang:botania:botania.page.astrolabe0	sha256:1da7f57c80bf9300f6ff08c60624c47a673dedd228cbad70f3664bc62b587185	The $(item)Worldshaper's Astrolabe$(0) is a handy tool to place blocks. A lot of them. Really quickly.$(p)To use it, sneak-right click the astrolabe on a block to choose the block to be placed, and sneak-right click the astrolabe in the air to choose the number of blocks to be placed.	$(item)Астролябия формирователя мира$(0) — полезный инструмент для размещения блоков. Много блоков. Очень быстро.$(p)Чтобы использовать его, нажмите Shift и ПКМ по блоку, чтобы выбрать блок для размещения, затем снова зажмите Shift и щёлкните правой кнопкой мыши в воздухе, чтобы выбрать количество блоков для размещения.	CHANGE	$(item)Астролябия формирователя мира$(0) — удобный инструмент для быстрой установки множества блоков.$(p)Чтобы выбрать блок, присядьте и нажмите ПКМ астролябией по нему. Присядьте и нажмите ПКМ в воздухе, чтобы выбрать количество блоков.	Убраны кальки и грамматические ошибки; восстановлены смысл и разметка английского источника.	306	222	0.725
patchouli-lang:botania:botania.page.astrolabe1	sha256:707244a191810d3abf3d68611ced11991e7189f03bf8e0fdd5e24d9459ccefda	Once a block is selected, the astrolabe will display a preview of what it would construct at a given position.$(p)To actually construct the previewed blocks (using $(thing)Mana$(0) as well as blocks from the user's inventory), simply right-click the astrolabe. Blocks can also be supplied from items like a $(l:tools/dirt_rod)$(item)Rod of the Lands$(0)$(/l), a $(l:tools/cobble_rod)$(item)Rod of the Depths$(0)$(/l), or a $(l:ender/ender_hand)$(item)Hand of Ender$(0)$(/l).	После выбора блока астролябия покажет предварительный просмотр того, что она построила бы в указанном месте.$(p)Чтобы фактически разместить предварительно просмотренные блоки (используя $(thing)Ману$(0) и блоки из инвентаря игрока), просто щёлкните правой кнопкой мыши астролябией. Блоки также можно предоставить с помощью предметов, таких как $(l:tools/dirt_rod)$(item)Жезл Земель$(0)$(/l), $(l:tools/cobble_rod)$(item)Жезл Глубин$(0)$(/l), или $(l:ender/ender_hand)$(item)Рука Края$(0)$(/l).	CHANGE	Выбрав блок, вы увидите, что астролябия построит в указанном месте.$(p)Чтобы разместить показанные блоки, нажмите ПКМ астролябией: будут потрачены $(thing)Мана$(0) и блоки из инвентаря. Блоки также могут поступать из $(l:tools/dirt_rod)$(item)Жезла Земель$(0)$(/l), $(l:tools/cobble_rod)$(item)Жезла глубин$(0)$(/l) или $(l:ender/ender_hand)$(item)Руки Края$(0)$(/l).	Убраны кальки и грамматические ошибки; восстановлены смысл и разметка английского источника.	368	242	0.658
patchouli-lang:botania:botania.page.astrolabe2	sha256:2e8377a09498bd4224d9e0f91a7768430bcb41fd639f6e460fdbcfd76bd93f99	Builds walls, creates worlds	Строит стены, создаёт миры	PASS		Текст читается естественно, ясно и соответствует английскому источнику.	26		
patchouli-lang:botania:botania.page.auraRing0	sha256:335a4a5bb268c2a8e2815c340c4d8c4cb0126efc66d8b826546356b5b40ad6ad	The $(item)Band of Aura$(0) is a variant $(l:baubles/mana_ring)$(item)Band of Mana$(0)$(/l); instead of storing $(thing)Mana$(0), it generates a slow trickle of it (when equipped) and stores it in $(thing)Mana$(0)-containing items in its wearer's inventory.$(p)Plating it with an ingot of $(l:basics/terrasteel)$(item)Terrasteel$(0)$(/l) upgrades it to generate $(thing)Mana$(0) at a significantly faster rate.	$(item)Кольцо ауры$(0) немного отличается от обычного $(item)Кольца маны$(0). Вместо хранения $(thing)Маны$(0), оно медленно создаёт её и наполняет $(thing)Маной$(0) предметы в Вашем инвентаре.$(p)Используя немного $(item)Террастали$(0) можно создать более мощное кольцо, которое генерирует $(thing)Ману$(0) значительно быстрее.	PASS		Текст читается естественно, ясно и соответствует английскому источнику.	255		
patchouli-lang:botania:botania.page.auraRing1	sha256:858e4ad724502c31fcc2854eaf143add711f37a4c132cbd6a1b506d6fcb82983	Creating the ring	Создание кольца	PASS		Текст читается естественно, ясно и соответствует английскому источнику.	15		
patchouli-lang:botania:botania.page.auraRing2	sha256:08168bb728185934c21fd073b46d475fe898781b3d07eadf7e11f1e6dcf55406	Upgrading the ring	Улучшение кольца	PASS		Текст читается естественно, ясно и соответствует английскому источнику.	16		
patchouli-lang:botania:botania.page.autocraftingHalo0	sha256:b7d4dfabd2d93a888661f99b554082c02d28173792a58411a58ecec68e32b909	The $(item)Manufactory Halo$(0) is an upgrade of the $(l:tools/crafting_halo)$(item)Assembly Halo$(0)$(/l): aside from doing all that the $(l:tools/crafting_halo)$(item)Assembly Halo$(0)$(/l) can do, the $(item)Manufactory Halo$(0) will (when $(o)not$() held) automatically craft all possible saved recipes.$(p)Automatic compression of ores while mining is just one of many applications this upgrade has.	$(item)Фабричный венец$(0) является улучшением $(item)Сборочного венца$(0). Помимо выполнения всего, что может сделать $(item)Сборочный венец$(0), $(item)Фабричный венец$(0) будет (когда $(o)не$() удерживается) автоматически крафтить все возможные сохранённые рецепты.$(p)Автоматическое сжатие руд при добыче — это лишь одно из множества применений этого улучшения.	CHANGE	$(item)Фабричный венец$(0) — улучшение $(l:tools/crafting_halo)$(item)Сборочного венца$(0)$(/l). Он умеет всё, что и $(l:tools/crafting_halo)$(item)Сборочный венец$(0)$(/l), но, пока $(item)Фабричный венец$(0) $(o)не$() находится в руке, автоматически создаёт все возможные сохранённые рецепты.$(p)Например, он может сжимать руду прямо во время добычи.	Исправлены кальки и восстановлены ссылки.	310	239	0.771
patchouli-lang:botania:botania.page.autocraftingHalo1	sha256:c09101a6d66bb27e749a767e93b7ab331eabe25d4177af8719b593fa7a78e7a1	Halo Now Launcher$(p)Automatic crafting can be toggled on/off by right-clicking the $(item)Manufactory Halo$(0) in your inventory, or by right-clicking its $(item)Crafting Table$(0) segment while sneaking.	Пусковая установка верстака$(p)Автоматическое крафтинг можно включить/выключить, щелкнув правой кнопкой мыши по $(item)Фабричному венцу$(0) в вашем инвентаре или по его сегменту $(item)Верстака$(0) при приседе.	CHANGE	Запуск венца$(p)Автокрафт включается и выключается нажатием ПКМ по $(item)Фабричному венцу$(0) в инвентаре или по его сегменту $(item)Верстака$(0) с зажатым Shift.	Убраны кальки и грамматические ошибки; восстановлены смысл и разметка английского источника.	184	137	0.745
patchouli-lang:botania:botania.page.avatar0	sha256:b5ff6b5b5fd69ade34928bbca333ded77f325b778faf92c1aa4512301d0c8f03	Carving some $(l:basics/pure_daisy)$(item)Livingwood$(0)$(/l) into a humanoid and giving it a $(l:mana/pool)$(item)Mana Diamond$(0)$(/l) for a heart yields an apparatus known as the $(item)Livingwood Avatar$(0). By itself, the block is just a pretty face; however, giving it a $(thing)Rod$(0) enables it to cast magic. At the cost of $(thing)Mana$(0), from a spreader, of course.	Комбинируя$(item)Жизнедерева$(0) $(item)Манаалмаз$(0) создает устройство, известное как $(item)Тотем из жизнедева$(0). Сам по себе этот блок ничего не делает, кроме того, что он выглядит достаточно красивым. $(p)Однако, давая ему $(thing)Жезлы$(0), он может использовать его для различной магии, в зависимости от того, какой из них задан. За счет $(thing)Мана$(0), от распространителя, конечно.	PASS		Текст читается естественно, ясно и соответствует английскому источнику.	333		
patchouli-lang:botania:botania.page.avatar1	sha256:6b5518da0ec02d257ff80633fdf7247929e1ba8fdf2adfba6cff8c540e90c8b4	Not all $(thing)Rods$(0) can be used by an avatar. Any that do, however, are detailed in this book.$(p)Try out the $(l:tools/tornado_rod)$(item)Rod of the Skies$(0)$(/l), $(l:tools/fire_rod)$(item)Rod of the Hells$(0)$(/l) and $(l:tools/divining_rod)$(item)Rod of the Plentiful Mantle$(0)$(/l), for starters.$(p)Applying a redstone signal to the avatar will prevent it from casting.	Не все $(thing)Жезлы$(0) соответствуют этим критериям. Тем не менее, у любого, кто это сделает, будет объяснение того, что они могут сделать, когда ему дадут знак $(item)Тотем из жизнедерева$(0) на их входе. $(p)Несколько примеров некоторых стержней, которые будут работать, - это $(item)Жезл небес$(0), $(item)Жезл ада$(0) и $(item)Жезл волхвов$(0).	PASS		Текст читается естественно, ясно и соответствует английскому источнику.	290		
patchouli-lang:botania:botania.page.avatar2	sha256:b51c3b7074c4a735832393decd7b4d3a0e06b56545bfe920df0e1faee9906834	But is it an anime?	Но это аниме?	PASS		Текст читается естественно, ясно и соответствует английскому источнику.	13		
patchouli-lang:botania:botania.page.azulejo0	sha256:7fa9b438a76be0447b3b8e375ce0b90a94bef131f68b6d0aedb5fe8a7215a35d	$(item)Azulejos$(0) are decorative blocks, textured with tileable patterns of blue and white, crafted simply from any $(item)Blue Dye$(0) and a $(item)Block of Quartz$(0).$(p)The sixteen different designs can be cycled through on a crafting grid or freely exchanged between using a stonecutter.	$(item)Азулежу$(0) это тип декоративного блока, состоящий из белых и синих плиток. Чтобы создать их, нужно просто смешать $(item)Лазурит$(0) с $(item)Блоком кварца$(0).$(p)В последующем, просто поместив его в сетку верстака, можно циклически менять 12 различных узоров на нем.	PASS		Текст читается естественно, ясно и соответствует английскому источнику.	239		
patchouli-lang:botania:botania.page.azulejo1	sha256:42bfd48948b6103b39982427dddb88b301903f573c4d97efdf0907d26588a708	The various patterns	Различные узоры	PASS		Текст читается естественно, ясно и соответствует английскому источнику.	15		
patchouli-lang:botania:botania.page.azulejo2	sha256:87209bbf663f144a9edbc741bbabbf65b86b20a2e3f8fc22f0d41dde966b48c5	Crafting $(item)Azulejos$(0)	Изготовление блока $(item)Азулежу$(0)	PASS		Текст читается естественно, ясно и соответствует английскому источнику.	26		
patchouli-lang:botania:botania.page.azulejo3	sha256:6809cb7c0e1ede5a85c8de8ebc8b27663d745d1f4f685bb55377cf562b63b7d7	Cycling through the patterns	Циклическая смена узоров	PASS		Текст читается естественно, ясно и соответствует английскому источнику.	24		
patchouli-lang:botania:botania.page.bIntro0	sha256:e6382017a1d2812e52940c82fbe92a9bd7ebe386aa08142aa9e42223c392fecc	$(thing)Trinkets$(0) (also known as $(thing)Curios$(0), $(thing)Baubles$(0), or $(thing)Charms$(0)) are accessories that offer all sorts of different effects when worn.$(p)To equip them, press [$(k:curios.open.desc)].	$(thing)Безделушками$(0) (также известные как $(thing)Диковинки$(0), $(thing)Амулеты$(0) или $(thing)Фенечки$(0)) — это аксессуары, которые при ношении предлагают самые разнообразные эффекты.$(p)Чтобы надеть их, нажмите [$(k:curios.open.desc)].	CHANGE	$(thing)Безделушки$(0), также известные как $(thing)Curios$(0), $(thing)Baubles$(0) или $(thing)Амулеты$(0), — это носимые аксессуары с разными эффектами.$(p)Чтобы открыть их меню, нажмите [$(k:curios.open.desc)].	Исправлены согласование и тяжёлая конструкция.	171	140	0.819
patchouli-lang:botania:botania.page.bIntro1	sha256:e078119623395bf8a830af935b6b8447b805d342d59989957747632a460c1b05	The $(thing)Curios Screen$(0)	$(thing)Меню Безделушек$(0)	PASS		Текст читается естественно, ясно и соответствует английскому источнику.	15		
patchouli-lang:botania:botania.page.bIntro1_trinkets	sha256:b6f2d7504a89ae20db3ea82a43e0168a5b39fdd746a271e0b193648a6d2fbc6b	The $(thing)Trinkets Screen$(0)	$(thing)Экран Безделушек$(0)	PASS		Текст читается естественно, ясно и соответствует английскому источнику.	16		
patchouli-lang:botania:botania.page.bIntro2	sha256:bad26f77220cc22835fb1ea7440095ffc06f9048b517fbfe6abe575fc3e85a21	Do note that if any other mod uses the $(thing)Curios$(0) system, equipment slots must be shared with that mod's $(thing)Trinkets$(0) as well.	Учтите, что если какой-либо другой мод использует систему $(thing)Безделушек$(0), то этот инвентарь также будут использоваться для $(thing)Безделушек$(0) этого мода.	CHANGE	Учтите: если другой мод тоже использует систему $(thing)Безделушек$(0), слоты экипировки придётся делить с $(thing)Безделушками$(0) этого мода.	Исправлены согласование и управление.	141	119	0.844
patchouli-lang:botania:botania.page.bIntro2_trinkets	sha256:35c773ee450043df6c1bf017250b5cc3a49657d2af2619c435fe4b092667c86b	Do note that if any other mod uses the $(thing)Trinkets$(0) system, equipment slots must be shared with that mod's $(thing)Trinkets$(0) as well.	Следует отметить, что если установлен $(thing)Thaumcraft$(0) или другой мод, который использует систему безделушек, то этот инвентарь будет общим для нескольких модов.	PASS		Текст читается естественно, ясно и соответствует английскому источнику.	155		
patchouli-lang:botania:botania.page.banners0	sha256:6d6b83cc30939aa9eabbae8c98e2756f39f10dbea84badd04c02bab9cf02ce48	$(thing)Botania$(0) adds $(thing)15$(0) new icons to banners, which can be mixed and matched with vanilla patterns and icons.$(p)The following items can be used alongside a dye in a $(item)Loom$(0) to add an icon to a $(item)Banner$(0): $(l:mana/spark_upgrades)$(item)Spark Augments$(0)$(/l), $(item)Livingwood and Dreamwood Twigs$(0), the $(l:basics/lexicon)$(item)Lexica Botania$(0)$(/l), $(l:basics/terrasteel)$(item)Terrasteel$(0)$(/l), and the $(l:misc/tiny_potato)$(item)Tiny Potato$(0)$(/l). Additionally, patterns for fish and the base tools are available without requiring a pattern item.	§Ботания$(0) добавляет $(thing)15$(0) новых иконок для баннеров, которые могут быть совмещены с обычными узорами и иконками.$(p)Следующие предметы могут быть соединены с красителями для добавления новых иконок к $(item)баннерам$(0): $(item)Все железные инструменты$(0), $(item)Дополнители искр$(0), $(item)Сырая рыба$(0), $(item)Жизнедерево и ветки из древесины мечтаний$(0), $(item)Лексикон Ботании$(0), $(item)Террасталь$(0) и $(item)Мини-картофель$(0).	PASS		Текст читается естественно, ясно и соответствует английскому источнику.	345		
patchouli-lang:botania:botania.page.banners1	sha256:f35cd044acabe295b9c771d7023074d1ff3960eb46e051b03e1111b08c19f0b3	The banner patterns	Множество различных баннеров	PASS		Текст читается естественно, ясно и соответствует английскому источнику.	28		
patchouli-lang:botania:botania.page.baubleBox0	sha256:92ca6e6cf884171650eef384d95241a717c86c8e4d1f7df8b5d79ffb0dcd18a9	It's possible to have $(o)too$() many $(thing)Trinkets$(0) on hand-- after all, inventory space is limited. A solution: stash them in a $(item)Trinket Case$(0), a handy container for $(thing)Trinkets$(0).$(p)The case's interface lets its user quickly swap their equipped $(thing)Trinkets$(0). The case can also store $(thing)Rods$(0) and $(thing)Mana$(0)-containing items, like $(l:mana/mana_tablet)$(item)Mana Tablets$(0)$(/l) (though they can't provide $(thing)Mana$(0) when in the box).	Иногда большое количество $(thing)Безделушек$(0) может быть реальной проблемой, поскольку место в инвентаре ограничено. Лучшим способом было бы хранить все безделушки в специальном $(item)Кейсе$(0).$(p)Интерфейс кейса позволяет быстро менять безделушки. Кейс также может хранить предметы, которые могут содержать в себе $(thing)Ману$(0) (Например, $(item)Планшет маны$(0)).	CHANGE	Когда $(o)слишком$() много $(thing)Безделушек$(0), места в инвентаре не хватает. Уберите их в $(item)Кейс для безделушек$(0) — удобное хранилище для $(thing)Безделушек$(0).$(p)Через его меню можно быстро менять надетые $(thing)Безделушки$(0). В кейсе также помещаются $(thing)Жезлы$(0) и предметы с $(thing)Маной$(0), например $(l:mana/mana_tablet)$(item)Планшеты маны$(0)$(/l), но внутри кейса они не могут передавать $(thing)Ману$(0).	Восстановлены пропущенные функции и исправлены повторы.	323	305	0.944
patchouli-lang:botania:botania.page.baubleBox1	sha256:0c97134491c226bfc7431d78ccd77da33db11e0a9c7431f606e9980bd428cd1a	It could even be a boat!	Это может быть даже в лодке!	CHANGE	Он может быть даже лодкой!	Исправлена неестественная формулировка или языковая ошибка; смысл и разметка сохранены.	28	26	0.929
patchouli-lang:botania:botania.page.bellethorne0	sha256:fca4adfa22ae0289296031d6af30d3dc1023a275fac064a068a4ebf7203c8f21	The $(item)Bellethorne$(0) is a malevolent flower. It twists any $(thing)Mana$(0) provided to slowly inflict harm in any living beings (save for $(thing)players$(0)) around it.	$(item)Звоношип$(0) это удивительный магический цветок. При поглощении $(thing)Маны$(0) он медленно наносит урон всем живым существам вокруг него (безопасно для $(thing)игроков$(0)).	PASS		Текст читается естественно, ясно и соответствует английскому источнику.	147		
patchouli-lang:botania:botania.page.bellethorne1	sha256:4424d922de4114f5381fd7aee21189858ca2c4835b9e58c7fe000a3317122715	$(o)Every rose has its thorn$().	$(o)Каждая роза имеет свой шип$(0).	PASS		Текст читается естественно, ясно и соответствует английскому источнику.	27		
patchouli-lang:botania:botania.page.bellows0	sha256:7f236f813831b3ca38a0c6936c96e2909e4b5386cbc847065a27d8e52ec35f19	The $(item)Manatide Bellows$(0) increases the speed of $(l:mana/pool)$(item)Mana Pools$(0)$(/l)' output.$(p)Placing these bellows next to (and pointing towards) a $(l:mana/pool)$(item)Mana Pool$(0)$(/l) will increase the speed at which the pool outputs its $(thing)Mana$(0) into $(l:mana/mana_tablet)$(item)Mana Tablets$(0)$(/l) or other items. Multiple bellows will further increase the transfer rate.	$(item)Манамеха$(0) - это простое устройство с целью увеличения скорости входа и выхода передачи маны $(item)Бассейну$(0). $(p)Размещение этих мехов рядом и, направленных в сторону, $(item)Бассейна маны$(0) увеличит скорость, с которой бассейн выпускает свою $(thing)Ману$(0) в $(item)Планшеты маны$(0) или другие предметы. Многоступенчатые мехи будут работать с увеличением скорости передачи.	PASS		Текст читается естественно, ясно и соответствует английскому источнику.	333		
patchouli-lang:botania:botania.page.bellows1	sha256:0a94a3d53a29d49d312a24ef0633a621836cca3d59a0ee3e9157cd5a74e776d2	A slightly more mundane use of the $(item)Manatide Bellows$(0) is to stoke a $(item)Furnace$(0)'s flames.$(p)A $(item)Manatide Bellows$(0) can be operated manually via a right-click; pointing the bellows towards an active $(item)Furnace$(0) and manning it will increase the speed and efficiency at which the items in the $(item)Furnace$(0) get smelted.	Немного менее интересная способность $(item)Манамехов$(0) состоит в том, чтобы разжечь пламя $(item)Печи$(0). $(p)$(item)Манамеха$(0) можно использовать вручную, щелкнув правой кнопкой мыши. Если указать их на активную $(item)Печь$(0), то это увеличит скорость и эффективность, при которых предметы в $(item)Печке$(0) будут выплавлены.	PASS		Текст читается естественно, ясно и соответствует английскому источнику.	276		
patchouli-lang:botania:botania.page.bellows2	sha256:89cbb6459db29d972b04e20e50ebe5bccb5b9b3ff44d5b02d0c5a2bfc75c8af2	It is your duty to be stoked	Ваша обязанность - быть	PASS		Текст читается естественно, ясно и соответствует английскому источнику.	23		
patchouli-lang:botania:botania.page.bergamute0	sha256:b9566ec69491df94b0f5fbcf77edd37343b2cbc58de96302f4593be5440439b3	Anyone who's ever attempted ranching knows of the cacophonous din emitted by herds of animals. Luckily, the $(item)Bergamute$(0) can deafen such dins.	Каждый, кто когда-либо занимался скотоводством, знает об оглушительном шуме, создаваемом стадами животных. К счастью, $(item)Бергамут$(0) может заглушить этот шум.	PASS		Текст читается естественно, ясно и соответствует английскому источнику.	152		
patchouli-lang:botania:botania.page.bergamute1	sha256:43fc73d30a41fc76c0c3528c74c9679d5f14d3cba2d3e74793aa675dd1cfe43d	The $(item)Bergamute$(0) absorbs sound energy emitted in a close radius around itself, converting it into trace amounts of mana and dispersing it harmlessly. It halves the volume of sounds within reach, the effect stacking with other nearby $(item)Bergamutes$(0).$(p)Additionally, $(l:tools/grass_horn)$(item)Horns$(0)$(/l) or $(l:devices/forest_drum)$(item)Drums$(0)$(/l) will not break blocks within its range, and vibrations passing through its area of effect are muffled.	$(item)Бергамут$(0) поглощает звуковую энергию вблизости от себя, превращая её в небольшие количества маны и безопасно рассевая. Он уменьшает громкость звуков в пределах досягаемости в два раза, и этот эффект складывается с другими $(item)Бергамутами$(0) неподалёку.$(p)Кроме того, $(l:tools/grass_horn)$(item)Рога$(0)$(/l) или $(l:devices/forest_drum)$(item)Барабаны$(0)$(/l) не будут разрушать блоки в зоне его действия, и вибрации, проходящие через эту область, будут приглушены.	PASS		Текст читается естественно, ясно и соответствует английскому источнику.	379		
patchouli-lang:botania:botania.page.bergamute2	sha256:9877469ae511e92d0c325e30ad150a67cbc754487b7a69e6b9ed5787823dc37b	Deaf to All but the Song	Глух к всему, кроме песни	PASS		Текст читается естественно, ясно и соответствует английскому источнику.	25		
patchouli-lang:botania:botania.page.blackHoleTalisman0	sha256:136aefd53e66b9576c47361b5ab93bbd89b20ae9cd03bd076f6f6383dc3e1241	The void is a massive space full of... nothing. Really. There's nothing there. But with a bit of ingenuity, this nothingness can be exploited to store blocks for you to your heart's content.$(p)The $(item)Black Hole Talisman$(0) utilizes powerful Gaia and Ender magics to store a virtually infinite quantity of a single type of block.	Пустота — это огромное пространство, полное... ничего. Серьёзно. Там нет ничего. Но с небольшим количеством изобретательности это ничто можно использовать для хранения блоков в любых количествах.$(p)$(item)Талисман чёрной дыры$(0) использует мощную магию Гайи и Эндера для хранения практически бесконечного количества одного типа блока.	PASS		Текст читается естественно, ясно и соответствует английскому источнику.	321		
patchouli-lang:botania:botania.page.blackHoleTalisman1	sha256:652039e8eb14632e3341f6471c6334129d3dcb04ee7fb4b024ac7276623ead57	Right-clicking a block with an empty Talisman will set it to store that type of block, and sneak-right clicking the Talisman in the air will enable or disable it. When enabled, a Talisman will absorb any blocks of its given type from its user's inventory.$(p)Placing the item in a crafting grid will yield its stored blocks, a stack at a time.	Щелчок правой кнопкой мыши по блоку с пустым Талисманом установит его для хранения этого типа блока, а правый щелчок с зажатым Shift по Талисману в воздухе включит или отключит его. Когда Талисман активирован, он будет поглощать любые блоки своего типа из инвентаря пользователя.$(p)Помещение предмета в верстак позволит извлечь сохранённые блоки, по одному стеку за раз.	PASS		Текст читается естественно, ясно и соответствует английскому источнику.	367		
patchouli-lang:botania:botania.page.blackHoleTalisman2	sha256:5f77a2dec3d4479677fb0a713967210e4ffcfd12b066f8536f8ac424f23ed5bf	Any blocks stored in a Talisman can be placed by simply right-clicking with it.$(p)Sneak-right clicking the Talisman on an inventory will dump up to a stack of blocks into that inventory. Finally, a Talisman can provide a $(l:tools/exchange_rod)$(item)Rod of the Shifting Crust$(0)$(/l) with the blocks it contains.	Любые блоки, хранящиеся в Талисмане, можно разместить, просто щёлкнув правой кнопкой мыши.$(p)Щелчок правой кнопкой мыши с зажатым Shift Талисманом по инвентрю вложит в него до одного стака блоков. Наконец, Талисман может снабдить $(l:tools/exchange_rod)$(item)Жезл обмена$(0)$(/l) блоками, которые он содержит.	PASS		Текст читается естественно, ясно и соответствует английскому источнику.	268		
patchouli-lang:botania:botania.page.blackHoleTalisman3	sha256:cf960e02ac1402b6c4c581deb8bd356b922b8f92c8e07ba1fa6c711a933fd51e	Technically incorrect, the worst type of incorrect	Технически неверно, худший тип неверности	LENGTH_EXCEPTION	Технически неверно, а это худший вид неверности	Формулировка не проходит ограничение длины или маркеров.	41	47	1.146
patchouli-lang:botania:botania.page.blackLotus0	sha256:91e0a42912586b3e2edda7e345c37e499db7ea013143190942492be6e96fc767	An elusive flower by the name of the $(item)Black Lotus$(0) exists; however, it is not known to grow or reproduce. There are no known sources of the Lotus at this time.$(p)It is known, however, that each bloom contains a good deal of concentrated $(thing)Mana$(0) that can be released by dissolving it inside a non-empty $(l:mana/pool)$(item)Mana Pool$(0)$(/l). Just throwing it in will do.	Известно, что этот таинственный цветок под названием $(item)Чёрный Лотос$(0) действительно существует, но при этом нигде не растет и не размножается. И никто не знает, откуда он и где его найти. Знают только то, что он содержит в себе большое количество концентрированной $(thing)маны$(0), которую можно высвободить, имея уже немного наполненный $(item)Бассейн Маны$(0). Просто бросьте его туда.	CHANGE	Существует редкий цветок - $(item)Черный лотос$(0), но неизвестно, где он растет и размножается; известных источников у него нет.$(p)В каждом цветке много концентрированной $(thing)маны$(0). Бросьте его в непустой $(l:mana/pool)$(item)Бассейн маны$(0)$(/l), чтобы высвободить ее.	Исправлены смысловые потери, маркеры и неестественные формулировки.	361	222	0.615
patchouli-lang:botania:botania.page.blazeBlock0	sha256:e1430afc0d681adea3d971d2bb7e352da90b0b00fba8bab1df9bfa7604fd1a99	Mashing a bunch of blaze essences together yields a functional (if crude) decorative light block.$(p)Like a $(item)Block of Coal$(0), the $(item)Blaze Mesh$(0) can be burned in furnaces (or $(l:generating_flowers/endoflame)$(item)Endoflames$(0)$(/l)). Strangely enough, when placed by a $(l:basics/pure_daisy)$(item)Pure Daisy$(0)$(/l), it transforms into $(item)Obsidian$(0).	Складывание большого количества эссенций ифрита вместе даёт функциональный (хоть и грубый) декоративный световой блок.$(p)Как и $(item)Блок угля$(0), $(item)Светильник ифрита$(0) может быть сожжена в печах (или в $(l:generating_flowers/endoflame)$(item)Эндопламени$(0)$(/l)). Странным образом, когда она размещена рядом с $(l:basics/pure_daisy)$(item)Чистой Маргариткой$(0)$(/l), она превращается в $(item)Обсидиан$(0).	PASS		Текст читается естественно, ясно и соответствует английскому источнику.	295		
patchouli-lang:botania:botania.page.blazeBlock1	sha256:5bfe1eadc206dcb6f997b92de3683485ac00f5a1d1bba318d103a969c8fee2af	0x1a4	0x1a4	PASS		Текст читается естественно, ясно и соответствует английскому источнику.	5		
patchouli-lang:botania:botania.page.bloodPendant0	sha256:b84ebfccd3fee482d47da0aa6a42eb9a88c942c4e9294f27fdff1c30d1981d5f	The essences of the $(thing)Nether$(0), from which the original $(thing)Potions$(0) were created, are very efficient at storing the powers of effects.$(p)The $(item)Tainted Blood Pendant$(0), crafted from such essences, can store a $(thing)Brew$(0) in a condensed, stable form. A Pendant with a stored $(thing)Brew$(0), when worn, will lens $(thing)Mana$(0) through itself to provide its stored effect.	Эссенции $(thing)Ада$(0), из которых были созданы оригинальные $(thing)Зелья$(0), очень эффективно хранят силу эффектов.$(p)$(item)Кулон порченной крови$(0), изготовленный из таких эссенций, может хранить $(thing)Варево$(0) в сжатом и стабильном виде. Кулон с сохранённым $(thing)Варевом$(0), будучи надетым, направляет $(thing)Ману$(0) через себя, чтобы обеспечить сохранённый эффект.	PASS		Текст читается естественно, ясно и соответствует английскому источнику.	310		
patchouli-lang:botania:botania.page.bloodPendant1	sha256:24d3a977ec65cfb6e4bdf92d21a6f96322340341900435ae0e1666d9b79c841b	A pendant can be infused with a $(thing)Brew$(0) by substituting a $(item)Vial$(0) on a $(l:devices/brewery)$(item)Botanical Brewery$(0)$(/l) with an uninfused Pendant, costing about ten times the $(thing)Mana$(0).$(p)However, the pendant doesn't play well with effects like $(thing)Instant Health$(0) or $(thing)Absorption$(0), and can't handle $(thing)Brews$(0) with more than one effect.	Кулон можно зарядить $(thing)Варевом$(0), заменив $(item)Пузырек$(0) в $(l:devices/brewery)$(item)Ботанической варочной стойке$(0)$(/l) на ненаполненный кулон, что потребует примерно в десять раз больше $(thing)Маны$(0).$(p)Однако кулон не совместим с эффектами вроде $(thing)Мгновенное лечения$(0) или $(thing)Поглощения$(0), и не может справляться с $(thing)Варевами$(0), имеющими более одного эффекта.	PASS		Текст читается естественно, ясно и соответствует английскому источнику.	293		
patchouli-lang:botania:botania.page.bloodPendant2	sha256:d6aba11f7749c48129153163d94a3aa79c3755d0cb0314b99a366eefb1758155	Always potted up	Всегда в горшке	PASS		Текст читается естественно, ясно и соответствует английскому источнику.	15		
patchouli-lang:botania:botania.page.brewery0	sha256:e242d015f971edc724e805da04625075ea399ac6eaf9863aa513955a066c4acb	Given the versatility of $(thing)Mana$(0), its practicality in $(thing)Potion$(0)-making should come as a surprise to nobody. $(thing)Brews$(0) are, simply put, variants on $(thing)Potions$(0). They're created using $(thing)Mana$(0) as a base, but brewed with other ingredients.$(p)Unlike $(thing)Potions$(0), $(thing)Brews$(0) have fixed multi-reagent recipes, and each vial brewed will contain multiple doses of product.	Учитывая универсальность $(thing)Маны$(0), что она может использоваться для создания своего рода $(thing)Зелий$(0), ничему не удивляет. $(thing)Варево$(0) - вариант $(thing)Зелий$(0), проще говоря. Они созданы с использованием $(thing)Маны$(0) и набора ингредиентов. $(p)В отличие от $(thing)Зелий$(0), $(thing)Варева$(0) имеют определённые рецепты, и каждый флакон содержит несколько доз.	PASS		Текст читается естественно, ясно и соответствует английскому источнику.	301		
patchouli-lang:botania:botania.page.brewery1	sha256:ccbfdb6b358721c8dd855fb297d688cbadc2e3d231eb83c2799a8329680d32c1	The process of creating a $(thing)Brew$(0) requires a $(item)Botanical Brewery$(0), $(item)Vials$(0), $(thing)Mana$(0), and (of course) the reagents themselves.$(p)The $(thing)Mana$(0) functions as the solvent and energy source for a $(thing)Brew$(0) and is drawn from $(thing)Mana Bursts$(0); simply pointing a $(l:mana/spreader)$(item)Mana Spreader$(0)$(/l) at the $(item)Brewery$(0) will work just fine.$(p)Additionally, partially empty $(item)Vials$(0) can be topped up with others containing the same $(thing)Brew$(0) in a crafting grid.	Для создания $(thing)Варева$(0) потребуется $(item)Ботаническая варочная стойка$(0), $(item)Пузырёк$(0) и, конечно же, реагенты, указанные в рецепте.$(p)$(thing)Мана$(0) функционирует как растворитель и источник энергии и передается через $(thing)Вспышку Маны$(0), просто указывая на $(item)Распространитель маны$(0). С $(item)Колбами$(0) будет работать нормально.	LENGTH_EXCEPTION	Для создания $(thing)Варева$(0) нужны $(item)Ботаническая варочная стойка$(0), $(item)Пузырьки$(0), $(thing)Мана$(0) и сами реагенты.$(p)$(thing)Мана$(0) служит растворителем и источником энергии для $(thing)Варева$(0). Она поступает из $(thing)Сгустков маны$(0): просто направьте $(l:mana/spreader)$(item)Распространитель маны$(0)$(/l) на $(item)Варочную стойку$(0).$(p)Частично пустые $(item)Пузырьки$(0) можно доливать из других пузырьков с тем же $(thing)Варевом$(0) в сетке крафта.	Исправлены кальки и восстановлены пропущенные действия.	280	328	1.171
patchouli-lang:botania:botania.page.brewery10a	sha256:8e3a149aa44ef689327a0ec26cb57d55de9a3b753b09582ea0c2256bcc7e20b7	A simple brew, mimicking a $(item)Potion of Regeneration$(0). When quaffed, it gives its drinker a $(thing)Regeneration II$(0) effect.	Простое варево. Оно имитирует $(item)Зелье регенерации$(0), и, когда оно принимается, то имеет аналогичный эффект, давая индивидууму эффект $(thing)Регенерации II$(0).	CHANGE	Простое варево. Оно имитирует $(item)Зелье регенерации$(0) и наделяет выпившего эффектом $(thing)Регенерация II$(0).	Убраны кальки и тяжёлые обороты; термины и разметка Original сохранены.	144	93	0.646
patchouli-lang:botania:botania.page.brewery11a	sha256:5abfc157c5b9eaed2254cf49143299bed14d5f28bdb6c763a29ac2a8657ce09a	A simple brew, mimicking a $(item)Potion of Resistance$(0). When quaffed, it gives its drinker a $(thing)Resistance II$(0) effect.	Простое варево,которое имитирует $(item)Зелье сопротивлению урона$(0), и, когда его принимают, оно имеет аналогичный эффект, давая индивидууму эффект $(thing)Сопротивление урону II$(0).	CHANGE	Простое варево. Оно напоминает $(item)Зелье сопротивления$(0) и наделяет выпившего эффектом $(thing)Сопротивление II$(0).	Исправлены управление, пунктуация и кальки.	162	98	0.605
patchouli-lang:botania:botania.page.brewery12a	sha256:cdaa32fbdcb74b3d10bb8b371ba16ec97ed4aabe28e42be552cd26b319c7016e	A simple brew, mimicking a $(item)Potion of Fire Resistance$(0). When quaffed, it gives its drinker a $(thing)Fire Resistance$(0) effect.	Простое варево, которое имитирует эффект $(item)Зелья огнестойкости$(0), и имеет аналогичный эффект, давая индивидууму эффект $(thing)Огнестойкости$(0).	CHANGE	Простое варево. Оно имитирует $(item)Зелье огнестойкости$(0) и наделяет выпившего эффектом $(thing)Огнестойкость$(0).	Убраны кальки и тяжёлые обороты; термины и разметка Original сохранены.	129	94	0.729
patchouli-lang:botania:botania.page.brewery13a	sha256:c59a9940d7b9f47558ed1d678b71cb978a340f2d1bc9df7ce971476530272bdb	A simple brew, mimicking a $(item)Potion of Water Breathing$(0). When quaffed, it gives its drinker a $(thing)Water Breathing$(0) effect.	Простое варево. Оно имитирует $(item)Зелье подводного дыхания$(0), и имеет аналогичный эффект, давая индивидууму эффект $(thing)Подводное дыхание$(0).	CHANGE	Простое варево. Оно имитирует $(item)Зелье подводного дыхания$(0) и наделяет выпившего эффектом $(thing)Подводное дыхание$(0).	Убраны кальки и тяжёлые обороты; термины и разметка Original сохранены.	127	103	0.811
patchouli-lang:botania:botania.page.brewery14a	sha256:c36317fed4d9c7dba468226f75ba1bef7320eec333554bc790310015281511eb	A simple brew, mimicking a $(item)Potion of Invisibility$(0). When quaffed, it gives its drinker a $(thing)Invisibility$(0) effect.	Простое варево,которое имитирует $(item)Невидимости$(0), и, когда его принимают, оно имеет аналогичный эффект, давая индивидууму эффект $(thing)Невидимость$(0).	CHANGE	Простое варево. Оно напоминает $(item)Зелье невидимости$(0) и наделяет выпившего эффектом $(thing)Невидимость$(0).	Исправлены управление, пунктуация и кальки.	137	91	0.664
patchouli-lang:botania:botania.page.brewery15a	sha256:163a4cbeaedeb82f9d035db9619f0714e1eb932b044ff27ff10a14690bf319d3	A simple brew, mimicking a $(item)Potion of Night Vision$(0). When quaffed, it gives its drinker a $(thing)Night Vision$(0) effect.	Простое варево, которое имитирует эффект $(item)Зелья ночного видения$(0), и имеет аналогичный эффект, давая индивидууму эффект $(thing)Ночного зрения$(0).	CHANGE	Простое варево. Оно имитирует $(item)Зелье ночного зрения$(0) и наделяет выпившего эффектом $(thing)Ночное зрение$(0).	Убраны кальки и тяжёлые обороты; термины и разметка Original сохранены.	132	95	0.720
patchouli-lang:botania:botania.page.brewery16a	sha256:211a0d21043ca2dbbe7cf310b456aeb88966e0c64e4f5428081b99fd20fefe0e	A simple brew, mimicking the primary effect of a $(item)Golden Apple$(0). When quaffed, it gives its drinker a $(thing)Absorption IV$(0) effect.	Простое варево, которое имитирует эффект $(item)Золотого Яблока$(0), и, когда его принимают, оно имеет аналогичный эффект, давая индивидууму эффект $(thing)Поглощение IV$(0).	CHANGE	Простое варево. Оно воспроизводит основной эффект $(item)Золотого Яблока$(0), наделяя выпившего эффектом $(thing)Поглощение IV$(0).	Убраны повторы и тяжёлые обороты.	151	108	0.715
patchouli-lang:botania:botania.page.brewery17a	sha256:c376c1ba3a38d5fc61ae1ddf669802bd0436264c1ce991a08c130bec6dc2db36	A simple brew, mimicking a $(item)Potion of Regeneration$(0). When quaffed, it gives its drinker a $(thing)Regeneration I$(0) effect, albeit for longer than a Revitalization brew.	Простое варево. Оно имитирует $(item)Зелье регенерации$(0), и, когда оно принимается, то имеет аналогичный эффект, давая индивидууму эффект $(thing)Регенерации$(0) хотя и дольше, чем предыдущее варево.	CHANGE	Простое варево. Оно имитирует $(item)Зелье регенерации$(0) и наделяет выпившего эффектом $(thing)Регенерация I$(0), но действует дольше, чем варево восстановления.	Убраны кальки и тяжёлые обороты; термины и разметка Original сохранены.	178	140	0.787
patchouli-lang:botania:botania.page.brewery2	sha256:0ba29f6f6341418073d38ce3657ca6527f70f993b5118ea3f88a13beb9a3fd58	Crafting the $(item)Botanical Brewery$(0)	Создание $(item)Ботанической варочной стойки$(0)	PASS		Текст читается естественно, ясно и соответствует английскому источнику.	37		
patchouli-lang:botania:botania.page.brewery3	sha256:229b796157fcaaa45b9352bdb1a633e5af7f63f3ed9c2fb4bdef5e9c36b58bd1	Crafting $(item)Vials$(0)	Создание $(item)Пузырьков$(0)	PASS		Текст читается естественно, ясно и соответствует английскому источнику.	18		
patchouli-lang:botania:botania.page.brewery4	sha256:c301dc3e2e3b7a24f27b8e73fb984d8ca2b46b4b850377942104a4ac5bffa549	Working with a $(item)Botanical Brewery$(0) is rather simple.$(p)Begin by adding a $(item)Vial$(0) (with a right-click or a drop) into the brewery. Add all required ingredients in a similar manner. Once a $(thing)Brew$(0) has all necessary reagents, give it a few moments to accept the requisite $(thing)Mana$(0), and it should automatically drop into your inventory.	Работа $(item)Ботанической варочной стойки$(0) довольно проста. Прежде всего, чтобы добавить элемент, щелкните ПКМ на блоке или бросьте его. Начните с добавления $(item)Пузырьков$(0), который будет установлен на вершине варочной стойки. Продолжайте добавлять все необходимые ингредиенты. Как только $(thing)Варево$(0) может быть создано с ингредиентами на пивоварне, $(thing)Мана$(0) начнет течь, просто подождите немного после этого.	PASS		Текст читается естественно, ясно и соответствует английскому источнику.	388		
patchouli-lang:botania:botania.page.brewery5a	sha256:db0f0a835628acf62827b83e23a9ec7d1605e40f34c3ca6522892386b02700c5	A simple brew, mimicking a $(item)Potion of Swiftness$(0). When quaffed, it gives its drinker a $(thing)Speed II$(0) effect.	Простое варево, оно имитирует $(item)Зелье скорости$(0), когда зелье используется, то оно имеет аналогичный эффект, давая индивидууму эффект $(thing)Скорость II$(0).	CHANGE	Простое варево. Оно имитирует $(item)Зелье скорости$(0) и наделяет выпившего эффектом $(thing)Скорость II$(0).	Убраны кальки и тяжёлые обороты; термины и разметка Original сохранены.	142	87	0.613
patchouli-lang:botania:botania.page.brewery6a	sha256:68f40ca5fcc3b1afc2dacbc8bd0c4a685cddbb2ca9d04f66cf0a65515ee25bfe	A simple brew, mimicking a $(item)Potion of Strength$(0). When quaffed, it gives its drinker a $(thing)Strength II$(0) effect.	Простое варево, оно имитирует $(item)Зелье силы$(0), когда его принимают, оно имеет аналогичный эффект, давая индивидууму эффект $(thing)Сила II$(0).	CHANGE	Простое варево. Оно напоминает $(item)Зелье силы$(0) и наделяет выпившего эффектом $(thing)Сила II$(0).	Убраны повторы и тяжёлые обороты.	126	80	0.635
patchouli-lang:botania:botania.page.brewery7a	sha256:bf1f2d421833146b58369ae085664dfa5e0dc1781a2bfc6316664f5621f4a30c	A simple brew, mimicking a $(item)Potion of Haste$(0). When quaffed, it gives its drinker a $(thing)Haste II$(0) effect.	Простое варево, оно имитирует $(item)Зелье спешки$(0), и, когда оно принимается, оно имеет аналогичный эффект, давая индивидууму эффект $(thing)Спешка II$(0).	CHANGE	Простое варево. Оно имитирует $(item)Зелье спешки$(0) и наделяет выпившего эффектом $(thing)Спешка II$(0).	Убраны кальки и тяжёлые обороты; термины и разметка Original сохранены.	135	83	0.615
patchouli-lang:botania:botania.page.brewery8a	sha256:3c54a4576e67c90cd59053e5eb63519eb7f4a4330cb78ec4bd6c52be983329cf	A simple brew, mimicking a $(item)Potion of Healing$(0). When quaffed, it gives its drinker an $(thing)Instant Health II$(0) effect.	Простое варево, оно имитирует эффект $(item)Зелья мгновенного лечения$(0),и, когда оно принято, оно имеет аналогичный эффект, давая индивидууму эффект $(thing)Мгновенного лечения II$(0).	CHANGE	Простое варево. Оно напоминает $(item)Зелье мгновенного лечения$(0) и наделяет выпившего эффектом $(thing)Мгновенное лечение II$(0).	Исправлены пунктуация и тяжёлые обороты.	163	109	0.669
patchouli-lang:botania:botania.page.brewery9a	sha256:0e35b214e36fec610fdcf0252274a447bed24907e5f9ab8cc517cf34a978d736	A simple brew, mimicking a $(item)Potion of Leaping$(0). When quaffed, it gives its drinker a $(thing)Jump Boost II$(0) effect.	Простое варево,которое имитирует $(item)Зелье прыгучести$(0), и, когда оно принимается, оно имеет аналогичный эффект, давая индивидууму эффект $(thing)Прыгучесть II$(0).	CHANGE	Простое варево. Оно имитирует $(item)Зелье прыгучести$(0) и наделяет выпившего эффектом $(thing)Прыгучесть II$(0).	Убраны кальки и тяжёлые обороты; термины и разметка Original сохранены.	146	91	0.623
patchouli-lang:botania:botania.page.bubbell0	sha256:5b314e7acc99220819596253da4c9175ae99cba4372837b462326de5c529b634	Building underwater is no small feat; clearing air under the sea is incredibly troublesome and time-consuming. Placing a $(item)Bubbell$(0) underwater and providing it with $(thing)Mana$(0) (preferably $(o)a priori$()) will have it generate a dome of air (of about 12 blocks in radius), keeping water at bay. A constant supply of $(thing)Mana$(0) is required to keep the dome online.	Строительство под водой - нелегкая задача. Очистка воздуха под морем невероятно хлопотная и требует много времени. Положив вниз $(item)Бубл$(0) под водой и предоставив ему $(thing)Ману$(0) (предпочтительно априори), он начнет создавать купол воздуха, который будет удерживать воду в ожидании. Купол имеет около двенадцати блоков радиуса. $(thing)Ману$(0) требуется постоянно, чтобы поддерживать его.	PASS		Текст читается естественно, ясно и соответствует английскому источнику.	364		
patchouli-lang:botania:botania.page.bubbell1	sha256:4ebb92e65242dff8d99880dae9b24903b65e8644ac31df727153101aa0462b4a	$(o)Like some casual game$().	$(o)Как какая-то казуальная игра$(0).	PASS		Текст читается естественно, ясно и соответствует английскому источнику.	29		
patchouli-lang:botania:botania.page.cacophonium0	sha256:3d2510628dcbc223ee753acd9e72a2e8f9df07ac1c810bb81b3d23105a5d982a	"The $(item)Cacophonium$(0) is an instrument that can mimic living beings' cries, allowing a ""musician"" to play sounds of nature at will. Right-clicking with it on an entity saves the sounds it can emit into the $(item)Cacophonium$(0). Holding right-click, then, will play back those sounds.$(p)Why anyone would ever $(o)want$() to use this contraption, however, is beyond moral comprehension."	$(item)Какофоний$(0) может имитировать звуки практически всех живых существ в природе. Нажатие ПКМ по мобу позволяет инструменту запомнить его звук.$(p)Воспроизвести звук можно удерживая ПКМ.	PASS		Текст читается естественно, ясно и соответствует английскому источнику.	176		
patchouli-lang:botania:botania.page.cacophonium1	sha256:05136df5bcb731823e42e71f85311fa26bfd16ab730621cd01a01db3d57f4fa3	Hibike! Cacophonium	Звучи, Какофоний!	PASS		Текст читается естественно, ясно и соответствует английскому источнику.	17		
patchouli-lang:botania:botania.page.cacophonium2	sha256:be8b9ffc1d92e5c633ae10c107fdac920357700c508bbe4cb72fb5ef2eb94867	For ultimate chaos, the $(item)Cacophonium$(0) can be placed in a $(item)Note Block$(0) with a sneak-right click, giving the block the ability to sound off animal or monster sounds on demand.$(p)You monster.	Для максимальной какофонии Вы можете нажать Shift+ПКМ по $(item)Нотному блоку$(0), позволяя ему отключать звуки мобов по требованию.$(p)Вы - монстр!	PASS		Текст читается естественно, ясно и соответствует английскому источнику.	133		
patchouli-lang:botania:botania.page.canopyDrum0	sha256:bba705b1a6a196af57e5dce6af037f911cdf96612095524635ee0a3bd1c1e7fb	The $(item)Drum of the Canopy$(0) is like the $(l:devices/forest_drum)$(item)Drum of the Wild$(0)$(/l) in that it's the percussion counterpart of a greenery-wrecking horn. It serves the exact same purpose as the handheld $(l:tools/grass_horn)$(item)Horn of the Canopy$(0)$(/l), but as a block. It's operated identically to the $(l:devices/forest_drum)$(item)Drum of the Wild$(0)$(/l).	$(item)Барабан уничтожения листвы$(0) похож на $(item)Барабан дикой природы$(0) в том, что он является ударным аналогом $(item)Рогом уничтожения листвы$(0). Он служит для той же цели, что и рог, но является блоком. $(p)Все функциональные возможности аналогичны функциям $(item)Барабану дикой природы$(0)	CHANGE	$(item)Барабан уничтожения листвы$(0), как и $(l:devices/forest_drum)$(item)Барабан дикой природы$(0)$(/l), — ударный аналог рога, уничтожающего растения. Он выполняет ту же задачу, что и ручной $(l:tools/grass_horn)$(item)Рог уничтожения листвы$(0)$(/l), но является блоком. Используется он так же, как $(l:devices/forest_drum)$(item)Барабан дикой природы$(0)$(/l).	Исправлены согласование и кальки.	255	238	0.933
patchouli-lang:botania:botania.page.canopyDrum1	sha256:8eeeb4c740e257cde12b55b3e485c154279b220a6f4b0f546d5d1c96c772a16f	The Pinking Drum	Пьяный барабан	PASS		Текст читается естественно, ясно и соответствует английскому источнику.	14		
patchouli-lang:botania:botania.page.challenges0	sha256:b1c1acdff8f05edb5514bdcb16117d0295f5a0b992468818ec371d06532ef1b2	This book contains a multitude of $(thing)Challenges$(0)-- optional quests that challenge the player to create a mechanism from only $(thing)Botania$(0) and $(thing)Minecraft$(0) features.$(p)Of course, you can use items from other mods to complete them, but that's no fun.	$(item)Испытания$(0) доступны на главной странице $(item)Лексикона Ботании$(0) (Кнопка слева снизу в форме кубка). Они, как говорится в названии, бросают вызов игроку, чтобы создать механизм, используя функции, доступные только в $(item)Ботании$(0) и $(item)Майнкрафте$(0).$(p)Конечно, Вы можете использовать блоки и предметы из других модо, но это не так честно и весело.	CHANGE	В этой книге собрано множество $(thing)испытаний$(0) — необязательных заданий, где игрок создаёт механизмы только средствами $(thing)Ботании$(0) и $(thing)Minecraft$(0).$(p)Конечно, можно использовать предметы из других модов, но тогда будет не так интересно.	Текст приведён к английскому источнику и упрощён.	324	219	0.676
patchouli-lang:botania:botania.page.challenges1	sha256:b5cc7437ba96336240c54385c008e25d62cbba469cad09e22921c83ebdb2ac7e	All of the challenges are possible, of course. They just require some thinking, ingenuity, and knowledge of the ins and outs of redstone (and $(thing)Botania$(0) itself).$(p)We highly recommended not using features from external mods, as these $(thing)Challenges$(0) aren't really, well, challenging, if you can just place down a block that solves problems instantly.	Все испытания выполнимы. Они просто требуют некоторого знания тонкостей и механики редстоуна и Ботании.$(p)Рекомендуется выполнять испытания без использования сторонних модификаций, поскольку они были придуманы именно для этого.	CHANGE	Все испытания выполнимы. Нужны лишь смекалка и хорошее знание редстоуна и самой $(thing)Ботании$(0).$(p)Лучше не использовать возможности других модов: эти $(thing)испытания$(0) перестают быть испытаниями, если достаточно поставить блок, который мгновенно решает задачу.	Восстановлена мысль источника и убраны тяжёлые обороты.	224	242	1.080
patchouli-lang:botania:botania.page.challenges2	sha256:c6b1912c39b42b675bbccba6c4b73b9b7046ffe9e3efa7692492414cc2dbe48c	"These challenges aren't obligatory in any way, and do not provide any material reward. They're purely suggestions as to what you can do with $(thing)Botania$(0). Challenges should be marked ""complete"" manually.$(p)Keep in mind that the only boundaries in $(thing)Minecraft$(0) are those of your imagination, so don't stop at the ideas in here!"	Испытания не являются обязательными и не предусматривают материального вознаграждения. В них, в основном, предлагается создать какие-либо фермы или автоматизировать какие-либо процессы. Испытания необходимо помечать как выполненные вручную.$(p)Следует иметь в виду, что Вы ограничиваетесь только своим воображением, поэтому не останавливайтесь на достигнутом! Удачного выполнения!	CHANGE	Испытания необязательны и не дают материальных наград. Это лишь идеи того, что можно сделать в $(thing)Ботании$(0). Выполненные испытания нужно отмечать вручную.$(p)Помните: в $(thing)Minecraft$(0) вас ограничивает только воображение, так что не останавливайтесь на этих идеях!	Текст стал короче, точнее и естественнее.	376	249	0.662
patchouli-lang:botania:botania.page.clayconia0	sha256:46d52a93dc0a30a213142c701f1e68b77dea4bac09eed732e49be0c773b01384	The $(item)Clayconia$(0) is a simple flower. All it does is moisten nearby $(item)Sand$(0), turning it into pellets of $(item)Clay$(0). This process uses a decent amount of $(thing)Mana$(0), but won't break the bank (or pool, as it were).	$(item)Глинарцисс$(0), по сути, очень простой цветок. Всё что он делает - это превращает $(item)Песок$(0) в $(item)Глину$(0). Этот процесс использует приличное количество $(thing)Маны$(0), но не слишком сумасшедшее.	PASS		Текст читается естественно, ясно и соответствует английскому источнику.	170		
patchouli-lang:botania:botania.page.clayconia1	sha256:323aa8098a07fe65671353015a4991efd58ffa2b8068c4e0237872e700bdb359	$(o)What a killer joke$().	$(o)Какая убийственная шутка$(0).	PASS		Текст читается естественно, ясно и соответствует английскому источнику.	25		
patchouli-lang:botania:botania.page.clip0	sha256:c83a67773f5eb5af5a71fc693e5eabba3a360889bdf86f8b5675b10aaa8bce28	While a formidable and versatile tool, the $(l:tools/mana_blaster)$(item)Mana Blaster$(0)$(/l)'s greatest downfall is its lack of an ability to hot-swap $(l:mana/lens)$(item)Lenses$(0)$(/l). But no more. The $(item)Lens Clip$(0) will attach to a $(l:tools/mana_blaster)$(item)Mana Blaster$(0)$(/l) in a crafting grid and allow it to store up to 6 lenses rather than just one.$(p)After all, Russian Roulette's just not the same without a gun...	В то время как грозный и универсальный инструмент, наибольший недостаток $(item)Излучателя маны$(0) - отсутствие способности хранить больше одного $(item)Линзы$(0) сразу. Уже нет. $(item)Зажим для линз$(0) будет прикрепляться к $(item)Излучателю маны$(0) в сетке крафта и позволит ему хранить до 6 линз, а не только одну. $(p)Как говорится, русская рулетка не отличается от ружья ...	CHANGE	Главный недостаток грозного и универсального $(l:tools/mana_blaster)$(item)Излучателя маны$(0)$(/l) — невозможность быстро менять $(l:mana/lens)$(item)Линзы$(0)$(/l). Теперь это решено: $(item)Зажим для линз$(0) крепится к $(l:tools/mana_blaster)$(item)Излучателю маны$(0)$(/l) на верстаке и позволяет хранить до 6 линз вместо одной.$(p)В конце концов, русская рулетка без оружия уже не та…	Убраны кальки и восстановлены ссылки.	335	267	0.797
patchouli-lang:botania:botania.page.clip1	sha256:797159821ef450526a418ce8edf2a7adeb8a00214a8c516cec3dc678552c285b	Adding and removing $(l:mana/lens)$(item)Lenses$(0)$(/l) works just as before; the lens is added or removed in the slot that the clip is currently on.$(p)To change this slot (and therefore the selected lens), simply sneak-right click the $(l:tools/mana_blaster)$(item)Mana Blaster$(0)$(/l) in the air.	Добавление и удаление $(item)Линз$(0) работает так же, как и ранее, с одной деталью. Линза будет добавлена или удалена в слот, в который в данный момент входит клип.$(p)Чтобы изменить этот слот, просто сдвиньте правую кнопку мыши и нажмите по $(item)Излучателю маны$(0) в воздухе. Это также изменит выбранный объектив, если в нем находится один.	CHANGE	Добавлять и снимать $(l:mana/lens)$(item)Линзы$(0)$(/l) можно как прежде: линза попадает в слот, выбранный зажимом.$(p)Чтобы сменить слот и выбранную линзу, присядьте и нажмите ПКМ $(l:tools/mana_blaster)$(item)Излучателем маны$(0)$(/l) в воздухе.	Убраны кальки и грамматические ошибки; восстановлены смысл и разметка английского источника.	319	174	0.545
patchouli-lang:botania:botania.page.clip2	sha256:e1312caf90b672623fc05a1a9475a4644e114198e0ea096a612e4f8e47d505ea	An expansion of blasting	Поскольку мы получили 4 ребенка, мы должны обойтись без одного	CHANGE	Больше огневой мощи	Убраны кальки и грамматические ошибки; восстановлены смысл и разметка английского источника.	62	19	0.306
patchouli-lang:botania:botania.page.cloudPendant0	sha256:72a71d68509d5c9df3fbef1439f460f74632d67f2c458b0152e01932750e9341	The $(item)Cirrus Amulet$(0) is a $(thing)Trinket$(0) that can be worn in the $(thing)Amulet$(0) slot.$(p)Its wearer is granted the ability to $(thing)double-jump$(0)-- the second jump negating all vertical momentum (and thus damage) from falling.	$(item)Амулет перистого облака$(0) - это безделушка, которую можно носить в слоте $(thing)амулета$(0).$(p)При ношении даёт возможность $(thing)двойного прыжка$(0). Второй прыжок убирает урон от падения.	PASS		Текст читается естественно, ясно и соответствует английскому источнику.	163		
patchouli-lang:botania:botania.page.cloudPendant1	sha256:676713069ba87b0dc1d487cab3f6e0493e8705c545c09ae24435d68376025b2a	It's all in the cloud	Это всё в облаке	PASS		Текст читается естественно, ясно и соответствует английскому источнику.	16		
patchouli-lang:botania:botania.page.cobbleRod0	sha256:c977f6bb813ef1a98ee4c87f50a17d0a39a49a9eac4ac340febdfba5754c90d2	The $(item)Rod of the Depths$(0) is a more geological variant to the $(l:tools/dirt_rod)$(item)Rod of the Lands$(0)$(/l); it does exactly the same thing, but with $(item)Cobblestone$(0) and for a slightly higher price.$(p)For that same $(thing)Mana$(0) cost, this item can provide $(item)Cobblestone$(0) to the $(l:tools/exchange_rod)$(item)Rod of the Shifting Crust$(0)$(/l).	$(item)Жезл глубин$(0) действует в значительной степени как вариант для $(item)Жезла Земель$(0). Он делает то же самое, но с $(item)Булыжником$(0) с более высокой цены. $(p)Для той же стоимостью $(thing)Маны$(0) стоимость, этот предмет может предоставить $(item)Булыжник$(0) для $(item)Жезла обмена$(0).	CHANGE	$(item)Жезл глубин$(0) — геологический вариант $(l:tools/dirt_rod)$(item)Жезла Земель$(0)$(/l): он делает то же самое, но создаёт $(item)Булыжник$(0) и тратит чуть больше маны.$(p)За ту же цену $(thing)Маны$(0) он может снабжать $(item)Булыжником$(0) $(l:tools/exchange_rod)$(item)Жезл Обмена$(0)$(/l).	Убраны кальки и грамматические ошибки; восстановлены смысл и разметка английского источника.	232	179	0.772
patchouli-lang:botania:botania.page.cobbleRod1	sha256:8b5a83fb405e2641770219b1b07c9232fc9a0bb227a1a2498689a50f389e09a1	It's cobbling time	Это время булыжника...	PASS		Текст читается естественно, ясно и соответствует английскому источнику.	22		
patchouli-lang:botania:botania.page.cocoon0	sha256:84ee6ed54da42d03fc5c8dd28a0972a7a0d5e613a17ff3506cca9aa84534cb8c	A cocoon is a symbol of change, of evolution.$(p)A $(item)Cocoon of Caprice$(0), when placed, will slowly evolve the rudimentary bits of life inside into a $(thing)Baby Animal$(0). More often than not, the cocoon will hatch into a farm animal, but on rare occasions, different animals such as $(thing)Wolves$(0) or $(thing)Horses$(0) can be created.	Кокон, как правило, является символом изменения, эволюции. $(p)Создание $(item)Кокона жизни$(0) и его размещение медленно изменят рудиментарное содержимое внутри него в $(item)Детенышей животных$(0). Чаще всего животное, вылупившееся, будет фермерским животным, но при редких окасионах могут быть созданы различные животные, такие как $(item)Волки$(0) или $(item)Лошади$(0).	CHANGE	Кокон — символ перемен и развития.$(p)Установленный $(item)Кокон жизни$(0) медленно развивает зачатки жизни внутри в $(thing)Детёныша животного$(0). Обычно из него появляется сельскохозяйственное животное, но иногда это может быть $(thing)Волк$(0) или $(thing)Лошадь$(0).	Убраны канцелярит и несуществующее слово.	326	220	0.675
patchouli-lang:botania:botania.page.cocoon1	sha256:d43cfea4eabbede8dc71c00eacaa58fa11758d19ec8f3e4a5dde20bfab2f2587	A cocoon near water seems to create aquatic animals instead.$(p)Rumor has it that giving a cocoon $(item)Emeralds$(0), $(item)Chorus Fruit$(0), or a certain $(l:alfhomancy/gaia_ritual)$(item)otherworldly essence$(0)$(/l) will influence its outcome towards something... different. What such experiments would yield is anyone's guess, really.$(p)(Giving a cocoon an item can be done via right-click or by simply tossing the item.)	Спекуляция говорит о том, что предоставление кокону $(item)Изумруда$(0) влияет на результат по сравнению с чем-то другим. $(p)Что может получиться из такого эксперимента, на самом деле вы догадываетесь.	PASS		Текст читается естественно, ясно и соответствует английскому источнику.	187		
patchouli-lang:botania:botania.page.cocoon2	sha256:977ee158f9355896ba532da469caaf5b4d0512dbb433ff2f263b5a14c49d65cb	New World, Perfect World	Новый мир, идеальный мир	PASS		Текст читается естественно, ясно и соответствует английскому источнику.	24		
patchouli-lang:botania:botania.page.complexBrews0	sha256:71174411afe39e0a1a66acec53d7819585af6028b1653773dbad3a8723d87df5	Sometimes your run-of-the-mill $(item)Brews$(0) that just mimic your standard $(item)Potions$(0) just won't cut it. Thus, there're also some complex brews; these either apply a combination of effects or new, beneficial effects altogether.	Помимо стандартных, $(item)Варева$(0), которые не переходят от подражания $(item)Зелий$(0),которые могут быть сделаны в $(item)Ботанической варочной стойке$(0). Также есть еще несколько сложных варев, которые в целом сочетают или новые,или полезные эффекты.	PASS		Текст читается естественно, ясно и соответствует английскому источнику.	224		
patchouli-lang:botania:botania.page.complexBrews1a	sha256:d9bc330bdce2f8ce80db2b229481e849a80b999a22aad7667b8ede2a0984a9cf	A brew that applies both positive and negative effects. Taking it leaves the affected individual empowered, but also vulnerable.	Варево, которое применяет как положительные, так и отрицательные эффекты. Принимая его, человек попадает в состояние власти, но также и уязвимости.	PASS		Текст читается естественно, ясно и соответствует английскому источнику.	147		
patchouli-lang:botania:botania.page.complexBrews2a	sha256:29e5179546721cbc8448873229fb0c87605efdcbf26d0b57806e78ed1e1453bd	Anyone under this brew's effects will regain HP upon the slaying of any other creature.	Сущность, затронутая этим эффектом пива, вернет HP всякий раз, когда убивает любое другое существо.	CHANGE	Любой под эффектом этого отвара восстанавливает своё здоровье всякий раз, как убивает любое другое существо.	Убраны кальки и тяжёлые обороты; термины и разметка Original сохранены.	99	108	1.091
patchouli-lang:botania:botania.page.complexBrews3a	sha256:b8fecd537806d53b49c518d33a367b45a278142d0bb0c5c7c8b3d3057039c783	Anyone under this brew's effects will be completely immune to any fall damage.	Сущность, затронутая этим эффектом пива, будет абсолютно невосприимчива к любому ущербу от падения.	CHANGE	Любой под эффектом этого отвара абсолютно невосприимчив к любому урону от падения.	Убраны кальки и тяжёлые обороты; термины и разметка Original сохранены.	99	82	0.828
patchouli-lang:botania:botania.page.complexBrews4a	sha256:817df44b5394bef4d24db0b7e49ef69191e7ad9d76cac72f26606e5f5aa42c4c	This brew casts an aura of emptiness around its drinker. In a 128-block radius, no mobs will spawn naturally.	Этот напиток создает ауру пустоты вокруг своего потребителя. В радиусе 128 блоков мобы не будут естественным образом спаунится.	PASS		Текст читается естественно, ясно и соответствует английскому источнику.	127		
patchouli-lang:botania:botania.page.complexBrews5a	sha256:c54631db7befe66bdf99b52a13791d51fd348645544f28b3acbd7ced46fc5fc8	This brew casts an aura of bloodthirstiness around its drinker. In a 64-block radius, mobs will spawn regardless of lighting or other conditions. This won't work if the drinker is under $(item)Emptiness$(0).	Этот напиток создает ауру кровожадности вокруг своего потребителя. В радиусе 64 блоков мобам разрешается появляться независимо от света или других условий. Это не будет работать с эффектом $(item)Покоя$(0).	CHANGE	Отвар создаёт вокруг выпившего ауру кровожадности. В радиусе 64 блоков мобы будут появляться независимо от уровня света и других условий. Не работает, если выпивший находится под действием $(item)Покоя$(0).	Убраны кальки и тяжёлые обороты; термины и разметка Original сохранены.	195	195	1.000
patchouli-lang:botania:botania.page.complexBrews6a	sha256:a80bb7a7e6397e4a66cc1c281b134bfc682b6b9a95d03baf6187084f5988b919	A player under this brew's effects will have much higher proficiency at fishing and will catch fish and other loot twice as fast.	Игрок, затронутый этим эффектом пива, будет обладать гораздо более высоким навыком при рыбалке и будет ловить рыбу и другую добычу в два раза быстрее.	PASS		Текст читается естественно, ясно и соответствует английскому источнику.	150		
patchouli-lang:botania:botania.page.complexBrews7a	sha256:a412610f42e48322be0482ba994d1d8c55cb8bdb5c62464676c9760cbc549738	This brew, when quaffed, will clear all potion effects on a player (negative or otherwise).	Когда выпиваете, этот варево очищает все эффекты зелья на игроке, отрицательные или другие.	PASS		Текст читается естественно, ясно и соответствует английскому источнику.	91		
patchouli-lang:botania:botania.page.corporea0	sha256:67b53cc14fd03f12376d27266e176260036e0a47e3370f0c1d7662035b5c311d	The $(thing)Corporea$(0) system uses the energy of the $(thing)End$(0), and the void between worlds, to transport items from point A to point B instantly without intervening blocks.$(p)The system, at its core, uses variant $(l:mana/sparks)$(item)Sparks$(0)$(/l) (called $(item)Corporea Sparks$(0)) that transport items instead of $(thing)Mana$(0).	$(thing)Корпорея$(0) - система, которая использует энергию $(thing)Края$(0), и пустоту между мирами, чтобы мгновенно транспортировать предметы из точки А в точку Б, минуя промежуточные блоки.$(p)Система в своей основе использует различные $(l:mana/sparks)$(item)Искры$(0)$(/l) (называемые $(item)Искрами Хранилища$(0)), которые переносят предметы вместо $(thing)Маны$(0).	CHANGE	Система $(thing)Корпорея$(0) использует энергию $(thing)Энда$(0) и пустоту между мирами, чтобы мгновенно переносить предметы из одной точки в другую без промежуточных блоков.$(p)В её основе лежат особые $(l:mana/sparks)$(item)Искры$(0)$(/l) — $(item)Искры Хранилища$(0), которые переносят предметы вместо $(thing)Маны$(0).	Убраны кальки и исправлены термины измерения.	288	239	0.830
patchouli-lang:botania:botania.page.corporea1	sha256:b4ac707c54d01b9c34804332b414d22fe11b1d398f344e90e90c29e052035bd0	A few things to know: $(item)Corporea Sparks$(0) are placed over $(thing)Inventories$(0) (like a $(item)Chest$(0) or $(item)Dispenser$(0)), as opposed to $(thing)Mana Containers$(0). There are $(o)two$() types of $(item)Corporea Sparks$(0): the plain old $(item)Corporea Spark$(0), and the $(item)Master Corporea Spark$(0). These Sparks work in networks: each $(thing)Corporea Network$(0) needs one $(item)Master Corporea Spark$(0), but $(o)any$() spark can communicate with any other in the network.	Некоторые важные моменты: $(item)Искры Хранилища$(0) размещаются над $(thing)Инвентарями$(0) (такими как $(item)Сундук$(0) или $(item)Раздатчик$(0)), а не над $(thing)Контейнерами маны$(0). Существует $(o)два$() типа $(item)Искр Хранилища$(0): обычная $(item)Искра Хранилища$(0) и $(item)Главная Искра Корпореи$(0). Эти Искры работают в сетях: каждая $(thing)Сеть Хранилища$(0) требует одну $(item)Главную Искру Корпореи$(0), но $(o)любая$() Искра может взаимодействовать с любой другой в сети.	PASS		Текст читается естественно, ясно и соответствует английскому источнику.	367		
patchouli-lang:botania:botania.page.corporea2	sha256:16f3cf1dfa5021fd3272fa656760714e5edd261f89927b28b7f9161e7a79f479	When a $(item)Corporea Spark$(0) is placed or right-clicked, each spark in the network will connect (or reconnect) to nearby sparks, adding them to the network (as long as a $(item)Master Corporea Spark$(0) is somewhere in the network). While each individual spark's connection range is only around eight blocks, the entire spark network can go for a virtually infinite distance.	Когда $(item)Искра Хранилища$(0) размещается или по ней кликают правой кнопкой мыши, каждая искра в сети подключается (или переподключается) к ближайшим искрам, добавляя их в сеть (при условии, что где-то в сети есть $(item)Главная Искра Хранилища$(0)). Хотя диапазон подключения каждой отдельной искры составляет всего около восьми блоков, общая сеть искр может простираться на практически бесконечное расстояние.	PASS		Текст читается естественно, ясно и соответствует английскому источнику.	392		
patchouli-lang:botania:botania.page.corporea3	sha256:1b5aa5120923e7bf50470ce6c848e3b42756bba442bf199c66930eb61e231374	A $(item)Corporea Spark$(0) can see the inventory directly beneath it, but can only access items from its top side. Each $(item)Corporea Spark$(0) can see the items of every other spark in the network, and certain blocks can use their Sparks to request items from the network.	$(item)Искра Хранилища$(0) может видеть инвентарь непосредственно под ней, но может получить доступ к предметам только с верхней стороны. Каждая $(item)Искра Хранилища$(0) видит предметы всех остальных искр в сети, и определенные блоки могут использовать свои Искры для запроса предметов из сети.	PASS		Текст читается естественно, ясно и соответствует английскому источнику.	274		
patchouli-lang:botania:botania.page.corporea4	sha256:0a50c78d7f743adb56795f66976508b95fc80a238491afe63e80774e4b189a2e	The $(item)Master Corporea Spark$(0), unfortunately, is too busy managing the network to see its own inventory.$(p)Furthermore, $(item)Corporea Sparks$(0) can't push items $(o)into$() their respective inventories; those should be added through means like $(item)Hoppers$(0).	$(item)Главная Искра Хранилища$(0), к сожалению, слишком занята управлением сетью, чтобы видеть свой собственный инвентарь.$(p)Более того, $(item)Искры Хранилища$(0) не могут перемещать предметы $(o)в$() свои соответствующие инвентарии; для этого следует использовать такие средства, как $(item)Воронки$(0).	PASS		Текст читается естественно, ясно и соответствует английскому источнику.	263		
patchouli-lang:botania:botania.page.corporea5	sha256:c53c071776f2d808d336a037cf7544bfb3490110e38da67cee0edf2d34840c74	Like normal $(l:mana/sparks)$(item)Sparks$(0)$(/l), $(item)Corporea Sparks$(0) can be dyed with $(item)Dye$(0); the little star icon floating around the spark shows its current color. $(item)Corporea Sparks$(0) of different colors won't interact. Thus, multiple independent Networks can be in an area without interacting.	Как и обычные $(l:mana/sparks)$(item)Искры$(0)$(/l), $(item)Искры Хранилища$(0) можно окрашивать с помощью $(item)Красителя$(0); маленькая звездочка, парящая вокруг искры, показывает ее текущий цвет. $(item)Искры Хранилища$(0) разных цветов не будут взаимодействовать друг с другом. Таким образом, несколько независимых сетей могут находиться в одной области, не взаимодействуя.	PASS		Текст читается естественно, ясно и соответствует английскому источнику.	313		
patchouli-lang:botania:botania.page.corporea6	sha256:5bc8f8175903c7dc2b947892d85ad8199a0709ee0328ff59dc2bd894a2ccb5d7	Visualizing a Network and removing a spark from a container are performed the same way they are on ordinary $(l:mana/sparks)$(item)Sparks$(0)$(/l).$(p)Note that having two $(item)Master Corporea Sparks$(0) in the same network is a bad idea and can cause $(o)undefined behavior$().	Визуализация сети и снятие искры с контейнера выполняются так же, как и на обычных $(l:mana/sparks)$(item)Искрах$(0)$(/l).$(p)Обратите внимание, что наличие двух $(item)Главных Искр Хранилища$(0) в одной и той же сети — плохая идея, это может привести к $(o)неопределенному поведению$().	PASS		Текст читается естественно, ясно и соответствует английскому источнику.	233		
patchouli-lang:botania:botania.page.corporea7	sha256:0013e932fba011099cd9b8e17698ae8d9166bea23ff3583c05150eb2b2c99b4e	A spark of ingenuity	Искра изобретательности	PASS		Текст читается естественно, ясно и соответствует английскому источнику.	23		
patchouli-lang:botania:botania.page.corporea8	sha256:03d7fd1698666b2a9b9497bc0d53beed5e8f49db28124283d55bb25ce5bb6984	Love-colored	Цвет любви	PASS		Текст читается естественно, ясно и соответствует английскому источнику.	10		
patchouli-lang:botania:botania.page.corporeaBlock0	sha256:165e5db0e81470ef6fe4532efb1f9d7238062652efbc1446617b78e276f07db8	Ordinary $(thing)Livingrock Bricks$(0) can be combined with a $(thing)Corporea Spark$(0) to produce some decorative blocks. These blocks, besides their uses for decoration, have the unique property that they can support $(thing)Corporea Sparks$(0) above themselves, even though they have no inventory. Thus, they can be used as a cheap, lag-free way to extend your $(thing)Corporea$(0) networks over long distances.	Обычные $(thing)Кирпичи из жизнекамня$(0) можно объединить с $(thing)Искрой Хранилища$(0), чтобы создать декоративные блоки. Эти блоки, помимо украшения, обладают уникальным свойством: они могут поддерживать $(thing)Искры Хранилища$(0) над собой, даже не имея инвентаря. Таким образом, они могут использоваться как дешевый и безлаговый способ расширения вашей сети $(thing)Хранилища$(0) на большие расстояния.	PASS		Текст читается естественно, ясно и соответствует английскому источнику.	361		
patchouli-lang:botania:botania.page.corporeaBlock1	sha256:adb1f8aff31a55fb748d8fb39414d2326125186f769453791f57bab627b0f4b5	Incorporeal	Бестелесный	PASS		Текст читается естественно, ясно и соответствует английскому источнику.	11		
patchouli-lang:botania:botania.page.corporeaCrystalCube0	sha256:0cfc04f9a2c211c840fd4047309941fb430b372bcbbb45c347cab60424669900	A seer usually looks through a crystal ball to see the future. Well, a Corporea handler can look through a crystal $(o)cube$() to see the $(o)present$(). The $(item)Corporea Crystal Cube$(0) is a visual medium for interacting with a $(thing)Corporea Network$(0).	Обычно ясновидящий смотрит в хрустальный шар, чтобы увидеть будущее. Ну а заведующий Хранилищем может заглянуть в кристаллический $(o)куб$(), чтобы увидеть $(o)настоящее$(). $(item)Кристаллический куб Хранилищем$(0) является визуальным средством для взаимодействия с $(thing)Сетью Хранилища$(0).	PASS		Текст читается естественно, ясно и соответствует английскому источнику.	258		
patchouli-lang:botania:botania.page.corporeaCrystalCube1	sha256:92936ef221b552835a7a665969e864fdbbbd413c979e94ef007ef107604700c6	When the block is given a spark, right-clicking it with an item will make it display how many of that item exist in its spark's network. The display updates itself about once every second.$(p)Punching a Cube will request one of its current item from the network, and sneak-punching it will request a whole stack.	Когда блок получает искру, щелчок правой кнопкой мыши с предметом в руке заставит его показать, сколько этого предмета находится в сети его искры. Отображение обновляется примерно раз в секунду.$(p)Удар по Кубу запросит один текущий предмет из сети, а удар с зажатой клавишей Shift запросит целый стак.	PASS		Текст читается естественно, ясно и соответствует английскому источнику.	298		
patchouli-lang:botania:botania.page.corporeaCrystalCube2	sha256:428634975a7f1856e547f55c52764f9f27fa0a70d8c11aa957a28e4c407da834	I can see forever	Я вижу всё	PASS		Текст читается естественно, ясно и соответствует английскому источнику.	10		
patchouli-lang:botania:botania.page.corporeaCrystalCube3	sha256:22b9699cfaf2efe5b2384c2d52f8d231be5dad80631fb30604d789e99b21caec	A $(item)Redstone Comparator$(0) attached to a cube will read the magnitude of the number of items it can find, logarithmically: that is, doubling the items in the network will increase the Comparator's output by one. If the Cube can find no items, the Comparator outputs signal strength 0; 1 item yields strength 1; 2 items for strength 2; 4 for 3; 8 for 4; 16 for 5; and so on, up to an whopping 16384 items needed to output signal strength 15.	$(item)Редстоуновый Компаратор$(0), прикрепленный к Кубу, будет считывать количество предметов, которые он может найти, логарифмически: то есть удвоение количества предметов в сети увеличивает выходной сигнал Компаратора на единицу. Если Куб не может найти предметы, Компаратор выдаст сигнал силы 0; 1 предмет дает силу 1; 2 предмета — силу 2; 4 предмета — силу 3; 8 — силу 4; 16 — силу 5 и так далее, до внушительных 16384 предметов, дающих сигнал силы 15.	PASS		Текст читается естественно, ясно и соответствует английскому источнику.	446		
patchouli-lang:botania:botania.page.corporeaCrystalCube4	sha256:4381f28a7de4aeb2c9ba453de2df8ed2237f98fa859035099c961ac1d15a398d	Sneak-right clicking a $(item)Corporea Crystal Cube$(0) with a $(l:basics/wand)$(item)Wand of the Forest$(0)$(/l) locks or unlocks it. When locked, a Cube's monitored item can't be changed (just in case someone right-clicks it on accident).	Щелчок правой кнопкой мыши с зажатым Shift по $(item)Кристаллическому кубу Хранилища$(0) $(l:basics/wand)$(item)Посохом Леса$(0)$(/l) заблокирует или разблокирует его. Когда Куб заблокирован, отслеживаемый им предмет не может быть изменен (на случай, если кто-то случайно щелкнет по нему правой кнопкой мыши).	PASS		Текст читается естественно, ясно и соответствует английскому источнику.	266		
patchouli-lang:botania:botania.page.corporeaFunnel0	sha256:6954eb8ded1bb347822bd37f61b22ec24260a14aa4031c1e98338a909af4f5a7	A block that uses the $(thing)Corporea Network$(0) more simply than the Index is the $(item)Corporea Funnel$(0). When given a redstone signal, it'll request an item from the network of the $(l:ender/corporea)$(item)Corporea Spark$(0)$(/l) above it.$(p)Said item will be pushed into an inventory a block or two below the funnel, or just dropped into the world above the Funnel if no such inventory is available.	Блок, который использует $(thing)Сеть Хранилища$(0) и проще, чем Индекс - $(item)Воронка Хранилища$(0). При получении сигнала редстоуна она запросит предмет из сети $(l:ender/corporea)$(item)Искры Хранилища$(0)$(/l) над ним.$(p)Запрошенный предмет будет отправлен в инвентарь на блок или два ниже воронки или будет выбрасываться над воронкой, если подходящего инвентаря нет.	PASS		Текст читается естественно, ясно и соответствует английскому источнику.	312		
patchouli-lang:botania:botania.page.corporeaFunnel1	sha256:853c78812e35e4d992b4a0299cd8ed5477b5f0728f9b80e52c1bd0226ec640ab	To tell the $(item)Corporea Funnel$(0) what to request, place the item in an $(item)Item Frame$(0) on the block; if more than one $(item)Item Frame$(0) is on the block, the $(item)Corporea Funnel$(0) will pick one at random.$(p)Rotating the item in the frame will change the request quantity; at default rotation the funnel will request one item, and rotations will respectively make the funnel request 2, 4, 8, 16, 32, 48, and 64 items.	Чтобы указать $(item)Воронке Хранилища$(0), что запрашивать, поместите предмет в $(item)Рамку$(0) на блоке; если на блоке установлено несколько $(item)Рамок$(0), $(item)Воронка Хранилища$(0) выберет одну случайным образом.$(p)Поворачивая предмет в рамке, можно изменить количество запрашиваемого предмета; при стандартной ориентации воронка запросит один предмет, а повороты соответственно увеличат запрос до 2, 4, 8, 16, 32, 48 и 64 предметов.	PASS		Текст читается естественно, ясно и соответствует английскому источнику.	396		
patchouli-lang:botania:botania.page.corporeaFunnel2	sha256:5408459b89bcca5ad7cbb5e2980e11e1fc62bebc44bdb304611437b358c352c3	Energistically applied	Применяется энергетически	PASS		Текст читается естественно, ясно и соответствует английскому источнику.	25		
patchouli-lang:botania:botania.page.corporeaIndex0	sha256:ac125f3124ea513a2802c60313ccbff75fd1f8bf023f5fc53ca3683f8a5e1bff	One of the most convenient applications of a $(thing)Corporea Network$(0) is that items can be requested verbally by name. The $(item)Corporea Index$(0) is an $(item)Ender Crystal$(0)-like block that interfaces with the $(thing)Corporea Network$(0) that its $(l:ender/corporea)$(item)Corporea Spark$(0)$(/l) is connected to.$(p)Approaching one of these will activate it; it shows its radius of effect when active.	Одно из самых удобных применений $(thing)Сети Хранилища$(0) — возможность запрашивать предметы устно, называя их по имени. $(item)Индекс Хранилища$(0) — это блок, похожий на $(item)Эндер Кристалл$(0), который взаимодействует с $(thing)Сетью Хранилища$(0), к которой подключена его $(l:ender/corporea)$(item)Искра Хранилища$(0)$(/l).$(p)При приближении к нему он активируется и показывает радиус своего действия.	PASS		Текст читается естественно, ясно и соответствует английскому источнику.	326		
patchouli-lang:botania:botania.page.corporeaIndex1	sha256:efde667481d3ef990f351772f86b9b626f9ce95ecb14584a3375238dd1958cf2	"While activated, the index will intercept $(thing)Chat Messages$(0) from nearby players, processing them into $(thing)requests$(0) and preventing them from being broadcasted to chat. Each request will attempt to pull from the network items whose names match the chat message; for example, saying ""iron ingot"" will make the Index search the network for a single $(item)Iron Ingot$(0) and, if found, manifest it as a dropped item."	"Во время активации Индекс будет перехватывать $(thing)Сообщения в чате$(0) от ближайших игроков, обрабатывая их в $(thing)запросы$(0) и предотвращая их трансляцию в чат. Каждый запрос попытается извлечь из сети предметы, чьи названия совпадают с сообщением в чате; например, сказав ""слиток железа"", Индекс будет искать в сети один $(item)слиток железа$(0) и, если найдет, проявит его как выпавший предмет."	PASS		Текст читается естественно, ясно и соответствует английскому источнику.	370		
patchouli-lang:botania:botania.page.corporeaIndex2	sha256:392cf7814fe66acff85e56216d57d269c46233e8375e36ef6479b6a89089667e	"Requests can be quantified: for example, requesting ""10 apples"" will pull up to 10 $(item)Apples$(0) at once. The word ""this"" will be interpreted as the item currently in the user's hand. Prepending or appending any of ""..."", ""~"", ""+"" or ""?"" to a query will request items whose names $(o)contain$() the query instead: for example, ""iron..."" could return any item with ""iron"" in its name."	"Запросы можно количественно уточнять: например, запрос ""10 яблоко"" извлечет до 10 $(item)Яблок$(0) сразу. Слово ""this"" будет интерпретироваться как предмет, который в данный момент находится в руке пользователя. Добавление или вставка любого из символов ""..."", ""~"", ""+"" или ""?"" к запросу будет искать предметы, чьи названия $(o)содержат$() запрос; например, ""железо..."" может вернуть любой предмет с ""железо"" в названии."	PASS		Текст читается естественно, ясно и соответствует английскому источнику.	402		
patchouli-lang:botania:botania.page.corporeaIndex3	sha256:fa2b63e74715306e9ef54b691385dda4d7350f756ab28d549857620c99925a75	"A ""*"" anywhere in the string represents any number of characters; for example, querying for ""Nethe*ck"" could return some $(item)Netherrack$(0), a $(item)Nether Brick$(0), or even an item renamed ""Netheck"".$(p)Note that requesting ""*iron*"" is equivalent to requesting ""iron..."", and that requesting ""*"" could return anything."	"Символ ""*"" в любой части строки представляет любое количество символов; например, запрос ""Незе*к"" может вернуть $(item)Незерак$(0), $(item)Незеритовый блок$(0) или даже предмет, переименованный в ""Незек"".$(p)Учтите, что запрос ""*железо*"" эквивалентен запросу ""железо..."", а запрос ""*"" может вернуть что угодно."	PASS		Текст читается естественно, ясно и соответствует английскому источнику.	284		
patchouli-lang:botania:botania.page.corporeaIndex4	sha256:936734e0da03ae938e891a59c782fba386f6d539b6e6568578d33fb9061ba9bc	"The Index can only understand simple plurals (those suffixed by ""-s"", ""-es"" or ""-ies""), but will accept the singular even when requesting multiple items (it'll understand ""10 apple"" properly).$(p)""10 of this"" requests 10 items whose names match the held item's, as one might expect."	"Индекс понимает только простые формы множественного числа (оканчивающиеся на ""-s"", ""-es"" или ""-ies""), но примет и единственное число, даже если запрашивается несколько предметов (он правильно поймет запрос ""10 яблоко"").$(p)""10 this"" запросит 10 предметов с именем, совпадающим с названием предмета в руке, как и ожидалось.$(p)(П.п.: предполагалось написание «10 apples», но на русском это выглядело бы как «10 яблокоs»)"	PASS		Текст читается естественно, ясно и соответствует английскому источнику.	411		
patchouli-lang:botania:botania.page.corporeaIndex5	sha256:d70d46a5548996f6850d0d4f3ea1bc182141742418c4aaeeb0e4418d89e52d88	"Quantifiers on plurals are possible: any of ""a stack of apples"", ""2 stacks of apples"", ""2 stacks and 20 apples"", ""half a stack of apples"", or ""a dozen apples"" will be understood.$(p)The index can handle requests of varying verbosity; ""2x stacks and 20x of apples"", ""2 stack 2 apple"", and ""2 stacks + 2 apples"" are all processed the same way."	"Возможно использование количественных показателей с множественным числом: запросы вида ""a stack of яблоко"", ""2 stacks of яблоко"", ""2 stacks and 20 яблоко"", ""half a stack of яблоко"", или ""a dozen яблоко"" будут поняты.$(p)Индекс понимает запросы с разной степенью подробности; например; ""2x stacks and 20x of яблоко"", ""2 stack 2 яблоко"", и ""2 stacks + 2 яблоко"" будут обработаны одинаково."	PASS		Текст читается естественно, ясно и соответствует английскому источнику.	383		
patchouli-lang:botania:botania.page.corporeaIndex6	sha256:3c5707e0ecc1132e54e686466c2cff6a9ab4739e5b6e2fcac70c3b0552a08d38	"The words ""all"" or ""every"" request every single item in the network matching the given criteria; for example, ""all apples"" will retrieve every single apple (as well as every item renamed to ""apple"") in the network.$(p)The words ""count"", ""show"", ""display"" and ""tell"" won't retrieve any items, but will count them for the requester's convenience."	"Слова ""all"" или ""every"" запросят все предметы в сети, соответствующие указанным критериям; например, запрос ""all яблоко"" извлечет все яблоки (и все предметы, переименованные в ""яблоко"") из сети.$(p)Слова ""count"", ""show"", ""display"" и ""tell"" не извлекут предметы, но посчитают их для удобства запрашивающего."	PASS		Текст читается естественно, ясно и соответствует английскому источнику.	302		
patchouli-lang:botania:botania.page.corporeaIndex7	sha256:53d2d9b8c8efa02dfa06f7217168fb066e9f2687dd2b8eb204df5926d57129fa	When next to a $(item)Corporea Index$(0) and viewing an inventory (or a recipe), pressing [$(k:botania_corporea_request)] while hovering over an item will request a copy of that item.$(p)Holding SHIFT while doing so will request a full stack of the item, holding CTRL will request half a stack, and holding both will request a quarter-stack.	Находясь рядом с $(item)Индексом Хранилища$(0) и просматривая инвентарь (или рецепт), нажатие [$(k:botania_corporea_request)] при наведении на предмет запросит его копию.$(p)Удерживание SHIFT при этом запросит полный стак предмета, удерживание CTRL — половину стака, а удерживание обеих клавиш — четверть стака.	PASS		Текст читается естественно, ясно и соответствует английскому источнику.	267		
patchouli-lang:botania:botania.page.corporeaIndex8	sha256:89749b1df443c2941df1f7d74ff771c7b70b3e3b7965430f4005746ff06598b3	A certain magical one at that	Некий магиечский, к тому же	CHANGE	К тому же магический	Исправлена неестественная формулировка или языковая ошибка; смысл и разметка сохранены.	27	20	0.741
patchouli-lang:botania:botania.page.corporeaInterceptor0	sha256:3146c9485d56ab20e619a59187b82d45bbd599d6b773973bc6fda64726457aca	The $(item)Corporea Interceptor$(0) does exactly as its name suggests: it intercepts unfulfillable Corporea requests. Items in $(item)Item Frames$(0) attached to the block will filter the requests it'll intercept, similar to a $(l:functional_flowers/hopperhock)$(item)Hopperhock$(0)$(/l). If there are none, or they are all empty, it will intercept any unfulfilled request.	$(item)Перехватчик Хранилища$(0) делает именно то, что предполагает его название: он перехватывает неудовлетворенные запросы Хранилища. Предметы в $(item)Рамках$(0), прикрепленных к блоку, будут фильтровать запросы, которые он будет перехватывать. Если рамок нет или все они пусты, он перехватит любой неудовлетворенный запрос.	PASS		Текст читается естественно, ясно и соответствует английскому источнику.	305		
patchouli-lang:botania:botania.page.corporeaInterceptor1	sha256:e6ddebb5b8b2abf35d7b386f1704621ca6a6f1910de2ff8bac45866fc56364ef	When a request is made for an item that the network can't provide, but that matches the Interceptor's filter, the Interceptor will trigger and emit a short redstone pulse. This can be used to do all sorts of things: for example, craft the requisite item with a $(l:devices/craft_crate)$(item)Crafty Crate$(0)$(/l), or light up a lamp indicating that the resource is out.	Когда делается запрос на предмет, который сеть не может предоставить, но который соответствует фильтру Перехватчика, Перехватчик сработает и выдаст короткий сигнал редстоуна. Это можно использовать для различных целей: например, для крафта нужного предмета с помощью $(l:devices/craft_crate)$(item)Сборочного ящика$(0)$(/l) или для включения лампы, указывающей на отсутствие ресурса.	PASS		Текст читается естественно, ясно и соответствует английскому источнику.	343		
patchouli-lang:botania:botania.page.corporeaInterceptor2	sha256:d1d50fa3b578527a83db77e5979595fa7bc580daef6d0be1519d49f192fd52ee	So many automation prospects	Так много возможностей для автоматизации	PASS		Текст читается естественно, ясно и соответствует английскому источнику.	40		
patchouli-lang:botania:botania.page.corporeaRetainer0	sha256:af0dabaa60a11b3ac069627f31bcd3aeb104b86f804e29cb771bae1ff3690c53	The $(item)Corporea Retainer$(0) is an addon (of sorts) to the $(l:ender/corporea_interceptor)$(item)Corporea Interceptor$(0)$(/l). When placed adjacent to an Interceptor, one of these will remember the origin and contents of any requests that trigger the former.	$(item)Извлекатель Хранилища$(0) является дополнением (в некотором роде) к $(l:ender/corporea_interceptor)$(item)Перехватчику Хранилища$(0)$(/l). Когда он установлен рядом с Перехватчиком, один из этих Извлекателей запоминает источник и содержимое любых запросов, которые активируют первый.	PASS		Текст читается естественно, ясно и соответствует английскому источнику.	232		
patchouli-lang:botania:botania.page.corporeaRetainer1	sha256:51a3bb32da2e72e65f0cd989e7cd3bd901f67f6e31a159fe0ce4af9bc1a34ab4	"Once the $(item)Corporea Retainer$(0) memorizes a request, when given a redstone signal it'll ""replay"" the request, performing it from its original position. For example: consider a $(l:ender/corporea_funnel)$(item)Funnel$(0)$(/l) that requests $(item)Wooden Planks$(0) when there are no more left. An Interceptor in the network could catch the request and trigger a mechanism to craft the missing planks; if an attached Retainer was triggered after that, it would make the original Funnel redo its request and get its planks."	"Как только $(item)Извлекатель$(0) запоминает запрос, при получении сигнала редстоуна он ""воспроизведет"" запрос из его первоначального местоположения. Например: представьте $(l:ender/corporea_funnel)$(item)Воронку$(0)$(/l), которая запрашивает $(item)Доски$(0), когда они заканчиваются. Перехватчик в сети может поймать запрос и активировать механизм для крафта недостающих досок; если после этого активировать прикрепленный Извлекатель, он заставит оригинальную Воронку повторить запрос и получить свои доски."	PASS		Текст читается естественно, ясно и соответствует английскому источнику.	445		
patchouli-lang:botania:botania.page.corporeaRetainer2	sha256:98e04a60c7b425af1b35f61252b18f78704fc9f5845fc7f38d01f7d869c985be	As the $(item)Corporea Retainer$(0) is an addon to the Interceptor, it can proxy its requests through the latter, so it doesn't need a spark itself.$(p)The retainer can only memorize one request at a time; any additional incoming requests will overwrite the currently stored request. A $(item)Redstone Comparator$(0) can read whether a request is being held, and if so, how many items.	Поскольку $(item)Извлекатель Хранилища$(0) является дополнением к Перехватчику, он может проксировать свои запросы через последний, поэтому ему не нужна собственная искра.$(p)Извлекатель может запоминать только один запрос за раз; любые дополнительные входящие запросы будут перезаписывать текущий сохраненный запрос. $(item)Редстоуновый Компаратор$(0) может считывать, есть ли запрос, и если да, то сколько предметов.	PASS		Текст читается естественно, ясно и соответствует английскому источнику.	392		
patchouli-lang:botania:botania.page.corporeaRetainer3	sha256:164f605d7e5bc0a7e6d1d0f80203adf62c6ff15192645af84ba5ec560e47cb18	The nemesis of a goldfish	Заклятый враг золотой рыбки	PASS		Текст читается естественно, ясно и соответствует английскому источнику.	27		
patchouli-lang:botania:botania.page.corporeaRetainer4	sha256:1dd485753552ca61192d049ef481de7d82819541345ca1e88b19de99e7fc3f51	Using a $(l:basics/wand)$(item)Wand of the Forest$(0)$(/l) on the $(item)Retainer$(0) will toggle it between remembering the total count of the original request, or only the number of missing items.	Использование $(l:basics/wand)$(item)Посоха Леса$(0)$(/l) на $(item)Извлекателе$(0) переключает его между запоминанием общего количества оригинального запроса или только числа недостающих предметов.	PASS		Текст читается естественно, ясно и соответствует английскому источнику.	155		
patchouli-lang:botania:botania.page.cosmeticBaubles0	sha256:e26f3325d7d3915ec7f244be5b4bf8b98cd04769991d9b8952594accfa696c75	Many $(item)Cosmetic Trinkets$(0) are available to change the looks of any $(thing)Trinkets$(0) a player has equipped. These can be worn by themselves, but can also craft with another $(thing)Trinket$(0); in that case, the latter $(thing)Trinket$(0) will function as usual, but take on the appearance of the $(item)Cosmetic Trinket$(0). $(thing)Cosmetic Overrides$(0) can be removed by putting the overridden $(thing)Trinket$(0) back in the grid.	Множество $(item)Косметических безделушек$(0) доступно для изменения внешнего вида любых $(thing)Безделушек$(0), которые носит игрок. Их можно носить отдельно или совместить с другой $(thing)Безделушкой$(0); в этом случае вторая $(thing)Безделушка$(0) сохранит свои функции, но приобретёт внешний вид $(item)Косметической безделушки$(0). $(thing)Косметическую безделушку$(0) можно снять, поместив изменённую $(thing)Безделушку$(0) обратно в сетку крафта.	PASS		Текст читается естественно, ясно и соответствует английскому источнику.	372		
patchouli-lang:botania:botania.page.cosmeticBaubles1	sha256:19d03ec55b66d7d6e9b7567afea06aa4844f4a43640327e228410f3380a435a1	$(thing)Cosmetic Trinkets$(0) are crafted by weaving a specific color of petal around a $(l:mana/pool)$(item)Mana Infused String$(0)$(/l); oddly enough, the item created often has nothing to do with the color of the petal.$(p)The exact mechanics of this synthesis aren't well known-- it's almost as if the person that designed them hadn't bothered with figuring out a better system. Or something. Who knows.	$(thing)Косметические безделушки$(0) создаются путём оплетения лепестка определённого цвета вокруг $(l:mana/pool)$(item)Мананити$(0)$(/l); странным образом, созданный предмет часто не имеет отношения к цвету лепестка.$(p)Точные механизмы этого процесса плохо известны — создаётся впечатление, что тот, кто их разработал, не потрудился разработать более продуманную систему. Или что-то в этом роде. Кто знает.	PASS		Текст читается естественно, ясно и соответствует английскому источнику.	362		
patchouli-lang:botania:botania.page.cosmeticBaubles10	sha256:85b2cb11d4ab59bf9cd00c5cdf10391ab3a10d869a817418a9bf2f3e906412ad	The best color	Лучший цвет	PASS		Текст читается естественно, ясно и соответствует английскому источнику.	11		
patchouli-lang:botania:botania.page.cosmeticBaubles11	sha256:07c674c890634ceae1ace505309a40e5f2c037af87f4cab81a53c7569e36140c	Tilting the umbrella too much	Слишком сильно наклоняя зонт	PASS		Текст читается естественно, ясно и соответствует английскому источнику.	28		
patchouli-lang:botania:botania.page.cosmeticBaubles12	sha256:6cd287af0ca4192a1d30c2657ad444cf27f394f0d4d17136c5be95794bef92c6	The Neighbors' Club	Клуб соседей	PASS		Текст читается естественно, ясно и соответствует английскому источнику.	12		
patchouli-lang:botania:botania.page.cosmeticBaubles13	sha256:1bf91fd27488a20b2a40dff5740c72df900095e659cd4b1b563295d588c990cd	Nyaa~	Мяу~	PASS		Текст читается естественно, ясно и соответствует английскому источнику.	4		
patchouli-lang:botania:botania.page.cosmeticBaubles14	sha256:29f3807a88a8aec155ed50e8ee4efff89fae75ab970416e9fa8d6bf2454e71f9	Don't get too ahead of yourself	Не зазнавайся	PASS		Текст читается естественно, ясно и соответствует английскому источнику.	13		
patchouli-lang:botania:botania.page.cosmeticBaubles15	sha256:63fab518f34b673589ddee42b3685c981e7ff0e58a428fb9364bf226adb39f33	Evil up!	Становись злее!	PASS		Текст читается естественно, ясно и соответствует английскому источнику.	15		
patchouli-lang:botania:botania.page.cosmeticBaubles16	sha256:798a7bea328d07295a91d8ed0afb379b19f1514589ae65d4c91852efa489afc9	Nudistoooooooooo	Nudistoooooooooo	PASS		Текст читается естественно, ясно и соответствует английскому источнику.	16		
patchouli-lang:botania:botania.page.cosmeticBaubles17	sha256:fa9d9a857e563cc79965cd8aa5e4bd83c3afda6ba0a260b4bef7d7c147094315	(insert reference here)	(вставьте отсылку здесь)	PASS		Текст читается естественно, ясно и соответствует английскому источнику.	24		
patchouli-lang:botania:botania.page.cosmeticBaubles18	sha256:b8d1e2759b4a02546f38ab3c1f3988a6e26f12eae1c083805faf7566f41254f0	Lurk moar	Больше прячься	PASS		Текст читается естественно, ясно и соответствует английскому источнику.	14		
patchouli-lang:botania:botania.page.cosmeticBaubles19	sha256:1dfeaf348f5cf034508723ccf40fd3e273637aff70f45b19161233c1c4c2b98d	I need your time	Мне нужно ваше время	PASS		Текст читается естественно, ясно и соответствует английскому источнику.	20		
patchouli-lang:botania:botania.page.cosmeticBaubles2	sha256:e4cf48e6475c286d9b83866f0af1a35563b40c295c43b5dac2033e67c6145c9c	They're cool	Они классные	PASS		Текст читается естественно, ясно и соответствует английскому источнику.	12		
patchouli-lang:botania:botania.page.cosmeticBaubles20	sha256:e3ca31e78d371867bc7f446f329e99b8147965f96b0b5de93121f4e670596913	So rare	Такой редкий	PASS		Текст читается естественно, ясно и соответствует английскому источнику.	12		
patchouli-lang:botania:botania.page.cosmeticBaubles21	sha256:968a3977d0610f5d44debce79e15e21556c53ea7e987393c92da202eb738048a	Oh hey, Loki	О, привет, Локи	PASS		Текст читается естественно, ясно и соответствует английскому источнику.	15		
patchouli-lang:botania:botania.page.cosmeticBaubles22	sha256:6cd543d66b2eedfb0763812e8b8bc75c9387187e558ece16c35875aad0cbaae9	Challenge up!	Бросьте вызов!	PASS		Текст читается естественно, ясно и соответствует английскому источнику.	14		
patchouli-lang:botania:botania.page.cosmeticBaubles23	sha256:b5fb486444274ed9cdc6da8e5405fdbccd087b19490247298e47934a39c63efa	Representing!	Представляем!	PASS		Текст читается естественно, ясно и соответствует английскому источнику.	13		
patchouli-lang:botania:botania.page.cosmeticBaubles24	sha256:73b882cf45190563bb8a04c54446d84490e010931b4e4b5f16772508f5b60a99	Reminds me of a puzzle	Напоминает мне загадку	PASS		Текст читается естественно, ясно и соответствует английскому источнику.	22		
patchouli-lang:botania:botania.page.cosmeticBaubles25	sha256:2b045ce6dea9ac2be36847ec873011d54e524296fbc403da7a237c8dca0c83e2	You've met with a terrible fate, haven't you?	Вы встретили ужасную судьбу, не так ли?	PASS		Текст читается естественно, ясно и соответствует английскому источнику.	39		
patchouli-lang:botania:botania.page.cosmeticBaubles26	sha256:5d7353e1348926d6962a3295bf99a01d1542e155aada896a1e43826e6ead8b03	Thanks for the gold stranger	Спасибо за золото, незнакомец	PASS		Текст читается естественно, ясно и соответствует английскому источнику.	29		
patchouli-lang:botania:botania.page.cosmeticBaubles27	sha256:3146b1cf2edcb7629c944bb9f696fa1aca4d6695c1c7df75993867c63364c39f	Woah, colors	Ого, цвета	PASS		Текст читается естественно, ясно и соответствует английскому источнику.	10		
patchouli-lang:botania:botania.page.cosmeticBaubles28	sha256:d4f5721f346b691887eb9464054c9ab38e9c1ae41c17a3ca9c9e64e2d46fc489	Who the hell do you think I am?	За кого ты меня принимаешь	PASS		Текст читается естественно, ясно и соответствует английскому источнику.	26		
patchouli-lang:botania:botania.page.cosmeticBaubles29	sha256:88e70176e04800e48f0b9cfa123a436f05316487eeb686c551cacab6b84c9c4f	Nothing suspicious here, nope	Ничего подозрительного здесь нету	PASS		Текст читается естественно, ясно и соответствует английскому источнику.	33		
patchouli-lang:botania:botania.page.cosmeticBaubles3	sha256:1ede12c8e2f21481e2910258e54e6265ad2347ac83947280bb45b5b20b054665	My desires are... unconventional	Мои вкусы... весьма специфичны	PASS		Текст читается естественно, ясно и соответствует английскому источнику.	30		
patchouli-lang:botania:botania.page.cosmeticBaubles30	sha256:584e22c7e01d47001e52260a5c95a763d58af288a879eb13aa8becdfed02a2f0	I can fly with these	С их помощью я могу летать	PASS		Текст читается естественно, ясно и соответствует английскому источнику.	26		
patchouli-lang:botania:botania.page.cosmeticBaubles31	sha256:13071951cea3f7d4bb1fcfb8929e59f817ed20374f5b2fa0de29455695e942ff	Not actually part of Spain	Не является частью Испании	PASS		Текст читается естественно, ясно и соответствует английскому источнику.	26		
patchouli-lang:botania:botania.page.cosmeticBaubles32	sha256:695addd5e5c10d513dc237295602c0b4cb64a73c794739dc628f55ba1702ffff	Now you too can believe	Теперь Вы тоже можете верить	PASS		Текст читается естественно, ясно и соответствует английскому источнику.	28		
patchouli-lang:botania:botania.page.cosmeticBaubles33	sha256:07a1bc2cfe32c6d2c16b5cb919b80d7aaeb7c4103a175a8466b87980937806bf	Get on the treadmill, angbadang	Забирайся на топчак, angbadang	PASS		Текст читается естественно, ясно и соответствует английскому источнику.	30		
patchouli-lang:botania:botania.page.cosmeticBaubles34	sha256:d72a10b456b828a79a099c544c410076f1916860c7347c1ee488058e7635f2a0	Really makes you think	Действительно заставляет задуматься	PASS		Текст читается естественно, ясно и соответствует английскому источнику.	35		
patchouli-lang:botania:botania.page.cosmeticBaubles4	sha256:da48a425d511e2616e4698335625943cd9c738428fed241f1a60e5a5d0ade36d	How unpleasant	Как неприятно	PASS		Текст читается естественно, ясно и соответствует английскому источнику.	13		
patchouli-lang:botania:botania.page.cosmeticBaubles5	sha256:d7f9caf6d072fb3f298be06e0c94a71a36edc2bf33d937f4c266fd4efe062a2e	It's cold in Kalos	В Калосе холодно	PASS		Текст читается естественно, ясно и соответствует английскому источнику.	16		
patchouli-lang:botania:botania.page.cosmeticBaubles6	sha256:79b679a1ef9b1987d7e52f76e2a3d3931e7c72c9458a6220e943c294f4970889	Do they reveal anything?	Они показывают какие-то откровения?	PASS		Текст читается естественно, ясно и соответствует английскому источнику.	35		
patchouli-lang:botania:botania.page.cosmeticBaubles7	sha256:90822e47edf2027588e6799fae6db179c699adea8b1f64e5a7d5c89126821bca	Shut up Alexander and the Trajan	Замолчи, Александр и Траян	PASS		Текст читается естественно, ясно и соответствует английскому источнику.	26		
patchouli-lang:botania:botania.page.cosmeticBaubles8	sha256:b242252c99dfab5a3edac00e16b736fcb8c22677c5fd6f2dbf44c5dddd831bc2	The eye has to be hidden	Глаз должен быть скрыт	PASS		Текст читается естественно, ясно и соответствует английскому источнику.	22		
patchouli-lang:botania:botania.page.cosmeticBaubles9	sha256:5b8e488c7a0b77900ba1e8551931b6b65e1d54b07717f11e16538139235b6f9d	Not for bean sprouts	Не для бобовых ростков	PASS		Текст читается естественно, ясно и соответствует английскому источнику.	22		
patchouli-lang:botania:botania.page.craftCrate0	sha256:7ba00c4235a27eeec32ed3e942bd2705dd949b84a234359e9df5938980280095	As its name suggests, the $(item)Crafty Crate$(0) is a counterpart to the $(l:devices/open_crate)$(item)Open Crate$(0)$(/l), but with the ability to assemble items into other items as a $(item)Crafting Table$(0) would.$(p)Like a $(item)Crafting Table$(0), it has a 9-slot inventory, which can be filled with items in the shape of a crafting recipe.	$(item)Сборочный ящик$(0), как следует из названия, это аналог $(item)открытого ящика$(0), но способный создавать предметы подобно $(item)Верстаку$(0).$(p)Также как и $(item)Верстак$(0), он имеет 9 ячеек, которые могут быть заполнены образцами предметов, составляющими рецепт.	CHANGE	$(item)Сборочный ящик$(0), как следует из названия, похож на $(l:devices/open_crate)$(item)Открытый ящик$(0)$(/l), но собирает из предметов другие предметы, словно $(item)Верстак$(0).$(p)Как и $(item)Верстак$(0), он имеет 9 ячеек: разложите в них предметы по форме рецепта.	Исправлены управление и тяжёлые обороты.	228	197	0.864
patchouli-lang:botania:botania.page.craftCrate1	sha256:402e0d39c762ba8fa7842d9d25850c4c8b7e45a5b476af5c2ed23b21c62f7952	Item slots are filled from left to right and top to bottom (as illustrated later). The $(item)Crafting Placeholder$(0), when input to the Crate, corresponds to an empty slot in a crafting table. This is used to allow for recipes with gaps (e.g. furnace, chest, pickaxe...) to be craftable as well.	Предметы заполняют его слева направо и сверху вниз (Илюстрации на следующих страницах статьи), для заполнения пустот в рецепте (например печи, сапоги, кирки и т.п.) существует специальный предмет, называемый $(item)Заполнитель сборщика$(0).	PASS		Текст читается естественно, ясно и соответствует английскому источнику.	229		
patchouli-lang:botania:botania.page.craftCrate2	sha256:224bbfd89ab8f4a3f76182047131748c4e0a8592e76c15fef4924f1faa103ac3	Creating the placeholder	Создание заполнителя	PASS		Текст читается естественно, ясно и соответствует английскому источнику.	20		
patchouli-lang:botania:botania.page.craftCrate3	sha256:2c5b3681c868dc0df397367a5b0ecaf5c28780d50ea8385ca014ca9d43d28a69	Finalizing a recipe can be done in two ways:$(p)Filling all 9 slots with either recipe components or placeholders will instantly try to craft and output the result, as well as any placeholders and/or leftovers remaining in the crafting grid (e.g. buckets when making cake).$(p)Note that the crate will $(o)not$() eject its contents if no recipe is possible.	Для завершения рецепта есть два варианта.$(p)Первый: заполните каждый из 9 слотов, либо компонентами рецепта, либо заполнителем сборщика. Это позволит немедленно извлечь результаты: изготовленный предмет, заполнители и остатки (например ведра, делая торт), это самый простой метод.	PASS		Текст читается естественно, ясно и соответствует английскому источнику.	277		
patchouli-lang:botania:botania.page.craftCrate4	sha256:f611b52671b57c135fb95fb3cbe94a048ff15530ea5f8b42c204f193a25c4deb	Right-clicking the crate with a $(l:basics/wand)$(item)Wand of the Forest$(0)$(/l) (remember: $(item)Dispensers$(0) can do this) will also attempt a craft and eject the crate's contents afterward.$(p)If a crafting operation attempted this way fails, all inside items are simply ejected with no crafting procedure done.	Второй: ПКМ с $(item)Посохом леса$(0) по ящику (напомним, что $(item)Раздатчик$(0) тоже может так делать) попытается изготовить предмет из того что есть в ящике и выбросит это из него.$(p)Если сборка не удается, то все элементы просто выбрасываются наружу.	PASS		Текст читается естественно, ясно и соответствует английскому источнику.	230		
patchouli-lang:botania:botania.page.craftCrate5	sha256:6fa6ba3d17f63ef8e5a828a36fd6e828643014d3bde40e2aaac38c68e222f72a	An example of crafting a $(item)Diamond Pickaxe$(0)	Пример создания $(item)Алмазной кирки$(0)	PASS		Текст читается естественно, ясно и соответствует английскому источнику.	30		
patchouli-lang:botania:botania.page.craftCrate6	sha256:976adc3295f79aef5f6f02746b1dbe75c697cb0ec9e8b6b8fb6030bd0463e655	Assembly line in a box	Сборочная линия в ящике	PASS		Текст читается естественно, ясно и соответствует английскому источнику.	23		
patchouli-lang:botania:botania.page.craftCrate7	sha256:aa5dff0a9d8a3944241829b6fb981619e95b9a4e56493937df3566cbf1d41920	Attaching a $(item)Comparator$(0) to a crate will have it emit a signal strength equivalent to the number of items inside the crate.	Привязанный к ящику $(item)Компаратор$(0) будет излучать сигнал эквивалентный количеству предметов в ящике, что может оказаться чрезвычайно полезным при создании механизмов из редстоуна.	CHANGE	$(item)Компаратор$(0), подключённый к ящику, выдаёт сигнал силой, равной числу предметов внутри.	Убраны кальки и тяжёлые обороты; термины и разметка Original сохранены.	175	85	0.486
patchouli-lang:botania:botania.page.craftCrate8	sha256:c42f3b03e2d48c1429fbc0ebfe842862b14dcfe9d42c3cd3b697bf59dddb05ae	The $(item)Crafty Crate$(0) can also be augmented with patterns. A pattern locks specific slots in the recipe, disallowing items from entering those slots as if there were placeholders there.$(p)There are several patterns, each of which can be applied by right-clicking on the crate (this doesn't consume the pattern).	$(item)Сборочный ящик$(0) также может быть дополнен шаблонами. Шаблон блокирует определенные слоты в рецепте, запрещающие попадание предметов в эти слоты и подсчет их, как если бы там были заполнители. $(p)Существует только несколько базовых шаблонов, которые можно применить, щелкнув правой кнопкой мыши на ящике ( Не злоупотребляйте этим).	PASS		Текст читается естественно, ясно и соответствует английскому источнику.	326		
patchouli-lang:botania:botania.page.craftCrate9	sha256:b3711f29644302cac75091c2b1c1f38535f4549516d67e1b7fba1f420975ce5b	9 different patterns	9 разных шаблонов	PASS		Текст читается естественно, ясно и соответствует английскому источнику.	17		
patchouli-lang:botania:botania.page.craftingHalo0	sha256:031926553116a30989dea90dace50f7f046d0faf60b116ee9ffb185e0ee6fbdb	"Lugging around a $(item)Crafting Table$(0) is a generally troublesome task. The $(item)Assembly Halo$(0), thus, is a portable $(item)Crafting Table$(0), as well as a quick-start crafting option. Holding the item displays a ""halo"" of recipe slots around the holder, and right-clicking the displayed $(item)Crafting Table$(0) will open a crafting interface."	Перенос $(item)Верстака$(0) обычно может быть затруднительным. $(item)Сборочный венец$(0) действует не только как портативный $(item)Верстак$(0), но и как быстрый способ крафта. Наличие предмета в руке отображает «ореол» рецептов вокруг держателя. $(p)Во-первых, щелчок ПКМ по таблице $(item)Крафа$(0) откроет интерфейс обработки.	PASS		Текст читается естественно, ясно и соответствует английскому источнику.	282		
patchouli-lang:botania:botania.page.craftingHalo1	sha256:3a54f8b66f5daca4f6641f0faaf068f476ff4e598c3f3441b78cc7ea548d81ad	As long as the item is kept in-inventory, it'll remember its last recipe.$(p)Right-clicking an empty slot of the halo will save the last-used recipe to that slot, and right-clicking a slot with a recipe saved will attempt to craft it from available items. Sneak-punching a saved recipe will delete it.	Пока элемент присутствует в инвентаре, в нем будет сохранен последний рецепт крафта. $(p)Щелкните ПКМ на пустой слот ореола, чтобы установить последний рецепт на нем. Щелчок правой кнопкой мыши по слоту с рецептом попытается скрафтить это, используя элементы из инвентаря. Удаление рецепта можно сделать с помощью Shift+ЛКМ.	CHANGE	Пока предмет лежит в инвентаре, он помнит последний рецепт.$(p)Нажмите ПКМ по пустой ячейке венца, чтобы сохранить в ней последний рецепт. Нажатие ПКМ по ячейке с рецептом попробует создать его из доступных предметов. Ударьте по сохранённому рецепту с зажатым Shift, чтобы удалить его.	Убраны кальки и грамматические ошибки; восстановлены смысл и разметка английского источника.	320	281	0.878
patchouli-lang:botania:botania.page.craftingHalo2	sha256:16d661c2739eee83fe498a4675928aa3964a67b62125a72c00fd972caae724e1	It has no taste if you cook it from the menu	У него нет вкуса, если вы готовите что-то из его меню	PASS		Текст читается естественно, ясно и соответствует английскому источнику.	53		
patchouli-lang:botania:botania.page.crystalBow0	sha256:1e72e5d540aeced2c2942d6488e676d8f43ddf9f73320932792522ab1e4bee5b	Crafted with a $(l:alfhomancy/elf_resources)$(item)Dragonstone$(0)$(/l), the $(item)Crystal Bow$(0) is a ranged weapon with the ability to conjure arrows from $(thing)Mana$(0), as if the bow were enchanted with $(thing)Infinity$(0). Similarly to the $(l:tools/livingwood_bow)$(item)Livingwood Bow$(0)$(/l), it'll repair itself using $(thing)Mana$(0).$(p)Thanks to the bow's lightweight and flexible components, it also fires arrows much harder than a wooden one would.	Созданный с $(item)Камнем дракона$(0), $(item)Кристальный лук$(0) - оружие дальнего боя с возможностью генерации стрел из $(thing)Маны$(0). Точно так же, как $(item)Жизнедревесный лук$(0), он будет исправляться с использованием $(thing)Маны$(0), но перенос $(item)Стрел$(0) не требуется, поскольку они создаются благодаря магическим энергиям. Учитывая легкую и гибкую структуру лука, он также может срабатывать быстрее чем обычный деревянный.	CHANGE	Созданный из $(l:alfhomancy/elf_resources)$(item)Камня дракона$(0)$(/l), $(item)Кристальный лук$(0) вызывает стрелы из $(thing)Маны$(0), словно зачарован на $(thing)Бесконечность$(0). Как и $(l:tools/livingwood_bow)$(item)Жизнедревесный лук$(0)$(/l), он чинится за счёт $(thing)Маны$(0).$(p)Благодаря лёгким и гибким деталям он также выпускает стрелы гораздо сильнее деревянного лука.	Исправлены грамматика и пропущенные свойства.	374	247	0.660
patchouli-lang:botania:botania.page.crystalBow1	sha256:e328d7cf2d9eb3c59b832e521e926dd75af16fe94fc53ab7a6e1bfa85286935a	An improved model, fixed reverting to a seed	Улучшенная модель, фиксированное возвращение к семенам	PASS		Текст читается естественно, ясно и соответствует английскому источнику.	54		
patchouli-lang:botania:botania.page.daffomill0	sha256:1c45d5145c517b08a88431d657077f58f648cca47622bde099b23dc2d36a3226	The $(item)Daffomill$(0) is a fan of sorts: it uses $(thing)Mana$(0) to push any items in front of it forward.$(p)Sneak-right clicking it with a $(l:basics/wand)$(item)Wand of the Forest$(0)$(/l) changes its orientation; its current direction can be deduced from the subtle wind particles it emits.	$(item)Тупомельник$(0) работает как вентилятор-сортировщик. За небольшое количество $(thing)маны$(0), он толкает любые брошенные предметы, находящиеся перед ним.$(p)Щелчок Shift+ПКМ с $(item)Посохом леса$(0) изменит направление вентилятора. Куда он в настоящее время дует, можно определить с помощью тонких частиц ветра, которые он излучает.	PASS		Текст читается естественно, ясно и соответствует английскому источнику.	303		
patchouli-lang:botania:botania.page.daffomill1	sha256:dd80a7d07372178058945e600e50cc724136c0a7bb95ab7f4ee7b37bb423a2f5	$(o)Wind Turbines? I'm a big fan$().	$(o)Ветротурбины? Я большой вентилятор$(0).	PASS		Текст читается естественно, ясно и соответствует английскому источнику.	35		
patchouli-lang:botania:botania.page.dandelifeon0	sha256:a2cf2356a077bf31953090a7e57de912f20d220b41d429a24e6dd739e6562027	The $(item)Dandelifeon$(0) is not recommended for the faint of heart.$(p)While it's likely the most efficient available generating flower in the botanist's toolbox, it's also one of the least straightforward to use.	$(item)Жизнеодуванчик$(0) - это цветок, не рекомендуемый слабонервным. $(p)Хотя это и, возможно, самый мощный генерирующий цветок в арсенале ботаника, он также является одним из самых сложных в применении.	PASS		Текст читается естественно, ясно и соответствует английскому источнику.	190		
patchouli-lang:botania:botania.page.dandelifeon1	sha256:21929b1860fa0a383c4f47bd265617ae51afc0f485b99bbb7933fadb529b6d2a	This flower's function is based on a cellular automaton known as $(thing)Conway's Game of Life$(0). The area for this procedure is a 25x25 square, centered around the $(item)Dandelifeon$(0) itself.$(p)As long as the flower receives a redstone signal, it'll step the automaton twice a second.	"Работа этого цветка основана на клеточном автомате, известном как $(thing)Игра ""Жизнь""$(0). Процесс происходит в области размером  25 × 25, центрированной вокруг $(item)Жизнеодуванчика$(0). $(p)Пока на цветок подаёся сигнал редстоуна, он будет продвигать игру на 2 цикла в секунду."	PASS		Текст читается естественно, ясно и соответствует английскому источнику.	254		
patchouli-lang:botania:botania.page.dandelifeon10	sha256:eef3287d7a8e4087806a5608a2e5a7f3155c5bddf5d9a65f714aefc9c07e0496	Whenever any live cells are absorbed by the 3x3 zone in the center, all other cells in the board die.$(p)Additionally, cells within the range of two or more $(item)Dandelifeon$(0) flowers dies, though well-spaced $(item)Dandelifeons$(0) $(l)can$() pass cells between themselves (albeit with some mana lost at the boundary).	Каждый раз, когда живые клетки поглощаются зоной 3×3 в центре, все остальные клетки на поле умирают.$(p)Кроме того, клетки в зоне действия двух или более $(item)Жизнеодуванчиков$(0) также погибают, хотя хорошо расположенные $(item)Жизнеодуванчики$(0) $(l)могут$() передавать клетки между собой (хотя и с небольшой потерей маны на границе).	PASS		Текст читается естественно, ясно и соответствует английскому источнику.	306		
patchouli-lang:botania:botania.page.dandelifeon2	sha256:2bfc6e4900d2a2e0461be48175f12ea722369069d8c101bf52e88b7115a39be1	Each location within the flower's 25x25 area of effect counts as a $(thing)Cell$(0). Cells may be alive or dead; a cell counts as alive if its respective block is a $(item)Cellular Block$(0) (read on), or dead if it's anything else. The $(thing)Neighbors$(0) of a cell are the eight cells surrounding any cell.	Каждый блок в области действия цветка размером 25×25 считается $(thing)Клеткой$(0). Клетки могут быть живыми или мёртвыми; клетка считается живой, если соответствующий блок — это $(item)Клеточный блок$(0) (читайте далее), и мёртвой, если это что-то другое. $(thing)Соседи$(0) клетки — это восемь клеток, окружающих данную клетку.	PASS		Текст читается естественно, ясно и соответствует английскому источнику.	294		
patchouli-lang:botania:botania.page.dandelifeon3	sha256:a8184a582a84bad85fa2ac766bd97e79cdb708caa96e4619ad93a9d97540834f	Every step of the game, the following transitions happen to each cell simultaneously:$(p)$(thing)1)$(0) Any live cell with exactly 2 or 3 live neighbours survives the step.$(p)$(thing)2)$(0) Any live cell not satisfying condition 1 becomes dead.$(p)$(thing)3)$(0) Any dead cell with exactly three live neighbours becomes a live cell.	На каждом шаге игры одновременно происходят следующие изменения для каждой клетки:$(p)$(thing)1)$(0) Живая клетка с точно 2 или 3 живыми соседями выживает.$(p)$(thing)2)$(0) Живая клетка, не соответствующая условию 1, становится мёртвой.$(p)$(thing)3)$(0) Мёртвая клетка с точно 3 живыми соседями становится живой.	PASS		Текст читается естественно, ясно и соответствует английскому источнику.	266		
patchouli-lang:botania:botania.page.dandelifeon4	sha256:7f8f3d643de34927fcc40d9b4e18773f85363e69cf37f9d9d21e64f07836af5a	Aside from those, a few additional rules not present in a typical simulation of $(thing)Conway's Game of Life$(0) are also present in the $(item)Dandelifeon$(0) procedures, listed in the following pages.	"Помимо этих правил, в работе $(item)Жизнеодуванчика$(0) также присутствуют несколько дополнительных правил, которые отсутствуют в типичной симуляции $(thing)Игры ""Жизнь""$(0). Эти правила перечислены на следующих страницах."	PASS		Текст читается естественно, ясно и соответствует английскому источнику.	199		
patchouli-lang:botania:botania.page.dandelifeon5	sha256:77a4def82828c0ef01159216b5ae8e9a8cd7c5e613c37dd08295b5a1dea27249	All cells have an $(thing)age$(0); cells not created by the $(item)Dandelifeon$(0) start at zero. Whenever a cell survives a step, its age increases by one. Whenever a dead cell becomes a live cell, the age of the new live cell becomes the age of its oldest neighbour, plus one, capped at 100.	Все клетки имеют $(thing)возраст$(0); клетки, не созданные $(item)Жизнеодуванчиком$(0), начинают с нуля. Каждый раз, когда клетка выживает, её возраст увеличивается на единицу. Когда мёртвая клетка становится живой, возраст новой живой клетки равен возрасту самой старой соседней клетки плюс один, но не превышает 100.	PASS		Текст читается естественно, ясно и соответствует английскому источнику.	295		
patchouli-lang:botania:botania.page.dandelifeon6	sha256:9b9a428a11dccbd95831ecbb407726a3ce19211b7c25ce748a6a36e58f232ecb	The 3x3 zone centered around the $(item)Dandelifeon$(0) itself will absorb all cells that would otherwise generate in the area, converting them into (a frankly ludicrous amount of) $(thing)Mana$(0). The older the cell that would be created, the more $(thing)Mana$(0) it yields. Age-zero cells produce no $(thing)Mana$(0).	Зона размером 3×3, центрированная вокруг $(item)Жизнеодуванчика$(0), поглощает все клетки, которые иначе появились бы в этой области, превращая их в $(thing)Ману$(0) (честно говоря, в колоссальных количествах). Чем старше клетка, которую собираются создать, тем больше $(thing)Маны$(0) она производит. Клетки нулевого возраста не производят $(thing)Ману$(0).	PASS		Текст читается естественно, ясно и соответствует английскому источнику.	311		
patchouli-lang:botania:botania.page.dandelifeon7	sha256:5e820e495d06511fca1c256c0f0e5d573845c414b928c2eb99324a608e0ac338	$(item)Cellular Blocks$(0) are crafted with $(item)Cactus$(0), $(item)Carrots$(0), $(item)Potatoes$(0), and $(item)Beetroots$(0), and are extremely fragile. They won't yield anything when broken, nor can they be moved by $(item)Pistons$(0). They won't be generated by a $(item)Dandelifeon$(0) on any cell that doesn't contain air.$(p)However, when not within the range of a $(item)Dandelifeon$(0) they hold no other special properties.	$(item)Клеточные блоки$(0) изготавливаются из $(item)Кактусов$(0), $(item)Моркови$(0), $(item)Картошки$(0) и $(item)Свёклы$(0) и являются чрезвычайно хрупкими. Их нельзя собрать, и они не могут быть перемещены $(item)Поршнями$(0). $(item)Жизнеодуванчик$(0) не будет создавать их на клетках, которые не содержат воздуха.$(p)Однако за пределами зоны действия $(item)Жизнеодуванчика$(0) они не имеют других особых свойств.	PASS		Текст читается естественно, ясно и соответствует английскому источнику.	327		
patchouli-lang:botania:botania.page.dandelifeon8	sha256:23103c1fa799ec5b6370cb0b85d7fd31b16967dcb20c0b349db74cd7cab78a9d	$(o)CellCraft^2$().	$(o)CellCraft^2$(0).	PASS		Текст читается естественно, ясно и соответствует английскому источнику.	12		
patchouli-lang:botania:botania.page.dandelifeon9	sha256:2c6d84c96280770c239325a67e71fc2e0393b55245675ba731d1356d5034d2fc	Creating $(item)Cellular Blocks$(0)	Создание $(item)Клеточных блоков$(0)	PASS		Текст читается естественно, ясно и соответствует английскому источнику.	25		
patchouli-lang:botania:botania.page.decorativeBlocks0	sha256:7ac3f53efcf36bff0fd8b769c1f62b7b78438d197685e26341caa5ce80afc247	Quite apart from functionality, there exist quite a few blocks for the sole purpose of making your builds look better.$(p)$(item)Livingrock$(0) and $(l:basics/pure_daisy)$(item)Livingwood$(0)$(/l) can be turned into decorative blocks; each material has four different decorative variations on its texture.	Чтобы сделать Ваши строения намного красивее, доступно довольно много декоративных блоков.$(p)Можно превратить блоки $(item)Жизнедерева$(0) и $(item)Жизнекамня$(0) в декоративные блоки. Каждый из них имеет 4 разные вариации.	PASS		Текст читается естественно, ясно и соответствует английскому источнику.	198		
patchouli-lang:botania:botania.page.decorativeBlocks1	sha256:0a4a56c771fc794314cb3e6ec00ba310c607c69bc4e5b2ee9486e2ba531bf438	Livingrock bricks and slate	Кирпич из жизнекамня.	PASS		Текст читается естественно, ясно и соответствует английскому источнику.	21		
patchouli-lang:botania:botania.page.decorativeBlocks10	sha256:f8593dbdb533258d68d61f714dab5a90c3754cd514e811286a72ce41bcc90765	$(item)Nether Quartz$(0) can be combined with a variety of substances to create a wide array of decorative $(item)Quartzes$(0).$(p)All of these can be crafted into their block counterparts, the same way $(item)Quartz$(0) can.	Продолжим... $(p)Комбинируя $(item)Незер-кварц$(0) с разными видами субстанций, можно создать широкий спектр других декоративных $(item)Кварцевых$(0) блоков.$(p)Как Вы и ожидали, все эти блоки могут быть преобразованы в другие виды декоративных блоков, такие же как и их классический аналог - $(item)Незер-кварц$(0).	PASS		Текст читается естественно, ясно и соответствует английскому источнику.	275		
patchouli-lang:botania:botania.page.decorativeBlocks11	sha256:e425b3949bea973515c0fcc208865e9ace86a922d0a75504f4af6f2dcc3a6b5d	Smokey Quartz	Дымной кварц	PASS		Текст читается естественно, ясно и соответствует английскому источнику.	12		
patchouli-lang:botania:botania.page.decorativeBlocks12	sha256:39005b0276014565e505977c078c230125acc8815ebc6dc828d1f2f6fdcc330c	Mana Quartz	Манакварц	PASS		Текст читается естественно, ясно и соответствует английскому источнику.	9		
patchouli-lang:botania:botania.page.decorativeBlocks13	sha256:acf84ed2ad0ce669f8b85353671a7d66fae1c666574185770866ad92d3b6e535	Blaze Quartz	Пламенный кварц	PASS		Текст читается естественно, ясно и соответствует английскому источнику.	15		
patchouli-lang:botania:botania.page.decorativeBlocks14	sha256:e12a4451fdbde4f5907bbb96ee10a0d957e14dc119b0afc2372689d75f921a77	Lavender Quartz	Лавандовый кварц	PASS		Текст читается естественно, ясно и соответствует английскому источнику.	16		
patchouli-lang:botania:botania.page.decorativeBlocks15	sha256:dcf167a77452e44e3288aa53f761f7ccee62bf232eb3c11c5323760a4c6f4e59	Redquartz	Красный кварц	PASS		Текст читается естественно, ясно и соответствует английскому источнику.	13		
patchouli-lang:botania:botania.page.decorativeBlocks2	sha256:230d1860e3e605a648f4401eeb6e1798d41b093dfab985ca59bd50ca29179e37	Mossing the bricks	Замшелый кирпич из жизнекамня	PASS		Текст читается естественно, ясно и соответствует английскому источнику.	29		
patchouli-lang:botania:botania.page.decorativeBlocks23	sha256:0b503d3ccfec742751182f2a0796dd57a0c1f8249144addfa711df2a55865098	Sunny Quartz	Солнечный кварц	PASS		Текст читается естественно, ясно и соответствует английскому источнику.	15		
patchouli-lang:botania:botania.page.decorativeBlocks3	sha256:8f9c5d73d5c560d33f6db75be99035340d75e7dda65a55b0822a220083ae1cdc	Cracking the bricks	Потрескавшийся кирпич из жизнекамня	PASS		Текст читается естественно, ясно и соответствует английскому источнику.	35		
patchouli-lang:botania:botania.page.decorativeBlocks4	sha256:5d66295e4814f3ac8ebaa1cf8a87616665cc1f475c9343d897c2b280c2f0a7f9	Chiseling the bricks	Обрамленный кирпич из жизнекамня	PASS		Текст читается естественно, ясно и соответствует английскому источнику.	32		
patchouli-lang:botania:botania.page.decorativeBlocks5	sha256:ea7d1c216e4a25c5a05e0851693eedf0c76d807d7de00b167ee4414a73a22909	Turning wood into planks	Превращение древесины в доски	PASS		Текст читается естественно, ясно и соответствует английскому источнику.	29		
patchouli-lang:botania:botania.page.decorativeBlocks6	sha256:c6c3d5a3cdba6d1987e3478a5826ee371315c4007c4cddc1b926ee6cd8bec5a2	Mossing the planks	Замшелые доски из жизнедерева	PASS		Текст читается естественно, ясно и соответствует английскому источнику.	29		
patchouli-lang:botania:botania.page.decorativeBlocks7	sha256:a8922a56e1bcccec807f5ea63126c927530d1d3ca3a84d96d682868e21c986d4	Framing the planks	Обрамленное жизнедерево	PASS		Текст читается естественно, ясно и соответствует английскому источнику.	23		
patchouli-lang:botania:botania.page.decorativeBlocks8	sha256:3395bc858f75ec9665c24cd4efafa7706558b157bafb6a7afaf03eaf311e4929	Pattern planks	Резное жизнедерево	PASS		Текст читается естественно, ясно и соответствует английскому источнику.	18		
patchouli-lang:botania:botania.page.decorativeBlocks9	sha256:352fdd75a8e10e29d9a8dae7c0d492acb3baa50377f121cb68298055550c3e22	Glimmering Livingwood	Светящееся жизнедерево	PASS		Текст читается естественно, ясно и соответствует английскому источнику.	22		
patchouli-lang:botania:botania.page.dirtRod0	sha256:414aeec1113bf667d70ee57c3cc8fbcad897a133abb4e7b0f72ce32f5e44fdcb	The $(item)Rod of the Lands$(0) is a simple tool: by drawing $(thing)Mana$(0) from the user's inventory (sourced from a $(l:mana/mana_tablet)$(item)Mana Tablet$(0)$(/l) or similar), it can conjure a $(item)Dirt$(0) block and place it in the world.$(p)For the same $(thing)Mana$(0) cost, this item can provide $(item)Dirt$(0) to the $(l:tools/exchange_rod)$(item)Rod of the Shifting Crust$(0)$(/l).	$(item)Жезл Земель$(0) это довольно простенький инструмент. Поглощая $(thing)ману$(0) из инвентаря (например $(item)Планшета маны$(0)), он материализует и устанавливает блок $(item)Земли$(0).	LENGTH_EXCEPTION	$(item)Жезл Земель$(0) — простой инструмент: он берёт $(thing)Ману$(0) из предметов в инвентаре, например $(l:mana/mana_tablet)$(item)Планшета маны$(0)$(/l), создаёт блок $(item)Земли$(0) и ставит его в мире.$(p)За ту же цену $(thing)Маны$(0) он может снабжать $(item)Землёй$(0) $(l:tools/exchange_rod)$(item)Жезл Обмена$(0)$(/l).	Для полного и естественного варианта требуется превысить мягкий лимит длины.	146	193	1.322
patchouli-lang:botania:botania.page.dirtRod1	sha256:909690032a9022c50197c55005efd4f8800d4f04332abebb8cc0c957f419e31a	The Dirty Stick	Грязная палочка	PASS		Текст читается естественно, ясно и соответствует английскому источнику.	15		
patchouli-lang:botania:botania.page.dirtRod2	sha256:a8dade363891377430f9ceb917f1ceedb62352fc3e2acf93ce51586d90ac6eac	This rod can be given to a $(l:devices/avatar)$(item)Livingwood Avatar$(0)$(/l); an avatar holding this rod will periodically use its own $(thing)Mana$(0) to place a block of $(item)Dirt$(0) before itself.	Этот жезл может быть дан $(item)Тотему из жизнедерева$(0). Когда это будет сделано, он будет периодически помещать $(item)Землю$(0) перед ним. $(p) Этот процесс использует $(thing)Ману$(0) из аватара, и его можно отключить, применив к нему сигнал редстоуна.	PASS		Текст читается естественно, ясно и соответствует английскому источнику.	219		
patchouli-lang:botania:botania.page.dispenserTweaks0	sha256:14e82aa540235cd5eb453e5513a2ec54973d6ff94a77e3ffa4373b74829c4c97	$(thing)Botania$(0) tweaks $(item)Dispensers$(0) to be able to plant all kinds of seeds, from your standard wheat $(item)Seeds$(0) to $(item)Nether Warts$(0) and $(item)Cocoa Beans$(0) (the latter requiring a block of $(item)Jungle Wood$(0) across from the $(item)Dispenser$(0)).$(p)In conjunction with other blocks (like the $(l:devices/forest_drum)$(item)Drum of the Wild$(0)$(/l)), this allows for fully-automated crop farming.	$(item)Раздатчик$(0), среди обычных способностей, также может сажать все виды семян, от обычных $(item)Семян пшеницы$(0) до $(item)Адских наростов$(0) и $(item)Какао-бобов$(0). Семена будут посажены на блоке перед раздатчиком.$(p)Это позволяет комбинировать Ваши фермы с другими блоками (Например, с $(item)Барабаном дикой природы$(0)).	PASS		Текст читается естественно, ясно и соответствует английскому источнику.	277		
patchouli-lang:botania:botania.page.distributor0	sha256:4ed9ff3f4a46e0178a5ca3fc9c321729916bd1657891666bd357c363a6547f51	Any botanist worth their weight in flowers will eventually reach a point where a single $(l:mana/pool)$(item)Mana Pool$(0)$(/l) can't hold all their $(thing)Mana$(0).$(p)The $(item)Mana Splitter$(0) can fix that issue; any $(thing)Mana$(0) received from $(thing)Mana Bursts$(0) will be split evenly into $(l:mana/pool)$(item)Mana Pools$(0)$(/l) placed on adjacent sides.	Любой ботаник, в конечном счете, достигает того момента, когда конструкции из одного $(item)Бассейна маны$(0) уже недостаточно. С этим может помочь $(item)Распределитель маны$(0). Если около него вплотную по бокам будут стоять несколько $(item)Бассейнов маны$(0), то в момент, когда $(item)Распред-тель$(0) получит $(thing)ману$(0) через летящие $(thing)сгустки$(0), он равномерно распределит ее по бассейнам.	PASS		Текст читается естественно, ясно и соответствует английскому источнику.	341		
patchouli-lang:botania:botania.page.distributor1	sha256:382cc02a05d7945875d7b3d77c3fd4180fe429aefcff109c5e73b7dee0740941	Crafting the splitter	Создание распределителя	PASS		Текст читается естественно, ясно и соответствует английскому источнику.	23		
patchouli-lang:botania:botania.page.divaCharm0	sha256:7e9dea17eef26e66bb6e44e28e563d07ebaa54f045bd77595efd1917a8237e06	The $(item)Charm of the Diva$(0) blesses its wearer with the power to turn attackers on their comrades; it uses $(thing)Mana$(0) to twist the hearts of mobs that harm its wearer, causing them to go after other nearby hostile mobs instead.	$(item)Шарм дивы$(0) наделяет игрока способностью очарования, и любой атакуемый моб будет следовать воле нападающего игрока. При наличии врагов, очарованный моб пойдёт атаковать их, а не игрока. Это, конечно, потребует затрат небольшого количества $(thing)маны$(0) из инвентаря игрока.	PASS		Текст читается естественно, ясно и соответствует английскому источнику.	262		
patchouli-lang:botania:botania.page.divaCharm1	sha256:7454cb31bf8cefc0e3092e0c4cfeb48a946a61cf85ff85c9a5462044aa339f4c	You shall not disrespect Big Sister	Вы не должны неуважать Большую Сестру!	PASS		Текст читается естественно, ясно и соответствует английскому источнику.	38		
patchouli-lang:botania:botania.page.diviningRod0	sha256:726ef50645da2ba8ff1e84218dc72d92a06ebb85e43ff5a6aec663ad8c5ff495	The $(item)Rod of the Plentiful Mantle$(0) has the ability (for a moderate $(thing)Mana$(0) cost) to divine in a modest radius around its user for ores. These will emit a brief glow through walls, allowing them to be easily seen.$(p)Identical ores will glow identical colors, though colors may not be the same over separate uses.	Как видно из названия, $(item)Жезл Волхвов$(0) может простирать свое сияние в большом радиусе вокруг игрока для подсветки любых найденых руд. Светиться они будут не долго, но их расположение можно будет обнаружить.$(p)Этот процесс, ожидаемо, требует приличного количества $(thing)маны$(0) из инвентаря игрока.	CHANGE	$(item)Жезл Волхвов$(0) за умеренную цену $(thing)Маны$(0) ищет руды в небольшом радиусе вокруг владельца. Найденные руды ненадолго светятся сквозь стены, поэтому их легко заметить.$(p)Одинаковые руды светятся одним цветом, хотя при следующем использовании цвета могут измениться.	Убраны кальки и грамматические ошибки; восстановлены смысл и разметка английского источника.	282	253	0.897
patchouli-lang:botania:botania.page.diviningRod1	sha256:254ff12ddf95c9c9b59d34c8a7c1e3bbdce28c66965109d0d9635c77f96541f4	One day Pahimar will deliver	Однажды Пахимар доставит	PASS		Текст читается естественно, ясно и соответствует английскому источнику.	24		
patchouli-lang:botania:botania.page.diviningRod2	sha256:142a4b7b049aab661bb13b37503010312aaa7158085d019bcdd416fa63e157ce	This rod can be given to a $(l:devices/avatar)$(item)Livingwood Avatar$(0)$(/l). When so given, the avatar will use its $(thing)Mana$(0) to show all nearby ores continually, as if the rod was being used by a player. Glow colors, in this case, will remain the same so long as the avatar isn't moved.	Жезл может быть дан $(item)Тотему из жизнедерева$(0). Когда это будет сделано, он покажет все близлежащие руды, как если бы он использовался игроком. Цвета в этом случае остаются неизменными, если аватар не перемещается. Этот процесс использует $(thing)Ману$(0) из аватара, и его можно отключить, применив к нему сигнал красного камня.	PASS		Текст читается естественно, ясно и соответствует английскому источнику.	312		
patchouli-lang:botania:botania.page.dodgeRing0	sha256:5b8c043d31d2014bcfdfcea2b34869f71a0a81874d013e51a42db60805798256	The $(item)Ring of Dexterous Motion$(0) is a terrific $(thing)Trinket$(0) to dodge damage during duels. Its wearer can double-tap a movement key to hurl themselves in that direction and dodge incoming attacks/mobs.$(p)Dodging has a short cooldown, and burns some of its user's hunger.	$(item)Кольцо ловких движений$(0) - отличная $(thing)Безделушка$(0) для уклонения от урона в дуэлях. Носитель кольца может дважды нажать клавишу движения, чтобы стремительно переместиться в выбранном направлении и избежать атак/мобов.$(p)Уклонение имеет короткий перезарядку и тратит немного голода пользователя.	PASS		Текст читается естественно, ясно и соответствует английскому источнику.	285		
patchouli-lang:botania:botania.page.dodgeRing1	sha256:a982169133ee28f0c7928eff63bbf451429635eb8e2c4aceead32dbf7943c7b1	Dexterity bonus	Бонус к ловкости	CHANGE	Бонус к ловкости	Исправлена неестественная формулировка или языковая ошибка; смысл и разметка сохранены.	16	16	1.000
patchouli-lang:botania:botania.page.dreadthorne0	sha256:98cdc3b3b4c875f56bf178d87bf87a9039b1b43d572783057ecb7ba687cdbedc	The $(item)Dreadthorne$(0) is a slightly more specialized counterpart to the $(l:functional_flowers/bellethorne)$(item)Bellethorne$(0)$(/l): instead of $(o)all$() nearby beings, it only harms $(thing)adult animals$(0).	$(item)Страшношип$(0) представляет собой более специфический аналог $(item)Звоношипа$(0), который, в отличие от него, будет повреждать только $(thing)взрослых$(0) животных и больше никого.	PASS		Текст читается естественно, ясно и соответствует английскому источнику.	154		
patchouli-lang:botania:botania.page.dreadthorne1	sha256:e8aaaa65ef3f44d4408d4e6e07d0dbe099e258633d618f1330d120f2220e9917	$(o)It's a modus operandi$().	$(o)Нет Mr.Бонд, Я жду, чтобы Вы умерли$(0).	PASS		Текст читается естественно, ясно и соответствует английскому источнику.	36		
patchouli-lang:botania:botania.page.dreamwoodSpreader0	sha256:ce006e4b22c41ed648ca203762dd2c9259bf3901945b154e094634a57d5a4d89	When it comes right down to it, $(l:alfhomancy/elf_resources)$(item)Dreamwood$(0)$(/l) simply conducts $(thing)Mana$(0) better than $(l:basics/pure_daisy)$(item)Livingwood$(0)$(/l). A few adjustments in recipe (like substituting $(l:alfhomancy/elf_resources)$(item)Elementium$(0)$(/l) for $(item)Copper$(0)) yield an $(item)Elven Mana Spreader$(0), which conducts more $(thing)Mana$(0), faster, and for longer without $(thing)Mana Loss$(0).$(p)Unfortunately, these can't be turned into $(l:mana/redstone_spreader)$(item)Pulse Mana Spreaders$(0)$(/l).	Говоря простым языком, $(item)Древесина мечтаний$(0) намного лучше проводит $(thing)Ману$(0), чем $(item)Жизнедерево$(0). Также положив в окно верстака $(item)Элементий$(0) вместо $(item)Золота$(0), Вы получите $(item)Распространитель$(0), способный проводить больше $(thing)Маны$(0) и работать быстрее. Время, после которого начнется $(thing)Потеря маны$(0), также возрастет. Единственный минус в том, что его нельзя превратить в $(item)Красный распространитель$(0).	PASS		Текст читается естественно, ясно и соответствует английскому источнику.	365		
patchouli-lang:botania:botania.page.dreamwoodSpreader1	sha256:ead5d9693d3b39dbd4318b148bfc83d191b053cdb9bc8709d450ab0225db63f2	Better spreaders, that's it	Просто лучше, вот и все	PASS		Текст читается естественно, ясно и соответствует английскому источнику.	23		
patchouli-lang:botania:botania.page.dreamwoodSpreader2	sha256:d77ddcd2ea0f5ef9ddaa3bea971ef9f7d7bd69884df7a7815a4ede42a7b6a443	Combining this already-powerful spreader with a $(l:alfhomancy/gaia_ritual)$(item)Gaia Spirit$(0)$(/l) and a $(l:alfhomancy/elf_resources)$(item)Dragonstone$(0)$(/l) gem yields an even more potent variant. The $(item)Gaia Spreader$(0) is the gold standard of $(l:mana/spreader)$(item)Mana Spreaders$(0)$(/l), with upgrades pretty much all around.$(p)Do note that these spreaders fire larger payloads at once (and thus might fire less often).	Соединив этот и без того мощный распространитель с $(item)Духом Гайи$(0) и $(item)Камнем дракона$(0), можно создать еще более мощный вариант. $(item)Распространитель маны Гайи$(0) является лучшим в своем роде, с апгрейдами на каждом шагу.$(p)Следует отметить, что эти распространители стреляют большим по объему сгустком, из-за чего могу срабатывать немного реже.	PASS		Текст читается естественно, ясно и соответствует английскому источнику.	326		
patchouli-lang:botania:botania.page.dreamwoodSpreader3	sha256:b57e7dd05bcb5b09277df6f871eb486eacc4e9e9c00ff9032faae3743771a2f4	The ultimate Mana Spreader	УЛЬТРА_РАСПРОСТРАНИТЕЛЬ	PASS		Текст читается естественно, ясно и соответствует английскому источнику.	23		
patchouli-lang:botania:botania.page.elfGear0	sha256:194ba302653021a1fbe39556884806fd533b28ad9fe81db68d9e7fc91f52be30	Similarly to other metals, $(l:alfhomancy/elf_resources)$(item)Elementium$(0)$(/l) can be shaped into tools and armor.$(p)The respective armor components each have decent damage resistances (same as manasteel armor), as well as the ability to drain $(thing)Mana$(0) to heal damage.	Аналогично другим металлам, как ожидалось, $(item)Элементиум$(0) может быть использован для создания брони и оружия.$(p)Это оборудование будет иметь достойное сопротивление повреждению (около половины от алмазной), а также возможностью поглощения маны вместо повреждения.	CHANGE	Как и другие металлы, $(l:alfhomancy/elf_resources)$(item)Элементий$(0)$(/l) подходит для инструментов и брони.$(p)Части брони имеют хорошую защиту, как манастальная броня, и могут тратить $(thing)Ману$(0), чтобы восстанавливать прочность.	Убраны кальки и грамматические ошибки; восстановлены смысл и разметка английского источника.	256	178	0.695
patchouli-lang:botania:botania.page.elfGear1	sha256:61f06f2a44fbea73de0cf8e1e8103335603398c9ec6d0e2f96fc0ed736dbc577	Each piece of armor will, when its bearer is harmed, have a chance to spawn a $(thing)Pixie$(0) to fly after the aggressor, dealing some decent damage.$(p)The more pieces of $(item)Elementium Armor$(0) equipped, the higher the chance becomes. Additionally, each of the tools in the set comes with its own unique ability.	Каждый предмет из Элементия содержит дополнительную способность, что делает его уникальным.$(p)Броня, при получении урона, даёт шанс породить $(item)Пикси$(0), которая нанесёт атакующему приличный урон. Чем больше частей $(item)Элементиевой брони$(0) надето, тем выше шанс её появления.	CHANGE	При получении урона каждая часть брони может призвать $(thing)Пикси$(0), которая полетит за нападавшим и нанесёт хороший урон.$(p)Чем больше надето частей $(item)Элементиевой брони$(0), тем выше шанс. У каждого инструмента набора есть собственная способность.	Убраны кальки и грамматические ошибки; восстановлены смысл и разметка английского источника.	260	232	0.892
patchouli-lang:botania:botania.page.elfGear10	sha256:30d5fe71af01384909ca2e0ebef5cd7ef903f58a46044370de1706721a328d5f	Finally, the $(item)Elementium Sword$(0), when held, increases the chance of a $(thing)Pixie$(0) spawning when hit (this holds true even when no $(item)Elementium Armor$(0) is worn), and augments the strength of any $(thing)Pixies$(0) spawned.	И наконец, $(item)Элементиевый меч$(0), который при ударе по мобам, повышает вероятность призыва $(thing)Пикси$(0) (работает не зависимо от ношения $(item)Элементиевой брони$(0)) и силу призваной $(thing)Пикси$(0).	PASS		Текст читается естественно, ясно и соответствует английскому источнику.	168		
patchouli-lang:botania:botania.page.elfGear11	sha256:e664bcdf686282fca0d53fd78e927eca285e49fd23ebe76f99864f8fc1ee7b99	The $(item)Elementium Sword$(0)	$(item)Меч из элементия$(0)	PASS		Текст читается естественно, ясно и соответствует английскому источнику.	16		
patchouli-lang:botania:botania.page.elfGear12	sha256:ca2fa884ee7d1f963a367c4232e6147eef582e8c6e229298f842dbf056e1ae97	The $(item)Elementium Helmet$(0)	$(item)Шлем из элементия$(0)	PASS		Текст читается естественно, ясно и соответствует английскому источнику.	17		
patchouli-lang:botania:botania.page.elfGear13	sha256:4a76059b1dfb052640361f4096b7bf3d20e597a9b3dbbee94a5ce37e25a45cba	The $(item)Elementium Chestplate$(0)	$(item)Кираса из элементия$(0)	PASS		Текст читается естественно, ясно и соответствует английскому источнику.	19		
patchouli-lang:botania:botania.page.elfGear14	sha256:8d88eed339c52829b5bb05a44b946f905e726a70766f0f2b438d26f6f1f6ef9a	The $(item)Elementium Leggings$(0)	$(item)Поножи из элементия$(0)	PASS		Текст читается естественно, ясно и соответствует английскому источнику.	19		
patchouli-lang:botania:botania.page.elfGear15	sha256:68ce4944401df87671b2a0a1ec39d3f70bb359842edd411e9bf9093628c87a81	The $(item)Elementium Boots$(0)	$(item)Ботинки из элементия$(0)	PASS		Текст читается естественно, ясно и соответствует английскому источнику.	20		
patchouli-lang:botania:botania.page.elfGear2	sha256:f65f09795c81bfd4582ef623497b6a1ab66ab2d3d227b86197540209b838171c	First, the $(item)Elementium Pickaxe$(0) will clear away $(item)Cobblestone$(0), $(item)Dirt$(0), $(item)Netherrack$(0), and other common materials, leaving behind only ores and fine resources. Certain blocks are considered $(o)semi-disposable$(), meaning they won't be voided when broken while sneaking. $(p)Combining the $(item)Elementium Pickaxe$(0) with a $(l:tools/terra_pick)$(item)Terra Shatterer$(0)$(/l) in a crafting square allows for the latter to take on the former's power. This can't be undone.	$(item)Элементиевая кирка$(0) может уничтожать $(item)Булыжник$(0), $(item)Землю$(0), $(item)Адский камень$(0) и другие малоценные блоки, оставляя только руды и редкие ресурсы.$(p)Соединение на верстаке $(item)Землекрушителя$(0) и $(item)Элементиевой кирки$(0), позволит первому получить её способности. Этот процесс необратим.	LENGTH_EXCEPTION	$(item)Элементиевая кирка$(0) убирает $(item)Булыжник$(0), $(item)Землю$(0), $(item)Адский камень$(0) и другие обычные материалы, оставляя руды и ценные ресурсы. Некоторые блоки считаются $(o)условно расходуемыми$(): при добыче с зажатым Shift они не исчезают.$(p)Соедините $(item)Элементиевую кирку$(0) с $(l:tools/terra_pick)$(item)Землекрушителем$(0)$(/l) на верстаке, чтобы передать способности первой второму. Это необратимо.	Для полного и естественного варианта требуется превысить мягкий лимит длины.	257	327	1.272
patchouli-lang:botania:botania.page.elfGear3	sha256:ced1ab7222529273b5b543be454d3f980e401287fe16be3b57f4518a86fcf6f2	The $(item)Elementium Pickaxe$(0)	$(item)Кирка из элементия$(0)	PASS		Текст читается естественно, ясно и соответствует английскому источнику.	18		
patchouli-lang:botania:botania.page.elfGear4	sha256:e1ec6ed0efd45339ecded27e5cf48d3f62f858853c7c869a72dea401c326e3aa	The $(item)Elementium Shovel$(0) will, if the block broken is affected by gravity ($(item)Gravel$(0), $(item)Sand$(0), etc), also destroy all blocks of that material above/below it. No more gravel falling while mining!	$(item)Элементиевая лопата$(0) позволяет копать сыпучие блоки ($(item)гравий$(0), $(item)песок$(0), и т.д.), выкапывая сразу всё, и сверху, и снизу. Больше не будет падающего гравия во время добычи.	PASS		Текст читается естественно, ясно и соответствует английскому источнику.	165		
patchouli-lang:botania:botania.page.elfGear5	sha256:476c37cb2edb1afa1754e18d03fcbfd864bc5a2599697fc54deccbac300a7dc0	The $(item)Elementium Shovel$(0)	$(item)Лопата из элементия$(0)	PASS		Текст читается естественно, ясно и соответствует английскому источнику.	19		
patchouli-lang:botania:botania.page.elfGear6	sha256:2afd9a50186f075adc190394732d149497eb2bfe74ecd7ed79d4344df878ccb0	The $(item)Elementium Axe$(0) doubles as a weapon. If used to deal the finishing blow to any $(thing)Zombie$(0) or $(thing)Skeleton$(0) variant, $(thing)Creeper$(0), $(thing)Piglin$(0), or other $(thing)Player$(0), it may decapitate its victim, leaving a severed head or skull behind.$(p)Unlike usual axes, the $(item)Elementium Axe$(0) supports the $(thing)Looting$() enchantment, which will increase the chance of skull drops.	$(item)Элементиевый топор$(0) при использовании в качестве оружия, при добивании $(thing)Зомби$(0), $(thing)Скелетов$(0), $(thing)Криперов$(0) или даже других $(thing)Игроков$(0), даёт шанс обезглавить их, оставляя голову или череп в качестве трофея.	PASS		Текст читается естественно, ясно и соответствует английскому источнику.	191		
patchouli-lang:botania:botania.page.elfGear7	sha256:02c6af3fe36057a6886031d3804f998a5255487ace2d6d5c708e6a74858e7a80	The $(item)Elementium Axe$(0)	$(item)Топор из элементия$(0)	PASS		Текст читается естественно, ясно и соответствует английскому источнику.	18		
patchouli-lang:botania:botania.page.elfGear7a	sha256:686c1e03d1486095ba6b85eb9328bd3bdf797fece0d27eb53c105a8d2f5b1e18	The $(item)Elementium Hoe$(0) will instantly moisten farmland it creates, regardless of proximity to water, or whether water can even exist in the vicinity. Perfect for impatient farmers!	$(item)Мотыга из элементия$(0) мгновенно увлажняет созданную ею пашню, независимо от близости воды или возможности её существования поблизости. Отлично подходит для нетерпеливых фермеров!	PASS		Текст читается естественно, ясно и соответствует английскому источнику.	176		
patchouli-lang:botania:botania.page.elfGear7b	sha256:7af4fe7ba276f859fc42ba26fcf466eeafebadf189af936928f44895cdec9a14	The $(item)Elementium Hoe$(0)	$(item)Мотыга из элементия$(0)	PASS		Текст читается естественно, ясно и соответствует английскому источнику.	19		
patchouli-lang:botania:botania.page.elfGear8	sha256:005d1b61db54ab9f932aaef69b33f44bdf9a15e27f503678df738c65efab1075	The $(item)Elementium Shears$(0) can, when drawn back like a bow, speedily shear nearby sheep within a large area of effect centered on the holder.	$(item)Элементиевые ножницы$(0) при зажатии ПКМ, как у лука, способны подстричь всех овец в большом радиуса от игрока, держащего ножницы.	PASS		Текст читается естественно, ясно и соответствует английскому источнику.	126		
patchouli-lang:botania:botania.page.elfGear9	sha256:b6a37a05c540ad8b7e5c92f8c9da8a5903c6478a9d3b85708edad066746b3c1d	The $(item)Elementium Shears$(0)	$(item)Ножницы из элементия$(0)	PASS		Текст читается естественно, ясно и соответствует английскому источнику.	20		
patchouli-lang:botania:botania.page.elfMessage1	sha256:2ad813db8f803c3115a8e547ec4f9a025799d65ba1bda78232cb537316f5e606	$(o)Greetings. We found this book when one of our old portal frames spontaneously opened a link to another world-- quite a shock for us indeed. On behalf of all Elven Garde, we thank you sincerely for providing us with a repository of the knowledge from your world. It's been a while since we had to leave, so it's good to see that it's been doing well.	$(o)Приветствуем! Мы заметили, что наш портал открыл связь с другим миром. И это довольно шокирующая новость для нас! Мы благодарим Вас за предоставление нам книги знаний Вашего мира, чтобы держать нас в курсе всего, что произошло, так как мы оставили этот мир, давным-давно.	PASS		Текст читается естественно, ясно и соответствует английскому источнику.	271		
patchouli-lang:botania:botania.page.elfMessage2	sha256:d801dd8d6396cf72af29bddf36d0b29cfe7efeac8024e408635d8232053babda	"$(o)After extensive discussion within the High Council of Elven Garde, we have decided to cooperate with you. You see, your ""Lexica Botania"" makes references to certain resources from your world that we might be extremely keen to get our hands on-- these resources are simply non-existent in our lands."	"$(o)После некоторых дискуссий с верховным консулом Эльфийских Садов, мы решили объединить усилия. Прочитав Ваш ""Лексикон Ботании"" мы обнаружили в Вашем мире наличие большого количества ресурсов, которые мы чрезвычайно заинтересованы получить в свои руки, так как они не существуют на наших землях."	PASS		Текст читается естественно, ясно и соответствует английскому источнику.	293		
patchouli-lang:botania:botania.page.elfMessage3	sha256:bcb7675b40b1fba5cab11775b0fa0a8f50bc6a07823e6d75fa0a5fcae5d04a02	$(o)The link you've established is, unfortunately, too weak to transfer living beings-- this seems to be a consequence of the sheer distance between our realms. A pity: we would have liked to meet our trading partner in person. However, on the upside, the link allows us to change the synchronization of time across our worlds-- which is how you will receive your book back so quickly, at least from your perspective.	$(o)Связь, которую Вы сумели установить, слаба, живые существа не смогут пройти, как Вы уже знаете. Однако в этом есть и положительная сторона, связь проходит сквозь ткань времени обоих наших миров, по пути теряя синхронизацию, поэтому Вы получили Вашу книгу обратно так быстро.	PASS		Текст читается естественно, ясно и соответствует английскому источнику.	274		
patchouli-lang:botania:botania.page.elfMessage4	sha256:b25501bcbb3691fdc2b79d4a63867ee98c0d48c5ef40edaca44662a31d13cf91	$(o)We're well-stocked on Mana and other magical energies, so worry not about the portal closing on our end. In fact, to be blunt, our offer is as follows: for the advancement of both of our civilizations, we vow to provide certain resources you lack in your world, in exchange for certain resources from yours that we lack in ours.	$(o)Что касается расхода маны и других магических энергий - у нас большие запасы, так что беспокоиться о закрытии портала с нашей стороны не стоит. Давайте рассмотрим перспективы, для того, чтобы обеспечить будущее обоих наших цивилизаций. Мы гарантируем, что будем принимать набор нужных нам ресурсов из вашего мира в обмен на ресурсы, которых нет в вашем мире.	PASS		Текст читается естественно, ясно и соответствует английскому источнику.	358		
patchouli-lang:botania:botania.page.elfMessage5	sha256:0a29a917cf0f322ceaa8a360d094cd93f2862e24bde39d9e3949d577d37922f2	$(o)We have taken the liberty of assigning our best scribes to transcribe the bulk of the knowledge from our world into your lexicon. We hope you find it enlightening, and that the knowledge encourages you to invest in our materials.	$(o)Мы взяли на себя смелость, и дали задание нашим лучшим писцам, собрать большой набор знаний из нашего мира, которым мы готовы поделиться. Вы можете найти эти знания в своём Лексиконе. Надеемся, Вы найдете их поучительными и что они поощрят вас использовать наши материалы для создания этих уникальных предметов.	PASS		Текст читается естественно, ясно и соответствует английскому источнику.	311		
patchouli-lang:botania:botania.page.elfMessage6	sha256:8ffeb3b0144672f4c8ecbcc9a48544faba29dc1bf75d211100b3520aa55404c7	$(o)Please be forewarned that if you do decide to send us an item we have not vowed to trade for, we will assume it to be a gift and keep it for ourselves. We thank you again, and look forward to exchanging resources with you.$(p)Best Regards, the High Council of Elven Garde.	$(o)И последнее, но не менее важное, имейте в виду, что если вы решите отправить то, чем мы не договаривались торговать, будем считать это подароком и оставим его у себя без дополнительного предупреждения. Мы с нетерпением ждем обмена ресурсами с вами.$(p)С уважением, Высший совет Эльфийских садов.	PASS		Текст читается естественно, ясно и соответствует английскому источнику.	291		
patchouli-lang:botania:botania.page.elfResources0	sha256:77b8af7c9632ef545d7ad2b99d8bd195b99feacaad1947d03979bdda73919521	$(thing)Alfheim$(0) contains a myriad of valuable resources. Unfortunately, most of them are rather scarce due to competition between the various $(thing)Elven$(0) clans. The Elves you have contacted are interested in trading resources native to their lands, such as $(item)Dreamwood$(0), $(item)Elementium$(0), $(item)Pixie Dust$(0) and $(item)Dragonstones$(0).	$(thing)Эльфхейм$(0) содержит очень разнообразный набор изысканных ресурсов. К сожалению, большинство их крайне редки и труднодобываемы, в связи с конкуренцией между кланами. Эльфы заинтересованы в обмене некоторыми материалами, такими как $(item)Древесина мечтаний$(0), $(item)Элементий$(0), $(item)Пыльца фей$(0) или $(item)Камень дракона$(0), на ресурсы Вашего мира.	PASS		Текст читается естественно, ясно и соответствует английскому источнику.	313		
patchouli-lang:botania:botania.page.elfResources1	sha256:100c0c4faf7ebed3b43b3292f4fefd558204c57527fc322a8f84646dc783df34	$(item)Dreamwood$(0) can also be crafted into decorative blocks like $(l:misc/decorative_blocks)$(item)Livingwood$(0)$(/l) can.	Обмен $(item)Древесины мечтаний$(0)	PASS		Текст читается естественно, ясно и соответствует английскому источнику.	24		
patchouli-lang:botania:botania.page.elfResources2.title	sha256:64fe5d808d2549d168067c882b34f3728a4b224e442ba38816930cc861de8fb2	Dreamwood Twigs	Ветки Древа Мечтаний	PASS		Текст читается естественно, ясно и соответствует английскому источнику.	20		
patchouli-lang:botania:botania.page.elfResources3	sha256:52cb9da15f7eb42de66c5f9531d4b95add545a23c991294588eee4377039ec21	Trading for $(item)Elementium$(0)	Обмен $(item)Элементия$(0)	PASS		Текст читается естественно, ясно и соответствует английскому источнику.	15		
patchouli-lang:botania:botania.page.elfResources4	sha256:ba26762ca45f89925b9a8c56069317c3f61964bc96a09eaf75a7a1de82957b68	Trading for $(item)Pixie Dust$(0)	Обмен $(item)Пыльцы фей$(0)	PASS		Текст читается естественно, ясно и соответствует английскому источнику.	16		
patchouli-lang:botania:botania.page.elfResources5	sha256:ec6efe0ee2751ad135a177d1b25f9b8f7bb7e06d21e37e56ce39385af8009531	Trading for $(item)Dragonstone$(0)	Обмен $(item)Драконьего камня$(0)	PASS		Текст читается естественно, ясно и соответствует английскому источнику.	22		
patchouli-lang:botania:botania.page.elfResources6	sha256:4757f0560edd3f179bf19048ad551ba7e0b10ba67a0e081085eba3c6d48c3ebe	The $(thing)Elves$(0) also have their eyes on that white posh-looking material from the $(thing)Nether$(0), $(item)Nether Quartz$(0), as the stuff they have in their world is tinted green. This quartz holds no functional difference to other types of quartz, including normal $(item)Nether Quartz$(0) and any of its decorative variants.	$(item)Эльфы$(0) также довольно заинтересованы в строительстве шикарного белого квартала из $(thing)Незера$(0), $(item)Незер-кварца$(0), так как их мир имеет зелеёый оттенок. Эльфийский кварц используется также как и любой другой, будь то простой кварц или любой из вариантов декоративного. Вы можете найти информацию о нем в статье $(thing)Декоративные блоки$(0) из раздела $(thing)Разное$(0).	PASS		Текст читается естественно, ясно и соответствует английскому источнику.	336		
patchouli-lang:botania:botania.page.elfResources7	sha256:ef82d0a82171a00a74e0a12918c12b778703d3dd8eda4a1d3d274ad8673efbe6	Trading for $(item)Elven Quartz$(0)	Обмен $(item)Эльфийского кварца$(0)	PASS		Текст читается естественно, ясно и соответствует английскому источнику.	24		
patchouli-lang:botania:botania.page.elfResources8	sha256:b6b23c14f6824c8bb15c60060eb2cd41d5c507c587e24d9e1a9db5fc31e2d4b2	$(thing)Alfheim$(0) also has its own variant of $(item)Glass$(0) called $(item)Alfglass$(0). It's quite transparent, and its patterning looks different depending on where it's placed.$(p)The $(thing)elves$(0) will trade this for $(l:mana/pool)$(item)Managlass$(0)$(/l).	Эльфхейм имеет также собственный вариант $(item)Стекла$(0), называемого $(item)Эльфийское стекло$(0). Оно выглядит довольно просто, но его узоры случайны (зависят от того, где оно расположено).	PASS		Текст читается естественно, ясно и соответствует английскому источнику.	171		
patchouli-lang:botania:botania.page.elfResources9	sha256:c9cefff6e4fb440a584da7df9a07e5f260c1ddf1e7787fe3f7b1ee22ec4b7a55	Trading for $(item)Alfglass$(0)	Обмен $(item)Эльфийского стекла$(0)	PASS		Текст читается естественно, ясно и соответствует английскому источнику.	24		
patchouli-lang:botania:botania.page.elvenLenses0	sha256:59d9737683bb9aae0a76c85d11b46cc0d30d16986eb6320f5da1c77fe87f534e	The knowledge of Alfheim's Mana-handling methods comes, of course, with an array of new and useful $(l:mana/lens)$(item)Mana Lenses$(0)$(/l).$(p)Unlike common overworld-y lenses, these are a bit more distinctive in their uses...	С новыми знаниями из Альвхейма по управлению маной прибыли и записи о новых $(item)Линзах$(0), с которыми можно поэкспериментировать.$(p)В отличие от обычных линз, эти имеют немного больше применений...	PASS		Текст читается естественно, ясно и соответствует английскому источнику.	187		
patchouli-lang:botania:botania.page.elvenLenses1	sha256:f5085de56f0f93cae081a000e2b0f176cf0267f39fbfc89e94f196d5efeae332	First off, the $(item)Paintslinger Lens$(0). This lens needs to be dyed one of the 16 colors of the spectrum to function. When a burst that's passed through it hits a colorable block ($(item)Wool, Stained Clay$(0) or $(item)Glass$(0)...), it'll turn that block (and any connected blocks of the same type and color) into the color of the $(thing)Mana Burst$(0). It seems to work on $(thing)Sheep$(0) too.	И первой будет $(item)Краскоотражающая линза$(0). Для того чтобы она заработала, нужно покрасить ее в один из 16-ти цветов. Когда сгусток с этим эффектом попадёт в блок, который можно окрасить ($(item)Шерсть, Обожженная глина, Стекло$(0)...), он покрасит его и соединенные с ним блоки одного цвета в цвет самого $(thing)сгустка маны$(0). Кажется, это работает и с $(thing)овцами$(0).	PASS		Текст читается естественно, ясно и соответствует английскому источнику.	337		
patchouli-lang:botania:botania.page.elvenLenses10	sha256:ddecd89daf73b8e94d57392375ec03715c14747e9e883c24036978dd6bef33fc	Flare Lens	Линза сияния	PASS		Текст читается естественно, ясно и соответствует английскому источнику.	12		
patchouli-lang:botania:botania.page.elvenLenses11	sha256:d5c36c3490558dad5b7082f8aff43c52c0e97596f406ced6b54ff864a4411564	The $(item)Tripwire Lens$(0) is another $(thing)Control Lens$(0).$(p)A spreader with it attached will only be allowed to fire if the burst would hit a mob or player.	$(item)Линза растяжки$(0) - это ещё одна $(thing)управляющая линза$(0).$(p)Распространитель маны, к которому она прикреплена, сможет выстрелить только в том случае, если на пути $(thing)сгустка маны$(0) окажется любое живое существо, включая игрока.	PASS		Текст читается естественно, ясно и соответствует английскому источнику.	210		
patchouli-lang:botania:botania.page.elvenLenses12	sha256:be41349e872cc419812e56e61065ed1fc3351ede6f053c81dfb0950b3b0e140f	Tripwire Lens	Линза растяжки	PASS		Текст читается естественно, ясно и соответствует английскому источнику.	14		
patchouli-lang:botania:botania.page.elvenLenses2	sha256:356d867c3dda8721c92a7ddb72143241d89077b458dc57c3616cf22ac5ecf66e	Paintslinger Lens	Краскоотражающая линза	PASS		Текст читается естественно, ясно и соответствует английскому источнику.	22		
patchouli-lang:botania:botania.page.elvenLenses3	sha256:5aa80303a9cd96b25efb265e118fcf8c08851772c4eb66335c8816967d687f62	The $(item)Warp Lens$(0) is an interesting one. A burst under its effects that collides with a $(l:ender/piston_relay)$(item)Force Relay$(0)$(/l) will teleport to the target of said $(l:ender/piston_relay)$(item)Force Relay$(0)$(/l), maintaining its momentum, but making its $(thing)Mana$(0) irrecoverable.$(p)Furthermore, when it's combined with a $(item)Bore Lens$(0) (the $(item)Bore Lens$(0) must be first), it'll prevent bursts from breaking $(l:ender/piston_relay)$(item)Force Relays$(0)$(/l) or $(item)Pistons$(0), and teleport any blocks broken by the $(item)Bore Lens$(0) to the burst's origin.	Интересна и $(item)Линза искажения$(0). Если сгусток с таким эффектом попадет в $(item)Силовое реле$(0), он переместится к блоку, привязанному к этому самому $(item)реле$(0), сохранив при этом свой импульс (направление). Более того, если объединить ее с $(item)Линзой бурения$(0) ($(item)Линза бурения$(0) должна быть главной), то она будет ломать блоки, стоящие у сгустка на пути, кроме $(item)Силовых реле$(0) и $(item)Поршней$(0) и телепортировать их к месту, откуда был запущен сгусток.	PASS		Текст читается естественно, ясно и соответствует английскому источнику.	413		
patchouli-lang:botania:botania.page.elvenLenses4	sha256:435fbaa7374d8735939c46f3f8bc945e2aa3974d29a6ce1fc15cd92c1a0b4376	Warp Lens	Линза искажения	PASS		Текст читается естественно, ясно и соответствует английскому источнику.	15		
patchouli-lang:botania:botania.page.elvenLenses5	sha256:d9e7b9c61a336fdc415168b682728dfaf9789c28a13cd36e7a3105d7388224b4	A burst affected by the $(item)Redirective Lens$(0) will make any $(l:mana/spreader)$(item)Mana Spreaders$(0)$(/l) or entities it collides with face towards the block or entity that fired the burst.	$(item)Перенаправляющая линза$(0) будет работать только с тем сгустком, который вылетел непосредственно из $(item)Распространителя$(0). Если любой сгусток с этим эффектом попадет в другой $(item)Распространитель маны$(0), то последний не только передаст $(thing)ману$(0), но и повернет распространитель в ту сторону, откуда был выпущен сгусток.	PASS		Текст читается естественно, ясно и соответствует английскому источнику.	299		
patchouli-lang:botania:botania.page.elvenLenses6	sha256:383fa381ebcbe6fd4c4bbe0bd9e74f77b799fb06508467e450d98f3031acf7ce	Redirective Lens	Перенаправляющая линза	PASS		Текст читается естественно, ясно и соответствует английскому источнику.	22		
patchouli-lang:botania:botania.page.elvenLenses7	sha256:9f7084df100bca59fa316e4f1b1255ed98a605cb4e78dd27ee8fdd89486fbd16	The $(item)Celebratory Lens$(0) functions much like the common $(item)Entropic Lens$(0); however, instead of an explosion, it creates a festive firework dyed the color of the burst.	$(item)Праздничная линза$(0) работает почти также, как и $(item)Линза энтропии$(0), вот только заместо взрыва она создает праздничный фейерверк, который будет окрашен в цвет сгустка.	PASS		Текст читается естественно, ясно и соответствует английскому источнику.	160		
patchouli-lang:botania:botania.page.elvenLenses8	sha256:a457b7c60944b3a70119d14bb45655a8332f5af0ab286644b7a524a3a41a025f	Celebratory Lens	Праздничная линза	PASS		Текст читается естественно, ясно и соответствует английскому источнику.	17		
patchouli-lang:botania:botania.page.elvenLenses9	sha256:0b33f4f667a0ada1305d2ac0b64b334e898c295d843b5e7da4e17d14d9ecf190	The $(item)Flare Lens$(0) takes over a $(l:mana/spreader)$(item)Mana Spreader$(0)$(/l)'s functionality, preventing it from firing any bursts. This type of lens is called a $(thing)Control Lens$(0).$(p)The effect of this particular $(thing)Control Lens$(0) is to make the spreader fire a continuous particle burst of the color the lens is dyed, in the direction the spreader is aimed. No mana is consumed; there're surely plenty of decorative uses for this.	$(item)Линза сияния$(0) подчиняет себе $(item)Распространитель маны$(0), предотвращая запуск любых сгустков. Вместо этого, распространитель начинает непрерывно испускать сгустки из частиц, окрашенных в цвет линзы и летящих в заданном направлении.$(p)Эта линза, несомненно, имеет множество применений в качестве декорации.	PASS		Текст читается естественно, ясно и соответствует английскому источнику.	295		
patchouli-lang:botania:botania.page.elvenLore0	sha256:5a167c5eb583410dc0af491f272af60544f61a4971c6648100de4f8082e9484e	$(o)This entry appears to be a set of papers torn out of an Elven Garde tome. While it may prove useful for learning about history, it's doubtful that it will provide any insight into the study of botany.	$(o)Эта запись выглядит как набор страниц, вырванных из книги Эльфийской Гвардии. Хотя она может быть полезной для изучения истории, маловероятно, что она даст какие-либо знания о ботании.	PASS		Текст читается естественно, ясно и соответствует английскому источнику.	184		
patchouli-lang:botania:botania.page.elvenLore1	sha256:31e6acfa741ec47fa4839445e8c97236f10d14d618f2f3b685636ccabf05b906	It has been millenia since the event known as The Shattering tore the worlds asunder. Very few know the truth of what happened on that day, and this account seeks to remedy that.	Прошло тысячелетие с тех пор, как событие, известное как Раскол, разорвало миры на части. Очень немногие знают правду о том, что произошло в тот день, и этот рассказ стремится исправить это.	PASS		Текст читается естественно, ясно и соответствует английскому источнику.	190		
patchouli-lang:botania:botania.page.elvenLore2	sha256:ef7d89184f12541392309a90caab51f817fd0afbc87a86677881779c33e8edc1	It began when Nidavellir was struck by an earthquake that collapsed the majority of the realm. While the Dwarves' incredible strength and durability allowed them to survive and preserve certain things, most of their technology and culture was lost to the void between worlds.	Всё началось, когда Нидавеллир был потрясён землетрясением, которое разрушило большую часть мира. Хотя невероятная сила и стойкость Гномов позволили им выжить и сохранить некоторые вещи, большая часть их технологий и культуры была утрачена в пустоте между мирами.	PASS		Текст читается естественно, ясно и соответствует английскому источнику.	263		
patchouli-lang:botania:botania.page.elvenLore3	sha256:0db539fce826cf3c9dd9a810cb533b3c7e6b5e7c4e72199c437d4850fa8be116	This disturbance caused Muspelheim to break free from its tether on the World Tree herself. It crashed into the far realm of Midgard, fusing with it in a storm of fire that left no life remaining there. Many of us believe that the goddess Hel had a hand in Muspelheim's fall, but no concrete evidence was ever found.	Эта катастрофа привела к тому, что Муспельхейм освободился от связи с Мировым Древом. Он врезался в далёкий мир Мидгард, слившись с ним в буре огня, не оставившей в нём никакой жизни. Многие из нас верят, что богиня Хель сыграла роль в падении Муспельхейма, но конкретных доказательств этому найдено не было.	PASS		Текст читается естественно, ясно и соответствует английскому источнику.	308		
patchouli-lang:botania:botania.page.elvenLore4	sha256:8eb57b0f518681270d30d55196a8b67c0f81efe0fedb381ba693ea1bc84b2035	The quakes managed to reach Jotunheim, cracking the earth and massacring the Giants. We do not know whether they have truly died out, but the Giants have not resurfaced since. Niflheim remained perfectly still, despite Muspelheim's fall-- a major factor in the theories about Hel. However, since it contains no known life besides the goddess herself, we are unworried about any damage incurred there.	Землетрясения достигли Йотунхейма, расколов землю и уничтожив Великанов. Мы не знаем, вымерли ли они на самом деле, но с тех пор Великаны больше не появлялись. Нифльхейм остался совершенно неподвижным, несмотря на падение Муспельхейма — это важный аспект теорий о Хель. Однако, поскольку в Нифльхейме, помимо самой богини, нет известных живых существ, нас не беспокоит возможный ущерб там.	PASS		Текст читается естественно, ясно и соответствует английскому источнику.	389		
patchouli-lang:botania:botania.page.elvenLore5	sha256:99fc484749903436796f809acdd1df73c7d552e84902371b104484ae59b65f45	We of Alfheim were dealt a great blow, but some worse than others. As the Salamander and Undine clans depend greatly on their respective volcanic and aquatic environments, the disruption of those environments decimated the population. Conversely, the Sylph, being a nomadic clan who preferred the sky to the land, remained largely unscathed. Their cousins the Spriggan, nomads as well, were also able to survive relatively intact.	Мы, из Альвхейма, понесли огромные потери, но некоторые из нас пострадали сильнее других. Поскольку кланы Саламандр и Ундин в значительной степени зависят от своих вулканических и водных сред, разрушение этих сред уничтожило их население. Напротив, Сильфы, являясь кочевым кланом, который предпочитает небо земле, остались в значительной степени невредимыми. Их кузены, Спригганы, также кочевники, смогли выжить относительно целыми.	PASS		Текст читается естественно, ясно и соответствует английскому источнику.	432		
patchouli-lang:botania:botania.page.elvenLore6	sha256:702e4dd3652105542497d73cfe7c748f841d5f5249aa193dbf244d995704284a	Our Sylph emissary to Asgard, Allewyn, witnessed the beginning of it all: Thor turning Mjölnir upon the Bifrost, shattering it. Her command to evacuate our entire Midgardian population saved thousands of lives. Although she seemed outwardly unharmed as she arrived on the crest of a wave of crumbling Bifrost to warn us, the toll of the journey caused her to pass away shortly after.	Наша Сильфийская посол в Асгард, Аллевин, стала свидетельницей начала всего: Тор, используя Мьёльнир на Бифросте, разрушил его. Её приказ об эвакуации всего нашего населения Мидгарда спас тысячи жизней. Несмотря на то что она прибыла к нам на гребне волны обрушившегося Бифроста и казалась внешне невредимой, тяжесть путешествия вскоре привела к её смерти.	PASS		Текст читается естественно, ясно и соответствует английскому источнику.	356		
patchouli-lang:botania:botania.page.elvenLore7	sha256:2cb80d4d69ae1c5016b3f4c0ba1f00a17c5ea1ac7f9a6b61a1716ff0f5ba90bc	What concerns us now is the state of Midgard. As the Bifrost can no longer give us access to that world, we cannot observe it directly. However, the Mana left behind as we fled surely has brought about new life, as it always does. Whether it be animal, floral, or fungal, and whether it be natural or magical in nature, we hope that life will be intelligent enough to harness what we left behind.	Сейчас нас беспокоит состояние Мидгарда. Поскольку Бифрост больше не даёт нам доступа к этому миру, мы не можем наблюдать его напрямую. Однако Мана, оставшаяся после нашего бегства, несомненно, привнесла новую жизнь, как это всегда происходит. Будь то животная, растительная или грибная жизнь, и независимо от того, является ли она естественной или магической, мы надеемся, что жизнь окажется достаточно умной, чтобы использовать то, что мы оставили.	PASS		Текст читается естественно, ясно и соответствует английскому источнику.	450		
patchouli-lang:botania:botania.page.enderAir0	sha256:3678832e95369ff60dd07f4535522c68bec7eb5de0031d057e1d1e67988db401	The air present in the void of the $(thing)End$(0) seems to have mutative properties. Right-clicking with an empty $(item)Glass Bottle$(0) while in the $(thing)End$(0) will capture some of that air, which can then later be tossed like a splash potion, turning nearby $(item)Stone$(0) at the landing point into $(item)End Stone$(0). $(p)$(item)Dispensers$(0) can also capture this air, if nothing is blocking the area above the output.	Воздух, присутствующий в пустоте $(item)Эндер мира$(0), кажется, обладает некоторыми мутирующими свойствами. Щелчок правой кнопкой мыши с пустым $(item)Пузырьком$(0) сделает этот предмет. $(item)Эндер мир$(0) будет захватывать часть этого воздуха, которая затем может быть брошена аналогично зелью для брызг, на $(item)Камень$(0) и он превратится в точке падения в $(item)Эндерняк$(0).	PASS		Текст читается естественно, ясно и соответствует английскому источнику.	330		
patchouli-lang:botania:botania.page.enderAir1	sha256:f491decb712dd859af58f7ecbdab5a4cae7996b923254ef0f6a328c3c62cc23a	"It's been ""experimentally"" determined that the gases of the $(thing)End$(0) void, when mixed with plain $(thing)Overworld$(0) air, are quite toxic to certain $(thing)Nether$(0) mobs such as the $(thing)Ghast$(0).$(p)While the amount stored in an $(item)Ender Air Bottle$(0) is much too small to deal any real damage, it's certainly effective as an irritant.$(p)Especially if it manages to get in the eyes."	Экспериментально было установлено, что газы пустоты $(thing)Края$(0), смешанные с обычным воздухом $(thing)Верхнего мира$(0), весьма токсичны для некоторых существ из $(thing)Незера$(0), таких как $(thing)Гаст$(0).$(p)Хотя количество, хранящееся в $(item)Пузырьке с воздухом Края$(0), слишком мало, чтобы нанести серьезный урон, оно определенно эффективно в качестве раздражителя.$(p)Особенно, если удастся попасть в глаза.	CHANGE	«Опыты» показали, что газы пустоты $(thing)Энда$(0), смешанные с обычным воздухом $(thing)Верхнего мира$(0), довольно ядовиты для некоторых существ $(thing)Незера$(0), например для $(thing)Гаста$(0).$(p)В $(item)Пузырьке с воздухом Энда$(0) слишком мало газа, чтобы причинить настоящий вред, но как раздражитель он весьма действенен.$(p)Особенно если попадёт в глаза.	Исправлены официальные названия и неестественные обороты.	356	300	0.843
patchouli-lang:botania:botania.page.enderDagger0	sha256:68f8ebc3478d26f736048774b4851d27c300ca2cb4059dd6f5a72916818b368b	Those $(thing)Endermen$(0). They're the peskiest things since $(thing)Creepers$(0). (I swear, whoever came up with those things really needs to take it down a $(o)notch$().)$(p)However, a dagger crafted from a material with their energies can tear through them like a thousand-degree knife through butter.	Ох уж эти $(thing)Эндермены$(0)... Для меня они вторые по надоедливости после $(thing)Криперов$(0). Клянусь, что человек, который подсказал $(o)Нотчу$(0) их создать, слишком много выпил.$(p)Тем не менее, влив в стандартный кинжал немного энергии, можно создать $(item)Бесплотный резчик$(0), от которого все $(item)Эндермены$(0) заплачут.	PASS		Текст читается естественно, ясно и соответствует английскому источнику.	279		
patchouli-lang:botania:botania.page.enderDagger1	sha256:c8e1a4c2647b5c975b9b37c992cf4ca2603e62f1bb36796cfc0d56b828b240dc	Due to the concentration of energy, though, the dagger's only good for a few kills, and its compactness prevents the $(item)Manasteel$(0) in its recipe from healing with $(thing)Mana$(0), the way typical tools would. Still, killing those elongated thieves is worth the trouble.	Из-за типа вливания маны, прочность кинжала созраняется только на несколько убийств и энергия, которая требуется для его создания, мешает $(item)манастали$(0) впитывать $(thing)ману$(0) чтобы спастись от повреждения, как типичные инструменты из манастали.$(p)Но с этим можно смириться во имя убийства этих гадов.	PASS		Текст читается естественно, ясно и соответствует английскому источнику.	285		
patchouli-lang:botania:botania.page.enderDagger2	sha256:a2fada9528f506512c0026556c078876abc4ee1b2ac29fcdcecb80f6561f6e31	Strike my Soul	Удар моей души	PASS		Текст читается естественно, ясно и соответствует английскому источнику.	14		
patchouli-lang:botania:botania.page.enderEyeBlock0	sha256:80207a27ddccbdcad66dbcac467131aeb2d6a8f1d1ffcf0656c5213005373fbe	The eyes of $(thing)Ender$(0) creatures have a peculiar sensitivity to the gaze of certain beings. A block crafted from said eyes will output a redstone signal if a player within a 64 block radius looks directly at it.$(p)Of course, said player donning a $(item)Pumpkin$(0) will prevent the block from triggering.	Глаза $(thing)Эндермена$(0) имеют уникальную особенность слежки. Наблюдатель, используя эту способность, будет подавать $(thing)сигнал редстоуна$(0), если игрок находящийся в пределах 64 блоков, посмотрит прямо на него.$(p)И разумеется, надетая на голову $(item)тыква$(0) нейтрализует этот эффект.	PASS		Текст читается естественно, ясно и соответствует английскому источнику.	258		
patchouli-lang:botania:botania.page.enderEyeBlock1	sha256:bdf3c9907bdccdf670f7e0531ee53279848e6a61f012c930c922671f6720b641	MY BRAND	МОЙ БРЕНД!	PASS		Текст читается естественно, ясно и соответствует английскому источнику.	10		
patchouli-lang:botania:botania.page.enderHand0	sha256:516a370962aae1d450844f746d333e59c631c2f109f93be981ace43818a028ec	The $(item)Hand of Ender$(0) allows its user to access their interdimensional Ender subspace pocket; in other words, their $(item)Ender Chest$(0) inventory. Said inventory can be opened with some $(thing)Mana$(0) by right-clicking with the Hand, no matter the place.$(p)Using the hand on another player will use substantially more $(thing)Mana$(0), but will open $(o)their$() inventory instead.	$(item)Рука Края$(0) позволяет получить доступ к силовым полям меж измерений, другими словами, доступ к инвентарю $(item)Эндер-сундука$(0). Доступ можно получить из любого места лишь щелчкнув ПКМ, при этом будет потрачено немного $(thing)Маны$(0). $(p)Использование $(item)Руки края$(0) на другого игрока, откроет его инвентарь вместо вашего, при этом $(thing)Маны$(0) потребуется гораздо больше.	CHANGE	$(item)Рука Края$(0) открывает владельцу межпространственный карман Энда, то есть инвентарь его $(item)Эндер-сундука$(0). Нажмите ПКМ с рукой где угодно, потратив немного $(thing)Маны$(0), чтобы открыть этот инвентарь.$(p)Применение руки к другому игроку расходует гораздо больше $(thing)Маны$(0), зато открывает $(o)его$() инвентарь.	Исправлен неясный машинный перевод.	335	277	0.827
patchouli-lang:botania:botania.page.enderHand1	sha256:b5c845eedb5036534aaabf0251ee29ec9791378bde3a40ccde6e430c4b8077e3	It's like the 5G of Ender Chests	Это как 4G для Эндер-сундука	PASS		Текст читается естественно, ясно и соответствует английскому источнику.	28		
patchouli-lang:botania:botania.page.enderHand2	sha256:f7c6a88715724d19ba8be2b1da26bf5396a424ff3b4a37c59e258a5943320f12	Furthermore, a $(item)Hand of Ender$(0) automatically provides the $(l:tools/exchange_rod)$(item)Rod of the Shifting Crust$(0)$(/l) access to its user's $(item)Ender Chest$(0)'s contents, for a small $(thing)Mana$(0) cost per block.	$(item)Рука Края$(0) позволяет получить доступ к силовым полям меж измерений, другими словами, доступ к инвентарю $(item)Эндер-сундука$(0). Доступ можно получить из любого места шелчком ПКМ с рукой Края, при этом будет потрачено немного $(thing)Маны$(0).	CHANGE	Кроме того, $(item)Рука Края$(0) автоматически даёт $(l:tools/exchange_rod)$(item)Жезлу Обмена$(0)$(/l) доступ к содержимому $(item)Эндер-сундука$(0) владельца, расходуя немного $(thing)Маны$(0) за каждый блок.	Заменён ошибочно продублированный текст другой страницы.	220	137	0.623
patchouli-lang:botania:botania.page.endoflame0	sha256:bc38cbe1577b426894a0df256c32897d6c5c5e97bbb95fc17c70e3672230fdc4	The $(item)Endoflame$(0) is a very rudimentary $(thing)generating flower$(0); it'll absorb any combustible items or blocks dropped on the nearby vicinity, one at a time, and burn through them to generate a trickle of $(thing)Mana$(0).$(p)The amount of time it takes to burn through an item is roughly half of the time a $(item)Furnace$(0) would.	Пока используется $(item)Дневной цветок$(0) всё замечательно и хорошо, но Ботанику требуются более эффективные источники получения $(thing)маны$(0).$(p)$(item)Эндопламя$(0) делает именно это, оно поглощает любые горючие предметы или блоки брошенные поблизости (правда только по одному за раз) и сжигает их для пассивной генерации пока топливо не закончится.	PASS		Текст читается естественно, ясно и соответствует английскому источнику.	319		
patchouli-lang:botania:botania.page.endoflame1	sha256:797a2672a36c9e33dcde9fb039233657d4504c8eec898c8e79410c844ad5996c	There're a few small caveats though: the $(item)Endoflame$(0) will not burn anything that leave byproducts in $(item)Furnaces$(0) (e.g. $(item)Lava Buckets$(0), which leave $(item)Buckets$(0) behind).$(p)Furthermore, the flower can only burn around two $(item)Block of Coal$(0)s' worth of fuel at once. If any single fuel item with a longer burn time is used, its full efficiency will be lost.	Существует небольшой нюанс, $(item)Эндопламя$(0) не сжигает предметы, которые возвращают побочные продукты, например $(item)Ведро лавы$(0), которое возвращает $(item)Ведро$(0) как побочный продукт.	PASS		Текст читается естественно, ясно и соответствует английскому источнику.	164		
patchouli-lang:botania:botania.page.endoflame2	sha256:be67d31c26800e3de194317c4ff72ccc201499bb1729b3769ab93614aa8a6412	$(o)When arson becomes useful$().	$(o)Когда поджог становится полезным$(0).	PASS		Текст читается естественно, ясно и соответствует английскому источнику.	33		
patchouli-lang:botania:botania.page.endoflame3	sha256:18bf42ddf353cd3fa2289d1bbf1148308749c88fc6caf78a631372368191f4d8	As the $(item)Endoflame$(0) is often a botanist's first foray into proper automatable $(thing)Generating Flora$(0), it shouldn't be run manually forever. As the flower requires dropped items, an $(l:devices/open_crate)$(item)Open Crate$(0)$(/l) (found in the $(thing)Natural Apparatus$(0) section of this book) and some sort of output limiter (a timer or pressure plate) would be ideal for it.	Поскольку $(item)Эндопламя$(0) часто является первым набегом ботаника на надлежащую автоматическую $(thing)Активную Генерирующую Флору$(0), лучше не оставлять его для ручного использования навсегда. Поскольку цветок требует сброшенных предметов, идеально подходит для него и $(item)Открытый ящик$(0) (который вы можете найти в разделе $(thing)Природные приборы$(0)), и какой-то ограничивающий механизм (таймер или нажимная пластина).	PASS		Текст читается естественно, ясно и соответствует английскому источнику.	387		
patchouli-lang:botania:botania.page.entropinnyum0	sha256:f0cd8bfe2d301b502b1606090d76251c2c8e2183a4020c0726074258998c9a91	To generate a blast of $(thing)Mana$(0), in fact, a blast might be required. Igniting a block of $(item)TNT$(0) on dry land near an $(item)Entropinnyum$(0) will have the latter absorb all the entropy generated by the blast, converting it into $(thing)Mana$(0) and nullifying any damage in the process. However, to absorb the explosion, the flower must not have any $(thing)Mana$(0) stored in it-- otherwise, explosions as usual.	Для получения взрыва $(thing)Маны$(0), возможно, потребуется что-нибудь взорвать.$(p)Запалив блок $(item)ТНТ$(0) рядом с $(item)Энтропиннумом$(0), цветок поглотит всю энергию взрыва, создав при этом много $(thing)Маны$(0) и обнулит весь потенциальный урон от взрыва. Чтобы поглотить взрыв динамита цветок не должен иметь запасов $(thing)Маны$(0), иначе взрыв не будет поглощен и нанесёт урон окружающим блокам.	PASS		Текст читается естественно, ясно и соответствует английскому источнику.	348		
patchouli-lang:botania:botania.page.entropinnyum1	sha256:c93e77c4afb139b8836453b3e567c35ef620e7cff852b1a6a60685d00459d856	$(o)Cool guys don't look at explosions$().	$(o)Крутые парни не смотрят на взрывы$(0).	PASS		Текст читается естественно, ясно и соответствует английскому источнику.	34		
patchouli-lang:botania:botania.page.entropinnyum2	sha256:9a9418ca0a2a5ba77095dc086518dc122f6b9dac8a4b412a995d185bae6a0d8f	Note that the Entropinnyum has taken a liking to $(o)ethically-sourced$() TNT, produced by natural means. Feeding the flower unethically-sourced (for example, duplicated) TNT will incur a severe efficiency loss.	Обратите внимание, что Энтропинниум предпочитает $(o)этично добытый$() динамит, произведённый естественным образом. Если кормить цветок неэтично добытым (например, дюпнутым) динамитом, это приведёт к значительной потере эффективности.	PASS		Текст читается естественно, ясно и соответствует английскому источнику.	227		
patchouli-lang:botania:botania.page.exchangeRod0	sha256:ea7f55da61ad71b5f2f63e4cc34265b4c9ff225363501c9ddb60d908fb683eec	The $(item)Rod of the Shifting Crust$(0) is a magical device with the ability to swap blocks in the world at very high speeds. To set up the rod, sneak-right click a block to select it.$(p)After a block is selected, punching any other block in the world with the rod will use $(thing)Mana$(0) to swap it for the selected block (assuming the latter is present in the user's inventory).	$(item)Жезл Обмена$(0) - это волшебное устройство с возможностью замены блоков в мире на очень быстрых скоростях. Чтобы достичь этого, сначала нужно выбрать блок для обмена, это делается нажатием ПКМ по нужному блоку в мире. После того, как этот блок выбран, щелчок ЛКМ по любому другому блоку в мире поменяет его на выбранный, если выбранный блок присутствует в Вашем инвентаре.	CHANGE	$(item)Жезл Обмена$(0) быстро заменяет блоки в мире. Чтобы настроить его, присядьте и нажмите ПКМ по блоку, чтобы выбрать его.$(p)Затем ударьте жезлом по другому блоку: за $(thing)Ману$(0) он заменится выбранным блоком, если тот есть в инвентаре.	Убраны кальки и грамматические ошибки; восстановлены смысл и разметка английского источника.	368	219	0.595
patchouli-lang:botania:botania.page.exchangeRod1	sha256:52d64fead81b220073ca40260ee5f82e7a7eb691256dcfc5a863e7ae16ef985b	Right-clicking a block in the world will perform a larger transformation, swapping all highlighted blocks with the selected one. Blocks being placed (obviously) come from the user's inventory, and require $(thing)Mana$(0) for placement. Only proper, full-sized blocks can be used for this swap-- no flowers, torches, or other shenanigans of that sort, though slabs are fine.$(p)Very hard blocks may consume more $(thing)Mana$(0) to be replaced.	Щелчок ПКМ на блоке в мире начнет большее преобразование, которое поменяет все выделенные блоки на выбранный. Для этого обмена можно использовать только правильные, полноразмерные блоки(Нельзя использовать плиты, факела и т.д.). Эта возможность потребляет $(thing)Ману$(0) из Вашего инвентаря.	CHANGE	Нажатие ПКМ по блоку запускает большую замену: все выделенные блоки заменятся выбранным. Блоки берутся из инвентаря и требуют $(thing)Ману$(0). Подходят только обычные полные блоки: нельзя использовать цветы, факелы и подобное, но плиты можно.$(p)На замену очень твёрдых блоков может уйти больше $(thing)Маны$(0).	Убраны кальки и грамматические ошибки; восстановлены смысл и разметка английского источника.	281	285	1.014
patchouli-lang:botania:botania.page.exchangeRod2	sha256:10b9428daf9bcc73361496c107a9ba4c7035344b42fb897c09ab70031df0d826	Other rods or devices can supply blocks to the $(item)Rod of the Shifting Crust$(0).$(p)For example, a $(l:tools/dirt_rod)$(item)Rod of the Lands$(0)$(/l) in a user's inventory will provide their $(item)Rod of the Shifting Crust$(0) with an endless supply of $(item)Dirt$(0) (assuming sufficient $(thing)Mana$(0) to conjure each dirt block, of course).$(p)If replacing a cubical area is not desired, using the $(l:tools/temperance_stone)$(item)Stone of Temperance$(0)$(/l) can reduce it to a plane of blocks.	Другие жезлы или устройства могут быть использованы для увеличения мощности $(item)Жезла обмена$(0).$(p)Например, наличие $(item)Жезла земель$(0) в Вашем инвентаре обеспечивает $(item)Жезл Обмена$(0) бесконечным запасом $(item)Земли$(0), но не стоит забывать про потребление $(item)Маны$(0)!	PASS		Текст читается естественно, ясно и соответствует английскому источнику.	232		
patchouli-lang:botania:botania.page.exchangeRod3	sha256:e1521a0346ae132f5027191db4dcfc6c7b6c02b8024dfeb2039ea4b83b4331cd	Bootlegged equal trade	Это на то и то на это!	PASS		Текст читается естественно, ясно и соответствует английскому источнику.	22		
patchouli-lang:botania:botania.page.exoflame0	sha256:535ed655df4e456103e429f4c685ce755053707ddabceb314dd80b375292ec08	Conversely to its $(thing)Generating$(0) counterpart, the $(item)Exoflame$(0) uses $(thing)Mana$(0) to generate heat.$(p)Any $(item)Furnaces$(0) near an active $(item)Exoflame$(0) are fueled and given a speed boost.	В отличие от своего генерирующего аналога, $(item)Экзопламя$(0) поглощает $(thing)ману$(0) для генерации тепла.$(p)Любые $(item)печи$(0) находящиеся рядом с $(item)Экзопламенем$(0) будут заправлены магическим топливом, и получат бонус к эффективности.	PASS		Текст читается естественно, ясно и соответствует английскому источнику.	202		
patchouli-lang:botania:botania.page.exoflame1	sha256:721b90ebbb743ad828d45d596eca93c31fa1a3465180a90e1e30b6710cf8db2b	$(o)But we should be going nowhere fast$().	$(o)Но мы должны идти никуда быстро$(0).	PASS		Текст читается естественно, ясно и соответствует английскому источнику.	32		
patchouli-lang:botania:botania.page.fIntro0	sha256:fa716d5b225168924936973acf729f5c0d0f2e6ab7ebc2475fcc9d0fed3a900f	There are myriad uses for the $(thing)Mana$(0) a botanist generates, notably as the fuel for an assortment of $(thing)Functional Flora$(0).$(p)These flowers will drain $(thing)Mana$(0) from a nearby $(l:mana/pool)$(item)Mana Pool$(0)$(/l) into themselves to perform their respective functions.$(p)Note that flowers can't receive power directly through $(l:mana/spreader)$(item)Mana Spreaders$(0)$(/l).	Существуют различные места, в которых можно использовать $(thing)Maну$(0), собранную ботаником, одно из них - ассортимент $(thing)Функиональных Цветов$(0).$(p)Эти цветы будут высасывать $(thing)Ману$(0) из ближайших $(item)Бассейнов Маны$(0), чтобы выполнить задачу, для которой они были созданы.$(p)Стоит отметить, что они не могут получать энергию непосредственно через $(item)Распространители Маны$(0).	PASS		Текст читается естественно, ясно и соответствует английскому источнику.	339		
patchouli-lang:botania:botania.page.fIntro1	sha256:5b14b28d12b2cbeacdd31f9ba6944fe0b752caf4e72baffd8a043a5e2b94e608	All $(thing)Functional Flora$(0), just like $(thing)Generating Flora$(0), contain a small buffer of $(thing)Mana$(0).	Все $(thing)Функциональные Цветы$(0), также как и $(thing)Генерирующие Цветы$(0) содержат небольшое хранилище $(thing)Маны$(0).$(p)Для этих цветов также используются обычные правила чтения количества $(thing)Маны$(0): щелчок ПКМ с $(item)Посохом Леса$(0) обновит данные о количестве маны.	PASS		Текст читается естественно, ясно и соответствует английскому источнику.	225		
patchouli-lang:botania:botania.page.fIntro2	sha256:d8bad0cca25416f2359c40c414fc70fce9f83b5ca467f2807e362e461487bfc4	Flowers bind to only one $(l:mana/pool)$(item)Mana Pool$(0)$(/l) at a time. When placed, they'll bind to the nearest pool (or the closest placed afterward, if none were in range), and should be re-bound with a wand in $(thing)Bind Mode$(0).	Важно иметь в виду, что эти цветы запоминают $(item)Бассейн Маны$(0), из которого они черпают $(thing)Ману$(0). Они черпают ману только из ближайшего бассейна, к которому цветок был поставлен (или из ближайшего поставленного, после того как цветок был поставлен) и не из каких других, если конечно первый бассейн не был убран.	PASS		Текст читается естественно, ясно и соответствует английскому источнику.	303		
patchouli-lang:botania:botania.page.fIntro3	sha256:074f860eb0bebcd4dfaea7c2a2a240e9e1b5f7af4c8316fc000aedb3652c835a	Additionally, some functional flowers use a $(item)Redstone Root$(0) in their creation. These flowers' effects can be toggled with redstone signals.	Некоторые функциональные цветы используют $(item)Корень Редстоуна$(0) в рецепте изготовления. Если это так, то эффект цветка может переключаться сигналом красного камня.	PASS		Текст читается естественно, ясно и соответствует английскому источнику.	158		
patchouli-lang:botania:botania.page.fIntro4	sha256:20498fd6567f8e779dae10feec64ed299210be5f52294df10a296ebc4561cad1	$(item)Redstone Root$(0) for Redstone Control	$(item)Корень Редстоуна$(0) для контроля красным камнем	PASS		Текст читается естественно, ясно и соответствует английскому источнику.	44		
patchouli-lang:botania:botania.page.fallenKanade0	sha256:bddd70a1a13c173fe75f7f171dc3650144f555804447518e5f34c58a5091187a	The $(item)Fallen Kanade$(0) is a flower with angelic properties; it creates an aura of healing from $(thing)Mana$(0) to apply a regeneration effect to any $(thing)players$(0) and $(thing)tamed pets$(0) nearby.	$(item)Павший Канадэ$(0) это цветок с ангельскими свойствами. При использовании $(thing)маны$(0) из ближайшего $(thing)Бассейна маны$(0), он даст эффект регенерации любому ближайшему к нему $(thing)игроку$(0).	PASS		Текст читается естественно, ясно и соответствует английскому источнику.	162		
patchouli-lang:botania:botania.page.fallenKanade1	sha256:aa54ef30b9e544ff70a4df7ca02647c2d08192c27654a7226cf62b39b891fe45	$(o)Hand Sonic, version four$().	$(o)Ручной Соник, четвёртая версия$(0).	PASS		Текст читается естественно, ясно и соответствует английскому источнику.	31		
patchouli-lang:botania:botania.page.felPumpkin0	sha256:9ce91d78b709797e5450b460c7291dfeb82312da77c48e7aa20e729294a35ecb	A $(item)Fel Pumpkin$(0) is a demented infusion of a $(item)Pumpkin$(0) with the fel spirits of slain monsters. This vile pumpkin can be placed atop two $(item)Iron Bars$(0), as one would with snow blocks for a $(thing)Snow Golem$(0), to spawn a $(thing)Blaze$(0).$(p)$(thing)Blazes$(0) thusly spawned are somewhat fragile, and drop a smattering of $(item)Blaze Powder$(0) in place of a $(item)Blaze Rod$(0).	$(item)Оскверненная тыква$(0) - сумасшедшая инфузия $(item)Тыквы$(0) с душою духов убитых монстров. Эта мерзкая тыква должна быть размещена на двух прутьях в высоту, подобно тому, как блоки снега у $(item)Снежного голема$(0), чтобы породить $(item)Ифритов$(0). Из $(item)Ифритов$(0), порожденных этим методом, выпадает довольно приличное количество $(item)Огненного порошка$(0) вместо небольшой порции $(item)Жезлов ифрита$(0).	PASS		Текст читается естественно, ясно и соответствует английскому источнику.	350		
patchouli-lang:botania:botania.page.felPumpkin1	sha256:1ca54e15b8fc101da3b0874ed8a4fe2b48728b79ef083caf3261ddf8cf2fa168	Spooky scary pumpkin	Чудовищная страшная тыква	PASS		Текст читается естественно, ясно и соответствует английскому источнику.	25		
patchouli-lang:botania:botania.page.fireChakram0	sha256:449cd48b9ecbcf11b815fe7b1d504f18601c9c027d37247847f7a28a3b3113fd	$(item)Blaze Powder$(0) and $(l:alfhomancy/elf_resources)$(item)Pixie Dust$(0)$(/l), when applied to a $(l:tools/thorn_chakram)$(item)Thorn Chakram$(0)$(/l), turn the already potent weapon into a $(item)Flare Chakram$(0).$(p)The $(item)Flare Chakram$(0) works nearly the same as the original $(l:tools/thorn_chakram)$(item)Thorn Chakram$(0)$(/l), except it sets mobs on fire too. After all, you can't make bacon from just vegetable matter, can you?	$(item)Огненный порошок$(0) и $(item)Пыльца феи$(0), если их применить к $(l:tools/thorn_chakram)$(item)Шипастому чакраму$(0)$(/l), превращают и без того мощное оружие в $(item)Вспыхивающий чакрам$(0). $(item)Вспыхивающий чакрам$(0) работает почти так же, как и оригинальный $(item)Шипастый чакрам$(0), но при этом ещё и поджигает мобов. В конце концов, из одних только растений бекон не приготовишь, не так ли?	PASS		Текст читается естественно, ясно и соответствует английскому источнику.	316		
patchouli-lang:botania:botania.page.fireChakram1	sha256:8c6b1eb078d09369c1b308ca17e6306e473060543d2a5a18f817d874b94c6b03	It's pretty lit	Она довольно освещен	CHANGE	Ну и жарко	Убраны кальки и грамматические ошибки; восстановлены смысл и разметка английского источника.	20	10	0.500
patchouli-lang:botania:botania.page.fireRod0	sha256:984df32ac3c90ec353ee3229dd8e63eddf48046f81635cb93ea92601b4c241e2	The $(item)Rod of the Hells$(0) contains the very essence of fire. When used on the ground, for a moderate $(thing)Mana$(0) cost, it'll summon a circle of fire that will burn anything within.$(p)The ring has a radius of about five blocks, and takes a small amount of time to spin up to full ferocity. Do note that, once ignited, the fire burns anything living in it, its own caster included.	$(item)Жезл Ада$(0) содержит эссенцию чистого огня. Используйте его на земле для создания круга огня, который подожжет всё внутри него. Жезл использует приличное количество $(thing)маны$(0).$(p)Круг огня имеет большой радиус и нужно немного времени, чтобы полность распространиться. Именно поэтому следует отметить, что пока огонь горит, горит и всё живое внутри него, включая самого игрока.	CHANGE	$(item)Жезл Ада$(0) содержит саму сущность огня. При использовании на земле за умеренную цену $(thing)Маны$(0) он создаёт огненное кольцо, сжигающее всё внутри.$(p)Радиус кольца — около пяти блоков; ему нужно немного времени, чтобы разгореться. Помните: огонь сжигает всё живое внутри, включая самого владельца.	Убраны кальки и грамматические ошибки; восстановлены смысл и разметка английского источника.	364	284	0.780
patchouli-lang:botania:botania.page.fireRod1	sha256:b326922d34de7c269dac2540e2533b4db8f010a600d4298a8e394ef9daeadd98	Through the fire and the flames	Через огонь и еще раз огонь	PASS		Текст читается естественно, ясно и соответствует английскому источнику.	27		
patchouli-lang:botania:botania.page.fireRod2	sha256:e97bce220c3a2589cbc1ba54b1b29e6f79a1f1f28aed451cd5429021a000fcec	This rod can be given to a $(l:devices/avatar)$(item)Livingwood Avatar$(0)$(/l). An avatar holding one will continually use its own $(thing)Mana$(0) to maintain a ring of flame around itself.	Этот жезл может быть отдан знаку $(item)отему из жизнедерева$(0). Когда это будет сделано, это создаст аналогичное кольцо пламени, которое создает жезл при использовании. $(p)Этот процесс использует $(thing)Ману$(0) из тотема, и его можно отключить, применив к нему сигнал красного камня.	PASS		Текст читается естественно, ясно и соответствует английскому источнику.	261		
patchouli-lang:botania:botania.page.flasks0	sha256:60396e2fd512d38d9799aaef04220f90839fb4c3f06ccc6f3f53df4a03e67858	$(l:alfhomancy/elf_resources)$(item)Alfglass$(0)$(/l) seems to be a more malleable material than the typical $(l:mana/pool)$(item)Managlass$(0)$(/l) used for $(item)Vials$(0). A $(item)Flask$(0) fashioned from $(l:alfhomancy/elf_resources)$(item)Alfglass$(0)$(/l) seems to be the typical Elven container for $(thing)Brews$(0), holding six doses over the four a $(item)Vial$(0) does.	$(item)Эльфийское стекло$(0) кажется более малируемым, чем типичное $(item)Манастекло$(0), используемое для $(item)Пузырьков$(0). $(item)Колба$(0), сделанная с $(item)Эльфийского стекла$(0), является типичным эльфийским контейнером для $(thing)Варева$(0) и может содержать 6 доз одного варева, а не 4 как в $(item)Пузырьках$(0).	PASS		Текст читается естественно, ясно и соответствует английскому источнику.	250		
patchouli-lang:botania:botania.page.flasks1	sha256:4442e5e38262cb054cede22e36677652e95eac1ab85e8fbd305621abd972cc43	While the ingredient cost to brew a particular brew in a $(item)Flask$(0) is the same, its $(thing)Mana$(0) cost is double that of a $(item)Vial$(0).$(p)Additionally, since the bottleneck of a $(item)Flask$(0) is larger than that of a $(item)Vial$(0), its contents can be drunk faster.	В то время как стоимость ингредиентов для варки в $(item)Колбе$(0) меньше, стоимость $(thing)Маны$(0) вдвое больше, чем у обычного $(item)Пузырька$(0). Наконец, учитывая, что у $(item)Колбы$(0) горлышко больше, чем у $(item)Пузырька$(0), содержимое будет попадать внутрь быстрее.	PASS		Текст читается естественно, ясно и соответствует английскому источнику.	223		
patchouli-lang:botania:botania.page.flasks2	sha256:74ee6a7c92cd7d525f8aa67f7542424e871f0806653f0f52923524d8a5552405	Get one under the bridge	Возьмите под мост	PASS		Текст читается естественно, ясно и соответствует английскому источнику.	17		
patchouli-lang:botania:botania.page.flightTiara0	sha256:2a7c880e09c9add2fea61c6267c155cd44cba6713a12357a51e460f733d29328	The $(thing)Flügel$(0) were a race of god-slaying beings that once dominated these lands and possessed powers of three-dimensional flight.$(p)Among other things.$(p)While the $(thing)Flügel$(0) are now $(o)quite$() extinct, the $(item)Flügel Tiara$(0), fashioned from $(l:alfhomancy/gaia_ritual)$(item)Gaia Spirits$(0)$(/l), can use $(thing)Mana$(0) to replicate their power of flight.	$(thing)Флюгели$(0) были одним из доминирующих видов на земле. Сейчас эта богоподобная раса, которая обладала способностью полёта, вымерла.$(p)Используя $(item)Дух Гайи$(0), можно создать незначительную копию их былой власти, в форме $(item)Крылатой тиары флюгелей$(0), которая позволяет летать, используя $(thing)ману$(0).	PASS		Текст читается естественно, ясно и соответствует английскому источнику.	273		
patchouli-lang:botania:botania.page.flightTiara1	sha256:9861df281ef41ae834282a811c6e32ca3a6123c64f8a726e38706312ce9beedb	Forty thousand books from another world	Сорок тысяч книг из другого мира	PASS		Текст читается естественно, ясно и соответствует английскому источнику.	32		
patchouli-lang:botania:botania.page.flightTiara2	sha256:fe9c88f69ab5036fd78e04f68839cf29f4195e54d5916ccff091d31f8abf864b	Combining the $(item)Flügel Tiara$(0) with different types of $(item)Quartz$(0) will change the appearance of its wings: one style for each type of quartz.$(p)The recipes for the various types of quartz can be found under $(l:misc/decorative_blocks)$(thing)Decorative Blocks$(0)$(/l), and the $(thing)Elves$(0) will trade $(l:alfhomancy/elf_resources)$(item)Elven Quartz$(0)$(/l) for $(item)Nether Quartz$(0).	Комбинируя тиару с разными видами кварца, можно добавить ей разнообразные крылья для улучшения эстетического вида.$(p)Рецепты разных типов кварца вы найдёте в статье $(thing)Декоративные блоки$(0) в разделе $(l:misc/decorative_blocks)$(thing)Разное$(0)$(/l). $(item)Эльфийский кварц$(0) приобретается при торговле обычным $(item)Незер-кварцем$(0) с эльфами.	PASS		Текст читается естественно, ясно и соответствует английскому источнику.	275		
patchouli-lang:botania:botania.page.flightTiara3	sha256:afeddf7398e98c4c27c186c12a5c72a8ef5a23c0df239b7ec76695535f608028	Adding Wings (they can be changed at any time)	Добавление крыльев (они могут быть заменены в любое время)	PASS		Текст читается естественно, ясно и соответствует английскому источнику.	58		
patchouli-lang:botania:botania.page.flightTiara4	sha256:f25289b153f58b06e0a024ed0dc7127f2f21d670af100dcebff9da62e9822b6b	"This marvelous reproduction of ancient artifice isn't perfect, though: the tiara can't provide the power of flight indefinitely. If used for around thirty seconds consecutively, it'll ""overload"" and lose its ability to sustain flight.$(p)A ""flight bar"" is displayed on the HUD to monitor this usage."	"Однако эта замечательная репродукция древнего артефакта не совершенна: тиара не может обеспечивать полет бесконечно. Если использовать её непрерывно в течение примерно тридцати секунд, она ""перегрузится"" и потеряет способность поддерживать полет.$(p)""Шкала полета"" отображается в интерфейсе для контроля использования."	PASS		Текст читается естественно, ясно и соответствует английскому источнику.	314		
patchouli-lang:botania:botania.page.flightTiara5	sha256:f98904c5642af43f3a2e7915dc983261992d365892ce9213f543ce5bc509d689	In addition to simple flight, the tiara grants its wearer the ability to $(thing)dash$(0) and $(thing)glide$(0). Dashing, by pressing [$(k:sprint)] without already sprinting, will boost its wearer forwards. Very quickly.$(p)Dashes can only be done every 2 seconds, and are disabled by an active $(l:tools/temperance_stone)$(item)Stone of Temperance$(0)$(/l).	Помимо простого полета, тиара предоставляет своему владельцу возможность $(thing)рывка$(0) и $(thing)планирования$(0). Рывок, выполняемый нажатием [$(k:sprint)] при отсутствии спринта, резко ускорит владельца вперед. Очень быстро.$(p)Рывок можно выполнять только раз в 2 секунды.	PASS		Текст читается естественно, ясно и соответствует английскому источнику.	240		
patchouli-lang:botania:botania.page.flightTiara6	sha256:4e28b1bad471a922bed28f43c9fd85361754da3b3475c99d0b15d36b36b33ecf	Gliding allows for a gentle descent to the ground that covers a decent horizontal distance as well, preventing fall damage in the process. To glide, simply sneak while falling.$(p)Gliding can be done even on an empty flight bar, but will slow its regeneration.	Планирование позволяет плавно спускаться на землю, покрывая при этом приличное горизонтальное расстояние и предотвращая урон от падения. Чтобы планировать, просто присядьте во время падения.$(p)Планирование можно выполнять даже при пустой шкале полета, но это замедлит её восстановление.	PASS		Текст читается естественно, ясно и соответствует английскому источнику.	283		
patchouli-lang:botania:botania.page.flowerBag0	sha256:3afa44a7a50e5893213ca9ea8687bce655da79fd025c698b43fd2a78cd59532a	The physical laws regarding $(thing)Inventories$(0) are somewhat skewed in our world. Thanks to that, carrying an array of different colors of flowers can turn out to be a major hassle. Luckily, a $(item)Flower Pouch$(0) takes care of all those issues. It stores up to one stack of each color of $(l:basics/flowers)$(item)Mystical Flower$(0)$(/l) and $(item)Tall Mystical Flower$(0), and passively catches any more that its holder picks up.	Физические законы, касающиеся $(thing)Инвентаря$(0), в нашем мире несколько искажены. Из-за этого перенос множества цветов различного цвета может оказаться серьезной проблемой. К счастью, $(item)Цветочный мешочек$(0) решает все эти проблемы. Он может хранить в себе до одного стака каждого цвета $(l:basics/flowers)$(item)Мистического Цветка$(0)$(/l), и пассивно забирать всё, что поднимает его обладатель.	CHANGE	Законы $(thing)инвентаря$(0) в нашем мире немного странные, поэтому носить цветы всех цветов бывает неудобно. $(item)Цветочный мешочек$(0) решает эту проблему: он хранит по стаку каждого цвета $(l:basics/flowers)$(item)Мистического цветка$(0)$(/l) и $(item)Высокого мистического цветка$(0), а также сам подбирает новые.	Исправлены смысловые потери, маркеры и неестественные формулировки.	348	250	0.718
patchouli-lang:botania:botania.page.flowerBag1	sha256:bb3b2bceea5617a31ea211b156fa452fce652ec0ba25116605d46a299de22f5c	It's about the same size on the inside (any colors work)	Внутри он примерно такого же размера (работают любые цвета)	PASS		Текст читается естественно, ясно и соответствует английскому источнику.	59		
patchouli-lang:botania:botania.page.flowerBag2	sha256:7c7aebef72533419c4c7c19e4f1ba940d9139fe5f5cab6fe81fb37d7099c6009	Flowers won't be picked up by the pouch if the pouch is held in your dominant hand.$(p)Furthermore, sneak-right clicking the pouch on a $(item)Chest$(0) or other inventory will dump all flowers the pouch contains into said inventory.	Цветы не будут автоматически подобраны мешочком, если мешочек находится в вашей ведущей руке.$(p). Кроме того, если крадясь щелкнуть правой кнопкой мыши мешочком по $(item)Сундуку$(0) или другому инвентарю, то все цветы, содержащиеся в мешочке, будут сброшены в указанный инвентарь.	CHANGE	Мешочек не подбирает цветы, пока находится в основной руке.$(p)Крадясь, нажмите ПКМ мешочком по $(item)Сундуку$(0) или другому хранилищу, чтобы высыпать в него все цветы из мешочка.	Исправлены смысловые потери, маркеры и неестественные формулировки.	267	166	0.622
patchouli-lang:botania:botania.page.flowerShrinking0	sha256:f7160a191b09df2d97348baaa0025e7dd5c969618534949f4419d189b20e5d05	Some functional flowers can have a bit too much reach for certain use-cases. Tossing one of those into a $(l:mana/pool)$(item)Mana Pool$(0)$(/l) with an $(l:devices/mana_alchemy)$(item)Alchemy Catalyst$(0)$(/l) will (at the cost of some $(thing)Mana$(0)) shrink it, making its area of effect smaller. Every other function remains the same.	Некоторые функциональные цветы имеют слишком большую зону действия. Бросив один из тех немногих цветов в $(item)Бассейн маны$(0) с $(item)Алхимическим катализатором$(0), Вы уменьшите как сам цветок, так и его зону действия.	PASS		Текст читается естественно, ясно и соответствует английскому источнику.	201		
patchouli-lang:botania:botania.page.flowerShrinking1	sha256:a27bc897ca0028cce822ca316025f0e2874688c81b5f8124323381f60225d468	Like a nendoroid	Как и nendoroid	PASS		Текст читается естественно, ясно и соответствует английскому источнику.	15		
patchouli-lang:botania:botania.page.flowerSpeed0	sha256:e12eab5a9f167744514c5b018f3f4c5e43d70c0563a526cad2f958ba50533bba	"Many $(thing)Functional Flora$(0) interact with dropped items; certain soils can ensure they do so in the right order.$(p)Planting a flower over $(item)Podzol$(0) will add a small delay before it can interact with dropped items, allowing for a ""priority"" system of sorts. Planting a flower on $(item)Mycelium$(0) will create a larger delay."	Проблема с $(thing)Фунциональными цветами$(0) заключается в том, что они взаимодействуют с упавшими предметами не всегда в нужный промежуток времени.$(p)Размещение цветов на $(item)Подзол$(0) сделает задержку незначительной. Размещение цветов на $(item)Мицеллиум$(0) сделает задержку значительной.	PASS		Текст читается естественно, ясно и соответствует английскому источнику.	259		
patchouli-lang:botania:botania.page.flowerSpeed1	sha256:75973b3133d07e7a21d213435370428095c9866ba7a9f8aff96d65bdc38748fd	This system's use also extends to $(l:misc/shiny_flowers)$(item)Floating Flowers$(0)$(/l), via the use of $(item)Boreal Seeds$(0) and $(item)Infestation Spores$(0).$(p)Given two flowers with the same (or no) delay, a $(thing)Generating Flower$(0) (e.g. the $(l:generating_flowers/endoflame)$(item)Endoflame$(0)$(/l)) will pick up an item before a $(thing)Functional$(0) one (e.g. the $(l:functional_flowers/hopperhock)$(item)Hopperhock$(0)$(/l)). For two flowers of the same type, it's a secret to everyone.	Эта система также распространяется на $(item)Парящие цветы$(0) с использованием $(item)Северных семян$(0) и $(item)Зараженных спор$(0). $(p)Взяв два цветка с одинаковой задержкой (или нет), $(thing)Генерирущий цветок$(0) (например, $(item)Эндопламя$(0)) поднимет элемент быстрее другого цветка (например, быстрее, чем $(item)Вороток$(0)). Для двух цветков того же типа это секрет для всех.	PASS		Текст читается естественно, ясно и соответствует английскому источнику.	318		
patchouli-lang:botania:botania.page.flowers0	sha256:ba48628ce85a0f0dc03b1cbf1a40451a969f226ac10435f369a8ce8d28903899	Around the world, you may stumble upon a large variety of $(item)Mystical Flowers$(0). Spotting these flowers doesn't take much work, as they glow faintly and sparkle.$(p)They come in a total of $(thing)16$(0) different colors.$(p)These flowers can also be grown with $(item)Floral Fertilizer$(0) (read on).	Гуляя по миру, Вы можете наткнуться на разные виды Мистической Флоры. Что касается мистических цветов, их поиск не займет много времени, так как они испускают свет. Они бывают $(thing)16$(0) различных цветов.$(p)Их также можно вырастить, используя $(item)Цветочное удобрение$(0) (см. далее).	CHANGE	По всему миру встречаются разные $(item)Мистические цветы$(0). Их легко заметить: они слабо светятся и искрятся.$(p)Всего существует $(thing)16$(0) цветов.$(p)Их также можно вырастить с помощью $(item)Цветочного удобрения$(0) - об этом дальше.	Исправлены смысловые потери, маркеры и неестественные формулировки.	264	201	0.761
patchouli-lang:botania:botania.page.flowers1	sha256:bce391b44931092947fa22bd7f046a0074cfe315e376a36dfc7f412f208bfce0	Flowers as far as the eye can see...	Куда ни глянь, везде цветы...	PASS		Текст читается естественно, ясно и соответствует английскому источнику.	29		
patchouli-lang:botania:botania.page.flowers11	sha256:630830433e07c9c6c61d5dd77c5a43da75d922c01167101ac6df527992c4335f	Prepare for trouble	Приготовьтесь к неприятностям	PASS		Текст читается естественно, ясно и соответствует английскому источнику.	29		
patchouli-lang:botania:botania.page.flowers13	sha256:a8eed4af96805a57c06f12eb67af74bc204f6563756b717fc31969fdd4c2800e	And the other way around	И наоборот	PASS		Текст читается естественно, ясно и соответствует английскому источнику.	10		
patchouli-lang:botania:botania.page.flowers17	sha256:fde4ee1959babd8b0b9e4b19027472f8b670829709ac74b8bf647bcc21463665	These petals can also be crushed into the corresponding $(item)Dyes$(0).	Эти лепестки также можно измельчить в соответствующие $(item)Красители$(0).	PASS		Текст читается естественно, ясно и соответствует английскому источнику.	64		
patchouli-lang:botania:botania.page.flowers18	sha256:9e79152a46418682bd676f477bc3294bf42f05002f0cfc60ad4cf4ff1ba59add	There are also some taller variants of the typical $(item)Mystical Flowers$(0) around the world. These can be plucked for twice the petals a normal flower would yield.$(p)Tall flower variants can be made manually by fertilizing a $(item)Mystical Flower$(0) or a $(item)Buried Petal$(0) with $(item)Bone Meal$(0).$(p)If you find yourself running low on a particular color, try burying a petal of that color and using $(item)Bone Meal$(0) on it.	В мире также существуют более высокие варианты обычных $(item)Мистических Цветков$(0). Их можно сорвать, чтобы получить вдвое больше лепестков, чем с обычного цветка.$(p)Высокие цветы можно вырастить вручную, удобрив $(item)Мистический Цветок$(0) или $(item)Закопанный лепесток$(0) $(thing)Костной мукой$(0).$(p)Если Вам не хватает лепестков нужного цвета, попробуйте закопать один из них и удобрить его $(item)Костной Мукой$(0).	CHANGE	В мире встречаются и высокие $(item)Мистические цветы$(0). С них можно собрать вдвое больше лепестков, чем с обычных.$(p)Высокий цветок можно вырастить, удобрив $(item)Мистический цветок$(0) или $(item)Закопанный лепесток$(0) $(item)Костной мукой$(0).$(p)Если не хватает конкретного цвета, закопайте лепесток этого цвета и удобрите его $(item)Костной мукой$(0).	Исправлены смысловые потери, маркеры и неестественные формулировки.	365	298	0.816
patchouli-lang:botania:botania.page.flowers2	sha256:13808669070e0aaaab87b1edd814a2bbc53ae62a1081245423bbe6e2bb0ca060	These flowers can be plucked for $(item)Mystical Petals$(0), which are used in the creation of magical instruments and plants.$(p)Right-clicking a petal upon the ground will $(thing)bury it$(0), making it emit particles.	С этих цветов можно получить $(item)Мистические лепестки$(0), которые используются для создания магических инструментов и растений.$(p)Нажав ПКМ лепестком по $(item)земле$(0), Вы $(item)зароете$(0) его, и тогда он начнет испускать частицы.$(p)Эти лепестки можно также измельчить в $(item)Цветочный порошок$(0), использующийся в качестве красителя.	CHANGE	С этих цветов можно собрать $(item)Мистические лепестки$(0), нужные для магических инструментов и растений.$(p)Нажмите ПКМ лепестком по земле, чтобы $(thing)закопать его$(0); он будет испускать частицы.	Исправлены смысловые потери, маркеры и неестественные формулировки.	295	175	0.593
patchouli-lang:botania:botania.page.flowers3	sha256:c87e442f9805810c7caa1c32d79152c301ba2fcc1761e14865e9ea2e4a1cbbae	Plucking petals off flowers.	Выдергивание лепестков из цветов.	PASS		Текст читается естественно, ясно и соответствует английскому источнику.	33		
patchouli-lang:botania:botania.page.flowers5	sha256:27d54d9a512762c7350795af266e1cb889d447e5bbc0a4a220e25e4a7987262a	Grinding Petals into Dye.	Измельчение лепестков в порошок.	PASS		Текст читается естественно, ясно и соответствует английскому источнику.	32		
patchouli-lang:botania:botania.page.flowers6	sha256:02d18ee37452673de7b932c146134d5919f2d3de9ff15be2deb8621fff5c4897	By mixing $(item)Dye$(0) with some $(item)Bone Meal$(0), you'll create a different type of fertilizer. This $(item)Floral Fertilizer$(0) will grow a few $(item)Mystical Flowers$(0) in the nearby vicinity, if you ever run low on those.$(p)Depending on the soil, $(l:misc/mushrooms)$(item)Shimmering Mushrooms$(0)$(/l) may grow in addition to (or instead of) flowers.	Нажав ПКМ $(item)Цветочным порошком$(0) по любой $(item)Шерсти$(0) или $(item)Ковру$(0), Вы поменяете их цвет на цвет порошка.$(p)А смешав $(item)Цветочный порошок$(0) с $(item)Костной мукой$(0), Вы создадите особое $(item)Цветочное удобрение$(0), которое сможет вырастить небольшое количество $(item)Мистических цветов$(0) в округе, если они начнут заканчиваться.	CHANGE	Смешайте $(item)Краситель$(0) с $(item)Костной мукой$(0), чтобы получить другое удобрение. $(item)Цветочное удобрение$(0) вырастит поблизости несколько $(item)Мистических цветов$(0), если их не хватает.$(p)В зависимости от почвы вместо цветов или вместе с ними могут вырасти $(l:misc/mushrooms)$(item)Мерцающие грибы$(0)$(/l).	Исправлены смысловые потери, маркеры и неестественные формулировки.	283	243	0.859
patchouli-lang:botania:botania.page.flowers8	sha256:f83ede058b016b19e9d4fc6d05fa857544ff2d76e6f4ee42c15209a6f890ddc5	Using any combination of typical flower substances will work	Подойдут и обычные красители!	PASS		Текст читается естественно, ясно и соответствует английскому источнику.	29		
patchouli-lang:botania:botania.page.flowers9	sha256:906250263876a9e9651796fcc747ce7d35a4eddeb99d6895280826a8f49f2ca7	Petals can also be made into blocks	Лепестки можно также переделывать в блоки	PASS		Текст читается естественно, ясно и соответствует английскому источнику.	41		
patchouli-lang:botania:botania.page.flugelEye0	sha256:dd95f185232f709f95d7a7a92765ff9a1e7356fda717c9c30181638762137a34	Unlike the crafted $(l:ender/flight_tiara)$(item)Flügel Tiara$(0)$(/l), the $(item)Eye of the Flügel$(0) contains primordial $(thing)Flügel$(0) magic. Magic strong enough, in fact, to harness the $(thing)Flügels$(0)' ability to recall themselves to a previously-visited location.$(p)Sneak-right clicking this eye somewhere will bind it to that position. Holding right-click with a bound Eye will then use $(thing)Mana$(0) to warp its owner back to its bound location.	В отличие от крафтовой $(l:ender/flight_tiara)$(item)Тиары Флюгеля$(0)$(/l), $(item)Глаз Флюгеля$(0) содержит первородную $(thing)Магию Флюгелей$(0). Эта магия достаточно сильна, чтобы использовать способность $(thing)Флюгелей$(0) возвращаться на ранее посещенные места.$(p)Нажатие ПКМ с зажатым Shift привяжет Глаз к текущей позиции.	PASS		Текст читается естественно, ясно и соответствует английскому источнику.	256		
patchouli-lang:botania:botania.page.flugelEye1	sha256:3f5a26c6b36906d946e0dccbede6898cf480ae23e69566d5ab11940a38a2dbdd	Unfortunately, the Eye is still but a fragment of the $(thing)Flügels$(0)' true potential, so it can't warp its user across dimensions.$(p)However, just having an $(item)Eye of the Flügel$(0) on hand allows a $(l:ender/flight_tiara)$(item)Flügel Tiara$(0)$(/l) user to fly with an empty flight bar (at a higher $(thing)Mana$(0) cost).	К сожалению, Глаз всё ещё является лишь фрагментом истинного потенциала $(thing)Флюгелей$(0), поэтому он не может телепортировать пользователя между измерениями.$(p)Однако, наличие $(item)Глаза Флюгеля$(0) позволяет пользователю $(l:ender/flight_tiara)$(item)Тиары Флюгеля$(0)$(/l) летать с пустой полоской полета (расходуя при этом больше $(thing)Маны$(0)).	PASS		Текст читается естественно, ясно и соответствует английскому источнику.	280		
patchouli-lang:botania:botania.page.forestDrum0	sha256:8f98e72eebd7fb3c132d03f3cdb99921d7e5b5ab055d341d33047eb1ca8751ac	The $(item)Drum of the Wild$(0) is, simply put, the $(l:tools/grass_horn)$(item)Horn of the Wild$(0)$(/l)'s percussion counterpart. It serves the exact same purpose as a handheld Horn, but as a block.$(p)A $(thing)Mana Burst$(0) colliding with it will produce a drumbeat that destroys nearby vegetation.	$(item)Барабан дикой природы$(0) это, проще говоря, аналог $(item)рога дикой природы$(0). Он служит для той же цели, что и карманный рог, но должен быть расположен в мире.$(p)Чтобы ударить в барабан и уничтожить находящуюся рядом зелень, нужно направить $(thing)Всплеск маны$(0) в барабан.	PASS		Текст читается естественно, ясно и соответствует английскому источнику.	251		
patchouli-lang:botania:botania.page.forestDrum1	sha256:6def46bc492fe51531c869327afffb86bae51e43ef1edda9905d9013e50eae5f	Note that the drum does not store mana; thus, to trigger it, a $(l:mana/redstone_spreader)$(item)Pulse Mana Spreader$(0)$(/l) or a $(l:tools/mana_blaster)$(item)Mana Blaster$(0)$(/l) is required.	Отмечу, что барабан не хранит маны, поэтому для его работы лучше всего использовать $(item)Красный распространитель маны$(0) или $(item)Пистолет маны$(0).	PASS		Текст читается естественно, ясно и соответствует английскому источнику.	132		
patchouli-lang:botania:botania.page.forestDrum2	sha256:f552235b6e1b15526f4512d81541e0031d2e6aacc74bdedadf3e19f700e30ded	But if you close your eyes...	Но если вы закроете глаза...	PASS		Текст читается естественно, ясно и соответствует английскому источнику.	28		
patchouli-lang:botania:botania.page.forestEye0	sha256:ecf5ed2f202bfa6061d8d6f61ac2de49ff3a059ed8efc5ed891a75d16df4fe6d	The Ancients who used to watch over the world always looked out for the living beings on it. The $(item)Eye of the Ancients$(0), while not an actual eye, is the next best thing.$(p)An adjacent $(item)Comparator$(0) will output a redstone signal proportional to the number of nearby animals it can find.	Как и древние, которые использовали глаз, чтобы изучать мир в поиске живых существ, Ваш $(item)Глаз Древних$(0), будет делать то же самое.$(p)Присоединённый к глазу $(item)Компаратор$(0), будет посылать Редстоун сигнал эквивалентный количеству животных находящихся рядом с ним.	PASS		Текст читается естественно, ясно и соответствует английскому источнику.	251		
patchouli-lang:botania:botania.page.forestEye1	sha256:f7e5ca0fb179a36e5085e71591b0cded14f5a5008eb8efc81d2fad21070cfde5	Its count starts from 2; with 2 animals around, it outputs a signal of strength 1; with 3 animals, signal strength 2; and so on.$(p)Unfortunately, time has worn down the sight of the Ancients, so this block can only see animals for about 6 blocks in any direction.	Подсчёт начнётся только если животных рядом будет не меньше 2, при этом компаратор выдаст сигнал с силой 1, с 3 животными поблизости - силой 2 и так далее.$(p)В конце концов, время Древних прошло и поэтому этот блок может видеть животных только в радиусе не более 6 блоков.	PASS		Текст читается естественно, ясно и соответствует английскому источнику.	269		
patchouli-lang:botania:botania.page.forestEye2	sha256:ef6a08b5a3428809401a51bb1e7d443b3338fcfbca79a2d52ed67bb39e0e4781	Now you see me...	Теперь ты видишь меня...	PASS		Текст читается естественно, ясно и соответствует английскому источнику.	24		
patchouli-lang:botania:botania.page.gIntro0	sha256:1c0a85b17887e94422a0ba7f73491026f1db7653d0b0708c7d0bbe9560ccb2b3	Generating $(thing)Mana$(0) should be at the top of any botanist's priority list. Luckily, there's a wide selection of $(thing)Generating Flora$(0) willing to do the job.$(p)These flowers, as the name would imply, generate $(thing)Mana$(0), usually consuming resources to do so.	$(thing)Создание маны$(0) должно быть на вершине приоритетов любого ботаника. К счастью, есть масса $(thing)Генерирующих Цветов$(0), которые готовы работать.$(p)Эти цветы, как говорит их название, генерируют $(thing)Ману$(0), как пассивно, так и активно. Если иное не указано, все $(thing)Генерирующие Цветы$(0) создают $(thing)Ману$(0) пассивно, при определённых обстоятельствах.	PASS		Текст читается естественно, ясно и соответствует английскому источнику.	316		
patchouli-lang:botania:botania.page.gIntro1	sha256:5cd5ce003f96a3ed52be21f08c1d8ef3296de150866aa3fc327636adef4c7089	All $(thing)Generating Flora$(0), like their $(thing)Functional$(0) brethren, can hold a small internal buffer of $(thing)Mana$(0).$(p)$(thing)Generating Flora$(0) will automatically output to the closest nearby $(l:mana/spreader)$(item)Mana Spreader$(0)$(/l).	Все $(thing)Генерирующие цветы$(0), как и $(thing)Функциональные цветы$(0) содержат буфер $(thing)Маны$(0).$(p)Обычные правила для чтения $(thing)Маны$(0): ПКМ $(item)Посохом леса$(0) по предмету обновит данные о количестве маны.$(p)Эта мана будет направлена в ближайший $(item)Распространитель маны$(0) для хранения.	PASS		Текст читается естественно, ясно и соответствует английскому источнику.	239		
patchouli-lang:botania:botania.page.gIntro2	sha256:ccddeb20ec1de8b938307aad51f692a5db1181eda9ceb0df56369c9b7df86ab6	These flowers bind to one $(l:mana/spreader)$(item)Mana Spreader$(0)$(/l) at a time for $(thing)Mana$(0) output. They'll bind to the nearest spreader present at the time of their placement (or the nearest placed afterward, if none were in range), and must be re-bound to another spreader with a wand in $(thing)Bind Mode$(0), if so desired.	Важно иметь в виду, что эти цветы запоминают $(item)Распространитель маны$(0), в который они должны направлять $(thing)Ману$(0). Они направляют ману только в ближайший распространитель, к которому цветок был поставлен (или в ближайшей поставленный, после того как цветок был поставлен) и не в какие другие, если конечно первый распространитель не был убран.	PASS		Текст читается естественно, ясно и соответствует английскому источнику.	334		
patchouli-lang:botania:botania.page.gIntro3	sha256:a14ac04882f63304bbe6f5b084c3ad21d41f465efd21443a6f5159f28a5494db	Choosing your first $(thing)Generating Flower$(0) is a pretty simple task; the simplest two choices for any fledgling botanist are the $(l:generating_flowers/endoflame)$(item)Endoflame$(0)$(/l) and the $(l:generating_flowers/hydroangeas)$(item)Hydroangeas$(0)$(/l).$(p)The former uses $(item)Coal$(0) or other fuel sources to generate $(thing)Mana$(0). The latter uses $(item)Water$(0) sources for the same task, but decays after about three days.	Выбор первого $(thing)Генерирующего Цветка$(0) - достаточно простая задача. Поскольку Вы ещё начинающий ботаник, у вас есть два варианта: $(item)Эндопламя$(0) и $(item)Водогортензия$(0).$(p)Эндопламя использует $(item)Уголь$(0) или другие горючие ресурсы для создания $(thing)Маны$(0). Водогортензия для создания маны использует источники $(item)Воды$(0).	PASS		Текст читается естественно, ясно и соответствует английскому источнику.	283		
patchouli-lang:botania:botania.page.gIntro4	sha256:01e2f12d9c210375e6bb4b4da5c7b298d519774b176b2ee120185dc6d6b66b3b	Later on, you may wish to branch out to other $(thing)Generating Flora$(0). Flowers that require more complex infrastructure to automate typically produce more $(thing)Mana$(0).	Позднее вы можете захотеть перейти к другим $(thing)Генерирующим Цветам$(0). Цветы, которые требуют более сложные схемы для автоматизации, как правило, производят больше $(thing)Маны$(0).	PASS		Текст читается естественно, ясно и соответствует английскому источнику.	163		
patchouli-lang:botania:botania.page.gIntroPotted	sha256:bf39be6608206ee2d535ee37f26a026a507585c2439e4c241318089f3f24cb42	Flowers in flower pots are purely decorative	Цветы в цветочных горшках являются чисто декоративными.	PASS		Текст читается естественно, ясно и соответствует английскому источнику.	55		
patchouli-lang:botania:botania.page.gaiaRitual0	sha256:2f44543d5268e5c12b8baff2ce4a417882bb1d42b183d15f4a6da9de8a30dcc3	The $(thing)Ritual of Gaia$(0) is a trial often undertaken by elves. It yields $(item)Gaia Spirits$(0), which are coveted as fragments of the power of the Goddess of Gaia herself.$(p)This ritual requires an $(thing)Active Beacon$(0) with $(item)Gaia Pylons$(0) surrounding it (functioning as an altar), as well as a single $(l:basics/terrasteel)$(item)Terrasteel Ingot$(0)$(/l) (as a sacrifice).	$(thing)Ритуал Гайи$(0) - это процедура, которая часто использовалась эльфами. Ритуал является единственным способом добычи $(item)Духа Гайи$(0), который является сущностью самой Богини Гайи.$(p)Этот ритуал требует $(thing)Активированный$(0) $(item)Маяк$(0) и несколько $(item)Пилонов Гайи$(0) (см. ниже), которые установлены на один уровень выше маяка, а также один $(item)Слиток Террастали$(0) для активации.	PASS		Текст читается естественно, ясно и соответствует английскому источнику.	338		
patchouli-lang:botania:botania.page.gaiaRitual1	sha256:4ab19c0147e59184c2ca2c3ea902ee1754d85ce602be5227f450e358f3cf55a1	Crafting $(item)Gaia Pylons$(0)	Создание $(item)Пилонов Гайи$(0)	PASS		Текст читается естественно, ясно и соответствует английскому источнику.	21		
patchouli-lang:botania:botania.page.gaiaRitual2	sha256:7363c8198f74928ccf06d712ec48b39bd94b4d3e19169300eddec65aaf4c157d	Ritual of Gaia	Размещение пилонов (на 1 блок выше маяка)	PASS		Текст читается естественно, ясно и соответствует английскому источнику.	41		
patchouli-lang:botania:botania.page.gaiaRitual3	sha256:51c6987be07cd066a8a356aea1e1ac134f25ea6cfbc4e8bc86bd40870759be3c	To start the ritual, simply sneak-right click the $(item)Beacon$(0) with the $(l:basics/terrasteel)$(item)Terrasteel Ingot$(0)$(/l), take a step back, and prepare to fight for your life. Preparation is absolutely required-- the fight with the $(thing)Guardian of Gaia$(0) can be even harder than that with the $(thing)Wither$(0). Upon the $(thing)Guardian$(0)'s defeat, a handful of $(item)Spirits of Gaia$(0) is dropped as a prize.	Чтобы начать ритуал, просто кликните Shift+ПКМ на блоке $(item)Маяка$(0) со $(item)Слитком террастали$(0) в руке, сделайте шаг назад и готовьтесь к борьбе за свою жизнь. Вам потребуются все Ваши умения для борьбы с $(thing)Хранителем Гайи$(0), бой может быть сложнее, чем бой с $(thing)Иссушителем$(0). После победы над $(thing)Хранителем$(0), можно забрать свой приз - горстку $(item)Духа Гайи$(0).	PASS		Текст читается естественно, ясно и соответствует английскому источнику.	330		
patchouli-lang:botania:botania.page.gaiaRitual4	sha256:73b9b8a12d11fc9bf2827e68d39579246ded3993b61331af83bc1935a7788743	Standard gear for this ritual is a set of enchanted $(item)Elementium Armor$(0), a $(l:tools/terra_sword)$(item)Terra Blade$(0)$(/l), and a miscellany of $(thing)Brews$(0) and $(thing)Trinkets$(0). Do note that the $(item)Beacon$(0)'s effect is forcibly nullified during the battle.$(p)The $(item)Guardian$(0) has a massive pool of health, so preparing with $(thing)Enchantments$(0) and $(thing)Brews$(0) is a must!	Настоятельно рекомендуется использовать $(item)Элементиевую броню$(0), $(item)Терралезвие$(0), $(thing)Зелья$(0) и $(thing)Безделушки$(0). Эффекты $(item)Маяка$(0) аннулируются на время битвы, что также должно быть принято во внимание при подготовке.$(p)У $(item)Хранителя$(0) огромный запас здоровья, поэтому подготовка в виде $(thing)Зачарований$(0) и $(thing)Зелий$(0) обязательна!	PASS		Текст читается естественно, ясно и соответствует английскому источнику.	288		
patchouli-lang:botania:botania.page.gaiaRitual5	sha256:01e1cabaa9e96db6ef9ec2b73516e86b8622be991e36c199ad72d83ab702a575	The difficulty of (and reward yielded by) the ritual depends on the number of people participating. Performing the ritual with over five people in the vicinity can be a recipe for disaster with the chaos created, so rituals on that scale probably shouldn't be attempted.$(p)Lastly, it might be a good idea to stay away from the purple.	Сложность и полученные награды зависят от количества участников. Активация ритуала с более чем пятью людьми может привести к плохим последствиям.$(p)Хорошей идеей будет стоять подальше от пурпурного цвета.	PASS		Текст читается естественно, ясно и соответствует английскому источнику.	201		
patchouli-lang:botania:botania.page.gaiaRitualHardmode0	sha256:003acbd7877036efec699606d1ff7de5bd5c065e46aa40d4563fdb3bad3e4291	One would $(o)think$() that combining two of the most powerful botanical resources known (i.e. $(l:basics/terrasteel)$(item)Terrasteel$(0)$(/l) and $(l:alfhomancy/gaia_ritual)$(item)Gaia Spirits$(0)$(/l)) would create a material that would be truly unstoppable. Unfortunately, the reality is that said material is very much stoppable. In fact, the two sets of energies seem to cancel almost perfectly when combined into an ingot, yielding an utterly useless alloy.	Можно $(o)подумать$(), что объединение двух самых мощных ботанических ресурсов (т.е. $(l:basics/terrasteel)$(item)Террастали$(0)$(/l) и $(l:alfhomancy/gaia_ritual)$(item)Душ Гайи$(0)$(/l)) создаст материал, который будет поистине неудержимым. К сожалению, реальность такова, что этот материал вполне остановим. На самом деле, два набора энергий, похоже, почти полностью нейтрализуются при объединении в слиток, образуя совершенно бесполезный сплав.	PASS		Текст читается естественно, ясно и соответствует английскому источнику.	360		
patchouli-lang:botania:botania.page.gaiaRitualHardmode1	sha256:bdecca02560c901f0869ac756fec2744e5d36fc0075694cc58cae0954184dc1b	This ingot, however, can be sacrificed to a $(item)Beacon$(0) to summon an even stronger $(l:alfhomancy/gaia_ritual)$(thing)Gaia Guardian$(0)$(/l)-- with more strength, speed, and resistance.$(p)On the other hand, slaying this greater Guardian yields many more $(l:alfhomancy/gaia_ritual)$(item)Gaia Spirits$(0)$(/l), as well as a handful of goodies and rare treasure. It's a worthwhile foe.	Тем не менее, этот слиток можно принести в жертву $(item)Маяку$(0), чтобы призвать ещё более сильного $(l:alfhomancy/gaia_ritual)$(thing)Стража Гайи$(0)$(/l)— с большим запасом силы, скорости и сопротивления.$(p)С другой стороны, убийство этого более могущественного Стража приносит намного больше $(l:alfhomancy/gaia_ritual)$(item)Душ Гайи$(0)$(/l), а также кучу полезных вещей и редких сокровищ. Это достойный противник.	PASS		Текст читается естественно, ясно и соответствует английскому источнику.	320		
patchouli-lang:botania:botania.page.gaiaRitualHardmode2	sha256:b9cf5f52e3899f0a222bf54ccbb6aace4c5dcb76d4f5845550bebaaf85e9c152	Creating the $(item)Gaia Spirit Ingot$(0).	Создание $(item)Слитка духа Гайи$(0)	PASS		Текст читается естественно, ясно и соответствует английскому источнику.	25		
patchouli-lang:botania:botania.page.gardenOfGlass0	sha256:eb2b9107e2de1464c899773808b4556e9f19af0176f782008b62e4b1f533fe20	In the $(2)Garden of Glass$(0) nobody can hear you scream.$(p)You're alone in space.$(p)How exciting.	В $(2)Стеклянном Саду$(0) никто не услышит, как вы кричите. Вы одиноки в космосе.	CHANGE	В $(2)Стеклянном саду$(0) никто не услышит ваш крик.$(p)Вы одни в космосе.$(p)Как увлекательно.	Исправлены смысловые потери, маркеры и неестественные формулировки.	73	79	1.082
patchouli-lang:botania:botania.page.gardenOfGlass1	sha256:e823b3bc06b482b74273d9c19f989d501af0a3d465fb5bf4a00a0b9f5e11a057	The $(2)Garden of Glass$(0) is a skyblock mode for $(thing)Botania$(0). It's aimed more at players who have some experience in the mod, but if you're new to it, you're more than welcome to try it out anyway.$(p)Most of $(thing)Botania$(0) functions the same as it does on the ground, but some tweaks have been put in place to allow for skyblock-style gameplay, which are listed in the following pages.	$(thing)Стеклянный Сад$(0) - это режим Skyblock для Ботании. Он рекомендуется только для игроков, которые в некоторой степени разбираются в моде, но если вы новичок в Ботании, вы более чем можете попробовать его в любом случае.$(p)Большинство функций мода одинаковы, но некоторые настройки были изменены, чтобы позволить игру в стиле Skyblock. Они будут перечислены на следующих страницах.	CHANGE	$(2)Стеклянный сад$(0) - режим скайблока для $(thing)Ботании$(0). Он больше подходит тем, кто уже знаком с модом, но новички тоже могут его попробовать.$(p)Большая часть $(thing)Ботании$(0) работает как обычно, но для скайблока внесены некоторые изменения; они описаны на следующих страницах.	Исправлены смысловые потери, маркеры и неестественные формулировки.	373	256	0.686
patchouli-lang:botania:botania.page.gardenOfGlass11	sha256:15c08e3b98e3b61129b1d844b3760f1bb881dd698468aa98b17f30d54e87b8d8	The $(item)Mana Flash$(0) present in the starting area will allow a player without a $(l:basics/lexicon)$(item)Lexica Botania$(0)$(/l) to exchange a $(item)Sapling$(0) for one, by right-clicking the $(item)Sapling$(0) on the $(item)Mana Flash$(0).	Помимо обеспечения света, $(item)Вспышка маны$(0), присутствующая в начальной области, позволяет игроку, который потерял $(l:basics/lexicon)$(item)Лексикон Ботании$(0)$(/l), обменять $(item)Саженец дерева$(0) на него, щелкнув ПКМ с $(item)Саженцем$(0) на $(item)Манавспышку$(0).$(p)Это может быть сделано только в том случае, если у игрока нет $(item)Лексикона Ботании$(0).	CHANGE	$(item)Вспышка маны$(0) в начальной зоне позволит игроку без $(l:basics/lexicon)$(item)Лексикона Ботании$(0)$(/l) обменять $(item)Саженец$(0) на книгу: нажмите ПКМ $(item)Саженцем$(0) по $(item)Вспышке маны$(0).	Исправлены смысловые потери, маркеры и неестественные формулировки.	279	132	0.473
patchouli-lang:botania:botania.page.gardenOfGlass12	sha256:3ded3c84b15551da6b43a7c244a0ae4be838b0b170123461bdc24f2e118e3618	Lastly, a way to reach the End	Наконец, рецепт $(item)Эндер портала$(0)	CHANGE	Наконец, способ попасть в Край	Исправлены смысловые потери, маркеры и неестественные формулировки.	29	30	1.034
patchouli-lang:botania:botania.page.gardenOfGlass13	sha256:f47bddb3047c609a326715ce55ac9bc0769d3b3f04223c2460119f094d670b9e	Infusing $(item)Prismarine$(0)	Наполнение $(item)Призмарина$(0)	PASS		Текст читается естественно, ясно и соответствует английскому источнику.	21		
patchouli-lang:botania:botania.page.gardenOfGlass14	sha256:17ed0a948b3e9bd07b605e434d47084703d621904ec3170bd8efaa2270c1c0f5	Creating the $(item)Heart of the Sea$(0)	Создание $(item)Сердца моря$(0)	PASS		Текст читается естественно, ясно и соответствует английскому источнику.	20		
patchouli-lang:botania:botania.page.gardenOfGlass2	sha256:f73b8bf7b6fef9821b5c94b0833c227c5bdd1b658f294c591bd1f69119e78cb3	After spawning in the $(item)Garden of Glass$(0), you'll find $(item)Living Roots$(0) under your feet. These can be crafted into $(item)Saplings$(0) and $(l:basics/flowers)$(item)Floral Fertilizer$(0)$(/l), or just used as $(item)Bone Meal$(0). Sneak-right clicking a $(item)Dirt$(0) or $(item)Grass$(0) block with an empty hand will rummage through the soil, yielding some $(item)Pebbles$(0); these can be converted into $(item)Cobblestone$(0). Filling a $(l:basics/apothecary)$(item)Petal Apothecary$(0)$(/l) can be done with a $(item)Bowl$(0), which in turn can be filled by right-clicking it on a water block.	После спауна в $(item)Стеклянном Саду$(0) вы найдете $(item)Жизнекорень$(0) ниже зоны посадки. Они могут быть использованы для создания $(item)Саженцев$(0) и $(l:basics/flowers)$(item)Цветочного Удобрения$(0)$(/l). Они также работают как $(item)Костная Мука$(0). Shift+ПКМ по блоку $(item)Земли$(0) или $(item)Травы$(0) с пустой рукой заставит вас рыться в почве, находя немного $(item)Гальки$(0), которая может быть преобразована в $(item)Булыжник$(0). Заполнение $(item)Лепесткового Аптекаря$(0) можно осуществить с помощью $(item)Миски$(0), нажав на блок воды.	CHANGE	После появления в $(item)Стеклянном саду$(0) под ногами будут $(item)Живые корни$(0). Из них можно создать $(item)Саженцы$(0) и $(l:basics/flowers)$(item)Цветочное удобрение$(0)$(/l) или использовать их как $(item)Костную муку$(0). Крадясь, нажмите ПКМ пустой рукой по $(item)Земле$(0) или $(item)Траве$(0), чтобы найти $(item)Гальку$(0); ее можно превратить в $(item)Булыжник$(0). $(l:basics/apothecary)$(item)Лепестковый аптекарь$(0)$(/l) можно наполнить $(item)Миской$(0), которую наполняют ПКМ по блоку воды.	Исправлены смысловые потери, маркеры и неестественные формулировки.	418	340	0.813
patchouli-lang:botania:botania.page.gardenOfGlass3	sha256:b3e3a1d26298e562651bd73524352b78335972bb0d569bf6ca7c7ec27ad9e321	Creating $(item)Saplings$(0)	Создание $(item)Саженцев$(0)	PASS		Текст читается естественно, ясно и соответствует английскому источнику.	17		
patchouli-lang:botania:botania.page.gardenOfGlass4	sha256:30f969ed2aaae5ca453fd0d1bb84a65934d25c9b0d55220c0394495a8bb4028b	Creating $(l:basics/flowers)$(item)Floral Fertilizer$(0)$(/l)	Создание $(l:basics/flowers)$(item)Цветочного Удобрения$(0)$(/l)	PASS		Текст читается естественно, ясно и соответствует английскому источнику.	29		
patchouli-lang:botania:botania.page.gardenOfGlass5	sha256:2d2f4c2a64ca0d6d93fe9d10664bcd4d55e4a925f68a59e96a27ff40b10b9fda	Creating $(item)Cobblestone$(0)	Создание $(item)Булыжника$(0)	PASS		Текст читается естественно, ясно и соответствует английскому источнику.	18		
patchouli-lang:botania:botania.page.gardenOfGlass6	sha256:35239340e4fd434d83fb4fb2d4ae3417b01956bf6baf22a642710424cbc638fe	Aside from that, some things in $(thing)Botania$(0) have been changed to fit Skyblock gameplay: The $(l:functional_flowers/orechid_gog)$(item)Orechid$(0)$(/l) is easier to make, faster, and much more $(thing)Mana$(0)-efficient; The $(l:devices/cocoon_gog)$(item)Cocoon of Caprice$(0)$(/l) and the $(l:mana/spreader)$(item)Mana Spreader$(0)$(/l) have simpler recipes; the $(l:misc/blaze_block)$(item)Blaze Mesh$(0)$(/l), which can be purified into $(item)Obsidian$(0), is made from powder instead of rods; melon and pumpkin seeds can drop from tall grass; floral fertilizer yields more per craft; and certain additional recipes have been added.	Кроме того, некоторые вещи в Ботании отличаются от игры Skyblock: $(item)Рудноцвет$(0) легче, быстрее и намного дешевле сделать; $(item)Кокон Жизни$(0) и $(item)Распространитель Маны$(0) имеют разные рецепты; $(item)Лампа Ифрита$(0), которую можно использовать для создания $(item)Обсидиана$(0), использует порошок вместо стержней; семена дыни или тыквы могут выпасть из высокой травы; цветочное удобрение создает больше за каждый крафт.	CHANGE	Кроме того, для скайблока изменены некоторые вещи в $(thing)Ботании$(0): $(l:functional_flowers/orechid_gog)$(item)Рудноцвет$(0)$(/l) проще создать, он быстрее и экономнее расходует $(thing)ману$(0); у $(l:devices/cocoon_gog)$(item)Кокона каприза$(0)$(/l) и $(l:mana/spreader)$(item)Распространителя маны$(0)$(/l) упрощены рецепты; $(l:misc/blaze_block)$(item)Сетка ифрита$(0)$(/l), которую можно очистить до $(item)Обсидиана$(0), создается из порошка, а не стержней; из высокой травы выпадают семена дыни и тыквы; цветочное удобрение дает больше, а также добавлены рецепты.	Исправлены смысловые потери, маркеры и неестественные формулировки.	382	378	0.990
patchouli-lang:botania:botania.page.gardenOfGlass7	sha256:77f0adcc38a1222677fbc324663c59979230f9e734ad747845b3c0793cd17e2e	Creating $(item)Sugar Canes$(0)	Создание $(item)Сахарного Тростника$(0)	PASS		Текст читается естественно, ясно и соответствует английскому источнику.	28		
patchouli-lang:botania:botania.page.gardenOfGlass8	sha256:a3800b1bc2f83b8a525fcdf82ef5a75901c4fb326c5d9b8db33e25ad611d26f0	Creating $(item)Slimeballs$(0)	Создание $(item)Сгустка Слизи$(0)	PASS		Текст читается естественно, ясно и соответствует английскому источнику.	22		
patchouli-lang:botania:botania.page.gardenOfGlass9	sha256:b13af394705dbf1d0cc4b7ffcc8a3370c0b828fd1194f309f5ea97d131761eba	Entering the $(thing)Nether$(0) might seem difficult under these conditions-- worry not, however, as $(l:misc/blaze_block)$(item)Blaze Meshes$(0)$(/l) (as mentioned previously) can be converted into $(item)Obsidian$(0). To get these lamps, spawn $(thing)Blazes$(0) from $(l:devices/fel_pumpkin)$(item)Fel Pumpkins$(0)$(/l).$(p)Since there's no easily accessible $(item)Flint$(0) on an island in space, a $(item)Fire Charge$(0) will have to do for portal-opening.	Проблема, с которой можно столкнуться в этом мире, вход в $(thing)Ад$(0). Однако не волнуйтесь, так как $(item)Лампы ифрита$(0), как уже упоминалось ранее, могут создавать $(item)Обсидиан$(0). Чтобы получить эти лампы, создайте $(item)Ифритов$(0), используя $(item)Тыквы$(0).$(p)Поскольку нет легкодоступного $(item)Огнива$(0), открывать портал нужно будет с помощью $(item)Огненного шара$(0).	CHANGE	В таких условиях попасть в $(thing)Незер$(0) непросто, но $(l:misc/blaze_block)$(item)Сетки ифрита$(0)$(/l), о которых уже говорилось, можно превратить в $(item)Обсидиан$(0). Чтобы получить сетки, призывайте $(thing)ифритов$(0) из $(l:devices/fel_pumpkin)$(item)Злобных тыкв$(0)$(/l).$(p)На космическом острове нет легкодоступного $(item)Кремня$(0), поэтому для открытия портала придется использовать $(item)Огненный заряд$(0).	Исправлены смысловые потери, маркеры и неестественные формулировки.	311	289	0.929
patchouli-lang:botania:botania.page.gatherDrum0	sha256:80ee9607abed8bd2f5908902a789bf512c3c49652e048a41169dddf73dc1dcb4	The $(item)Drum of the Gathering$(0) is, in effect, the rancher's $(l:devices/forest_drum)$(item)Drum of the Wild$(0)$(/l).$(p)When a $(thing)Mana Burst$(0) collides with it, any $(thing)Sheep$(0) around with grown fleece will be sheared, any $(thing)Chickens$(0) will get closer to laying their next egg, and any $(thing)Cows$(0), $(thing)Mooshrooms$(0), or $(thing)Goats$(0) with $(item)Empty Buckets$(0) below them will pour milk into the buckets.	$(item)Барабан сбора$(0) фактически является аналогом $(l:devices/forest_drum)$(item)Барабана дикой природы$(0)$(/l) для скотоводов.$(p)Когда $(thing)Всплеск Маны$(0) сталкивается с ним, все $(thing)Овцы$(0) с отросшей шерстью будут пострижены, $(thing)Куры$(0) приблизятся к сносу следующего яйца, а все $(thing)Коровы$(0), $(thing)Муухоморы$(0) или $(thing)Козы$(0) с $(item)Пустыми ведрами$(0) под ними нальют молоко в ведра.	PASS		Текст читается естественно, ясно и соответствует английскому источнику.	290		
patchouli-lang:botania:botania.page.gatherDrum1	sha256:7cb4942c38a02651b841efc230e1ef6caf96297bfd4d8074db1391685ae56aa2	Tap your lands	Поверните землю	PASS		Текст читается естественно, ясно и соответствует английскому источнику.	15		
patchouli-lang:botania:botania.page.ghostRail0	sha256:6d1f750315112d2a01104210d1c81e73d3a244d0c63aabb439af67b6416ad189	Using a $(l:devices/spectral_platform)$(item)Spectral Platform$(0)$(/l) as a $(item)Rail$(0) component yields a $(item)Spectral Rail$(0), which makes $(item)Minecarts$(0) passing over it do interesting things: when launched off a $(item)Spectral Rail$(0), a minecart will float for a short distance and briefly gain the ability to pass through walls.$(p)The cart loses the ability if it lands on a rail or collides with any variant of $(l:alfhomancy/elf_resources)$(item)Dreamwood$(0)$(/l).	Использование $(item)Спектральных платформ$(0) в качестве компонента $(item)Рельс$(0) дает некоторые интересные возможности для проходящего через него $(item)Вагонетки$(0): при запуске с рельса тележка будет плавать немного, она также сможет проходить сквозь стены. Этот эффект Останавливается, если тележка приземляется на рельс или сталкивается с любым вариантом $(item)Древесины мечтаний$(0).	PASS		Текст читается естественно, ясно и соответствует английскому источнику.	351		
patchouli-lang:botania:botania.page.ghostRail1	sha256:a15805f073d59cf8a3c63c038a8b7157d078d1cb13479abe9adceebabbf1a53d	Spirit Tracks, you could say	Призрачная колея,вы могли бы сказать	PASS		Текст читается естественно, ясно и соответствует английскому источнику.	36		
patchouli-lang:botania:botania.page.glassPick0	sha256:34d234c2588a8281077da37c330522d9dc9e4f96c5dbf49e1de3d1423fe8c838	Placing $(item)Glass$(0) wrongly and needing to break it can be a heart-shattering experience. Luckily, a $(item)Vitreous Pickaxe$(0) mining $(item)Glass$(0) blocks will yield them as items-- it's like cheap $(thing)Silk Touch$(0) for glass!	Разместив блок $(item)Стекла$(0) и попытавшись забрать его назад, можно получит горький опыт. К счастью, создав $(item)Стеклянную кирку$(0), можно забрать $(item)Стекло$(0) назад, добывая его киркой. Это похоже на дешевый аналог кирки с $(thing)Шелковым касанием$(0) для стекла!	CHANGE	Если поставить $(item)Стекло$(0) не туда, разбить его бывает особенно обидно. К счастью, $(item)Стеклянная кирка$(0) добывает блоки $(item)Стекла$(0) как предметы — дешёвое $(thing)Шёлковое касание$(0) для стекла!	Убраны кальки и грамматические ошибки; восстановлены смысл и разметка английского источника.	233	168	0.721
patchouli-lang:botania:botania.page.glassPick1	sha256:9ed216fdd7653bc8f00dfde4c3ba69692d6ac75b3c4d2156578c5c37aaf712bf	Poor man's silk touch	Безумное шелковое прикосновение	PASS		Текст читается естественно, ясно и соответствует английскому источнику.	31		
patchouli-lang:botania:botania.page.goddessCharm0	sha256:bd741d5af6342279268cba39b0a505ee58f212d6c9d430cefb9219498a18fd6b	The $(item)Benevolent Goddess' Charm$(0) is a defensive $(thing)Trinket$(0) that's worn (as its name implies) in the $(thing)Charm$(0) slot.$(p)When worn, it uses $(thing)Mana$(0) to prevent explosions in its wearer's vicinity from damaging any blocks in the world.	$(item)Очарование доброжелательной богини$(0) - это защитная безделушка, которую можно носить в слоте $(thing)брелока$(0).$(p)При ношении потребляет $(thing)Ману$(0) и предотвращает любые взрывы рядом с Вами.	PASS		Текст читается естественно, ясно и соответствует английскому источнику.	169		
patchouli-lang:botania:botania.page.goddessCharm1	sha256:93a74a1cbfcffbb6e1ed0fbccf020056163084310f3259947eec394d008341d5	No EXPLOSION!	"Скажи ""НЕТ!"" взрывам"	CHANGE	Никаких взрывов!	Исправлена неестественная формулировка или языковая ошибка; смысл и разметка сохранены.	20	16	0.800
patchouli-lang:botania:botania.page.gourmaryllis0	sha256:1d1f3c2d24373306546895e11808666b4e2452c1fb24f4a9594ad9482a820eef	The $(item)Gourmaryllis$(0) is one hungry flower. It'll eat any food items it finds in a small area and turn them into $(thing)Mana$(0).$(p)There's a catch, though: it can only digest a single food item at any given time, outputting $(thing)Mana$(0) once it's done. It will devour any other foods while digesting, but yield no returns for those.	$(item)Гурмарилис$(0) - очень голодный цветок. Он будет съедать любую пищу в небольшой области вокруг себя и превращать её в $(thing)Ману$(0).$(p)Однако он может переваривать только один кусок еды за раз и выдаёт $(thing)Ману$(0) только после завершения переваривания. Любая другая еда, найденная в это время, будет съедена, но мана из неё не будет создана.	PASS		Текст читается естественно, ясно и соответствует английскому источнику.	318		
patchouli-lang:botania:botania.page.gourmaryllis1	sha256:4438c56c7e7de284d87567660cd8c4fdf7d4ef8e011a899679e4324bbf36dba3	The amount of time it takes to digest a delicacy depends on the food's nutritional value-- in layman's terms: the number of food points it restores.$(p)Thus, a $(item)Steak$(0) will take four seconds to digest, an $(item)Apple$(0) will take two, a loaf of $(item)Bread$(0) will take two and a half, and so on.$(p)The rate of $(thing)Mana$(0) production will also vary with nutrition: the $(item)Gourmaryllis$(0) prefers bigger foods.	Время, необходимое для переваривания деликатеса, зависит от его питательной ценности  — проще говоря: от количества восстановленных очков сытости.$(p)Так, $(item)стейк$(0) будет перевариваться 4 секунды, $(item)морковь$(0) - за две, а буханка $(item)хлеба$(0) - за две с половиной и так далее.$(p)Скорость производства $(thing)Маны$(0) также зависит от питания: $(item)Гурмарилис$(0) предпочитает более сытные продукты.	PASS		Текст читается естественно, ясно и соответствует английскому источнику.	355		
patchouli-lang:botania:botania.page.gourmaryllis2	sha256:946da23e95efd1f4ae35eb3f40bcf510bfd944d466558b1aa8735e1d6fbad941	For example, a single $(item)Steak$(0) will produce more $(thing)Mana$(0) than two $(item)Apples$(0), both in total and per-second.$(p)Of course, like any proper gourmand, the $(item)Gourmaryllis$(0) loves variety in its diet; feeding it many different foods can be very rewarding. (Giving it the same food repeatedly might not go over so well, though.)$(p)An experienced botanist can infer the $(item)Gourmaryllis$(0)' mood from the sounds it makes.	Например, один $(item)Стейк$(0) даст больше $(thing)Маны$(0), чем два $(item)Яблока$(0), как в сумме, так и за секунду.$(p)Однако, как и любой гурман, $(item)Гурмарилис$(0) любит разнообразие в своём рационе; кормление его разными продуктами может быть очень вознаграждающим. (Постоянное кормление одним и тем же продуктом может не принести хороших результатов.)$(p)Опытный ботаник может определить настроение $(item)Гурмарилис$(0) по издаваемым им звукам.	PASS		Текст читается естественно, ясно и соответствует английскому источнику.	392		
patchouli-lang:botania:botania.page.gourmaryllis3	sha256:e10608fbddcac853c946f88e268b56200a140e03e4158316c0afd2cb0ac9b2bf	$(o)A hot pot for our new residents$().	$(o)Горячая кастрюля для наших новых жителей$(0).	PASS		Текст читается естественно, ясно и соответствует английскому источнику.	41		
patchouli-lang:botania:botania.page.grassHorn0	sha256:b2035c810489da80537a3102480aa54c5b9134cd64618ce84751b77e7fc01e46	Clearing out large areas of $(item)Tall Grass$(0) by hand is a nuisance, as is the process of harvesting large fields of crops.$(p)Simply blowing into the $(item)Horn of the Wild$(0) will cause any nearby vegetation to quickly uproot, leaving behind drops as if they had been broken by hand.$(p)The horn can be tuned to break $(item)leaves$(0) or $(item)snow$(0) instead.	Очистка участка от $(item)высокой травы$(0) вручную, определённо, может быть неприятным занятием. Просто дунув в $(item)Рог дикой природы$(0), можно быстро выкорчевать всю находящуюся неподалёку растительность, оставляя на земле лишь выпадающие из неё предметы, как будто это было сделано рукой.$(p)После небольших модифицикаций, можно получить рог, который срывает листья.	CHANGE	Вручную очищать большие участки от $(item)Высокой травы$(0) и собирать огромные поля утомительно.$(p)Подуйте в $(item)Рог дикой природы$(0), и вся ближайшая растительность быстро вырвется с корнем, оставив дроп, как при добыче рукой.$(p)Рог можно настроить на срезание $(item)листьев$(0) или $(item)снега$(0).	Убраны кальки и грамматические ошибки; восстановлены смысл и разметка английского источника.	347	257	0.741
patchouli-lang:botania:botania.page.grassHorn1	sha256:bffd711030965e7fe4404457b9c34430cf78d5fb6a89cd1125f71c00a8574178	Crafting the horn	Создание рога	PASS		Текст читается естественно, ясно и соответствует английскому источнику.	13		
patchouli-lang:botania:botania.page.grassHorn2	sha256:aca0a48b30e2e5fde5d2b85e8a5d489c30259776ee6424d4835387c9fa8c09c0	Adjusting for $(item)Leaves$(0)	Модификация рога $(item)Листья$(0)	PASS		Текст читается естественно, ясно и соответствует английскому источнику.	23		
patchouli-lang:botania:botania.page.grassHorn3	sha256:ce32e52eff3dbfce8841a4d1d4666fd54769754d07582a54ba5bfa80b79a59dd	Adjusting for $(item)Snow$(0)	Модификация рога $(item)Снег$(0)	PASS		Текст читается естественно, ясно и соответствует английскому источнику.	21		
patchouli-lang:botania:botania.page.grassSeeds0	sha256:f3ccd4601a03ba757acbfa19bae2162d796a2138132ebddf007b3751f8cbf08f	Watching the slow grow of $(item)Grass$(0) is seldom a fun activity. $(item)Tall Grass$(0), infused with $(thing)Mana$(0), becomes $(item)Pasture Seeds$(0), which will grow grass in a nearby area when used on a $(item)Dirt$(0) block, either by hand or in a $(item)Dispenser$(0).$(p)Other dirt-type blocks can also be grown, such as $(item)Podzol$(0) or $(item)Mycelium$(0), from alternative seeds.	Глядя на распространение травы, редко можно получить ощущение удовольствия. Обогатив $(item)Высокую траву$(0) $(thing)маной$(0), можно создать $(item)Луговое семя$(0), которое заставит расти траву в любой бесплодной области, просто щелкнув ПКМ.$(p)Также можно создать и другие типы флоры, например $(item)Подзол$(0) или $(item)Мицелий$(0).	CHANGE	Наблюдать, как медленно растёт $(item)Трава$(0), редко бывает весело. $(item)Высокая трава$(0), наполненная $(thing)Маной$(0), превращается в $(item)Луговые семена$(0): примените их на блоке $(item)Земли$(0) рукой или из $(item)Раздатчика$(0), чтобы вырастить траву вокруг.$(p)Из других семян можно вырастить иные земляные блоки, например $(item)Подзол$(0) или $(item)Мицелий$(0).	Убраны кальки и грамматические ошибки; восстановлены смысл и разметка английского источника.	279	287	1.029
patchouli-lang:botania:botania.page.grassSeeds1	sha256:80c9cf91000dc5ebc686e566d03cec320e11ae42161e34d225dcdc5b1304a023	$(item)Pasture Seeds$(0) for $(item)Grass$(0)	$(item)Луговое семя$(0) для Травы	PASS		Текст читается естественно, ясно и соответствует английскому источнику.	22		
patchouli-lang:botania:botania.page.grassSeeds2	sha256:9e43b7a43d705906d8fbdf4d028ee517a16fcc5e57119199a1b45b95fe114485	$(item)Boreal Seeds$(0) for $(item)Podzol$(0)	$(item)Таёжное семя$(0) для Подзола	PASS		Текст читается естественно, ясно и соответствует английскому источнику.	24		
patchouli-lang:botania:botania.page.grassSeeds3	sha256:7768fd0542d29d43699f094ef4841466ece3d45df25198f123e7489979e77900	$(item)Infestation Spores$(0) for $(item)Mycelium$(0)	$(item)Грибные споры$(0) для Мицелия	PASS		Текст читается естественно, ясно и соответствует английскому источнику.	25		
patchouli-lang:botania:botania.page.grassSeeds4	sha256:9e134ccdf0d85843c37b701a16ef1b886145d8172decea231d2a43590797dffe	An additional six types of $(item)Pasture Seeds$(0) can be created, for alternative grasslike blocks with various textures.$(p)These spread to dirt like normal and can sustain any plant a block of grass can. Similarly, they may only be picked up with $(thing)Silk Touch$(0). However, these blocks don't decay back into dirt if covered.	Дополнительные шесть типов $(item)Луговых семян$(0) могут быть созданы для альтернативных типов травы с различными текстурами. $(p)Они распространяются на грязь, как обычно, и могут поддерживать любое растение в виде блока травы. Точно так же их можно подобрать только с помощью $(thing)Шелкового касания$(0). Тем не менее, они не разрушаются обратно в грязь, если над ними есть блок.	CHANGE	Можно создать ещё шесть видов $(item)Луговых семян$(0) для травяных блоков с разными текстурами.$(p)Они распространяются по земле как обычно и поддерживают любые растения, которые растут на траве. Их можно добыть только с $(thing)Шёлковым касанием$(0). Но эти блоки не превращаются обратно в землю, если их накрыть.	Убраны кальки и грамматические ошибки; восстановлены смысл и разметка английского источника.	357	288	0.807
patchouli-lang:botania:botania.page.grassSeeds5	sha256:702e3f7d43c803532767ea442257b58c71dff20b8aa36552617f3048ad1156fe	The alternate $(item)Pasture Seeds$(0)	Альтернативные $(item)Луговых семян$(0)	PASS		Текст читается естественно, ясно и соответствует английскому источнику.	28		
patchouli-lang:botania:botania.page.gravityRod0	sha256:18b680fea5b952a5e57f6c5c09f4d08cd441376666698d0e8ab949adf6cf8437	The $(item)Rod of the Shaded Mesa$(0) is a powerful artifact; legend has it that the first of these devices was found lying atop a dusky geographical feature next to a single crowbar.$(p)To use this device, aim it at a mob or item and hold right-click to pick it up. Releasing right-click will drop the held entity, while punching with it will toss the entity in a powerful burst.	$(item)Жезл Чёрной Мессы$(0) чрезвычайно мощная реликвия. Легенды говорят, что это первая реликвия, которая была найдена на вершине черной горы, среди разного хлама.$(p)Чтобы использовать это устройство, нужно направить жезл на моба и зажать ПКМ, чтобы схватить его. Отпустив ПКМ, моб упадет на землю, а при шелчке ЛКМ, моба выбросит в сторону взгляда.	CHANGE	$(item)Жезл Чёрной Месы$(0) — мощный артефакт; легенда гласит, что первый нашли на сумрачной возвышенности рядом с единственным ломом.$(p)Наведите его на моба или предмет и удерживайте ПКМ, чтобы поднять цель. Отпустите ПКМ, чтобы бросить её, а ударьте жезлом, чтобы швырнуть с большой силой.	Убраны кальки и грамматические ошибки; восстановлены смысл и разметка английского источника.	337	277	0.822
patchouli-lang:botania:botania.page.gravityRod1	sha256:972c66d959d4bde61716364ab3fb7a5813fa523651e5f67a7a4c2eb31fd495b5	This power does not come free, of course. Its use requires a constant drain of $(thing)Mana$(0) from the user's inventory.	Эта власть, разумеется, не дается даром и требует значительных затрат $(thing)Маны$(0) из инвентаря пользователя.	PASS		Текст читается естественно, ясно и соответствует английскому источнику.	101		
patchouli-lang:botania:botania.page.gravityRod2	sha256:1cd216162519115303bb58f47b10b8a78defb5759c34af1ff4eaa556cb7a9ff2	bun pls	бан плз	PASS		Текст читается естественно, ясно и соответствует английскому источнику.	7		
patchouli-lang:botania:botania.page.headCreating0	sha256:03f9f374a1babfaab6d068e687c9c74032ed542dbc26523da068c07583d3fadc	A commonly-invoked spell of the Elves is the use of a few resources and a $(item)Name Tag$(0) to transmute a piece of $(l:basics/pure_daisy)$(item)Livingrock$(0)$(/l) into the head of the $(thing)Player$(0) named by the tag.$(p)Its exact mechanics are unknown, but the spell seems easy enough to replicate on a $(l:basics/rune_altar)$(item)Runic Altar$(0)$(/l).	Одним из часто используемых заклинаний у Эльфов является использование нескольких ресурсов и $(item)Бирки$(0), чтобы преобразовать кусок $(l:basics/pure_daisy)$(item)Жизнекамня$(0)$(/l) в голову $(thing)Игрока$(0), указанного в бирке.$(p)Точные механизмы этого заклинания неизвестны, но, кажется, его легко воспроизвести на $(l:basics/rune_altar)$(item)Руническом Алтаре$(0)$(/l).	PASS		Текст читается естественно, ясно и соответствует английскому источнику.	277		
patchouli-lang:botania:botania.page.headCreating1	sha256:b4bb0605beef34807d94893e38012c721d3fdd4601950e2ed95917a818291b15	Get your head in the game	Получите Вашу голову	PASS		Текст читается естественно, ясно и соответствует английскому источнику.	20		
patchouli-lang:botania:botania.page.headCreating2	sha256:e67eb18902ce6b3c5d727b17df434bc2395bba74453257d3820637bea92291e9	A subset of the $(thing)Minecraft$(0) community (whoops fourth wall) has dedicated itself to creating heads that serve as all sorts of decorations. Avid decorators might consider visiting some community websites that aggregate these heads.	Часть сообщества $(thing)Minecraft$(0) (упс, сломали четвёртую стену) посвятила себя созданию голов, которые служат всевозможным украшением. Увлечённые декораторы могут рассмотреть возможность посетить несколько сайтов сообщества, которые собирают такие головы.	PASS		Текст читается естественно, ясно и соответствует английскому источнику.	249		
patchouli-lang:botania:botania.page.heiseiDream0	sha256:b1c49e70079193b6cba406d84e22a6be73168ee321a9addb0f8c9ad2f98c5227	The $(item)Heisei Dream$(0) uses $(thing)Mana$(0) to fuel artificial emotions of anger and revenge in any nearby $(thing)mobs$(0), turning them against each other.	$(item)Мечта Хэйсэй$(0) при поглощении $(thing)Маны$(0), будет пробуждать чувство злости и мести у ближайших $(thing)мобов$(0), заставляя их атаковать друг друга!	PASS		Текст читается естественно, ясно и соответствует английскому источнику.	127		
patchouli-lang:botania:botania.page.heiseiDream1	sha256:329e947142992159848dbc3961b55321f6b974e85a3cbcbd5afb4a0840de6745	$(o)A pleasant era will murder people$().	$(o)Эра удовольствий убивает людей$(0).	PASS		Текст читается естественно, ясно и соответствует английскому источнику.	31		
patchouli-lang:botania:botania.page.hopperhock0	sha256:daf127700ee071d71b1637c9378119cc44551ad1f8aaad1d2a3a0321f860d889	The $(item)Hopperhock$(0) simply picks up items around it and put them in adjacent inventories (like $(item)Chests$(0)). $(thing)Mana$(0) is optional, but will increase its range if provided.$(p)Placing $(item)Item Frames$(0) on adjacent inventories will specify which items can or can't go in them.	$(item)Вороток$(0) будет подбирать предметы вокруг него. Давать ему $(thing)ману$(0) не обязательно, но это увеличит дистанцию захвата предметов.$(p)Поднятые предметы будут размещены в соседних инвентарях (например $(item)Сундуках$(0)). Размещение $(item)Рамки$(0) на любом из инвентарей будет определять какие предметы могут или не могут пройти в них.	PASS		Текст читается естественно, ясно и соответствует английскому источнику.	303		
patchouli-lang:botania:botania.page.hopperhock1	sha256:ad254d9a04d1858a47e2fdc094d8ac37f3cbf26408adf3c094fad72df64413fb	A non-empty container item, such as a $(l:basics/flower_bag)$(item)Flower Pouch$(0)$(/l), in a $(item)Glow Item Frame$(0) filters by the contents of the item instead of the item itself.$(p)Any inventory with no adjacent $(item)Item Frame$(0) can accept any items, but labelled inventories will take priority.$(p)The rule used to sort items can be changed by sneak-right clicking (or using a $(item)Dispenser$(0)) on the flower with a $(l:basics/wand)$(item)Wand of the Forest$(0)$(/l) in $(thing)Function Mode$(0).	Инвентари, которые не имеют $(item)Рамок$(0), также будут принимать любые предметы, но помеченные $(item)Рамкой$(0) инвентари будут иметь приоритет.$(p)Правила использования сортировки предметов может быть изменено при щелчке Shift+ПКМ по цветку $(item)Посохом леса$(0).	PASS		Текст читается естественно, ясно и соответствует английскому источнику.	233		
patchouli-lang:botania:botania.page.hopperhock2	sha256:438c2803f1aa92b76e2c7cab45c186bf6dc70b3930deb691a94062cafb603186	$(o)Hungry hungry flowers$().	$(o)Голодные голодные цветы$(0).	PASS		Текст читается естественно, ясно и соответствует английскому источнику.	24		
patchouli-lang:botania:botania.page.hourglass0	sha256:a2ff0c352fb44fd0db4e4f5314165e929000af62ce2d9a613191f48baa02799b	The ability to keep time is an essential one for anyone who wishes to build any redstone-y contraptions. A classical timer, however, can take up frankly unfortunate amounts of space, to say nothing about efficiency. The $(item)Hovering Hourglass$(0) is a simple, precise, sand-based timer. As its name implies, it's a hourglass that hovers and turns by itself.	Способность считать время является важным для всех, кто хочет развить любые редстоун схемы. Однако один таймер может занимать много места и быть медленным в целом. $(item)Песочные часы$(0) - простой, точный таймер на песке. Как следует из названия, это песочные часы, которые парят и поворачиваются сами по себе.	PASS		Текст читается естественно, ясно и соответствует английскому источнику.	301		
patchouli-lang:botania:botania.page.hourglass1	sha256:6e14cf2da7ae0cc595a6ef7beb8883ca6888bec60acd8c3a9b880541908ab084	The hourglass can hold up to one stack of either $(item)Sand$(0), $(item)Red Sand$(0) or $(item)Soul Sand$(0), added via right-click. Right-clicking a filled hourglass removes its sand. Once sand is added, it'll start draining from one of the chambers into the other. Once the sand finishes draining, the hourglass emits one redstone pulse and flips, restarting the process.	Песочные часы содержат инвентарь, в который можно добавить до стопки $(item)Песка$(0), $(item)Красного песка$(0) или $(item)Песка душ$(0), щелкнув ПКМ. Повторный щелчок удаляет песок. Затем песок упадет из одной из камер в другую, и когда это произойдет, часы отпустят один импульс красного камня и перевернув его, снова запустит процесс.	PASS		Текст читается естественно, ясно и соответствует английскому источнику.	305		
patchouli-lang:botania:botania.page.hourglass2	sha256:20b0d7002a26ea53456b115e5f88f34787e675d66885d4c27e9c6523bd89884c	The amount of time between pulses is dependent on the type and quantity of sand in the chamber. A single block of $(item)Sand$(0) takes one second to fall, $(item)Red Sand$(0) ten seconds, and $(item)Soul Sand$(0) one minute. Sand types can't be mixed; the current time between pulses can be seen by holding a $(l:basics/wand)$(item)Wand of the Forest$(0)$(/l) over the Hourglass.	Количество времени для каждого импульса зависит от того, сколько и какой тип песка находится в камере. $(item)Песок$(0) будет отсчитываться в течение одной секунды за блок, $(item)Красный песок$(0) десять секунд и $(item)Песок душ$(0) 1 минуту. Нельзя смешивать типы песка. Время для каждого импульса можно увидеть, нажав пкм по часам с $(item)Посохом леса$(0).	PASS		Текст читается естественно, ясно и соответствует английскому источнику.	317		
patchouli-lang:botania:botania.page.hourglass3	sha256:09ec8dfae5adcdafdc13eb6d150489768bf938148226ca3e9ff3a21f62354a5a	Note that sand can't be added incrementally by hand, so the size of the sand stack should be adjusted in-inventory.$(p)The sand in the hourglass can, however, be adjusted by $(item)Hoppers$(0) or similar means.	Обратите внимание, что песок добавляется сразу, поэтому размер добавляемого стека должен быть установлен в инвентаре. $(p)Песок нельзя добавить в песочные часы после того, как он уже есть, пытаясь сделать это В конечном итоге удалит там песок. Песок в блоке можно взять и добавить с помощью $(item)Воронок$(0) или другими способами.	PASS		Текст читается естественно, ясно и соответствует английскому источнику.	317		
patchouli-lang:botania:botania.page.hourglass4	sha256:ec8cc638338e383f46eba4d4e9f28a3656e53a8a28957573b2df2c50350ff723	Right-clicking an hourglass with a $(l:basics/wand)$(item)Wand of the Forest$(0)$(/l) locks (or unlocks) it. When locked, sand can't be added or removed from an hourglass (just in case someone right-clicks the hourglass on accident).$(p)If a $(thing)Mana Burst$(0) collides with an hourglass, it'll stem the flow of sand and pause the timer; another burst will continue the timer.	Щелчок правой кнопкой мыши по блоку с помощью $(item)Посох леса$(0) блокирует (и разблокирует) его. Если вы заблокировали, песок не может быть добавлен или удален, на случай, если кто-то щелкнет его правой кнопкой мыши на аварии. $(p)Если a $(thing)Всплеск ману$(0) сталкивается с блоком, это остановит поток песка и остановит таймер.	PASS		Текст читается естественно, ясно и соответствует английскому источнику.	307		
patchouli-lang:botania:botania.page.hourglass5	sha256:e0dae675a818e2ab592e19f264f3715833b1b5ffa76d51f7ff85bf3e046f207f	The sands of time	Пески времени	PASS		Текст читается естественно, ясно и соответствует английскому источнику.	13		
patchouli-lang:botania:botania.page.hourglass6	sha256:b046a0bc44b7245ce160abb13cacab9f5999f2924136fea68c58e8cbe50d1345	$(l:mana/pool)$(item)Mana Powder$(0)$(/l) can be used in lieu of sand; doing this turns an hourglass from a $(thing)timer$(0) into a $(thing)counter$(0).$(p)Instead of sand flowing over time, the hourglass will drop one unit of powder every time a $(thing)Mana Burst$(0) collides with it. For example, ten pieces of powder in an hourglass will require 10 $(thing)Mana Bursts$(0) for a redstone pulse.	Хотя обычно используется песок, вместо него можно использовать $(item)Мана порошок$(0). Это превращает песочные часы из $(thing)таймера$(0) в $(thing)счётчик$(0).$(p)Вместо того чтобы сбрасывать песок через равные промежутки времени, он будет сбрасывать по одной частице каждый раз, когда $(thing)Всплеск Маны$(0) сталкивается с ним. Например, если в часах будет десять частиц порошка, то потребуется 10 всплесков для получения импульса.	PASS		Текст читается естественно, ясно и соответствует английскому источнику.	386		
patchouli-lang:botania:botania.page.hyacidus0	sha256:f6118d5b3d8b1ebd5b512762e2be0ae949e1072b0fd2b6d88b9292e8b679087e	For some reason, poison does not kill. The $(item)Hyacidus$(0) conjures it within the bodies of nearby mobs, bringing them to their knees (after a wait) for a one-hit kill.	По некоторым причинам, яд не убивает. $(item)Гаяцидус$(0) может использоваться для отравления ближайших мобов, чтобы в последующем можно было их легко убить одним ударом.	PASS		Текст читается естественно, ясно и соответствует английскому источнику.	159		
patchouli-lang:botania:botania.page.hyacidus1	sha256:f90d11e2c953516698849132205afbf6ed122b22d1627ddc6d174c6ec42b6774	$(o)Steel is immune$().	$(o)Сталь обладает иммунитетом$(0).	PASS		Текст читается естественно, ясно и соответствует английскому источнику.	27		
patchouli-lang:botania:botania.page.hydroangeas0	sha256:50a2ee60113e6a66aa0ca1b7f55cd8545b393b7ba647439eb4882f3fc2706836	$(item)Hydroangeas$(0) flowers act as liquid-based passive generators. They suck up any $(item)still water$(0) in a 3x3 area (at the same altitude) around them, converting the water into $(thing)Mana$(0). Unfortunately, even though they seem to function faster during $(thing)Rain$(0), their base $(thing)Mana$(0) throughput is still rather slow. In addition, they decay after around three days, making them nonviable for long-term Mana production.	$(item)Водогортензия$(0) будет поглощать стоячую $(item)Воду$(0) из площади 3x3 вокруг себя на той же высоте, создавая из неё $(thing)Ману$(0). Также они работают быстрее во время $(thing)Дождя$(0).$(p)Примечание: $(item)Водогортензия$(0) увядает спустя 1 час реального времени.	PASS		Текст читается естественно, ясно и соответствует английскому источнику.	217		
patchouli-lang:botania:botania.page.hydroangeas1	sha256:30b38fc6e3377f6c1bb50840343e973c9d8507d48c52d90a1d31acc2a8205033	$(o)Under the seeeeeeaaaaaaa~	$(o)Под водооооооооооой~	PASS		Текст читается естественно, ясно и соответствует английскому источнику.	20		
patchouli-lang:botania:botania.page.icePendant0	sha256:cec4ac1e886021006d5f2c49b13db18647188df2886dae9627192ba7c1f2a372	The $(item)Snowflake Pendant$(0) is a $(thing)Trinket$(0) that's saturated with freezing energies. Any nearby still $(item)Water$(0) blocks near its wearer's feet will be temporarily frozen into $(item)Ice$(0); said $(item)Ice$(0) will melt shortly after the wearer leaves the area (as if the wearer had $(thing)Frost Walker$(0) boots). A trail of $(item)Snow Layers$(0) is also left in its wearer's path.	$(item)Кулон со снежинкой$(0) - это $(thing)безделушка$(0), насыщенная замораживающей энергией. Любые блоки стоячей $(item)Воды$(0) рядом с ногами носителя будут временно превращаться в $(item)Блок льда$(0); этот $(item)Лёд$(0) растает вскоре после того, как носитель покинет зону (как если бы у носителя были $(thing)Сапоги ледохода$(0)). Также на пути носителя останется след из $(item)Снежных слоёв$(0).	PASS		Текст читается естественно, ясно и соответствует английскому источнику.	327		
patchouli-lang:botania:botania.page.icePendant1	sha256:562108f6109548d0926662cdce212668b5eead435e44cb8017e339bf4d8d2553	This charm will cease its freeze if its wearer is sneaking or fully submerged, and also makes its wearer immune to the effects of $(thing)Powder Snow$().	Этот амулет прекратит замораживание, если носитель будет в приседе или полностью погружён в воду, а также сделает носителя невосприимчивым к эффектам $(thing)Рыхлого снега$().	CHANGE	Амулет перестаёт замораживать воду, когда носитель крадётся или полностью погружён в неё. Кроме того, он защищает носителя от эффектов $(thing)Рыхлого снега$().	Убраны повторы и пассивные конструкции.	164	149	0.909
patchouli-lang:botania:botania.page.icePendant2	sha256:22fdf193086e37578f9577b70c487914f6c7dadf154705e5e4149bd1fbaf2485	Do you want to build a snowman?	Вы хотели построить снеговика?	PASS		Текст читается естественно, ясно и соответствует английскому источнику.	30		
patchouli-lang:botania:botania.page.incense0	sha256:a3cceed9f2def1468e3497a06f8c013841e6f1407651f524550fbc145ecd5b19	$(thing)Brews$(0) can provide a great variety of effects when in liquid form. However, their effects don't last long, and $(item)Vials$(0) take up inventory space besides. Using $(item)Incense Sticks$(0) instead of containers can mitigate these problems. Sticks are infusable with $(thing)Brew$(0) effects, just like containers, but take around ten times as much $(thing)Mana$(0) to do so.	$(thing)Варево$(0) может обеспечить большое разнообразие эффектов в жидкой форме. Они, однако, недолговечны и занимаются место в инвентаре. Использование $(item)Ароматических палочек$(0) вместо колб смягчает эту проблему. Они могут быть сделаныс эффектами $(thing)Варев$(0), но в 10 раз больше требуется $(thing)Маны$(0).	PASS		Текст читается естественно, ясно и соответствует английскому источнику.	274		
patchouli-lang:botania:botania.page.incense1	sha256:890e771db2f24617c41f556baf229bace268a24890803b20e3f6cc2005a1061c	An $(item)Incense Stick$(0) can be placed on an $(item)Incense Plate$(0) by right-clicking on the latter with the former, and a simple click with a $(item)Flint and Steel$(0) will light it up. Once lit, a stick can not be retrieved.$(p)A single stick of incense will burn for sixty times as long as its liquid counterpart before needing to be replaced.	$(item)Ароматические палочки$(0) можно поместить на $(item)Ароматическую плиту$(0), щелкнув правой кнопкой мыши по нем, просто щелкнув ПКМ с $(item)Огнивом$(0), он загорится. После того, как загорится, палку нельзя извлечь. $(p)Одна палочка ладана будет гореть в шестьдесят раз до тех пор, пока жидкость не будет заменена.	PASS		Текст читается естественно, ясно и соответствует английскому источнику.	285		
patchouli-lang:botania:botania.page.incense2	sha256:d38a465144a04b38106b5584af94aa66e14a9079b99b689caa716ec71822ec17	$(item)Incense Plates$(0) that are burning $(item)Incense Sticks$(0) will provide the effects of the $(thing)Brew$(0) infused in the stick to any players in a 30-block radius of the plate.$(p)Not all $(thing)Brews$(0) can be infused into $(item)Incense Sticks$(0); for example, $(thing)Instant Health$(0) or $(thing)Absorption$(0) sticks won't brew, nor will any brews with more than one effect.	$(item)Ароматическая плита$(0), сжигает 1Ароматические палочки$(0),и обеспечивает эффекты $(thing)Варева$(0), введенные в палку, любым игрокам на радиусе 30 блоков пластины. $(p)Не все и $(thing)Варева$(0) могут быть добавлены в $(item)Ароматические палочки$(0), например, $(thing)Мгновенное лечение$(0) или $(item)Поглащение$(0). Палочки не могут иметь более одного эффекта.	PASS		Текст читается естественно, ясно и соответствует английскому источнику.	298		
patchouli-lang:botania:botania.page.incense3	sha256:03bb2365682862d15c31434a6f9337330337e64d598296eacbdcd6bc3f804b37	Incense is wincense	Благовония - это лад	PASS		Текст читается естественно, ясно и соответствует английскому источнику.	20		
patchouli-lang:botania:botania.page.incense4	sha256:f8afa757f8785e8b06f1b22b4110dafbcc4481a55831c42f7c683bd55b4b175f	I can incense it	Я могу ладить это	PASS		Текст читается естественно, ясно и соответствует английскому источнику.	17		
patchouli-lang:botania:botania.page.incense5	sha256:bd9b0f94b8c63ab82d40af5316505ad7cbdc235d03af83bba58845096e14e449	For incense lovers who're also automation junkies, the $(item)Incense Plate$(0) can receive items through $(item)Hoppers$(0) or other inputs. It'll output a $(item)Comparator$(0) signal of 1 when it has a stick and 2 when it's burning it, and if a $(thing)Mana Burst$(0) with a $(l:mana/lens)$(item)Kindle Lens$(0)$(/l) hits a plate with an unlit stick, it'll light it.	Для любителей ладана, которые также являются автоматическими наркоманами, $(item)Ароматическая плита$(0) может получать предметы через $(item)Воронки$(0) или другой вход. Он выдает сигнал $(item)Компаратору$(0) 1, когда у него есть палочка, и 2, когда он горит. $(p)Наконец, если $(thing)Вспышка маны$(0) с $(item)Линзой поджога$(0) попадает на пластину, пока на ней есть палочка, она начнет гореть.	PASS		Текст читается естественно, ясно и соответствует английскому источнику.	339		
patchouli-lang:botania:botania.page.infiniteFruit0	sha256:1c73e9f48f5711052d0f45a838fb3fc0365d8f98c40dfa0aaadc2b353f6ea8ee	The relic known as $(item)The Fruit of Grisaia$(0) bestows the brave soul who earned it with an endless supply of nourishment. It can be eaten like any other piece of food, but will use $(thing)Mana$(0) to replenish hunger instead.$(p)It would probably be a good idea to get used to the taste of apple, though.	Реликвия, известная как $(item)Фрукт Грисайи$(0), дарует смелой душе, которая её заслужила, бесконечный источник питания. Её можно есть, как любой другой продукт, но она будет использовать $(thing)Ману$(0) для утоления голода.$(p)Однако, возможно, стоит привыкнуть к вкусу яблока.	PASS		Текст читается естественно, ясно и соответствует английскому источнику.	253		
patchouli-lang:botania:botania.page.invisibilityCloak0	sha256:b599286f8ed20bb1e9d3d420f8350001351f73249c3785bb7f3840f7900ff663	No need to explain the $(item)Invisibility Cloak$(0).$(p)You wear it on your $(thing)Body$(0) slot. It takes $(thing)Mana$(0) from your inventory. It makes you and your $(thing)Trinkets$(0) invisible.$(p)Magic.	Для этой вещи не потребуется много объяснений.$(p)Это безделушка, которую можно носить в слоте $(thing)тела$(0). При ношении плащ будет потреблять небольшое количество $(thing)Маны$(0), накладывая на Вас эффект невидимости.	PASS		Текст читается естественно, ясно и соответствует английскому источнику.	195		
patchouli-lang:botania:botania.page.invisibilityCloak1	sha256:94efd5b6207cf8a8585857e0f7411b1b7c8e32db064343700abddc52f3c8fdc4	You're a wizard, Steve	Стив, ты волшебник!	PASS		Текст читается естественно, ясно и соответствует английскому источнику.	19		
patchouli-lang:botania:botania.page.itemFinder0	sha256:eb785810a35153dc993e294950e598e2ff8a2fb4fd0e1b46fba8d0fbd2e03b87	$(item)The Spectator$(0) is a headband that allows its wearer to perceive the world in a better way. When its wearer holds an item, all of the following will emit colorful particles for easy spotting:	$(item)Инспектор$(0) это головная повязка, которая позволяет носителю лучше чувствовать окружающий мир. Удерживая в руке какой-либо элемент, любой $(thing)Контейнер$(0) (сундук, вагонетка, ослик с сундуком, печь, и т.д.), содержащий предмет этого типа, а также $(thing)Мобы$(0) которые держат этот предмет, $(o)(...)$(0)	PASS		Текст читается естественно, ясно и соответствует английскому источнику.	277		
patchouli-lang:botania:botania.page.itemFinder1	sha256:7c13e1d7228c14a64dcb3f603abe8f5a17a64546b5d544e26c988a91a141c2cd	$(li)$(thing)containers$(0) (chests, minecarts, furnaces, etc.) containing that item,$(li)$(thing)dropped items$(0) of that type,$(li)$(thing)mobs$(0) with that item equipped,$(li)$(thing)players$(0) or $(thing)pack animals$(0) (llamas, mules, etc.) with that item in their inventory,$(li)$(thing)villagers$(0) trading for that item.$(p)When sneaking, all dropped items near the wearer will shine, regardless of the held item.	$(o)(...)$(0) $(thing)Игроки$(0), имеющие этот предмет в инвентаре, и $(thing)Жители$(0), которые хотят им поторговать, будут светиться частицами зеленого цвета, позволяя их легко обнаружить.$(p)Если вы крадётесь, то все брошенные предметы вокруг игрока будут светиться, независимо от типа предмета в руке.	PASS		Текст читается естественно, ясно и соответствует английскому источнику.	270		
patchouli-lang:botania:botania.page.itemFinder2	sha256:4b7bf1c0597953b9dfc8f55f7117a95fb601797d9b6f9f6f8db5b2e47a35dc10	Do you hear their voices?	Вы слышите эти голоса?	PASS		Текст читается естественно, ясно и соответствует английскому источнику.	22		
patchouli-lang:botania:botania.page.jadedAmaranthus0	sha256:35f3bb77709627d9d7af56bac3c923e45ef1a8cfd597f51a919bc273715a0dff	You like flowers, right? If so, the $(item)Jaded Amaranthus$(0) is made just for you.$(p)When fed with $(thing)Mana$(0) from a $(l:mana/pool)$(item)Mana Pool$(0)$(/l), it'll grow new $(l:basics/flowers)$(item)Mystical Flowers$(0)$(/l) on nearby soil at a rapid pace.	Все любят цветы, верно? $(item)Измученный амарант$(0) создан только для этого.$(p)Питая его $(thing)Маной$(0) из $(item)Бассейна маны$(0), можно быстро вырастить другие $(item)Мистические цветы$(0) в пределах определённой площади вокруг него.	PASS		Текст читается естественно, ясно и соответствует английскому источнику.	193		
patchouli-lang:botania:botania.page.jadedAmaranthus1	sha256:b2f0c59c84894eb56626aaa60c2f0e642dd2240b3bdf1c0723db9df810d3e669	$(o)It was this or clematis.$()	$(o)Это он или клематис?$(0)	PASS		Текст читается естественно, ясно и соответствует английскому источнику.	20		
patchouli-lang:botania:botania.page.jadedAmaranthus2	sha256:aeddc8df4113026e670b0c98202a4544a5f727c214adc069e1ce236110408a2c	$(o)Wait a minute, did you just summon a bunch of flowers in one turn?$(p)Yeah, so?$(p)That's against the rules, isn't it?$(p)Screw the rules, I have mana!	-Минуточку, ты щас призовёшь целую кучу цветов за мгновение? $(p)-Ага, и чё?$(p)-Это против правил, ты в курсе?$(p)-К чёрту правила, у меня есть мана!!!	PASS		Текст читается естественно, ясно и соответствует английскому источнику.	140		
patchouli-lang:botania:botania.page.jiyuulia0	sha256:5ff5258c24cee3fe62bd24f70f6add062cf49be10e8d102bdfc1bdead2ce5584	The $(item)Jiyuulia$(0) is a flower that, for a small $(thing)Mana$(0) drain, keeps any nearby animals or monsters at bay, protecting a circular area from entry.	$(item)Джиулия$(0) это цветок который, поглощая небольшое количество $(thing)Маны$(0), будет держать любых близлежащих животных или монстров в страхе, защищая площадь вокруг цветка от её захвата мобами.	PASS		Текст читается естественно, ясно и соответствует английскому источнику.	179		
patchouli-lang:botania:botania.page.jiyuulia1	sha256:99fc7069677e8744a1789007f32ca0670ff8789198d0453106dcdf38b0e26b04	$(o)You're free to go everywhere but here$().	$(o)Вы свободны идти везде, но здесь$(0).	PASS		Текст читается естественно, ясно и соответствует английскому источнику.	33		
patchouli-lang:botania:botania.page.judgementCloaks0	sha256:9889424dd26d591df9d846064dfb6dca2727b748e7a70aa183f1b6c8a73eda72	The $(item)Cloaks of Judgement$(0) are a set of cloaks that can be worn in the $(thing)Body$(0) $(thing)Trinket$(0) slot. A Cloak will trigger its power when its wearer takes damage, but afterward will go into a ten-second recharge period.	$(item)Плащи суждения$(0) представляют собой набор плащей, которые можно носитьe как $(thing)Безделушку$(0) в слоте $(thing)Тела$(0). Плащ активирует свою силу, когда носитель получает урон, но затем вступает в десятисекундный период перезарядки.	CHANGE	$(item)Плащи суждения$(0) носят в слоте $(thing)Тела$(0) для $(thing)Безделушек$(0). Получив урон, владелец активирует силу плаща, после чего начинается десятисекундная перезарядка.	Исправлена опечатка и упрощена структура.	211	146	0.692
patchouli-lang:botania:botania.page.judgementCloaks1	sha256:41c156ef475e6d2fe0b89b87e2b293cc8393a85d9e872af3ed4c361d0c2e656c	The $(item)Cloak of Virtue$(0) will block all the damage from a single hit.$(p)The $(item)Cloak of Sin$(0) will damage all nearby hostile mobs for the same amount of damage its wearer took.$(p)The $(item)Cloak of Balance$(0) will evenly split the damage between the attacker and the target, preventing its bearer from dying in the process.	$(item)Плащ Добродетели$(0) блокирует весь урон от одного удара.$(p)$(item)Плащ Греха$(0) наносит урон всем ближайшим враждебным мобам в размере того же урона, который получил его носитель.$(p)$(item)Плащ Баланса$(0) равномерно распределяет урон между атакующим и целью, предотвращая смерть носителя.	PASS		Текст читается естественно, ясно и соответствует английскому источнику.	259		
patchouli-lang:botania:botania.page.judgementCloaks2	sha256:78f92a7927c27084032262329d81c849806fe78d2a162436b6040a9c42c74383	A Holy Mantle	Священная мантия	PASS		Текст читается естественно, ясно и соответствует английскому источнику.	16		
patchouli-lang:botania:botania.page.judgementCloaks3	sha256:0824f2d8228b3ec7d511e25b348928e5cca6576e15fae3486158b50a14c9525d	Taste Vengeance!	Почувствуй возмездие!	CHANGE	Вкусите возмездие!	Исправлена неестественная формулировка или языковая ошибка; смысл и разметка сохранены.	21	18	0.857
patchouli-lang:botania:botania.page.judgementCloaks4	sha256:6bd66185bffedd76cbe8fabcfa38a6fac69d72580f1b04210c7021bdd2bf4c14	Pain split	Разделение боли	PASS		Текст читается естественно, ясно и соответствует английскому источнику.	15		
patchouli-lang:botania:botania.page.keepIvy0	sha256:76f520faa4f0e59cb91f78f07c60dcef71e2679ca6e823c3604a1e882dd17e67	A dying person's items splatter all over the ground, which is generally a massive nuisance for all involved. This issue can be avoided quite simply: when a piece of $(item)Resolute Ivy$(0) is attached to an item in a crafting grid, the ivy will sacrifice itself at death to keep the item in its holder's inventory. Afterwards, another piece will be needed in the event of a second death.	Когда умирает человек, его предметы разлетаются по земле, что обычно является большой неприятностью для всех. Эту проблему можно легко решить: если прикрепить $(item)Решительный Плющ$(0) к предмету в верстаке, плющ пожертвует собой при смерти, чтобы сохранить предмет в инвентаре его владельца. После этого, в случае второй смерти, понадобится ещё один плющ.	PASS		Текст читается естественно, ясно и соответствует английскому источнику.	347		
patchouli-lang:botania:botania.page.keepIvy1	sha256:6f6933a05e0561184359f0dd9478b3bbd15791af0e3811d60794d93b4567f4b4	Because people die when they are killed	Потому что люди умирают, когда их убивают	PASS		Текст читается естественно, ясно и соответствует английскому источнику.	41		
patchouli-lang:botania:botania.page.keepIvy2	sha256:b5b9e42c62ce25f9f00d949d6414857d5d9fb428706c8684ac7bf99ef88b7365	There is, however, one restriction on the items the ivy can protect.$(p)For $(o)technical reasons$(), the ivy will not attach to an item that leaves something behind when used in a crafting recipe (like a $(item)Bucket of Water$(0)).	Тем не менее, существует одно ограничение на предметы, которые плющ может защищать.$(p)По $(o)техническим причинам$(), плющ не прикрепляется к предмету, который оставляет что-то после использования в рецепте крафта (например, $(item)Ведро воды$(0)).	CHANGE	Однако плющ может защитить не каждый предмет.$(p)По $(o)техническим причинам$() он не крепится к предметам, которые остаются после использования в рецепте, например к $(item)Ведру воды$(0).	Исправлена пунктуация и упрощены обороты.	227	167	0.736
patchouli-lang:botania:botania.page.kekimurus0	sha256:275214033eb5631c8aa22e8fd8b96969b4ebf13bb83a0e0d9e64df103ea1d18b	$(item)Cake$(0) is delicious; everyone loves it, flowers included.$(p)The $(item)Kekimurus$(0) is one of these $(item)Cake$(0) aficionados, and will eat any placed in its vicinity, synthesizing the enriching nutrients into sweet, sweet $(thing)Mana$(0).	$(item)Тортик$(0) это восхитительно, каждый любит его, включая цветы.$(p)$(item)Кикиморус$(0) один из любителей $(item)Тортов$(0), и съест любой, который будет расположен рядом, перерабатывая полученные калории в $(thing)Ману$(0).	PASS		Текст читается естественно, ясно и соответствует английскому источнику.	181		
patchouli-lang:botania:botania.page.kekimurus1	sha256:4f77c80a34c713cd6428704f4a6e83383574b01ef951a16f6586139dff5628a4	$(o)top kek$()	$(o)топ торт$(0)	PASS		Текст читается естественно, ясно и соответствует английскому источнику.	8		
patchouli-lang:botania:botania.page.kingKey0	sha256:afaba3cf28edfafcf70ae12f47060e60183cda6758133e65a8a9b7fad4c77f74	The $(item)Key of the King's Law$(0) is a powerful relic with the ability to materialize weapons from thin air. Holding down right-click with this key will begin summoning glowing projectiles from... somewhere. Up to twenty projectiles can be created at once, and releasing the grip on the key will launch them, one at a time, at the point the summoner is looking towards. These projectiles move at high velocities and explode on contact.	$(item)Ключ от Королевского арсенала$(0) — могущественная реликвия, способная материализовать оружие из воздуха. Удерживание ПКМ ключом начнет призыв светящихся снарядов... откуда-то. Одновременно можно создать до двадцати снарядов, и, отпустив ключ, Вы запустите их по одному в ту точку, на которую направлен ваш взгляд. Эти снаряды движутся с высокой скоростью и взрываются при контакте.	PASS		Текст читается естественно, ясно и соответствует английскому источнику.	378		
patchouli-lang:botania:botania.page.knockbackBelt0	sha256:a823d36e840f2c0f313a2657279dbe87b29702c7df5aa4beaecd6ab06579df4c	By harnessing the (relative) stability of tectonic forces, the $(item)Tectonic Girdle$(0) negates any $(thing)Knockback$(0) applied to its wearer from outside attacks and all recoil from the $(l:tools/mana_blaster)$(item)Mana Blaster$(0)$(/l).	$(item)Тектонический пояс$(0) при ношении, отменит эффект $(thing)Отталкивания$(0), применяемый к игроку при атаке мобов.	PASS		Текст читается естественно, ясно и соответствует английскому источнику.	98		
patchouli-lang:botania:botania.page.knockbackBelt1	sha256:fa6ee7c9cbdf5c8576ebc40bb4a936c06a2fdfd3f3d8b9f22d684fb4433e494e	The Steve who couldn't be moved	Стив, которого нельзя сдвинуть с места	PASS		Текст читается естественно, ясно и соответствует английскому источнику.	38		
patchouli-lang:botania:botania.page.labellia0	sha256:1bfc757e54c441fb25744235a6a1bafdd15e4a18d5307be822a8c0a9ed53479b	For a moderate sum of $(thing)Mana$(0), the $(item)Labellia$(0) picks up $(thing)Name Tags$(0) dropped on top of it, and uses them to name nearby items and mobs within a 5x5 radius.	За умеренную сумму $(thing)Маны$(0) $(item)Лейбелия$(0) подбирает упавшие на неё $(thing)Бирки$(0) и использует их, чтобы давать имена предметам и мобам в области 5x5 блоков.	PASS		Текст читается естественно, ясно и соответствует английскому источнику.	139		
patchouli-lang:botania:botania.page.labellia1	sha256:819061417b4a6b22e07bbe950aa71e01ca46b0064414d3f96c998e2c2bb64748	$(o)What's in a name?$().	$(o)Что такое имя?$().	PASS		Текст читается естественно, ясно и соответствует английскому источнику.	15		
patchouli-lang:botania:botania.page.laputaShard0	sha256:d97ea8263d2da9a88936aeb10abe223c980d276d6af9b2889fa14dd15d7370c2	To abbreviate the complex magical sequences in its creation: combining certain specific resources, including $(l:alfhomancy/gaia_ritual)$(item)Gaia Spirits$(0)$(/l), allows one to create a shard of power that, when shattered upon the ground, will lift a spheroid area around the point it was smashed high into the air.	В процессе сложной последовательности магических преобразований, сочетая несколько редких ресурсов, таких как $(item)Дух Гайи$(0), можно создать особый Осколок. При его использовании на земле можно поднять в воздух полусферическую зону вокруг этой точки.$(p)Этот процесс уничтожит Осколок, и может занять свыше 10 минут в зависимости от массы земли.	PASS		Текст читается естественно, ясно и соответствует английскому источнику.	334		
patchouli-lang:botania:botania.page.laputaShard1	sha256:dc6ea2e6f7755f20f484e3d09df7bf015d0a39bbbc179e40724f073920afb78d	Look, Shiro, Laputa exists!	Взгляни Широ, Лапута существует!	PASS		Текст читается естественно, ясно и соответствует английскому источнику.	32		
patchouli-lang:botania:botania.page.laputaShard2	sha256:31ad8d7a031413936e897ffcffd4ab227962146a5f90d1c0609ca92e84e0f865	A freshly-created shard will lift a sphere of about 14 blocks in radius, but the shard's radius can be upgraded with additional $(l:alfhomancy/gaia_ritual)$(item)Gaia Spirits$(0)$(/l); each shard adds another block to the radius, up to a radius of 33 blocks. Note that a larger shard can take at least ten minutes, and possibly much more, to finish its lifting.	Самый маленький радиус создаваемого острова это 14 блоков, т.е. 28 блоков в диаметре. Есть возможность увеличить размер острова, добавляя дополнительные осколки $(item)Духа Гайи$(0), каждый добавит 1 блок к радиусу, или 2 к диаметру.	PASS		Текст читается естественно, ясно и соответствует английскому источнику.	222		
patchouli-lang:botania:botania.page.laputaShard3	sha256:75d422187413e6b4d8b3e0e497dfc58364c4df9dda5ecfacf8a7ee68cf4db05e	Size does matter	Размер имеет значение	PASS		Текст читается естественно, ясно и соответствует английскому источнику.	21		
patchouli-lang:botania:botania.page.lavaPendant0	sha256:7b6bb6a7ebc17ec810532ab62683f40dd113a453db565f1a9078056c52bfa471	The $(item)Pyroclast Pendant$(0) is a $(thing)Trinket$(0) that can handle weak fires. If its wearer is on fire but not exposed to anything flame-inducing, said wearer will be extinguished. Unfortunately, the Pendant can't help if its wearer's still stuck in $(item)Fire$(0), $(item)Lava$(0), or anything else that's hot.	$(item)Пирокластический кулон$(0) - это $(thing)безделушка$(0), которая при ношении поглощает немного тепла. Если владелец подожжен и не стоит прямо на $(item)Огне$(0), в $(item)Лаве$(0) или чем-то другом, что может гореть, он будет потушен.	LENGTH_EXCEPTION	$(item)Пирокластический кулон$(0) — $(thing)безделушка$(0), способная справляться с небольшим пламенем. Если носитель горит, но рядом уже нет источника огня, кулон его потушит. Однако он не поможет, пока носитель стоит в $(item)Огне$(0), $(item)Лаве$(0) или другом источнике жара.	Исправлены согласование и незавершённая фраза.	196	235	1.199
patchouli-lang:botania:botania.page.lavaPendant1	sha256:be16ec181656e0e9bb40bfeb701b8f085cbb359e14ad177c9fb311a250ea19e0	Hanako could have used one of these	Ханако мог бы использовать один из них	PASS		Текст читается естественно, ясно и соответствует английскому источнику.	38		
patchouli-lang:botania:botania.page.lens0	sha256:26e3dd99227d17cc72435b5d7c276cc7e2915348ac8365943bdd7a16c2443626	A $(l:mana/spreader)$(item)Mana Spreader$(0)$(/l) can be upgraded with $(item)Mana Lenses$(0). The most basic $(item)Mana Lens$(0) does absolutely nothing.$(p)A Lens can be $(thing)dyed$(0) by crafting it with any color of dye to give it that color, or with a $(l:mana/pool)$(item)Mana Pearl$(0)$(/l) to create a $(item)Rainbow Lens$(0). These change the color of the fired burst.	Для того чтобы увеличить возможности $(l:mana/spreader)$(item)Распространителей$(0)$(/l), можно использовать $(item)Линзы маны$(0). Однако самая базовая линза маны ничего не дает.$(p)В верстаке линзы можно $(thing)покрасить$(0) в любой из 16 цветов или совместить с $(item)Жемчугом маны$(0) для создания $(item)Радужной линзы$(0). Все это изменит цвет вылетаемого сгустка маны.	PASS		Текст читается естественно, ясно и соответствует английскому источнику.	294		
patchouli-lang:botania:botania.page.lens1	sha256:4d941a51e6d167e865c03d2744f23201df01cd521a9012fbd2a415c52adcf065	The basic lens, it doesn't do anything.	Базовая линза, которая ничего не дает.	PASS		Текст читается естественно, ясно и соответствует английскому источнику.	38		
patchouli-lang:botania:botania.page.lens10	sha256:33b817b7681ad5e243081f505c5b0ee1a390e63544effec639c1d03ac8c46a8b	The $(item)Resistance Lens$(0) will significantly increase the amount of time a $(thing)Mana Burst$(0) can go without starting to lose $(thing)Mana$(0), but slows it as well.	$(item)Линза сопротивления$(0) значительно увеличит время, после которого $(thing)сгусток$(0) начнет терять $(thing)ману$(0), но при этом он будет намного медленее перемещаться.	PASS		Текст читается естественно, ясно и соответствует английскому источнику.	142		
patchouli-lang:botania:botania.page.lens11	sha256:b74aed6b4d7f460039d747ebc44ec0d129c9cd7ec3321f8f025f39ef61d79037	Resistance Lens	Линза сопротивления	PASS		Текст читается естественно, ясно и соответствует английскому источнику.	19		
patchouli-lang:botania:botania.page.lens12	sha256:f1129c4589d3543d4822e3ef0b421d90e86a9ddc2935c8c8bf89a857a95e2b4e	The $(item)Efficiency Lens$(0) will slightly increase the amount of time it takes for a $(thing)Mana Burst$(0) to start losing its $(thing)Mana$(0), and will also significantly decrease its rate of loss.	$(item)Линза эффективности$(0) уменьшит время, после которого $(thing)сгусток$(0) начнет терять $(thing)ману$(0), но когда это случится, он будет терять ее намного медленнее.	CHANGE	$(item)Линза эффективности$(0) немного отсрочит момент, когда $(thing)сгусток$(0) начнёт терять $(thing)ману$(0), и заметно снизит скорость её потери.	Убраны кальки и тяжёлые обороты; термины и разметка Original сохранены.	139	115	0.827
patchouli-lang:botania:botania.page.lens13	sha256:2113f3af82e1c40bf5b7b97b5013a4563258d3a38b51088b8931f73a98dac0f3	Efficiency Lens	Линза эффективности	PASS		Текст читается естественно, ясно и соответствует английскому источнику.	19		
patchouli-lang:botania:botania.page.lens14	sha256:84be3d236b2ef018829c707b0639ea59ac1ae16ec0ee522fbc032c41bb2a7b17	The $(item)Bounce Lens$(0) will allow a $(thing)Mana Burst$(0) to bounce off walls, rather than dissipating on collision.	$(item)Линза отскакивания$(0) позволит $(thing)сгустку маны$(0) отскакивать от стен, вместо того чтобы рассеиваться при столкновении.	PASS		Текст читается естественно, ясно и соответствует английскому источнику.	110		
patchouli-lang:botania:botania.page.lens15	sha256:7949ecb23b0cd8382f8eedab562f90da11a7015ed62249218cd01b299fcbd6b2	Bounce Lens	Линза отскакивания	PASS		Текст читается естественно, ясно и соответствует английскому источнику.	18		
patchouli-lang:botania:botania.page.lens16	sha256:06bf5c93fec45f71f8cb52819ef38bfe2b384caf1eac38413ae94065354ff374	The $(item)Gravity Lens$(0) makes gravity affect a $(thing)Mana Burst$(0), making the burst move in an arc. As compensation, it also slightly increases the time before $(thing)Mana Loss$(0) sets in.	$(item)Линза гравитации$(0) сделает $(thing)сгусток маны$(0) подверженным силе притяжения, тем самым заставив его двигаться не прямо, а по дуге. В качестве компенсации это также увеличит время, после которого начнется потеря $(thing)маны$(0).	PASS		Текст читается естественно, ясно и соответствует английскому источнику.	207		
patchouli-lang:botania:botania.page.lens17	sha256:022a2810499f3864268c4e2f04fa7b6ab70b80a2d7d10b749895c3258832f17a	Gravity Lens	Линза гравитации	PASS		Текст читается естественно, ясно и соответствует английскому источнику.	16		
patchouli-lang:botania:botania.page.lens18	sha256:38b97cb0f7cc7e88a4ff855399a8a702872a46b04136ffd5ba1ee23750ea26a3	The $(item)Bore Lens$(0) charges a $(thing)Mana Burst$(0) with the ability to use its own $(thing)Mana$(0) to break any blocks it hits.	$(item)Линза бурения$(0) позволит $(thing)сгустку маны$(0) разрушить любые блоки, которые будут стоять на его пути, при этом истощая собственный запас маны.	CHANGE	$(item)Линза бурения$(0) позволяет $(thing)сгустку маны$(0) тратить собственную $(thing)ману$(0), чтобы разрушать любые блоки, с которыми он столкнётся.	Убраны кальки и тяжёлые обороты; термины и разметка Original сохранены.	133	117	0.880
patchouli-lang:botania:botania.page.lens19	sha256:b24959159095b67d959529568f98fe2df0478482c2b4f834a8df32660a25003d	Bore Lens	Линза бурения	PASS		Текст читается естественно, ясно и соответствует английскому источнику.	13		
patchouli-lang:botania:botania.page.lens20	sha256:3a1b086057b56cd791f199d8af5f2ceca8c7850d7be566fb5ac666412947eee0	The $(item)Damaging Lens$(0) allows a $(thing)Mana Burst$(0) to use its own mana to damage any living beings it hits.	$(item)Линза повреждения$(0) позволит $(thing)сгустку маны$(0) наносить урон всем существам, которые будут стоять на его пути, при этом истощая собственный запас маны.	PASS		Текст читается естественно, ясно и соответствует английскому источнику.	144		
patchouli-lang:botania:botania.page.lens21	sha256:b39e6de609177d7a712413af4fe149514c9cbc06a9724608b272d4e0368c41b2	Damaging Lens	Линза повреждения	PASS		Текст читается естественно, ясно и соответствует английскому источнику.	17		
patchouli-lang:botania:botania.page.lens22	sha256:1833e29a84bd7e70bf974eebe9abb7cc42eb3c44b1a4e7347cd881da1d62777a	The $(item)Phantom Lens$(0) is an interesting one. By leveraging the $(l:devices/platform)$(item)Abstruse Platform$(0)$(/l)'s properties, the lens allows a $(thing)Mana Burst$(0) to pass through blocks. In doing so, the time it can survive without losing mana is decreased.	$(item)Линза призрачности$(0) - это одна из наиболее занятных улучшений. Используя $(item)Заумную платформу$(0) и ее свойства, можно сделать линзу, которая позволит $(thing)сгустку маны$(0) проходить сквозь блоки. При этом уменьшится время, после которого начнется потеря маны.	PASS		Текст читается естественно, ясно и соответствует английскому источнику.	243		
patchouli-lang:botania:botania.page.lens23	sha256:68c5ccb7007469609e22474be5ddc3c45a362c0b05e8198c3c8c9c1ac7578f6f	Phantom Lens	Линза призрачности	PASS		Текст читается естественно, ясно и соответствует английскому источнику.	18		
patchouli-lang:botania:botania.page.lens24	sha256:7a7f9a798cfd3b9d681543a861143b195f062e9afa13532e5eee5711fc4c9aa9	"The $(item)Magnetizing Lens$(0) (as its name states) allows a $(thing)Mana Burst$(0) to home in (or ""magnetize"") on any nearby blocks that can receive $(thing)Mana$(0). Doing so slightly decreases the speed of the burst."	Название линзы говорит само за себя: $(item)Линза магнетизма$(0) позволит $(thing)сгустку маны$(0) притягиваться к любому соседнему блоку, способному принимать $(thing)ману$(0). Из-за этого также немного снижается скорость полета сгустка.	PASS		Текст читается естественно, ясно и соответствует английскому источнику.	203		
patchouli-lang:botania:botania.page.lens25	sha256:424dec2a1589387e429b59ea54d8c9a3ab78d2fc40801a492b3136ada2748199	Magnetizing Lens	Линза магнетизма	PASS		Текст читается естественно, ясно и соответствует английскому источнику.	16		
patchouli-lang:botania:botania.page.lens26	sha256:e53e901d33c9a171e45d1b89a9d9b1802a5f985fa9bd70653247cb0efefa38af	The $(item)Entropic Lens$(0) imbues a $(thing)Mana Burst$(0) with entropic forces, causing it to release its energy in the form of an explosion when it collides against something that can't receive $(thing)Mana$(0).	$(item)Линза энтропии$(0) наполнит $(thing)сгусток маны$(0) энергией хаоса и заставит высвободить ее в форме взрыва при контакте с чем-либо, что не способно принимать $(thing)ману$(0).	CHANGE	$(item)Линза энтропии$(0) наделяет $(thing)сгусток маны$(0) силами энтропии: при столкновении с чем-то, что не принимает $(thing)ману$(0), он высвобождает энергию взрывом.	Убраны кальки и тяжёлые обороты; термины и разметка Original сохранены.	149	136	0.913
patchouli-lang:botania:botania.page.lens27	sha256:374b59db90ebf3961a6418657ee4c349f351e6aa64e3b78ca388e9904d6b988e	Entropic Lens	Линза энтропии	PASS		Текст читается естественно, ясно и соответствует английскому источнику.	14		
patchouli-lang:botania:botania.page.lens28	sha256:e29f87cff799cd00341d42328d929c690cb1b6c1bc1efda7368156a56dd1bf24	The $(item)Influence Lens$(0) allows a $(thing)Mana Burst$(0) to have influence over any nearby $(thing)dropped items$(0), $(thing)experience orbs$(0) and even $(thing)falling blocks$(0), having them move in the exact same vector of motion as the burst itself.	$(item)Линза воздействия$(0) позволит $(thing)сгустку маны$(0) оказывать влияние на близлежащие $(thing)предметы$(0), $(thing)сферы опыта$(0) и даже на $(thing)падающие блоки$(0), заставляя их двигаться в том же направлении, что и сам сгусток.	CHANGE	$(item)Линза воздействия$(0) позволяет $(thing)сгустку маны$(0) воздействовать на выпавшие рядом $(thing)предметы$(0), $(thing)сферы опыта$(0) и даже $(thing)падающие блоки$(0), заставляя их двигаться в том же направлении, что и сам сгусток.	Убраны кальки и тяжёлые обороты; термины и разметка Original сохранены.	184	182	0.989
patchouli-lang:botania:botania.page.lens29	sha256:0849c9293312374356c9d644d094ebab08b6bb1fc0b09604acd40385f7fb66ad	Influence Lens	Линза воздействия	PASS		Текст читается естественно, ясно и соответствует английскому источнику.	17		
patchouli-lang:botania:botania.page.lens30	sha256:1b254e8ba0ebf7a39e524a60ab77edf59fc93082efb0f9a5c88d28a8d9013635	The $(item)Weight Lens$(0) places a strong downward force within a $(thing)Mana Burst$(0), making any block hit by it (as long as it has space below) fall like $(item)Sand$(0) and $(item)Gravel$(0) do.	$(item)Линза тяжести$(0) способна сильно нагрузить $(thing)сгусток маны$(0), так, что попав в блок, он заставит его упасть подобно тому, как падают $(item)песок$(0) и $(item)гравий$(0) (при условии, что под блоком ничего не будет).	PASS		Текст читается естественно, ясно и соответствует английскому источнику.	186		
patchouli-lang:botania:botania.page.lens31	sha256:15b848993358eef43c9cc6ca4a0733ca0a0dc591d805433a253e65c6fd347180	Weight Lens	Линза тяжести	PASS		Текст читается естественно, ясно и соответствует английскому источнику.	13		
patchouli-lang:botania:botania.page.lens32	sha256:efe9a809298abeaad1a8d0cb1ade2c145e6e263ed3fec164987dc76c2c1b3ed9	The $(item)Kindle Lens$(0) is infused with a burning spark. When a $(thing)Mana Burst$(0) fired through it hits a block, the block will catch fire. It doesn't seem to ignite living beings, though.$(p)It has the ability to both ignite and close $(item)Nether Portals$(0), but to close them it needs to be aimed at the frame, lest the burst it carries end up going through the portal.	$(item)Линза воспламенения$(0) создает горящую искру в $(thing)сгустке маны$(0), которая поджигает блоки при контакте с ними. Линза также способна зажечь и потушить $(item)Адские порталы$(0). Но, кажется, существ она не подожжет.	PASS		Текст читается естественно, ясно и соответствует английскому источнику.	195		
patchouli-lang:botania:botania.page.lens33	sha256:b07de191cbc07aeee6488bbb363ac732a359b1faa026bb34c02894348629f444	Kindle Lens	Линза воспламенения	PASS		Текст читается естественно, ясно и соответствует английскому источнику.	19		
patchouli-lang:botania:botania.page.lens34	sha256:0f60acc075bbe6f99fa450e5d750719383e00567569193525fd6e87b159db1f1	The $(item)Force Lens$(0) acts as a $(item)Piston$(0). When a $(thing)Mana Burst$(0) fired through it hits a block that a piston can move, it'll do just that.	$(item)Линза силы$(0) работает подобно обычному $(item)Поршню$(0). Если сгусток, прошедший через эту линзу, попадет в блок, он передвинет его также, как это сделал бы поршень. Правда действие линзы распространяется только на те блоки, которые поддаются ванильному поршню.	PASS		Текст читается естественно, ясно и соответствует английскому источнику.	249		
patchouli-lang:botania:botania.page.lens35	sha256:203e7b50d42ebb153eb12764e424fb40070934a934da83add8df993d87684d69	Force Lens	Линза силы	PASS		Текст читается естественно, ясно и соответствует английскому источнику.	10		
patchouli-lang:botania:botania.page.lens36	sha256:6946b11b3bed1ca12f614a56f3fbbb8b98ddc581f0840643f896beed41778df3	The $(item)Flash Lens$(0) creates a flame on a block, of the same color as the burst that caused it. The flame provides light and is purely decorative.$(p)If a burst hits one of these flames, it puts the flame out instead.	При контакте с блоком $(item)Линза вспыхивания$(0) создает пылающий шар того же цвета, что и сгусток маны, который его породил. Этот шар испускает свет и является чисто декоративным предметом.$(p)Если сгусток, пролетевший сквозь линзу, коснется уже созданного пылающего шара, то последний исчезнет.	PASS		Текст читается естественно, ясно и соответствует английскому источнику.	283		
patchouli-lang:botania:botania.page.lens37	sha256:8629130d6f43cc83e000f0541c178daaabe72957f12f37eb1b8401bc46ec86d9	Flash Lens	Линза вспыхивания	PASS		Текст читается естественно, ясно и соответствует английскому источнику.	17		
patchouli-lang:botania:botania.page.lens38	sha256:e078b45dab04676e0ee1135c434828588543d645b063cd868c55bd863d6254ae	The $(item)Messenger Lens$(0) greatly decreases the amount of $(thing)Mana$(0) a $(thing)Mana Burst$(0) carries and dramatically increases the burst's speed and maximum distance.$(p)This can be very useful for interactions with blocks such as the $(l:mana/mana_detector)$(item)Mana Detector$(0)$(/l), $(l:devices/forest_drum)$(item)Drum of the Wild$(0)$(/l), or $(l:devices/animated_torch)$(item)Animated Torch$(0)$(/l).	$(item)Посыльная линза$(0) значительно уменьшает количество $(thing)маны$(0), которое $(thing)сгусток маны$(0) может переносить, а также значительно увеличивает его скорость и дальность полёта.$(p)Это может быть очень полезно для взаимодействия с такими блоками, как $(l:mana/mana_detector)$(item)Манодетектор$(0)$(/l), $(l:devices/forest_drum)$(item)Барабан дикой природы$(0)$(/l), или $(l:devices/animated_torch)$(item)Оживлённый факел$(0)$(/l).	PASS		Текст читается естественно, ясно и соответствует английскому источнику.	286		
patchouli-lang:botania:botania.page.lens39	sha256:02e63b0934ea2b50aa4100eb66cce436ea540d41c2b6de17bf30186ae8013e12	Messenger Lens	Посыльная линза	PASS		Текст читается естественно, ясно и соответствует английскому источнику.	15		
patchouli-lang:botania:botania.page.lens4	sha256:063c8b9315dddc3ec10f4885c1de7425961b3b89e84b3008f86a4df2aec85d36	But lenses aren't just for fancy colors-- they can be upgraded with all sorts of materials to create all sorts of effects with their $(thing)Mana Bursts$(0).$(p)Keep in mind that a normal $(l:mana/spreader)$(item)Mana Spreader$(0)$(/l) must point at a $(thing)Mana$(0)-receiving block to fire. A $(l:mana/redstone_spreader)$(item)Pulse Mana Spreader$(0)$(/l) is recommended for certain lenses instead.$(p)Blocks like $(item)Hoppers$(0) can add or remove spreaders' lenses.	Но линзы предназначены не только для смены цветов. Можно улучшить их разными материалами, и так создать новую линзу, способную наложить на $(thing)сгустки маны$(0) кучу разных эффектов. Имейте в виду, что обычные $(item)Распр-тели$(0) испускают сгустки, только когда на их пути находится какой-нибудь принимающий $(thing)ману$(0) блок. Для некоторых линз лучше использовать $(item)Красный распр-тель$(0).	PASS		Текст читается естественно, ясно и соответствует английскому источнику.	358		
patchouli-lang:botania:botania.page.lens5	sha256:9481392c1677fd67a445d1dedfbdff469cf029d7862a929f4e9fec4150b6e22d	Sometimes, though, having a single $(item)Mana Lens$(0) on a spreader just isn't enough. Combining two lenses with a $(item)Slimeball$(0) or $(item)Honey Bottle$(0) in a crafting table will unite them into one lens with the effects of both.$(p)The first lens used determines the look and color of the resultant lens. Note that some combinations will not work, and that you can't combine two lenses of the same type.	Порой бывает, что для распр-теля нужно как минимум две $(item)линзы маны$(0). Положив обе линзы и $(item)сгусток слизи$(0) на верстак, их можно объединить в одну, при этом сохранив эффекты обоих. Важно знать, что именно первая линза будет определять визуальные эффекты составной (текстуру и цвет). Также помните, что некоторые линзы невозможно объединить, как и две одинаковые.	PASS		Текст читается естественно, ясно и соответствует английскому источнику.	355		
patchouli-lang:botania:botania.page.lens6	sha256:be698f0c41b0cd79ccd52d329d665e175ba3850a15c3fc860289a6f81a1f062f	The $(item)Velocity Lens$(0) will dramatically increase the speed at which a $(thing)Mana Burst$(0) travels, but at the expense of initial capacity and faster $(thing)Mana Loss$(0).	$(item)Линза скорости$(0) значительно увеличит скорость перемещения $(thing)сгустков маны$(0), но это резко уменьшит время, после которого будет происходить сильная потеря $(thing)маны$(0), да и сгустки за раз будут переносить немного меньше маны.	PASS		Текст читается естественно, ясно и соответствует английскому источнику.	212		
patchouli-lang:botania:botania.page.lens7	sha256:10fc9f95f90963ac2df4950abee82ac91205326a5860dfd5586eba644978c3b2	Velocity Lens	Линза скорости	PASS		Текст читается естественно, ясно и соответствует английскому источнику.	14		
patchouli-lang:botania:botania.page.lens8	sha256:c133771c87836cdde59696d199aec42a01db8510e270098c355a620d7c651aea	The $(item)Potency Lens$(0) will double the amount of $(thing)Mana$(0) a $(thing)Mana Burst$(0) can carry; however, the beam travels slower, and after it starts to lose mana, does so at a much faster rate.	$(item)Линза мощности$(0) удвоит количество $(thing)маны$(0), перемещаемой $(thing)сгустком$(0) за один раз, но луч станет медленнее, а сильная потеря $(thing)маны$(0) начнется на более близком растоянии.	CHANGE	$(item)Линза мощности$(0) удваивает количество $(thing)маны$(0), которое может нести $(thing)сгусток$(0), но замедляет его и после начала потери маны заметно ускоряет её.	Убраны кальки и тяжёлые обороты; термины и разметка Original сохранены.	157	135	0.860
patchouli-lang:botania:botania.page.lens9	sha256:5931bb42ca8a7dea63f87425cfe261c6c109135867070d6dbca9e95629134418	Potency Lens	Линза мощности	PASS		Текст читается естественно, ясно и соответствует английскому источнику.	14		
patchouli-lang:botania:botania.page.lexicon0	sha256:e5a71e94ee2c112afbc6ddecd5082616da3945344557ec7d10252a3f2acc6c2c	The $(item)Lexica Botania$(0) is the repository of all knowledge for all botanical matters. (But you probably knew that already.)$(p)All well-known botanical knowledge is stored within these pages. For convenience, if a block happens to have an entry in here, it can be sneak-right clicked on with the $(item)Lexica Botania$(0) to open said entry.	$(item)Лексикон Ботании$(0) - это кладезь всех знаний для Ваших ботанических нужд. Но Вы, наверное, уже и так знали это.$(p)Вся информация находится здесь. Для удобства, если у какого-то блока есть описание, Вы можете нажать Shift+ПКМ, держа $(item)Лексикон Ботании$(0) в руке, чтобы открыть это описание.	PASS		Текст читается естественно, ясно и соответствует английскому источнику.	279		
patchouli-lang:botania:botania.page.lexicon1	sha256:8f9612efbdd5816755c903aad00fd77d22570580f8008beebfb0ec6a7b8e666b	Crafting the $(item)Lexica Botania$(0).	Создание $(item)Лексикона Ботании$(0).	PASS		Текст читается естественно, ясно и соответствует английскому источнику.	27		
patchouli-lang:botania:botania.page.lexicon2	sha256:59f4065a2652d842df9eff8d99e774a3b72c0c3d3643c9e23805e0dc7a92dba4	The $(item)Lexica Botania$(0)'s title can also be customized by placing it in an $(item)Anvil$(0) and renaming it. This changes both its cover and its title.$(p)The Edition of the Lexica shown equates to the version of the $(thing)Botania$(0) you're running (and no, I $(o)don't$() care about the fourth wall).	Название $(item)Лексикона Ботании$(0) может быть изменено. Положите книгу в $(item)Наковальню$(0) и переименуйте её.$(p)Издание Лексикона показывает версию $(thing)Ботании$(0), которая у Вас установлена. И да, мне плевать на четвёртую стену.	CHANGE	Название $(item)Лексикона Ботании$(0) можно изменить в $(item)Наковальне$(0). При переименовании меняются и название, и обложка.$(p)Издание Лексикона соответствует версии запущенной $(thing)Ботании$(0). И нет, мне $(o)не$() интересно, что там за четвертой стеной.	Исправлены смысловые потери, маркеры и неестественные формулировки.	203	218	1.074
patchouli-lang:botania:botania.page.lexicon3	sha256:52ebba0cd8005b3e27298c93b507a67366649a855e1abb754a2d4790116ee78a	Any entries typed in $(o)Italics$() are $(thing)basic$(0) entries, which contain the core knowledge required to play $(thing)Botania$(0)-- you may want to read those first. Most sections contain one or more of these entries, so a good look through those would be a good idea.	Любые разделы написанные $(o)курсивом$() это $(thing)основные$(0) разделы, которые содержат основные знания, необходимые для игры с Ботанией. Желательно прочитать их перед чтением остального. Большинство разделов содержит одну или более записей, поэтому хорошенько изучите их.	PASS		Текст читается естественно, ясно и соответствует английскому источнику.	257		
patchouli-lang:botania:botania.page.livingwoodBow0	sha256:2edc66cf88f0b3347c9a1be6444c0a6f8c312fdb1be3eed50f212089e338cb45	The $(item)Livingwood Bow$(0) is (as its name suggests) a bow made of $(l:basics/pure_daisy)$(item)Livingwood$(0)$(/l), strung with $(l:mana/pool)$(item)Mana Infused String$(0)$(/l). Due to its sturdier construction, it'll last longer than a normal $(item)Bow$(0). It'll also repair itself using $(thing)Mana$(0), the same way $(l:tools/mana_gear)$(item)Manasteel Tools$(0)$(/l) do.	$(item)Лук из жизнедерева$(0), как следует из названия, представляет собой лук из $(item)Жизнедерева$(0) и натянутый $(item)Нитью, насыщённой Маной$(0). Благодаря своим компонентам он будет работать дольше, чем обычный $(item)Лук$(0). Он также восстановит себя, используя $(thing)Ману$(0), аналогично $(item)Мана инструментам$(0).	CHANGE	$(item)Лук из жизнедерева$(0), как видно из названия, сделан из $(l:basics/pure_daisy)$(item)Жизнедерева$(0)$(/l) и натянут $(l:mana/pool)$(item)Нитью, насыщенной Маной$(0)$(/l). Благодаря прочной конструкции он служит дольше обычного $(item)Лука$(0) и чинится $(thing)Маной$(0), как $(l:tools/mana_gear)$(item)Инструменты из манастали$(0)$(/l).	Убраны кальки и грамматические ошибки; восстановлены смысл и разметка английского источника.	263	207	0.787
patchouli-lang:botania:botania.page.livingwoodBow1	sha256:ebe0df625cc2899558f0e1088af1ca5fd0860593c204b7ef21825108f4b7f66c	Does it shoot airplanes?	Он застрелит самолеты?!	PASS		Текст читается естественно, ясно и соответствует английскому источнику.	23		
patchouli-lang:botania:botania.page.lokiRing0	sha256:feae310c30a9128334af2bc421f365adf06e67a8d2c6d4b8f986f7be793ef981	One of the three mythical rings of the $(thing)Aesir$(0), the $(item)Ring of Loki$(0) allows for the wearer to call upon the Trickster God's ability to effectively be in multiple places at once.$(p)To use an equipped $(item)Ring of Loki$(0), begin by sneak-righting click a block with an empty hand.	Одно из трёх мифических колец $(thing)Асов$(0), $(item)Кольцо Локи$(0) позволяет носителю использовать способности Бога-Трикстера, эффективно находясь в нескольких местах одновременно.$(p)Чтобы использовать надетое $(item)Кольцо Локи$(0), начните с того, что, находясь в приседе, щёлкните правой кнопкой мыши по блоку пустой рукой.	PASS		Текст читается естественно, ясно и соответствует английскому источнику.	293		
patchouli-lang:botania:botania.page.lokiRing1	sha256:f6456652227f7f185ba470453595e2db775cb83919c9cdd6ad491734811f3402	"Once a block is selected (designated the ""origin""), sneak-right clicking other blocks will store their offsets from the origin in the ring. To finish the procedure, sneak-right click the origin again.$(p)Sneak-right clicking a stored block during the selection process will remove it from the ring's memory. To clear a completed selection, just sneak-right click the ground twice."	"После того как блок выбран (назначен ""исходной точкой""), щёлкните ПКМ в приседе по другим блокам, чтобы сохранить их смещение относительно исходной точки в Кольце. Для завершения процедуры снова щёлкните ПКМ в приседе по исходной точке.$(p)Shift + ПКМ по сохранённому блоку во время выбора удалит его из памяти кольца. Чтобы очистить завершённое выделение, просто дважды щёлкните правой кнопкой мыши по земле в приседе."	PASS		Текст читается естественно, ясно и соответствует английскому источнику.	415		
patchouli-lang:botania:botania.page.lokiRing2	sha256:736191f397acfb2103d061129269de65a67ff3c997483434adefd9f09ea86522	After the selection is complete, multiple boxes in wireframe will be visible, moving relative to the looked-at block. When a block is placed while sneaking, all wireframe locations will have blocks placed there, too, allowing for placement $(o)en masse$(). The $(l:tools/terra_pick)$(item)Terra Shatterer$(0)$(/l) and $(l:tools/terra_axe)$(item)Terra Truncator$(0)$(/l) will also break blocks at these locations when sneaking, allowing for truly ludicrous quantities of destruction.	После завершения выбора будут видны несколько контурных рамок, перемещающихся относительно блока, на который вы смотрите. Когда блок устанавливается в приседе, блоки будут размещены во всех местах, обозначенных рамками, что позволяет устанавливать их в $(o)массовом порядке$(). $(l:tools/terra_pick)$(item)Землекрушитель$(0)$(/l) и $(l:tools/terra_axe)$(item)Терратопор$(0)$(/l) также будут разрушать блоки в этих местах при приседе, что позволит добиться поистине невероятных масштабов разрушения	PASS		Текст читается естественно, ясно и соответствует английскому источнику.	417		
patchouli-lang:botania:botania.page.lokiRing3	sha256:a8beb31bad58933a44d6025dd9bbeb044421987a57463630afa3eed0463c344a	Such power doesn't come for free, of course. The ring consumes $(thing)Mana$(0) from the user's inventory for each block placed. Note that the larger the current selection, the more expensive each placed block becomes.$(p)Lastly, keep in mind that the $(item)Ring of Loki$(0) still only uses the item in your hand. If you are placing blocks directly, the size of the stack you hold may become a limiting factor.	Такая сила, конечно, не даётся бесплатно. Кольцо потребляет $(thing)Ману$(0) из инвентаря пользователя за каждый установленный блок. Учтите, что чем больше текущее выделение, тем дороже становится установка каждого блока.$(p)Наконец, помните, что $(item)Кольцо Локи$(0) использует только предмет в вашей руке. Если вы устанавливаете блоки напрямую, количество блоков в вашей стопке может стать ограничивающим фактором.	PASS		Текст читается естественно, ясно и соответствует английскому источнику.	391		
patchouli-lang:botania:botania.page.loonium0	sha256:88764b396635c04dd5ee3070a07536833a1acd79ef0b17e9028fb0c24110d1c6	Any adventurer knows that the great structures of the world can hold valuable goodies. The $(item)Loonium$(0) will, when fed quite a bit of $(thing)Mana$(0), summon these items for said adventurers to collect.$(p)There's a catch, though: each item is held by a monster protecting it. These monsters are extra-strong, but will drop valuable loot when killed.	Любой искатель приключений знает, что $(thing)подземелья$(0) могут содержать ценные лакомства. $(item)Лутюльпан$(0), используя экстремально большое количество $(thing)Маны$(0) будет материализовать эти предметы для сбора приключенцами.$(p)Однако есть один нюанс: каждый предмет охраняется монстром. Эти монстры очень сильны, но при их убийстве они будут оставлять свой ценный $(thing)лут$(0) из подземелий.	PASS		Текст читается естественно, ясно и соответствует английскому источнику.	355		
patchouli-lang:botania:botania.page.loonium1	sha256:24350703a88cdd0d3e6a3bceb2c4c6c609a9cd58010e04885710266acb1cb02f	$(o)I CAN HAZ PHAT LOOTZ$()?	$(o)Танка, танка, хиль танка$(0)!	PASS		Текст читается естественно, ясно и соответствует английскому источнику.	25		
patchouli-lang:botania:botania.page.luminizerTransport0	sha256:4fa7480a3bb0f640e7601d97bd354d73c6817d007fe46ff50f937f66dc70e77c	$(item)Luminizers$(0) simply transport players (and other entities), by flying them through the air on trails of light.$(p)$(item)Luminizers$(0) are placed in the world as blocks and function when bound to other $(item)Luminizers$(0) (with a $(l:basics/wand)$(item)Wand of the Forest$(0)$(/l)). Right-clicking a $(item)Luminizer$(0) will transport its user to the $(item)Luminizer$(0) it's bound to.	$(item)Люминайзеры$(0) просто перемещают игроков (и другие сущности), пронося их через воздух по следам света.$(p)$(item)Люминайзеры$(0) размещаются в мире в виде блоков и функционируют, когда связаны с другими $(item)Люминайзерами$(0) (с помощью $(l:basics/wand)$(item)Посоха Леса$(0)$(/l)). Щелчок правой кнопкой мыши по $(item)Люминайзеру$(0) переместит пользователя к $(item)Люминайзеру$(0), к которому он привязан.	PASS		Текст читается естественно, ясно и соответствует английскому источнику.	328		
patchouli-lang:botania:botania.page.luminizerTransport1	sha256:2a76683af915240019c4642ca694296f3e008d8e0ee8e141d38251680243ed37	$(item)Luminizers$(0) have a range of twenty blocks each, but can be chained together to create quite long and complex paths.$(p)$(item)Luminizer$(0) bindings are unidirectional unless explicitly bound both ways. Do note, though, that such a binding would create an endless loop.$(p)Multiple $(item)Luminizers$(0) can bind to the same endpoint.	$(item)Люминайзеры$(0) имеют дальность действия двадцать блоков, но их можно соединять в цепочки, создавая довольно длинные и сложные маршруты.$(p)Связи между $(item)Люминайзерами$(0) односторонние, если только их не связать в обоих направлениях. Однако учтите, что такая связь создаст бесконечный цикл.$(p)Несколько $(item)Люминайзеров$(0) могут быть связаны с одной конечной точкой.	PASS		Текст читается естественно, ясно и соответствует английскому источнику.	343		
patchouli-lang:botania:botania.page.luminizerTransport10	sha256:bbd19963cff8bac7647d614db539201618c4682b65be9a1ade7b3e2dcd44eea1	The $(item)Fork Luminizer$(0) can still be bound like any other style of Luminizer, but it'll only use its binding if no $(l:devices/animated_torch)$(item)Animated Torch$(0)$(/l) is available to tell it where to go (or if there aren't any $(item)Luminizers$(0) in the direction the Torch points).	$(item)Форк-люминайзер$(0) всё ещё можно привязать, как и любой другой тип Люминайзера, но он будет использовать эту привязку только в том случае, если $(l:devices/animated_torch)$(item)Оживлённый факел$(0)$(/l) не укажет ему направление (или если в направлении, указанном факелом, нет $(item)Люминайзеров$(0)).	PASS		Текст читается естественно, ясно и соответствует английскому источнику.	246		
patchouli-lang:botania:botania.page.luminizerTransport11	sha256:cbf4b1c538b3ff94371e64a300d9776ca3b986a1fee74d35fc976d6089c498a0	One way or another	Так или иначе	PASS		Текст читается естественно, ясно и соответствует английскому источнику.	13		
patchouli-lang:botania:botania.page.luminizerTransport2	sha256:2c87bba9112672f628d833f218f660554fcc68e3933c8e43d6d3b1dce878a411	Luminize to the future	Осветите путь в будущее	PASS		Текст читается естественно, ясно и соответствует английскому источнику.	23		
patchouli-lang:botania:botania.page.luminizerTransport3	sha256:d88c8aa7405158079aa744cb830c931a5d36939752d12bbd33e8357ff26701eb	Adding some $(item)Redstone$(0) to a $(item)Luminizer$(0) makes it a $(item)Detector Luminizer$(0), which functions just like a regular $(item)Luminizer$(0) but additionally emits a $(thing)redstone pulse$(0) when something reaches (or passes through) it.	Добавление щепотки $(item)Редстоуна$(0) к $(item)Люминайзеру$(0) превращает его в $(item)Люминайзер-детектор$(0), который работает так же, как обычный $(item)Люминайзер$(0), но дополнительно излучает $(thing)сигнал красного камня$(0), когда что-то достигает его или проходит через него.	PASS		Текст читается естественно, ясно и соответствует английскому источнику.	230		
patchouli-lang:botania:botania.page.luminizerTransport4	sha256:7ed87adefea49187f762b379794fbd5065f36f7c8d8c8ab91217556288c5f3d3	Signal out	Сигнал отправлен	PASS		Текст читается естественно, ясно и соответствует английскому источнику.	16		
patchouli-lang:botania:botania.page.luminizerTransport5	sha256:927bfd72ba2a167ee6f28d8e1139685f754ae3fe93272a579d401d83a94a2aa4	Players can just right-click a $(item)Luminizer$(0) to board it, but to get animals, dropped items, or anything into the transports, a $(item)Luminizer Launcher$(0) is needed. This should be placed adjacent to one or more $(item)Luminizers$(0). When a Launcher receives a $(thing)redstone pulse$(0), it'll send all living things and items on it into the adjacent $(item)Luminizer$(0) (or a random $(item)Luminizer$(0) per entity, if more than one is nearby), sending them on their merry ways.	Игроки могут просто щёлкнуть правой кнопкой мыши по $(item)Люминайзеру$(0), чтобы сесть на него, но чтобы отправить животных, предметы или что-то ещё в путь, нужен $(item)Люминайзер-лаунчер$(0). Он должен быть установлен рядом с одним или несколькими $(item)Люминайзерами$(0). Когда Лаунчер получает $(thing)сигнал красного камня$(0), он отправит все живые сущности и предметы на нём в соседний $(item)Люминайзер$(0) (или в случайный $(item)Люминайзер$(0), если рядом несколько), отправляя их в путешествие.	PASS		Текст читается естественно, ясно и соответствует английскому источнику.	440		
patchouli-lang:botania:botania.page.luminizerTransport6	sha256:2db4504c5e728efd2f228506de5e55d7304dbd4fc632036069955cfb0c265440	Compulsory Evacuation Device	Обязательное Устройство Эвакуации	PASS		Текст читается естественно, ясно и соответствует английскому источнику.	33		
patchouli-lang:botania:botania.page.luminizerTransport7	sha256:9eea5a1d1b14e39c453fd9e683db975734ab61a5139836e59e2dedbdff6cdb7e	Adding a $(item)Lever$(0) to a $(item)Luminizer$(0) turns it into a $(item)Toggle Luminizer$(0), which accepts a $(thing)redstone signal$(0). When powered, a $(item)Toggle Luminizer$(0) will drop anything passing through; it works normally when unpowered.	Добавление $(item)Рычага$(0) к $(item)Люминайзеру$(0) превращает его в $(item)Переключающий люминайзер$(0), который принимает $(thing)сигнал красного камня$(0). Когда он активирован, $(item)Переключающий люминайзер$(0) сбросит всё, что проходит через него; без запитки он работает как обычно.	PASS		Текст читается естественно, ясно и соответствует английскому источнику.	236		
patchouli-lang:botania:botania.page.luminizerTransport8	sha256:ace46f3cda45ad7144e0d6af5efdaec06a4f5ea9fbbd1fc92151202920156064	Signal in	Сигнал принят	PASS		Текст читается естественно, ясно и соответствует английскому источнику.	13		
patchouli-lang:botania:botania.page.luminizerTransport9	sha256:0b8aee89d016ba880030cba3bb3d9930ae6cfd52ab49579aa193da02bf88cd50	A $(item)Luminizer$(0) and a $(item)Redstone Torch$(0) yield a $(item)Fork Luminizer$(0).$(p)These will react to an $(l:devices/animated_torch)$(item)Animated Torch$(0)$(/l) placed up to two blocks above or below it; any incoming entities will be sent to a $(item)Luminizer$(0) in the direction that the Torch is pointing towards.	$(item)Люминайзер$(0) и $(item)Редстоуновый Факел$(0) образуют $(item)Форк-люминайзер$(0).$(p)Он будет реагировать на $(l:devices/animated_torch)$(item)Оживлённый факел$(0)$(/l), установленный на расстоянии до двух блоков выше или ниже него; любые входящие сущности будут отправлены к $(item)Люминайзеру$(0) в направлении, куда указывает факел.	PASS		Текст читается естественно, ясно и соответствует английскому источнику.	253		
patchouli-lang:botania:botania.page.mIntro0	sha256:8341850b797111e468ae4e6cd05a8e378d7b933181e69e28f24f14329d9e2263	$(thing)Mana$(0) is an ethereal substance-- in essence, it's a mystical form of $(thing)energy$(0). Its existence is inconsistent to the senses, and its color depends on its surrounding environment.$(p)The manipulation of $(thing)Mana$(0) is likely the most important skill a botanist needs to master.	$(thing)Мана$(0) - это особое эфирное вещество. Проще говоря, это некая форма $(thing)мистической энергии$(0). Ее цвет способен меняться в зависимости от окружающей среды.$(p)Управление $(thing)Маной$(0) - это одно из самых важных умений, которыми должен овладеть ботаник.	PASS		Текст читается естественно, ясно и соответствует английскому источнику.	232		
patchouli-lang:botania:botania.page.mIntro1	sha256:cd51ba331c45b24bf05cd646708d91945eb8edd5119cabbf9b8571f51c10a69c	$(thing)Generating Flora$(0) are used to create $(thing)Mana$(0) (read the corresponding section for more details). $(thing)Mana$(0) so generated can be extracted and transferred with $(l:mana/spreader)$(item)Mana Spreaders$(0)$(/l) and stored in $(l:mana/pool)$(item)Mana Pools$(0)$(/l). $(thing)Mana$(0) can be used for a myriad of things: for starters, it can fuel $(thing)Functional Flora$(0) (read that section too).	Чтобы получить $(thing)Ману$(0), Вам понадобится некоторый набор цветов $(thing)Генерирующей флоры$(0) (см. соотв. раздел). $(thing)Ману$(0) можно передать при помощи $(item)Распространителей маны$(0) и хранить в $(item)Бассейнах маны$(0). Она понадобится для гигантского количества разных вещей... Например, для работы $(thing)Функциональных Цветов$(0) (см. одноим. раздел).	PASS		Текст читается естественно, ясно и соответствует английскому источнику.	305		
patchouli-lang:botania:botania.page.mIntro2	sha256:94905551aa2ba47fa86766cd2e1faa3a1bbfa441c03fa9a0c6f10b98cbd5d0fb	To get started on mastering $(thing)Mana$(0), learn to use $(l:generating_flowers/endoflame)$(item)Endoflames$(0)$(/l) or $(l:generating_flowers/hydroangeas)$(item)Hydroangeas$(0)$(/l), $(l:mana/spreader)$(item)Mana Spreaders$(0)$(/l), and $(l:mana/pool)$(item)Mana Pools$(0)$(/l).$(p)These form a basic infrastructure for mana generation; have a read through the $(thing)Functional Flora$(0) and $(thing)Natural Apparatus$(0) sections of this Lexicon for more details.	Чтобы овладеть искусством управления $(thing)Маной$(0), рекомендуется начать с изучения использования $(item)Эндопламени и Водогортензий$(0), $(item)Распространителей Маны$(0) и $(item)Бассейнов Маны$(0).$(p)Вместе они образуют базовую конструкцию по передаче маны, которую потом можно использовать в любых целях. Советуем также прочитать разделы $(thing)Функциональная Флора$(0) и $(thing)Природные Приборы$(0) в этом Лексиконе.	PASS		Текст читается естественно, ясно и соответствует английскому источнику.	356		
patchouli-lang:botania:botania.page.magnetRing0	sha256:809c7fc97445581791d45694275e8a089f7bd7a59734882395a5a8a37f785495	A $(l:mana/lens)$(item)Magnetizing Lens$(0)$(/l) on a ring of $(item)Manasteel$(0) yields a $(item)Ring of Magnetization$(0), which attracts nearby items, making them float towards the wearer. The ring is disabled when its user is sneaking, or when in range of a $(l:functional_flowers/solegnolia)$(item)Solegnolia$(0)$(/l). Note that a tossed item won't be drawn by its wearer's ring for several seconds (so as to not to interfere with the purpose of said toss).	Прикрутив $(item)Магнитную линзу$(0) к кольцу, станет возможным использовать его для притягивания брошенных предметов, которые притянуться к игроку, если он не крадётся.$(p)Кольцо будет выключаться на 5 секунд после выбрасывания игроком какого-либо предмета. Это сделано для того, чтобы не вмешиваться в работу средств, для которых предмет выброшен.	PASS		Текст читается естественно, ясно и соответствует английскому источнику.	334		
patchouli-lang:botania:botania.page.magnetRing1	sha256:6c232f8d43356a05085593798d0cd829298286bd187804f109442813ac362b25	How do they work?	Как оно работает?	PASS		Текст читается естественно, ясно и соответствует английскому источнику.	17		
patchouli-lang:botania:botania.page.magnetRing2	sha256:c64362b6f71cfd8309c52c55762ef512b9e213289dd0ed0b20db628733febd5c	Upgrading the ring for a larger range	Улучшение кольца для увеличения зоны действия	PASS		Текст читается естественно, ясно и соответствует английскому источнику.	45		
patchouli-lang:botania:botania.page.manaAlchemy0	sha256:a83cf19bd5c2db02e83d57f6782649b13a2b4596d0e545d96512c4b5cd95f831	$(thing)Mana$(0) is an extremely mercurial substance; even now its complete properties and abilities are unknown.$(p)However, what $(o)is$() known is that an $(item)Alchemy Catalyst$(0), created with a variety of otherworldly materials, can be attached to the bottom of a $(l:mana/pool)$(item)Mana Pool$(0)$(/l), allowing the latter to perform $(thing)Alchemy$(0).	$(thing)Мана$(0) — это чрезвычайно эфирное вещество, до такой степени, что её полные свойства не знает никто.$(p)Одно из них, тем не менее, известно - это создание $(item)Алхимического катализатора$(0), который создается из смеси потусторонних материалов. Разместив катализатор под $(item)Бассейном маны$(0), он позволит проводить $(thing)Алхимические$(0) действия в бассейне.	PASS		Текст читается естественно, ясно и соответствует английскому источнику.	326		
patchouli-lang:botania:botania.page.manaAlchemy1	sha256:4057ff033913b444d842d109dc0c5193d617df71ba9ccd19bafd91d43723547a	Creating the $(item)Catalyst$(0)	Создаём $(item)Катализатор$(0)	PASS		Текст читается естественно, ясно и соответствует английскому источнику.	19		
patchouli-lang:botania:botania.page.manaAlchemy10	sha256:5a5e9716ae64c16d78d908e0b28333b3a14359ad843eca086f47cb4950435d4e	Transmuting breeds of $(item)Fish$(0)	Различные виды $(item)рыбов$(0)	PASS		Текст читается естественно, ясно и соответствует английскому источнику.	20		
patchouli-lang:botania:botania.page.manaAlchemy11	sha256:678cf9ed2ce6f44a2493969d9bd5c69e6076503c1ac4c9f3ec1723215279a656	Transmuting $(item)Seeds$(0) and $(item)Crops$(0)	Мутация $(item)Семян$(0) и $(item)Зерен$(0)	PASS		Текст читается естественно, ясно и соответствует английскому источнику.	21		
patchouli-lang:botania:botania.page.manaAlchemy12	sha256:5419344750932999b6f45a898794492f93d740bdd0eb7cdfc219fa78a02b18dc	Purifying $(item)Poisonous Potatoes$(0)	Очистка $(item)Ядовитого картофеля$(0)	PASS		Текст читается естественно, ясно и соответствует английскому источнику.	27		
patchouli-lang:botania:botania.page.manaAlchemy13	sha256:b0fe73dd9c75539db8f76e4d2584e1661e3e8ed8fb9d21eeb7265a126c19777b	Conjuring $(item)Nether Wart$(0)	Создание $(item)Адского нароста$(0)	PASS		Текст читается естественно, ясно и соответствует английскому источнику.	24		
patchouli-lang:botania:botania.page.manaAlchemy14	sha256:69b0318d47c9d80775a79e236394ace1daacb579270d46365a5b9a0dd750cc18	Converting between $(item)Gunpowder$(0) and $(item)Flint$(0)	Превращение $(item)Пороха$(0) и $(item)Кремня$(0)	PASS		Текст читается естественно, ясно и соответствует английскому источнику.	27		
patchouli-lang:botania:botania.page.manaAlchemy15	sha256:fd9cd70a4d66a0e8bee0c8ebb704d68ec421d2efae621ca814bb0a9de965b477	Conjuring $(item)Name Tags$(0)	Изготовление $(item)Бирок$(0)	PASS		Текст читается естественно, ясно и соответствует английскому источнику.	18		
patchouli-lang:botania:botania.page.manaAlchemy16	sha256:c7c6461fbc7288ef331cd387bd13bb63c358a244f9f65d96160de743fa7c542a	Splitting $(item)Wool$(0) into $(item)String$(0)	Роспуск $(item)Шерсти$(0) на $(item)Нити$(0)	PASS		Текст читается естественно, ясно и соответствует английскому источнику.	22		
patchouli-lang:botania:botania.page.manaAlchemy17	sha256:782ed624fd4244363025d4fddb84cedac601563d1718526fd3e9dc49a5836054	Converting between $(item)Slimeballs$(0) and $(item)Cactus$(0)	Превращение $(item)Сгустка слизи$(0) и $(item)Кактуса$(0)	PASS		Текст читается естественно, ясно и соответствует английскому источнику.	35		
patchouli-lang:botania:botania.page.manaAlchemy18	sha256:b1c89c368de670cebf0f27fcc7904bdcf6a3e5760a38c52da5a39070516dfd89	Creating $(item)Ender Pearls$(0)	Создание $(item)Жемчуга эндера$(0)	PASS		Текст читается естественно, ясно и соответствует английскому источнику.	23		
patchouli-lang:botania:botania.page.manaAlchemy19	sha256:bf0ecba4b9fc0409c15f66a62fb0926c0db8e22c668bc0aa5936de58fe46134b	Converting between $(item)Glowstone$(0) and $(item)Redstone$(0)	Превращение $(item)Светящейся пыли$(0) и $(item)Красной пыли$(0)	PASS		Текст читается естественно, ясно и соответствует английскому источнику.	42		
patchouli-lang:botania:botania.page.manaAlchemy2	sha256:c24c316f5ce7326ef0faab0e3267e84346afa169bf66b879d13492fbb1260070	$(item)Rotten Flesh$(0) to $(item)Leather$(0)	$(item)Гнилая плоть$(0) превращается в $(item)кожу$(0)	PASS		Текст читается естественно, ясно и соответствует английскому источнику.	32		
patchouli-lang:botania:botania.page.manaAlchemy20	sha256:e635029ad3411e92d934bb41de1917d844f55b21832b0ac3a53ab2eec208dfb0	Breaking $(item)Cobblestone$(0) into $(item)Sand$(0)	Измельчение $(item)Булыжника$(0) в $(item)Песок$(0)	PASS		Текст читается естественно, ясно и соответствует английскому источнику.	29		
patchouli-lang:botania:botania.page.manaAlchemy21	sha256:c66281fc23b740d958f3f140825c6ee5169aa87220ed68a591db8295095d847f	Breaking $(item)Terracotta$(0) into $(item)Red Sand$(0)	Измельчение $(item)Обожженной глины$(0) в $(item)Красный песок$(0)	PASS		Текст читается естественно, ясно и соответствует английскому источнику.	44		
patchouli-lang:botania:botania.page.manaAlchemy22	sha256:bd749128e3f2536a849b3426784cf6857ae52d3162ac59d67a4dd89cd772b914	Breaking down $(item)Clay$(0) and $(item)Bricks$(0)	Разрушение $(item)Глины$(0) и $(item)Кирпича$(0)	PASS		Текст читается естественно, ясно и соответствует английскому источнику.	26		
patchouli-lang:botania:botania.page.manaAlchemy23	sha256:dbb0fb79961cb8d85bdd1d3c37a5a566ca40125f7d980636cb03f52878f481a3	Making $(item)Coarse Dirt$(0)	Создание $(item)Грубой земли$(0)	PASS		Текст читается естественно, ясно и соответствует английскому источнику.	21		
patchouli-lang:botania:botania.page.manaAlchemy24	sha256:7937fc45db40b9ff571809bf61e191d23baa5ab4c736cabd7e4df225e6db8b5a	Transmuting $(item)Tall Grasses$(0)	Трансмутация видов $(item)Высокой травы$(0)	PASS		Текст читается естественно, ясно и соответствует английскому источнику.	32		
patchouli-lang:botania:botania.page.manaAlchemy25	sha256:983f61c6f2c28814eaddc37a13a96246f53aae6a4fda5c4468610e866b456e6d	Transmuting mundane flowers	Преобразование мирских цветов	PASS		Текст читается естественно, ясно и соответствует английскому источнику.	29		
patchouli-lang:botania:botania.page.manaAlchemy26	sha256:1403257a1c79b188ea89c85b34e1a6b80822890c9bb03079d47f03b132a92733	Transmuting stones	Трансмутация камней	PASS		Текст читается естественно, ясно и соответствует английскому источнику.	19		
patchouli-lang:botania:botania.page.manaAlchemy27	sha256:d8299376ee1a29626fcfc588f21fad092b4085925280dc8b73f01b3946e8cfbe	Converting $(item)Chorus Fruit$(0) into $(item)Chorus Flowers$(0)	Превращение $(item)Плода хоруса$(0) в $(item)Цветок хоруса$(0)	PASS		Текст читается естественно, ясно и соответствует английскому источнику.	40		
patchouli-lang:botania:botania.page.manaAlchemy28	sha256:1f3be23fe742dfcd9c3522d42c9ac72e560c1a8499ef0c2af2b079f3c5648d01	Converting between $(item)Apples$(0) and $(item)Berries$(0)	Превращение $(item)Яблок$(0) и $(item)Ягод$(0)	PASS		Текст читается естественно, ясно и соответствует английскому источнику.	24		
patchouli-lang:botania:botania.page.manaAlchemy3	sha256:c0c2e5ec97d20580aec7db1ea2f83d797bae90dbd1b0ca130f9d24ca42bb8b26	Transmuting $(item)Woods$(0)	Разные типы $(item)дерева$(0)	PASS		Текст читается естественно, ясно и соответствует английскому источнику.	18		
patchouli-lang:botania:botania.page.manaAlchemy4	sha256:53161b90398b48a05aa455897513b9e7abd1cc6ab2e4d4c6011de942fbfbf9dc	Transmuting $(item)Saplings$(0)	Разные типы $(item)саженцев$(0)	PASS		Текст читается естественно, ясно и соответствует английскому источнику.	20		
patchouli-lang:botania:botania.page.manaAlchemy43	sha256:65b6bc6657b6a2645b1a5d36972740aeae3039766dceeb2d7a10cf5dfd54ca5e	Transmuting deep stones	Различный виды глубинных камней	PASS		Текст читается естественно, ясно и соответствует английскому источнику.	31		
patchouli-lang:botania:botania.page.manaAlchemy44	sha256:df1d4d65c48d83f98490a790fd938b3613f08c639d54a19f8d32c4c40b852637	Making $(item)Soul Soil$(0)	Создание $(item)Почвы душ$(0)	PASS		Текст читается естественно, ясно и соответствует английскому источнику.	18		
patchouli-lang:botania:botania.page.manaAlchemy5	sha256:97ea43ae35d0f56bb662414905908a1d12bff7400c4ee68f3fc546cc050fb373	Breaking down $(item)Glowstone Blocks$(0)	Разрушение $(item)Светящегося камня$(0)	PASS		Текст читается естественно, ясно и соответствует английскому источнику.	28		
patchouli-lang:botania:botania.page.manaAlchemy6	sha256:e2a24d88728d634488fdfd61cf7e652c6ab95fd2aa4ca93b17cd1ee28ccaaf4d	Breaking down $(item)Quartz Blocks$(0)	Разрушение $(item)Блока кварца$(0)	PASS		Текст читается естественно, ясно и соответствует английскому источнику.	23		
patchouli-lang:botania:botania.page.manaAlchemy7	sha256:18491c06c16d079fc4124e61a3e2fbc5007facb2f268ab6e6458e86705b87288	Creating $(item)Chiseled Stone Bricks$(0)	Создание $(item)Блока резных каменных кирпичей$(0)	PASS		Текст читается естественно, ясно и соответствует английскому источнику.	39		
patchouli-lang:botania:botania.page.manaAlchemy8	sha256:820132aa6bc6620b159dcbcf99a867f04bfbd77cb33fbadef599df1ba3f8ecb5	Compressing $(item)Snow$(0) into $(item)Ice$(0)	Заморозка $(item)Снега$(0) в $(item)Лёд$(0)	PASS		Текст читается естественно, ясно и соответствует английскому источнику.	21		
patchouli-lang:botania:botania.page.manaAlchemy9	sha256:ba05bc42e1bf880d3cc376927f97d094e9942a7e38b98386bfff28baf6e2d8d2	Converting between $(item)Vines$(0) and $(item)Lilypads$(0)	Превращение $(item)Кувшинки$(0) и $(item)Лозы$(0)	PASS		Текст читается естественно, ясно и соответствует английскому источнику.	27		
patchouli-lang:botania:botania.page.manaAlchemyDripleafShrinking	sha256:afb4c69c5e91612a9d97ba7f3d08c7f6f0f63417afb971f3c1db9b6859e85bee	Shrinking $(item)Large Dripleaves$(0)	Уменьшение $(item)Большой бросянки$(0)	PASS		Текст читается естественно, ясно и соответствует английскому источнику.	27		
patchouli-lang:botania:botania.page.manaAlchemyFroglightCycle	sha256:6c921161905e54565929ec30d2afd648d2e9532d6e95b6daf4a776796a3dd4e8	Transmuting $(item)Froglights$(0)	Разные типы $(item)квамп$(0)	PASS		Текст читается естественно, ясно и соответствует английскому источнику.	17		
patchouli-lang:botania:botania.page.manaBlaster0	sha256:a3755b4a1fca32253c0588a6e8d8157fc463fc31a39d10122ec76174db087c83	The $(item)Mana Blaster$(0) simply fires $(thing)Mana Bursts$(0). While shaped like a pistol for easy handling, it's not so much a firearm as it is a portable $(l:mana/spreader)$(item)Mana Spreader$(0)$(/l).$(p)By drawing $(thing)Mana$(0) from $(thing)Mana-carrying items$(0) in the holder's inventory, it fires mana bursts from the wielder's current position and bearing.	$(item)Излучатель маны$(0) это портативный аналог $(item)Распространителя маны$(0). Его форма напоминает пистолет, но не имеет с ним ничего общего - это просто ручной раздатчик маны.$(p)Потребляя $(thing)ману$(0) из $(thing)маносодержащих$(0) предметов в инвентаре, он может выстрелить маной в перекрестие прицела.	CHANGE	$(item)Излучатель маны$(0) выпускает $(thing)Сгустки маны$(0). Форма пистолета удобна, но это не огнестрельное оружие, а переносной $(l:mana/spreader)$(item)Распространитель маны$(0)$(/l).$(p)Он берёт $(thing)Ману$(0) из $(thing)предметов с маной$(0) в инвентаре и выпускает сгустки из текущей позиции в направлении взгляда.	Убраны кальки и грамматические ошибки; восстановлены смысл и разметка английского источника.	264	239	0.905
patchouli-lang:botania:botania.page.manaBlaster1	sha256:190bc04acbfd2f0be7ef6bd76ebb34fb1b19776c079d2f09f5b55f465e72be54	These bursts differ slightly from the ones fired from spreaders: they travel faster, but carry only three-quarters of the $(thing)Mana$(0) a spreader's burst would. The blaster also has a short cooldown after firing before it can shoot again.	Этот выстрел немного отличается от того, что выпускает $(item)Распространитель маны$(0). Он быстрее, но несёт только 3/4 заряда, передаваемого распространителем маны. Также после выстрела Излучателю маны необходим небольшой перерыв.	CHANGE	Эти сгустки немного отличаются от сгустков распространителя: они летят быстрее, но несут лишь три четверти $(thing)Маны$(0). После выстрела излучателю нужна короткая перезарядка.	Убраны кальки и грамматические ошибки; восстановлены смысл и разметка английского источника.	221	166	0.751
patchouli-lang:botania:botania.page.manaBlaster2	sha256:6ab78c3d1f527edf2a4c14a30e8b183ed75149512d00b4f6fdca936e659a0d14	$(l:mana/lens)$(item)Mana Lenses$(0)$(/l) function in conjunction with the blaster. To attach one to a blaster, craft them together in a crafting table; to remove the lens, simply place the $(item)Mana Blaster$(0) back on the crafting grid.$(p)A $(thing)Haste$(0) effect on a wielder decreases their blaster's cooldown time.	$(item)Линзы маны$(0) также работают с Излучателем маны. Чтобы прикрепить к нему одну из них, разместите их рядом на верстаке, а для отсоединения просто нажмите Shift+ПКМ с Излучателем маны в руке.	CHANGE	$(l:mana/lens)$(item)Линзы маны$(0)$(/l) работают с излучателем. Чтобы установить линзу, соедините её с излучателем на верстаке; чтобы снять, положите $(item)Излучатель маны$(0) в сетку крафта.$(p)Эффект $(thing)Спешка$(0) сокращает перезарядку излучателя.	Убраны кальки и грамматические ошибки; восстановлены смысл и разметка английского источника.	186	199	1.070
patchouli-lang:botania:botania.page.manaBlaster3	sha256:332b8477d4c455e2c46aa5c38fea05dda1482a7a3ad09a8d94767549a05af390	We need moar dakka	Нужно больше Дакка.	PASS		Текст читается естественно, ясно и соответствует английскому источнику.	19		
patchouli-lang:botania:botania.page.manaBomb0	sha256:76691a499b241405e6c557f474904420385f976d8ef6b958164b61f6007d18e7	Infusing a $(l:alfhomancy/gaia_ritual)$(item)Gaia Spirit$(0)$(/l) with some $(item)TNT$(0) creates a $(item)Manastorm Charge$(0), a type of explosive. In a sense. Once ignited with a $(item)Mana Burst$(0), the charge will create an unstable $(item)Manastorm Epicenter$(0). This will, over time, spawn supercharged explosive $(item)Mana Bursts$(0).$(p)Needless to say, only a maniac would unleash such a destructive force near anything valuable or important.	Объединение $(item)Динамита$(0) и $(item)Души Гайи$(0) создает и $(item)Манаштормовый заряд$(0), тип взрывчатого вещества, как таковой. Запущенный с помощью $(item)Вспышки маны$(0), заряд создаст неустойчивый и $(item)Эпицентр Манашторма$(0), который со временем выйдет наддувом и $(item)Мана вспышки$(0), которые взорвутся при контакте с другими блоками. Излишне говорить, что только маньяк развяжет такую силу вблизи. Вои и Все, что им нужно.	PASS		Текст читается естественно, ясно и соответствует английскому источнику.	378		
patchouli-lang:botania:botania.page.manaBomb1	sha256:7820532b9cc0ddf5fbcb32f0b7dd682dfaefc627d0611b656238bf094b4b5df6	Prepare to face the mighty...	Подготовьтесь к сильным ...	PASS		Текст читается естественно, ясно и соответствует английскому источнику.	27		
patchouli-lang:botania:botania.page.manaConjuration0	sha256:355845e51040be13929f519612e9388c6c7e65699c89bedcae8274afefab7497	Similar to the $(thing)Alchemy Catalyst$(0), a catalyst also exists for $(thing)Conjuration$(0), the magic of cloning simple resources from pure $(thing)Mana$(0). Conjuration is performed similarly to $(l:devices/mana_alchemy)$(item)Alchemy$(0)$(/l), by tossing the relevant item into a $(l:mana/pool)$(item)Mana Pool$(0)$(/l) with a catalyst attached below.	Аналог алхимического катализатора из $(thing)МаноАлхимии$(0), также существует и для $(thing)МаноКолдовства$(0). Колдовская магия будет материализовать блоки прямо из маны. Принцип работы Колдовского катализатора аналогичен $(item)МаноАлхимии$(0), где надо бросать предметы в бассейн, с расположенным под ним катализатором.	PASS		Текст читается естественно, ясно и соответствует английскому источнику.	288		
patchouli-lang:botania:botania.page.manaConjuration1	sha256:d3a6a48d883171111e8e59286c9c91c860efc3e3a6dcf9594310c088936a0119	Creating the catalyst	Создание колдовского катализатора	PASS		Текст читается естественно, ясно и соответствует английскому источнику.	33		
patchouli-lang:botania:botania.page.manaConjuration10	sha256:1ff677945e97450ccb1f586a2fbc1a8901a1d13b551ce5caa143c0dae53a23f0	Conjuring $(item)Leaves$(0)	Заклинать $(item)Листья$(0)	PASS		Текст читается естественно, ясно и соответствует английскому источнику.	16		
patchouli-lang:botania:botania.page.manaConjuration11	sha256:39294a4e9b3cc2693ea26ad1ee7ba3c7fa6207e1ad8be5bd9f033c1e2528fa7e	Conjuring $(item)Grass$(0)	Заклинать $(item)Траву$(0)	PASS		Текст читается естественно, ясно и соответствует английскому источнику.	15		
patchouli-lang:botania:botania.page.manaConjuration2	sha256:ecffb0fc6623a70efd9913ac8f73ad52ea1424008d9c5fed103e3a7938dc4a20	Conjuring $(item)Redstone$(0)	Заклинать $(item)Красную пыль$(0)	PASS		Текст читается естественно, ясно и соответствует английскому источнику.	22		
patchouli-lang:botania:botania.page.manaConjuration3	sha256:5ef2e5a3831de0638cd74bfd8e6ba39e2e77259537000539a6e2d392d00b101e	Conjuring $(item)Glowstone$(0)	Заклинать $(item)Светящуюся пыль$(0)	PASS		Текст читается естественно, ясно и соответствует английскому источнику.	25		
patchouli-lang:botania:botania.page.manaConjuration4	sha256:2bb2a5de20093ea179dc0a63e54cf7ad36646339278e8df733c59086b1d5e77b	Conjuring $(item)Quartz$(0)	Заклинать $(item)Кварц$(0)	PASS		Текст читается естественно, ясно и соответствует английскому источнику.	15		
patchouli-lang:botania:botania.page.manaConjuration5	sha256:44cd3aa10747169e1e2c6b45d9a52f205ccfc67b41fb457360bf87f43b1d6a6c	Conjuring $(item)Coal$(0)	Заклинать $(item)Уголь$(0)	PASS		Текст читается естественно, ясно и соответствует английскому источнику.	15		
patchouli-lang:botania:botania.page.manaConjuration6	sha256:efad178f5cdc1dabd84249604fc800ce4d6d3c3d8d49e5eb192aef328d02abe1	Conjuring $(item)Snow$(0)	Заклинать $(item)Снежок$(0)	PASS		Текст читается естественно, ясно и соответствует английскому источнику.	16		
patchouli-lang:botania:botania.page.manaConjuration7	sha256:a6727424b944a851bb8016139da0838ab77e2d97952a9745714e5419b9520662	Conjuring $(item)Netherrack$(0)	Заклинать $(item)Адский камень$(0)	PASS		Текст читается естественно, ясно и соответствует английскому источнику.	23		
patchouli-lang:botania:botania.page.manaConjuration8	sha256:341ccc130184718cb83413d74e50f5a2b36f4577ffdb66bb9b20ae0885320f3f	Conjuring $(item)Soul Sand$(0)	Заклинать $(item)Песок душ$(0)	PASS		Текст читается естественно, ясно и соответствует английскому источнику.	19		
patchouli-lang:botania:botania.page.manaConjuration9	sha256:837a7d81bf5fecfaaca254c609e8ab1f0d9ed7676a8a9235f36997bc6157573e	Conjuring $(item)Gravel$(0)	Заклинать $(item)Гравий$(0)	PASS		Текст читается естественно, ясно и соответствует английскому источнику.	16		
patchouli-lang:botania:botania.page.manaDetector0	sha256:5289de5579840ba31b5f37e4f2c3cb879a77b0cb16d28785e63b0f11e16e2bde	The $(item)Mana Detector$(0) detects when a $(thing)Mana Burst$(0) flows through it (bursts pass through this block like air) and provides a redstone signal for the occasion.	Устройство, подобное $(item)Детектору маны$(0), способно определять, когда через него начинает проходить $(thing)сгусток маны$(0) (сгусток не рассеится при столкновении с этим блоком) и, если это случилось, выдавать редстоун-сигнал.	PASS		Текст читается естественно, ясно и соответствует английскому источнику.	209		
patchouli-lang:botania:botania.page.manaDetector1	sha256:ccd8d09748f56b5b13e4116d1c31f71e4de4f39d80651c1ad39334cc400f02ad	Crafting the detector	Создание детектора	PASS		Текст читается естественно, ясно и соответствует английскому источнику.	18		
patchouli-lang:botania:botania.page.manaEnchanting0	sha256:efb433c34b1aec4779ca63e60d877b93b67312cef241f5a140a5635419de9dfa	With the magical power emitted from $(l:devices/pylon)$(item)Mana Pylons$(0)$(/l), a structure can be built that performs enchants with books without consuming them. The construction of a $(item)Mana Enchanter$(0) isn't cheap, though, neither in space nor materials.	Используя магическую силу, испускаемую $(item)Пилонами маны$(0), можно создать структуру, которая позволит зачаровать предметы зачарованными книгами, не уничтожая их. Это называется $(item)МаноЧарование$(0).$(p)Построение одной такой структуры требует изрядное количество пространства и материалов.	PASS		Текст читается естественно, ясно и соответствует английскому источнику.	272		
patchouli-lang:botania:botania.page.manaEnchanting1	sha256:d694c5ac9a1ca378ba11791f3b47bd5de38534b918515e5361489702879fc319	A $(item)Mana Enchanter$(0) takes up an area around 11x7 in size, and is constructed from 17 $(item)Obsidian$(0) blocks, 10 $(l:basics/flowers)$(item)Mystical Flowers$(0)$(/l) of any color or their $(l:misc/shiny_flowers#shiny)$(item)Glimmering$(0)$(/l) or $(l:misc/shiny_flowers#floating)$(item)Floating$(0)$(/l) variants, 6 $(l:devices/pylon)$(item)Mana Pylons$(0)$(/l), and one $(item)Lapis Lazuli Block$(0).$(p)Instructions on assembling this marvelous contraption follow.	Для постройки $(item)МаноЧарователя$(0) потребуется: изрядное количество пространства, 17 $(item)обсидиановых$(0) блоков, 10 любых $(item)Мистических цветов$(0), 6 $(item)Пилонов маны$(0) и один $(item)Блок лазурита$(0).$(p)Инструкция по сборке этой структуры на следующих страницах.	PASS		Текст читается естественно, ясно и соответствует английскому источнику.	224		
patchouli-lang:botania:botania.page.manaEnchanting2	sha256:953375ac1eec4ad2ef5c4eaab852c58f4ed6e6532f56ff368046c04d1c613c24	Mana Enchanter	Маночарователь	PASS		Текст читается естественно, ясно и соответствует английскому источнику.	14		
patchouli-lang:botania:botania.page.manaEnchanting5	sha256:059a23f70c919a3b1d0be9eab8bf5c341102a82146217175979c130cbe0b6bc9	After construction, right-click the core lapis block with a $(l:basics/wand)$(item)Wand of the Forest$(0)$(/l) to activate the enchanter.$(p)To use the enchanter, place (via right-click) the item to be enchanted in the enchanter itself and drop $(item)Enchanted Books$(0) with the desired enchantments within the obsidian circle. Note that pre-enchanted items can't be placed in the enchanter.	После завершения постройки, щелкните ПКМ с $(item)Посохом леса$(0) по блоку лазурита и зачарователь будет завершен.$(p)Для использования зачарователя, нужно щелчком ПКМ по алтарю разместить предмет, который должен быть зачарован и разбросать $(item)зачарованные книги$(0) вокруг алтаря в пределах круга.	PASS		Текст читается естественно, ясно и соответствует английскому источнику.	277		
patchouli-lang:botania:botania.page.manaEnchanting6	sha256:6e422f56461fab4af3eb8c7be6adabbd0a97194d76d542e799bd17c63a37ee71	To start the enchantment, right-click the enchanter with a $(l:basics/wand)$(item)Wand of the Forest$(0)$(/l). Once it's finished scanning nearby books, a spell circle will appear around the core, indicating that the books can be safely picked up again. Note that the scan will only pick up the first enchantment on a given book; multiple enchantments from one book will not be applied.	Предметы, которые уже зачарованы, не могут быть размещены в зачарователе.$(p)Для начала зачарования щелкните ПКМ с $(item)Посохом леса$(0) по зачарователю. Он изучит разбросанные книги, и как только это будет сделано, появится магический круг зачарователя, указывая, что книги можно безопасно подобрать для повторного использования.	PASS		Текст читается естественно, ясно и соответствует английскому источнику.	317		
patchouli-lang:botania:botania.page.manaEnchanting7	sha256:fdd55334294907ed100acfa56f08570dfa0f6696a1069634b13c67a779c36745	The enchanter requires $(thing)Mana$(0) during the enchantment process.$(p)$(thing)Mana$(0) can be fed with $(thing)Mana Bursts$(0) or with a $(l:mana/sparks)$(item)Spark$(0)$(/l) over the enchanter's core (the latter way working much faster).	После начала зачарования, Зачарователю потребуется $(thing)мана$(0).$(p)Она может быть получена двумя путями, либо от $(thing)Всплесков маны$(0) либо от $(item)Искры$(0) расположенной поблизости, путем размещения $(item)Искры$(0) на зачарователь. Последний способ намного быстрее.	PASS		Текст читается естественно, ясно и соответствует английскому источнику.	230		
patchouli-lang:botania:botania.page.manaEnchanting8	sha256:fc91424a34ef578009a420fddaf44c1007bac37fefd7f679cd350b309a09d23c	When the Enchanter has received enough $(thing)Mana$(0), the enchanting process will wrap itself up, and the enchantments will be applied to the item.$(p)The amount of $(thing)Mana$(0) required depends on the number of enchantments to be applied, and on their respective rarities and levels.	Когда $(thing)маны$(0) достаточно, процесс зачарования завершится.$(p)Количество потребляемой $(thing)маны$(0) зависит от редкости, силы и количества применяемых зачарований.$(p)Если книги содержат несколько зачарований, будет использовано только первое из них.	PASS		Текст читается естественно, ясно и соответствует английскому источнику.	229		
patchouli-lang:botania:botania.page.manaEnchanting9	sha256:3805eeae0c8a452b5ec702c68671cf67ba76d978ab5332bd35c9fa32d49ada14	During the enchanting process, the item being enchanted can't be removed.$(p)Additionally, if any component of the construct is removed at any point of the process, the core will revert to its original $(item)Lapis Lazuli Block$(0) form, and all mana transferred will be lost.	После начала зачарования предмет не может быть извлечен, до тех пор пока процесс не завершится.$(p)Следует отметить, что, если в любой момент времени, любой компонент конструкции будет извлечён из струкруры, это вернёт $(item)блок лазурита$(0) в исходную форму.	PASS		Текст читается естественно, ясно и соответствует английскому источнику.	246		
patchouli-lang:botania:botania.page.manaGear0	sha256:1752f7838c9aec322d69fcd2e5d01e310120f50f65ef2efea787dd868fcec1f6	$(item)Manasteel$(0), like other metals, can be shaped into tools and armor alike.$(p)Tools or armor crafted from this material will share most of their qualities with $(item)Iron$(0), albeit with superior enchantability and durability. Additionally, all $(item)Manasteel$(0) items can heal their durabilities with $(thing)Mana$(0) from their user's inventory (e.g. in a $(l:mana/mana_tablet)$(item)Mana Tablet$(0)$(/l)).	$(item)Манасталь$(0), как и другие металлы, может быть использована для создания инструментов или брони.$(p)Предметы, созданные из этого материала, похожи на $(item)Железные$(0), но более долговечны, и имеют больше возможностей для зачарования. Когда предмет из $(item)манастали$(0) должен повредиться, он, вместо того, будет поглощать ману доступную в инвентаре (например из $(item)Планшета маны$(0)).	PASS		Текст читается естественно, ясно и соответствует английскому источнику.	354		
patchouli-lang:botania:botania.page.manaGear1	sha256:a69e7c75662b2466ce233dd9eb1543ae6ae306b5804bf23ee2bc02bf60de21b4	The $(item)Manasteel Pickaxe$(0)	Кирка из $(item)Манастали$(0)	PASS		Текст читается естественно, ясно и соответствует английскому источнику.	18		
patchouli-lang:botania:botania.page.manaGear10	sha256:9e72f7330249523fc72377f1cab1b39828f06e477e408f873dfbe1ee506fda93	Some $(item)Manasteel$(0) tools perform special actions when right-clicked: the $(item)Pickaxe$(0) will place a torch from the user's inventory, and the $(item)Axe$(0) will do the same with a sapling.$(p)Do note that $(item)Shears$(0) made of mana-based materials will trigger tripwires, unlike iron ones.	Некоторые части набора инструментов имеют возможность при щелчке ПКМ. $(item)Кирка$(0) поместит факел из инвентаря пользователя, $(item)Топор$(0) сделает то же самое для саженца, а $(item)Лопата$(0) будет для земли, как и мотыга. $(p)Имейте ввиду, что $(item)Ножницы$(0) с помощью маны будут увеличивать кол-во шерсти с овец.	PASS		Текст читается естественно, ясно и соответствует английскому источнику.	277		
patchouli-lang:botania:botania.page.manaGear2	sha256:be01115ace9a510924b7613c76b84e7d8239f69832d0a0df85b8ebf21ea828c8	The $(item)Manasteel Shovel$(0)	Лопата из $(item)Манастали$(0)	PASS		Текст читается естественно, ясно и соответствует английскому источнику.	19		
patchouli-lang:botania:botania.page.manaGear3	sha256:8393efac671c349ae94570e7cb5f79297b547a6fab79d765bcc5218929f1adff	The $(item)Manasteel Axe$(0)	Топор из $(item)Манастали$(0)	PASS		Текст читается естественно, ясно и соответствует английскому источнику.	18		
patchouli-lang:botania:botania.page.manaGear3a	sha256:961acc631d10952c154a1a2aceb7b1b87ad082b7fd727b212bc3613556bcf58f	The $(item)Manasteel Hoe$(0)	Мотыга из $(item)Манастали$(0)	PASS		Текст читается естественно, ясно и соответствует английскому источнику.	19		
patchouli-lang:botania:botania.page.manaGear4	sha256:7fea9ff995b9b2d46a1bcc92e1374d19a0af48eb26a1fce750f535f76fc56298	The $(item)Manasteel Shears$(0)	Ножницы из $(item)Манастали$(0)	PASS		Текст читается естественно, ясно и соответствует английскому источнику.	20		
patchouli-lang:botania:botania.page.manaGear5	sha256:a3b374a2a4c9f952a1701728b4d52d5e40e1e84c5885d59e0206cd2a39892b23	The $(item)Manasteel Sword$(0)	Меч из $(item)Манастали$(0)	PASS		Текст читается естественно, ясно и соответствует английскому источнику.	16		
patchouli-lang:botania:botania.page.manaGear6	sha256:beebe4da392b266ea88884028b2eccdff2f2259a04c1753487b7314685f3c401	The $(item)Manasteel Helmet$(0)	Шлем из $(item)Манастали$(0)	PASS		Текст читается естественно, ясно и соответствует английскому источнику.	17		
patchouli-lang:botania:botania.page.manaGear7	sha256:804b1295cdb2df4298853828195e775cb0d496f6b747bd43519070a54d5ee544	The $(item)Manasteel Chestplate$(0)	Кираса из $(item)Манастали$(0)	PASS		Текст читается естественно, ясно и соответствует английскому источнику.	19		
patchouli-lang:botania:botania.page.manaGear8	sha256:064dd978e6b4b325bb0599acbcc817c68248847940920429bbcab2790d0ce325	The $(item)Manasteel Leggings$(0)	Поножи из $(item)Манастали$(0)	PASS		Текст читается естественно, ясно и соответствует английскому источнику.	19		
patchouli-lang:botania:botania.page.manaGear9	sha256:807a1094c1ca4b93dc3c2e75b69bf3be79c868f116f5c1a108419571a17e99a1	The $(item)Manasteel Boots$(0)	Ботинки из $(item)Манастали$(0)	PASS		Текст читается естественно, ясно и соответствует английскому источнику.	20		
patchouli-lang:botania:botania.page.manaMirror0	sha256:4cabfdea0b32a2e2a5c5cc14368dae4718d4985976a0e6cb7c905e43fc28b8ef	A $(item)Mana Mirror$(0) is an alternative to $(thing)Mana$(0)-containing items like $(l:mana/mana_tablet)$(item)Tablets$(0)$(/l). After it's bound to a $(l:mana/pool)$(item)Mana Pool$(0)$(/l), items in the inventory requiring $(thing)Mana$(0) will draw from it.$(p)To bind a mirror to a pool, simply $(thing)sneak-right click$(0) the pool with the mirror. The mirror can't input or output mana from/to pools in any other way.	$(item)Зеркало маны$(0) - это альтернатива таким $(thing)мана$(0)-содержащим предметам, как $(item)Планшет маны$(0). Зеркало можно привязать к $(item)Бассейну маны$(0), и все предметы в инвентаре, которым нужна $(thing)мана$(0), возьмут ее прямо из этого бассейна.$(p)Нажав зеркалом $(thing)Shift+ПКМ$(0) по бассейну, Вы свяжите их. По-другому зеркало никак не может помещать или брать ману из бассейна.	PASS		Текст читается естественно, ясно и соответствует английскому источнику.	330		
patchouli-lang:botania:botania.page.manaMirror1	sha256:3a3e159c23621e4eba89d16e8fd0348864cc1dc94cce5c017453164a365f689c	Mirror mirror on the wall...	Свет мой, зеркальце, скажи...	PASS		Текст читается естественно, ясно и соответствует английскому источнику.	29		
patchouli-lang:botania:botania.page.manaRing0	sha256:15512d4352f461a52fd260d0b216f0108db9f73e1a01730f3d8690ef51bff7f8	Putting a $(l:mana/mana_tablet)$(item)Mana Tablet$(0)$(/l) on a $(item)Manasteel$(0) ring makes the Tablet wearable. The $(item)Band of Mana$(0) functions exactly as its component Tablet does, but can be worn as a $(thing)Trinket$(0) as well.$(p)Upgrading the ring by plating it with an ingot of $(l:basics/terrasteel)$(item)Terrasteel$(0)$(/l) allows it to store about four times as much $(thing)Mana$(0).	Соединив $(item)Планшет маны$(0) и несколько слитков $(item)Манастали$(0), создается маленькое $(thing)Колечко$(0), которое имеет те же функции, что и у планшета маны, но может быть экипировано в слот $(thing)безделушек$(0).$(p)Кольцо можно улучшить, используя немного $(item)Террастали$(0), при этом количество хранимой маны $(thing)маны$(0) увеличится в 4 раза.	PASS		Текст читается естественно, ясно и соответствует английскому источнику.	290		
patchouli-lang:botania:botania.page.manaRing1	sha256:858e4ad724502c31fcc2854eaf143add711f37a4c132cbd6a1b506d6fcb82983	Creating the ring	Создание кольца	PASS		Текст читается естественно, ясно и соответствует английскому источнику.	15		
patchouli-lang:botania:botania.page.manaRing2	sha256:08168bb728185934c21fd073b46d475fe898781b3d07eadf7e11f1e6dcf55406	Upgrading the ring	Улучшение кольца	PASS		Текст читается естественно, ясно и соответствует английскому источнику.	16		
patchouli-lang:botania:botania.page.manaTablet0	sha256:cc4e33ba8a19e0dbe9e613549584125134da8a0b0b33eee1f42ecaca6f1db79d	Using $(l:mana/spreader)$(item)Mana Spreaders$(0)$(/l) to transport $(thing)Mana$(0) is all well and good, but there are other ways of getting the stuff around too.$(p)The $(item)Mana Tablet$(0) is a portable item that can carry $(thing)Mana$(0) within itself.$(p)In addition, other items in an inventory can draw from it for their own use, making it an essential tool.	Использовать $(item)Распр-тели$(0) для перемещения $(thing)маны$(0) - удобно и надёжно, но сделать это можно и по-другому.$(p)$(item)Планшет маны$(0) - это портативный предмет, способный переносить $(thing)ману$(0) в себе. И это не просто хранилище! Некоторые предметы могут извлекать из него $(thing)ману$(0), поскольку она необходима для их работы, и это делает планшет важным инструментом.	PASS		Текст читается естественно, ясно и соответствует английскому источнику.	330		
patchouli-lang:botania:botania.page.manaTablet1	sha256:1df49deb03083e7792b871bc2445455ba3235db159740376d38398e39d0e1690	Tossing a tablet into a $(l:mana/pool)$(item)Mana Pool$(0)$(/l) will allow for flow of $(thing)Mana$(0) between them.$(p)Sneak-right clicking (or using a $(item)Dispenser$(0)) on the $(l:mana/pool)$(item)Mana Pool$(0)$(/l) with a $(l:basics/wand)$(item)Wand of the Forest$(0)$(/l) will change which way the $(thing)Mana$(0) will flow.$(p)Unlike normal items, dropped tablets never despawn.	Кинув один из таких планшетов на $(item)Бассейн маны$(0), Вы позволите $(thing)мане$(0) перемещаться, к примеру, с бассейна на планшет. Нажав по $(item)Бассейну$(0) Shift+ПКМ $(item)Посохом Леса$(0), Вы смените направление, по которому будет перетекать $(thing)мана$(0) (Бассейн->Планшет, Планшет->Бассейн). В отличие от обычных предметов, $(item)Планшет$(0), будучи брошенным на пол, никогда не исчезнет.	PASS		Текст читается естественно, ясно и соответствует английскому источнику.	337		
patchouli-lang:botania:botania.page.manaTablet2	sha256:188ff530d7700deb69eb5718cce521d1dd5f6d0ff439ded57c8f87c4c8fa6ded	Sadly, it doesn't have wifi	К сожалению, в нём нет wifi	PASS		Текст читается естественно, ясно и соответствует английскому источнику.	27		
patchouli-lang:botania:botania.page.manaVoid0	sha256:b793a8723408aca65993653ee3a4417da7cb7f4f0f986eeed2c8b18c1324a313	The $(item)Mana Void$(0) is, in layman's terms, a grave for $(thing)Mana$(0). Any $(thing)Mana$(0) poured into this block will simply vanish into the void, never to be seen again.$(p)Placing one of these under a $(l:mana/pool)$(item)Mana Pool$(0)$(/l) will allow the pool to always accept $(thing)Mana$(0), but void any it can't hold.	Говоря простым языком, $(item)Мана-пустота$(0) - это могила для $(thing)маны$(0). Любая $(thing)мана$(0), попавшая в этот блок, просто испарится в пустоте и больше не вернется назад.$(p)Поставив один такой блок под $(item)Бассейн маны$(0), Вы позволите бассейну все также принимать $(thing)ману$(0), но уничтожать ту, которая в него не помещается.	PASS		Текст читается естественно, ясно и соответствует английскому источнику.	285		
patchouli-lang:botania:botania.page.manaVoid1	sha256:c496e6bd3e93378b9bf872316444b063200372530afb073efcdd86ed0ce25d35	Even Chad from accounting?	$(o)Это как Чад из отдела бухгалтерского учета?	PASS		Текст читается естественно, ясно и соответствует английскому источнику.	43		
patchouli-lang:botania:botania.page.manastar0	sha256:f827bea6c37c24779acb5d4dfb4db75431423422fae8ad5cf847e9092b1336c0	The imprecise measurements of the $(l:basics/wand)$(item)Wand of the Forest$(0)$(/l) sometimes won't cut it for telling if you're turning a profit or loss in your $(l:mana/pool)$(item)Mana Pools$(0)$(/l).$(p)Creating a $(item)Manastar$(0) and placing it next to a pool will have the flower shine red if there's a loss, or blue if there's a profit. The measurement updates every few seconds.	Из-за неточности измерений $(item)Посох Леса$(0) порой не даст ответа на вопрос, увеличивается ли количество маны в $(item)Бассейнах$(0) или уменьшается. Создав $(item)Звезду маны$(0) и поставив ее вплотную к бассейну, Вы увидите, что при уменьшении маны она будет испускать красные частицы, а при увеличении - синие. Измерения происходят каждые несколько секунд.	PASS		Текст читается естественно, ясно и соответствует английскому источнику.	330		
patchouli-lang:botania:botania.page.manastar1	sha256:3cf91bd028d029d64402ce746d66b6837680f4e994f9c01e2de37c18d49f5666	It's a shooting star leaping through the skies	$(0)Я метеор, пронзающий небеса...$(0)	PASS		Текст читается естественно, ясно и соответствует английскому источнику.	30		
patchouli-lang:botania:botania.page.manaweave0	sha256:75c122d01e3e083c72b547f84b2a7ee11b0c8da981701c8301ca69faa224b252	$(item)Manaweave Cloth$(0) is a fabric that's highly attuned to the primal energies in $(thing)Mana$(0).$(p)$(item)Manaweave Robes$(0), woven of this cloth, aren't the greatest at resisting damage; however, they more than make up for it with a powerful set bonus. When all four set pieces are worn, tools and rods are far, far cheaper to use (in $(thing)Mana$(0) cost).	$(item)Манаткань$(0) - это ткань, тесно связанная с основной энергией, содержащейся в $(thing)Мане$(0). $(item)Манатканное одеяние$(0), сотканное из этой ткани, не отличается высокой защитой, но компенсирует это мощным бонусом. При ношении полного комплекта, использование инструментов и жезлов требует значительно меньше $(thing)Маны$(0).	PASS		Текст читается естественно, ясно и соответствует английскому источнику.	293		
patchouli-lang:botania:botania.page.manaweave1	sha256:0906a2b2e4503da517783ffb09d95c03013e120530c4ec0ed5766a1ed2fd73be	Wearing the full set of $(item)Manaweave Robes$(0) also grants the wearer an increased proficiency with magical rods, increasing their powers and/or ranges.$(p)$(item)Manaweave Robes$(0) can use $(thing)Mana$(0) from one's inventory to repair themselves, similarly to $(item)Manasteel Armor$(0), but at a lower $(thing)Mana$(0) cost.	Ношение полного комплекта $(item)Манатканного одеяния$(0) также повышает эффективность магических жезлов, увеличивая их мощность и/или дальность. $(p)$(item)Манатканное одеяние$(0) может использовать $(thing)Ману$(0) из инвентаря для самовосстановления, аналогично $(item)Манастальной броне$(0), но с меньшими затратами $(thing)Маны$(0).	PASS		Текст читается естественно, ясно и соответствует английскому источнику.	276		
patchouli-lang:botania:botania.page.manaweave2	sha256:6241b7cf798c7c8ea08b8a3fe494e39974cd193c14e827465bfa59ad0dd3d351	Weaving the threads of $(thing)Mana$(0)	Переплетение нитей маны	PASS		Текст читается естественно, ясно и соответствует английскому источнику.	23		
patchouli-lang:botania:botania.page.manaweave3	sha256:47053fd583df69145b9f9aa636ec05be2d7270d862df7b31086a031d11478841	Creating the Cowl	Создание капюшона	PASS		Текст читается естественно, ясно и соответствует английскому источнику.	17		
patchouli-lang:botania:botania.page.manaweave4	sha256:3ed9764000b53df23350a4a7c66a5399f4aea5cdb8a94771773edebe68570475	Creating the Robe Top	Создание мантии	PASS		Текст читается естественно, ясно и соответствует английскому источнику.	15		
patchouli-lang:botania:botania.page.manaweave5	sha256:7fc3928c8f00d4f6f1939673e90a2e082e5bdf287441bc80b1ef3230235366dc	Creating the Robe Bottom	Создание шароваров	PASS		Текст читается естественно, ясно и соответствует английскому источнику.	18		
patchouli-lang:botania:botania.page.manaweave6	sha256:2d9fb981fc95feb2a84a205b243bfd53354df3930ddad1405aae23ba43bea6f9	Creating the Boots	Создание сапогов	PASS		Текст читается естественно, ясно и соответствует английскому источнику.	16		
patchouli-lang:botania:botania.page.marimorphosis0	sha256:bd01fe791d154dca40133d5d51e42bf3e6d70cc91b71aea9fc1ce2316815af25	The $(item)Marimorphosis$(0) is a flower that induces metamorphic transformations in nearby $(item)Stone$(0) blocks. These blocks are transmogrified into one of 8 different types of $(item)Metamorphic Stone$(0). All 8 types will generate everywhere, but the types that generate more will often depend on the biome. All varieties can be used for bricks, chiseled bricks, slabs, stairs, and $(l:basics/apothecary)$(item)Petal Apothecary$(0)$(/l) variants.	$(item)Метаморфозис$(0) - цветок, который вызывает метаморфические трансформации у ближайших блоков $(item)Камня$(0). Эти блоки метаморфизуются в один из 8 различных типов $(item)Метаморфических камней$(0). Все 8 типов будут генерироваться, но тип(ы), которые генерируются чаще, зависят от биома. Все это можно использовать для изготовления кирпичей, резных кирпичей, плит, лестниц и даже вариантов $(item)Лепесткового аптекаря$(0).	PASS		Текст читается естественно, ясно и соответствует английскому источнику.	388		
patchouli-lang:botania:botania.page.marimorphosis05	sha256:3429952cc5dbffeae004cc529381a5f7f369116d180ea008085cd2beae738951	$(item)Solite$(0) will generate in deserts and savannas. $(item)Fuchsite$(0) appears in forest biomes (including taigas). $(item)Mycelite$(0) generates in mushroom fields and underground biomes. $(item)Rosy Talc$(0) is found in badlands and savannas.$(p)$(item)Gneiss$(0) appears in mountainous biomes. $(item)Talc$(0) generates in plains and beaches. $(item)Cataclasite$(0) shows up in swamps and jungles. Finally, $(item)Lunite$(0) generates in cold biomes and taigas.	$(item)Солит$(0) будет генерироваться в пустынях и саваннах. $(item)Фуксит$(0) появляется в лесных биомах (включая тайгу). $(item)Мицелит$(0) генерируется в грибных полях и подземных биомах. $(item)Розовый тальк$(0) встречается в пустошах и саваннах.$(p)$(item)Гнейс$(0) появляется в горных биомах. $(item)Тальк$(0) генерируется на равнинах и пляжах. $(item)Катаклазит$(0) встречается в болотах и джунглях. Наконец, $(item)Лунит$(0) генерируется в холодных биомах и тайге.	PASS		Текст читается естественно, ясно и соответствует английскому источнику.	380		
patchouli-lang:botania:botania.page.marimorphosis1	sha256:49eb934eab9b3051cc2d3c310699085689f9ffd90c7f321edad37fca3c0c1e34	The various flavors of $(item)Metamorphic Stone$(0)	Варианты $(item)Метаморфических камней$(0)	PASS		Текст читается естественно, ясно и соответствует английскому источнику.	31		
patchouli-lang:botania:botania.page.marimorphosis2	sha256:b15e94dfd692096f1d9ca33a119bac424ec0037b71ff3355a7b0c63cab227cf6	$(o)This flower is pretty gneiss$().	$(o)Этот цветок довольно гнейс$(0).	PASS		Текст читается естественно, ясно и соответствует английскому источнику.	27		
patchouli-lang:botania:botania.page.marimorphosis3	sha256:fe392f6c3c34021c8b0793bdafc7f58e2258822cc714d360c716c1c05b4435b3	A color for everyone	Цвета для каждого	PASS		Текст читается естественно, ясно и соответствует английскому источнику.	17		
patchouli-lang:botania:botania.page.medumone0	sha256:b2be5da5fa765822dce37c72a690d5ae11657235325289567e02aa1ad4a1b24b	The $(item)Medumone$(0) is a flower with the ability to completely halt a creature's movements.$(p)It converts $(thing)Mana$(0) into a powerful slowing field that halts any nearby non-player entities in their tracks.	$(item)Медумон$(0) - цветок, который полностью останавливает мобов.$(p)Пока он получает $(thing)Ману$(0), он заморозит всех мобов в радиусе 6 блоков.	PASS		Текст читается естественно, ясно и соответствует английскому источнику.	122		
patchouli-lang:botania:botania.page.medumone1	sha256:92417a59267c375afda529c8a9a9e926d3e9bb14a5f869e6e9e4d2a1c16585b8	$(o)Stop right there criminal scum	$(o)Остановись там, преступная сволочь	PASS		Текст читается естественно, ясно и соответствует английскому источнику.	34		
patchouli-lang:botania:botania.page.miningRing0	sha256:b096ef9f7a52d70131194082e2f45e93f9635e6ea3fe3b577c516d54adb3465f	The $(item)Ring of the Mantle$(0) simply uses $(thing)Mana$(0) to provide a $(thing)Haste$(0) effect for its wearer. Note that a trickle of $(thing)Mana$(0) is used while the wearer swings their arm or equipped item for anything, including but not limited to attacking, mining, or just flailing.	$(item)Кольцо шахтёра$(0) позволяет игроку добывать руду быстрее. Когда оно экипировано и $(thing)Маны$(0) в инвентаре достаточно, игрок получает эффект $(thing)Ускорение II$(0). $(thing)Мана$(0) используется пока игрок машет рукой или экипированным предметом, будь то для нападения, добычи или просто так.	PASS		Текст читается естественно, ясно и соответствует английскому источнику.	259		
patchouli-lang:botania:botania.page.miningRing1	sha256:b92d5ea9b603f4ff6f55faa9a467e1d0afeaf678623cc0580a261871e239f20c	Diggy diggy hole	Копай копай дыру	PASS		Текст читается естественно, ясно и соответствует английскому источнику.	16		
patchouli-lang:botania:botania.page.missileRod0	sha256:ee896965513ef4728caccf43cad8dd7e344c7063fd35ac1f0433350c870785ca	The $(item)Rod of the Unstable Reservoir$(0) is a weapon at its strongest against a large crowd of foes. When used, it'll materialize from $(thing)Mana$(0) countless arcane missiles that home in on targets at random.	$(item)Жезл неустойчивой энергии$(0) - довольно мощное оружие против большой толпы врагов. Направляя свою мощь, материализуются бесчисленные тайные ракеты, которые попадают в цель в случайном порядке, при довольно высокой стоимости $(thing)Маны$(0).	CHANGE	$(item)Жезл нестабильного резервуара$(0) особенно силён против большой толпы врагов. При использовании он создаёт из $(thing)Маны$(0) бесчисленные магические снаряды, которые случайно выбирают цели и самонаводятся на них.	Убраны кальки и грамматические ошибки; восстановлены смысл и разметка английского источника.	226	198	0.876
patchouli-lang:botania:botania.page.missileRod1	sha256:0746b9a514ff61667a91f435077e1858ea7eab68438b43a55cf1dd7ec6406b73	Zapzapzapzap	Запзапзапзапзап	PASS		Текст читается естественно, ясно и соответствует английскому источнику.	15		
patchouli-lang:botania:botania.page.missileRod2	sha256:4f175f13f85fd6c0c424f1122b09ef115e13e878df44359da1212cdf6622d2a0	This rod can be given to a $(l:devices/avatar)$(item)Livingwood Avatar$(0)$(/l). An avatar with one will attack nearby mobs with missiles, using its own $(thing)Mana$(0) to do so.	Этот жезл может быть передан a $(item)Тотему из жизнедерева$(0). Когда это будет сделано, это создаст ракеты для атаки близлежащих мобов, как если бы стержень использовался нормально. $(p)Этот процесс использует $(thing)Ману$(0) из тотема, и его можно отключить, применив к нему сигнал красного камня.	PASS		Текст читается естественно, ясно и соответствует английскому источнику.	274		
patchouli-lang:botania:botania.page.monocle0	sha256:dd5f13b88be2d3b263f544d758ebdcdc3040d1ecceff12d12113de6ce52968a5	The $(item)Manaseer Monocle$(0) is a handy accessory for insight into $(thing)Mana Bursts$(0)' trajectories. It's not just a fancy eyepiece: it allows its wearer to see all nearby $(thing)Mana Bursts$(0)-- even through walls. Additionally, when a wearer looks at a flower, they can see its areas of effect.	Монокль - это удобный аксессуар для тех, кто хочет узнать, откуда идут $(thing)Всплески маны$(0). Монокль также позволит Вам видеть все близлежащие $(thing)Всплески маны$(0) даже сквозь стены. Более важным, пожалуй, является то, что когда Вы носите монокль и смотрите на цветок, Вы сможете увидеть его зону действия.	PASS		Текст читается естественно, ясно и соответствует английскому источнику.	292		
patchouli-lang:botania:botania.page.monocle1	sha256:56890d2ea11d4752a0822541873fd2da4aa27f64e28d1d30300037550c49450e	Why hello there old chap	Ну, привет, старина	PASS		Текст читается естественно, ясно и соответствует английскому источнику.	19		
patchouli-lang:botania:botania.page.monocle2	sha256:533e5d78f4a86439852b9afdcbf49df328a81260eddd80a8df56ba3ea4724c80	As a bonus, viewing redstone components with the $(item)Manaseer Monocle$(0) will display information about them, expediting the construction of redstone contraptions.$(p)The monocle can be used as a $(thing)Cosmetic Override$(0) to any other $(thing)Trinket$(0); when so applied, it keeps all its functionality, allowing it to be used without taking up a slot.	В качестве дополнительного бонуса, глядя на редстоун, будет отображаться текущее количество энергии в нём.$(p)Монокль может использоваться как $(thing)Косметическое переопределение$(0) для любой другой безделушки.	PASS		Текст читается естественно, ясно и соответствует английскому источнику.	197		
patchouli-lang:botania:botania.page.munchdew0	sha256:65ea83dfdc7e77207381e1564236058d6fb39f671f191f5ce8c9d5ceb49fea42	Generating the form of natural energy that is $(thing)Mana$(0) is best done from other living materials. The $(item)Munchdew$(0) will eat up any nearby $(item)Leaves$(0) and convert them into $(thing)Mana$(0).$(p)However, no saplings (or any other items) will be dropped from the leaves.	Генерирование формы естественной энергии, такой как Мана, должно проходить хорошо, когда добывается с помощью других живых материалов. Используя $(item)Жевательную росу$(0), любые $(item)листья$(0) рядом с цветком будут пережеваны и преобразованы в $(thing)ману$(0).$(p)Следует отметить, что $(item)саженцы$(0) или любые другие предметы не будут выпадать из листьев при таком уничтожении.	PASS		Текст читается естественно, ясно и соответствует английскому источнику.	339		
patchouli-lang:botania:botania.page.munchdew1	sha256:2d84405508a419c49efb1254181627841a09fb5cb0c190ff10674efa52962618	This flower outputs a hefty sum of mana per tree's worth of leaves.$(p)However, once it finishes eating all leaves in range, the $(item)Munchdew$(0) will take a brief digestive break, and will only eat again after around a minute.	Этот цветок дает здоровенное количество маны за съеденное дерево. Однако, после того, как закончит есть все доступные листья, он сделает перерыв и возобновит свою работу только через минуту.	PASS		Текст читается естественно, ясно и соответствует английскому источнику.	190		
patchouli-lang:botania:botania.page.munchdew2	sha256:d2b35693fd5846b493935c66514715fdeed0e7fefa4a7260dd5e319e3c8ba1c1	$(o)Itadakimasu~$()	$(o)Ради продления своей жизни я принимаю Вашу жизнь, жизнь растений~$(0)	PASS		Текст читается естественно, ясно и соответствует английскому источнику.	65		
patchouli-lang:botania:botania.page.mushrooms0	sha256:96d58423e39864aca0d39e644d9f6d0e0c27f8492c235a41e81036450fa5e77e	Sprinkling some $(item)Dye$(0) on a $(item)Mushrooms$(0) seems to mutate the latter. The $(item)Mushroom$(0) changes shape, takes on the color of the dye, and glows dimly; in addition, it's usable as a substitute $(l:basics/flowers)$(item)Mystical Petal$(0)$(/l). $(p)$(item)Shimmering Mushrooms$(0) can also be seldom found deep underground in isolated patches.	Посыпав $(item)Цветочное удобрение$(0) на $(item)Гриб$(0), они, кажется, имеют интересный эффект от их мутирования в цвет удобрения, приобретая новую форму и получая способность излучать тусклый свет. Они кажется, ничего не делают, но выглядят интереснее.$(p)Их также можно увидеть в шахтах.	PASS		Текст читается естественно, ясно и соответствует английскому источнику.	265		
patchouli-lang:botania:botania.page.mushrooms1	sha256:8b80bcdc98f5ee9fc47a77547de5738d251135607109ba80bf4f652ac7157a63	They don't make you bigger	Они не делают Вас больше	PASS		Текст читается естественно, ясно и соответствует английскому источнику.	24		
patchouli-lang:botania:botania.page.narslimmus0	sha256:e8ab1c74feb183618831f05376840cf1edad378399377a2a9ffb1a62d3055277	There's some unidentified power in the universe that creates $(thing)Slimes$(0) at certain points, seemingly at random. $(thing)Slime Chunks$(0), they call those points. The $(item)Narslimmus$(0) is a flower that has the ability to tap into that energy; it'll absorb $(thing)Slimes$(0) created by that power and collect all the $(thing)Mana$(0) generated by the destruction. The larger the $(thing)Slime$(0), the more $(thing)Mana$(0) is created. (It also makes a bit of a sticky mess.)	Есть какая-то неизвестная сила во вселенной, которая создает $(item)Слизь$(0) в случайных местах. Эти точки называют $(thing)Слизневыми чанками$(0). $(item)Слизевик$(0) - цветок, который умеет использовать эту энергию; он поглощает $(thing)Слизней$(0), созданных этой силой, и собирает всю $(thing)Ману$(0), образующуюся при их разрушении. Чем больше $(item)Слизень$(0), тем больше $(thing)Маны$(0) создаётся. (Также это оставляет немного липкий беспорядок.)	PASS		Текст читается естественно, ясно и соответствует английскому источнику.	377		
patchouli-lang:botania:botania.page.narslimmus1	sha256:5587acf5a6e020fc5173c4920672d44f542813032db41ae4e5255aa94b49b286	$(o)Stick around, would ye$()?	$(o)Не могли бы ли вы придерживаться$(0)?	PASS		Текст читается естественно, ясно и соответствует английскому источнику.	33		
patchouli-lang:botania:botania.page.obedienceStick0	sha256:ec161bb6f2b798b094a105d43840eaae423ca95e01dad7cd0bf0efaea70f04b1	For some inexplicable reason, a piece of $(item)Manasteel$(0) attached to some $(item)Livingwood Twigs$(0) is a thing flowers $(o)pay attention to$().$(p)When used on a $(l:mana/spreader)$(item)Mana Spreader$(0)$(/l) or $(l:mana/pool)$(item)Mana Pool$(0)$(/l), this tool (dubbed the $(item)Floral Obedience Stick$(0)) binds all nearby $(thing)Generating$(0) or $(thing)Functional$(0) flowers, respectively, to that block.$(p)A $(item)Dispenser$(0) can also use a $(item)Floral Obedience Stick$(0).	Неизвестно почему, но кусок $(item)Манастали$(0) на $(item)Ветке жизнедерева$(0) привлекает внимание цветов. При использовании на $(item)Распр-теле маны$(0) или $(item)Бассейне маны$(0), этот инструмент (названный $(item)Жезлом послушания цветов$(0)) привяжет все ближайшие $(thing)Генерирующие$(0) или $(thing)Функциональные$(0) цветы к этому блоку.$(p)$(item)Раздатчик$(0) также может использовать $(item)Жезл послушания цветов$(0).	PASS		Текст читается естественно, ясно и соответствует английскому источнику.	329		
patchouli-lang:botania:botania.page.obedienceStick1	sha256:daa3de7177c619a17877c8337c72e109e31b6b9386d24d77762aa6f10200d1e2	Generate, or else!	Генерируй, или пожалеешь!	PASS		Текст читается естественно, ясно и соответствует английскому источнику.	25		
patchouli-lang:botania:botania.page.obedienceStick_unbind	sha256:07fa218d1bf31d5ca656673602d445758b579e9155061e3c0dcdf4a69535faf4	On rare occasions it might not be desirable to have a flower pull mana from a nearby pool or output its mana to any spreader.$(p)Holding a $(item)Floral Obedience Stick$(0) while placing a flower will prevent it from automatically binding to a nearby spreader or pool. If the flower is already placed it can be unbound by using a $(item)Floral Obedience Stick$(0) on it, either manually or via a $(item)Dispenser$(0).	В редких случаях может оказаться нежелательным, чтобы цветок поглощал ману из ближайшего бассейна или передавал её в распространитель.$(p)Удерживание $(item)Жезла послушания цветов$(0) при размещении цветка предотвратит его автоматическую привязку к ближайшему распространителю или бассейну. Если цветок уже размещен, его можно отвязать, использовав $(item)Жезл послушания цветов$(0) на нём вручную или с помощью $(item)Раздатчика$(0).	PASS		Текст читается естественно, ясно и соответствует английскому источнику.	398		
patchouli-lang:botania:botania.page.odinRing0	sha256:fb7faca9df68c9014e4a63a8bb57522209c5929dde94e9e4b54e6da5b2d87394	One of the three mythical rings of the $(thing)Aesir$(0), the $(item)Ring of Odin$(0) grants its bearer the vitality and resistance of the Father God. It provides its wearer with ten extra hearts of health and indefinite protection from various kinds of elemental damage, including drowning, suffocation, fire, and starvation.	Одно из трёх мифических колец $(thing)Асов$(0), $(item)Кольцо Одина$(0) наделяет своего носителя жизненной силой и стойкостью Бога Всеотца. Оно предоставляет своему владельцу десять дополнительных сердец здоровья и бесконечную защиту от различных типов элементального урона, включая утопление, удушение, огонь и голод.	PASS		Текст читается естественно, ясно и соответствует английскому источнику.	295		
patchouli-lang:botania:botania.page.openBucket0	sha256:e892a28781313074ea445c03f533cf6f6208ca2f5c83420b0469439bcf933d0f	A bucket fashioned from $(l:alfhomancy/elf_resources)$(item)Elementium$(0)$(/l) seems to behave strangely: liquids dumped into by it simply vanish into the ether, never to be seen again. This makes it a useful tool for fluid cleanup.	Создавая ведро из $(item)элементия$(0), каждый заметит одну интересную особенность. Жидкости, налитые в это ведро просто растворятся в эфире, как будто их никогда и не было. Оно похоже на большой инструмент для уборки.	CHANGE	Ведро из $(l:alfhomancy/elf_resources)$(item)Элементия$(0)$(/l) ведёт себя странно: налитые в него жидкости просто исчезают в эфире. Поэтому им удобно убирать жидкости.	Убраны кальки и грамматические ошибки; восстановлены смысл и разметка английского источника.	207	123	0.594
patchouli-lang:botania:botania.page.openBucket1	sha256:20831e5b337a7b02eccfbe4144b3d5e16a60d704ff80d5e02d9442e856ce7acd	A Souvenir from Lewis	Сувенир от Льюиса	PASS		Текст читается естественно, ясно и соответствует английскому источнику.	17		
patchouli-lang:botania:botania.page.openCrate0	sha256:f48b4bea6b3829b6bef5583513163d593cb930b503acfdd23ae1cbd021360441	Sometimes complex devices like $(item)Droppers$(0) or $(item)Dispensers$(0) can't offer enough precision or speed. A simple solution: Make a crate, then punch a hole in its bottom.$(p)Yeah, it's that easy.$(p)The $(item)Open Crate$(0) accepts each item from a $(item)Hopper$(0) or other item outputter, and drops the item directly below it.	Иногда такие устройства как $(item)Выбрасыватель$(0) или $(item)Раздатчик$(0) не являются достаточно точными или быстрыми. Простейшее решение - это сделать ящик и пробить дыру в днище.$(p)Ага, вот так просто. $(item)Открытый ящик$(0) принимает вещи из $(item)Загрузочных воронок$(0) или других устройств загружающих предметы, и просто выбрасывает их из себя снизу.	PASS		Текст читается естественно, ясно и соответствует английскому источнику.	316		
patchouli-lang:botania:botania.page.openCrate1	sha256:438958698b136d07049e71275ccd396600f37560cf6c5bd65cab0819df2c5907	An interesting side-effect of the $(item)Open Crate$(0)'s construction is that, when given a redstone signal, any items it drops won't be picked up by flowers like the $(l:functional_flowers/hopperhock)$(item)Hopperhock$(0)$(/l), $(l:functional_flowers/rannuncarpus)$(item)Rannuncarpus$(0)$(/l), or $(l:functional_flowers/pollidisiac)$(item)Pollidisiac$(0)$(/l) for around ten seconds longer than they otherwise would.	Небольшой интересный эффект $(item)Открытого ящика$(0) заключается в следующем, когда вы подали сигнал Редстоуна, любые предметы выпавщие из ящика не будут подбираться цветами вроде $(item)Воротка$(0), $(item)Раннункарпуса$(0) или $(item)Полидизиака$(0) приблизительно на 10 секунд дольше чем обычно.	PASS		Текст читается естественно, ясно и соответствует английскому источнику.	256		
patchouli-lang:botania:botania.page.openCrate2	sha256:8d366b79e7f74fb205b0618e30d39078ee1cfa133d12e5490244d6cb3511e040	A super crate box	Супер ящик	PASS		Текст читается естественно, ясно и соответствует английскому источнику.	10		
patchouli-lang:botania:botania.page.orechid0	sha256:9b5337820fa5e5ea010f0a8d662d837cca522d2ff684b64b2f88e147ea0a1831	While going mining is well and good, a renewable and sedentary means of acquiring ores is nothing to scoff at either. The $(item)Orechid$(0) uses $(thing)Mana$(0) to synthesize $(thing)ores$(0) from nearby $(item)Stone$(0) blocks.$(p)The ores it generates are random, but rarer ores seem to be created less often.	Руду можно добыть, и это хорошая новость! Это связано с существованием возобновляемого источника получения руды. $(item)Рудноцвет$(0) будет использовать большое количество $(thing)маны$(0) для генерации $(thing)руд$(0), заменяя ей блоки $(item)камня$(0).$(p)Руды генерируются случайно, но, разумеется, чаще будут генерироваться малоценные и наиболее распространённые руды.	PASS		Текст читается естественно, ясно и соответствует английскому источнику.	322		
patchouli-lang:botania:botania.page.orechid1	sha256:70544e033e17debc222b4ade2aabfb65e2be08d40d0a6bea502e04c279540d3c	$(o)The less magical would call it a sieve$().	$(o)Менее волшебные будет называть это ситом$(0).	PASS		Текст читается естественно, ясно и соответствует английскому источнику.	41		
patchouli-lang:botania:botania.page.orechidIgnem0	sha256:c9887506cbb03a262d23fbb3a51f27a8ddf65fcc8f3b916aad58d16b0641d12e	The $(l:functional_flowers/orechid)$(item)Orechid$(0)$(/l) is a great flower; the ability to create raw ores from $(thing)Mana$(0) and $(thing)Stone$(0) can be a great boon to any sedentary botanist's life. However, it can't create ores of a more $(thing)Nether$(0)-y variety. Getting that sorted out is easy: Switching around a few petals will yield an $(item)Orechid Ignem$(0), which creates $(thing)Nether$(0) ores in $(item)Netherrack$(0) instead. The flower must be in the $(thing)Nether$(0) dimension to work.	$(item)Рудноцвет$(0) - прекрасный цветок. Способность создавать неочищенные руды с помощью $(thing)Маны$(0) может стать отличным подарком для жизни любого сидячего ботаника. Однако он не может создавать руды из $(thing)Ада$(0). В этом можно легко разобраться, немного изменив лепестки, вместо этого он создаст $(thing)Адские$(0) руды в $(item)адском камне$(0). Цветок должен быть расположен в $(thing)Нижнем мире$(0) для работы.	PASS		Текст читается естественно, ясно и соответствует английскому источнику.	358		
patchouli-lang:botania:botania.page.orechidIgnem1	sha256:4ddb03db3a242385977f90ca28326aef06da5dcaf0832a8798d07de9c2292b52	$(o)Getting hot in here$().	$(o)Горячее здесь$(0).	PASS		Текст читается естественно, ясно и соответствует английскому источнику.	14		
patchouli-lang:botania:botania.page.overgrowthSeed0	sha256:7416699e874304f9ea9150204437332758988afbd05734715240ade21c79227e	An $(item)Overgrowth Seed$(0) is an elusive item that, when planted on $(item)Grass$(0), spells it into $(item)Enchanted Soil$(0). Flowers that are planted on this $(item)Enchanted Soil$(0) will function at twice their normal speed.	$(item)Семя разрастания$(0) - неуловимый предмет, который можно использовать для зачарования куска $(item)Травы$(0), ПКМ по нему в мире, создав $(item)Зачарованная земля$(0). Цветы, которые укоренились на этой $(item)Зачарованной земле$(0), будут работать в два раза с нормальной скоростью.	CHANGE	$(item)Семя разрастания$(0) — редкий предмет: примените его на $(item)Траве$(0), и она превратится в $(item)Зачарованную землю$(0). Цветы на $(item)Зачарованной земле$(0) работают вдвое быстрее.	Убраны кальки и грамматические ошибки; восстановлены смысл и разметка английского источника.	246	150	0.610
patchouli-lang:botania:botania.page.overgrowthSeed1	sha256:386ec1b9a28b289a4128649e40c8424f8c1cb91e76050543bcab5209b9ceb23f	Unfortunately, no method of actually creating these elusive seeds is known. They have, however, allegedly been spotted by historians in ancient structures and temples. Perhaps...?	Однако, есть одна проблема. $(p)Не существует известного способа их создания. Однако они, как утверждается, были замечены историками в древних структурах и храмах. Возможно, это было бы разумной догадкой о том, где их можно найти.	PASS		Текст читается естественно, ясно и соответствует английскому источнику.	226		
patchouli-lang:botania:botania.page.pavement0	sha256:c73f9b8393af24196d93b3652f96437ac1faa91b7cbe04815759d960dc94729b	"$(item)Portuguese Pavement$(0) is a building block designed for the construction of detailed roads. It comes in various colors, and is stairable and slabbable.$(p)For those with experience in the arts of ""multiparts"" and ""microblocks"", these blocks provide a fantastic source of patterns."	$(item)Португальская плитка$(0) - тип строительного блока, предназначенный для строительства дорог. Плитка поставляется в различных цветах, все из которых можно превратить в плиты и лестницы.$(p)Для тех, кто обладает опытом в области строительства из микроблоков, эти блоки отлично подойдут для создания узоров.	PASS		Текст читается естественно, ясно и соответствует английскому источнику.	296		
patchouli-lang:botania:botania.page.pavement1	sha256:83eb5fdec91ddc38ca837ad920d9833f2187dcb9c42f6470042af2fb6a3e4ae2	These aren't slippery	Они не скользкие	PASS		Текст читается естественно, ясно и соответствует английскому источнику.	16		
patchouli-lang:botania:botania.page.phantomInk0	sha256:cdcd97f208c7c8282e732a5cb03e84ab70a76ee81be9e96a9efe22e6823b58e3	Having your beautiful skin and accessories hidden under a set of clunky armor is nobody's dream. It's bulky, flat, and worst of all, unfashionable!$(p)Luckily, splashing $(item)Phantom Ink$(0) on armor in a crafting grid will make the latter completely invisible, while still providing all of its benefits. ($(item)Phantom Ink$(0) only works on armor sets that use $(thing)Mana$(0).)	Наличие множества аксессуаров под комплектом доспехов - это не мечта. Это слишком громодно, плоско и некрасиво!$(p)К счастью, покрасив доспехи или безделушки $(item)Фантомными чернилами$(0) (совместив их в сетке крафта) Вы можете сделать их полностью невидимыми, но при этом они будут иметь те же свойства. Это будет работать только с бронёй, которая может использовать $(thing)Ману$(0).	PASS		Текст читается естественно, ясно и соответствует английскому источнику.	360		
patchouli-lang:botania:botania.page.phantomInk1	sha256:edf3a138e5b9c0175c7b055e81a85da763eca392da40a120c1c19bc06ba97161	Who you gonna call?	Кого Вы собираетесь позвать?	PASS		Текст читается естественно, ясно и соответствует английскому источнику.	28		
patchouli-lang:botania:botania.page.pistonRelay0	sha256:4ab5e97c09b9a4368bf438e37197589845f90d5952c85a067918ef93ba6a5dda	It seems that $(item)Pistons$(0) and $(thing)Mana$(0) react in strange ways. The former, when infused with the latter, becomes a $(item)Force Relay$(0), a block that tears the fabric of space. When one of these is pushed by a $(item)Piston$(0), the block it's bound to is pushed the exact same way.$(p)To bind it to a block, right-click it with a $(l:basics/wand)$(item)Wand of the Forest$(0)$(/l), then right-click on the block you want to bind it to.	Если наполнить $(item)Поршень$(0) маной, то он, в результате, получит очень интересный побочный эффект.$(p)Этот блок разрывает ткань пространства, передавая любую приложенную к нему поршневую силу, блоку который, связан с ним.	PASS		Текст читается естественно, ясно и соответствует английскому источнику.	211		
patchouli-lang:botania:botania.page.pistonRelay1	sha256:d69ca3cfd19910403bcce1d2b7da6b105aa25f66fd23a30a33da653184e2cbc3	"This block is highly unstable and may cause uncanny effects; care should be taken with it. It cannot be pulled by $(item)Sticky Pistons$(0), and does not move its bound block either when pushed by one. This allows for the building of piston ""frames"" by combining a sticky and non-sticky piston."	"Для привязки реле к блоку, щелкните ПКМ с $(item)Посохом леса$(0) на нём, а потом на блоке, который необходимо к нему привязать.$(p)Кроме того, этот блок является крайне нестабильным, и может создать сверхъестественные последствия, которые надо принять во нимание - он становится устойчив к прилипанию к липкому поршню. При этом возможна ""рамочная"" установка."	PASS		Текст читается естественно, ясно и соответствует английскому источнику.	344		
patchouli-lang:botania:botania.page.pistonRelay2	sha256:1f77ffbb57c24ba878720168a74d4aa8e07e8ceca549689f6bec2f230059ce00	Infusing a $(item)Piston$(0) with $(thing)Mana$(0).	Наполнение $(item)Поршня$(0) маной.	CHANGE	Пропитывание $(item)Поршня$(0) $(thing)Маной$(0).	Исправлена неестественная формулировка или языковая ошибка; смысл и разметка сохранены.	24	26	1.083
patchouli-lang:botania:botania.page.pixieRing0	sha256:380b895a67b19cb7d432d653490c7a8ca1b5345375c375ab71b581c79b12ff96	(Note: This ring works best alongside the $(item)Elementium Armor$(0) set; insight in the latter's abilities is advised to use this ring.)$(p)When worn, the $(item)Great Fairy Ring$(0) simply increases the chance for a $(thing)Pixie$(0) to spawn when its wearer is hit, even if no $(item)Elementium Armor$(0) is equipped.	Это кольцо работает также как $(item)Элементиевая броня$(0). Оцените её силу прежде чем использовать это кольцо. При ношении $(item)Великого кольца фей$(0) при попадании игрока по мобу, повышается шанс пояления $(thing)Пикси$(0). Кольцо работает даже если на вас не экипирована $(item)Элементиевая броня$(0).	PASS		Текст читается естественно, ясно и соответствует английскому источнику.	263		
patchouli-lang:botania:botania.page.pixieRing1	sha256:8947aea13bfea716c23e9e633d0acfd4ddaa7ffaa0a123bece2eb008150ea6d0	We got square heads, big pointy caps	Мы получили квадратные головы, и большие заостренные шапки	PASS		Текст читается естественно, ясно и соответствует английскому источнику.	58		
patchouli-lang:botania:botania.page.platform0	sha256:646c08381124a63870555b6d720d6957a3a2e6c305a59ecfb4f33d78c85edd07	When shaped into extremely specific patterns, $(l:basics/pure_daisy)$(item)Livingwood$(0)$(/l) can be crafted into a selectively-permeable block. The $(item)Abstruse Platform$(0) has a physical body only for non-sneaking entities above it; sneaking entities or those coming from below will pass right through. $(thing)Mana Bursts$(0) will also travel through a Platform without any trouble.	Используя немного $(item)Жизнедерева$(0), можно создать особую платформу, которая имеет плотность только для тех кто находится сверху и не крадётся. В любых других случаях, её как будто бы не существует. $(thing)Всплески маны$(0) всегда будут проходить сквозь неё без проблем.$(p)Также возможно замаскировать её, под любой другой простой блок, просто щелкнув ПКМ по платфоме с этим блоком в руке.	PASS		Текст читается естественно, ясно и соответствует английскому источнику.	369		
patchouli-lang:botania:botania.page.platform1	sha256:dd0dea38ddcab27c26bd2a1240e1c5c710af21f3f01cb9f1a25aab5251eae1a8	It would be Ethereal but the name was taken	Могли бы называться эфирными, но название занято...	PASS		Текст читается естественно, ясно и соответствует английскому источнику.	51		
patchouli-lang:botania:botania.page.platform2	sha256:b49bfdab6fefc3974a34772c546762183b2a6abb2b018f4c2256c3cdfbe90c67	This block can be disguised as any other simple block by simply right-clicking the former with the latter. Right-clicking a disguised platform with a $(l:basics/wand)$(item)Wand of the Forest$(0)$(/l) spreads the disguise to all adjacent non-disguised blocks. Sneak-right clicking removes all disguises.$(p)Applying $(l:misc/phantom_ink)$(item)Phantom Ink$(0)$(/l) to a platform makes it completely invisible while retaining its other properties.	ПКМ с $(item)Посохом леса$(0) на платформе с установленнным блоком, заменит все рядомстоящие платформы без блоков, платформами с этим блоком. $(p)Shift+ПКМ удалит все блоки из всех рядомстоящих платформ с блоками.	PASS		Текст читается естественно, ясно и соответствует английскому источнику.	198		
patchouli-lang:botania:botania.page.pollidisiac0	sha256:beb7dde711080facb67bac2857f2f40bd6a8f149a495a9743a7a86b4d8f93e8b	Animals love eating. That's all they seem to do, really. Strangely enough, though, they only eat things that are fed to them.$(p)The $(item)Pollidisiac$(0) will simply do just that; it uses mana to feed nearby food items on the ground ($(item)Wheat$(0), $(item)Carrots$(0), etc.) to animals within range, putting them in $(o)better moods$().	Животные любят поесть, иногда кажется, что это единственное их занятие. Однако, что странно, они едят только то, что им дают.$(p)$(item)Поллидизиак$(0), используя немного маны, только этим и занимается. Любой близлежащий подходящий корм ($(item)Пшеница$(0), $(item)Морковь$(0), и т.п.) будет скормлен животному, одаряя его $(o)романтическим настроением$(0).	PASS		Текст читается естественно, ясно и соответствует английскому источнику.	312		
patchouli-lang:botania:botania.page.pollidisiac1	sha256:86e73f1009f2adb9a171f42fca6e647dfe9328988ccec0fb07be78dfc9c3123d	$(o)Hell's Kitchen$().	$(o)Адская кухня$(0).	PASS		Текст читается естественно, ясно и соответствует английскому источнику.	13		
patchouli-lang:botania:botania.page.pollidisiac2	sha256:be395c77e486b0db2d2990d8d81744c24cbb779e7b08e3056ce4a63260776835	Sneak-right clicking (or using a $(item)Dispenser$(0)) on the flower with a $(l:basics/wand)$(item)Wand of the Forest$(0)$(/l) in $(thing)Function Mode$(0) toggles whether the flower feeds just adults, just babies, or all animals.	Shift+ПКМ (или использование $(item)Раздатчика$(0)) с $(l:basics/wand)$(item)Посохом Леса$(/l) в $(thing)Функциональном режиме$(0) по цветку переключает режим подачи пищи: только взрослым, только детёнышам или всем животным.	PASS		Текст читается естественно, ясно и соответствует английскому источнику.	173		
patchouli-lang:botania:botania.page.pool0	sha256:873a29ccd136c3f7f4a1ae5e97e624c2f09aae468072aaa8a116edd2e104b9a2	The $(item)Mana Pool$(0) is, simply put, a storage for $(thing)Mana$(0).$(p)It accepts mana from $(l:mana/spreader)$(item)Mana Spreaders$(0)$(/l), and any adjacent ones will fill from it automatically.$(p)All $(thing)Functional Flora$(0) require a nearby $(item)Mana Pool$(0) to draw power from.	$(item)Бассейн$(0) - это, по сути, хранилище $(thing)Маны$(0). Поместить ее в бассейн можно при помощи $(item)Распространителей$(0), а если этот $(item)Распространитель$(0) стоит к нему вплотную, то он будет извлекать ману из бассейна, при этом автоматически увеличив свой внутренний буфер. Всем $(thing)Функиональным Цветам$(0) для работы нужен $(item)Бассейн Маны$(0) поблизости, чтобы выкачивать из него энергию.	CHANGE	$(item)Бассейн маны$(0) — это хранилище $(thing)Маны$(0).$(p)Он принимает ману от $(l:mana/spreader)$(item)Распространителей маны$(0)$(/l), а соседние распространители автоматически наполняются из него.$(p)Всем $(thing)Функциональным цветам$(0) нужен поблизости $(item)Бассейн маны$(0), из которого они получают энергию.	Исправлены термины, грамматика и структура.	347	232	0.669
patchouli-lang:botania:botania.page.pool1	sha256:d2fa5ddd4700d1a0ca5bfe81e677a93dccec5bed01aa2dbad0b1de0ecda0d350	Making a $(item)Mana Pool$(0).	Создание $(item)Бассейна маны$(0).	CHANGE	Создание $(item)Бассейна маны$(0)	Исправлены регистр и пунктуация без изменения смысла.	23	22	0.957
patchouli-lang:botania:botania.page.pool10	sha256:faedcc2ce95bdf923125181bea39ec1fedb1216e7d04179a1e81f046d79c01a4	Making a $(item)Diluted Mana Pool$(0)	Создание $(item)Бассейна разбавленной маны$(0)	PASS		Текст читается естественно, ясно и соответствует английскому источнику.	35		
patchouli-lang:botania:botania.page.pool11	sha256:7a50f5f52c89e1d9f86529643c83bf596282efe2d59324949806a80365ec5ff2	Infusing $(item)Managlass$(0): clear seamless glass	Создание $(thing)полностью$(0) прозрачного $(item)Манастекла$(0).	PASS		Текст читается естественно, ясно и соответствует английскому источнику.	42		
patchouli-lang:botania:botania.page.pool12	sha256:7a9eb99d4cdae785a0b99d24e74bdb944286354ba0dbccfce2150fe5e46334e3	Infusing $(item)String$(0)	Наполнение $(item)нити$(0) маной	PASS		Текст читается естественно, ясно и соответствует английскому источнику.	21		
patchouli-lang:botania:botania.page.pool13	sha256:271bebb55708f78fcb52debf5e417df0875cf31781c7e2c02858f4004cfe7a85	Using $(item)Mana Infused String$(0) to make $(item)Cobwebs$(0)	Можно использовать эту нить для создания $(item)Паутины$(0)	PASS		Текст читается естественно, ясно и соответствует английскому источнику.	48		
patchouli-lang:botania:botania.page.pool14	sha256:68a21c13a3f8ad9b22501443ad9240e7aa1cc4d14305c8f23e986fb867bce9c0	The $(item)Diluted Mana Pool$(0) can be useful as a small buffer for a flower or system that doesn't use much $(thing)Mana$(0), as a normal pool holds a $(o)lot$() of it. Thanks to that, $(thing)Mana$(0) readings for a normal pool won't be very precise: due to its scale, the displayed bar's size on a normal pool will increase very slowly.	$(item)Бассейн разбавленной маны$(0) может пригодится, когда Вам понадобится небольшой буфер для цветка или системы, которая потребляет мало $(thing)маны$(0) - обычный бассейн хранит слишком много. Кстати из-за этого показатели $(thing)маны$(0) в обычном бассейне не будут абсолютно точными, и не пугайтесь, что шкала маны так долго растет - просто хранилище большое.	CHANGE	$(item)Бассейн разбавленной маны$(0) пригодится как небольшой буфер для цветка или системы, которым нужно мало $(thing)маны$(0): обычный бассейн хранит $(o)очень много$() $(thing)маны$(0). Поэтому шкала маны обычного бассейна растёт очень медленно и показывает её количество неточно.	Убраны кальки и тяжёлые обороты; термины и разметка Original сохранены.	332	241	0.726
patchouli-lang:botania:botania.page.pool2	sha256:746862bf2ebb11fd9dd23acc283526ea13374cfb482740acc18ecf771cfd1080	Tossing certain resources into a $(item)Mana Pool$(0) will infuse them with $(thing)Mana$(0) from the pool, turning them into more magically-useful forms, like $(item)Manasteel Ingots$(0) or $(item)Mana Pearls$(0).$(p)A $(thing)Wand of the Forest$(0) can read the $(thing)Mana$(0) levels in a pool, much like a $(l:mana/spreader)$(item)Mana Spreader$(0)$(/l). A $(item)Redstone Comparator$(0) can also output a signal based on percentage full.	Кинув некоторые ресурсы в $(item)Бассейн$(0), Вы наполните их $(thing)маной$(0) и превратите в более мощный материал. Примером этому является $(item)Слиток манастали$(0) и $(item)Жемчуг маны$(0). Кол-во $(thing)маны$(0) в бассейне можно узнать тем же способом, что и у $(item)Распространителя$(0).$(p)Кстати $(item)Компоратор$(0) может выводить сигнал в зависимости от кол-ва маны в бассейне.	CHANGE	Брошенные в $(item)Бассейн маны$(0) ресурсы насыщаются $(thing)Маной$(0) и принимают более полезную магическую форму, например превращаются в $(item)Слитки манастали$(0) или $(item)Жемчуг маны$(0).$(p)$(thing)Посохом Леса$(0) можно проверить уровень $(thing)Маны$(0) в бассейне, как у $(l:mana/spreader)$(item)Распространителя маны$(0)$(/l). $(item)Редстоуновый компаратор$(0) выдаёт сигнал в зависимости от заполненности бассейна.	Исправлены грамматика и сокращения.	309	313	1.013
patchouli-lang:botania:botania.page.pool3	sha256:9d1c3bf59c42a367765c3f2486be6b43fbc482ffe4416caf20d27f5f19f69d2e	Infusing $(item)Manasteel$(0)	Создание $(item)Манастали$(0)	PASS		Текст читается естественно, ясно и соответствует английскому источнику.	18		
patchouli-lang:botania:botania.page.pool4	sha256:ed5e384ecfac7c8197a9c57b19863d8d092ff58bb27731b85bb693b89ee7b874	Infusing $(item)Mana Pearls$(0)	Создание $(item)Жемчуга маны$(0)	PASS		Текст читается естественно, ясно и соответствует английскому источнику.	21		
patchouli-lang:botania:botania.page.pool5	sha256:9f1d232cbe2b4bf46116dd7454d596098176be38a1bfe810b76022447c60e6c6	Infusing $(item)Mana Diamonds$(0)	Создание $(item)Маналмазов$(0)	PASS		Текст читается естественно, ясно и соответствует английскому источнику.	19		
patchouli-lang:botania:botania.page.pool6	sha256:7f1fb62bbd71e95ae49edc725d15589448e1aacbf3a22d451c303902bffcbaa1	Infusing $(item)Mana Powder$(0)	Создание $(item)Порошка маны$(0)	PASS		Текст читается естественно, ясно и соответствует английскому источнику.	21		
patchouli-lang:botania:botania.page.pool7	sha256:711db57f49e3e59f704851174171f73c3e6cdf01ac49afe652e03ed6b5f4aca7	A total space biscuit	Ну просто космическое печенье!	PASS		Текст читается естественно, ясно и соответствует английскому источнику.	30		
patchouli-lang:botania:botania.page.pool8	sha256:085a9563335f4df0f7ab51111a95324ca35771c66013ec485673dee2d476ef91	$(item)Manasteel Ingots$(0) can be crafted into blocks or nuggets through the usual recipes.$(p)Right-clicking with any color of $(item)Mystical Petal$(0) on a pool will have give the pool its color, for decoration or easier labelling. You can wash the color off again with a $(item)Clay Ball$(0).	Слитки $(item)манастали$(0), как и прочие слитки, можно превратить в блоки или самородки при помощи обычного верстака.$(p)Для красоты Вы можете нажать ПКМ по $(item)Бассейну$(0) любым $(item)Цветочным порошком$(0), чтобы покрасить его в один из шестнадцати цветов. Удобно в качестве украшения, а также для того, чтобы различать бассейны.	CHANGE	$(item)Слитки манастали$(0) можно обычным способом собрать в блоки или разделить на самородки.$(p)Нажмите ПКМ по бассейну любым $(item)Мистическим лепестком$(0), чтобы окрасить его для украшения или удобной маркировки. Смыть цвет можно $(item)Комком глины$(0).	Восстановлен пропущенный способ смыть цвет.	300	223	0.743
patchouli-lang:botania:botania.page.pool9	sha256:ea2263057d7a1e29c6236f7cb8760a5004e3f54b3e8976cb0e94a9e8b2fdf5cb	"$(item)Mana Pools$(0) come in two types: a weaker, $(item)Diluted$(0) variety which stores a very small amount of $(thing)Mana$(0), and a $(item)Normal$(0) variety, which stores a hundred times more than the diluted kind.$(p)Whenever ""Mana Pool"" is referred to elsewhere, it refers to a normal one."	"Существует два типа $(item)Бассейнов$(0): $(item)Бассейн разбавленной маны$(0), способный хранить небольшое ее количество, и $(item)Обычный$(0) бассейн, хранящий в себе в 100 раз больше маны, чем его слабая версия.$(p)Всякий раз, когда упоминается ""Бассейн Маны"", имеется в виду обычный бассейн."	CHANGE	Существуют два вида $(item)бассейнов маны$(0): $(item)разбавленный$(0), который хранит лишь немного $(thing)маны$(0), и $(item)обычный$(0), который хранит в сто раз больше, чем разбавленный.$(p)Всякий раз, когда упоминается «бассейн маны», имеется в виду обычный бассейн.	Убраны кальки и тяжёлые обороты; термины и разметка Original сохранены.	258	222	0.860
patchouli-lang:botania:botania.page.poolCart0	sha256:d2c8afaa13f94242340afc90b5771bdd70fefd2c4cb997ca10af2e0f01bb65ec	What could be an easier way to transport $(thing)Mana$(0) over large distances than attaching a $(l:mana/pool)$(item)Mana Pool$(0)$(/l) to a $(item)Minecart$(0)? It's simple! Similar to other types of carts in most respects, a $(item)Minecart with Mana Pool$(0) can store and transport, well, $(thing)Mana$(0). On rails.$(p)Breaking a cart with any $(thing)Mana$(0) in it will lose all contained $(thing)Mana$(0), so be careful.	Какой может быть более простой способ транспортировки $(thing)Маны$(0) на большие расстояния, чем прикрепить $(item)Бассейн маны$(0) к $(item)Вагонетке$(0)? Это просто. Подобно другим типам вагонеткам, можно создать $(item)Вагонетку с бассейном маны$(0), который может хранить и транспортировать $(thing)Ману$(0) на рельсах. Разрушение тележки пока там есть мана, привлечет за собой уничтожение всей маны.	PASS		Текст читается естественно, ясно и соответствует английскому источнику.	348		
patchouli-lang:botania:botania.page.poolCart1	sha256:1bd45082dfd33946da377bcba87cbde78a8ba92032d153167d2b2fd843e957d1	Transferring $(thing)Mana$(0) between a cart and a pool is done with a $(item)Mana Pump$(0). These can face in any of the four cardinal directions, and will transfer $(thing)Mana$(0) between an adjacent pool and a cart-with-pool on the opposite side.$(p)The transfer rate is extremely fast due to the mechanical nature of the pump-- so fast that overflow is possible, which can cause up to a whole diluted pools' worth of $(thing)Mana Loss$(0).	Передача $(thing)Маны$(0) между тележкой и бассейном осуществляется с помощью $(item)Мана насос$(0). Он может столкнуться с любым из четырех основных направлений и передать $(thing)Ману$(0) между прилегающим к нему бассейном и тележкой с бассейном на рельсе, противоположном целевому пулу. Скорость передачи очень быстра из-за механического характера, переполнение возможно, вызывая $(thing)Потери маны$(0).	CHANGE	Для передачи $(thing)Маны$(0) между вагонеткой и бассейном служит $(item)Мана-насос$(0). Он направляется в одну из четырёх сторон и переносит $(thing)Ману$(0) между соседним бассейном и вагонеткой с бассейном на противоположной стороне.$(p)Механический насос работает очень быстро, поэтому возможна перегрузка с потерей вплоть до целого разбавленного бассейна $(thing)Маны$(0).	Исправлены кальки и восстановлена величина возможной потери.	360	326	0.906
patchouli-lang:botania:botania.page.poolCart2	sha256:3d1b71b31f80079f33893d8833f1100212891aa033d997b59c317b221a368397	$(thing)Mana$(0) will flow from the blue side of the pump in the direction of the arrow.$(p)The pump can be turned off with a redstone signal, and an attached $(item)Comparator$(0) will measure the amount of $(thing)Mana$(0) in the cart.$(p)Lastly, a pool on a cart serves purely for transport, and can not receive, send, transfer, or infuse any items with its $(thing)Mana$(0).	Сторона насоса, куда направляется $(thing)Мана$(0), является розовой, а вход $(thing)Маны$(0) - с синей стороны. Насос можно отключить с помощью редстоуна, а $(item)Компаратор$(0) на нем будет выводить, сколько $(thing)Маны$(0) существует в тележке . Наконец, вагонетка с бассейном маны служит исключительно для транспорта и не может получать, отправлять, передавать или вставлять какие-либо предметы с помощью $(thing)Маны$(0).	CHANGE	$(thing)Мана$(0) течёт от синей стороны насоса по направлению стрелки.$(p)Насос можно отключить редстоун-сигналом, а подключённый $(item)Компаратор$(0) измеряет количество $(thing)Маны$(0) в вагонетке.$(p)Бассейн в вагонетке служит только для перевозки: он не принимает, не отправляет, не передаёт и не насыщает предметы своей $(thing)Маной$(0).	Исправлено ошибочное описание сторон и упрощена фраза.	369	290	0.786
patchouli-lang:botania:botania.page.poolCart3	sha256:6a506320231a282d01bd966216e831d94fa1cc7d272d4db69995843f0e7e07d0	I like trains	Мне нравятся поезда	PASS		Текст читается естественно, ясно и соответствует английскому источнику.	19		
patchouli-lang:botania:botania.page.poolCart4	sha256:6f29907f271336146092124aa18fb2f7d29121c2a88113f6ab52fbbb94a27668	This is not a pipe	Это не труба	PASS		Текст читается естественно, ясно и соответствует английскому источнику.	12		
patchouli-lang:botania:botania.page.preventingDecay0	sha256:9390298f3fb0c5b160498935d79cb139aef28e1c47358b4bbba61862b9c26e59	no	нет	PASS		Текст читается естественно, ясно и соответствует английскому источнику.	3		
patchouli-lang:botania:botania.page.prism0	sha256:03b2983f0e8ee112adcab58b9a80ae83ab9778fbf62c894f464f2b993d75850a	$(l:mana/lens)$(item)Mana Lenses$(0)$(/l) manipulate $(thing)Mana Bursts$(0) to provide certain powers. The $(item)Mana Prism$(0) extends this functionality to switch a burst's lens effects on the fly.$(p)With a $(l:devices/spectral_platform)$(item)Spectral Platform$(0)$(/l) as a component, this block does not have a physical presence; entities and bursts can pass through it as if it weren't there.	Концепция $(item)Линз маны$(0) позволяет манипулировать мощью, созданной с помощью $(thing)Вспышкой маны$(0), $(item)Призма маны$(0) работает над этой технологией, чтобы позволить пучку иметь эффект линз, включенного на лету. Используйте $(item)Спектральной платформы$(0) в качестве компонента. Этот блок не имеет физического присутствия, сущности и всплески могут проходить через него, как если бы он не существовал.	PASS		Текст читается естественно, ясно и соответствует английскому источнику.	372		
patchouli-lang:botania:botania.page.prism1	sha256:c3f282175626508c10e7cbb1f90fad1f6ebc9d875cacf996a2dfa886d7647294	Right-clicking a prism with any variety of $(item)Mana Lens$(0) places the lens in the prism. Whenever a $(thing)Mana Burst$(0) passes through the prism, its color and effect will be set to that of the lens in the prism (if the lens is not dyed, the burst will turn white).$(p)Using any of the four basic lenses in the prism will also increase the time before the burst starts losing $(thing)Mana$(0), allowing it to go further.	Щелчок ПКМ с любым разнообразием линзы $(item)Маны$(0) устанавливает объектив в призму. Всякий раз, когда $(thing)Вспышка маны$(0) проходит сквозь призму, ее цвет и эффект будет соответствовать цвету линзе в призме. Если линза не окрашена, то всплеск станет белым. Использование любой из четырех основных линз также увеличивает время всплеска до потери $(thing)Маны$(0), что позволяет ему двигаться дальше.	PASS		Текст читается естественно, ясно и соответствует английскому источнику.	371		
patchouli-lang:botania:botania.page.prism2	sha256:3ab05893e516121b88c857cb78d08d0c2744fad5c941f1a377e78474d92fa21a	It can be disabled with a redstone signal.	Её также можно отключить с помощью сигнала красного камня	PASS		Текст читается естественно, ясно и соответствует английскому источнику.	57		
patchouli-lang:botania:botania.page.prism3	sha256:0f112129cc9be01caf1b74eb6d949fd063a7875f2267df60d6a451e761bd95df	Another pixel in the wall	Ещё один пиксель в стене	PASS		Текст читается естественно, ясно и соответствует английскому источнику.	24		
patchouli-lang:botania:botania.page.pureDaisy0	sha256:258370733e319a9a2d033800c9b71505c0b4aa08d0bbd40830882564bc339194	Far from being just the most basic, the $(item)Pure Daisy$(0) is the most important flower a botanist can have.$(p)This flower will purify any adjacent $(item)Wood$(0) and $(item)Stone$(0) blocks (as seen on the next page) into their purified counterparts, $(item)Livingwood$(0) and $(item)Livingrock$(0). These resources are important crafting materials throughout a botanist's career.	$(item)Чистая Маргаритка$(0) - это не только самый первый, но и самый важный цветок для ботаника.$(p)Этот цветок, как показано на след. странице, будет очищать и превращать стоящие вплотную блоки $(item)Дерева$(0) и $(item)Камня$(0) в их очищенные версии: $(item)Жизнедерево$(0) и $(item)Жизнекамень$(0), которые потом пригодятся Вам для создании многих вещей.	PASS		Текст читается естественно, ясно и соответствует английскому источнику.	301		
patchouli-lang:botania:botania.page.pureDaisy1	sha256:ca5aa982d90e176f6b1577eaf84d598c928af906e528f54c6754125e31807753	Just give it $(thing)a minute$(0) or so...	Просто дайте ей $(thing)минуту$(0) или около того...	PASS		Текст читается естественно, ясно и соответствует английскому источнику.	40		
patchouli-lang:botania:botania.page.pureDaisy2	sha256:5e0a55d07ad88992339f680ed4ecefbcf1463a73580811b2f2c182331c2cab01	$(item)Livingwood$(0) can be turned into twigs	$(item)Жизнедерево$(0) можно переделать в ветки	PASS		Текст читается естественно, ясно и соответствует английскому источнику.	36		
patchouli-lang:botania:botania.page.pureDaisy3	sha256:ba16d78df28e0b4c196ea2b4fcd291b8829e4235503d40ce35d31c328ec3969d	A blank canvas to start your adventure	Белый лист бумаги для начала ваших приключений	CHANGE	Чистый холст для начала приключений	Исправлены смысловые потери, маркеры и неестественные формулировки.	46	35	0.761
patchouli-lang:botania:botania.page.pureDaisy4	sha256:04288c2178ca454c502b5f713834510701a5b3a3b92a31afb529c9055cd1baeb	A few other blocks can also be purified by placing them around the flower. While not as unique and essential as the living blocks, these recipes still can come in handy.$(p)$(item)Netherrack$(0) purifies into $(item)Cobblestone$(0), $(item)Soul Sand$(0) into $(item)Sand$(0), $(l:misc/blaze_block)Blaze Mesh$(/l) into $(item)Obsidian$(0), $(item)Water$(0) into $(item)Snow$(0), $(item)Ice$(0) into $(item)Packed Ice$(0), $(item)Packed Ice$(0) into $(item)Blue Ice$(0), and $(item)End Stone$(0) into $(item)Cobbled Deepslate$(0) (releasing a small cloud of $(l:ender/ender_air)Ender Air$(/l) in the process).	Некоторые другие блоки также можно очистить, поставив их вокруг этого цветка. Они, конечно, не превратятся в уникальные и необходимые блоки, как, например, жизнекамень, но порой могут пригодится. С помощью цветка можно переделать $(item)Адский камень$(0) в $(item)Булыжник$(0), $(item)Песок душ$(0) в $(item)Песок$(0), $(l:misc/blaze_block)Светильник ифрита$(/l) в $(item)Обсидиан$(0), Лёд$(0) в $(item)Плотный лёд$(0), а также $(item)Воду$(0) в $(item)Снег$(0).	PASS		Текст читается естественно, ясно и соответствует английскому источнику.	344		
patchouli-lang:botania:botania.page.pylon0	sha256:9feb3ffeae70ca982fd3a4bedae7afae1b8529e6ec79c75590028f172bba28e0	A $(item)Mana Pylon$(0) is a structure that pulls natural energies from the earth and uses them to power enchanting processes.$(p)Setting one adjacent to an $(item)Enchanting Table$(0) as if it was a $(item)Bookshelf$(0) will dramatically increase the power of the table: just two pylons are enough for a table to reach $(thing)Level 30$(0).	$(item)Пилон маны$(0) это структура, которая вытягивает энергию из земли и использует её для магического зачарования.$(p)Уникальность заключается в том, что пилоны, установленные рядом со $(item)Столом Зачарования$(0), будут иметь свойства $(item)книжных шкафов$(0), резко увеличивая мощность зачарования. Двух пилонов будет достаточно для того чтобы достичь $(thing)30 уровня$(0) зачарования.	PASS		Текст читается естественно, ясно и соответствует английскому источнику.	344		
patchouli-lang:botania:botania.page.pylon1	sha256:451d3d839aaf63503066431e13c861ee7758f156662fabcabb0e0637b406f659	$(o)You must construct additional pylons!$()	$(o)Нужно построить больше пилонов!$(0)	PASS		Текст читается естественно, ясно и соответствует английскому источнику.	31		
patchouli-lang:botania:botania.page.rafflowsia0	sha256:eb338ffbd42d61cc4a82e756531f97f904d31b2af553a7aa3a2bd4dcaf3560cb	The $(item)Rafflowsia$(0) functions similarly to a $(l:generating_flowers/kekimurus)$(item)Kekimurus$(0)$(/l), but eats $(item)man-made flowers$(0) in the $(l:basics/apothecary)$(item)Petal Apothecary$(0)$(/l) instead. It'll consume any nearby placed flowers and synthesize $(thing)Mana$(0) from them.$(p)While feeding it the same flower several times in a row yields diminishing returns, feeding it a large variety of them can yield ludicrous quantities of $(thing)Mana$(0).	$(item)Рафловзия$(0) функционирует, подобно $(item)Кикиморусу$(0), с любыми  цветами, $(item)созданными руками человека$(0) в $(item)Лепестковом аптекаре$(0). Она будет потреблять любые размещённые поблизости цветы и синтезировать из них $(thing)Ману$(0).$(p)Хотя кормление её одним и тем же цветком несколько раз подряд снижает эффективноть, разнообразие в цветах может принести невероятные количества $(thing)Маны$(0).	PASS		Текст читается естественно, ясно и соответствует английскому источнику.	348		
patchouli-lang:botania:botania.page.rafflowsia1	sha256:c37394eda822fc68b4f29e690a5c25499fde68327dd72e95aa253b8978bab901	$(o)A New Dawn, you could say$().	$(o)Новый Рассвет, вы могли бы сказать$(0).	PASS		Текст читается естественно, ясно и соответствует английскому источнику.	35		
patchouli-lang:botania:botania.page.rainbowRod0	sha256:fa91f4aff03f4a246c9e94e10fdb7a6173d7b0bcf8360ed2b3f08939901a94ca	The $(thing)Bifrost$(0) is the legendary rainbow bridge that connects our world and the realm of the gods.$(p)While the $(item)Rod of the Bifrost$(0) can't really do $(o)that$(), it allows wielder to summon a rainbow bridge from $(thing)Mana$(0) in the direction they look.	$(thing)Биврёст$(0), это радужный мост между нашим миром и царством богов.$(p)$(item)Жезл Биврёста$(0) позволяет держателю, по щелчку ПКМ, и используя немного $(thing)маны$(0), создать радужный мост в направлении взгляда игрока.	PASS		Текст читается естественно, ясно и соответствует английскому источнику.	189		
patchouli-lang:botania:botania.page.rainbowRod1	sha256:a8e635367979a1c860d80907a77cc7375838cea100a89da370167a09c512c21a	This bridge can extend up to a hundred blocks away, and will vanish after about thirty seconds.$(p)Only one bridge can be created for any given $(item)Rod of the Bifrost$(0) at a time; as soon as the old bridge vanishes, a new one can be created.	Этот мост может простираться на сотню блоков и исчезнет через 15 секунд после создания.$(p)Только один мост может быть создан каждым имеющимся $(item)Жезлом Биврёста$(0), и новый можно будет создать лишь после того как старый мост исчезнет.	PASS		Текст читается естественно, ясно и соответствует английскому источнику.	225		
patchouli-lang:botania:botania.page.rainbowRod2	sha256:8b1e4e8cb4cef553b92d4e3e4f6c0ac7f57cc2f13d8d40212cad3ad906b279e4	Going my way!! Cut open a path and go!	Иди своим путем!! Прорвись и иди!	PASS		Текст читается естественно, ясно и соответствует английскому источнику.	33		
patchouli-lang:botania:botania.page.rainbowRod4	sha256:dff60592f664131be1089390249a96d2388a559535acf322065c18e792169624	Rainbow $(item)Shimmerrock$(0)	Радужный $(item)Жизнекамень$(0)	PASS		Текст читается естественно, ясно и соответствует английскому источнику.	20		
patchouli-lang:botania:botania.page.rainbowRod5	sha256:f14e5b368a28761d15c0a5080938b3a5d6dbcd88344629031405543f1c4848f9	Rainbow $(item)Shimmerwood Planks$(0)	Радужные $(item)Доски из древесины мечтаний$(0)	PASS		Текст читается естественно, ясно и соответствует английскому источнику.	36		
patchouli-lang:botania:botania.page.rainbowRod6	sha256:72d3fc628355852834d736c047db3c4a972038c21d6dd8e70c99ed9d9a671188	This rod can be given to a $(l:devices/avatar)$(item)Livingwood Avatar$(0)$(/l). An avatar holding one will use its $(thing)Mana$(0) to create a rainbow bridge along its line of sight whenever a player approaches.	Этот жезл может быть дан $(item)Тотему из жизнедерева$(0). Когда это будет сделано, тотем будет создавать радужный мост в направлении своего взгляда, когда игрок пытается пройти в этом направлении.$(p)Этот процесс использует $(thing)Ману$(0) из Тотема, и его можно отключить, применив к нему сигнал красного камня.	PASS		Текст читается естественно, ясно и соответствует английскому источнику.	287		
patchouli-lang:botania:botania.page.rainbowRod7	sha256:effebc3f9764128dc0df23d21f8a393d5f513f3b9d6bdd3d4a87de889d0d1711	$(item)Fabulous Mana Pool$(0)! Stores as much as a normal one	$(item)Мифический бассейн маны$(0)! Содержит как 1 нормальный	PASS		Текст читается естественно, ясно и соответствует английскому источнику.	50		
patchouli-lang:botania:botania.page.rannuncarpus0	sha256:79ca3d8122b55a29c1a967ea7e2d61da29cb5fc20c321e59f29fa306d5620c53	Quite a handy flower indeed, the $(item)Rannuncarpus$(0) will pick up nearby placeable items and place them within a large radius around itself as blocks, preferably facing them towards itself. However, it will only place blocks on top of a specific block type at a time; to specify this block, place it right below the soil the flower rests on.	$(item)Раннункарпус$(0) по настоящему удобный цветок. Он будет принимать любые, брошенные рядом, предметы и блоки и помещать их в окружающий мир. Однако, он будет ставить эти брошенные блоки только на специальный блок. Чтобы определить этот специальный блок, нужно разместить его прямо под почву, на которой растёт цветок.	PASS		Текст читается естественно, ясно и соответствует английскому источнику.	311		
patchouli-lang:botania:botania.page.rannuncarpus1	sha256:1c0022a45fe1bf50e8ae20f1d431e2d67a4735b923bccf6c20f8eb5c55d0a1de	Items such as $(item)Sugar Cane$(0) can be placed as well, but only where a player could.$(p)$(thing)Mana$(0) for the flower is optional, but will increase its range if provided.$(p)Finally, placing item frames on the block under the soil will restrict the items the $(item)Rannuncarpus$(0) will pick up, similarly to a $(l:functional_flowers/hopperhock)$(item)Hopperhock$(0)$(/l).	Многоблочные предметы, такие как $(item)Сахарный тросник$(0) также будут установлены, но как и многие другие блоки, будут размещены только в месте, где они обычно могли бы быть размещеными.$(p)$(thing)Мана$(0) для цветка не обязательна, но увеличивает диапазон установки блоков.$(p)Наконец, размещение рамок для предметов на блоке под землёй ограничит предметы, которые $(item)Ранункарпус$(0) будет подбирать, аналогично $(l:functional_flowers/hopperhock)$(item)Воротку$(0)$(/l).	PASS		Текст читается естественно, ясно и соответствует английскому источнику.	387		
patchouli-lang:botania:botania.page.rannuncarpus2	sha256:4c787a0ca3aefd57edfdb73485da418ea73cc7f260787d5a3fc6095aa461c4c2	$(o)Find it in a sandpit$()?	$(o)Найди его в песочнице$(0)?	PASS		Текст читается естественно, ясно и соответствует английскому источнику.	22		
patchouli-lang:botania:botania.page.reachRing0	sha256:1677158cbe8cee58003408276dbbdfa6536e55ceac060700a6199095d5e4e3dc	"""If you tap into the power of your Pride, nothing will be out of your reach.""$(p)When the $(item)Ring of Far Reach$(0) is worn, the maximum distance from which its wearer can interact with blocks is increased by about three blocks."	Благодаря силе своего Прайда, ничего на свете не останется вне зоны досягаемости. При ношении $(item)Кольца дальнего богатства$(0), в три раза увеличится максимальное расстояние с которого игрок может ломать блоки и взаимодействовать с ними, а также при нападении и взаимодействии с существами.	CHANGE	«Обратись к силе своей Гордости, и всё окажется в пределах досягаемости».$(p)Когда надето $(item)Кольцо дальнего богатства$(0), владелец может взаимодействовать с блоками примерно на три блока дальше.	Исправлена фактическая ошибка: речь о трёх блоках, а не трёхкратной дальности.	283	185	0.654
patchouli-lang:botania:botania.page.reachRing1	sha256:e81579979a4ab9baacd9b6f0ae16d1fc2c1093fb4551998aa8a5c4e2cceee96d	Fire and Blood	Огонь и Кровь	PASS		Текст читается естественно, ясно и соответствует английскому источнику.	13		
patchouli-lang:botania:botania.page.redString0	sha256:4d4a246c7b2abab8c17cc30df65a1b46c72391142e964705f42f8925541cf5e1	Lore of old says that the gods connect people who will affect each others' lives with a red string, tied between their ankles.$(p)While blocks aren't people, they don't need gods to be connected. Instead, they can be linked with a material called ($(o)of course$()) $(item)Red String$(0).	По легендам, боги связывают красной нитью лодыжки людей, которым суждено влиять на жизнь друг друга.$(p)Хотя блоки и не являются людьми, им не нужны боги, чтобы быть связанными. Вместо этого они могут быть соединены с помощью материала под названием ($(o)разумеется$()) $(item)Красная Нить$(0).	PASS		Текст читается естественно, ясно и соответствует английскому источнику.	272		
patchouli-lang:botania:botania.page.redString1	sha256:c4495bc4dff97233da810ad56ef97b1eafcdcab132ca3b1e00dbfe7429e3dc32	Each $(thing)Red Stringed$(0) block has a different criterion for what it'll bind to, but all have a range of about eight blocks. If a block is bound, its String can be viewed by holding a $(l:basics/wand)$(item)Wand of the Forest$(0)$(/l).$(p)The $(thing)Red String$(0) won't be affected by intervening blocks, but $(item)Red Stringed$(0) blocks can't be chained.	Каждый блок с $(thing)Красной нитью$(0) имеет свои критерии для привязки, но все они имеют радиус действия около восьми блоков. Если блок привязан, его Нить можно увидеть, удерживая $(l:basics/wand)$(item)Посох Леса$(0)$(/l).$(p)$(thing)Красная Нить$(0) не будет затронута блоками, находящимися на пути, но блоки с $(item)Красной нитью$(0) не могут быть соединены друг с другом.	PASS		Текст читается естественно, ясно и соответствует английскому источнику.	307		
patchouli-lang:botania:botania.page.redString10	sha256:1c08de9cdff9dd8a2003713c986fae8b9b1741fe45816c2c8f4f3277ada8f988	The $(item)Red Stringed Comparator$(0).	$(item)Компаратор с красной нитью$(0).	PASS		Текст читается естественно, ясно и соответствует английскому источнику.	27		
patchouli-lang:botania:botania.page.redString11	sha256:80b7398fe442d76b817c280bab143ff6ac4993222a617ae82c28068cf96c7920	The $(item)Red Stringed Spoofer$(0) binds to flowers or mushrooms. It requires a $(item)Generating$(0) or $(item)Functional Flower$(0) placed atop it to function; the flower placed on it will become inert, and the bound plant will take on all of that flower's properties, acting as if it were the flower itself.$(br)Note that $(item)Functional Flowers$(0) which take item inputs will usually still take them at their real position.	$(item)Обманка с красной нитью$(0) связывается с цветами или грибами. Для его работы требуется, чтобы над ним был установлен $(item)Генерирующий$(0) или $(item)Функциональный Цветок$(0); цветок, помещённый на него, станет неактивным, а привязанный примет все свойства этого цветка, действуя так, как будто он сам является этим цветком.$(br)Учтите, что $(item)Функциональные Цветы$(0), которые принимают предметы, обычно всё ещё будут принимать их в своём реальном положении.	PASS		Текст читается естественно, ясно и соответствует английскому источнику.	425		
patchouli-lang:botania:botania.page.redString12	sha256:e21ff72c35bdd477f9c85a6b62feb17dba89f9981e492e26b743fcc715ec7337	The $(item)Red Stringed Spoofer$(0).	$(item)Обманка с красной нитью$(0).	PASS		Текст читается естественно, ясно и соответствует английскому источнику.	24		
patchouli-lang:botania:botania.page.redString13	sha256:0a239a8fe04a14a7da61179af76d73fd4eb5129dd983080c5dcce5462bbd1aa4	Finally, the $(item)Red Stringed Interceptor$(0) will bind to any sufficiently $(o)complex$() block (rule of thumb: any block that either moves or accepts/manipulates items should be complex enough). Whenever the block it's bound to is right-clicked by a player, the Interceptor will emit a redstone pulse.	Наконец, $(item)Перехватчик с красной нитью$(0) связывается с любым достаточно $(o)сложным$() блоком (правило: любой блок, который либо перемещается, либо принимает/манипулирует предметами, можно считать достаточно сложным). Каждый раз, когда блок, к которому он привязан, кликается правой кнопкой мыши, Перехватчик будет излучать импульс красного камня.	PASS		Текст читается естественно, ясно и соответствует английскому источнику.	336		
patchouli-lang:botania:botania.page.redString14	sha256:4f9bc32e5fdd9e6d72fc41a14f5725872325f478d9f2000fb69740da1b427c22	The $(item)Red Stringed Interceptor$(0).	$(item)Перехватчик с красной нитью$(0).	PASS		Текст читается естественно, ясно и соответствует английскому источнику.	28		
patchouli-lang:botania:botania.page.redString15	sha256:0f93a367fd1b4624dddb9e29b7d427bf832a8d94384b33bb7a289d4537b8b3a0	Blocks created with this exquisite material can face in all 6 directions, and will tie themselves to the nearest compatible block that they're facing.	Блоки, созданные из этого изысканного материала, могут быть ориентированы в любом из 6 направлений и будут связываться с ближайшим совместимым блоком, на который они направлены.	PASS		Текст читается естественно, ясно и соответствует английскому источнику.	177		
patchouli-lang:botania:botania.page.redString2	sha256:a86bfd80d8d6c80f445a681e07a434301226f3c01c5ad6f09f5d397b6a35dbaa	Are you in a pinch?	Вы в затруднительном положении?	PASS		Текст читается естественно, ясно и соответствует английскому источнику.	31		
patchouli-lang:botania:botania.page.redString3	sha256:e053f404cf3ff0ccdbb744caab2c438c7156c237bbfead3ee20267612dc55ef1	The $(item)Red Stringed Container$(0) will bind to inventories ($(item)Chests$(0), $(item)Furnaces$(0), $(item)Hoppers$(0), and so on). Items inserted into a $(item)Container$(0) (from $(item)Hoppers$(0), etc.) will end up in the block it's bound to. Sidedness is preserved: for example, items inserted into the $(item)Red Stringed Container$(0) from the top will be pushed into the bound block from above, and so on.	$(item)Контейнер с красной нитью$(0) связывается с инвентарями ($(item)Сундуками$(0), $(item)Печками$(0), $(item)Воронками$(0) и другими). Предметы, помещённые в $(item)Контейнер$(0) (например, через $(item)Воронки$(0), и т.д.), окажутся в блоке, к которому он привязан. Сохранение сторонности: например, предметы, помещённые в $(item)Контейнер с красной нитью$(0) сверху, будут переданы в связанный блок сверху и так далее.	PASS		Текст читается естественно, ясно и соответствует английскому источнику.	347		
patchouli-lang:botania:botania.page.redString4	sha256:f353a819ea8e99431d3da6136ebcd09dac79c60b94f0344040cff88a5dfc834b	The $(item)Red Stringed Container$(0).	$(item)Контейнер с красной нитью$(0).	PASS		Текст читается естественно, ясно и соответствует английскому источнику.	26		
patchouli-lang:botania:botania.page.redString5	sha256:f9864eef8d5c6fb1cb3941ace1318ea68f69e0ef5b60768a321dc0456a6bb658	The $(item)Red Stringed Dispenser$(0) binds itself to $(item)Dispensers$(0) or $(item)Droppers$(0), and sends items the same way the $(item)Red Stringed Container$(0) does. Additionally, when it receives a redstone signal, its bound $(item)Dispenser$(0) or $(item)Dropper$(0) will fire.	$(item)Раздатчик с красной нитью$(0) связывается с $(item)Раздатчиками$(0) или $(item)Выбрасывателями$(0) и отправляет предметы так же, как и $(item)Контейнер с Красной Нитью$(0). Кроме того, при получении сигнала красного камня его связанный $(item)Раздатчик$(0) или $(item)Выбрасыватель$(0) активируется.	PASS		Текст читается естественно, ясно и соответствует английскому источнику.	240		
patchouli-lang:botania:botania.page.redString6	sha256:89dea1c5070fc1335d4d19786a203a36f4ecfe494ead342ac3a68a200cd9a5c0	The $(item)Red Stringed Dispenser$(0).	$(item)Раздатчик с красной нитью$(0).	PASS		Текст читается естественно, ясно и соответствует английскому источнику.	26		
patchouli-lang:botania:botania.page.redString7	sha256:4688aed952c1cafea5d3033a5196bddfaea8f6b4a9c945b1c23565c98f5dad31	The $(item)Red Stringed Nutrifier$(0) can be bound to any block that accepts $(item)Bone Meal$(0). Using $(item)Bone Meal$(0) on the Nutrifier will fertilize its bound block instead.	$(item)Удобритель с красной нитью$(0) можно связать с любым блоком, который принимает $(item)Костную муку$(0). Используя $(item)Костную муку$(0) на Удобрителе, вы будете удобрять связанный с ним блок.	PASS		Текст читается естественно, ясно и соответствует английскому источнику.	167		
patchouli-lang:botania:botania.page.redString8	sha256:12f316e7f9841c16db4f8cb96440fa15e77650a50285cb16924a02f60e9d59e3	The $(item)Red Stringed Nutrifier$(0).	$(item)Удобритель с красной нитью$(0).	PASS		Текст читается естественно, ясно и соответствует английскому источнику.	27		
patchouli-lang:botania:botania.page.redString9	sha256:0fd897d3c2883077d4ffc9be41325460302bacafbaf7e357217caaa5ee43e857	The $(item)Red Stringed Comparator$(0) can be bound to any block whose status can be read with a $(item)Comparator$(0) (e.g. $(item)Chests$(0), $(l:mana/pool)$(item)Mana Pools$(0)$(/l), $(l:basics/rune_altar)$(item)Runic Altars$(0)$(/l), etc). A $(item)Comparator$(0) attached to this block will output a signal equal to the one it would read from the bound block.	$(item)Компаратор с красной нитью$(0) можно связать с любым блоком, состояние которого можно прочитать с помощью $(item)Компаратора$(0) (например, $(item)Сундуки$(0), $(l:mana/pool)$(item)Бассейны Маны$(0)$(/l), $(l:basics/rune_altar)$(item)Рунические Алтари$(0)$(/l) и т.д.). $(item)Компаратор$(0), подключённый к этому блоку, будет выдавать сигнал, равный тому, который он бы считал с привязанного блока.	PASS		Текст читается естественно, ясно и соответствует английскому источнику.	294		
patchouli-lang:botania:botania.page.redstoneSpreader0	sha256:91e51c12d6604786be50714cb192845c338ea99db9b7aed25c669f58cde55c9c	By combining a $(l:mana/spreader)$(item)Mana Spreader$(0)$(/l) with a piece of $(item)Redstone$(0), a $(item)Pulse Mana Spreader$(0) is created, which (as the name implies) fires when given a $(thing)redstone pulse$(0), regardless of target.$(p)Keep in mind that it still won't shoot a burst until the last one dissipates or is absorbed.	Соединяя $(item)Распространитель маны$(0) с $(item)Красной пылью$(0), можно создать $(item)Красный распространитель маны$(0), который работает только тогда, когда подаётся $(thing)Сигнал красного камня$(0), независимо от наличия блока для приема маны.$(p)Следует иметь в виду, что это не позволяет распространителю стрелять всплеском маны, пока предыдущий всплеск не рассеялся или не поглотился.	PASS		Текст читается естественно, ясно и соответствует английскому источнику.	346		
patchouli-lang:botania:botania.page.redstoneSpreader1	sha256:6aff3d015ca5180ea5dc23ae80a18ab6e80caccfa3858291c195b7e7cdc986d2	Lil' touch of redstone	Просто добавь красной пыли	PASS		Текст читается естественно, ясно и соответствует английскому источнику.	26		
patchouli-lang:botania:botania.page.relicInfo0	sha256:92f04f982870e04dc2d20e2c2a8c3ecf4d08bf42771799b880040224ad6fc410	It appears as if the oft-speculated-about Relics are, in fact, real. These items are materialized from rolls of the $(item)Dice of Fate$(0), and possess incredible powers. (The Dice of Fate being six-sided seems to imply the existence of six Relics.)$(p)Relics seem to know who earned them; thus, giving someone a Relic they didn't earn is a bad idea.	Похоже, что часто обсуждаемые Реликвии действительно существуют. Эти предметы материализуются из бросков $(item)Костей Судьбы$(0) и обладают невероятными силами. (Так как Кости Судьбы имеет шесть граней, это предполагает наличие шести Реликвий.)$(p)Реликвии, похоже, знают, кто их заслужил; поэтому давать кому-то Реликвию, которую он не заработал — плохая идея.	PASS		Текст читается естественно, ясно и соответствует английскому источнику.	347		
patchouli-lang:botania:botania.page.relicInfo1	sha256:27e1f5a997c734008d606af87df7a0006905edeb7adf7609dd0eb58003f7587f	The legends say that the same Relic may not be awarded to the same person twice-- so keeping an earned Relic safe is high-priority; perhaps $(l:ender/keep_ivy)$(item)Resolute Ivy$(0)$(/l) would make a good investment.$(p)Interestingly enough, an earned relic will transcribe the knowledge on its use into this lexicon. How convenient.	Легенды гласят, что одна и та же Реликвия не может быть вручена одному и тому же человеку дважды — поэтому важно надежно хранить заработанную Реликвию; возможно, $(l:ender/keep_ivy)$(item)Решительный плющ$(0)$(/l) станет хорошим вложением.$(p)Что интересно, заработанная Реликвия будет записывать знания о своем использовании в этот лексикон. Как удобно.	PASS		Текст читается естественно, ясно и соответствует английскому источнику.	315		
patchouli-lang:botania:botania.page.relics0	sha256:06297b097aeac9c99db6195a591ddbc1b7a12ac411fc4e561bc191c8f1d619d9	"The high clans of Alfheim have passed down an old legend that roughly translates to ""Whosoever rolls a Die of Fate shall be rewarded with a Gift from the Gods"". Said gifts, also known as $(item)Relics of the Aesir$(0), are said to be soulbound and unique.$(p)But then again, all of this is hearsay-- the Relics are probably just legends."	"Высшие кланы Альфхейма передавали древнюю легенду, которая примерно переводится как ""Кто бросит Кость Судьбы, тот будет вознагражден Даром Богов"". Эти дары, также известные как $(item)Реликвии Асов$(0), якобы привязаны к душе и уникальны.$(p)Но, с другой стороны, все это слухи — возможно, Реликвии просто легенды."	PASS		Текст читается естественно, ясно и соответствует английскому источнику.	299		
patchouli-lang:botania:botania.page.rfGenerator0	sha256:ffca18e14783323f28a4a6d6fb421a45e05e3e3ef02bd0e8d5f9b46353a05fdd	Passing $(thing)Mana$(0) through a field of redstone charge converts it from natural energy to $(thing)Forge Energy$(0) or $(thing)Tech Reborn Energy$(0), whichever is present.$(p)Any $(thing)Mana Bursts$(0) received by the Fluxfield are converted into $(thing)Energy$(0) and sent to any adjacent acceptors.	Если пропустить $(thing)ману$(0) сквозь энергетическое поле красного камня, она превратится из природного источника энергии в $(thing)Поток редстоуна$(0).$(p)Просто нацельте распространитель на этот блок, и когда сгусток $(thing)маны$(0) достигнет его, она превратится в $(thing)RF$(0). Затем эту энергию можно будет вытащить при помощи любого $(thing)RF$(0)-передатчика.	CHANGE	Поле редстоунового заряда превращает $(thing)Ману$(0) из природной энергии в $(thing)Forge Energy$(0) или $(thing)Tech Reborn Energy$(0), смотря какая система доступна.$(p)Все полученные полем $(thing)Сгустки маны$(0) преобразуются в $(thing)Энергию$(0) и передаются соседним приёмникам.	Текст приведён к источнику и очищен от неверных терминов.	307	223	0.726
patchouli-lang:botania:botania.page.rfGenerator1	sha256:3bcf6df6e22ae63e0e10a1a99b847e115b312e8b74249150adadf55b5c3ae0dc	Challenging the fabric of magic mod reality	Я собрался с силами, парни. Я сделал это!	PASS		Текст читается естественно, ясно и соответствует английскому источнику.	41		
patchouli-lang:botania:botania.page.runeAltar0	sha256:d61b0af49521c6a478d6a5163f0b4a6c1b3a2a56f30f6095e5a15dd0599daeac	$(item)Runes$(0) are vital components of complex magical devices or flora, created on a $(item)Runic Altar$(0).$(p)To use a $(item)Runic Altar$(0), start by placing (via either a right-click or a simple toss) the components of the rune you want to create upon the altar.	$(item)Руны$(0) - это чрезвычайно важные компоненты, использующиеся в создании сложных магических устройств и продвинутой флоры. Чтобы их сделать, Вам понадобится, как Вы уже могли догадаться, $(item)Рунический алтарь$(0).$(p)Для начала разложите на нем предметы, необходимые для создания нужной руны, нажимая ими ПКМ по алтарю или просто бросая их на него.	PASS		Текст читается естественно, ясно и соответствует английскому источнику.	331		
patchouli-lang:botania:botania.page.runeAltar1	sha256:eb9a1565308dc4d7ce04562055d54064c2f3f283c0b789f7062a646a34b19be3	Point a $(l:mana/spreader)$(item)Mana Spreader$(0)$(/l) with a supply of $(thing)Mana$(0) at the altar, and let the $(thing)Mana$(0) flow.$(p)Your wand will show you the progress of the transfer; it should be apparent when the altar has received enough $(thing)Mana$(0). When that happens, just drop or right-click a piece of $(l:basics/pure_daisy)$(item)Livingrock$(0)$(/l) upon the altar, then use the wand on it to collect your rune.	После этого направьте на алтарь $(l:mana/spreader)$(item)Распространитель маны$(0)$(/l), чтобы передать ему некоторое количество $(thing)маны$(0). Процесс наполнения алтаря $(thing)маной$(0) можно увидеть, просто посмотрев на него. Когда шкала прогресса полностью станет зеленой, киньте на алтарь $(item)Жизнекамень$(0), а потом нажмите по нему ПКМ $(item)Посохом леса$(0), чтобы завершить создание руны.	PASS		Текст читается естественно, ясно и соответствует английскому источнику.	324		
patchouli-lang:botania:botania.page.runeAltar10	sha256:05c50e3495978a4c34921a9ede2ef130e21870460b04ed6387d99e714d2562f2	The $(item)Rune of Autumn$(0).	$(item)Руна осени$(0).	PASS		Текст читается естественно, ясно и соответствует английскому источнику.	11		
patchouli-lang:botania:botania.page.runeAltar11	sha256:fed8e712808b8e9393b05c69fa06ae80d9a52925565f3d599cf4d6f892ac69cc	The $(item)Rune of Winter$(0).	$(item)Руна зимы$(0).	PASS		Текст читается естественно, ясно и соответствует английскому источнику.	10		
patchouli-lang:botania:botania.page.runeAltar12	sha256:07b00865583f9804c59e29744eb583170616c41387aa8e2cb37619d039c6f97a	The $(item)Rune of Mana$(0).	$(item)Руна маны$(0).	PASS		Текст читается естественно, ясно и соответствует английскому источнику.	10		
patchouli-lang:botania:botania.page.runeAltar13	sha256:30e36228d2eb0f469d5ec633d909e8022231a7c3a58a5c1fe766e0ee980a9098	The $(item)Rune of Lust$(0).	$(item)Руна похоти$(0).	PASS		Текст читается естественно, ясно и соответствует английскому источнику.	12		
patchouli-lang:botania:botania.page.runeAltar14	sha256:9648dbd9c311f2f597d335f733c343295669c838d16e2ec7a3e2330a025a6b3b	The $(item)Rune of Gluttony$(0).	$(item)Руна обжорства$(0).	PASS		Текст читается естественно, ясно и соответствует английскому источнику.	15		
patchouli-lang:botania:botania.page.runeAltar15	sha256:ec9e978f6008321b2954d026b2e08cb48e880d47616779393a3ffdd723cd79ea	The $(item)Rune of Greed$(0).	$(item)Руна жадности$(0).	PASS		Текст читается естественно, ясно и соответствует английскому источнику.	14		
patchouli-lang:botania:botania.page.runeAltar16	sha256:b6e1bf151d7f59fc8fa4940c2dc8451df2a6e46e48c2b313e03b95ea7c95340b	The $(item)Rune of Sloth$(0).	$(item)Руна лени$(0).	PASS		Текст читается естественно, ясно и соответствует английскому источнику.	10		
patchouli-lang:botania:botania.page.runeAltar17	sha256:7da88c1db9cdae517733534cd448810fc06a8a2422236a9de70cd3657d92e09a	The $(item)Rune of Wrath$(0).	$(item)Руна гнева$(0).	PASS		Текст читается естественно, ясно и соответствует английскому источнику.	11		
patchouli-lang:botania:botania.page.runeAltar18	sha256:0ce38b96914ba95039ccf0ef7139a8921f2fc3ba98f45b30659b2e1b3ae5ca7b	The $(item)Rune of Envy$(0).	$(item)Руна зависти$(0).	PASS		Текст читается естественно, ясно и соответствует английскому источнику.	13		
patchouli-lang:botania:botania.page.runeAltar19	sha256:32957a9cde97addfbcb8b209d406ae7fa778567236a443fc4b64aef21547512f	The $(item)Rune of Pride$(0).	$(item)Руна гордости$(0).	PASS		Текст читается естественно, ясно и соответствует английскому источнику.	14		
patchouli-lang:botania:botania.page.runeAltar2	sha256:527fc61eaa8c0229917387fcd24457668989d0521b62f52c60c7b2a425f2ccf3	Crafting the $(item)Runic Altar$(0).	Создание $(item)Рунического алтаря$(0).	PASS		Текст читается естественно, ясно и соответствует английскому источнику.	28		
patchouli-lang:botania:botania.page.runeAltar20	sha256:2e7221139f4c6f5bb33316b9ee6c83997fbde6d78c103736d3ef634a06e3d51a	Right clicking the $(item)Runic Altar$(0) with an empty hand while it's not accepting mana will pull out the last item input.$(p)Additionally, an attached $(item)Comparator$(0) will emit signal strength $(thing)1$(0) if the altar is accepting $(thing)Mana$(0), and signal strength $(thing)2$(0) if it's ready to craft the rune.	Нажав Shift+ПКМ пустой рукой по $(item)Руническому алтарю$(0), пока он не принимает ману, Вы вернете себе последний положенный в него предмет.$(p)И еще кое-что: подсоединенный к алтарю $(item)Компаратор$(0) будет выдавать сигналой силой $(thing)1$(0), если алтарь сейчас принимает $(thing)ману$(0), и силой $(thing)2$(0), если он готов создать руну.	CHANGE	Нажмите ПКМ пустой рукой по $(item)Руническому алтарю$(0), пока он не принимает ману, чтобы вернуть последний добавленный предмет.$(p)Подключенный $(item)Компаратор$(0) дает сигнал силой $(thing)1$(0), когда алтарь принимает $(thing)ману$(0), и силой $(thing)2$(0), когда готов создать руну.	Исправлены смысловые потери, маркеры и неестественные формулировки.	287	229	0.798
patchouli-lang:botania:botania.page.runeAltar21	sha256:4e485dfcd46478aaaf2f36058c7c1412b42040fe23760bfe74b85e3cf94bc24d	Runic creation is a complex topic, but an important one for the advancement of any botanist's career. However, this mode of crafting requires a firm grasp on the concepts of $(thing)Mana Manipulation$(0) to use. Before proceeding further, a read through the important entries (those in $(o)Italics$()) in that section of the $(l:basics/lexicon)$(item)Lexica Botania$(0)$(/l) might prove helpful.	Создание рун - это довольно важный шаг в развитии ботанической магии. И чтобы узнать, как их создавать, Вам, в первую очередь, нужно хорошо понимать, как управлять маной. Поэтому прежде чем продолжить, прочитайте важные статьи в разделе $(thing)Управление маной$(0) (написаны $(o)Курсивом$(0)).	PASS		Текст читается естественно, ясно и соответствует английскому источнику.	274		
patchouli-lang:botania:botania.page.runeAltar22	sha256:33b224ed10248813f3a633287948d5ca7ab0f986b164711e91a35bf7d889f7e0	Any runes used for recipes in the $(item)Runic Altar$(0) function as catalysts, and will be returned upon completion of the runic recipe.$(p)Similarly to the $(l:basics/apothecary)$(item)Petal Apothecary$(0)$(/l), right-clicking this block with an empty hand after a recipe is complete will pull another set of the items used for the last recipe, for faster crafting in bulk.	Любые руны, которые используются для создания чего-либо на $(item)Руническом Алтаре$(0), действуют в качестве катализаторов и не тратятся после завершения создания.$(p)Как и с $(l:basics/apothecary)$(item)Лепестковым Аптекарем$(0)$(/l), нажав ПКМ по алтарю пустой рукой, Вы выложите на него те предметы, что использовались в последнем рецепте.	PASS		Текст читается естественно, ясно и соответствует английскому источнику.	290		
patchouli-lang:botania:botania.page.runeAltar3	sha256:efc11ecca336851393a7206c898d2d8dbb0594183d2876b2ade0b41fe260d6bd	A total of 16 $(item)Runes$(0) exist.$(p)The most elementary runes are named after the $(thing)Four Elements$(0), the intermediate runes are named after the $(thing)Four Seasons$(0), and the most advanced runes are named after the $(thing)Seven Deadly Sins$(0). A separate $(item)Rune of Mana$(0) also exists outside this progression.	Всего существует 16 типов $(item)Рун$(0).$(p)Самые основные, элементарные руны названы в честь $(thing)четырех стихий$(0). Руны среднего уровня названы в честь $(thing)четырех сезонов$(0), а самые продвинутые руны названы в честь $(thing)семи смертных грехов$(0). И последняя руна в этом списке - $(item)Руна маны$(0).	PASS		Текст читается естественно, ясно и соответствует английскому источнику.	256		
patchouli-lang:botania:botania.page.runeAltar4	sha256:3ed83e5f8f3a173ec29cefbb3c41bbd66b38b3f7c0ccc97e9cdeb7858991b14a	The $(item)Rune of Water$(0).	$(item)Руна воды$(0).	PASS		Текст читается естественно, ясно и соответствует английскому источнику.	10		
patchouli-lang:botania:botania.page.runeAltar5	sha256:bab14723d1e8b931c3d8688ee0e517cc55fd0ae0f15f8e92af16a465fab05bfc	The $(item)Rune of Earth$(0).	$(item)Руна земли$(0).	PASS		Текст читается естественно, ясно и соответствует английскому источнику.	11		
patchouli-lang:botania:botania.page.runeAltar6	sha256:24554324c9714e0385646eeadaf744092f1baf36c783faea3707aeb7d641dcf4	The $(item)Rune of Air$(0).	$(item)Руна воздуха$(0).	PASS		Текст читается естественно, ясно и соответствует английскому источнику.	13		
patchouli-lang:botania:botania.page.runeAltar7	sha256:9ffc6c9770d126c1798f3459124ac13fc4d8bdd47b55416c78683c294f906fb9	The $(item)Rune of Fire$(0).	$(item)Руна огня$(0).	PASS		Текст читается естественно, ясно и соответствует английскому источнику.	10		
patchouli-lang:botania:botania.page.runeAltar8	sha256:4fd355d0faf8ad863cd2605a68df89c8db6cd011e75db233afb2577f51a114bc	The $(item)Rune of Spring$(0).	$(item)Руна весны$(0).	PASS		Текст читается естественно, ясно и соответствует английскому источнику.	11		
patchouli-lang:botania:botania.page.runeAltar9	sha256:850eb47c24feed6ebd0368c437f14c31b2ccca466326a6f13ad63e92c6d0e9c6	The $(item)Rune of Summer$(0).	$(item)Руна лета$(0).	PASS		Текст читается естественно, ясно и соответствует английскому источнику.	10		
patchouli-lang:botania:botania.page.sextant0	sha256:e40f72eeeccbd71cbb9515a87e5e5dc61685b9f011c4c8f637fce59638aab1be	"In a world of cubes, the secrets of creating circles and spheres is a lost art coveted by many-- so much so, in fact, that some to turn to the unholy act of ""tabbing out"" to learn the proper procedures.$(p)The $(item)Worldshaper's Sextant$(0), however, provides a ready alternative to such an act. "	В этом кубическом мире искусство создания кругов и сфер часто ускользает от многих, вплоть до того, что им нужно выполнить нечестивое искусство «табуляции», чтобы изучить процедуры их создания. $(item)Секстант формирователя мира$(0) - простой инструмент, и, как вы догадались, помогает создавать круги и сферы.	PASS		Текст читается естественно, ясно и соответствует английскому источнику.	299		
patchouli-lang:botania:botania.page.sextant1	sha256:1ec90a77417da977d38c0573a7555dfa03eed7a7b6476bc87d5b3f6cbad42fdf	To use the sextant, sneak-right click to choose a mode. Simply right-click and hold at a block to choose the shape's center, and look around to choose its radius; blue circles will appear in the world as an outline of the final shape. Upon release of the sextant, a mirage of $(item)Cobblestone$(0) blocks will appear as a building guide.$(p)Sneak-right clicking the sextant will remove the guide.	Чтобы использовать секстант, нажмите Shift + ПКМ, чтобы выбрать режим. Затем просто укажите на блок, чтобы установить центр фигуры, и посмотрите вокруг, чтобы задать радиус; в мире появятся синие круги, обозначающие контур конечной формы. Когда вы отпустите секстант, появится мираж блоков $(item)Булыжника$(0), который будет служить строительным ориентиром. $(p)Shift + ПКМ секстантом сбросит ориентир.	PASS		Текст читается естественно, ясно и соответствует английскому источнику.	388		
patchouli-lang:botania:botania.page.sextant2	sha256:954204e2fa18599e68361ecfa21576d47b95ebf59d5bfae4dc9d534de1739a1f	You sketch a circle, filling you with determination	Вы набросаете круг, наполняя себя решимостью	PASS		Текст читается естественно, ясно и соответствует английскому источнику.	44		
patchouli-lang:botania:botania.page.sextant_modes	sha256:bbf3946288cd91408cbbca9b7a8639e869b56791302ae61c410fdaa1964c6739	There are usually multiple ways to draw a blocky circle touching the inside of any given square. For a specified circle centre, you can also try pulling diagonally to a point to create a circle with a non-integer radius.$(p)And if two dimensions are not enough, sneak-right clicking while no shape is displayed switches the shape mode.	Обычно есть несколько способов нарисовать круг из блоков, касающийся внутренней стороны любого квадрата. Для заданного центра круга можно попробовать провести диагональ до точки, чтобы создать круг с нецелым радиусом.$(p)А если двух измерений недостаточно, зажмите Shift + ПКМ, пока форма не отображается, чтобы переключить режим формы.	PASS		Текст читается естественно, ясно и соответствует английскому источнику.	332		
patchouli-lang:botania:botania.page.shinyFlowers0	sha256:520164a13a4890f27027bc86c3ef61f6e7f29d40fb3a8871d405311ad0067b01	$(item)Glowstone Dust$(0) can be sprinkled over $(l:basics/flowers)$(item)Mystical Flowers$(0)$(/l) to turn them into $(item)Glimmering Flowers$(0), which sparkle bright enough to emit actual light (same brightness as $(item)Glowstone Block$(0)).$(p)Combining one of these with some $(item)Dirt$(0) and $(l:tools/grass_seeds)$(item)Pasture Seeds$(0)$(/l) yields a $(item)Floating Flower$(0), a miniature floating island that emits light and looks quite fancy indeed.	Комбинируя обычный $(item)Мистический Цветок$(0) со $(item)Светящейся пылью$(0), Вы можете добавить им больше яркости, придав им излучение видимого света такого же яркого, как $(item)Светящийся камень$(0).$(p)Добавив немного $(item)Земли$(0) и $(item)Луговых семян$(0), можно превратить их в миниатюрный парящий островок, который будет не только светиться, но и порадует своим необычным видом.	PASS		Текст читается естественно, ясно и соответствует английскому источнику.	334		
patchouli-lang:botania:botania.page.shinyFlowers1	sha256:8f8cf2f1d7e43c86ae6aa137775ad4fe6d11af8232e4be4360465f0e8cbdb5ae	Pretty Pretty Shiny Shiny	Красивый-красивый, яркий-яркий	PASS		Текст читается естественно, ясно и соответствует английскому источнику.	30		
patchouli-lang:botania:botania.page.shinyFlowers2	sha256:fc5fe7653292bbb0ad529a58b84583c7db04eea221b7430e5a10ff131298e509	Like Laputa but (a lot) tinier	Как Лапута, но помельче (намного)	PASS		Текст читается естественно, ясно и соответствует английскому источнику.	33		
patchouli-lang:botania:botania.page.shinyFlowers3	sha256:bacd8f5b873e70257b171834b78932988258ff9c58f644970d07e8657d02ca02	Crafting a $(item)Floating Flower$(0) with a $(thing)Functional$(0) or $(thing)Generating Flower$(0) will plant the latter on the former, yielding the looks and properties of a $(item)Floating Flower$(0) and the effects of the other flower, all rolled into one tiny island. Right-clicking a $(thing)Floating Flower$(0) with $(l:tools/grass_seeds)$(item)Pasture Seeds$(0)$(/l) or a $(item)Snowball$(0) will change its appearance.	Комбинируя любой $(item)Парящий цветок$(0) с любым цветком из $(thing)Функциональной$(0) и $(thing)Генерирующей Флоры$(0), Вы сможете размещать такие цветы в воздухе. Используя $(item)Луговые семяна$(0) или $(item)Снежки$(0) на подобных цветках, Вы сможете изменить их внешний вид.	PASS		Текст читается естественно, ясно и соответствует английскому источнику.	224		
patchouli-lang:botania:botania.page.shulk_me_not0	sha256:fc68b2d6c8da339fabb73da9c042f4242bae9f2ee570415ece681b7373284d0b	The $(item)Shulk Me Not$(0) is a generating flower that creates $(thing)Mana$(0) from the power of the Shulker's $(thing)Levitation$(0).$(p)If a nearby monster is targeted by and hit with a Shulker's projectile, and the $(item)Shulk Me Not$(0)'s internal buffer is empty, both mob and Shulker will be killed, generating ludicrous amounts of $(thing)Mana$(0) from the process.	$(item)Дешалкерия$(0) — это генерирующий цветок, который создаёт $(thing)Ману$(0) из силы $(thing)Левитации$(0) Шалкера.$(p)Если находящийся рядом монстр становится целью и получает попадание от снаряда Шалкера, а внутренний буфер $(item)Дешалкерии$(0) пуст, то и монстр, и Шалкер будут уничтожены, что приведёт к генерации колоссального количества $(thing)Маны$(0).	PASS		Текст читается естественно, ясно и соответствует английскому источнику.	304		
patchouli-lang:botania:botania.page.shulk_me_not1	sha256:942e73eb39b078fddf183789dd538fe23079899bb1a87b4c7337a98a111fca23	A few extra points should be made:$(p)Both entities' experience and loot are lost, and both entities must be within the flower's range.	Следует учесть несколько дополнительных моментов:$(p)Опыт и дроп обоих существ будут утеряны, и оба существа должны находиться в радиусе действия цветка.	PASS		Текст читается естественно, ясно и соответствует английскому источнику.	149		
patchouli-lang:botania:botania.page.shulk_me_not2	sha256:0ab38742690f49e573f24893f036b0815944eb104d4411350c1e8e8a08c6dbca	$(o)Petal plucking not recommended$().	$(o)Срывать лепестки не рекомендуется$().	PASS		Текст читается естественно, ясно и соответствует английскому источнику.	34		
patchouli-lang:botania:botania.page.skyDirtRod0	sha256:1825aebbb770223c42cc29488c1d63211bc11e780574ac739348945588c96471	The $(l:tools/dirt_rod)$(item)Rod of the Lands$(0)$(/l) is a practical tool, but being able to place $(item)Dirt$(0) on $(o)nothing$() would be even greater.$(p)The $(item)Rod of the Highlands$(0) does just that: it maintains the original power of the $(l:tools/dirt_rod)$(item)Rod of the Lands$(0)$(/l), but can also place $(item)Dirt$(0) in midair (for an increased $(thing)Mana$(0) cost).	В то время как $(item)Жезл Земель$(0) отлично справляется с созданием блоков $(item)Земли$(0), было бы неплохо иметь возможность ставить их в воздухе.$(p)$(item)Жезл Высокогорья$(0) делает именно это! Сохраняя оригинальную силу $(item)Жезла Земель$(0), он также способен разместить блок $(item)Земли$(0) в воздухе, но при повышенном расходе $(thing)Маны$(0).	PASS		Текст читается естественно, ясно и соответствует английскому источнику.	287		
patchouli-lang:botania:botania.page.skyDirtRod1	sha256:7c221743efeaeb9f75034ca738c1fbe003521b61487a4e1cdafed028cd9762c4	Dirty Stick Mark II	Грязепалка версия 2.0	PASS		Текст читается естественно, ясно и соответствует английскому источнику.	21		
patchouli-lang:botania:botania.page.slimeBottle0	sha256:25d94570552b8fbc21d5cfef1d090741b1a826b2b782f35fc652d960baba3c75	Placing a $(item)Slimeball$(0) in an container of $(l:alfhomancy/elf_resources)$(item)Elementium$(0)$(/l) seems to have an interesting effect on said slimeball: when in an area where $(thing)Slimes$(0) would naturally spawn underground, the inanimate blob of slime comes alive and bounces around the container.$(p)For harvesting $(item)Slimeballs$(0) or setting up a $(l:generating_flowers/narslimmus)$(item)Narslimmus$(0)$(/l), it proves an invaluable tool.	Размещение слизи в $(item)Контейнере из элементиума$(0), кажется, оказывает интересное влияние на слизь. Когда в области, где $(item)Слаймы$(0) ественным образом спавнятся под землёй, неодушевленная капля слизи начинает прыгать по какой-то странной причине.$(p)Это может пригодиться полезным для получения слизи или для создания $(item)Слизевика$(0).	PASS		Текст читается естественно, ясно и соответствует английскому источнику.	313		
patchouli-lang:botania:botania.page.slimeBottle1	sha256:c007d120f6a91e879700013f47d035f35cc6b1e9a642e3a739e97339638997f1	JUMPYDOLL	ПРЫГАЮЩАЯКУКЛА	PASS		Текст читается естественно, ясно и соответствует английскому источнику.	14		
patchouli-lang:botania:botania.page.smeltRod0	sha256:53dac3946a47cc5ea27185660d98faba0769c81cc3e52a5ef818f0c758724e6a	The $(item)Rod of the Molten Core$(0) has the ability to focus heat drawn from the world's core. Focusing it (by holding right-click) at a block in the world that can be smelted into a different block will smelt it into that block.$(p)For example, $(item)Cobblestone$(0) will smelt into $(item)Stone$(0) and then into $(item)Smooth Stone$(0), $(item)Sand$(0) melts into $(item)Glass$(0), and so on.	$(item)Жезл Вулканического ядра$(0) обладает способностью вытеснять тепловой источник из ядра мира. Удерживая его нажатием правой кнопки мыши и указывая на блок в мире, который можно плавить в другой тип блока, он быстро превратит его в это. $(p)Для некоторых примеров $(item)Булыжник$(0) превращается в $(item)Камень$(0), $(item)Песок$(0) в $(item)Стекло$(0) и так далее.	PASS		Текст читается естественно, ясно и соответствует английскому источнику.	313		
patchouli-lang:botania:botania.page.smeltRod1	sha256:6ea3943d1181e5c25f5f6da84b4294004e883370634f6e6b6ea477b10326286b	No raid party required	Украден у Ифрита	PASS		Текст читается естественно, ясно и соответствует английскому источнику.	16		
patchouli-lang:botania:botania.page.solegnolia0	sha256:ecd3b14c03430fd19a6ae2a4f3975a7eaeb80d7e4853c2446c97e8a8d92bdf3f	The $(l:baubles/magnet_ring)$(item)Ring of Magnetization$(0)$(/l) is quite the handy tool for any diggers or collectors. However, it can also pick up unwanted items, disrupting automation setups in the process. The $(item)Solegnolia$(0) disrupts the ring's field of effect and prevents any items in its range from being pulled towards a ring-bearer. It also prevents any ring-bearers in its range from pulling any items. It does not consume $(thing)Mana$(0).	$(item)Кольцо магнетизма$(0) - довольно удобный инструмент для тех, кто копает или собирает. Однако он сталкивается с проблемой, что он поднимает нежелательные предметы вблизи сложных систем. $(item)Солегнолия$(0) разрушает кольцо и препятствует тому, чтобы предметы вокруг него были притянуты к владельцу одного из них, и любые кольца, чьи носители стояли внутри радиуса от сбора предметов вверх. Он не требует $(thing)Маны$(0).	PASS		Текст читается естественно, ясно и соответствует английскому источнику.	395		
patchouli-lang:botania:botania.page.solegnolia1	sha256:da2be7b5b8de3739f8fb4b4876e56c330bbcfa856279e0ec6ec4e991ba4fced7	On/Off	ВКЛ/ВЫКЛ	PASS		Текст читается естественно, ясно и соответствует английскому источнику.	8		
patchouli-lang:botania:botania.page.sparkChanger0	sha256:2e530260dd3b4bfece1134a929ec3dee1dba30e5b9adad8d02689183b173bf6d	The $(item)Spark Tinkerer$(0) is a block with the ability to modify the $(l:mana/spark_upgrades)$(item)Augments$(0)$(/l) placed on $(l:mana/sparks)$(item)Sparks$(0)$(/l). Placing one adjacent to a $(l:mana/pool)$(item)Mana Pool$(0)$(/l) (or other block with a $(l:mana/sparks)$(item)Spark$(0)$(/l) attached) will connect it to that block.$(p)Right-clicking the $(item)Spark Tinkerer$(0) with a $(l:mana/spark_upgrades)$(item)Spark Augment$(0)$(/l) will put the augment in the block; the augment can be removed by right-clicking again.	$(item)Искра ремесленникка$(0) - это блок, способный модифицировать $(item)Дополнения$(0), помещенные в $(item)Искры$(0). Размещение его рядом с $(item)Бассейном маны$(0) или другими блоками с прикрепленным $(item)Искрами$(0) будет подключен к этим блокам. $(p)Щелчок ПКМ по $(item)Искре ремесленника$(0) с помощью $(item)Дополнения для искр$(0) добавит в блок, его можно удалить, щелкнув ПКМ.	PASS		Текст читается естественно, ясно и соответствует английскому источнику.	312		
patchouli-lang:botania:botania.page.sparkChanger1	sha256:0ff63d45d160cc9cdcd76222bd08cd98a950049ab37265baf1befb12aaf88cef	When the $(item)Spark Tinkerer$(0) gets a redstone signal, it'll randomly pick an adjacent connected $(l:mana/sparks)$(item)Spark$(0)$(/l) with a different augment and swap the augment on that $(l:mana/sparks)$(item)Spark$(0)$(/l) with the one stored in the Tinkerer.$(p)The stored augment can be withdrawn or deposited with $(item)Hoppers$(0) or other automation methods. $(item)Comparators$(0) can read the type of augment stored.	Когда $(item)Искра ремесленника$(0) получает сигнал красного камня, она случайно выбирает $(item)Искру$(0), между всеми из них, к которым она подключена и заменяет дополнение в $(item)Искре$(0) с тем, которое хранится в блоке. $(p)Сохраненное дополнение может быть отозвано или депонировано с помощью $(item)Воронок$(0) или другими методами автоматизации. $(item)Компараторы$(0) могут прочитать, что добавляется.	PASS		Текст читается естественно, ясно и соответствует английскому источнику.	353		
patchouli-lang:botania:botania.page.sparkChanger2	sha256:1effb56f0045707f1c9e74776e2a5fa4eb940c234fa6038edd23e6d410ef43a1	Mod your sparks	Ультрасовременные искры	PASS		Текст читается естественно, ясно и соответствует английскому источнику.	23		
patchouli-lang:botania:botania.page.sparkUpgrades0	sha256:29c96fe7d5d8a79634600afaa04540fd7d34dde629669b14c47603ca1a1359a0	$(l:mana/sparks)$(item)Sparks$(0)$(/l) seem to be more versatile than previously believed: a variety of $(item)Augments$(0) can be applied to them, enhancing their abilities. Augments can only be applied to $(l:mana/sparks)$(item)Sparks$(0)$(/l) that lie on $(l:mana/pool)$(item)Mana Pools$(0)$(/l), and a $(l:mana/sparks)$(item)Spark$(0)$(/l) can only have a single $(item)Augment$(0) at any given time.	Кажется, $(item)Искры$(0) имеют немного больше функционала, чем предполагалось ранее. Существует множество $(item)Дополнителей$(0), которые могут улучшить их способности. Следует отметить, что дополнители можно вставлять только в те $(item)Искры$(0), что находятся над $(item)Бассейнами маны$(0).$(p)В каждую $(item)Искру$(0) можно вставить лишь один $(item)Дополнитель$(0).	PASS		Текст читается естественно, ясно и соответствует английскому источнику.	304		
patchouli-lang:botania:botania.page.sparkUpgrades1	sha256:25f2583b9e2536ca5035f12b0f101e56f8b7b5d3b55a7aa6822106600794dc65	The $(item)Dispersive Augment$(0) allows a $(l:mana/sparks)$(item)Spark$(0)$(/l) to drain the $(thing)Mana$(0) in its pool to charge nearby players' $(thing)Mana$(0)-containing items.	Начнем с $(item)Рассеивающего дополнителя$(0). С ним $(item)Искра$(0) будет использовать $(thing)ману$(0) из бассейна под собой для подзарядки всех хранящих $(thing)ману$(0) предметов в инвентарях игроков, находящихся поблизости.	CHANGE	$(item)Рассеивающий дополнитель$(0) позволяет $(l:mana/sparks)$(item)Искре$(0)$(/l) расходовать $(thing)ману$(0) из своего бассейна, чтобы заряжать предметы игроков, хранящие $(thing)ману$(0).	Убраны кальки и тяжёлые обороты; термины и разметка Original сохранены.	183	125	0.683
patchouli-lang:botania:botania.page.sparkUpgrades2	sha256:9cd4efdf4753389822ee40e43c163894e17707835f9deb3818703f64b9335b72	The $(item)Dominant Augment$(0) makes a $(l:mana/sparks)$(item)Spark$(0)$(/l) pull $(thing)Mana$(0) from nearby non-augmented $(item)Sparks'$(0) pools into its own, until the latter is full.	$(item)Доминантный дополнитель$(0) позволит $(item)Искре$(0) забирать $(thing)ману$(0) из всех близлежащих бассейнов при условии, что $(item)Искры$(0) над ними не улучшены дополнителями, и передавать ее в свой, до тех пор пока он не наполнится до конца.	PASS		Текст читается естественно, ясно и соответствует английскому источнику.	208		
patchouli-lang:botania:botania.page.sparkUpgrades3	sha256:1135fca966e9171acd0e5e651e5078336a0650aa27d072915bb9995adc4a4574	The $(item)Recessive Augment$(0) makes a $(l:mana/sparks)$(item)Spark$(0)$(/l) distribute all of the $(thing)Mana$(0) in its pool into any nearby non-augmented or Dispersive $(item)Sparks'$(0) pools, until its own is completely empty.	$(item)Рецессивный дополнитель$(0) позволит $(item)Искре$(0) отдавать $(thing)ману$(0) из своего бассейна в любой другой при условии, что над вторым будет находиться $(item)Искра с рассеивающим дополнителем$(0) или вовсе без них. $(item)Искра$(0) будет отдавать $(thing)ману$(0) до тех пор, пока бассейн полностью не опустеет.	CHANGE	$(item)Рецессивный дополнитель$(0) заставляет $(l:mana/sparks)$(item)Искру$(0)$(/l) распределять всю $(thing)Ману$(0) из её бассейна между соседними бассейнами с обычными или рассеивающими $(item)Искрами$(0), пока её собственный бассейн не опустеет.	Исправлены управление и неясная отсылка.	258	183	0.709
patchouli-lang:botania:botania.page.sparkUpgrades4	sha256:3ad388bed4764d1706442b34e7effc50aabae5d5dff7ab44bb2bf448b0b3ebb8	Finally, the $(item)Isolated Augment$(0) prevents a $(l:mana/sparks)$(item)Spark$(0)$(/l) from interacting with any Dominant or Recessive $(l:mana/sparks)$(item)Sparks$(0)$(/l), but still allows it to interact with blocks that can receive their $(thing)Mana$(0) from the $(l:mana/sparks)$(item)Spark$(0)$(/l) network.	Ну и наконец, $(item)Изолирующий дополнитель$(0) запрещает $(item)Искре$(0) взаимодействовать с любыми Доминантными и Рецессивными $(item)Искрами$(0), но все же позволяет ей взаимодействовать с теми блоками, что способны принимать $(thing)ману$(0) через сеть $(item)искр$(0).	PASS		Текст читается естественно, ясно и соответствует английскому источнику.	219		
patchouli-lang:botania:botania.page.sparks0	sha256:294cbd9519b600c668e6db784d062658bfeeeeae50bed0ed16ab095e405427ba	$(item)Sparks$(0) are interesting things. Created from a combination of raw energy and $(thing)Mana$(0), they can be placed only on a few specific $(thing)Mana$(0)-containing or -accepting blocks (notably $(l:mana/pool)$(item)Mana Pools$(0)$(/l)).$(p)Certain blocks have the ability to harness $(thing)Mana$(0) from $(item)Sparks$(0), but as of now their uses are sparse.	$(item)Искра$(0) - это довольно занятный объект, созданный из $(thing)маны$(0) и сырой энергии. Их можно ставить поверх нескольких конкретных блоков, содержащих или хранящих ману, в том числе на $(item)Бассейн маны$(0). А некоторые блоки имеют возможность извлекать эту $(thing)ману$(0) из хранилищ через те самые $(item)Искры$(0), правда на раннем этапе ими мало где можно воспользоваться.	CHANGE	$(item)Искры$(0) — любопытные создания из сырой энергии и $(thing)Маны$(0). Их можно ставить лишь на некоторые блоки, которые хранят или принимают $(thing)Ману$(0), прежде всего на $(l:mana/pool)$(item)Бассейны маны$(0)$(/l).$(p)Некоторые блоки умеют получать $(thing)Ману$(0) через $(item)Искры$(0), хотя пока таких применений немного.	Убраны кальки и восстановлены ссылки.	333	244	0.733
patchouli-lang:botania:botania.page.sparks1	sha256:e9dfc539724ca1e5040a26521264d4b3ed94423daad20f6971031d3cb1decefa	Placing a $(item)Spark$(0) over a $(l:mana/pool)$(item)Mana Pool$(0)$(/l) and another over a nearby block that can accept it will allow the latter to access the former's reserves on demand.$(p)To remove a $(item)Spark$(0), simply sneak-right click it with a $(l:basics/wand)$(item)Wand of the Forest$(0)$(/l). Regular right-clicking will show which other $(item)Sparks$(0) this one can transfer to.	Поставив одну $(item)Искру$(0) поверх $(item)Бассейна маны$(0), а другую - на блок, который сможет ею воспользоваться, Вы позволите последнему при необходимости получить удаленный доступ к $(item)Бассейну маны$(0), главное, чтобы он стоял не слишком далеко. Чтобы снять $(item)Искру$(0), кликните по ней Shift+ПКМ $(item)Посохом леса$(0). А нажав им просто ПКМ, Вы увидите, каким $(item)искрам$(0) наша может передать ману.	PASS		Текст читается естественно, ясно и соответствует английскому источнику.	357		
patchouli-lang:botania:botania.page.sparks2	sha256:79f9b2ce577930027a2695e8ccb29afe44feee890231992374261499292501d2	$(o)holds up spork$()	$(o)готовьте вилы$(0)	PASS		Текст читается естественно, ясно и соответствует английскому источнику.	13		
patchouli-lang:botania:botania.page.sparks3	sha256:c57a40de3e07a327462d3f6349797136d23cff3310eb40010e6a81a272d55b16	Sparks can be dyed with $(item)Dye$(0); sparks with different colors will never interact. They can also be splashed with a bit of $(l:misc/phantom_ink)$(item)Phantom Ink$(0)$(/l) to make them highly translucent (in case you think they look too obtrusive).	Если $(item)Искры$(0) покажутся Вам слишком надоедливыми из-за своего мерцания, просто кликните по одной из них $(item)Призрачными чернилами$(0), чтобы сделать ее более прозрачной и незаметной. Чернила при этом не потратятся.	PASS		Текст читается естественно, ясно и соответствует английскому источнику.	203		
patchouli-lang:botania:botania.page.spawnerClaw0	sha256:0be46f2c5546aeb916eb5a4cac7f54d0ede1a400dd52a15774a4b4884849e7df	$(item)Monster Spawners$(0) are strange devices. They hold the ability to create life from thin air, but only when someone's nearby to witness their action.$(p)Thus, anyone wishing to exploit one of these oddities ends up tethered by necessity to the surrounding area.	$(item)Спаунеры мобов$(0) являются интересным изобретением. У них есть способность зарождать жизнь из воздуха, но эта способность проявляется лишь когда игрок находится неподалеку.$(p)Это, разумеется, сильно ограничивающий фактор для нашествия тех существ, которых спаунер может создать.	PASS		Текст читается естественно, ясно и соответствует английскому источнику.	272		
patchouli-lang:botania:botania.page.spawnerClaw1	sha256:dd25a2102026a18d58359124b1e0308112ccb5ddc0daa297908f0ea5a19b5309	A $(item)Life Imbuer$(0) is an alternative: when placed over a $(item)Monster Spawner$(0), it'll use $(thing)Mana$(0) (fed from a $(l:mana/spreader)$(item)Spreader$(0)$(/l)) to induce spawning in the absence of players.	Установив $(item)Вздох жизни$(0) на вершине $(item)Спаунера мобов$(0) и выделив ему весьма приличный кусок $(thing)Маны$(0) через $(item)Распространитель маны$(0), полученная $(thing)Мана$(0) оживит спаунер, призывая мобов вне зависимости от того, присутствует рядом игрок или нет.	PASS		Текст читается естественно, ясно и соответствует английскому источнику.	224		
patchouli-lang:botania:botania.page.spawnerClaw2	sha256:e8e334079314f1e9846ecd3a8f5e28210fdf27029b9a44c9697cec2d4be94a74	Just a little push	Что-то, нечто - тень дракона	PASS		Текст читается естественно, ясно и соответствует английскому источнику.	28		
patchouli-lang:botania:botania.page.spawnerMover0	sha256:041cea89378730e58313a0098849d37a7faee979c2397d9f0cb623564149792f	When a $(l:alfhomancy/elf_resources)$(item)Dragonstone$(0)$(/l), $(l:alfhomancy/elf_resources)$(item)Elementium$(0)$(/l), $(l:ender/ender_air)$(item)Ender Air$(0)$(/l), and $(l:alfhomancy/gaia_ritual)$(item)Gaia Spirits$(0)$(/l) are crafted in a specific pattern, they yield a device that can restrain the curious energies of a $(item)Monster Spawner$(0) and carry it to another point in space.$(p)Unfortunately, the device will shatter after being used once.	Объединив $(item)Камень дракона$(0), $(item)Элементий$(0) и $(item)Дух Гайи$(0) особым способом, можно создать устройство, которое может захватывать $(item)Спаунер мобов$(0) и в последующем материализовать его в другой точке пространства.$(p)Следует отметить, что устройство будет уничтожено после материализации.	PASS		Текст читается естественно, ясно и соответствует английскому источнику.	265		
patchouli-lang:botania:botania.page.spawnerMover1	sha256:36bb90b2e04038e9c138d1d671a8c34fa02dc813ba25c0275a5698e27e39eb17	A spawner parcel	Мы получили Спаунер, но это ещё не победа.	PASS		Текст читается естественно, ясно и соответствует английскому источнику.	42		
patchouli-lang:botania:botania.page.spectralPlatform0	sha256:b3d06c9ea0aba916e6701df4e812ea5222c5368d558fa9ca71030382d04ec6ac	The $(item)Spectral Platform$(0) is an $(l:devices/platform)$(item)Abstruse Platform$(0)$(/l) with even less presence-- in fact, no physical body whatsoever. The $(l:devices/platform)$(item)Abstruse Platform$(0)$(/l) is tangible in certain cases; the $(item)Spectral Platform$(0) is permeable to anything, regardless of its position.	$(item)Спектральная платформа$(0) - это аналог $(item)Заумной платфомы$(0), но совсем не имеющая плотности при взаимодействии с игроком. $(item)Заумная платформа$(0) хотябы в одном случае будет иметь физическую форму, а $(item)Спектральная платформа$(0) всегда позволяет проходить сквозь неё, вне зависимости от стороны.	CHANGE	$(item)Спектральная платформа$(0) — это $(l:devices/platform)$(item)Заумная платформа$(0)$(/l) без физического тела. В некоторых случаях $(l:devices/platform)$(item)Заумная платформа$(0)$(/l) становится осязаемой, но сквозь $(item)Спектральную платформу$(0) всегда проходит что угодно, с любой стороны.	Исправлены грамматика и неестественные обороты.	276	206	0.746
patchouli-lang:botania:botania.page.spectralPlatform1	sha256:ac3cfbed033606c17353804563fa5d365eacbab6ec1e156da3b707651f350766	This reminds me of a Puzzle	Это напоминает пазл	PASS		Текст читается естественно, ясно и соответствует английскому источнику.	19		
patchouli-lang:botania:botania.page.spectranthemum0	sha256:faf678c305a916f53288fd173626f60d62330f421566bea0c2443317f97572e0	Long-distance item transport can be an arduous task; at some point, water channels and $(l:functional_flowers/daffomill)$(item)Daffomills$(0)$(/l) just won't cut it. The $(item)Spectranthemum$(0) uses $(thing)Mana$(0) to warp the fabric of reality around any items near it, teleporting them elsewhere in the world. Note that $(thing)Mana$(0)-containing items interfere with the warp and can't be teleported.	Транспортировка предметов на большие расстояния может быть трудной задачей. Вода и $(item)Тупомельник$(0) не всегда помогают. $(item)Спектрантимум$(0), поглощая $(thing)Ману$(0), телепортирует предметы, которые не содержат $(thing)Маны$(0), в другое место. Подобного рода телепортация применяется лишь один раз от каждого цветка.	PASS		Текст читается естественно, ясно и соответствует английскому источнику.	283		
patchouli-lang:botania:botania.page.spectranthemum1	sha256:da32608f8aecea6bcdcbeb1543f7e64260c0bc32ac38e33d46ec40595520becc	Note also that cost scales with the distance teleported-- single items can go over 2000 blocks, though your mana pools won't like it!$(p)To specify the destination of warped items, use a $(l:basics/wand)$(item)Wand of the Forest$(0)$(/l) in $(thing)Bind Mode$(0) to bind the flower to a location, the same way one would to a pool. To view what block the flower is bound to (as opposed to the pool it's pulling $(thing)Mana$(0) from), sneak while looking at it with a wand.	Чтобы указать, куда телепортировать предметы, достаточно привязать цветок к любому блоку с помощью $(item)Посоха леса$(0) (подобно привязке к бассейну). Максимальный радиус для привязки - 12 блоков. Чтобы посмотреть, к какому блоку привязан цветок, достаточно навестись на него $(item)Посохом леса$(0).	PASS		Текст читается естественно, ясно и соответствует английскому источнику.	280		
patchouli-lang:botania:botania.page.spectranthemum2	sha256:50e1f15eb8f193e3fe5c0722d659085983ffa6276597d3288c55040a8aef097c	This flower is bound by the $(thing)axiom of chunkloading$(0); i.e. it won't send items to unloaded chunks. This topic, however, is beyond the scope of this lexicon.	Этот цветок работает только при $(thing)Прогрузке чанков$(0). Эта тема не рассматривается в полной мере в этом Лексиконе. $(p)$(o)Рекомендовано к прочтению: «Chunks and chicken», «Якоря мира».	PASS		Текст читается естественно, ясно и соответствует английскому источнику.	172		
patchouli-lang:botania:botania.page.spectranthemum3	sha256:ebeff6b415a5ee8c4dd156ca1215af82aced4bf9263ff7d39887b713a4ed3558	$(o)(n)spooky(n+2)me$().	$(o)Убери это от меня$(0)!	PASS		Текст читается естественно, ясно и соответствует английскому источнику.	18		
patchouli-lang:botania:botania.page.spectrolus0	sha256:0cff593241a219d12f86b4809443c9d78d417beb72f72e5e167ed98827f913d0	The $(item)Spectrolus$(0) is a flower that's particularly fond of the various hues of $(item)Wool$(0). It'll consume any and all $(item)Wool$(0) blocks dropped nearby, converting them to $(thing)Mana$(0).$(p)However, it's picky as to what colors it wants. Starting from $(item)White$(0), after it eats one piece of $(item)Wool$(0), it'll rotate to the next color in the spectrum.	$(item)Спектролис$(0) - это цветок, который особенно любит разные цвета $(item)Шерсти$(0). Он поглотит всю $(item)Шерсть$(0), упавшую поблизости, и создаст из них $(thing)Ману$(0). Однако есть предостережение. Он придирчив к тому, какие цвета он хочет. Начинайте с белого цвета, после того как он поглотит один кусок $(item)Шерсть$(0), он будет вращаться до следующего цвета в спектре.	PASS		Текст читается естественно, ясно и соответствует английскому источнику.	329		
patchouli-lang:botania:botania.page.spectrolus1	sha256:056e09359b513410a66fcbb3778be99b7eaaf40a724c2f59ad41238433ca7399	While it'll consume all $(item)Wool$(0) around it, it'll only create any mana if it gets the color it wants-- so haphazardly tossing $(item)Wool$(0) at it is wasteful at best.$(p)The color craves at any given moment can be seen by hovering over the flower with a $(l:basics/wand)$(item)Wand of the Forest$(0)$(/l).	В то время как он потребляет всю $(item)Шерсть$(0) вокруг, он будет создавать только ману. $(p)Цвет, который он будет поглощать должным образом, можно увидеть, зависая над Цветком с $(item)Посохом леса$(0).	PASS		Текст читается естественно, ясно и соответствует английскому источнику.	180		
patchouli-lang:botania:botania.page.spectrolus1.5	sha256:99aa9101985ec25c19ffe7f49052411f1558f658a0d5bda822a7bc98dfb81b9a	"The flower is widely known to consume refined wool, but you wonder what would happen if you gave it wool straight ""from the source""?..."	"Этот цветок хорошо известен тем, что потребляет состриженную шерсть, но что, если вы дадите ему шерсть прямо ""из источника""...?"	PASS		Текст читается естественно, ясно и соответствует английскому источнику.	127		
patchouli-lang:botania:botania.page.spectrolus2	sha256:ee8a02a021df246cdd5198b81bb5f07c147ee2b127a33ec2d4e469d0c92c3c5b	$(o)Taste the Rainbow$().	$(o)Попробуй радугу$().	PASS		Текст читается естественно, ясно и соответствует английскому источнику.	16		
patchouli-lang:botania:botania.page.speedUpBelt0	sha256:3d82597a71cd22c3ab8534b575df243b68c0d20f0b3caf9eafcc0aa199c71c66	The $(item)Planestrider's Sash$(0) is an alternative to the $(l:baubles/travel_belt)$(item)Sojourner's Sash$(0)$(/l).$(p)Unlike its counterpart, it provides no speed boost by default-- however, the more its wearer moves, the faster they get, allowing them to hit truly ludicrous speeds. If its user stops running, however, their bonus is reset.	$(item)Кушак ускорения$(0) является альтернативой $(item)Кушака Пилигрима$(0).$(p)По сравнению с $(item)Кушаком Пилигрима$(0), $(item)Кушак ускорения$(0) увеличивает скорость передвижения не сразу. Таким образом, чем больше Вы ходите, тем Вы быстрее. Если Вы остановитесь, бонус ускорения будет сброшен.	PASS		Текст читается естественно, ясно и соответствует английскому источнику.	255		
patchouli-lang:botania:botania.page.speedUpBelt1	sha256:8b23e1bd67f7c6156360bb5724bae47c3b76457be8781eddf119f33c3ec14cc4	If you go slow you're a Planeswalker	Если Вы медленно передвигаетесь, Вы Мироходец	PASS		Текст читается естественно, ясно и соответствует английскому источнику.	45		
patchouli-lang:botania:botania.page.spellCloth0	sha256:504691e2f53028e094ecd08b7d17c8af708cbbef99612da2270f66fed7826aee	$(l:tools/manaweave)$(item)Manaweave Cloth$(0)$(/l), when combined with a $(l:mana/pool)$(item)Mana Pearl$(0)$(/l)'s displacive properties, can become a type of cloth that dispels all $(thing)Enchantments$(0) or $(thing)Curses$(0) it touches.$(p)Combining the $(item)Spellbinding Cloth$(0) with any enchanted item in a crafting table will remove all enchantments, including curses, from that item (at the cost of some of the cloth's durability).	Комбинируя $(item)Шерсть$(0) с некоторым кол-вом $(item)Маны$(0) в форме $(item)Жемчуга маны$(0), можно создать тканью, которая поглотит любые $(thing)Зачарования$(0), с которыми она соприкасается. $(p)Комбинирование $(item)Ткани поглащения заклинаний$(0) с любым зачарованным предметом в крафтинговом столе удалит все зачаровывания,зачаровывая этот предмет ценой некоторой прочности ткани.	PASS		Текст читается естественно, ясно и соответствует английскому источнику.	330		
patchouli-lang:botania:botania.page.spellCloth1	sha256:ee8213a9f86bf4c66a2e860ced5d8ff2342bc920be24ada74b1ec1ff7a879ad6	Oldest item in the book	Самый старый предмет в книге	PASS		Текст читается естественно, ясно и соответствует английскому источнику.	28		
patchouli-lang:botania:botania.page.spreader0	sha256:fdd90b91ad4f2e7785d64e7fe3ae09ca0beeabb4548152b4c3ce91f2ddf32bb8	The $(item)Mana Spreader$(0) is the single most important tool a botanist needs to manipulate $(thing)Mana$(0).$(p)This block shoots $(thing)Mana$(0) from point A to point B. It faces a cardinal direction when placed, but sneak-right clicking it with a $(l:basics/wand)$(item)Wand of the Forest$(0)$(/l) on a face points it elsewhere. It can be aimed at other blocks with a wand in $(thing)Bind Mode$(0).	$(item)Распространитель Маны$(0) - это самый важный компонент в деле $(thing)Управления Маной$(0).$(p)Этот блок перемещает $(thing)Ману$(0) из точки А в точку Б. При размещении он смотрит в одну из шести сторон, но щелчок Shift+ПКМ $(l:basics/wand)$(item)Посохом леса$(0)$(/l) повернёт $(item)Распространитель маны$(0) в противоположную от Вашего нажатия сторону. Он также может быть направлен на блоки посохом в $(thing)Режиме привязки$(0)	PASS		Текст читается естественно, ясно и соответствует английскому источнику.	346		
patchouli-lang:botania:botania.page.spreader1	sha256:e3f823859c54ecfde8b1cca930ac7bbbcbab56049d8b4a280e00688f3326b092	The $(item)Mana Spreader$(0), as seen with a $(l:basics/wand)$(item)Wand of the Forest$(0)$(/l) held	$(item)Распространитель Маны$(0), как видно при удерживании $(item)Посоха Леса$(0)	PASS		Текст читается естественно, ясно и соответствует английскому источнику.	60		
patchouli-lang:botania:botania.page.spreader10	sha256:236f6070b6d28960ad4ea00397264f79499ab9d2aee1f9c217279061cf1bffab	Right-clicking the spreader with a piece of $(item)Wool$(0) will sleeve it. In addition to making the spreader look fancier, it'll also muffle the sound when a burst is shot, reducing the potential noise of a large number of spreaders in one area.$(p)Right-clicking will remove the sleeve.	Нажав ПКМ по распространителю $(item)Шерстью$(0), Вы покроете его ею. Помимо того, что шерсть делает его более привлекательным, она еще и приглушает звук при испускании лучей, делая его не таким неприятным, особенно когда на небольшой территории стоят сразу несколько распр-телей. Если повторно кликнуть по нему ПКМ пустой рукой, Вы снимите покрытие из шерсти.	PASS		Текст читается естественно, ясно и соответствует английскому источнику.	349		
patchouli-lang:botania:botania.page.spreader11	sha256:040202154c788af33dbb24336762a76a6519d9ca29f3ec5a05cb9bb72d109d7d	Applying a $(thing)Redstone Signal$(0) to a spreader will pause its firing of bursts. If finer control is required, a $(l:mana/redstone_spreader)$(item)Pulse Mana Spreader$(0)$(/l) is recommended, as it fires upon a redstone signal in lieu of a target.	Распространитель можно отключить с помощью $(thing)редстоун-сигнала$(0). Но для большего контроля рекомендуем пользоваться $(item)Красным распространителем$(0), т.к. он испускает лучи только по редстоун-сигналу и не требует цели.	PASS		Текст читается естественно, ясно и соответствует английскому источнику.	206		
patchouli-lang:botania:botania.page.spreader12	sha256:e54a25c9f2ccae64ce31d1dfffdbdfc45ed27552d17acdc2d883dfedf38b2eb9	Similarly, right-clicking it while holding $(item)Scaffolding$(0) will surround it in a sturdy frame. This allows it to support fragile redstone components like buttons and levers on all sides. Redstone dust, repeaters, and similar can also be placed on top of it. This also seems to allow the spreader to entirely contain water placed inside it.$(p)Right-click while sneaking to remove the scaffolding again.	Аналогично, щелчок ПКМ, удерживая $(item)Подмостки$(0), окружит его прочной рамкой. Это позволит ему поддерживать хрупкие компоненты редстоуна, такие как кнопки и рычаги, со всех сторон. На него также можно разместить редстоун-пыль, повторители и другие компоненты. Похоже, это также позволяет распространителю полностью удерживать в себе воду.$(p)Повторный щелчок Shift+ПКМ пустой рукой уберет подмостки.	PASS		Текст читается естественно, ясно и соответствует английскому источнику.	390		
patchouli-lang:botania:botania.page.spreader2	sha256:0dd2b40b2fdb3f812e1a41d4ebe15f5e6d1f4aba1d244762abe7aca2ede597eb	The $(item)Mana Spreader$(0) has a small internal buffer of $(thing)Mana$(0), which will get filled by $(thing)Generating Flora$(0) bound to it. (Flowers, when placed, auto-bind to the nearest spreader.) This buffer can be viewed by hovering over the $(item)Spreader$(0) with a $(l:basics/wand)$(item)Wand of the Forest$(0)$(/l) in hand.	$(item)Распространитель маны$(0) имеет небольшой внутренний буфер $(thing)Маны$(0), который может быть заполнен стоящими рядом $(thing)Генерирующими цветами$(0). Этот буфер можно увидеть с помощью $(item)Посоха леса$(0).$(p)Нужно просто щелкать на этот блок ПКМ с $(item)Посохом леса$(0), а при удерживании ПКМ вы получите более точное значение.	PASS		Текст читается естественно, ясно и соответствует английскому источнику.	284		
patchouli-lang:botania:botania.page.spreader3	sha256:95e78a65c8dcdb0d2802a32bcd68fbc407b34ec4fdc1ea60f228aafd38770b5e	Holding a $(l:basics/wand)$(item)Wand of the Forest$(0)$(/l) makes nearby spreaders display aiming beams. Hovering over a spreader highlights its target. The sparkles show where $(thing)Mana Loss$(0) begins to occur.$(p)As long as the target of the spreader can accept $(thing)Mana$(0) (that is, can contain $(thing)Mana$(0) and isn't full), the spreader will repeatedly fire $(thing)Mana Bursts$(0), which travel to their destination and transfer their $(thing)Mana$(0) to it.	Держа $(item)Посох Леса$(0), Вы увидите, куда направлен луч распр-теля. При помощи посоха можно также посмотреть его цель, которая показана под буфером. Искра на конце луча показывает, что за ее пределами начнется серьезная $(thing)потеря маны$(0). Если цель распр-теля способна хранить $(thing)ману$(0) и не наполнена ею целиком, он выстрелит $(thing)сгустком$(0), который отправится к цели и передаст ману в ее буфер.	CHANGE	Если держать $(l:basics/wand)$(item)Посох Леса$(0)$(/l), рядом с распространителями появятся лучи прицеливания. Наведите взгляд на распространитель, чтобы подсветить его цель. Частицы показывают, где начинается $(thing)Потеря маны$(0).$(p)Пока цель может принимать $(thing)Ману$(0), то есть хранит $(thing)Ману$(0) и ещё не заполнена, распространитель выпускает $(thing)Сгустки маны$(0), которые летят к цели и передают ей свою $(thing)Ману$(0).	Исправлены сокращения, грамматика и пропущенные детали.	372	349	0.938
patchouli-lang:botania:botania.page.spreader4	sha256:ed74c98f81632c7d14029559589406c0626772f3010caee159587dc60b81514d	The spreader will only fire another burst when the last one hits its target.$(p)Furthermore, a $(thing)Mana Burst$(0) will start suffering $(thing)Mana Loss$(0) after a small amount of time: this can be seen in the burst's appearance, as it thins at that point.	Распр-тель выстреливает только одним сгустком, и пока он не достигнет цели, новый из распр-теля не вылетит. Более того, эти сгустки начинают $(thing)терять ману$(0) спустя небольшой промежуток времени в полете. Это можно увидеть по лучу, который становится меньше, когда теряет ману. $(thing)Небольшая потеря маны$(0) также происходит, когда луч попадает в распр-тель.	PASS		Текст читается естественно, ясно и соответствует английскому источнику.	344		
patchouli-lang:botania:botania.page.spreader5	sha256:0ddd25849eb74049f1562e58dd0097967a5a7df16313895468898b1913634275	Crafting the $(item)Mana Spreader$(0)	Создание $(item)Распространителя маны$(0)	PASS		Текст читается естественно, ясно и соответствует английскому источнику.	30		
patchouli-lang:botania:botania.page.starSword0	sha256:7dd98a228d79688a596c5e8d4822f472df46ef6a2a5f0333579444bda20cce05	The $(item)Starcaller$(0) is a blade with the power to call upon the wrath of the stars. When swung, the blade summons a falling star from the heavens to the point the wielder is looking at, dealing damage to whatever stands there. This sword is nontrivial to acquire, with $(l:ender/ender_air)$(item)Ender Air$(0)$(/l) and a $(l:tools/terra_sword)$(item)Terra Blade$(0)$(/l) both being components in its crafting. Do note that any enchantments on the latter will be lost.	$(item)Зовущий звёзды$(0) - это клинок, способный вызвать гнев звёзд. Когда клинок взмахивает, он вызывает падающую звезду с небес к точке, на которую смотрит владелец, нанося урон всему, что находится в этой точке. Этот меч не так легко заполучить: в его крафте используются $(l:ender/ender_air)$(item)Воздух Эндера$(0)$(/l) и $(l:tools/terra_sword)$(item)Терралезвие$(0)$(/l). Учтите, что любые зачарования на последнем будут потеряны.	PASS		Текст читается естественно, ясно и соответствует английскому источнику.	352		
patchouli-lang:botania:botania.page.starSword1	sha256:0b3aaf729645002acfbfee091398136beb484d848fa1891dfb5215aa6a305d80	Caller, fury, whatever...	Призыватель, гнев, неважно...	PASS		Текст читается естественно, ясно и соответствует английскому источнику.	29		
patchouli-lang:botania:botania.page.starfield0	sha256:b3517ddedc2d5f02a6b8f9b4f2dd42f3d8855fa661503b434e0150d112dbf00a	The $(item)Starfield Creator$(0) does exactly as its name suggests: at night, it releases Elven energies into the air to create a starry sky.	$(item)Творец созвездий$(0) делает то, что вы видите из названия. Выпуская эльфийскую энергию в воздух, он, если размещен в мире, в ночное время будет создавать звездное небо, которое простирается на большое расстояние.	PASS		Текст читается естественно, ясно и соответствует английскому источнику.	208		
patchouli-lang:botania:botania.page.starfield1	sha256:b96573cbd41322e14de5b5e4102c001993b0caeb1a217e6c050f8b82dd4ef851	Twinkle twinkle	Блести и сверкай	PASS		Текст читается естественно, ясно и соответствует английскому источнику.	16		
patchouli-lang:botania:botania.page.superCloudPendant0	sha256:ab96d2726022a7f91240acec008a80a6e4741f0d32ae29ab49d7987950dedb00	The $(item)Nimbus Amulet$(0) is an upgraded form of the $(l:baubles/cloud_pendant)$(item)Cirrus Amulet$(0)$(/l). Infused with the power of $(l:alfhomancy/gaia_ritual)$(item)Gaia Spirits$(0)$(/l), it allows its wearer to $(thing)triple-jump$(0).	$(item)Амулет нимба$(0) - это улучшенная версия $(item)Амулета перистого облака$(0), заряженная силой $(item)Духа Гайи$(0), которая позволяет делать $(thing)тройной прыжок$(0).	PASS		Текст читается естественно, ясно и соответствует английскому источнику.	131		
patchouli-lang:botania:botania.page.superCloudPendant1	sha256:10196885de6061c964e277ea55be763677f25e3b2a23f609d99215ccf5783c9d	Magic > physics	Магия > Физика	PASS		Текст читается естественно, ясно и соответствует английскому источнику.	14		
patchouli-lang:botania:botania.page.superLavaPendant0	sha256:1f5118eaf48bed061c446f31a30a901d1f34115f14fdb085ed7b35fbae853381	The $(item)Crimson Pendant$(0) is an upgrade to the $(l:baubles/lava_pendant)$(item)Pyroclast Pendant$(0)$(/l). Wearing it provides the wearer full-on immunity to fire damage (from flames, lava, etc.)	$(item)Багровый кулон$(0) - это, в простом понимании, улучшенный двойник $(item)Пирокластического кулона$(0). При ношении он даёт иммунитет ко всем видам повреждений от огня и лавы, а не просто тушит возгорание.	PASS		Текст читается естественно, ясно и соответствует английскому источнику.	189		
patchouli-lang:botania:botania.page.superLavaPendant1	sha256:78514c5f6d30a44b557932043041f638cb801f031045d58f2935678377eca677	You can now take a lava bath	Теперь Вы можете принять лавовую ванну	PASS		Текст читается естественно, ясно и соответствует английскому источнику.	38		
patchouli-lang:botania:botania.page.superTravelBelt0	sha256:4bd6df1c8c351599f9d92fa9c7fc478be307aa9afe5dcb00a4881cb8e32584ef	The $(item)Globetrotter's Sash$(0) is nothing more than an upgrade to the $(l:baubles/travel_belt)$(item)Sojourner's Sash$(0)$(/l). $(l:alfhomancy/gaia_ritual)$(item)Gaia Spirits$(0)$(/l) and $(l:alfhomancy/elf_resources)$(item)Elven resources$(0)$(/l) allow this belt's wearer (for some $(thing)Mana$(0), of course) to reach incredible speeds-- the $(l:baubles/travel_belt)$(item)Sojourner's Sash$(0)$(/l) doesn't even stand a chance in comparison.	$(item)Кушак Пилигрима$(0) - это, с простой точки зрения, улучшенная версия $(item)Пояса странника$(0). Используя $(item)Дух Гайи$(0) и немного эльфийских даров, этот новый пояс позволит носителю достичь невероятных скоростей, которые совершенно не достижимы с $(thing)Поясом странника$(0).	PASS		Текст читается естественно, ясно и соответствует английскому источнику.	245		
patchouli-lang:botania:botania.page.superTravelBelt1	sha256:2678c543d630062752bb3b5bc310e9e31be88542f09e236749f31b0f65651853	No time for guessing, follow my plan instead	Нет времени гадать, а следовать моему плану надо	PASS		Текст читается естественно, ясно и соответствует английскому источнику.	48		
patchouli-lang:botania:botania.page.swapRing0	sha256:f6e94c7188dcdc97b1422e417da364e4e7becec388a80e6cbebe48413d6f28db	Switching tools can be a pain, especially when you find yourself shoveling away at dirt with... an axe? The $(item)Ring of Correction$(0) is a great way to, well, correct those problems.$(p)With this ring equipped, the tool in hand will always be the right one for the block being broken, be it pick, axe, shovel, hoe, or shears. As long as you have the relevant $(thing)Mana$(0)-using tools on hand.	Переключение инструментов - это боль. Люди часто копают землю... киркой? Использование $(item)Кольца исправления$(0) - отличный способ избежать этого.$(p)При ношении кольцо будет самостоятельно менять инструменты у Вас в руках для добычи блоков, но это будет работать только с теми инструментами, которые могут использовать $(thing)Ману$(0).	PASS		Текст читается естественно, ясно и соответствует английскому источнику.	314		
patchouli-lang:botania:botania.page.swapRing1	sha256:bf11ca4d76558e52980b7bf7aef2ab3f874305f7f66cdffb428ee0bc17db9206	Use the right tools	Используй только правильные инструменты	PASS		Текст читается естественно, ясно и соответствует английскому источнику.	39		
patchouli-lang:botania:botania.page.tangleberrie0	sha256:791258cec6a1a16731a32b9a5a2d4e43fb5376f70f22d0c8cd96143f9164163c	The $(item)Tangleberrie$(0) is a flower that, for a small $(thing)Mana$(0) drain, keeps any nearby animals or monsters within a circular ward, preventing them from getting out.	$(item)Путоягода$(0) это цветок, который, поглощая небольшое количество $(thing)маны$(0), будет удерживать любых ближайших животных или монстров в пределах определенного радиуса вокруг цветка, не давая им выйти за его пределы.	PASS		Текст читается естественно, ясно и соответствует английскому источнику.	203		
patchouli-lang:botania:botania.page.tangleberrie1	sha256:7019fa18167221c574966922ef36185e68a6e0a17eee2f962b1df1ae7745fe7b	$(o)Tangled, brave and frozen$().	$(o)Запутанный, храбрый и отмороженный$(0).	PASS		Текст читается естественно, ясно и соответствует английскому источнику.	35		
patchouli-lang:botania:botania.page.temperanceStone0	sha256:870705b1680f30436817c3afd33c464b6e29968257df146cd05078cda22e28e8	The $(l:tools/terra_pick)$(item)Terra Shatterer$(0)$(/l) can tear through huge tracts of land like lightning when charged to its maximum potential; however, this might not always be the user's intention. A small, 3x3 region might be more fitting in certain cases; thus, an active $(item)Stone of Temperance$(0) in the inventory will prevent a $(l:tools/terra_pick)$(item)Terra Shatterer$(0)$(/l) from breaking any wider areas.	Полностью заряженный $(item)Землекрушитель$(0) может молниеносно разрывать огромные участки земли, даже когда это не является целью пользователя. Небольшой туннель 3x3 будет предпочтительней в некоторых случаях; поэтому активный $(item)Камень сдержанности$(0) в инвентаре предотвратит $(l:tools/terra_pick)$(item)Землекрушитель$(0)$(/l) от разрушения более широких областей.	CHANGE	Полностью заряженный $(l:tools/terra_pick)$(item)Землекрушитель$(0)$(/l) молниеносно разрушает огромные участки земли, но это не всегда нужно. Иногда лучше оставить область 3x3: активный $(item)Камень сдержанности$(0) в инвентаре не даёт $(l:tools/terra_pick)$(item)Землекрушителю$(0)$(/l) ломать более широкие области.	Убраны кальки и грамматические ошибки; восстановлены смысл и разметка английского источника.	315	234	0.743
patchouli-lang:botania:botania.page.temperanceStone1	sha256:7213c2175cdc6306e0816a40979251017303c571409f24275a94c854e747697c	Don't lose it	Не потеряй это	PASS		Текст читается естественно, ясно и соответствует английскому источнику.	14		
patchouli-lang:botania:botania.page.temperanceStone2	sha256:1601d6d2acb5cde31459f271f638428c5715d43204021c1c9842960e5b819d50	Other items may have effects that are slightly too powerful in certain situations as well. An active $(item)Stone of Temperance$(0) also turns off the $(l:tools/terra_axe)$(item)Terra Truncator$(0)$(/l), reduces the area affected by the $(l:tools/exchange_rod)$(item)Rod of the Shifting Crust$(0)$(/l), and prevents certain speed boosts, such as the one by the $(l:baubles/water_ring)$(item)Ring of Chordata$(0)$(/l).$(p)The stone can be toggled on/off by right clicking it, either in your inventory or your hand.	Это также влияет на $(l:tools/terra_axe)$(item)Терратопор$(0)$(/l) и $(l:tools/exchange_rod)$(item)Жезл Обмена$(0)$(/l). Камень можно включать/выключать на ПКМ в инвентаре или в руке.	PASS		Текст читается естественно, ясно и соответствует английскому источнику.	108		
patchouli-lang:botania:botania.page.terraAxe0	sha256:88014de52993640d5fb6f23c99368a3edcb14e1411a4bcd510622655ae504db5	The $(item)Terra Truncator$(0) is a greataxe of a premium quality achievable only with $(l:basics/terrasteel)$(item)Terrasteel$(0)$(/l). It can fell an entire tree at once, using $(thing)Mana$(0) to break all its logs and leaves in one fell swoop.$(p)It won't do so while its user is sneaking or has a $(l:tools/temperance_stone)$(item)Stone of Temperance$(0)$(/l).	$(item)Терратопор$(0) - это превосходное качество, достигаемое только с $(item)Террасталью$(0). При ударе по дереву все это будет снижаться со скоростью, принося с собой все журналы и листья. Конечно, это происходит из-за высокого кол-ва требуемой $(thing)Маны$(0). $(p)Этот эффект не происходит если зажат Shift или если у пользователя есть $(item)Камень сдержанности$(0).	CHANGE	$(item)Терратопор$(0) — могучий топор высшего качества, доступного лишь благодаря $(l:basics/terrasteel)$(item)Террастали$(0)$(/l). Одним ударом он валит целое дерево, расходуя $(thing)Ману$(0), чтобы разом сломать все брёвна и листья.$(p)Эффект не срабатывает, если владелец крадётся или носит $(l:tools/temperance_stone)$(item)Камень сдержанности$(0)$(/l).	Полностью исправлен нечитабельный машинный перевод.	324	250	0.772
patchouli-lang:botania:botania.page.terraAxe1	sha256:f37054baff8fbab81af18c92f334f215dfebf30435cda38edfac05a72f10ea55	TIMBEEEEEEEER	ЛЕСАААААААА	PASS		Текст читается естественно, ясно и соответствует английскому источнику.	11		
patchouli-lang:botania:botania.page.terraPick0	sha256:bafb4904aeb11b6cd9e7b5514fc268f6af7808a250ffed24ef1b554a6e2f63f6	The $(item)Terra Shatterer$(0) is a tool that, thanks to the sheer quantity of $(l:basics/terrasteel)$(item)Terrasteel$(0)$(/l) in its recipe, can absorb absolutely ludicrous amounts of $(thing)Mana$(0).$(p)The tool functions very much like a $(l:mana/mana_tablet)$(item)Mana Tablet$(0)$(/l) when tossed on a $(l:mana/pool)$(item)Mana Pool$(0)$(/l). However, any $(thing)Mana$(0) absorbed can't be released again, so it's nonviable as a storage device.	$(item)Землекрушитель$(0) - это инструмент, который может накопить безумное количество маны, потому что для его создания используется безумное количество $(item)Террастали$(0)$(p)Этот принцип похож на $(item)Планшет маны$(0), который накапливает $(thing)Ману$(0), если бросить его в $(item)Бассейн маны$(0), однако он не отдаст $(thing)Ману$(0) назад, поэтому не может использоваться как способ хранения.	PASS		Текст читается естественно, ясно и соответствует английскому источнику.	332		
patchouli-lang:botania:botania.page.terraPick1	sha256:ba399dfd4e7bb812c9baf2d7c0c8e143c73728228fa371e8995d28597bfdb6c0	The amount of $(thing)Mana$(0) stored in the tool establishes its $(thing)Rank$(0). Ranks progress as follows: $(thing)D$(0), $(thing)C$(0), $(thing)B$(0), $(thing)A$(0), $(thing)S$(0), and $(thing)SS$(0), with $(thing)D$(0) being the lowest rank and $(thing)SS$(0) the highest.$(p)The amount of $(thing)Mana$(0) required to advance from rank to rank increases exponentially as the rank does. To advance from $(thing)D$(0) to $(thing)C$(0), for starters, a Shatterer requires just a few seconds of exposure to a $(l:mana/pool)$(item)Mana Pool$(0)$(/l).	Количество $(thing)Маны$(0), хранимой инструментом, определяет его $(thing)ранг$(0). Ранги (по возрастанию): $(thing)D$(0), $(thing)C$(0), $(thing)B$(0), $(thing)A$(0), $(thing)S$(0), $(thing)SS$(0). $(thing)D$(0) это базовый ранг.$(p)Количество $(thing)Маны$(0), требуемой для перехода от ранга к рангу, каждый раз повышается. Для повышения от $(thing)D$(0) до $(thing)C$(0), например, потребуется несколько секунд выдержки в $(item)Бассейне маны$(0).	PASS		Текст читается естественно, ясно и соответствует английскому источнику.	293		
patchouli-lang:botania:botania.page.terraPick2	sha256:cd7272584176fd22fcf51fe393beab431866bc76f9aca52ec5ce39a830eda6dc	To advance from rank $(thing)C$(0) to rank $(thing)B$(0), a full $(l:mana/pool)$(item)Mana Pool$(0)$(/l) is required, and the cost increases tenfold for each rank thereafter up to $(thing)SS$(0).$(p)The rank of the tool does not change its speed; rather, it increases the range of its $(thing)Active Ability$(0).$(p)A sneak right-click in the air will toggle the Shatterer's Ability on or off.	Для повышения от $(thing)C$(0) до $(thing)B$(0), потребуется целый $(item)Бассейн маны$(0), и стоимость увеличивается в десять раз на всём пути к рангу $(thing)SS$(0).$(p)Ранг инструмента не изменяет его скорость, но вместо этого увеличивает силу $(thing)Активной способности$(0).$(p)Активная способность включается щелчком ПКМ.	PASS		Текст читается естественно, ясно и соответствует английскому источнику.	261		
patchouli-lang:botania:botania.page.terraPick3	sha256:1657ab18d4b9473dddfd2a3717275cebe6b57c601aa8a0716670704bfb90b58b	When the Shatterer's Ability is active, it can break many blocks in a wide surface area at once. At rank $(thing)C$(0), it breaks a narrow column of blocks; at rank $(thing)B$(0), it increases to a square, and surface areas increase from there on upward. Note that the rank-$(thing)D$(0) tool does not have an ability. The Shatterer, when active, continuously consumes its internal $(thing)Mana$(0) when $(l)not$() mining.	Пока инструмент активен, он позволяет ломать блоки на увеличенной области. В ранге $(thing)C$(0) - это небольшая колона, в ранге $(thing)B$(0) - это небольшая канава 3х3, и она увеличивается с каждым рангом. В ранге $(thing)D$(0) инструмент не имеет активной способности.$(p)Пока включена активная способность, $(thing)мана$(0) медленно расходуется, даже если инструмент не используется в шахте.	PASS		Текст читается естественно, ясно и соответствует английскому источнику.	343		
patchouli-lang:botania:botania.page.terraPick4	sha256:3756958eb39ab934b20cd38035444b0a00173ba217ed4d4d7ab48a23eb5cb88a	The tool takes damage for every single block broken, so a decent supply of $(thing)Mana$(0) in the wielder's inventory is a must for higher ranks: the tool will use $(thing)Mana$(0) for durability (like $(l:tools/mana_gear)$(item)Manasteel Tools$(0)$(/l) do).$(p)Finally, a Shatterer on the ground will never despawn.	И последнее, так как инструмент повреждается с каждым сломанным блоком, его нужно подпитывать большим количеством $(thing)маны$(0) из инвентаря, и тем больше, чем выше его ранг. Инструмент обладает свойствами инструментов из $(item)манастали$(0), которые потребляют $(thing)ману$(0) вместо повреждения.$(p)Также он не будет исчезать при выбрасывании, как другие обычные предметы.	PASS		Текст читается естественно, ясно и соответствует английскому источнику.	340		
patchouli-lang:botania:botania.page.terraPick5	sha256:e93c506eb640c27b9a440c47bb45440edfe8e2c0dd29e13c46d2379388a62178	WE'RE MINING IN THE DATABASE WOW WOW	МЫ КОПАЕМ В БАЗЕ ДАННЫХ ВОУ ВОУ	PASS		Текст читается естественно, ясно и соответствует английскому источнику.	31		
patchouli-lang:botania:botania.page.terraSword0	sha256:9471aa89cafb8c66956e6c1feac04fc181e934313b16e5a2a0d4df97fcfe2831	The $(item)Terra Blade$(0), crafted from $(l:basics/terrasteel)$(item)Terrasteel Ingots$(0)$(/l), is a sword infused with the strength of nature. It's on par with a $(item)Netherite Sword$(0) in terms of raw power, and when swung, can sometimes fire a beam that will deal as much as a melee hit would. Additionally, it can use $(thing)Mana$(0) for durability, much like $(l:tools/mana_gear)$(item)Manasteel Tools$(0)$(/l) can.	$(item)Терралезвие$(0), созданное из $(item)Слитков террастали$(0), является мечом, наполненым природными силами. В дополнение к тому, что он аналогичен $(item)Алмазному мечу$(0) по силе и, также как и $(item)инструменты из манастали$(0), питается $(thing)маной$(0) для защиты от поломки, он при взмахе имеет шанс создать магический луч, который наносит такой же урон, как от физического удара мечом.	CHANGE	$(item)Терралезвие$(0), созданное из $(l:basics/terrasteel)$(item)Слитков террастали$(0)$(/l), наполнено силой природы. По урону оно равно $(item)Незеритовому мечу$(0) и иногда выпускает луч, наносящий столько же урона, сколько удар вблизи. Кроме того, оно расходует $(thing)Ману$(0) вместо прочности, как $(l:tools/mana_gear)$(item)Инструменты из манастали$(0)$(/l).	Исправлены фактическая ошибка и тяжёлая структура.	344	259	0.753
patchouli-lang:botania:botania.page.terraSword1	sha256:86d4ded72a6f2d09fa4834fdd27353e949e364f9cfcc43ff3f9b01676979921b	No Broken Hero Sword	Несокрушимый героический меч	PASS		Текст читается естественно, ясно и соответствует английскому источнику.	28		
patchouli-lang:botania:botania.page.terraformRod0	sha256:6f2fd0cdbae6a62c3b2e7b443ff9477daee57a04eb1e3d0774389c3346e7801e	While digging away at dirt with a shovel is definitely a functional means of landscaping, flattening huge tracts of land can get somewhat arduous.$(p)The $(item)Rod of the Terra Firma$(0), by contrast, terraforms in a quicker and environmentally-friendlier manner.	Хотя копатся в земле лопатой очень функционально, для выровнивания больших участков местности может быть обременительным занатием.$(p)$(item)Жезл Терраформер$(0), даёт возможность проводить выравнивание земли в быстрой и экологичной манере.	CHANGE	Копать землю лопатой вполне годится для ландшафтных работ, но выравнивать огромные участки тяжело.$(p)$(item)Жезл Терраформер$(0), напротив, меняет ландшафт быстрее и бережнее к природе.	Убраны кальки и грамматические ошибки; восстановлены смысл и разметка английского источника.	225	171	0.760
patchouli-lang:botania:botania.page.terraformRod1	sha256:ae460e9fa2a3c8544f04b94661c094d355fda8e00faf4d7fba6740425497a5d9	This rod, will, at a nontrivial cost of $(thing)Mana$(0) from the user's inventory, flatten surrounding land to your own altitude. For this to happen, charge it by $(thing)holding right-click$(0), and slowly but surely, the nearby terrain will be flattened to your level, either by placing $(item)Dirt$(0) or by removing blocks.	Этот жезл, используя ману из инвентаря, будет выравнивать поверхность до уровня на котором Вы стоите. Чтобы было Вам счастье, просто удерживайте ПКМ и, медленно, но верно, местность вокруг начнёт выравниваться, либо размещая $(item)Землю$(0), либо удаляя блоки, кроме руды.	CHANGE	Этот жезл за заметную цену $(thing)Маны$(0) из инвентаря выравнивает землю вокруг до вашей высоты. Зарядите его, удерживая $(thing)ПКМ$(0), и местность рядом постепенно выровняется: жезл будет ставить $(item)Землю$(0) или убирать блоки.	Убраны кальки и грамматические ошибки; восстановлены смысл и разметка английского источника.	262	201	0.767
patchouli-lang:botania:botania.page.terraformRod2	sha256:82633e8dbf0e88d115bf9e37ce306d4b4ec2ede8d9b510badea831e61f08b70c	$(l)Blocks removed by the rod are non-recoverable.$()$(p)The terrain will adapt to the changes as best as it can (up to a distance limit) to avoid weirdly-shaped hills and so on. The flattening, thus, will follow the terrain's natural shape.$(p)Note that the rod will completely cease to function below sea level.	Будте внимательны, блоки удалённые с помощью жезла не восстановятся. Ландшафт будет изменяться самым лучшим образом на который жезл способен, в пределах дистанции его возможностей. Он будет избегать создания холмов и ям и, при выравнивании, попытается сохранить природный вид.$(p)И последнее, он не работает ниже уровня моря.	CHANGE	$(l)Блоки, удалённые жезлом, нельзя вернуть.$()$(p)Ландшафт по возможности подстроится под изменения в пределах дальности, избегая странных холмов. Поэтому выравнивание следует естественной форме местности.$(p)Ниже уровня моря жезл совсем не работает.	Убраны кальки и грамматические ошибки; восстановлены смысл и разметка английского источника.	321	236	0.735
patchouli-lang:botania:botania.page.terraformRod3	sha256:773ff0fc3f827ce0f053d2c679bd73b17f96ea71cd905cf5cd14fd1d69d90ee2	Quite a justicar	Вершим правосудие	PASS		Текст читается естественно, ясно и соответствует английскому источнику.	17		
patchouli-lang:botania:botania.page.terrasteel0	sha256:35fbb6d26f38a7a5a2fd63aff2253757cabab733d6fba6e66719bed0eb19669a	$(item)Terrasteel$(0) is a complex and useful magical alloy, infused with ridiculous amounts of $(thing)Mana$(0). Synthesizing it proves to be no small task. For starters, its creation requires a $(item)Terrestrial Agglomeration Plate$(0) placed over a checkerboard pattern of $(item)Lapis Lazuli Blocks$(0) and $(l:basics/pure_daisy)$(item)Livingrock$(0)$(/l) (or $(l:tools/rainbow_rod)$(item)Shimmerrock$(0)$(/l)). This block then needs to be provided with $(thing)Mana$(0), with $(l:mana/sparks)$(item)Sparks$(0)$(/l) being the most efficient mode of transfer.	$(item)Террасталь$(0) - это сложный магический сплав, наполненный $(thing)маной$(0), для создания которого требуется немало усилий. Для начала Вам нужно создать особую пластину (см. дальше) и поставить ее на структуру из $(item)Блоков лазурита$(0) и $(item)Жизнекамня$(0), расположенных в шахматном порядке. Также необходимо провести к этому блоку $(thing)ману$(0), и лучше всего делать это с помощью $(item)Искр$(0).	PASS		Текст читается естественно, ясно и соответствует английскому источнику.	349		
patchouli-lang:botania:botania.page.terrasteel1	sha256:60854842d36dd0680a1f63062ed0c4874eb902f5e5d8f5d668ea02a05ab9f756	Creating the plate	Создание пластины	PASS		Текст читается естественно, ясно и соответствует английскому источнику.	17		
patchouli-lang:botania:botania.page.terrasteel2	sha256:fc3018fa74b02a0701123575061d92994959bb0c4afb1daf5b28efb0148a44e2	After a plate is set up and ready to receive $(thing)Mana$(0), tossing one $(l:mana/pool)$(item)Manasteel Ingot, Mana Diamond and Mana Pearl$(0)$(/l) each upon the plate will begin the infusion.$(p)Picking up any of the items will halt the infusion, causing severe $(thing)Mana Loss$(0) (all mana transferred to the plate is lost). The infusion uses about half a $(l:mana/pool)$(item)Mana Pool$(0)$(/l)'s worth of Mana to create a single piece of $(thing)Terrasteel$(0); multiple $(l:mana/sparks)$(item)Sparks$(0)$(/l) passing it $(thing)Mana$(0) will accelerate the process.	Как только пластина готова принимать $(thing)ману$(0), киньте на нее $(item)Слиток манастали, Маналмаз и Жемчуг маны$(0) (по одному), и процесс наполнения начнется. Подобрав любой выкинутый в нее предмет, Вы остановите наполнение и $(thing)потеряете ману$(0). Кстати на создание одной $(thing)Террастали$(0) уйдет ровно половина $(item)Бассейна маны$(0). А использование $(item)Искр$(0) ускорит процесс.	PASS		Текст читается естественно, ясно и соответствует английскому источнику.	334		
patchouli-lang:botania:botania.page.terrasteel3	sha256:dfa446713e275b8c000698f7f933fd6eaec0519e3d65523492fca09d8fa0b6ba	Creating $(item)Terrasteel$(0) (there's $(l:basics/pure_daisy)$(item)Livingrock$(0)$(/l) under the plate)	Создание $(item)Террастали$(0) (под пластиной - $(item)Жизнекамень$(0))	PASS		Текст читается естественно, ясно и соответствует английскому источнику.	49		
patchouli-lang:botania:botania.page.terrasteel4	sha256:41b4af823542daaf6c6210426d5f0f2e60ac24c9dea080cfaf4ce6e65d7f8333	T.A. Plate	З.Н. Пластина	PASS		Текст читается естественно, ясно и соответствует английскому источнику.	13		
patchouli-lang:botania:botania.page.terrasteelArmor0	sha256:fc1011746d82c80a799c60ed7f4cd6c216db0f626ecc01507a8e2e0a85ce5f49	Armor made out of $(l:basics/terrasteel)$(item)Terrasteel$(0)$(/l), much like its $(item)Manasteel$(0)-based counterpart, can use $(thing)Mana$(0) from the inventory to heal damage.$(p)However, its properties are comparable more to $(item)Netherite$(0) armor than to $(item)Iron$(0).	Броня, сделанная из $(item)Террастали$(0), очень похожа на броню из $(item)Манастали$(0), тем, что поглощает $(thing)ману$(0) из инвентаря вместо износа.$(p)Эта броня, однако имеет некоторые свойства $(item)алмазного$(0) уровня, повышая максимальный уровень здоровья носящего их игрока.	PASS		Текст читается естественно, ясно и соответствует английскому источнику.	237		
patchouli-lang:botania:botania.page.terrasteelArmor1	sha256:dc1ef46e5d39785233d27fe3439c2cebe979099785013c892cdcc95871d8d31e	The $(item)Terrasteel Helmet$(0)	Шлем из террастали	PASS		Текст читается естественно, ясно и соответствует английскому источнику.	18		
patchouli-lang:botania:botania.page.terrasteelArmor2	sha256:98fe99d2d4f5dba63e0b3273ded4456eb7e8694fba4a75d955217f0209e98dc0	The $(item)Terrasteel Chestplate$(0)	Кираса из террастали	PASS		Текст читается естественно, ясно и соответствует английскому источнику.	20		
patchouli-lang:botania:botania.page.terrasteelArmor3	sha256:33985c1e4b92d579cb1c96a5f7ad69b3c125bd0abcf9feb3630ff9b44d9833ca	The $(item)Terrasteel Leggings$(0)	Поножи из террастали	PASS		Текст читается естественно, ясно и соответствует английскому источнику.	20		
patchouli-lang:botania:botania.page.terrasteelArmor4	sha256:d004d6fef0fbe471fb89ab9123849f09ad59983a1df5ac10c1d4f9b0e6598fa0	The $(item)Terrasteel Boots$(0)	Ботинки из террастали	PASS		Текст читается естественно, ясно и соответствует английскому источнику.	21		
patchouli-lang:botania:botania.page.teruTeruBozu0	sha256:685541816dc1c6f96183e1e371bfb68fc493bb6dad5bfe12225b4e4a1ae3f26f	$(item)Teru Teru Bozu$(0) are amulets that ward away bad weather. Simply crafting one of these and placing it in the world will decrease the durations of $(thing)Rain-$(0) and $(thing)Snowstorms$(0). During bad weather, offering it (via right-click or throw) a $(item)Sunflower$(0) will make the sun return. Attaching a $(item)Redstone Comparator$(0) to one of these allows it to detect bad weather.	$(item)Тэру-тэру-бодзу$(0) известен как амулет, которые может предотвратит плохую погоду. Простое создание одного из них и размещение его в мире уменьшит время, в течение которого $(item)Дождь$(0) или $(item)Снег$(0) будут длиться. В плохую погоду, щелкнув правой кнопкой мыши с символом $(item)Подсолнуха$(0) или бросая цветок, у него появится солнце. Присоединение $(item)Компаратора$(0) к одному из них позволяет обнаружить плохую погоду.	CHANGE	$(item)Тэру-тэру-бодзу$(0) — амулеты, отгоняющие непогоду. Создайте и установите один, чтобы сократить продолжительность $(thing)Дождей$(0) и $(thing)Снегопадов$(0). Во время непогоды подарите ему $(item)Подсолнух$(0), нажав ПКМ или бросив цветок, и солнце вернётся. Подключённый $(item)Редстоуновый компаратор$(0) позволяет обнаруживать непогоду.	Исправлены согласование и описание взаимодействия.	386	290	0.751
patchouli-lang:botania:botania.page.teruTeruBozu1	sha256:52e537250e69719844cd0cd232eda79eb5b28e1bfb9a460bc0ed30b80bcc5626	What makes the Sunflower so special, anyway?	Что делает подсолнух таким особенным?	PASS		Текст читается естественно, ясно и соответствует английскому источнику.	37		
patchouli-lang:botania:botania.page.teruTeruBozu2	sha256:f6fe7a5a14fa58d27cb0458aabec3f498e165edb5ecc8995996e03fcf18e7024	While $(item)Teru Teru Bozu$(0) love $(item)Sunflowers$(0), offering a $(item)Blue Orchid$(0) may put a dampener on both their mood and the weather.	Хотя $(item)Тэру-тэру-бодзу$(0) обожают $(item)Подсолнухи$(0), подношение $(item)Синей Орхидеи$(0) может ухудшить их настроение и погоду.	CHANGE	$(item)Тэру-тэру-бодзу$(0) обожают $(item)Подсолнухи$(0), а подношение $(item)Синей Орхидеи$(0) портит и настроение, и погоду.	Исправлено управление и упрощена фраза.	104	93	0.894
patchouli-lang:botania:botania.page.thermalily0	sha256:a08ad7c4ba751d29aea29c0e091b73662a461166d88ed9b2e36ad47bff383e47	The $(item)Thermalily$(0) is a $(item)Lava$(0)-flavoured counterpart to the $(l:generating_flowers/hydroangeas)$(item)Hydroangeas$(0)$(/l). The flower absorbs $(item)Lava$(0) around it (at the same altitude) to generate $(thing)Mana$(0).$(p)After absorbing one block of $(item)Lava$(0), the flower will produce $(thing)Mana$(0) continually for around 30 seconds. Afterwards, though, it needs a bit of time to cool down before it can produce any more.	$(item)Теплолилия$(0) является аналогом $(item)Водогортензии$(0). Она будет поглощать $(item)Лаву$(0) из площади 3x3 вокруг себя на той же высоте, создавая из неё $(thing)Ману$(0).$(p)После поглощения $(item)Лавы$(0) цветок будет создавать ману около 30 секунд. После этого потребуется немного времени (около 5 минут), чтобы цветок возобновил работу.	PASS		Текст читается естественно, ясно и соответствует английскому источнику.	290		
patchouli-lang:botania:botania.page.thermalily1	sha256:122542f4139dddb219986df2feb83d6086fd86202a25876cbaa42b5c47758db0	As temperamental as its drink of choice, though, it tends to randomly vary how long a cooldown period lasts-- anywhere from 20 seconds to a full 5 minutes!$(p)You can tell how long its most recent cooldown period lasts with a $(item)Redstone Comparator$(0): twenty seconds for each level of strength.	Настолько же темпераментный, как и его напиток, этот цветок может случайным образом изменять продолжительность периода восстановления - от 20 секунд до целых 5 минут!$(p)Вы можете определить, сколько времени продлится его последний период восстановления, используя $(item)Редстоуновый компаратор$(0): двадцать секунд на каждый уровень силы.	PASS		Текст читается естественно, ясно и соответствует английскому источнику.	325		
patchouli-lang:botania:botania.page.thermalily2	sha256:507c42f622d66d08f2597e70b916384fcb6ea6e919562da6ad2eab4d54adbbe0	"The $(thing)Mana$(0) throughput the $(item)Thermalily$(0) produces during its active phase is extremely high; it's an ideal flower for a quick boost in stores.$(p)However, during its ""cooldown"" period, any adjacent $(thing)Lava$(0) will be absorbed and reset the cooldown without yielding any $(thing)Mana$(0)."	Количество $(thing)Маны$(0), которое производит $(item)Теплолилия$(0) в течение своего активного периода, чрезвычайно велико, что является очень функциональным цветком, когда требуется много маны.	PASS		Текст читается естественно, ясно и соответствует английскому источнику.	173		
patchouli-lang:botania:botania.page.thermalily3	sha256:045517b02886ab272cefc264ff18fa57e8f3be5e2cb5b22934d1a057837eea4f	"While placing $(item)Lava$(0) in the world is definitely possible via $(item)Dispensers$(0), automatically gathering it and carrying it from the $(thing)Nether$(0) or deep underground is not.$(p)As such, the $(item)Thermalily$(0) is classified as a ""semi-automatable"" flower."	"Можно также размещать $(item)Лаву$(0) с помощью $(item)Раздатчиков$(0), автоматически собирать и переносить её из $(thing)Нижнего мира$(0) или глубин мира, но это уже совсем другая история...$(p)Таким образом, $(item)Теплолилия$(0) классифицируется как ""полуавтоматизируемый"" цветок."	PASS		Текст читается естественно, ясно и соответствует английскому источнику.	234		
patchouli-lang:botania:botania.page.thermalily4	sha256:c6e74b950cf484b2f9cae167f2ad4b9362ac56603e0df55878fbf470b822003a	$(o)The hardest flower in the game$().	$(o)Самый сложный цветок в игре$(0).	PASS		Текст читается естественно, ясно и соответствует английскому источнику.	28		
patchouli-lang:botania:botania.page.thirdEye0	sha256:bb171f9229685ba1ec73d3de727dbdfa87609c03f0358f06bcb89ef6de1b49d5	The $(item)Third Eye$(0) is an sensory aid of sorts. When worn in the $(thing)Body$(0) slot, it uses $(thing)Mana$(0) to cause nearby mobs to glow, making them visible even through walls.	$(item)Третий глаз$(0) - это необычный помощник, который можно носить в слоте $(thing)тела$(0).$(p)При ношении он будет потреблять небольшое количество $(thing)Маны$(0), подсвечивая ближайших мобов и позволяя видеть их сквозь стены.	PASS		Текст читается естественно, ясно и соответствует английскому источнику.	193		
patchouli-lang:botania:botania.page.thirdEye1	sha256:66939cf3774d9bc5cbdf9160b5a715ed84f91c41772d143286c21d7d61f1e735	Read their positions, not their minds	Читайте их позиции, а не мысли	CHANGE	Читай их положение, а не мысли	Исправлена неестественная формулировка или языковая ошибка; смысл и разметка сохранены.	30	30	1.000
patchouli-lang:botania:botania.page.thorRing0	sha256:f1550171bc2dcadc040f8cf9160d518f2632c49aff5e012d740c02a3c4d755cc	One of the three mythical rings of the $(thing)Aesir$(0), the $(item)Ring of Thor$(0) bestows upon its wearer the might of the Thunder God. When equipped, it dramatically increases a $(l:tools/terra_pick)$(item)Terra Shatterer$(0)$(/l)'s area of effect.	Одно из трёх мифических колец $(thing)Асов$(0), $(item)Кольцо Тора$(0) наделяет своего носителя силой Бога Грома. При ношении оно значительно увеличивает область действия $(l:tools/terra_pick)$(item)Землекрушителя$(0)$(/l).	PASS		Текст читается естественно, ясно и соответствует английскому источнику.	163		
patchouli-lang:botania:botania.page.thornChakram0	sha256:ae379743d2b739e0c27772b8e9957849db0a3c2dab2fda62971e4e78ae3933b1	The $(item)Thorn Chakram$(0) is a thrown weapon crafted from $(l:basics/terrasteel)$(item)Terrasteel$(0)$(/l) and plant matter. When thrown, a chakram pierces through enemies, dealing damage with a chance to leave behind poison. It bounces off blocks, and returns to its thrower after about three seconds like a boomerang.$(p)Up to 6 $(item)Thorn Chakrams$(0) can be stacked together, making them deadly in closed spaces.	$(item)Шипастый чакрам$(0) - это метательное оружие из $(item)Террастали$(0) и растительного материала. При броске он пронзает врагов, нанося урон с шансом отравления, и несколько раз отскакивает от блоков, прежде чем вернуться к метателю, подобно бумерангу.$(p)До 6 $(item)Шипастых чакрамов$(0) могут быть сложены вместе, что делает их смертельно опасными в замкнутых пространствах.	PASS		Текст читается естественно, ясно и соответствует английскому источнику.	346		
patchouli-lang:botania:botania.page.thornChakram1	sha256:bcc29b9179bbbd63bfd14eb537abc237cb48f7117251e18a690d9f87ec145855	Spores and stingers	Споры и жала	PASS		Текст читается естественно, ясно и соответствует английскому источнику.	12		
patchouli-lang:botania:botania.page.thunderSword0	sha256:1a7a32d567cdcd00a6b1864a3691fb1d2a04bf0c8dcafe405b7e014cf4b903cf	The $(item)Thundercaller$(0) is a dual-pronged sword with the ability to conjure lightning. Crafted from materials like a $(l:tools/terra_sword)$(item)Terra Blade$(0)$(/l) and $(l:ender/ender_air)$(item)Ender Air$(0)$(/l), it sacrifices the power of long-ranged attacks for the power to zap multiple targets in one stroke.$(p)An attack from the $(item)Thundercaller$(0), in a crowd, will generate a chain of lightning that zaps nearby hostile mobs.	$(item)Зовущий гром$(0)- это двусторонний меч, способный вызывать молнии. Созданный из таких материалов, как $(l:tools/terra_sword)$(item)Терралезвие$(0)$(/l) и $(l:ender/ender_air)$(item)Воздух Эндера$(0)$(/l), он жертвует силой дальнобойных атак ради возможности поражать несколько целей за один удар.$(p)Атака $(item)Зовущего гром$(0) в толпе создаст цепь молний, поражающих ближайших враждебных существ.	PASS		Текст читается естественно, ясно и соответствует английскому источнику.	307		
patchouli-lang:botania:botania.page.thunderSword1	sha256:8ffce4971e056587474b5e32d3e1bc92da4aba2442ef0f8b08dbe61926d98fb4	Blessed Blade of the Trade Chat	Священное Лезвие Торгового Чата	PASS		Текст читается естественно, ясно и соответствует английскому источнику.	31		
patchouli-lang:botania:botania.page.tigerseye0	sha256:f68117569443bdbbab57f7adf0c2bd30d158544d22ce53019d7fe5b8bb24612b	It's a known fact that $(thing)Creepers$(0) are terrified of $(thing)cats$(0).$(p)The $(item)Tigerseye$(0) exploits that fact, emitting a feline aura to petrify any nearby $(thing)Creepers$(0) and preventing them from exploding. As a side-effect, it makes them flee nearby $(thing)players$(0).	Всем известно, что $(thing)Криперы$(0) боятся $(thing)кошек (оцелотов)$(0).$(p)$(item)Тигроглаз$(0) использует именно эту слабость Криперов. Излучая кошачью ауру, цветок останавливает ближайших $(thing)Криперов$(0), предотвращая их взрыв. Он также наделяет эффектом, заставляющим $(thing)Криперов$(0) убегать прочь от $(thing)игроков$(0).	PASS		Текст читается естественно, ясно и соответствует английскому источнику.	263		
patchouli-lang:botania:botania.page.tigerseye1	sha256:1dd0150bb1ac20afdff136b01dae29444bd6632c47426b36bab174306d6384b4	$(o)Risin' up to the challenge of our rivals$().	$(o)Отвечаем на вызов наших соперников$(0).	PASS		Текст читается естественно, ясно и соответствует английскому источнику.	35		
patchouli-lang:botania:botania.page.tinyPlanet0	sha256:0c345c10448c78c66a6d6c13087e33f7c5c682bdccd0039434c0e0c33b646e0d	The $(item)Tiny Planet$(0) is a $(thing)Trinket$(0) with gravitational properties. When equipped, it pulls nearby $(thing)Mana Bursts$(0) into orbits around its wearer.$(p)By increasing its mass with some $(item)Stone$(0), it can also be placed as a block for the same effect.	$(item)Микропланета$(0) это $(thing)безделушка$(0) с гравитационными свойствами. Когда $(item)Микропланета$(0) экипирована, она притянет ближайшие $(thing)Всплески маны$(0) к игроку, заставя их двигаться по орбите вокруг него.$(p)Увеличив массу микропланеты с помощью $(item)Камня$(0), можно разместить её в мире с тем же эффектом.	PASS		Текст читается естественно, ясно и соответствует английскому источнику.	270		
patchouli-lang:botania:botania.page.tinyPlanet1	sha256:e95c20cba28c1000dad76b6fc34ea2a43eeba117745ab88220639fc4f203404a	Clearly from rebirth	Очевидно из перерождения	PASS		Текст читается естественно, ясно и соответствует английскому источнику.	24		
patchouli-lang:botania:botania.page.tinyPlanet2	sha256:24550200173ccbbb2e02779a0a48e722fe79d2f46245ca20246c608e52ee0961	More of a planet than Pluto	Планета больше чем Плутон	PASS		Текст читается естественно, ясно и соответствует английскому источнику.	25		
patchouli-lang:botania:botania.page.tinyPotato0	sha256:975aaa51cfca80522cf24b7edd6dd3730ce857df173ee4f7a53246e6770f0b3b	It's a tiny potato! It believes in you!$(p)No. Really, that's it. A $(item)Potato$(0), thrown into a $(l:mana/pool)$(item)Mana Pool$(0)$(/l), gains a little spark of life and joy. The $(item)Tiny Potato$(0) is lively, but patting it with a right-click will make it even more so!$(p)A Potato can also be named in an $(item)Anvil$(0).	Это мини-картофель! Он верит в вас!$(p)Нет, правда, это всё. $(item)Картошка$(0), брошенная в $(l:mana/pool)$(item)Бассейн маны$(0)$(/l), получает немного жизни и радости. $(item)Мини-картофель$(0) живой, но поглаживание его правой кнопкой мыши сделает его ещё более оживлённым!$(p)Картошку также можно назвать в $(item)Наковальне$(0).	PASS		Текст читается естественно, ясно и соответствует английскому источнику.	264		
patchouli-lang:botania:botania.page.tinyPotato1	sha256:9ed282dafb9cabd831b759a900b7044a4763ac1aa9cef0072192a016ab4d34e7	Believe in it, who believes in you	Верьте в него, как он верит в вас	PASS		Текст читается естественно, ясно и соответствует английскому источнику.	33		
patchouli-lang:botania:botania.page.tinyPotato2	sha256:873f2cbf7559947b5a9f4dbbfdd339ee5924ea5c8c6233120ddc6bcb5842e2a3	The potato can be given items (with right-click) to hold; one item per side of the Potato. (Items placed on its bottom face will show up on the lower half of the Potato's front.)$(p)Unfortunately, potatoes aren't exactly known for their dexterity, so some items may look out of place when held. (And that's okay.)	Картошке можно давать предметы (правым щелчком мыши) для удержания; по одному предмету с каждой стороны Картошки. (Предметы, размещённые на нижней грани, будут отображаться на нижней части передней стороны Картошки.)$(p)К сожалению, картошки не славятся своей ловкостью, поэтому некоторые предметы могут выглядеть неуместно, когда они держатся. (И это нормально.)	PASS		Текст читается естественно, ясно и соответствует английскому источнику.	359		
patchouli-lang:botania:botania.page.tornadoRod0	sha256:dc7b2d085f5da784c081a75e61a22bc9bf9c040f2d68ab1614d50c7a93cd7e0b	The $(item)Rod of the Skies$(0) uses $(thing)Mana$(0) to launch its user high in the air.$(p)To use it, simply right-click with it and watch yourself soar.$(p)The rod, after usage, will briefly enter a mode where it negates fall-damage, keeping its user safe.	$(item)Жезл Небес$(0) это магический инструмент за небольшое количество $(thing)маны$(0) способен быстро подбросить Вас в воздух. Для этого просто держите его как лук, и наблюдайте как их импульс вас поднимает.$(p)Жезлу нужно немного времени для перезарядки, но в течение этого времени он будет блокировать любой урон от падения, сохраняя игрока в безопасности.	CHANGE	$(item)Жезл Небес$(0) тратит $(thing)Ману$(0), чтобы высоко подбросить владельца.$(p)Просто нажмите ПКМ и взлетайте.$(p)После использования жезл ненадолго отменяет урон от падения, защищая владельца.	Убраны кальки и грамматические ошибки; восстановлены смысл и разметка английского источника.	334	168	0.503
patchouli-lang:botania:botania.page.tornadoRod1	sha256:671ba8c286f77922a720f49db1875fd13370cd439bebb4f2f52e8b52819eed1e	A treasure from Lorule	Сокровище из Лорулы	PASS		Текст читается естественно, ясно и соответствует английскому источнику.	19		
patchouli-lang:botania:botania.page.tornadoRod2	sha256:f641e7acb9caf0f03491c13d2b0181e6e8968b3b8bd31d67476dcd15c7529c0e	This rod can be given to a $(l:devices/avatar)$(item)Livingwood Avatar$(0)$(/l). When so given, an avatar will use its $(thing)Mana$(0) to launch any players that jump near the avatar as if they'd used the rod themselves.$(p)While gliding with $(item)Elytra$(0), using this rod will grant a small boost similar to a $(item)Firework$(0). An avatar holding the rod provides a greater boost to players gliding nearby.	Этот жезл может быть отдан $(item)Тотему из жизнедерева$(0). Когда это будет сделано, все игроки возле аватара будут запущены высоко в воздухе, как если бы они использовали жезл, когда бы они ни прыгали. Этот процесс использует § 4Ману$(0) из тотема, и его можно отключить, применив к нему сигнал красного камня.	PASS		Текст читается естественно, ясно и соответствует английскому источнику.	295		
patchouli-lang:botania:botania.page.travelBelt0	sha256:43e63b8a0ea07a8d6f761274c642984ab9867e859a84b0171a9a41c4e02240f6	Traversing lots of terrain sometimes proves to be a hassle. The $(item)Sojourner's Sash$(0) is a $(thing)Belt$(0) that, when worn, uses a trickle of $(thing)Mana$(0) to buff its wearer's movement speed, jump height, and fall-damage resistance. It also allows a non-sneaking wearer to step up one-block-high gaps as if they were stairs.	Путешествие по местности иногда может быть хлопотным занятием. $(item)Пояс странника$(0) при экипировке в слот $(thing)Ремня$(0) повысит скорость передвижения, высоту прыжка и снизит урон от падения.$(p)Наконец, если не красться, он также позволяет владельцу с легкостью подниматься на высоту более одного блока без прыжка.	PASS		Текст читается естественно, ясно и соответствует английскому источнику.	296		
patchouli-lang:botania:botania.page.travelBelt1	sha256:10e6dc21e0b7e42f1e7eca45ca5230b24bb8a78a2e3965d0a3718e82c91c408b	...everell	...эверелл	PASS		Текст читается естественно, ясно и соответствует английскому источнику.	10		
patchouli-lang:botania:botania.page.turntable0	sha256:c874bd4b3d2bebeb3fee4f5eca909f742c9a80e4d8d7369c01628cfb7b470fbf	The $(item)Spreader Turntable$(0), as its name implies, continually rotates a $(l:mana/spreader)$(item)Mana Spreader$(0)$(/l) placed upon it. Placing a spreader on a turntable will set it spinning; a redstone signal pauses its spin.$(p)To change the speed of a turntable, right-click it with a $(l:basics/wand)$(item)Wand of the Forest$(0)$(/l); sneak-right clicking it will change its direction.	$(item)Поворотный стол для распространителей$(0), как следует из названия, может вращать $(item)Распространители маны$(0) вокруг оси. Размещение распространителя на поворотный стол будет вращать его. Для его работы не нужен сигнал Редстоуна.$(p)Для изменения скорости вращения щелкните ПКМ с $(item)посохом леса$(0) или Shift+ПКМ для инверсии вращения.	PASS		Текст читается естественно, ясно и соответствует английскому источнику.	315		
patchouli-lang:botania:botania.page.turntable2	sha256:41447a64641d466fcb8781258ff9b37c7694ae22a35976636865a535d66f731c	Similarly, a $(item)Dispenser$(0) with a $(l:basics/wand)$(item)Wand of the Forest$(0)$(/l) from the side will change the speed, and one from the bottom will change the direction.	Крутись, крутись, крутись	PASS		Текст читается естественно, ясно и соответствует английскому источнику.	25		
patchouli-lang:botania:botania.page.vinculotus0	sha256:3ca093b003127d64e25d63c160eb239e348f132b967bb4be1c6cf5ab37b15ad2	The $(item)Vinculotus$(0) uses $(thing)Mana$(0) to hijack the powers of any $(thing)Enderman$(0) within a large radius around it. Whenever an $(thing)Enderman$(0) attempts a teleport within said radius, it's instead forced to the location of the $(item)Vinculotus$(0).	$(item)Винолотос$(0) обладает силой создавать хаос в телепортационных способностях $(thing)Эндерменов$(0) на достаточно большом отдалении от цветка. Используя $(thing)ману$(0), всякий раз когда $(thing)Эндермен$(0) попытается куда-либо телепортироваться, вместо этого, его телепортирует в местоположение $(item)Винолотоса$(0).	PASS		Текст читается естественно, ясно и соответствует английскому источнику.	268		
patchouli-lang:botania:botania.page.vinculotus1	sha256:e1890b311b91cc4a0a74552b4fdf737596213735c0ed36f628d35b6351936c2f	$(o)Touch this black lotus with your fingers$().	Дотроньтесь до этого чёрного лотоса своими пальцами	PASS		Текст читается естественно, ясно и соответствует английскому источнику.	51		
patchouli-lang:botania:botania.page.vineBall0	sha256:1ac74807ae5548c3995bcf237056449b7a99c8d7281410bc5fb525bd550fbfd3	$(item)Ladders$(0) can't support their own weight; they require supporting blocks. $(item)Vines$(0) don't, but aren't strong enough to be climbable by pushing towards them; you'll just end up walking right through them instead.$(p)On the other hand, when a bunch of $(item)Vines$(0) are balled up, they yield a throwable item that creates a climbable string of strong $(item)Vines$(0) on impact.	$(item)Лестницы$(0) не могут стоять самостоятельно, они требуют чего-то под собой, тогда как $(item)Лоза$(0) нет. Тем не менее, обычно $(item)Лозы$(0) не достаточно прочны, для того чтобы по ним подняться, когда они свободно висят.$(p)Объединив несколько $(item)Лоз$(0), можно создать шар, который можно бросить, для создания целой лестницы из $(item)лозы$(0), в том месте куда он попал .	CHANGE	$(item)Лестницы$(0) нуждаются в опоре. $(item)Лозы$(0) могут расти сами, но по ним нельзя взобраться, просто двигаясь к ним: вы пройдёте насквозь.$(p)Зато связка $(item)Лоз$(0) превращается в метательный предмет, который при попадании создаёт прочную цепочку $(item)Лоз$(0), по которой можно лазать.	Убраны кальки и грамматические ошибки; восстановлены смысл и разметка английского источника.	329	251	0.763
patchouli-lang:botania:botania.page.vineBall1	sha256:333e71d5439db3383d553a95d0046f22c8d6ac1b8d56d323ef6046c1ae157350	Combining some $(item)Livingwood Twigs$(0) with a $(item)Rune of Air$(0) yields a slingshot that lets these $(item)Vine Balls$(0) ignore gravity entirely.	Кроме того, комбинируя $(item)ЖизнедеревО$(0) и $(item)Руны воздуха$(0), можно создать рогатку, которая сможет выстрелить этим $(item)Шаром из лозы$(0), полностью игнорируя гравитацию.	CHANGE	Соедините $(item)Ветки жизнедерева$(0) с $(item)Руной воздуха$(0), чтобы получить рогатку: она запускает $(item)Шары из лозы$(0), полностью игнорирующие гравитацию.	Убраны кальки и грамматические ошибки; восстановлены смысл и разметка английского источника.	151	131	0.868
patchouli-lang:botania:botania.page.vineBall2	sha256:3494abb1fc31d01d4db56c0c3e1898f3ec68d67498c3fa326e946dd916e44901	This would be in Vineacraft...	Это мог бы быть Лозокрафт...	PASS		Текст читается естественно, ясно и соответствует английскому источнику.	28		
patchouli-lang:botania:botania.page.vineBall3	sha256:18b17ad63543661d630faa9945b977d137d54e4ea6644c81f36d583ba7421053	...if that actually existed.	...если он действительно существовал бы.	PASS		Текст читается естественно, ясно и соответствует английскому источнику.	40		
patchouli-lang:botania:botania.page.virus0	sha256:54168e56eafd6b64320612879041b6699770046341c792c0cd2c723ce68e8621	Combining certain ingredients can create a type of virus that alters the genetic makeup of equestrian life.$(p)Using one of these viruses on a $(thing)Horse$(0) will alter its genetic code, transforming it into a $(thing)Zombie$(0) or $(thing)Skeleton Horse$(0) and vastly augmenting the $(thing)Horse$(0)'s abilities in the process.	Смешивая некоторые ингридиенты, можно создать вариант вируса, который может изменить геном лошадиной жизни.$(p)Используя один из этих вирусов на $(item)лошади$(0), она изменит свой генетический код, превратившись, либо в $(item)Зомби-лошадь$(0), либо в $(item)Скелета-лошадь$(0). Мало того, он ещё и улучшит все генетические признаки $(item)лошади$(0)	CHANGE	Из некоторых ингредиентов можно создать вирус, меняющий генетику лошадей.$(p)Примените его к $(thing)Лошади$(0), чтобы изменить её генетический код и превратить в $(thing)Зомби-лошадь$(0) или $(thing)Лошадь-скелета$(0). При этом способности $(thing)Лошади$(0) значительно возрастут.	Исправлены орфография, грамматика и термины.	303	230	0.759
patchouli-lang:botania:botania.page.virus1	sha256:55fc88f806e183c0f9f9d4ab907161b8c4540abd8df3413e303fa94ca2b79ad0	No ponies here	Здесь нет пони	PASS		Текст читается естественно, ясно и соответствует английскому источнику.	14		
patchouli-lang:botania:botania.page.virus2	sha256:207ea03fcb9bf85adf030021624adffc1368241588be251bc4ee573150c234b8	None here either	Здесь тоже нет	PASS		Текст читается естественно, ясно и соответствует английскому источнику.	14		
patchouli-lang:botania:botania.page.wand0	sha256:4dbc48a9491284e408448f2ab0d8ea93cb96ed73fd68524937bd31a575a57525	A botanist's most important tool for manipulating flowers is the $(item)Wand of the Forest$(0).$(p)This wand, crafted from a pair of $(l:basics/flowers)$(item)Mystical Petals$(0)$(/l) strapped to a few $(item)Livingwood Twigs$(0), is a must-have for a huge number of botanical tasks.	Самый главный многофункциональный инструмент для ботаника - это $(item)Посох леса$(0).$(p)Этот посох, сделанный путем прививания пары $(l:basics/flowers)$(item)Мистических лепестков$(0)$(/l) любого цвета к $(item)Веткам жизнедерева$(0), нужен для выполнения большого количества задач.	PASS		Текст читается естественно, ясно и соответствует английскому источнику.	223		
patchouli-lang:botania:botania.page.wand1	sha256:6c1e3bb879758d25fde1d2c13e1ec6fc5c625f332c3ebb080e5550e9563ca2cc	The wand has two modes, $(thing)Bind Mode$(0) and $(thing)Function Mode$(0). In $(thing)Bind Mode$(0), sneak-right click it on a compatible block to select it, then sneak-right click elsewhere to bind the two blocks. In $(thing)Function Mode$(0) it simply doesn't perform this function, freeing the sneak-right click action up for other tasks.$(p)The two modes can be switched between by sneak-right clicking the wand in the air.	Посох имеет два режима: $(thing)Режим привязки$(0) и $(thing)Режим управления$(0). Кликнув Shift+ПКМ по нужному блоку в $(thing)Режиме привязки$(0), Вы выделите его. После этого, нажав Shift+ПКМ уже по другому блоку, Вы привяжете их друг к другу. В $(thing)Режиме управления$(0) это сделать просто не получится.$(p)Переключить режим можно, кликнув Shift+ПКМ по воздуху.	PASS		Текст читается естественно, ясно и соответствует английскому источнику.	317		
patchouli-lang:botania:botania.page.wand2	sha256:bcf3a02b2bc34a63c4967c3f40f91722beefe42088d947f51b0d866146962530	Sneak-right clicking a block in $(thing)Function Mode$(0) rotates the block around the axis of the side it was clicked on-- for example, using the wand on the top of a $(item)Chest$(0) will change the direction it faces. Most blocks with orientations can be reoriented this way.$(p)A $(item)Dispenser$(0) holding a wand will use the wand on the block it currently faces, when triggered.	Если посох ни к чему не привязан, то нажимая по блоку Shift+ПКМ, Вы будете вращать его вокруг той стороны, по которой кликаете.$(p)К примеру, нажав по $(item)Сундуку$(0) сверху, Вы будете вращать его по горизонтали. Это должно работать со всеми блоками, которые можно повернуть.	LENGTH_EXCEPTION	Крадясь, нажмите ПКМ по блоку в $(thing)Режиме функций$(0), чтобы повернуть его вокруг оси выбранной стороны. Например, посох по верхней стороне $(item)Сундука$(0) меняет его направление. Так можно поворачивать большинство ориентируемых блоков.$(p)$(item)Раздатчик$(0) с посохом при срабатывании применит его к блоку перед собой.	Исправлены смысловые потери, маркеры и неестественные формулировки.	263	291	1.106
patchouli-lang:botania:botania.page.wand3	sha256:c2be89e88ccfde03fa760ee3b2196db73a73ae1ea908c007cb474e2dd8b48dda	The petals used determine the colors of the wand	Лепестки определяют цвета будущего посоха	PASS		Текст читается естественно, ясно и соответствует английскому источнику.	41		
patchouli-lang:botania:botania.page.waterRing0	sha256:7ae5cff564a493bab8003244ef306af1b654db36377dad76a01cd5fb57dfdf1e	The $(item)Ring of Chordata$(0) allows its user to swim like, well, a fish. When equipped, it uses $(thing)Mana$(0) to bestow an underwater wearer with greater vision, maneuverability, and mining speed, as well as the ability to breathe indefinitely.$(p)If the speed boost becomes an issue, an active $(l:tools/temperance_stone)$(item)Stone of Temperance$(0)$(/l) can disable it.	$(item)Кольцо хордовых$(0) позволяет носителю плавать как рыба. Пока оно экипировано, носящий способен быстро плавать. Оно также даёт хорошее подводное зрение и, при наличии $(thing)Маны$(0), способность дышать под водой.	PASS		Текст читается естественно, ясно и соответствует английскому источнику.	198		
patchouli-lang:botania:botania.page.waterRing1	sha256:87836a6fcb0424642ed9ed9d20d01add6afe403667c4de86ce25315fd8a268d9	Check out that fish AI	Давай поплаваем с рыбками	PASS		Текст читается естественно, ясно и соответствует английскому источнику.	25		
patchouli-lang:botania:botania.page.waterRod0	sha256:59cffefe2ee9fe3d4bddf32eb2879cdc947f95df6e4743245516b290da2a4d73	Similarly to its land-themed counterpart, the $(item)Rod of the Seas$(0) will (at the cost of some $(thing)Mana$(0)) place a block of $(item)Water$(0) wherever it's used. Furthermore, it can refill a $(l:basics/apothecary)$(item)Petal Apothecary$(0)$(/l), as well as empty $(item)Buckets$(0) in the inventory.	Подобно своему земляному брату, $(item)Жезл Морей$(0) будет поглощать немного $(thing)маны$(0), но ставить при этом блок $(item)воды$(0).$(p)Кроме этого, он может использоваться для наполнения водой $(item)Лепесткового аптекаря$(0).	PASS		Текст читается естественно, ясно и соответствует английскому источнику.	183		
patchouli-lang:botania:botania.page.waterRod1	sha256:334af06c25ab94acd597289105f22a585fadbc88cc43d9a44d1679a8146e6441	Keep the Earth clean, it isn't Uranus	Храните Землю чистой, ведь это не Уран	PASS		Текст читается естественно, ясно и соответствует английскому источнику.	38		
patchouli-lang:botania:botania.page.welcome0	sha256:ca10ecd14f10bcf8db904b2b2ba165f53c7fabe5128319f432877208d4815799	$(o)Welcome to Botania! I congratulate you on the fine decision to strap a sapling and a book together. Or just on finding this tome in a chest. Whichever applies.$(p)$(o)You can navigate this book with the arrows at the bottom of this page, or scroll through pages with your mouse wheel.	$(o)Добро пожаловать! Поздравляю Вас с прекрасным выбором соединить на верстаке саженец и книгу, ну или найти этот том в сундуке. Можно и так, и так!$(p)$(o)Кстати, эту книгу можно листать используя стрелки внизу, колесо мыши или стрелки на клавиатуре.	CHANGE	$(o)Добро пожаловать в Ботанию! Поздравляю с отличным решением соединить саженец и книгу. Или просто найти этот том в сундуке - смотря что произошло.$(p)$(o)Листайте книгу стрелками внизу страницы или колесом мыши.	Исправлены смысловые потери, маркеры и неестественные формулировки.	240	202	0.842
patchouli-lang:botania:botania.page.welcome1	sha256:5985cc22e2b3bad8a08f27a161dba894ee7326cea53b1e3fece3303a4de094a7	"$(o)Despite its appearance, Botania is in essence a ""tech mod"": it requires you to put to use ingenuity, thought, and redstone to create and progress. Keep that in mind.$(p)$(o)Of course, you'll also be rewarded with cool toys, blocks, and equipment along the way."	"$(o)Что бы вы там себе ни напридумывали, Ботания - это, по сути, ""техно-мод"", то есть Вы должны использовать свою изобретательность и редстоун для того, чтобы создавать и развиваться. Очень полезно помнить об этом. Ну и конечно же Вы будете вознаграждены прикольными безделушками, блоками и снаряжением, куда ж без них!"	CHANGE	"$(o)Несмотря на вид, Ботания по сути - ""технический мод"": для создания и развития понадобятся изобретательность, мысли и редстоун. Помните об этом.$(p)$(o)Конечно, по пути вас ждут классные вещи, блоки и снаряжение."	Исправлены смысловые потери, маркеры и неестественные формулировки.	315	203	0.644
patchouli-lang:botania:botania.page.welcome2	sha256:92f01afc1b5dc3c26c537ae6af3d8faddb0c3b323495d9b0e2e2dbab230f0314	$(o)Botania is a mod for anybody who likes to play Minecraft because they like building cool things. It is designed to be fully playable standalone, but can also be played with other mods.$(p)$(o)With a few exceptions, everything in this mod can be fully automated with only Minecraft and itself.	$(o)Ботания будет по нраву всем, кто любит играть с целью создать разные крутые штуки. Хоть этот мод и создан в качестве автономного, также можно играть и с другими модами.$(p)$(o)Почти без исключений, всё в этом моде можно автоматизировать при помощи ванильного Майнкрафта и его собственных фишек.	CHANGE	$(o)Ботания - мод для тех, кому нравится строить в Minecraft крутые вещи. В нее можно играть отдельно или вместе с другими модами.$(p)$(o)Почти все в моде можно полностью автоматизировать, используя только Minecraft и саму Ботанию.	Исправлены смысловые потери, маркеры и неестественные формулировки.	286	219	0.766
patchouli-lang:botania:botania.page.welcome3	sha256:5f85a8b288f1cff416cbdbc837f94788e35ac7cc700abd33ba93d3ac55b0e5d2	$(o)If you happen to find yourself feeling lost, try checking out the mod's Advancements or Challenges, both of which can be found on the left-hand side of this book's main page.$(p)$(o)The book is laid out in a user-friendly way with a fair number of helpful features, so before you jump in and start playing, take a bit of time to familiarize yourself with those.	$(o)А если Вы заблудились в моде, зайдите в раздел Достижения и Испытания, который находятся в левой части главной страницы книги.$(p)$(o)Лексикон содержит большое количество удобных функций, поэтому, перед тем как погрузиться в мод, потратьте немного времени, чтобы ознакомиться с теми или иными кнопками в книге.	CHANGE	$(o)Если вы запутались, загляните в достижения или испытания: они находятся слева на главной странице книги.$(p)$(o)Книга устроена удобно и содержит много полезных функций, так что перед началом игры стоит с ними познакомиться.	Исправлены смысловые потери, маркеры и неестественные формулировки.	302	215	0.712
patchouli-lang:botania:botania.page.welcome5	sha256:d13dc09f4279fe3ef2edd3ef572f255d1820d4586023aaa319ee1339285f83b0	"$(o)The ""Entry Index"" category is helpful for searching for a particular entry, as it contains every entry in the book in one place."	"$(o)Если Вы не уверены, стоит ли читать ту или иную статью, наведите на неё мышку и зажмите Shift, чтобы посмотреть краткое описание того, о чём она.$(p)$(o)Категория ""Оглавление Лексикона"" может быть очень полезна при поиске, т. к. там есть список всех статей по алфавиту."	CHANGE	"$(o)Категория ""Указатель статей"" помогает найти нужную статью: в ней собраны все статьи книги."	Исправлены смысловые потери, маркеры и неестественные формулировки.	261	90	0.345
patchouli-lang:botania:botania.page.welcome6	sha256:30e2ede4d89e093b3b1e8475bd7f4d12e89de96b10f84718d1d7d33701dfcc2e	"$(o)And that's it for this introduction! I hope you enjoy playing with Botania as much as I enjoyed making it!$(p)$(o)~Vazkii, the mod author$(p)$(p)$(o)Continue by pressing the ""Back"" button on the bottom. Right-clicking has the same effect."	"$(o)Собственно, на этом вступление заканчивается! Теперь вы можете перейти к обучению. Надеюсь, Вам будет интересно играть с Ботанией на столько же, на сколько мне нравилось её создавать! ~Vazkii, автор мода.$(p)$(o)Чтобы продолжить, нажмите кнопку ""Назад"", находящуюся внизу. Это также можно сделать, нажав ПКМ или клавишу ""Backspace""."	CHANGE	"$(o)На этом вступление заканчивается! Надеюсь, играть в Ботанию вам будет так же приятно, как мне было ее создавать!$(p)$(o)~Vazkii, автор мода$(p)$(p)$(o)Продолжите, нажав кнопку ""Назад"" внизу. ПКМ действует так же."	Исправлены смысловые потери, маркеры и неестественные формулировки.	324	192	0.593
patchouli-lang:botania:botania.page.worldSeed0	sha256:557f16741edde14cfa4e89d3bc55d3014728b0c451ad200e8885a0c1a08b0502	$(item)World Seeds$(0) are energized pieces of elemental matter with the ability to return their user to the world's spawn point.$(p)If its user is 24 or more blocks from the world's spawnpoint, a right-click with one held will instantly teleport them to that location, consuming the seed in the process.	$(item)Мировое семя$(0) - это элемент энергитеческого возбужденного вещества, содержащий возможность вернуть своего пользователя на мировой порог. $(p)Дело в том, что человек, который использует его, находится дальше, чем 24 блока от точки порождения в мире, используя семя, посредством ПКМ, Мгновенно телепортирует их туда, потребляя семя.	CHANGE	$(item)Мировые семена$(0) — заряженные кусочки элементальной материи, возвращающие владельца к точке возрождения мира.$(p)Если до неё 24 блока или больше, нажмите ПКМ с семенем в руке, чтобы мгновенно телепортироваться туда и потратить семя.	Убраны кальки и грамматические ошибки; восстановлены смысл и разметка английского источника.	325	226	0.695
patchouli-lang:botania:botania.page.worldSeed1	sha256:f8e31bd2a7ed0068ed5bfe958091c92c47fd43a504ed133f11e15c669b3a8a90	Where the heart is	Где сердце	PASS		Текст читается естественно, ясно и соответствует английскому источнику.	10		
patchouli-lang:botania:botaniamisc.challengeInfo	sha256:c565682db8473ef4ffec97488d58512cab88c96895f54da823f753168b188560	Learn about the challenges	Узнать об испытаниях	PASS		Текст читается естественно, ясно и соответствует английскому источнику.	20		
patchouli-lang:botania:botaniamisc.challenges	sha256:40b9c8f444870eff94e260ea77c034c0078841842fedb9ba3cfe9e83b4ffb313	Challenges	Испытания	PASS		Текст читается естественно, ясно и соответствует английскому источнику.	9		
patchouli-lang:botania:botaniamisc.shiftToStopSpin	sha256:0e97fea53f51f321af7b762ad97450feff08d26f9dfd96aaf6a663bb49607c35	(SHIFT to stop animation)	(Shift для остановки анимации)	PASS		Текст читается естественно, ясно и соответствует английскому источнику.	30		
patchouli-lang:botania:item.botania.dreamwood_wand	sha256:240adcca2edc8ca033a07447eca4a606776e8dace1dde3703e5cac002eb06f16	Wand of the Elven Forest	Посох эльфийского леса	PASS		Текст читается естественно, ясно и соответствует английскому источнику.	22		
patchouli-lang:botania:item.botania.lexicon	sha256:42cc9b4b2b43803950fa7da06372d3a43e5d934f9e3b9160f485690f9ed073b0	Lexica Botania	Лексикон Ботании	PASS		Текст читается естественно, ясно и соответствует английскому источнику.	16		
patchouli-lang:botania:item.botania.sextant	sha256:de0d50ba97575b02f09c39f8d75a0730db983928ce5f52f74534b9d2d3abe256	Worldshaper's Sextant	Секстант формирователя мира	PASS		Текст читается естественно, ясно и соответствует английскому источнику.	27		
