id	source_hash	source	native_translation	verdict	recommendation	reason	native_visible_length	recommended_visible_length	length_ratio
patchouli-lang:botania:block.botania.potted_endoflame	sha256:24e977972ae91c1f939db8235e660dc1beb26d8635b752d498680db8ce03af24	Potted Endoflame	Эндопламя в горшке	PASS		Текст читается естественно, ясно и соответствует английскому источнику.	18		
patchouli-lang:botania:botania.category.alfhomancy	sha256:74f28452b7c6f9523fc90fe6e10d1dafd1950cc3d94e57e37ebd7dfa8d03a5fb	Alfhomancy	Эльфомантия	CHANGE	Эльфомантия	Уточнено по английскому источнику и упрощено для игрового текста.	11	11	1.000
patchouli-lang:botania:botania.category.alfhomancy.description	sha256:92e90a5ef080ce775720ef0ca283c2de6742d0e2baf344ffb3554c252b837c3b	Unlocking advanced botanic knowledge with help from another realm.	$(thing)Искусство эльфомантии$(0) — ветвь ботанических изысканий о взаимодействии с $(thing)Альвхеймом$(0). Этот продвинутый раздел описывает ритуалы, конструкты и мощные артефакты из измерений за $(thing)Мидгардом$(0), открывающие невиданные уровни магической автоматизации и уникальные магические методы.	CHANGE	Продвинутая ботаника с помощью знаний из другого мира.	Сокращено и приведено к естественной игровой формулировке по английскому источнику.	270	54	0.200
patchouli-lang:botania:botania.category.basics	sha256:9c0a5a34fa941f311bd406de13601867178043c0d7a248b2abf37767c19d055d	Basics and Mechanics	Основы и механики	CHANGE	Основы и механики	Уточнено по английскому источнику и упрощено для игрового текста.	17	17	1.000
patchouli-lang:botania:botania.category.basics.description	sha256:6a50c7cb13fd5a676ad45f4dd59449cdaa4215557a39541e9c827d226b4f2374	Where to start and what to aim for as a botanist in the making.	«Знание $(thing)основ$(0) — прочный фундамент нового строительства».$(p)Этот раздел описывает базовые методы и необходимые ресурсы для изучения $(thing)Ботании$(0). Работа ботаника здорово облегчается, если он знаком с основами.	CHANGE	С чего начать и к чему стремиться начинающему ботанику.	Сокращено и приведено к естественной игровой формулировке по английскому источнику.	200	55	0.275
patchouli-lang:botania:botania.category.baubles	sha256:319613c3b6187e8e40d015563adc601a50baa29c7fac703a2ec2136b73f78c94	Trinkets and Accessories	Аксессуары	LENGTH_EXCEPTION	Безделушки и аксессуары	Уточнено по английскому источнику и упрощено для игрового текста.	10	23	2.300
patchouli-lang:botania:botania.category.baubles.description	sha256:999ebc3d6fd06549fe78e283d4580dc9bc60158fbf3f3679a929f43962148a86	Equipable adornments, both decorative and functional, that provide protection, aid movement, or help in other ways.	Укрепление физической силы, обретение специальных способностей, улучшение снаряжения — всё это дают $(thing)магические аксессуары$(0). В этом разделе описаны методы использования украшений, способных помочь как с повседневными трудностями, так и в безнадёжных ситуациях.	CHANGE	Украшения: декоративные и полезные. Они защищают, помогают двигаться и не только.	Сокращено и приведено к естественной игровой формулировке по английскому источнику.	258	81	0.314
patchouli-lang:botania:botania.category.devices	sha256:5492015da12a640989d22bc0c12b120c34697d12ff8a632fed47cf62d50ec5ff	Natural Apparatus	Природные приборы	CHANGE	Природные приборы	Уточнено по английскому источнику и упрощено для игрового текста.	17	17	1.000
patchouli-lang:botania:botania.category.devices.description	sha256:c235840ca330e5145546f0d03411adbf046d34581eb2e9cbcf7de15a3bd9c85e	Simple, yet powerful devices that help with achieving various goals, usually in an automatable way.	$(thing)Природные приборы$(0) — это хитрые конструкты и мистические устройства, повышающие эффективность работы ботаника. Этот раздел даёт инструменты для поиска способов автоматизации, упрощения процессов, замены их на более эффективные магические методы.	CHANGE	Простые, но мощные устройства для разных задач, обычно пригодные для автоматизации.	Сокращено и приведено к естественной игровой формулировке по английскому источнику.	244	83	0.340
patchouli-lang:botania:botania.category.ender	sha256:146b87a383b440ac7ad19d5d6d64f372e868999f7fc43803067ab79ebe8bf5b9	Ender Artifacts	Артефакты из Энда	CHANGE	Артефакты Энда	Уточнено по английскому источнику и упрощено для игрового текста.	17	14	0.824
patchouli-lang:botania:botania.category.ender.description	sha256:c851eb5e47439bbe25e34a17f1ed2ca5946d10b4d4283d7fcf08af15ae2ac6b2	Utilizing the properties of the End void for superior automation options and other benefits.	Загадочные энергии не менее загадочного $(thing)Энда$(0) формируют уникальные артефакты. Этот раздел изучает предметы и концепты, представляющие синтез природной магии $(thing)Ботании$(0) и странных свойств $(thing)Энда$(0), и открывающие удивительные способы перемещения, хранения и усиления.	CHANGE	Свойства пустоты Энда открывают новые возможности для автоматизации и не только.	Сокращено и приведено к естественной игровой формулировке по английскому источнику.	257	80	0.311
patchouli-lang:botania:botania.category.functionalFlowers	sha256:384a84637b61aa83c95617fadf5dcb9ebb8c48ff689abf54a2d64714ccaf343f	Functional Flora	Функциональная флора	CHANGE	Функциональная флора	Уточнено по английскому источнику и упрощено для игрового текста.	20	20	1.000
patchouli-lang:botania:botania.category.functionalFlowers.description	sha256:597a0e45593f2e04bf03e313376162e993524d9a61bc2c3f92d25e751a0ea3cf	Utilizing flowers and mana to automate or simplify various tasks.	Хотя цветы $(thing)функциональной флоры$(0) красивы, они больше нужны не для красоты, а для выполнения особых задач. $(thing)Функциональная флора$(0) вытягивает ману из ближайших бассейнов, чтобы запитать свои способности: иногда цветы взаимодействуют с миром действительно поразительными способами!	CHANGE	Цветы и мана помогают автоматизировать и упрощать разные задачи.	Сокращено и приведено к естественной игровой формулировке по английскому источнику.	275	64	0.233
patchouli-lang:botania:botania.category.generationFlowers	sha256:c5ccd88f2604dc025c40d11fd0dc25081672a12a2940dfab0a4c22d01a5b9914	Generating Flora	Генерирующая флора	CHANGE	Генерирующая флора	Уточнено по английскому источнику и упрощено для игрового текста.	18	18	1.000
patchouli-lang:botania:botania.category.generationFlowers.description	sha256:f77758b537f9d4f22d5cadb263bc9bb2cdb85dcf5a39fa5c955ee98156421178	Various ways to convert resources into mana through the use of flowers.$(p)(If it seems complicated, it's usually worth the effort.)	Этот раздел описывает требования разных цветов генерирующей флоры, показывая как нужно ухаживать за цветами, чтобы обеспечить стабильный запас $(thing)маны$(0), столь нужной для постоянно растущих магических систем.	CHANGE	Способы превращать ресурсы в ману с помощью цветов.$(p)(Обычно оно того стоит.)	Сокращено и приведено к естественной игровой формулировке по английскому источнику.	203	75	0.369
patchouli-lang:botania:botania.category.mana	sha256:224ded9f5046a700b6ff9ba7b8fde25d5152b1062d2601a8f91e051e2db4d755	Mana Manipulation	Управление маной	CHANGE	Управление маной	Уточнено по английскому источнику и упрощено для игрового текста.	16	16	1.000
patchouli-lang:botania:botania.category.mana.description	sha256:252180fc9a4e8dfbe2817bf38c4b44f386d7b36e469afefc9599f1313609a2dd	Methods for collecting, distributing, and otherwise managing this very important resource.	$(thing)Мана$(0) — сама суть и эссенция магии природы; кровь $(thing)Ботании$(0). Этот раздел рассказывает о способах перемещения, хранения и манипуляции маны с помощью необычных мистических устройств — то, что нужно знать для планирования удобной структуры управления $(thing)маны$(0).	CHANGE	Как собирать, распределять и по-разному использовать этот важный ресурс.	Сокращено и приведено к естественной игровой формулировке по английскому источнику.	250	72	0.288
patchouli-lang:botania:botania.category.misc	sha256:5cb0b42660589925c804543d433ba0764dab859487e5a9ed855481dcbfec1f06	Miscellaneous	Разное	PASS		Текст читается естественно, ясно и соответствует английскому источнику.	6		
patchouli-lang:botania:botania.category.misc.description	sha256:ec69cc3924189288e7505d4bf18f68492b6df7c7483243d55b45676105619560	Various useful pieces of information.	Этот раздел — сборник всех глав, не подошедших ни под один из основных разделов. Главы включают в себя предметы с интересными свойствами, декоративные блоки, или просто разные советы и записи о мире природной магии.	CHANGE	Разные полезные сведения.	Сокращено и приведено к естественной игровой формулировке по английскому источнику.	215	25	0.116
patchouli-lang:botania:botania.category.tools	sha256:b1937987c6a94d44687d3e9c46ffbf3f335ce8951351ff03256d8baf200b34d4	Mystical Items	Мистические предметы	CHANGE	Мистические предметы	Уточнено по английскому источнику и упрощено для игрового текста.	20	20	1.000
patchouli-lang:botania:botania.category.tools.description	sha256:2a1ee7d54330c49a764be250399c340d85ed555a6d1518bb3d42e40efe6dae5d	Tools, weapons, and armor made from magical resources.	$(thing)Мистические предметы$(0) — это не только магическое оружие и броня, а бесчисленные инструменты: от магических для добычи и разрушения до мистических для созидания и творения. Но можно точно сказать, что все эти предметы имеют какие-либо свои свойства, уникальные для класса.	CHANGE	Инструменты, оружие и броня из магических материалов.	Сокращено и приведено к естественной игровой формулировке по английскому источнику.	270	53	0.196
patchouli-lang:botania:botania.challenge.animalFarm	sha256:097ebd24f7f6d8b1977a0794b9ddec2016db2296468ece14fef4d9c56ca9930e	Animal Farm	Ферма животных	PASS		Текст читается естественно, ясно и соответствует английскому источнику.	14		
patchouli-lang:botania:botania.challenge.animalFarm.desc	sha256:518314f48fbcddf7ff2745beb4a7e499752807126666b371a6bc1d44de70b1aa	Create an automated animal farm with all farmable animal types. Bonus points if the food doesn't need to be input manually.	Создайте автоматизированную ферму со всеми видами разводимых животных. Бонусные очки, если животных не надо кормить вручную.	CHANGE	Создайте автоматическую ферму со всеми видами разводимых животных. Бонусные очки, если их не нужно кормить вручную.	Уточнено по английскому источнику и упрощено для игрового текста.	124	115	0.927
patchouli-lang:botania:botania.challenge.apothecaryRefill	sha256:779272f78b1b15e88c729b9f8232d9646ef0743bb02f1be477621469f1812857	Apothecary Refiller	Автономная лепестковая чаша	CHANGE	Автодолив аптекаря	Уточнено по английскому источнику и упрощено для игрового текста.	27	18	0.667
patchouli-lang:botania:botania.challenge.apothecaryRefill.desc	sha256:c8b558dd226be50b87310327f6dfc817a5f4948b9ad29dbd48fa135e5e6ae01a	Create a system that automatically refills the $(l:basics/apothecary)Petal Apothecary$(/l) if it's empty. Bonus points if the system can also automatically create flowers, given their components.	Создайте автоматизированную систему наполнения $(l:basics/apothecary)лепестковой чаши$(/l) водой, если она пуста. Бонусные очки, если система также может автоматически создавать цветы, если внести ингредиенты для них.	CHANGE	Создайте систему, которая автоматически доливает воду в $(l:basics/apothecary)Лепестковый Аптекарь$(/l), когда он пуст. Бонусные очки, если она также создаёт цветы из заданных компонентов.	Уточнено по английскому источнику и упрощено для игрового текста.	190	161	0.847
patchouli-lang:botania:botania.challenge.autoQuarry	sha256:85715e564e950c818aeac236b63eb2092b4ab6445f778f5067fc5b11a54da971	Automated Quarry	Автоматизированный карьер	PASS		Текст естественно читается, сохраняет смысл английского источника и игровые маркеры.	25		
patchouli-lang:botania:botania.challenge.autoQuarry.desc	sha256:da6ca89b48290a751518d89ab0794f21f4b94c13a29ce8519e4f1d02f1d0b87a	Create a mining quarry that digs for ores and stone underground. It should dig out chunks of land and output all of the mined resources, sorting them. Bonus points if it can relocate automatically after it's done with an area.	Создайте автоматизированный карьер, раскапывающий руды и другие подземные ресурсы. Он должен выкапывать и выводить все добытые ресурсы с сортировкой. Бонусные баллы, если карьер может автоматически перемещаться после того, как «разобрался» с областью.	CHANGE	Создайте карьер для автоматической добычи руды и камня под землёй. Он должен выкапывать участки породы и сортировать все добытые ресурсы. Бонусные очки, если после завершения работы он сам перемещается на новое место.	Уточнено по английскому источнику и упрощено для игрового текста.	251	217	0.865
patchouli-lang:botania:botania.challenge.battery	sha256:cbee09c363eebb36ee8bd4325f9e9bad04719654738d1da00958a62f61e879f1	Mana Battery	Аккумулятор маны	CHANGE	Манабатарея	Уточнено по английскому источнику и упрощено для игрового текста.	16	11	0.688
patchouli-lang:botania:botania.challenge.battery.desc	sha256:dace0d2b1c06b2502597a02230b61240e542ed2e6102f4cb21d5007ee37d0cf6	Create a Mana Battery, a system where mana enters one pool and comes out of another, with a good number of pools as a buffer. Bonus points if the input or output can be changed.	Создайте аккумулятор маны, систему, где мана входит в один бассейн и выходит из другого, а между ними находится буфер из множества других бассейнов. Бонусные баллы, если вход или выход можно изменить.	CHANGE	Создайте манабатарею: система принимает ману в один бассейн и выдаёт из другого, используя множество бассейнов как буфер. Бонусные очки, если вход или выход можно менять.	Уточнено по английскому источнику и упрощено для игрового текста.	200	170	0.850
patchouli-lang:botania:botania.challenge.boneMealFarm	sha256:2a3e63a0ff852b2cd3d4a71afd631639bc5c5bef3d0a86acf1d746b58e87d0e9	Bone Meal-type Farm	Ферма на костной муке	PASS		Текст естественно читается, сохраняет смысл английского источника и игровые маркеры.	21		
patchouli-lang:botania:botania.challenge.boneMealFarm.desc	sha256:06f8a956ba734eda975db2a3f36ee7f418150e21643c6ccc12cddbb52e699a02	Create an automated farm that uses bone meal to quickly grow crops on demand. Bonus points if the $(l:devices/forest_drum)Drum of the Wild$(/l) isn't used.	Создайте автоматизированную ферму, использующую костную муку для быстрого выращивания сельскохозяйственных культур по мере необходимости. Бонусные очки, если $(l:devices/forest_drum)барабан дикой природы$(/l) не используется.	CHANGE	Создайте автоматическую ферму, которая по запросу ускоряет рост культур костной мукой. Бонусные очки, если не используется $(l:devices/forest_drum)Барабан дикой природы$(/l).	Уточнено по английскому источнику и упрощено для игрового текста.	196	145	0.740
patchouli-lang:botania:botania.challenge.cobbleGen	sha256:15683c96d37a29f341ef3f6262a19b3bc38314ff172007e1868053f9361949e5	Cobble Generator	Генератор булыжника	PASS		Текст читается естественно, ясно и соответствует английскому источнику.	19		
patchouli-lang:botania:botania.challenge.cobbleGen.desc	sha256:1823530436928b319b86e3f54233d4fc709765b244b8415efcfe42d44defcde5	Create an automated cobblestone generator and harvester. Bonus points if it also generates normal stone without a furnace.	Создайте автоматизированный генератор и собиратель булыжника. Бонусные очки, если он также создаёт камень без печи.	CHANGE	Создайте автоматический генератор и сборщик булыжника. Бонусные очки, если он также производит обычный камень без печи.	Уточнено по английскому источнику и упрощено для игрового текста.	115	119	1.035
patchouli-lang:botania:botania.challenge.entropinnyumSetup	sha256:47f7ba900297e6e4d78ca7364b0b89a06804b0abcf11092044f54d7008dee1d7	Entropinnyum Setup	Автономный энтропиннум	PASS		Текст естественно читается, сохраняет смысл английского источника и игровые маркеры.	22		
patchouli-lang:botania:botania.challenge.entropinnyumSetup.desc	sha256:638eb850d9e9ff8cb1f1ba1083ab32bfef9716db8688925b89978c26d3c22bc9	Create a system that automatically crafts TNT and safely feeds it to an $(l:generating_flowers/entropinnyum)Entropinnyum$(/l) flower, creating mana. Bonus points if the sand and gunpowder required for the TNT don't need to be input manually.	Полностью автоматизируйте $(l:generating_flowers/entropinnyum)энтропиннум$(/l); нужна автономная система создания динамита для безопасного кормления цветка. Бонусные баллы, если песок и порох, необходимые для динамита, не нужно вводить вручную.	CHANGE	Создайте систему, которая автоматически создаёт TNT и безопасно подаёт его цветку $(l:generating_flowers/entropinnyum)Энтропиннум$(/l), вырабатывая ману. Бонусные очки, если песок и порох для TNT не приходится подавать вручную.	Уточнено по английскому источнику и упрощено для игрового текста.	203	186	0.916
patchouli-lang:botania:botania.challenge.flowerFarm	sha256:02b254320e5ac7f6fcbc4326c6a03f9d443bf38508955b026e31eac23e40337c	Flower Farm	Цветочная ферма	PASS		Текст читается естественно, ясно и соответствует английскому источнику.	15		
patchouli-lang:botania:botania.challenge.flowerFarm.desc	sha256:0755e33e1aa03dc56279c8fba4f2a0a5af9902bea336ab9d844a6dec3199825c	Create an automated farm of all 16 colors of Botania flowers. Bonus points if the flowers are sorted.	Создайте автоматизированную ферму для всех 16 цветков Ботании. Бонусные очки за сортировку. Ещё бонусные очки, если вы почему-то сделали ферму всех цветов Ботании, хотя я вроде бы говорил только про мистические.	CHANGE	Создайте автоматическую ферму цветков Ботании всех 16 цветов. Бонусные очки, если цветки сортируются.	Уточнено по английскому источнику и упрощено для игрового текста.	211	101	0.479
patchouli-lang:botania:botania.challenge.fullCropFarm	sha256:573e91992b764b2216ab65d360cd0b447eb92a99b0228317a57842545c848733	Full Crop Farm	Полная ферма с/х культур	CHANGE	Ферма всех культур	Уточнено по английскому источнику и упрощено для игрового текста.	24	18	0.750
patchouli-lang:botania:botania.challenge.fullCropFarm.desc	sha256:a8a1421df418e265be9ddb699fa364eda969fc1fb7d46784f46bc3ede18f6ae8	Create a crop farm with all types of crops (wheat, carrot, potato, beetroot, melon, pumpkin, cocoa, and nether wart) that runs at full efficiency. Bonus points if the outputs are sorted.	Создайте максимально быструю автоматизированную ферму культур со всеми типами сельскохозяйственных культур (пшеница, морковь, картофель, свекла, арбуз, тыква, какао и незерский нарост). Бонусные очки, если ресурсы сортируются.	CHANGE	Создайте ферму всех культур (пшеницы, моркови, картофеля, свёклы, арбузов, тыкв, какао-бобов и незерского нароста), работающую на полную мощность. Бонусные очки, если урожай сортируется.	Уточнено по английскому источнику и упрощено для игрового текста.	226	186	0.823
patchouli-lang:botania:botania.challenge.kekimurusSetup	sha256:bde03e02c5c0c0b54627a1dfbc75cac4ab941187f9f2f56da92699c5c16bf778	Kekimurus Setup	Автономный кекимурус	PASS		Текст естественно читается, сохраняет смысл английского источника и игровые маркеры.	20		
patchouli-lang:botania:botania.challenge.kekimurusSetup.desc	sha256:1a1ee745c2583740bfe5bee6fc5d6a503706015818c30eb0c59aa6cff682b340	Fully automate a $(l:generating_flowers/kekimurus)Kekimurus$(/l); every part of the system must be automated and self-sustaining. Bonus points if only one crafty crate is used.	Полностью автоматизируйте $(l:generating_flowers/kekimurus)кекимурус$(/l); каждая часть системы должна быть автономной и самоподдерживающейся. Бонусные очки, если используется только один сборочный ящик.	CHANGE	Полностью автоматизируйте $(l:generating_flowers/kekimurus)Кикиморус$(/l): все части системы должны работать автоматически и поддерживать себя сами. Бонусные очки, если используется только один сборочный ящик.	Уточнено по английскому источнику и упрощено для игрового текста.	165	171	1.036
patchouli-lang:botania:botania.challenge.mobTower	sha256:cb1457f0e44601046b905df099e4a53a753a1c65c77fe4c3becdc200e6a14ed7	Spawning Tower	Башня-ферма мобов	CHANGE	Башня мобов	Уточнено по английскому источнику и упрощено для игрового текста.	17	11	0.647
patchouli-lang:botania:botania.challenge.mobTower.desc	sha256:76e68147dc3b63a7d81660b07b83813d29f3ed86902da801869b49baa2934263	Create a tower style mob farm. Mobs must be sorted and put into specific chambers. Spawners can be used. Bonus points if the farm functions at 100%% efficiency without a player's interaction.	Создайте ферму мобов в башне. Мобы должны быть отсортированы и помещены в выделенные для каждого вида камеры. Можно использовать рассадники монстров. Бонусные очки, если ферма функционирует со 100%%-ой эффективностью без вмешательства игрока.	CHANGE	Создайте башенную ферму мобов. Мобы должны сортироваться по отдельным камерам. Можно использовать спавнеры. Бонусные очки, если ферма работает на 100%% без участия игрока.	Уточнено по английскому источнику и упрощено для игрового текста.	242	171	0.707
patchouli-lang:botania:botania.challenge.orechid	sha256:a994eb6c345b47a7d2a24147bf1beec9e7bce95f71226c004e046d6c324d43f9	Automated Orechid	Автономный рудоцвет	PASS		Текст естественно читается, сохраняет смысл английского источника и игровые маркеры.	19		
patchouli-lang:botania:botania.challenge.orechid.desc	sha256:fff5d98f838090b014a6b3ac063d209974ae751d73fe35dcaaea5d8cc79474dd	Create a system that allows for the $(l:functional_flowers/orechid)Orechid$(/l) flower to be fully automated. Bonus points if the output is smelted and sorted.	Полностью автоматизируйте $(l:functional_flowers/orechid)рудоцвет$(/l). Бонусные баллы, если ресурсы на выходе плавятся и сортируются.	LENGTH_EXCEPTION	Создайте систему, полностью автоматизирующую $(l:functional_flowers/orechid)Рудноцвет$(/l). Бонусные очки, если добытое переплавляется и сортируется.	Уточнено по английскому источнику и упрощено для игрового текста.	98	113	1.153
patchouli-lang:botania:botania.challenge.potionBrewer	sha256:515465323b971c9d3f6ae1816af0987f7cac54d81cca778686a41b6def2995e7	Automated Brewing	Автоматизированное отвароварение	PASS		Текст естественно читается, сохраняет смысл английского источника и игровые маркеры.	32		
patchouli-lang:botania:botania.challenge.potionBrewer.desc	sha256:540436de4ab20f3d620ab95ad3a953faba257e9ebfdc89819f320ad85cb286d1	Create a system that can make all types of brews automatically on demand. Bonus points if it keeps a set of incenses always ignited in the player's base.	Создайте автоматизированную систему создания отваров по мере необходимости. Бонусные очки, если система поддерживает множество манаароматических палочек на базе игрока всегда зажжёнными.	CHANGE	Создайте систему, которая по запросу автоматически готовит все виды варев. Бонусные очки, если она поддерживает набор благовоний на базе игрока постоянно зажжённым.	Уточнено по английскому источнику и упрощено для игрового текста.	186	164	0.882
patchouli-lang:botania:botania.challenge.pureDaisy	sha256:13d769ab53ed152bd3c71aac659ce0866b4cb1e7c33cb309f9cd7055e5aa587d	Auto Pure Daisy	Автономная маргаритка	LENGTH_EXCEPTION	Автоматизация маргаритки	Уточнено по английскому источнику и упрощено для игрового текста.	21	24	1.143
patchouli-lang:botania:botania.challenge.pureDaisy.desc	sha256:d348cecdd5b00ef9aa786dcd6eee3fd9805698eb1669a50389ee2db5eaae9999	Completely automate the $(l:basics/pure_daisy)Pure Daisy$(/l). Bonus points if only one spreader is used and/or if the wood/stone input is also automated.	Полностью автоматизируйте $(l:basics/pure_daisy)чистую маргаритку$(/l). Бонусные баллы, если используется только один распространитель и/или если входящее дерево/камень также автоматизировано.	CHANGE	Полностью автоматизируйте $(l:basics/pure_daisy)Чистую маргаритку$(/l). Бонусные очки, если используется только один распространитель и/или автоматически подаются дерево и камень.	Уточнено по английскому источнику и упрощено для игрового текста.	165	152	0.921
patchouli-lang:botania:botania.challenge.recordFarm	sha256:49543f08273daeef958862e0411dc4a27ffac45464f5d18692e8c03990517fd0	Record Farm	Ферма пластинок	PASS		Текст читается естественно, ясно и соответствует английскому источнику.	15		
patchouli-lang:botania:botania.challenge.recordFarm.desc	sha256:f7662c3bd2731470ad055c4626a2a58c19a43b974740f8a249b418d209d58ea6	Create a system that produces records through the death of creepers at the hands of skeletons. Bonus points if it doesn't require a player's presence.	Создайте систему, которая производит пластинки через смерть криперов от скелетов. Бонусные очки, если ферма не требует присутствия игрока.	CHANGE	Создайте систему, в которой скелеты убивают криперов, добывая пластинки. Бонусные очки, если присутствие игрока не требуется.	Уточнено по английскому источнику и упрощено для игрового текста.	138	125	0.906
patchouli-lang:botania:botania.challenge.reedFarm	sha256:4040077cfb314e14907e0c65c0cecc588ce7d40380c8f629ec207483a8bf6a70	Sugar Cane Farm	Ферма тростника	PASS		Текст читается естественно, ясно и соответствует английскому источнику.	15		
patchouli-lang:botania:botania.challenge.reedFarm.desc	sha256:d14ce3871fe5146171ecce98d5b674c4bdf6e7ee8f5e64883ba7319f9a99d212	Create an automated sugar cane farm. Bonus points for not using pistons.	Создайте автоматизированную ферму сахарного тростника. Бонусные баллы за отсутствие поршней.	PASS		Текст естественно читается, сохраняет смысл английского источника и игровые маркеры.	92		
patchouli-lang:botania:botania.challenge.runeCrafter	sha256:1d96c78690fece76879372f1fb0f1ee0183f0340427b3351bcbfaa4bb9500619	Rune Crafter	Автономное создание рун	CHANGE	Создатель рун	Уточнено по английскому источнику и упрощено для игрового текста.	23	13	0.565
patchouli-lang:botania:botania.challenge.runeCrafter.desc	sha256:2a91f2e3b442b0dcc5a23bd09d38eda47adb74791bff435df2982149c179274d	Create a system that can craft all runes on demand or keep them stocked. Every part of this system must be automated and self-sustaining, including the item inputs. Bonus points if only one Runic Altar block is used. (You need to be pretty crazy to try this one.)	Создайте систему, которая может создавать все $(l:basics/rune_altar#rune)руны$(/l) по мере необходимости или поддерживая определённый запас. Каждая часть этой системы должна быть автоматизированной и самоподдерживающейся, включая ввод материалов. Бонусные очки, если используется только один блок рунического алтаря.$(p)P.S. Вы должны быть достаточно безумным, чтобы выполнить это испытание.	CHANGE	Создайте систему, которая по запросу создаёт любые руны или держит их в запасе. Всё, включая подачу предметов, должно работать автоматически и автономно. Бонусные очки за единственный рунический алтарь. (Нужно быть безумцем, чтобы взяться за такое.)	Уточнено по английскому источнику и упрощено для игрового текста.	355	249	0.701
patchouli-lang:botania:botania.challenge.shulkMeNotSetup	sha256:b51175de04e1a805ad1946732f031bad1cae73ce05b0b9aa2f884b00d78ef36a	Shulk Me Not Setup	Автономная дешалкерия	PASS		Текст естественно читается, сохраняет смысл английского источника и игровые маркеры.	21		
patchouli-lang:botania:botania.challenge.shulkMeNotSetup.desc	sha256:aac77cadbcc0e285216592c6d70734305a5533f08ee56f1b2b80a33d36122f50	Create a system that allows for a $(l:generating_flowers/shulk_me_not)Shulk Me Not$(/l) to produce mana automatically, without any mana, items or entities from outside the system. Bonus points if no unnecessary mob infighting happens.	Полностью автоматизируйте $(l:generating_flowers/shulk_me_not)дешалкерию$(/l); она должна производить ману автономно, без какой-либо маны, предметов или сущностей, поступающих извне. Бонусные очки, если не происходит ненужных боёв между мобами.	CHANGE	Создайте систему, в которой $(l:generating_flowers/shulk_me_not)Дешалкерия$(/l) автоматически вырабатывает ману, не получая извне ни маны, ни предметов, ни существ. Бонусные очки, если между мобами не происходит лишних стычек.	Уточнено по английскому источнику и упрощено для игрового текста.	203	185	0.911
patchouli-lang:botania:botania.challenge.spectrolusSetup	sha256:9c77f87e8dcc62a0da6cd92f5c0d9afd284561472b170b9a5bb0b510111ee3a3	Spectrolus Setup	Автономный cпектролис	PASS		Текст естественно читается, сохраняет смысл английского источника и игровые маркеры.	21		
patchouli-lang:botania:botania.challenge.spectrolusSetup.desc	sha256:ac9206c05da9609360b65425124aa2081c11e352bde5f10b8796feab656f2815	Create a system that feeds a $(l:generating_flowers/spectrolus)Spectrolus$(/l), generating mana. Aside from raw mana, no items may be input from outside the system. Bonus points if it operates at 100%% efficiency, never wasting any wool.	Полностью автоматизируйте $(l:generating_flowers/spectrolus)спектролис$(/l); кроме сырой маны, никакие предметы не могут вводиться извне. Бонусные очки, если система работает со 100%%,-ой эффективностью никогда не теряя ни одного блока шерсти.	CHANGE	Создайте систему, которая кормит $(l:generating_flowers/spectrolus)Спектролис$(/l) и вырабатывает ману. Кроме сырой маны, в систему нельзя подавать предметы извне. Бонусные очки, если она работает на 100%%, не теряя ни блока шерсти.	Уточнено по английскому источнику и упрощено для игрового текста.	204	193	0.946
patchouli-lang:botania:botania.challenge.treeFarm	sha256:87142b7cb71ef006cc50385c347e1767930c2086c0061121984efc576e04ceb8	Tree Farm	Ферма дерева	CHANGE	Лесная ферма	Естественное игровое название.	12	12	1.000
patchouli-lang:botania:botania.challenge.treeFarm.desc	sha256:518fa3ae443fcf57df1fa05ac57a95743c0cc32a1317936d3e1719da51b292bf	Create an automated, self-sustaining tree farm. Bonus points if it can do multiple types of tree.	Создайте автоматизированную ферму дерева. Бонусные баллы, если она может использовать несколько типов деревьев.	CHANGE	Создайте автоматическую самоподдерживающуюся лесную ферму. Бонусные очки, если она выращивает несколько видов деревьев.	Восстановлено условие самоподдержания.	111	119	1.072
patchouli-lang:botania:botania.entry.aIntro	sha256:802db0455228f11f13bd484e3ee2c0d7aadf20c9ac2335d5b56c59085be21069	The Portal to Alfheim	Портал в Альвхейм	PASS		Текст естественно читается, сохраняет смысл английского источника и игровые маркеры.	17		
patchouli-lang:botania:botania.entry.agricarnation	sha256:bebd9e7b29412cfe219831986c8060a23d69c1be306111ffd11e2682599e41bd	Agricarnation	Агрогвоздика	PASS		Текст читается естественно, ясно и соответствует английскому источнику.	12		
patchouli-lang:botania:botania.entry.animatedTorch	sha256:7ef694180978931d726ad557eaa816f15544a4ff36c715054fd7a2f765a992e6	Animated Torch	Оживлённый редст. факел	PASS		Текст естественно читается, сохраняет смысл английского источника и игровые маркеры.	23		
patchouli-lang:botania:botania.entry.apothecary	sha256:c37e54b47bd139b3bd92ac5aedb95932cb9c45933c781d2191fbc24380916179	Petal Apothecary	Лепестковая чаша	PASS		Текст естественно читается, сохраняет смысл английского источника и игровые маркеры.	16		
patchouli-lang:botania:botania.entry.arcanerose	sha256:bec92e399160b6b31dccf7d996b36e66899a9115b9f73598e68eee4bcb57cd49	Rosa Arcana	Роза тайн	PASS		Текст естественно читается, сохраняет смысл английского источника и игровые маркеры.	9		
patchouli-lang:botania:botania.entry.astrolabe	sha256:165a5d9a636f3f19d6adf266d00aaa3c079cc54f27b4e0b9090e1449f8324425	Worldshaper's Astrolabe	Астролябия форм-теля миров	PASS		Текст естественно читается, сохраняет смысл английского источника и игровые маркеры.	26		
patchouli-lang:botania:botania.entry.auraRing	sha256:7c6ee152137fb2910d54b7372c01676dbd3433f1e58db7cca66ec22cd117c1b9	Band of Aura	Кольцо ауры	PASS		Текст читается естественно, ясно и соответствует английскому источнику.	11		
patchouli-lang:botania:botania.entry.autocraftingHalo	sha256:3158eed0a33d2517bd3c966340a616fb9d5378a40b5d5e3b34d97b8a9c522f0e	Manufactory Halo	Фабричный венец	PASS		Текст читается естественно, ясно и соответствует английскому источнику.	15		
patchouli-lang:botania:botania.entry.avatar	sha256:0ebe2f0d920539e7640b058805b75d56056b343cf01e463627a12f63ce185f37	Livingwood Avatar	Жизнедеревянный идол	PASS		Текст естественно читается, сохраняет смысл английского источника и игровые маркеры.	20		
patchouli-lang:botania:botania.entry.azulejo	sha256:d95912be4561c15ffce613e803825e22c12a277edd37e6b8e4c1c8261af2dd49	Azulejos	Азулежу	PASS		Текст читается естественно, ясно и соответствует английскому источнику.	7		
patchouli-lang:botania:botania.entry.bIntro	sha256:bed30e7eb1c231075264d5cb0420a80baba28e04252f9ca7e7ce643c3739dd59	Introduction to Trinkets	Работа с аксессуарами	CHANGE	Безделушки	Уточнено по английскому источнику и упрощено для игрового текста.	21	10	0.476
patchouli-lang:botania:botania.entry.banners	sha256:01b0761901fd581764efb7ce50d72fa9d2823966b1d9ad44404c31dccd3d3e02	Banner Additions	Новые узоры баннеров	PASS		Текст естественно читается, сохраняет смысл английского источника и игровые маркеры.	20		
patchouli-lang:botania:botania.entry.baubleBox	sha256:dd19ca00c932267619fa5f99d5786883c1b4f3174401f71c88f886e3ef185e6d	Trinket Case	Ларец для аксессуаров	CHANGE	Футляр для безделушек	Уточнено по английскому источнику и упрощено для игрового текста.	21	21	1.000
patchouli-lang:botania:botania.entry.bellethorne	sha256:27c6b8d8903391892b4ff81a7439a1dde98b3eae0c13407cfd6b69f044a77c06	Bellethorne	Звоношип	PASS		Текст читается естественно, ясно и соответствует английскому источнику.	8		
patchouli-lang:botania:botania.entry.bellows	sha256:3444f35c6b7d5fd135cf8b780c5b68f675746d75472447b061b9864ccec4b982	Manatide Bellows	Мана-мехи	PASS		Текст естественно читается, сохраняет смысл английского источника и игровые маркеры.	9		
patchouli-lang:botania:botania.entry.bergamute	sha256:be2025bc683eb1935a7246d1066605f473cbce46f34957f01109986cfe8f3b48	Bergamute	Бергамут	PASS		Текст читается естественно, ясно и соответствует английскому источнику.	8		
patchouli-lang:botania:botania.entry.blackHoleTalisman	sha256:f6074218c82924c14eb3a926de4b709db6ce81fee81ab386fe77a47072419beb	Black Hole Talisman	Талисман чёрной дыры	PASS		Текст читается естественно, ясно и соответствует английскому источнику.	20		
patchouli-lang:botania:botania.entry.blackLotus	sha256:790a4590717918485f0e38385da506c95ec4eb9b6adf42a0183c260c2c887ae2	Black Lotus	Чёрный лотос	PASS		Текст читается естественно, ясно и соответствует английскому источнику.	12		
patchouli-lang:botania:botania.entry.blazeBlock	sha256:0ca19f3e52d652729edc81af93d3737ca285a04bf8884ec3f49e449db2b482f8	Blaze Mesh	Огненная сетка	PASS		Текст естественно читается, сохраняет смысл английского источника и игровые маркеры.	14		
patchouli-lang:botania:botania.entry.bloodPendant	sha256:81791111c00cd7a880d90a70f6acf7c505a140e2feb4a9c55a7e26a9b137cd81	Tainted Blood Pendant	Кулон порченной крови	PASS		Текст читается естественно, ясно и соответствует английскому источнику.	21		
patchouli-lang:botania:botania.entry.brewery	sha256:34a778147d94ef06660f567fb5ba14a115157090ef83fdfd08439a00137ca257	Botanical Brewery	Ботанический отварщик	PASS		Текст естественно читается, сохраняет смысл английского источника и игровые маркеры.	21		
patchouli-lang:botania:botania.entry.bubbell	sha256:7d1b47c24818a115d84ce5c094eb7a47b5eb6b254f807c3da4715f591cba1bb4	Bubbell	Пузырис	PASS		Текст естественно читается, сохраняет смысл английского источника и игровые маркеры.	7		
patchouli-lang:botania:botania.entry.cacophonium	sha256:69309051c48684ae2652cb5be9d70af6874a796ac293eab1968d30bda633c3f0	Cacophonium	Какофоний	PASS		Текст читается естественно, ясно и соответствует английскому источнику.	9		
patchouli-lang:botania:botania.entry.canopyDrum	sha256:a017af25e8a65aa55f7cebb963027329cd83df410d4f3117224553b0e6a3237a	Drum of the Canopy	Барабан осеннего листопада	PASS		Текст естественно читается, сохраняет смысл английского источника и игровые маркеры.	26		
patchouli-lang:botania:botania.entry.challenges	sha256:40b9c8f444870eff94e260ea77c034c0078841842fedb9ba3cfe9e83b4ffb313	Challenges	Испытания	PASS		Текст читается естественно, ясно и соответствует английскому источнику.	9		
patchouli-lang:botania:botania.entry.clayconia	sha256:1e641727e0963427955077a000b60e95f6b83796a7c0f8eee4e233b00cc7d2e7	Clayconia	Глинатония	PASS		Текст естественно читается, сохраняет смысл английского источника и игровые маркеры.	10		
patchouli-lang:botania:botania.entry.clip	sha256:504888c91dbe5a192c1a91f3f2bbcd2884de87e1c759db5e7e38baa95fbb53fa	Lens Clip	Обойма для линз	PASS		Текст естественно читается, сохраняет смысл английского источника и игровые маркеры.	15		
patchouli-lang:botania:botania.entry.cloudPendant	sha256:87a84dbaf03722e64e10c18e04c5c1cfdb28c44e4c8901a793337d6056bdda29	Cirrus Amulet	Амулет перистого облака	PASS		Текст читается естественно, ясно и соответствует английскому источнику.	23		
patchouli-lang:botania:botania.entry.cobbleRod	sha256:7bf0b17fdbf7fbd24cdac408abb97f0208078fb2701d318a14e56435905d2318	Rod of the Depths	Скипетр глубин	PASS		Текст естественно читается, сохраняет смысл английского источника и игровые маркеры.	14		
patchouli-lang:botania:botania.entry.cocoon	sha256:91e0eaf5e7f09e1bdb1fb7772a65d6cabdc5a0722d0e10ad162153ba5f075446	Cocoon of Caprice	Кокон перемен	PASS		Текст естественно читается, сохраняет смысл английского источника и игровые маркеры.	13		
patchouli-lang:botania:botania.entry.complexBrews	sha256:058a1a20f4a297ba6ad0e9ebaf8e8eecd8fda6ef35ae0f0707c75c73210345c9	Complex Brews	Сложные отвары	PASS		Текст естественно читается, сохраняет смысл английского источника и игровые маркеры.	14		
patchouli-lang:botania:botania.entry.corporea	sha256:95583b9a007d9832638ac775d45a9d95b1b34c57d44034e2c83635b4624c3b3c	Basics of Corporea	Эфирное хранение, основы	CHANGE	Основы Хранилища	Уточнено по английскому источнику и упрощено для игрового текста.	24	16	0.667
patchouli-lang:botania:botania.entry.corporeaBlock	sha256:8ba7d9511d519c560eefa35c79a530edd3c04c3ef9189ba9d8089e3701c216d9	Corporea Decor	Эфирный декор	PASS		Текст естественно читается, сохраняет смысл английского источника и игровые маркеры.	13		
patchouli-lang:botania:botania.entry.corporeaCrystalCube	sha256:31972cf294e5441b47a0e348a35ed5ea5f0bb1e14561f43fb63ec58bc911ec9c	Corporea Crystal Cube	Эфирный хрустальный куб	LENGTH_EXCEPTION	Хранилище. Кристаллический куб	Уточнено по английскому источнику и упрощено для игрового текста.	23	30	1.304
patchouli-lang:botania:botania.entry.corporeaFunnel	sha256:54390e5693d97e752145080bd665c8559bff78014bd3b680fb42eb47bf923380	Corporea Funnel	Эфирный шлюз	PASS		Текст естественно читается, сохраняет смысл английского источника и игровые маркеры.	12		
patchouli-lang:botania:botania.entry.corporeaIndex	sha256:c79cde1a94e93dc7d025abbcbd77ae5c6ae72c1c61d919d8f3989cd4e9c3a67e	Corporea Index	Эфирный индекс	PASS		Текст естественно читается, сохраняет смысл английского источника и игровые маркеры.	14		
patchouli-lang:botania:botania.entry.corporeaInterceptor	sha256:9e7c651e07c23f7717fa56e1c3b02d6d03246f1dadd65f63ef0ecdc96bc2adb0	Corporea Interceptor	Эфирный перехватчик	PASS		Текст естественно читается, сохраняет смысл английского источника и игровые маркеры.	19		
patchouli-lang:botania:botania.entry.corporeaRetainer	sha256:0bf5190c205fc4479cc9f5dd78abd8969ad7fdd5efc47a4cfc6bdcc5b115147f	Corporea Retainer	Эфирный буфер	LENGTH_EXCEPTION	Хранилище. Повторитель	Уточнено по английскому источнику и упрощено для игрового текста.	13	22	1.692
patchouli-lang:botania:botania.entry.cosmeticBaubles	sha256:bf4a6296c187929b216b6828efdc45bff245bd4c10d7018aa86faf8c50423d89	Cosmetic Trinkets	Косметические аксессуары	PASS		Текст естественно читается, сохраняет смысл английского источника и игровые маркеры.	24		
patchouli-lang:botania:botania.entry.craftCrate	sha256:a64ff0905b860531e037d30e66b73a15de2aed22594eff8f94485e26b71aa18f	Crafty Crate	Сборочный ящик	PASS		Текст читается естественно, ясно и соответствует английскому источнику.	14		
patchouli-lang:botania:botania.entry.craftingHalo	sha256:cb0a98a2f794c80f71fa231b66bbef8ff8a55608b5d803d931043c91d11cf57e	Assembly Halo	Сборочный венец	PASS		Текст читается естественно, ясно и соответствует английскому источнику.	15		
patchouli-lang:botania:botania.entry.crystalBow	sha256:8c9652c33c61c557be0e6adf410b6192621d75caa0420686e3b8fd5bb14381b8	Crystal Bow	Кристаллический лук	PASS		Текст естественно читается, сохраняет смысл английского источника и игровые маркеры.	19		
patchouli-lang:botania:botania.entry.daffomill	sha256:be9ceb4b3c04303f6b90adab94d213ca751492784efc93bf7c307edad81457ae	Daffomill	Нарцельница	PASS		Текст естественно читается, сохраняет смысл английского источника и игровые маркеры.	11		
patchouli-lang:botania:botania.entry.dandelifeon	sha256:65cc8ee6049e1a6fe934fe100f72c116733b963ced0a9784d771501b5760bd07	Dandelifeon	Жизнеодуванчик	PASS		Текст читается естественно, ясно и соответствует английскому источнику.	14		
patchouli-lang:botania:botania.entry.decorativeBlocks	sha256:7d3d527097b6191bb3acc8b7bdace0973f09a7371fe522e638b5b76d0477842d	Decorative Blocks	Декоративные блоки	PASS		Текст читается естественно, ясно и соответствует английскому источнику.	18		
patchouli-lang:botania:botania.entry.dirtRod	sha256:9cb14b2e6ecb557a97cef253d873997af0c655a28d218d497446d1680b2ded70	Rod of the Lands	Скипетр лугов	PASS		Текст естественно читается, сохраняет смысл английского источника и игровые маркеры.	13		
patchouli-lang:botania:botania.entry.dispenserTweaks	sha256:68245f2fd95da8d858c7a2fc2af3995eea8fcb330e5dfa50fbe391b4e5b3b13d	Dispenser Planting	Садоводство с раздатичком	PASS		Текст естественно читается, сохраняет смысл английского источника и игровые маркеры.	25		
patchouli-lang:botania:botania.entry.distributor	sha256:b69d5236d71486f8fd71e7cf3a0f1060a30a5c2ed323cd579ebf49027a4c55f9	Mana Splitter	Распределитель маны	PASS		Текст читается естественно, ясно и соответствует английскому источнику.	19		
patchouli-lang:botania:botania.entry.divaCharm	sha256:d53afa62e893180e89acd2a3abf8014cbf52af70d7d8f6685573cc14a6e88bbf	Charm of the Diva	Амулет Дивы	PASS		Текст естественно читается, сохраняет смысл английского источника и игровые маркеры.	11		
patchouli-lang:botania:botania.entry.diviningRod	sha256:8ab552f75a5cef554bf28b633d91da46865f0ef037ae7f5c29c1b904afcf5779	Rod of the Plentiful Mantle	Скипетр богатства земли	PASS		Текст естественно читается, сохраняет смысл английского источника и игровые маркеры.	23		
patchouli-lang:botania:botania.entry.dodgeRing	sha256:7eaea276cdd13cd6f3113ac9be39e9bbf14d7d5fd7be688882108bdef030f321	Ring of Dexterous Motion	Кольцо ловких движений	PASS		Текст читается естественно, ясно и соответствует английскому источнику.	22		
patchouli-lang:botania:botania.entry.dreadthorne	sha256:f6bf13276cc43b345f017e23070ddb78879d7b9ac108fb2729a19baea41d2906	Dreadthorne	Страшношип	PASS		Текст читается естественно, ясно и соответствует английскому источнику.	10		
patchouli-lang:botania:botania.entry.dreamwoodSpreader	sha256:83c755e57fdbe1433abb262e890a5493784cff33f417724f7690a428e54ff8e1	Elven Mana Spreaders	Эльфийский р-тель маны	PASS		Текст естественно читается, сохраняет смысл английского источника и игровые маркеры.	22		
patchouli-lang:botania:botania.entry.elfGear	sha256:bd09ca7d958da57ef07a0c76ffe06d8dd6fecb3f6d1c29f2d9b3284322bbe804	Elementium Equipment	Элементиевое снаряжение	PASS		Текст естественно читается, сохраняет смысл английского источника и игровые маркеры.	23		
patchouli-lang:botania:botania.entry.elfMessage	sha256:d98f090e235abc3e0aa76c5c164594d3a81f943e1d579a1c45e947f8553a6c4b	A Message from Elven Garde	Письмо от Эльфийских Садов	CHANGE	Послание из Эльфийского Сада	Уточнено по английскому источнику и упрощено для игрового текста.	26	28	1.077
patchouli-lang:botania:botania.entry.elfResources	sha256:c288235b8f925e681893648ab1917ec15562fa1438aa2ba3c48983e775f49f32	Resources of Alfheim	Ресурсы Альвхейма	PASS		Текст естественно читается, сохраняет смысл английского источника и игровые маркеры.	17		
patchouli-lang:botania:botania.entry.elvenLenses	sha256:cc3a719d7c2fb2bfd85132208d9a7609476f4edb808287c8d34ac3852a2e89d1	Elven Mana Lenses	Эльфийские линзы маны	PASS		Текст читается естественно, ясно и соответствует английскому источнику.	21		
patchouli-lang:botania:botania.entry.elvenLore	sha256:13b585c3a443c3b0567e347c747979674035abe1b0fc8d5f70aec0bdd7a443ad	Elven Lore - The Shattering	Сказания эльфов — Раскол	LENGTH_EXCEPTION	Эльфийские предания: Раскол	Уточнено по английскому источнику и упрощено для игрового текста.	24	27	1.125
patchouli-lang:botania:botania.entry.enderAir	sha256:d4a128af2bef8b64329db30e8240ee4703a50c066b7cc41c62f4a36207193f25	Extracting Ender Air	Сбор воздуха Энда	PASS		Текст естественно читается, сохраняет смысл английского источника и игровые маркеры.	17		
patchouli-lang:botania:botania.entry.enderDagger	sha256:b1f1736bf64dd6ca9605ea0f32af55e3c5359d5e6e2f15e764e5cd94c7123a2c	Soulscribe	Бесплотный резчик	PASS		Текст читается естественно, ясно и соответствует английскому источнику.	17		
patchouli-lang:botania:botania.entry.enderEyeBlock	sha256:a03478a46aaae2461f75b6713819b6a466e2ac3b981767c2274b8b53d1fb8862	Ender Overseer	Эндер-наблюдатель	PASS		Текст естественно читается, сохраняет смысл английского источника и игровые маркеры.	17		
patchouli-lang:botania:botania.entry.enderHand	sha256:7f33dced290c0d9a7c403db165e86e32bdee65c227a519106ff6e8c5296933d2	Hand of Ender	Эндер-рука	PASS		Текст естественно читается, сохраняет смысл английского источника и игровые маркеры.	10		
patchouli-lang:botania:botania.entry.endoflame	sha256:17d1b23a5521e3b9902d46c26a4a5d02029d1cdf0d20423561e15f205d806be1	Endoflame	Эндопламя	PASS		Текст читается естественно, ясно и соответствует английскому источнику.	9		
patchouli-lang:botania:botania.entry.entropinnyum	sha256:6e1e75cb082fcc6e706fada4eb175b9531b960f35a75453366dba72f6fc424fd	Entropinnyum	Энтропиннум	PASS		Текст читается естественно, ясно и соответствует английскому источнику.	11		
patchouli-lang:botania:botania.entry.exchangeRod	sha256:8f71eed58627c8359839f065352670b8843e7641b8ad35973cec35e9ec859ccf	Rod of the Shifting Crust	Скипетр сдвига коры	PASS		Текст естественно читается, сохраняет смысл английского источника и игровые маркеры.	19		
patchouli-lang:botania:botania.entry.exoflame	sha256:be7bc3c9e125584adaad0681be16a2aa6a23bf02224af0a99f70aa6502e80191	Exoflame	Экзопламя	PASS		Текст читается естественно, ясно и соответствует английскому источнику.	9		
patchouli-lang:botania:botania.entry.fIntro	sha256:384a84637b61aa83c95617fadf5dcb9ebb8c48ff689abf54a2d64714ccaf343f	Functional Flora	О функциональной флоре	PASS		Текст естественно читается, сохраняет смысл английского источника и игровые маркеры.	22		
patchouli-lang:botania:botania.entry.fallenKanade	sha256:9ffb017866806173cd9a3c04162141fc292cedf37ccac694d7cff651d42d0492	Fallen Kanade	Павшая Канадэ	PASS		Текст естественно читается, сохраняет смысл английского источника и игровые маркеры.	13		
patchouli-lang:botania:botania.entry.felPumpkin	sha256:661bbdf66d783e900496c70f75026edcd4cfe3c66a365d246c9f5dc104d9070d	Fel Pumpkin	Осквернённая тыква	PASS		Текст читается естественно, ясно и соответствует английскому источнику.	18		
patchouli-lang:botania:botania.entry.fireChakram	sha256:d215e0cdb6d71d3caab96ca7fec16055df6364ca1be9cd23a5ca0ba8e3705a37	Flare Chakram	Пылающий чакрам	PASS		Текст естественно читается, сохраняет смысл английского источника и игровые маркеры.	15		
patchouli-lang:botania:botania.entry.fireRod	sha256:15d9f5ca14f806b9e66fc375d3b27c6742f4ae408d27e517dbb7c4507e96a8c6	Rod of the Hells	Скипетр жуткого пекла	PASS		Текст естественно читается, сохраняет смысл английского источника и игровые маркеры.	21		
patchouli-lang:botania:botania.entry.flasks	sha256:f7a3f28d8667929e1f01cb709d95186f3979b7ebb1f627ccb7caa699edce66fe	Brewing Flasks	Фляги для отваров	PASS		Текст естественно читается, сохраняет смысл английского источника и игровые маркеры.	17		
patchouli-lang:botania:botania.entry.flightTiara	sha256:c707849e3270f250e000c4d4de452153d6209b152a7a1b01890c2f10e4af8a82	Flügel Tiara	Тиара флюгель	PASS		Текст естественно читается, сохраняет смысл английского источника и игровые маркеры.	13		
patchouli-lang:botania:botania.entry.flowerBag	sha256:206983903422abf608b02bc3b2e5bdddaa71fd14aa916676cbdb0c877f19eab1	Flower Pouch	Мешочек для цветов	PASS		Текст естественно читается, сохраняет смысл английского источника и игровые маркеры.	18		
patchouli-lang:botania:botania.entry.flowerShrinking	sha256:d5b8afeb69f89d63cb535445c7fa84464394e28b3498854452e85ecd4edc0a1a	Flower Shrinking	Уменьшение цветов	PASS		Текст читается естественно, ясно и соответствует английскому источнику.	17		
patchouli-lang:botania:botania.entry.flowerSpeed	sha256:14296d6a6cc27377f8e2f7d757b766bc075ed4fdf5ae2100a3c2d5ff96d4bb8d	Modulating Delay	Каскадная синхр-ция цветов	PASS		Текст естественно читается, сохраняет смысл английского источника и игровые маркеры.	26		
patchouli-lang:botania:botania.entry.flowers	sha256:664b55795bb6c95b1b86af3b03f940dcd04544fedb0795070585d837a3acf095	Mystical Flowers	Мистические цветы	PASS		Текст читается естественно, ясно и соответствует английскому источнику.	17		
patchouli-lang:botania:botania.entry.flugelEye	sha256:3a468aeddb0013649df9056ba2fe09a4104829289921dc28fcbc1d46b14852a3	Eye of the Flügel	Око флюгель	PASS		Текст естественно читается, сохраняет смысл английского источника и игровые маркеры.	11		
patchouli-lang:botania:botania.entry.forestDrum	sha256:2a748efc1b13566261b8619aa769e4c603e6297c6fa81b36c5a4302362d3a68b	Drum of the Wild	Барабан буйной природы	PASS		Текст естественно читается, сохраняет смысл английского источника и игровые маркеры.	22		
patchouli-lang:botania:botania.entry.forestEye	sha256:7a0b215a723d7bd1d5d7d538da71b42e9cceed706d5ab0001b739686859a8b8d	Eye of the Ancients	Глаз древних	PASS		Текст читается естественно, ясно и соответствует английскому источнику.	12		
patchouli-lang:botania:botania.entry.gIntro	sha256:c5ccd88f2604dc025c40d11fd0dc25081672a12a2940dfab0a4c22d01a5b9914	Generating Flora	О генерирующей флоре	PASS		Текст естественно читается, сохраняет смысл английского источника и игровые маркеры.	20		
patchouli-lang:botania:botania.entry.gaiaRitual	sha256:7363c8198f74928ccf06d712ec48b39bd94b4d3e19169300eddec65aaf4c157d	Ritual of Gaia	Ритуал Гайи	PASS		Текст читается естественно, ясно и соответствует английскому источнику.	11		
patchouli-lang:botania:botania.entry.gaiaRitualHardmode	sha256:fa60a853560e32171d06dc65ba3314d223f87de5ee10e4fb3396c0d78858cdda	Ritual of Gaia II	Ритуал Гайи II	PASS		Текст читается естественно, ясно и соответствует английскому источнику.	14		
patchouli-lang:botania:botania.entry.gardenOfGlass	sha256:dc82805e37fd743712ba0301c64f6fdd4c6368bd43c7866123f50575568aadde	Garden of Glass	Стеклянный cад	PASS		Текст естественно читается, сохраняет смысл английского источника и игровые маркеры.	14		
patchouli-lang:botania:botania.entry.gatherDrum	sha256:339c2b59b2f12f731244bad101d47b9272e542009915ebdcf1bd06a8a028748b	Drum of the Gathering	Барабан пастушьей свирели	PASS		Текст естественно читается, сохраняет смысл английского источника и игровые маркеры.	25		
patchouli-lang:botania:botania.entry.ghostRail	sha256:4ea9dd9727a85f42ffe23112c14e00d7cb9b9ac2e5e811f81e47aca98583e06f	Spectral Rail	Спектральные рельсы	PASS		Текст читается естественно, ясно и соответствует английскому источнику.	19		
patchouli-lang:botania:botania.entry.glassPick	sha256:6cde59d69837462067c90df050aa5eea39da2ee2788fc248372fef3011983e01	Vitreous Pickaxe	Стеклянная кирка	PASS		Текст читается естественно, ясно и соответствует английскому источнику.	16		
patchouli-lang:botania:botania.entry.goddessCharm	sha256:6ac840da563deb6b822c9e3268d0bddcb158159b875798c556d2d7b9d63a6c47	Benevolent Goddess' Charm	Оберег милосердной богини	CHANGE	Оберег доброй богини	Уточнено по английскому источнику и упрощено для игрового текста.	25	20	0.800
patchouli-lang:botania:botania.entry.gourmaryllis	sha256:3a50d35a0794d11f0600cbc34609e8940d76e8d2621b50cdc18648fc8fb51c0f	Gourmaryllis	Гурмарилис	PASS		Текст читается естественно, ясно и соответствует английскому источнику.	10		
patchouli-lang:botania:botania.entry.grassHorn	sha256:a8cc43b5fded951e3db11af7cfdd4b9225282e4e773556189ab142bb5b6e6660	Horn of the Wild	Рог буйной природы	PASS		Текст естественно читается, сохраняет смысл английского источника и игровые маркеры.	18		
patchouli-lang:botania:botania.entry.grassSeeds	sha256:9e191bd8ddfe4661fba1fc62f32f445ee6ed00090e0e20afb89059f931936442	Pasture Seeds	Луговые семена	PASS		Текст естественно читается, сохраняет смысл английского источника и игровые маркеры.	14		
patchouli-lang:botania:botania.entry.gravityRod	sha256:82540952066fedabf08df0c3b5f016055c361ccb5c3d24e36ca00a36d2f30f8c	Rod of the Shaded Mesa	Скипетр тёмной мезы	PASS		Текст естественно читается, сохраняет смысл английского источника и игровые маркеры.	19		
patchouli-lang:botania:botania.entry.headCreating	sha256:5ebe834678f99d9a8e39fa7ac8b43d457a3d281e21a82d417475afa085a83d61	Head Creation	Создание голов	PASS		Текст читается естественно, ясно и соответствует английскому источнику.	14		
patchouli-lang:botania:botania.entry.heiseiDream	sha256:fbd8073eca9b63e0b7ec3d7362fb56ad5cb358c452421a34a74ee61bc543767b	Heisei Dream	Грёзы Хэйсэй	PASS		Текст естественно читается, сохраняет смысл английского источника и игровые маркеры.	12		
patchouli-lang:botania:botania.entry.hopperhock	sha256:1e9476ddd6575a3e0b35751fc823d7e00dad2f7db6f4fb5d3e22a77650b57c59	Hopperhock	Воронкальва	PASS		Текст естественно читается, сохраняет смысл английского источника и игровые маркеры.	11		
patchouli-lang:botania:botania.entry.hourglass	sha256:80c68bb9cf2feffd8704414b0eff5976fa451cc1eeac30fa0200baf87a0d57ea	Hovering Hourglass	Парящие песочные часы	PASS		Текст естественно читается, сохраняет смысл английского источника и игровые маркеры.	21		
patchouli-lang:botania:botania.entry.hyacidus	sha256:1fcfaab60968c3a5a82fa12a3cc279d21dd80a12751245cdb950fa1e63cc7666	Hyacidus	Гаяцидус	PASS		Текст читается естественно, ясно и соответствует английскому источнику.	8		
patchouli-lang:botania:botania.entry.hydroangeas	sha256:73ea89c5c562d53f97bd6856d69bc28b5ffba7e80b91dd46c0d6f3f3e2d6f86c	Hydroangeas	Водогортензия	PASS		Текст читается естественно, ясно и соответствует английскому источнику.	13		
patchouli-lang:botania:botania.entry.icePendant	sha256:8cb87d05ed36618d4e41f71dc6b05b1a474bd403d5980c66ec15c761c374bba2	Snowflake Pendant	Кулон со снежинкой	PASS		Текст читается естественно, ясно и соответствует английскому источнику.	18		
patchouli-lang:botania:botania.entry.incense	sha256:418535a836f58b5610cc071bd420efeae7387440302608bb1b6dfa6b20706557	Brew Incenses	Распыление отваров	PASS		Текст естественно читается, сохраняет смысл английского источника и игровые маркеры.	18		
patchouli-lang:botania:botania.entry.infiniteFruit	sha256:4b438fb780205b18d3bdff7cf635284835b7e265b2fd5f0c44ae08595b42ae87	The Fruit of Grisaia	Плод Грисайи	PASS		Текст естественно читается, сохраняет смысл английского источника и игровые маркеры.	12		
patchouli-lang:botania:botania.entry.invisibilityCloak	sha256:40e514ce9d17983b1d4dff6ca9278647d84c861afcf2ee173ce9af46ab544ffa	Invisibility Cloak	Плащ-невидимка	PASS		Текст читается естественно, ясно и соответствует английскому источнику.	14		
patchouli-lang:botania:botania.entry.itemFinder	sha256:b9855f104f45dc11896b2822bdf8d36fe7ecdbccddc63719b797a0d7cc762e3f	The Spectator	Обруч шестого чувства	PASS		Текст естественно читается, сохраняет смысл английского источника и игровые маркеры.	21		
patchouli-lang:botania:botania.entry.jadedAmaranthus	sha256:c8fad3a01f113d521c9bb715a5c2fa62855014bd34f56f7b15665137112925ef	Jaded Amaranthus	Измученный амарант	PASS		Текст читается естественно, ясно и соответствует английскому источнику.	18		
patchouli-lang:botania:botania.entry.jiyuulia	sha256:e2a7d3338d05358bd5a8bc0e82794c822b86b7efe69365db499da18165efebba	Jiyuulia	Джиюлия	PASS		Текст естественно читается, сохраняет смысл английского источника и игровые маркеры.	7		
patchouli-lang:botania:botania.entry.judgementCloaks	sha256:3955e78f025b04b31ca8e248d08d94b0215754fbeae04e47ab499b9b351d0073	Cloaks of Judgement	Плащи приговора	CHANGE	Плащи правосудия	Уточнено по английскому источнику и упрощено для игрового текста.	15	16	1.067
patchouli-lang:botania:botania.entry.keepIvy	sha256:17f95f650cb11603db007995aed330191bac4e079c019d644e6eea592f1f1ac8	Resolute Ivy	Решительный плющ	CHANGE	Стойкий плющ	Исправлена неестественная формулировка или языковая ошибка; смысл и разметка сохранены.	16	12	0.750
patchouli-lang:botania:botania.entry.kekimurus	sha256:07f40e1608539c22aa67bc39bfe56fecfc8263f785cbc43fc7ef8b2d4a120792	Kekimurus	Кекимурус	PASS		Текст естественно читается, сохраняет смысл английского источника и игровые маркеры.	9		
patchouli-lang:botania:botania.entry.kingKey	sha256:870bbeb44a69501a5ceccf99b59daebd130057a684602d6156645e6618f70089	Key of the King's Law	Ключ от королев. арсенала	CHANGE	Ключ королевского закона	Уточнено по английскому источнику и упрощено для игрового текста.	25	24	0.960
patchouli-lang:botania:botania.entry.knockbackBelt	sha256:33c8fd47af5529f5c5fc6316edfb6e581f1a240de88ee5e61b9bcb29529758df	Tectonic Girdle	Тектонический пояс	PASS		Текст читается естественно, ясно и соответствует английскому источнику.	18		
patchouli-lang:botania:botania.entry.labellia	sha256:4b58c412ca302884116b99f420025f4bfe2df09230a65351edaab90cd47fc031	Labellia	Лейбелия	PASS		Текст читается естественно, ясно и соответствует английскому источнику.	8		
patchouli-lang:botania:botania.entry.laputaShard	sha256:c15c4b52508356d8bc1b1b3c6bb6e5385046b152ca109d01ced3ec8fcdee54d1	Shard of Laputa	Осколок острова Лапута	PASS		Текст читается естественно, ясно и соответствует английскому источнику.	22		
patchouli-lang:botania:botania.entry.lavaPendant	sha256:fb3ecabfdec8dd4e3686e4c0099115f2fed3e3fd9de312c9c63ce847326127b0	Pyroclast Pendant	Пирокластический кулон	PASS		Текст читается естественно, ясно и соответствует английскому источнику.	22		
patchouli-lang:botania:botania.entry.lens	sha256:95cfefc61497aa25f873b6d1169a291973d1a2c74b6e56508a309a382f9fc915	Mana Lenses	Линзы маны	PASS		Текст читается естественно, ясно и соответствует английскому источнику.	10		
patchouli-lang:botania:botania.entry.lexicon	sha256:42cc9b4b2b43803950fa7da06372d3a43e5d934f9e3b9160f485690f9ed073b0	Lexica Botania	Лексикон Ботании	PASS		Текст читается естественно, ясно и соответствует английскому источнику.	16		
patchouli-lang:botania:botania.entry.livingwoodBow	sha256:490c9d8bba656de81221d0186955f45abc06f0b6cd4e7239eba5ef65b4cb5b31	Livingwood Bow	Жизнедеревянный лук	PASS		Текст естественно читается, сохраняет смысл английского источника и игровые маркеры.	19		
patchouli-lang:botania:botania.entry.lokiRing	sha256:fbe4af273a0388b5f49757a68064db22fc57359ad66421f88596bc44200809f9	Ring of Loki	Кольцо Локи	PASS		Текст читается естественно, ясно и соответствует английскому источнику.	11		
patchouli-lang:botania:botania.entry.loonium	sha256:dd26ce28502a051d3932bafaa88a7ecf520005dae3b6477db58a1cd6a72a1ea2	Loonium	Лутюльпан	PASS		Текст читается естественно, ясно и соответствует английскому источнику.	9		
patchouli-lang:botania:botania.entry.luminizerTransport	sha256:0466f4d803eff6b2f02a8e4d8fe6fdaaaaf1e8f9daa5a6a8da3bdd71fe82392b	Luminizer Transport	Перемещение люкседуками	LENGTH_EXCEPTION	Путешествия на люминизаторах	Уточнено по английскому источнику и упрощено для игрового текста.	23	28	1.217
patchouli-lang:botania:botania.entry.mIntro	sha256:ac54308834ef14ad0d060d478c1876c8afc4e78cdb1f55e50e12aba84d864a1c	Introduction to Mana	Знакомство с маной	PASS		Текст естественно читается, сохраняет смысл английского источника и игровые маркеры.	18		
patchouli-lang:botania:botania.entry.magnetRing	sha256:98f177a18f40c2932313253a3b48e13fef742cd600a058c55af5f96f2235e6b4	Ring of Magnetization	Кольцо магнетизма	PASS		Текст читается естественно, ясно и соответствует английскому источнику.	17		
patchouli-lang:botania:botania.entry.manaAlchemy	sha256:c57bc84be21d9a75d80d68122e1b2f8f0124937b25b94ff5887b5b9891c0b528	Alchemising with Mana	Мана и алхимия	PASS		Текст естественно читается, сохраняет смысл английского источника и игровые маркеры.	14		
patchouli-lang:botania:botania.entry.manaBlaster	sha256:d72cc2a8dd813b6dcad862ce59e5c45704ba25bdf9a9beaa362a4caae55c3daa	Mana Blaster	Мана-бластер	PASS		Текст естественно читается, сохраняет смысл английского источника и игровые маркеры.	12		
patchouli-lang:botania:botania.entry.manaBomb	sha256:4112f1751c742309aedb7387976455b35be9f70808c53c07a917efd4f4d94f0c	Manastorm Charge	Манаштормовый заряд	PASS		Текст читается естественно, ясно и соответствует английскому источнику.	19		
patchouli-lang:botania:botania.entry.manaConjuration	sha256:139c7be017295a4e8ee66d896c264b8bebfd0c67835b1b470a1def049db21da3	Conjuring with Mana	Мана и созидание	PASS		Текст естественно читается, сохраняет смысл английского источника и игровые маркеры.	16		
patchouli-lang:botania:botania.entry.manaDetector	sha256:c203bd5299abc458e0259da5ae3cca061f385e5b6276dec23c38093d40a6d3a7	Mana Detector	Детектор маны	PASS		Текст читается естественно, ясно и соответствует английскому источнику.	13		
patchouli-lang:botania:botania.entry.manaEnchanting	sha256:159ebac10bc43ad30cc76e94ce56ffcd4f4d9eaa4aac7942d54d21587fe7c5b2	Enchanting with Mana	Наложение чар с маной	PASS		Текст читается естественно, ясно и соответствует английскому источнику.	21		
patchouli-lang:botania:botania.entry.manaGear	sha256:210c4ae75cd6c627f7634484d0de57fbadeab89f75ffaf04b55d3dc902982a57	Manasteel Equipment	Манастальное снаряжение	PASS		Текст естественно читается, сохраняет смысл английского источника и игровые маркеры.	23		
patchouli-lang:botania:botania.entry.manaMirror	sha256:40c478326778d1ea90a28e8703fe9b85d12c0549c24c20e1031e96c15b8f0e59	Mana Mirror	Зеркало маны	PASS		Текст читается естественно, ясно и соответствует английскому источнику.	12		
patchouli-lang:botania:botania.entry.manaRing	sha256:f1832dba2f67ef12f97b2cbbf295721dc0cd5c621bbf39daf964c030cc340201	Band of Mana	Кольцо маны	PASS		Текст читается естественно, ясно и соответствует английскому источнику.	11		
patchouli-lang:botania:botania.entry.manaTablet	sha256:8a646c8b476eec0d32bc9f71a782372a39f9611d9924e7479a1e17536dc1d4ee	Mana Tablet	Планшет маны	PASS		Текст читается естественно, ясно и соответствует английскому источнику.	12		
patchouli-lang:botania:botania.entry.manaVoid	sha256:9a6645e14b304ec93bdf5875cbd20929957811d9b5c1c0e4a3ae91dc961feeba	Mana Void	Мана-пустота	PASS		Текст читается естественно, ясно и соответствует английскому источнику.	12		
patchouli-lang:botania:botania.entry.manastar	sha256:c52732c58ea7b1926f99c6db0927de2a763cc1283fa23e6b81984600cfc0964e	Manastar	Звезда маны	PASS		Текст читается естественно, ясно и соответствует английскому источнику.	11		
patchouli-lang:botania:botania.entry.manaweave	sha256:7f06a53386f4727f467e94d8a6d1febbb3e4249926326a75edfc315fc6d3d401	Manaweave Cloth	Манаткань	PASS		Текст читается естественно, ясно и соответствует английскому источнику.	9		
patchouli-lang:botania:botania.entry.marimorphosis	sha256:a61434e59b5bbd0f92aecfc9690091f2366f4e70fcd8710ac8c2841be1c16b09	Marimorphosis	Мраморфоз	PASS		Текст естественно читается, сохраняет смысл английского источника и игровые маркеры.	9		
patchouli-lang:botania:botania.entry.medumone	sha256:57babc15588210271083c4fb88b8369160ca789bf09c74f58956865a578bc4ad	Medumone	Медуница	PASS		Текст естественно читается, сохраняет смысл английского источника и игровые маркеры.	8		
patchouli-lang:botania:botania.entry.miningRing	sha256:81f1a654665ab2e8032d840331baf1c9ccf40946e89200dec439b281e1c7e038	Ring of the Mantle	Кольцо земной мантии	PASS		Текст естественно читается, сохраняет смысл английского источника и игровые маркеры.	20		
patchouli-lang:botania:botania.entry.missileRod	sha256:7f2fb2889e54e759a71c3d41c29333f0ff7a3fbaa9e9600804748657426355c5	Rod of the Unstable Reservoir	Скипетр нестабильной энергии	CHANGE	Жезл нестабильного резервуара	Уточнено по английскому источнику и упрощено для игрового текста.	28	29	1.036
patchouli-lang:botania:botania.entry.monocle	sha256:00ea9d05ef36e31a8d91c1dd7f5b066584171eaa3ad05f76049b9953fb908e46	Manaseer Monocle	Монокль созерцателя маны	PASS		Текст естественно читается, сохраняет смысл английского источника и игровые маркеры.	24		
patchouli-lang:botania:botania.entry.munchdew	sha256:5ecf0cdf4497dc406e5c9c2882c2b7f411e613728c0b36c0025287cefb0c1ce6	Munchdew	Росянка-листоед	PASS		Текст естественно читается, сохраняет смысл английского источника и игровые маркеры.	15		
patchouli-lang:botania:botania.entry.mushrooms	sha256:b86530f5a6cf6074f3063f0da46b89b8b95de2e34fe3df89908fe3f924dc0b39	Shimmering Mushrooms	Мерцающие грибы	PASS		Текст читается естественно, ясно и соответствует английскому источнику.	15		
patchouli-lang:botania:botania.entry.narslimmus	sha256:d7826e9c3b811df80e4aa08c63aa55932119281a5a61794ac3a667d6d1b92dce	Narslimmus	Гибислизь	PASS		Текст естественно читается, сохраняет смысл английского источника и игровые маркеры.	9		
patchouli-lang:botania:botania.entry.obedienceStick	sha256:4653aa07c24db331dcc55f8689a2ff9857ba94928f33a17a5d2532684ffb598a	Floral Obedience Stick	Жезл пастыря цветов	PASS		Текст естественно читается, сохраняет смысл английского источника и игровые маркеры.	19		
patchouli-lang:botania:botania.entry.odinRing	sha256:9f6c5901bb3b59e71884ece46cb45759d55582479b4fee6a23b90bed05a75b02	Ring of Odin	Кольцо Одина	PASS		Текст читается естественно, ясно и соответствует английскому источнику.	12		
patchouli-lang:botania:botania.entry.openBucket	sha256:294e3e3c3be81c984fd7d8f69da11a80e936dbddf28d200a29d5c28cd69539a5	Extrapolated Bucket	Экстраполированное ведро	PASS		Текст читается естественно, ясно и соответствует английскому источнику.	24		
patchouli-lang:botania:botania.entry.openCrate	sha256:25252582c5d7584ef85ffbf8cb6a8f25733fd14108930a5026b794281d6f1e38	Open Crate	Открытый ящик	PASS		Текст читается естественно, ясно и соответствует английскому источнику.	13		
patchouli-lang:botania:botania.entry.orechid	sha256:3ea76e1aecc18e564cb90a81e0ddfc0b06bedd79bc4e5c87e6f4a1192597ba82	Orechid	Рудоцвет	PASS		Текст естественно читается, сохраняет смысл английского источника и игровые маркеры.	8		
patchouli-lang:botania:botania.entry.orechidIgnem	sha256:c8cac325896d39956a40d648246d137a4be4e70fd5b897a04b60ea5b523fbe6b	Orechid Ignem	Огненный рудоцвет	PASS		Текст естественно читается, сохраняет смысл английского источника и игровые маркеры.	17		
patchouli-lang:botania:botania.entry.overgrowthSeed	sha256:98808bc42ec21ad1c32cc6502b22a918fe41564f1449bb5ca94c2ff6480e35bc	Overgrowth Seed	Семя разрастания	PASS		Текст естественно читается, сохраняет смысл английского источника и игровые маркеры.	16		
patchouli-lang:botania:botania.entry.pavement	sha256:0fe224f43cddff4b0a8e385fbae6b5bdfc8d1f10b1c7730c5dc92c4c59056cbe	Portuguese Pavement	Португальская плитка	PASS		Текст читается естественно, ясно и соответствует английскому источнику.	20		
patchouli-lang:botania:botania.entry.phantomInk	sha256:3a6350350d11967b738c6fd2f280b8a87965726d12f27648ec4be141fc0e8079	Phantom Ink	Фантомные чернила	PASS		Текст читается естественно, ясно и соответствует английскому источнику.	17		
patchouli-lang:botania:botania.entry.pistonRelay	sha256:0ef967feb22856a4cb80a013e661f23f97fcf1dd3320eca46711fed00476ba6b	Force Relay	Силовое реле	PASS		Текст читается естественно, ясно и соответствует английскому источнику.	12		
patchouli-lang:botania:botania.entry.pixieRing	sha256:8513dbd1b823dc8c903474586c05a150a257cee081124cda7dc7c7723f4a6de7	Great Fairy Ring	Кольцо великолепной феи	PASS		Текст естественно читается, сохраняет смысл английского источника и игровые маркеры.	23		
patchouli-lang:botania:botania.entry.platform	sha256:2e2563c9814ecce0a172a728718b54bbc08874368235f196453ccae23c2635ef	Abstruse Platform	Мудрёная платформа	PASS		Текст естественно читается, сохраняет смысл английского источника и игровые маркеры.	18		
patchouli-lang:botania:botania.entry.pollidisiac	sha256:7f97b0f16250a7f31feff1c68388f9d6daf1bd0ae9b95fa11ec516dfcaa0b055	Pollidisiac	Поллидизиак	PASS		Текст читается естественно, ясно и соответствует английскому источнику.	11		
patchouli-lang:botania:botania.entry.pool	sha256:25daff70612be117d2d0271bc91650eb591aa406026a0a9686ee2cdf05520b57	Mana Pool	Бассейн маны	PASS		Текст читается естественно, ясно и соответствует английскому источнику.	12		
patchouli-lang:botania:botania.entry.poolCart	sha256:2b7bdd3b69342091facecf91b638b583c98e9943dbc12ac81670a9055f4f66d5	Mana on Rails	Мана на рельсах	PASS		Текст читается естественно, ясно и соответствует английскому источнику.	15		
patchouli-lang:botania:botania.entry.preventingDecay	sha256:9b9b75fe853ed5db5b2acc6925f4c0ac5968320a579fcfd52655a345eb6f63a8	Numerical Mana	Перевод маны в цифру	PASS		Текст естественно читается, сохраняет смысл английского источника и игровые маркеры.	20		
patchouli-lang:botania:botania.entry.prism	sha256:4f48a727bdda594622d41f64d28bdd03462806dee2f08c85ba0f650d2a23e7c9	Mana Prism	Призма маны	PASS		Текст читается естественно, ясно и соответствует английскому источнику.	11		
patchouli-lang:botania:botania.entry.pureDaisy	sha256:942a89e937961b394fbe75d77d42fed89bee5e1c7eb2c2412f364ad4c0191ac1	Pure Daisy	Чистая маргаритка	PASS		Текст естественно читается, сохраняет смысл английского источника и игровые маркеры.	17		
patchouli-lang:botania:botania.entry.pylon	sha256:130c4cab8c0b8c6076be40fbd04bbee3b125a4af264b8765fb9773ab1576c9ca	Mana Pylon	Мана-пилон	PASS		Текст естественно читается, сохраняет смысл английского источника и игровые маркеры.	10		
patchouli-lang:botania:botania.entry.rafflowsia	sha256:af63dd24abed3c2ce4c177decac8d1a3c47b026287ae8bd343322140912ced9b	Rafflowsia	Раффлазия	PASS		Текст естественно читается, сохраняет смысл английского источника и игровые маркеры.	9		
patchouli-lang:botania:botania.entry.rainbowRod	sha256:b43f97c11c1fc2ccf2456d669ba0c4649b7fd9ffeb3aef60aef32f1c3a3197cd	Rod of the Bifrost	Скипетр Биврёста	PASS		Текст естественно читается, сохраняет смысл английского источника и игровые маркеры.	16		
patchouli-lang:botania:botania.entry.rannuncarpus	sha256:2edf08ee210a3624f4ebabba643fb740d7c0a38814e3b4ab01e3e5b90b0847a0	Rannuncarpus	Лютистрой	PASS		Текст естественно читается, сохраняет смысл английского источника и игровые маркеры.	9		
patchouli-lang:botania:botania.entry.reachRing	sha256:405b65b12a9c7f45d442d614156eab0bcbf79376fca4acdd4fbc19be341ccb39	Ring of Far Reach	Кольцо долгорукости	LENGTH_EXCEPTION	Кольцо дальней досягаемости	Уточнено по английскому источнику и упрощено для игрового текста.	19	27	1.421
patchouli-lang:botania:botania.entry.redString	sha256:725ee986c3639f8bf43d26b6cae4becd07bd5817797b30efb57e574ab8322c7e	Red String	Красная нить судьбы	PASS		Текст естественно читается, сохраняет смысл английского источника и игровые маркеры.	19		
patchouli-lang:botania:botania.entry.redstoneSpreader	sha256:77361f7aedb9b3215a0cf05c421e3254baed75cafca4698b3e713248c5e4b3ba	Pulse Mana Spreader	Редстоуновый р-тель маны	PASS		Текст естественно читается, сохраняет смысл английского источника и игровые маркеры.	24		
patchouli-lang:botania:botania.entry.relicInfo	sha256:638b7ff1a21f06753cf482caedbd04f98dc265f241d50c6c96446a69c6b1511d	The Relics of the Aesir II	Реликвии асов II	PASS		Текст естественно читается, сохраняет смысл английского источника и игровые маркеры.	16		
patchouli-lang:botania:botania.entry.relics	sha256:2256632d59c5ebcd5a35314168f67a65efcfa225117bca776978d0d03c9e9c58	The Relics of the Aesir	Реликвии асов	PASS		Текст естественно читается, сохраняет смысл английского источника и игровые маркеры.	13		
patchouli-lang:botania:botania.entry.rfGenerator	sha256:5eeeeb0d14d6e84524bd3504d06ce3adb994ffce7c6e4f45249036a2eb0c92ac	Mana Fluxfield	Энергопреобраз. маны	PASS		Текст естественно читается, сохраняет смысл английского источника и игровые маркеры.	20		
patchouli-lang:botania:botania.entry.runeAltar	sha256:ab7c775962ad35d4157f5f3109c0d0b3c4e4591fa7396dc4f294795fff918a24	Runic Altar	Рунический алтарь	PASS		Текст читается естественно, ясно и соответствует английскому источнику.	17		
patchouli-lang:botania:botania.entry.sextant	sha256:de0d50ba97575b02f09c39f8d75a0730db983928ce5f52f74534b9d2d3abe256	Worldshaper's Sextant	Секстант форм-теля миров	PASS		Текст естественно читается, сохраняет смысл английского источника и игровые маркеры.	24		
patchouli-lang:botania:botania.entry.shinyFlowers	sha256:9d3aaf7e3a9e70dedd2e19ed843d42c0d7d6c6a77f249a340f3a513b5283f7c1	Floral variants	Разновидности цветов	PASS		Текст естественно читается, сохраняет смысл английского источника и игровые маркеры.	20		
patchouli-lang:botania:botania.entry.shulk_me_not	sha256:c0a7f0f81a9fc362bb1bb8200cdf0058035cb53f1f7ac5040ff298ea56ccc93b	Shulk Me Not	Дешалкерия	PASS		Текст читается естественно, ясно и соответствует английскому источнику.	10		
patchouli-lang:botania:botania.entry.skyDirtRod	sha256:66c3fa1fa8273bae22acf35d22473e0a181612827c275a7f1ad2f2d6db6c3464	Rod of the Highlands	Скипетр высокогорья	PASS		Текст естественно читается, сохраняет смысл английского источника и игровые маркеры.	19		
patchouli-lang:botania:botania.entry.slimeBottle	sha256:614b35e90af80d708786115e2f4b8ac1236f30ff52a2713d751fbaa1aaf9f81a	Slime in a Bottle	Слизь в бутылочке	PASS		Текст естественно читается, сохраняет смысл английского источника и игровые маркеры.	17		
patchouli-lang:botania:botania.entry.smeltRod	sha256:37ed5462e49d55f3f51d773fc4b6fe6610df95e9d5cb7c771e070f1c2a70f9b4	Rod of the Molten Core	Скипетр огненных недр	PASS		Текст естественно читается, сохраняет смысл английского источника и игровые маркеры.	21		
patchouli-lang:botania:botania.entry.solegnolia	sha256:b66c138223e7ed4d0d8afaf6bb74ff9ca746ddc5170f866aebbc904e6af546fe	Solegnolia	Солегнолия	PASS		Текст читается естественно, ясно и соответствует английскому источнику.	10		
patchouli-lang:botania:botania.entry.sparkChanger	sha256:690f847165d2c1c83afb3842bf6598e59291818533e729ccece26532d8855c45	Spark Tinkerer	Настройщик искр	PASS		Текст естественно читается, сохраняет смысл английского источника и игровые маркеры.	15		
patchouli-lang:botania:botania.entry.sparkUpgrades	sha256:7cd0398d1d25649096880a882aed33456ae9e8100bcfe969552d67b9a306d61d	Spark Augments	Аугментации искр	PASS		Текст естественно читается, сохраняет смысл английского источника и игровые маркеры.	16		
patchouli-lang:botania:botania.entry.sparks	sha256:6905661c71fc9b8d0fb00d6d17b8abb5375ff329b561a9230d6cd3cafc42964d	Sparks	Искры	PASS		Текст читается естественно, ясно и соответствует английскому источнику.	5		
patchouli-lang:botania:botania.entry.spawnerClaw	sha256:2e5fa51ab9c0764bccb818357eec62a910de3e52d14c067b0cd085b3231a1b03	Life Imbuer	Насыщатель жизни	CHANGE	Оживитель	Уточнено по английскому источнику и упрощено для игрового текста.	16	9	0.562
patchouli-lang:botania:botania.entry.spawnerMover	sha256:7cfd720b0483f9a4e28021f88303956b5b1502c197903fc133afda3dd71a3ead	Life Aggregator	Агрегатор жизни	LENGTH_EXCEPTION	Переносчик спавнеров	Формулировка не проходит ограничение длины или маркеров.	15	20	1.333
patchouli-lang:botania:botania.entry.spectralPlatform	sha256:c1cd3aa3aad3149471b6ac38731af37360bb8f124f435747657a7274e7b748ec	Spectral Platform	Спектральная платформа	PASS		Текст читается естественно, ясно и соответствует английскому источнику.	22		
patchouli-lang:botania:botania.entry.spectranthemum	sha256:debb521f2653d70f4d83da65e25e6edda8314ef6e78c15316a31e5cd6a7dc1a2	Spectranthemum	Cпектрантема	PASS		Текст естественно читается, сохраняет смысл английского источника и игровые маркеры.	12		
patchouli-lang:botania:botania.entry.spectrolus	sha256:578365a70a90eaafe9f3739d90dfee01dfd6bfc81aa50d47f79104082e7ff9b8	Spectrolus	Спектролис	PASS		Текст читается естественно, ясно и соответствует английскому источнику.	10		
patchouli-lang:botania:botania.entry.speedUpBelt	sha256:f6c52c30c61250354cbfd6ec86d0f0071f05ba512afc2d70f994e64a87b10719	Planestrider's Sash	Кушак инертности	LENGTH_EXCEPTION	Кушак небесного странника	Уточнено по английскому источнику и упрощено для игрового текста.	16	25	1.562
patchouli-lang:botania:botania.entry.spellCloth	sha256:9be043b31f86438952c7fc0e19344336958fe39b2be29200d73de76d2507b4b2	Spellbinding Cloth	Ткань снятия зачарований	PASS		Текст читается естественно, ясно и соответствует английскому источнику.	24		
patchouli-lang:botania:botania.entry.spreader	sha256:9c349f4a4d766870274a52f820035c17758de142f3f45d5578e75a26f860c628	Mana Spreader	Распространитель маны	CHANGE	Распространитель маны	Уточнено по английскому источнику и упрощено для игрового текста.	21	21	1.000
patchouli-lang:botania:botania.entry.starSword	sha256:2e5d0b4dc0d4c0a7985e30fa7b3382acc027ad33ad8a3a564f892e76db266601	Starcaller	Звёздный меч	CHANGE	Звездозов	Уточнено по английскому источнику и упрощено для игрового текста.	12	9	0.750
patchouli-lang:botania:botania.entry.starfield	sha256:e0a45ca2bd1ec8be19d4a97e47d6f10aad5baa8469f27d9a742cbccb38eb6192	Starfield Creator	Творец созвездий	PASS		Текст читается естественно, ясно и соответствует английскому источнику.	16		
patchouli-lang:botania:botania.entry.superCloudPendant	sha256:e975868df241d16867b53ff8051a15c3c6b7f79f55a9e2f31aa90388f3a38f08	Nimbus Amulet	Амулет дождевого облака	PASS		Текст естественно читается, сохраняет смысл английского источника и игровые маркеры.	23		
patchouli-lang:botania:botania.entry.superLavaPendant	sha256:1977802f098797c0d9dd375d814c3c17887661c569f5353176156ec2cd69f8ba	Crimson Pendant	Багровый кулон	PASS		Текст читается естественно, ясно и соответствует английскому источнику.	14		
patchouli-lang:botania:botania.entry.superTravelBelt	sha256:77f49a9cf069d45edf134b969ed4feee18952e5ee9c1da7d12a8ad731e0dcd6a	Globetrotter's Sash	Кушак пилигрима	LENGTH_EXCEPTION	Кушак кругосветника	Уточнено по английскому источнику и упрощено для игрового текста.	15	19	1.267
patchouli-lang:botania:botania.entry.swapRing	sha256:1956d1bdc655f4b272e4b8f2ff940f8f7abe264560a0fa09cf8875bc2fe34014	Ring of Correction	Кольцо исправления	LENGTH_EXCEPTION	Кольцо смены инструмента	Формулировка не проходит ограничение длины или маркеров.	18	24	1.333
patchouli-lang:botania:botania.entry.tangleberrie	sha256:8a9cd5a8da57bad48cb51308627bc8f449cbf073495ab09a15452dd5bb6bb4d1	Tangleberrie	Путоягода	PASS		Текст читается естественно, ясно и соответствует английскому источнику.	9		
patchouli-lang:botania:botania.entry.temperanceStone	sha256:672e1b1cc17219d8cb43d48367b8a95df2e4bc49a3ddfd8955ddad12b87fdc84	Stone of Temperance	Камень сдержанности	PASS		Текст читается естественно, ясно и соответствует английскому источнику.	19		
patchouli-lang:botania:botania.entry.terraAxe	sha256:538cb3f858c431e1d58df1e8861d4a136af020d51137818d0e63ceac2bac1bb5	Terra Truncator	Терра-рассекатель	PASS		Текст естественно читается, сохраняет смысл английского источника и игровые маркеры.	17		
patchouli-lang:botania:botania.entry.terraPick	sha256:418258708911c0eab1e35cf6f539b206643ff83e6bc7dff0ac61a51f84935a46	Terra Shatterer	Терра-крушитель	PASS		Текст естественно читается, сохраняет смысл английского источника и игровые маркеры.	15		
patchouli-lang:botania:botania.entry.terraSword	sha256:9a727e083a0142f6aed8c29a4c2d5e8429763025605f3e63bd01b42830de4817	Terra Blade	Терра-лезвие	PASS		Текст естественно читается, сохраняет смысл английского источника и игровые маркеры.	12		
patchouli-lang:botania:botania.entry.terraformRod	sha256:a531c1960209318164c8dd4643c2f02cd459d5d5fb283c466ea6290a9c3d1437	Rod of the Terra Firma	Скипетр терраформиста	PASS		Текст естественно читается, сохраняет смысл английского источника и игровые маркеры.	21		
patchouli-lang:botania:botania.entry.terrasteel	sha256:6f98a474551159da5fa3a966e27bc51d66d1254a611995a10d769bc07a4d4111	Terrasteel	Террасталь	PASS		Текст читается естественно, ясно и соответствует английскому источнику.	10		
patchouli-lang:botania:botania.entry.terrasteelArmor	sha256:594826d487010425a53fb8c7ea9bcaf3ef1394325a6941f8425ec3ab01a56df7	Terrasteel Armor	Террастальная броня	PASS		Текст естественно читается, сохраняет смысл английского источника и игровые маркеры.	19		
patchouli-lang:botania:botania.entry.teruTeruBozu	sha256:a8307ca964c622535058bc3c6e02efad83c06f7e94cbc830906ab40f822a3383	Teru Teru Bozu	Тэру-тэру-бодзу	PASS		Текст читается естественно, ясно и соответствует английскому источнику.	15		
patchouli-lang:botania:botania.entry.thermalily	sha256:eb243ce9f286acb26d3d2858c439e55c4b03e7106a172876de4edeb8c5738d63	Thermalily	Теплолилия	PASS		Текст читается естественно, ясно и соответствует английскому источнику.	10		
patchouli-lang:botania:botania.entry.thirdEye	sha256:715c1ff2afcaf0d485f97c66ace9c94a385b7d18fd3471e1300b0944f3d00d40	Third Eye	Третий глаз	PASS		Текст читается естественно, ясно и соответствует английскому источнику.	11		
patchouli-lang:botania:botania.entry.thorRing	sha256:84ebfbd38635216ec5e4bf88b312fdba50ed375644362e50b80fad515334f223	Ring of Thor	Кольцо Тора	PASS		Текст читается естественно, ясно и соответствует английскому источнику.	11		
patchouli-lang:botania:botania.entry.thornChakram	sha256:56d282de3a69b457744cb29a28689dc2b041f3a86c1f448ce6e30c54d903953b	Thorn Chakram	Шипастый чакрам	PASS		Текст читается естественно, ясно и соответствует английскому источнику.	15		
patchouli-lang:botania:botania.entry.thunderSword	sha256:d8d1aeba4959e504462950452b202cc02a5ba375f8a31021b832135516acc124	Thundercaller	Громовой меч	CHANGE	Громозов	Уточнено по английскому источнику и упрощено для игрового текста.	12	8	0.667
patchouli-lang:botania:botania.entry.tigerseye	sha256:a6290a2ce2b050b16f552435e335723c1e8b79f05e6eb5c6654e9bd2e1e795d8	Tigerseye	Тигроглаз	PASS		Текст читается естественно, ясно и соответствует английскому источнику.	9		
patchouli-lang:botania:botania.entry.tinyPlanet	sha256:d0be0acef7590e043e3b988b7dd2d49070c24d4d194f4d03547a3fc38e7e6879	Tiny Planet	Крошечная планета	PASS		Текст естественно читается, сохраняет смысл английского источника и игровые маркеры.	17		
patchouli-lang:botania:botania.entry.tinyPotato	sha256:d654a47425de6a24467489914dc2248510c1334685d9ab54272bc73597df9256	Tiny Potato	Крошка-картошка	PASS		Текст естественно читается, сохраняет смысл английского источника и игровые маркеры.	15		
patchouli-lang:botania:botania.entry.tornadoRod	sha256:0a11af3d2483896c2fa09f6364d28c856a77f7ec39d98d76c7633945497e0cd9	Rod of the Skies	Скипетр небес	PASS		Текст естественно читается, сохраняет смысл английского источника и игровые маркеры.	13		
patchouli-lang:botania:botania.entry.travelBelt	sha256:2334a1b5d43ebc110da46c2d6500b08bd6be39575a19ca3e12ac525cb808506b	Sojourner's Sash	Пояс странника	PASS		Текст читается естественно, ясно и соответствует английскому источнику.	14		
patchouli-lang:botania:botania.entry.turntable	sha256:d459fdd22397df9b3d26ea9b237f52d5e65b5bdb156360f274db4d9f9b0933d5	Spreader Turntable	Поворотный стол р-нения	PASS		Текст естественно читается, сохраняет смысл английского источника и игровые маркеры.	23		
patchouli-lang:botania:botania.entry.vinculotus	sha256:b066e58a055989edb684658f57fa46913c740841944d36f9b0015c98ed2b6296	Vinculotus	Центротос	PASS		Текст естественно читается, сохраняет смысл английского источника и игровые маркеры.	9		
patchouli-lang:botania:botania.entry.vineBall	sha256:3acc2c843ce9068fcbf0f2b61cba9a7640bfcc66ddc61852a0fb855121770d7b	Vine Balls	Шар лозы	PASS		Текст читается естественно, ясно и соответствует английскому источнику.	8		
patchouli-lang:botania:botania.entry.virus	sha256:d5d099d1b8dfd8c10dd6ac0d778ff91b43916436a0ee148067679abd9e53b79b	Equestrian Virus	Конные вирусы	PASS		Текст естественно читается, сохраняет смысл английского источника и игровые маркеры.	13		
patchouli-lang:botania:botania.entry.wand	sha256:19b99edb218db86957f816a13d2a3e1fa7acfdeffcee44ba38d70c2e35cd621c	Wand of the Forest	Жезл леса	PASS		Текст естественно читается, сохраняет смысл английского источника и игровые маркеры.	9		
patchouli-lang:botania:botania.entry.waterRing	sha256:ae3df3220b5756df576db734f0077797cd43637668e15b285c02f47826deab14	Ring of Chordata	Кольцо хордовых	PASS		Текст читается естественно, ясно и соответствует английскому источнику.	15		
patchouli-lang:botania:botania.entry.waterRod	sha256:5b74592236cdc406ef2ddfdb5366717ab1ebb3ac70cb269c760fc55b3590732f	Rod of the Seas	Скипетр морей	PASS		Текст естественно читается, сохраняет смысл английского источника и игровые маркеры.	13		
patchouli-lang:botania:botania.entry.welcome	sha256:0568b90926da69c40888c88c009c7870290bc4c9007ab04757d1e4904caa98e8	Welcome To Botania	Приветствуем, ботаник!	PASS		Текст естественно читается, сохраняет смысл английского источника и игровые маркеры.	22		
patchouli-lang:botania:botania.entry.worldSeed	sha256:33ded6ecb268afb09fd25fbbd3b817bfa8d0d353daa66f8dd8806f8cd7eb0530	World Seed	Семя мира	PASS		Текст естественно читается, сохраняет смысл английского источника и игровые маркеры.	9		
patchouli-lang:botania:botania.landing	sha256:e6a71c0498b7473e611e731289349337f6d5cce99f5706efbf18ee1beaeea0d4	Magic, Tech. Naturally.$(br2)Botania is a tech mod themed around natural magic. The main concept is to create magical flowers and devices utilizing the power of the earth, in the form of $(thing)Mana$().	Магия и технология, природа и естество.$(br2)Ботания — это технический мод, посвящённый магии и природе. Создавайте магические цветы и устройства, использующие $(thing)ману$(), — форму силы земли.	CHANGE	Магия и технологии. Естественно.$(br2)Ботания — технический мод о магии природы. Создавайте волшебные цветы и устройства, используя силу земли в виде $(thing)Маны$().	Уточнено по английскому источнику и упрощено для игрового текста.	179	149	0.832
patchouli-lang:botania:botania.page.aIntro0	sha256:7e7fe3b0c9c74bbcff718b55d888aa1bb367c07a7410dbcb06f582696b495c66	Once upon a time, $(thing)Elves$(0) shared the world with us $(thing)Minecraftians$(0). Due to events unknown to us, they were banished back to their own world, $(thing)Alfheim$(0), never to return.$(p)Experiments have been performed in an attempt to re-establish a connection between the two worlds, and a theoretical procedure for creating such a portal has been devised.	Много-много лет назад, $(thing)эльфы$(0) делили мир вместе с нами, $(thing)майнкрафтерами$(0). Однако по неизвестным причинам, они были безвозвратно изгнаны обратно в свой мир, $(thing)Альвхейм$(0).$(p)Было проведено множество исследований в попытке преодолеть разрыв между двумя мирами, и в конце концов теоретический способ создания портала был найден.	PASS		Текст естественно читается, сохраняет смысл английского источника и игровые маркеры.	314		
patchouli-lang:botania:botania.page.aIntro1	sha256:668055f967f0c7eb80780695b257157f46e48ae48507047f9977d8dc890b9f95	Actually creating this portal would prove to be an arduous task: quite a few unusual resources would be necessary. The net requirements come down to 8 $(l:basics/pure_daisy)$(item)Livingwood$(0)$(/l) blocks, 3 $(l:misc/decorative_blocks)$(item)Glimmering Livingwood$(0)$(/l) blocks, an $(item)Elven Gateway Core$(0) (read on), and at least 2 $(l:mana/pool)$(item)Mana Pools$(0)$(/l) and $(item)Natura Pylons$(0) (read on).$(p)The $(l:basics/pure_daisy)$(item)Livingwood$(0)$(/l) blocks can be of any variant (logs or wood, stripped or not, etc.), so feel free to mix it up if you're feeling fancy.	Создание портала не лёгкая задача. Потребуются довольно редкие ресурсы, а если точнее: 8 блоков $(l:basics/pure_daisy)жизнедерева$(/l), 3 блока $(l:misc/decorative_blocks)светящегося жизнедерева$(/l), одно $(item)ядро эльфийских врат$(0) (см. далее), два $(l:mana/pool)бассейна маны$(/l) и два $(item)природных пилона$(0) (см. далее). $(p)Можно добавить любой вид не переработанного $(l:basics/pure_daisy)жизнедерева$(/l) — древесина, брёвна и их обтёсанные виды, но не доски. Вы можете даже мешать эти 8 блоков, не стесняйтесь самовыражаться!	PASS		Текст естественно читается, сохраняет смысл английского источника и игровые маркеры.	412		
patchouli-lang:botania:botania.page.aIntro2	sha256:e5e22364801cdd00c15a8bd085886787f6151f4982d01b5568bd4763fca7efde	Crafting the $(item)Elven Gateway Core$(0)	Создание $(item)ядра эльфийских врат$(0)	PASS		Текст естественно читается, сохраняет смысл английского источника и игровые маркеры.	29		
patchouli-lang:botania:botania.page.aIntro3	sha256:fdceced2058917bd4a28ca6e78af2da5179f03a822ca4502eab90315b0f27036	Crafting $(item)Natura Pylons$(0)	Создание $(item)природных пилонов$(0)	PASS		Текст естественно читается, сохраняет смысл английского источника и игровые маркеры.	26		
patchouli-lang:botania:botania.page.aIntro4	sha256:720cb6ed3fdd9eea0afc279788fd79f9f10c9288308926bb6e99043bb3890e95	Alfheim Portal	Создайте рамку из $(item)жизнедерева$(0)	CHANGE	Портал в Эльфхейм	Уточнено по английскому источнику и упрощено для игрового текста.	29	17	0.586
patchouli-lang:botania:botania.page.aIntro5	sha256:f7b629c11ddfe88376e6916993c63022114efff7b49c02b3306e291ac17b3a6b	At least two $(l:mana/pool)$(item)Mana Pools$(0)$(/l) with $(item)Natura Pylons$(0) directly above them would be needed within an 11x11x11 area around the Core. The initial activation of the portal, we believe, would cost a huge amount of $(thing)Mana$(0) from said Pools, and would be performed by right-clicking the core with a $(l:basics/wand)$(item)Wand of the Forest$(0)$(/l).$(p)The portal is designed to draw $(thing)Mana$(0) from all pools with Pylons equally; if any pool ran out, any connection a portal might have would close.	По крайней мере два $(l:mana/pool)бассейна маны$(/l) и два $(item)природных пилона$(0) должно находиться в зоне 11×11×11 вокруг ядра. Нажмите [$(k:use)] по ядру врат $(l:basics/wand)жезлом леса$(/l), чтобы запустить инициальную активацию портала.$(p)Открытие портала требует значительного количества $(thing)маны$(0) в бассейнах. Затраты портала делятся между бассейнами поровну; если мана в одном из них закончится, портал закроется.	PASS		Текст естественно читается, сохраняет смысл английского источника и игровые маркеры.	359		
patchouli-lang:botania:botania.page.aIntro6	sha256:b43fd3ca5bb1fbaa37dfd94f1a948fa0abe9bb19bc0254805c053ac32b813baf	Even with all these preparations, any link the portal could establish would be too weak to transfer living beings (so an $(thing)Alfheim$(0) vacation's off the table no matter what), but items might just make it through-- though $(thing)Mana$(0) from the surrounding $(l:mana/pool)$(item)Mana Pools$(0)$(/l) would be needed for items to survive a return trip.	Даже с такими приготовлениями, мощности портала недостаточно для прохода живых существ, потому ТЫ НЕ ПРОЙДЁШЬ! Кхм-кхм, но предметы могут пройти портал, тратя при этом $(item)ману$(0) из $(l:mana/pool)бассейнов маны$(/l); затраты на использование портала делятся между бассейнами.	CHANGE	Даже с такой подготовкой портал слишком слаб для живых существ, так что отдых в $(thing)Альвхейме$(0) не светит. Предметы всё же могут пройти, но для обратного пути им нужна $(thing)мана$(0) из окружающих $(l:mana/pool)$(item)бассейнов маны$(0)$(/l).	Сокращено и приведено к естественной игровой формулировке по английскому источнику.	250	196	0.784
patchouli-lang:botania:botania.page.aIntro7	sha256:a2e1e86141475aff8eb781c90efac6de9cb3d0cb0245cf14b20513cf1dc342c5	All knowledge about $(thing)Alfheim$(0) in this lexicon is, at this point, limited to what you find in this entry-- it seems that Elven knowledge has been almost totally lost.$(p)Perhaps if $(thing)the Elves could have a look at this book$(0), they could provide further insight.	Информация об $(thing)Альвхейме$(0) в этом Лексиконе крайне ограничена, видимо всё информация о эльфах была утеряна.$(p)Возможно, если дать $(thing)эльфам по ту сторону портала взглянуть на лексикон$(0), то они смогли бы передать вам что-то интересное.	PASS		Текст естественно читается, сохраняет смысл английского источника и игровые маркеры.	224		
patchouli-lang:botania:botania.page.agricarnation0	sha256:57773ded826dc2284d3e35250d7f6a695d9d6c41f4b6f54e274ed481ec16393f	The slow growth of crops is a perpetual problem in the feeding of the masses. The $(item)Agricarnation$(0) transforms $(thing)Mana$(0) into a type of natural fertilizer, causing nearby plant-life to grow faster.	Медленный рост растений — это главная причина невозможности накормить толпу. $(item)Агрогвоздика$(0) — цветок, превращающий $(thing)ману$(0) в натуральное удобрение. Рост растений на ближайших грядках ускоряется.	PASS		Текст естественно читается, сохраняет смысл английского источника и игровые маркеры.	189		
patchouli-lang:botania:botania.page.agricarnation1	sha256:16f11e50ea1e82a60261e7d533c91db672958cf4f71b2d774269cf46068160c8	$(o)Grandola Vila Morena$()...	$(o)Grandola, Vila Morena$()…	PASS		Текст естественно читается, сохраняет смысл английского источника и игровые маркеры.	22		
patchouli-lang:botania:botania.page.animatedTorch0	sha256:94dd3a5b3c9384bd33e18b4bdbc36a19d0b58c2a641297c7de3677ea8ba2cef2	The $(item)Animated Torch$(0) is simply a $(item)Redstone Torch$(0) with a spark of magical autonomy. And the ability to hover.$(p)The torch will point horizontally when placed, providing a redstone signal in that direction and no other. Sneak-right clicking the torch will rotate it 90 degrees, pointing the signal in the new direction instead.	$(item)Оживлённый редстоуновый факел$(0) — это не более чем $(item)редстоуновый факел$(0) с искрой магической автономии. Да, и способностью парить.$(p)При установке факел направлен горизонтально и излучает сигнал только на блок, расположенный перед его концом. Нажав [$(k:sneak)+$(k:use)] пустой рукой по факелу, он повернётся на 90 градусов. Естественно, излучать сигнал он будет в новое направление.	PASS		Текст естественно читается, сохраняет смысл английского источника и игровые маркеры.	357		
patchouli-lang:botania:botania.page.animatedTorch1	sha256:db839afc6fb8dee4559da822afec4f9bbd302404db3e25304746831bc7fefe82	By default, the torch is in $(thing)Toggle$(0) mode: whenever the torch is actuated (by either a $(thing)Mana Burst$(0) or an adjacent $(l:devices/hourglass)$(item)Hovering Hourglass$(0)$(/l)), it'll turn 180 degrees, serving as a T flip-flop.	По умолчанию факел находится в режиме «$(thing)Переключатель$(0)»: когда факел активируется (либо $(thing)сгустком маны$(0), либо соседними $(l:devices/hourglass)песочными часами$(/l)), он поворачивается на 180 градусов, выполняя функцию T-триггера.	PASS		Текст естественно читается, сохраняет смысл английского источника и игровые маркеры.	198		
patchouli-lang:botania:botania.page.animatedTorch2	sha256:9e431bb4065bad43adc9d21d8080a2002b9c3176bf6014469ad92caf46f478cc	Using a $(l:basics/wand)$(item)Wand of the Forest$(0)$(/l) on the torch changes its mode. The default mode is $(thing)Toggle$(0), as previously stated; the other two modes are $(thing)Rotate$(0), in which the torch rotates 90 degrees each actuation, and $(thing)Random$(0), in which the torch points randomly each actuation.	Использование $(l:basics/wand)жезла леса$(/l) на факеле меняет его режим. По умолчанию активирован режим «$(thing)Переключатель$(0)», как было указано ранее. Другие два режима — «$(thing)Поворот$(0)», в котором факел поворачивается на 90 градусов при каждом срабатывании, и «$(thing)Случайный$(0)», в котором факел поворачивается в случайное направление при каждом срабатывании.	PASS		Текст естественно читается, сохраняет смысл английского источника и игровые маркеры.	321		
patchouli-lang:botania:botania.page.animatedTorch3	sha256:c23b5690da24be6b36b1210636a2e504e3053e1eabdfd5c16ee9e7032d1a510c	It's fallen and it can't get up	$(o)Он упал и не может встать$()	PASS		Текст естественно читается, сохраняет смысл английского источника и игровые маркеры.	25		
patchouli-lang:botania:botania.page.apothecary0	sha256:26dae8430e72b2bf5e4006ed52e8c7cbd5543f2c8f0d231a1c4a0c0bc62793dc	To create plant life that can do their bidding, a botanist needs a special means of infusing plants with mystical energy.$(p)Luckily, the $(item)Petal Apothecary$(0) can do just that.	Для того, чтобы влить жизнь в растения, чтобы они смогли бы выполнить какую-то задачу, ботанику необходимо наполнить их мистической энергией.$(p)К счастью, $(item)лепестковая чаша$(0) именно это и делает.	CHANGE	Чтобы создавать растения, выполняющие волю ботаника, их нужно наполнять мистической энергией.$(p)К счастью, $(item)Лепестковый аптекарь$(0) как раз для этого и нужен.	Уточнено по английскому источнику и упрощено для игрового текста.	189	151	0.799
patchouli-lang:botania:botania.page.apothecary1	sha256:eb6168c496584b1913af70c65dc275fa57fe9210b2ce73998c8bf8687a969f8d	The $(item)Petal Apothecary$(0).	$(item)Лепестковая чаша$(0)	PASS		Текст естественно читается, сохраняет смысл английского источника и игровые маркеры.	16		
patchouli-lang:botania:botania.page.apothecary2	sha256:7e46d5e0dd603592d1a10090562db678ec449b827ac5325f0739ab9ee4705c38	This block, when placed in the world and given some water (by right-clicking or throwing in a $(item)Water Bucket$(0)), will accept any $(l:basics/flowers)$(item)Mystical Petals$(0)$(/l) thrown into it, absorbing their energies.$(p)Once the correct petals have been provided, throwing any $(thing)Seeds$(0) in will finalize the crafting process.	Сначала надо подготовить чашу: поставить чашу и наполнить её водой (бросив $(item)ведро$(0) в чашу или нажав [$(k:use)] ведром по ней). Затем можно будет бросить в неё $(l:basics/flowers)мистические лепестки$(/l), но чаша высвободит энергию только из их определённой комбинации.$(p)После того, как в ней окажутся нужные лепестки, нужно будет бросить любые подходящие $(item)семена$(0), чтобы завершить создание.	CHANGE	Поставьте этот блок и наполните его водой: нажмите ПКМ или бросьте в него $(item)Ведро воды$(0). Затем бросайте внутрь любые $(l:basics/flowers)$(item)Мистические лепестки$(0)$(/l) - аптекарь поглотит их энергию.$(p)Когда добавите нужные лепестки, бросьте любые $(thing)Семена$(0), чтобы завершить создание.	Уточнено по английскому источнику и упрощено для игрового текста.	353	245	0.694
patchouli-lang:botania:botania.page.apothecary3	sha256:7f776f0c9233f2f328a9964d214b31f4dcabdd5ebe112618fab0f6e093a6e16a	All $(thing)Functional$(0) and $(thing)Generating Flora$(0) are made here (for more information, read through the respective sections in this lexicon).$(p)Right clicking the $(item)Petal Apothecary$(0) with an empty hand will remove the last item thrown in.	С помощью $(item)лепестковой чаши$(0) можно создавать довольно много растений: они подробно описаны в категориях «$(l:functional_flowers)Функциональная флора$(/l)» и «$(l:generating_flowers)Генерирующая флора$(/l)».$(p)Нажатие по $(item)чаше$(0) [$(k:sneak)+$(k:use)] пустой рукой вернёт последний закинутый предмет.	CHANGE	Здесь создаются все $(thing)Функциональные$(0) и $(thing)Генерирующие цветы$(0); подробнее о них рассказано в соответствующих разделах Лексикона.$(p)Нажмите ПКМ пустой рукой по $(item)Лепестковому аптекарю$(0), чтобы вернуть последний брошенный предмет.	Уточнено по английскому источнику и упрощено для игрового текста.	216	214	0.991
patchouli-lang:botania:botania.page.apothecary4	sha256:5619eb86436d386ffdb41cbc93bada1ca8481ed64cf0a87e8c3851bed0ea5ce5	If it's filled with $(item)Lava$(0) instead of $(item)Water$(0), the Apothecary will serve as a brazier and incinerator, destroying any items that come into contact with it.	Вместо $(item)воды$(0), в чашу можно налить $(item)лаву$(0), и тогда она станет подобием мусоросжигателя, уничтожая любые предметы, что попадают в неё.	CHANGE	Если наполнить аптекарь $(item)Лавой$(0) вместо $(item)Воды$(0), он станет жаровней и уничтожит любой предмет, который в него попадет.	Уточнено по английскому источнику и упрощено для игрового текста.	129	112	0.868
patchouli-lang:botania:botania.page.apothecary6	sha256:ceb161b60685b583c5b594d6bc75fe66872607d1f74881fc3306b01c11d851bb	A simple tip for the more efficiency-minded: Up to twenty seconds after crafting a flower and after refilling the water, if you right-click the apothecary with an empty hand, it'll pull another set of the same ingredients out of your inventory, for quick crafting in bulk.	Простой совет для тех, кто любит использовать всё по максимуму: в течение 20 секунд после создания цветка в $(item)чаше$(0), можно нажать по ней [$(k:use)] пустой рукой, и тогда все предметы, необходимые для предыдущего выполненного рецепта, автоматически выложатся в чашу из вашего инвентаря, что полезно для создания большого количества цветов. Работает, только если внутри чаши есть вода.	CHANGE	Совет для любителей эффективности: в течение двадцати секунд после создания цветка и наполнения водой нажмите ПКМ пустой рукой по аптекарю. Он достанет из инвентаря еще один набор тех же ингредиентов, чтобы быстрее создавать цветы партиями.	Уточнено по английскому источнику и упрощено для игрового текста.	372	240	0.645
patchouli-lang:botania:botania.page.apothecary7	sha256:1448b25c47c1c380fd5f85c13d45d75d106731f6abfc27f4f5ffdb3554363ed7	$(item)Comparators$(0) can detect an $(item)Apothecary$(0)'s fullness.$(p)Since the $(item)Petal Apothecary$(0) can be filled by a dropped $(item)Water Bucket$(0), and $(item)Dispensers$(0) can fill buckets, creating a system that automatically refills the water in the block shouldn't prove too difficult.	Кстати, с помощью $(item)редстоунового компараторов$(0) можно определить, есть ли в $(item)чаше$(0) вода или нет.$(p)Раз $(item)чашу$(0) можно наполнить, кинув на неё $(item)ведро с водой$(0), а $(item)раздатчик$(0) может налить воду в ведро, можно создать систему, которая будет автоматически наливать воду в $(item)чашу$(0). Сделать это не так уж и сложно.	CHANGE	$(item)Компаратор$(0) может определять заполненность $(item)Аптекаря$(0).$(p)В $(item)Лепестковый аптекарь$(0) можно бросить $(item)Ведро воды$(0), а $(item)Раздатчик$(0) умеет наполнять ведра. Поэтому несложно собрать систему, которая будет автоматически доливать в блок воду.	Уточнено по английскому источнику и упрощено для игрового текста.	288	218	0.757
patchouli-lang:botania:botania.page.arcanerose0	sha256:f5a69a96b97dd3bb7d38d895b56605ffcc7041e9b8fb31f9bc335da48a635acc	$(thing)Experience Points$(0) contain a magic of their own. The $(item)Rosa Arcana$(0) can tap into this magic, absorbing the experience of nearby players and turning it into $(thing)Mana$(0).$(p)It can also synthesize mana from experience orbs and enchanted items in the world.	$(thing)Очки опыта$(0) — это своего рода форма магии. $(item)Роза тайн$(0) может связаться с этой магией и поглощать опыт игроков поблизости, превращая его в $(item)ману$(0).$(p)Она также может синтезировать выпавшие очки опыта и зачарованные предметы.	PASS		Текст естественно читается, сохраняет смысл английского источника и игровые маркеры.	214		
patchouli-lang:botania:botania.page.arcanerose1	sha256:0517f8ddfdd66cf0e102413c0b96292cb65b6d348c77edf3763d2982f3e29676	$(o)When this flower is planted, toss a coin$().	$(o)Цветку заплатите чеканной монетой$()…	PASS		Текст естественно читается, сохраняет смысл английского источника и игровые маркеры.	34		
patchouli-lang:botania:botania.page.astrolabe0	sha256:1da7f57c80bf9300f6ff08c60624c47a673dedd228cbad70f3664bc62b587185	The $(item)Worldshaper's Astrolabe$(0) is a handy tool to place blocks. A lot of them. Really quickly.$(p)To use it, sneak-right click the astrolabe on a block to choose the block to be placed, and sneak-right click the astrolabe in the air to choose the number of blocks to be placed.	$(item)Астролябия формирователя мира$(0) — полезный инструмент для размещения блоков. Много блоков. Очень быстро.$(p)Нажатие [$(k:sneak)+$(k:use)] астролябией по блоку выбирает его как блок для размещения. Повторное нажатие [$(k:sneak)+$(k:use)], но уже по воздуху, выбирает количество блоков для размещения.	CHANGE	$(item)Астролябия формирователя мира$(0) — удобный инструмент для быстрой установки множества блоков.$(p)Чтобы выбрать блок, присядьте и нажмите ПКМ астролябией по нему. Присядьте и нажмите ПКМ в воздухе, чтобы выбрать количество блоков.	Уточнено по английскому источнику и упрощено для игрового текста.	257	222	0.864
patchouli-lang:botania:botania.page.astrolabe1	sha256:707244a191810d3abf3d68611ced11991e7189f03bf8e0fdd5e24d9459ccefda	Once a block is selected, the astrolabe will display a preview of what it would construct at a given position.$(p)To actually construct the previewed blocks (using $(thing)Mana$(0) as well as blocks from the user's inventory), simply right-click the astrolabe. Blocks can also be supplied from items like a $(l:tools/dirt_rod)$(item)Rod of the Lands$(0)$(/l), a $(l:tools/cobble_rod)$(item)Rod of the Depths$(0)$(/l), or a $(l:ender/ender_hand)$(item)Hand of Ender$(0)$(/l).	После выбора блока астролябия покажет предварительный просмотр того, что она построит в указанном месте.$(p)Нажатие [$(k:use)] с астролябией разместит просмотренную структуру (используя $(thing)ману$(0) и блоки из инвентаря). Астролябия может использовать блоки из $(l:tools/dirt_rod)скипетра лугов$(/l), $(l:tools/cobble_rod)скипетра глубин$(/l) и $(l:ender/ender_hand)эндер-руки$(/l).	CHANGE	Выбрав блок, вы увидите, что астролябия построит в указанном месте.$(p)Чтобы разместить показанные блоки, нажмите ПКМ астролябией: будут потрачены $(thing)Мана$(0) и блоки из инвентаря. Блоки также могут поступать из $(l:tools/dirt_rod)$(item)Жезла Земель$(0)$(/l), $(l:tools/cobble_rod)$(item)Жезла глубин$(0)$(/l) или $(l:ender/ender_hand)$(item)Руки Края$(0)$(/l).	Уточнено по английскому источнику и упрощено для игрового текста.	286	242	0.846
patchouli-lang:botania:botania.page.astrolabe2	sha256:2e8377a09498bd4224d9e0f91a7768430bcb41fd639f6e460fdbcfd76bd93f99	Builds walls, creates worlds	$(o)Строит стены, формирует миры$()	PASS		Текст естественно читается, сохраняет смысл английского источника и игровые маркеры.	28		
patchouli-lang:botania:botania.page.auraRing0	sha256:335a4a5bb268c2a8e2815c340c4d8c4cb0126efc66d8b826546356b5b40ad6ad	The $(item)Band of Aura$(0) is a variant $(l:baubles/mana_ring)$(item)Band of Mana$(0)$(/l); instead of storing $(thing)Mana$(0), it generates a slow trickle of it (when equipped) and stores it in $(thing)Mana$(0)-containing items in its wearer's inventory.$(p)Plating it with an ingot of $(l:basics/terrasteel)$(item)Terrasteel$(0)$(/l) upgrades it to generate $(thing)Mana$(0) at a significantly faster rate.	$(item)Кольцо ауры$(0) немного отличается от обычного $(l:baubles/mana_ring)кольца маны$(/l). Вместо хранения $(thing)маны$(0), оно медленно создаёт её и наполняет хранящие $(thing)ману$(0) предметы в вашем инвентаре (например, $(l:mana/mana_tablet)планшет маны$(/l)).$(p)Используя $(l:basics/terrasteel)террасталь$(/l), можно создать более мощное кольцо, генерирующее $(thing)ману$(0) значительно быстрее.	PASS		Текст естественно читается, сохраняет смысл английского источника и игровые маркеры.	275		
patchouli-lang:botania:botania.page.auraRing1	sha256:858e4ad724502c31fcc2854eaf143add711f37a4c132cbd6a1b506d6fcb82983	Creating the ring	Создание кольца	PASS		Текст читается естественно, ясно и соответствует английскому источнику.	15		
patchouli-lang:botania:botania.page.auraRing2	sha256:08168bb728185934c21fd073b46d475fe898781b3d07eadf7e11f1e6dcf55406	Upgrading the ring	Улучшение кольца	PASS		Текст читается естественно, ясно и соответствует английскому источнику.	16		
patchouli-lang:botania:botania.page.autocraftingHalo0	sha256:b7d4dfabd2d93a888661f99b554082c02d28173792a58411a58ecec68e32b909	The $(item)Manufactory Halo$(0) is an upgrade of the $(l:tools/crafting_halo)$(item)Assembly Halo$(0)$(/l): aside from doing all that the $(l:tools/crafting_halo)$(item)Assembly Halo$(0)$(/l) can do, the $(item)Manufactory Halo$(0) will (when $(o)not$() held) automatically craft all possible saved recipes.$(p)Automatic compression of ores while mining is just one of many applications this upgrade has.	$(item)Фабричный венец$(0) — это прямое улучшение $(l:tools/crafting_halo)сборочного венца$(/l). Помимо исполнения всех функций $(l:tools/crafting_halo)сборочного венца$(/l), $(item)фабричный венец$(0) может (когда $(thing)не$(0) находится в руке) автоматически запускать создание всех доступных записанных рецептов.$(p)Автоматическое сжатие руд при добыче — это лишь одно из множества применений этого улучшения.	CHANGE	$(item)Фабричный венец$(0) — улучшение $(l:tools/crafting_halo)$(item)Сборочного венца$(0)$(/l). Он умеет всё, что и $(l:tools/crafting_halo)$(item)Сборочный венец$(0)$(/l), но, пока $(item)Фабричный венец$(0) $(o)не$() находится в руке, автоматически создаёт все возможные сохранённые рецепты.$(p)Например, он может сжимать руду прямо во время добычи.	Уточнено по английскому источнику и упрощено для игрового текста.	317	239	0.754
patchouli-lang:botania:botania.page.autocraftingHalo1	sha256:c09101a6d66bb27e749a767e93b7ab331eabe25d4177af8719b593fa7a78e7a1	Halo Now Launcher$(p)Automatic crafting can be toggled on/off by right-clicking the $(item)Manufactory Halo$(0) in your inventory, or by right-clicking its $(item)Crafting Table$(0) segment while sneaking.	$(o)Венец творения$()$(p)Автоматическое создание можно включить/выключить: нажмите [$(k:use)] на $(item)фабричный венец$(0) в вашем инвентаре, или нажмите [$(k:sneak)+$(k:use)] по сегменту $(item)верстака$(0) в меню венца.	CHANGE	Запуск венца$(p)Автокрафт включается и выключается нажатием ПКМ по $(item)Фабричному венцу$(0) в инвентаре или по его сегменту $(item)Верстака$(0) с зажатым Shift.	Уточнено по английскому источнику и упрощено для игрового текста.	163	137	0.840
patchouli-lang:botania:botania.page.avatar0	sha256:b5ff6b5b5fd69ade34928bbca333ded77f325b778faf92c1aa4512301d0c8f03	Carving some $(l:basics/pure_daisy)$(item)Livingwood$(0)$(/l) into a humanoid and giving it a $(l:mana/pool)$(item)Mana Diamond$(0)$(/l) for a heart yields an apparatus known as the $(item)Livingwood Avatar$(0). By itself, the block is just a pretty face; however, giving it a $(thing)Rod$(0) enables it to cast magic. At the cost of $(thing)Mana$(0), from a spreader, of course.	Если вырезать из $(l:basics/pure_daisy)жизнедерева$(/l) гуманоидную фигурку, и поставить ей $(l:mana/pool)манаалмаз$(/l) вместо сердца, получится $(item)жизнедеревянный идол$(0). Сам по себе он ничего не делает; идолу нужно дать какой-нибудь $(thing)скипетр$(0) — он может использовать их, используя $(thing)ману$(0) от $(l:mana/spreader)распространителя$(/l).	PASS		Текст естественно читается, сохраняет смысл английского источника и игровые маркеры.	256		
patchouli-lang:botania:botania.page.avatar1	sha256:6b5518da0ec02d257ff80633fdf7247929e1ba8fdf2adfba6cff8c540e90c8b4	Not all $(thing)Rods$(0) can be used by an avatar. Any that do, however, are detailed in this book.$(p)Try out the $(l:tools/tornado_rod)$(item)Rod of the Skies$(0)$(/l), $(l:tools/fire_rod)$(item)Rod of the Hells$(0)$(/l) and $(l:tools/divining_rod)$(item)Rod of the Plentiful Mantle$(0)$(/l), for starters.$(p)Applying a redstone signal to the avatar will prevent it from casting.	$(item)Жизнедеревянные идолы$(0) могут использовать не все $(thing)скипетры$(0); в главе о соответствующем скипетре будет написано, сможет ли идол его использовать.$(p)Это не весь список, но для начала можете попробовать эти скипетры: $(l:tools/tornado_rod)скипетр небес$(/l), $(l:tools/fire_rod)скипетр жуткого пекла$(/l) и $(l:tools/divining_rod)скипетр богатства земли$(/l).$(p)Подача редстоун-сигнала на идол запрещает ему использовать скипетры.	PASS		Текст естественно читается, сохраняет смысл английского источника и игровые маркеры.	339		
patchouli-lang:botania:botania.page.avatar2	sha256:b51c3b7074c4a735832393decd7b4d3a0e06b56545bfe920df0e1faee9906834	But is it an anime?	$(o)Не сотвори себе кумира$()	PASS		Текст естественно читается, сохраняет смысл английского источника и игровые маркеры.	22		
patchouli-lang:botania:botania.page.azulejo0	sha256:7fa9b438a76be0447b3b8e375ce0b90a94bef131f68b6d0aedb5fe8a7215a35d	$(item)Azulejos$(0) are decorative blocks, textured with tileable patterns of blue and white, crafted simply from any $(item)Blue Dye$(0) and a $(item)Block of Quartz$(0).$(p)The sixteen different designs can be cycled through on a crafting grid or freely exchanged between using a stonecutter.	$(item)Азулежу$(0) — это декоративный блок из разных комбинаций белых и синих плиток. Чтобы создать азулежу, нужно смешать $(item)синий краситель$(0) с $(item)кварцевым блоком$(0).$(p)У азелужу есть 16 разных узоров: узор меняется на сетке верстака или на камнерезе.	PASS		Текст естественно читается, сохраняет смысл английского источника и игровые маркеры.	229		
patchouli-lang:botania:botania.page.azulejo1	sha256:42bfd48948b6103b39982427dddb88b301903f573c4d97efdf0907d26588a708	The various patterns	Различные узоры	PASS		Текст читается естественно, ясно и соответствует английскому источнику.	15		
patchouli-lang:botania:botania.page.azulejo2	sha256:87209bbf663f144a9edbc741bbabbf65b86b20a2e3f8fc22f0d41dde966b48c5	Crafting $(item)Azulejos$(0)	Создание $(item)азулежу$(0)	PASS		Текст естественно читается, сохраняет смысл английского источника и игровые маркеры.	16		
patchouli-lang:botania:botania.page.azulejo3	sha256:6809cb7c0e1ede5a85c8de8ebc8b27663d745d1f4f685bb55377cf562b63b7d7	Cycling through the patterns	Циклическая смена узоров	PASS		Текст читается естественно, ясно и соответствует английскому источнику.	24		
patchouli-lang:botania:botania.page.bIntro0	sha256:e6382017a1d2812e52940c82fbe92a9bd7ebe386aa08142aa9e42223c392fecc	$(thing)Trinkets$(0) (also known as $(thing)Curios$(0), $(thing)Baubles$(0), or $(thing)Charms$(0)) are accessories that offer all sorts of different effects when worn.$(p)To equip them, press [$(k:curios.open.desc)].	$(thing)Аксессуары$(0) (также известные как $(thing)Curios$(0), $(thing)Baubles$(0) или $(thing)Charms$(0)) — это украшения, служащие для повышения характеристик или получения необычных эффектов.$(p)Чтобы надеть их, нажмите [$(k:curios.open.desc)].	CHANGE	$(thing)Безделушки$(0), также известные как $(thing)Curios$(0), $(thing)Baubles$(0) или $(thing)Амулеты$(0), — это носимые аксессуары с разными эффектами.$(p)Чтобы открыть их меню, нажмите [$(k:curios.open.desc)].	Уточнено по английскому источнику и упрощено для игрового текста.	175	140	0.800
patchouli-lang:botania:botania.page.bIntro1	sha256:e078119623395bf8a830af935b6b8447b805d342d59989957747632a460c1b05	The $(thing)Curios Screen$(0)	$(thing)Меню аксессуаров Curios$(0)	PASS		Текст естественно читается, сохраняет смысл английского источника и игровые маркеры.	23		
patchouli-lang:botania:botania.page.bIntro1_trinkets	sha256:b6f2d7504a89ae20db3ea82a43e0168a5b39fdd746a271e0b193648a6d2fbc6b	The $(thing)Trinkets Screen$(0)	$(thing)Меню аксессуаров Trinkets$(0)	PASS		Текст естественно читается, сохраняет смысл английского источника и игровые маркеры.	25		
patchouli-lang:botania:botania.page.bIntro2	sha256:bad26f77220cc22835fb1ea7440095ffc06f9048b517fbfe6abe575fc3e85a21	Do note that if any other mod uses the $(thing)Curios$(0) system, equipment slots must be shared with that mod's $(thing)Trinkets$(0) as well.	Учтите, что если какой-либо другой мод использует систему $(thing)аксессуаров Curious$(0), то слоты аксессуаров будет делится между ними и $(thing)аксессуарами$(0) этого мода.	CHANGE	Учтите: если другой мод тоже использует систему $(thing)Безделушек$(0), слоты экипировки придётся делить с $(thing)Безделушками$(0) этого мода.	Уточнено по английскому источнику и упрощено для игрового текста.	151	119	0.788
patchouli-lang:botania:botania.page.bIntro2_trinkets	sha256:35c773ee450043df6c1bf017250b5cc3a49657d2af2619c435fe4b092667c86b	Do note that if any other mod uses the $(thing)Trinkets$(0) system, equipment slots must be shared with that mod's $(thing)Trinkets$(0) as well.	Учтите, что если какой-либо другой мод использует систему $(thing)аксессуаров Trinkets$(0), то слоты аксессуаров будет делится между ними и $(thing)аксессуарами$(0) этого мода.	PASS		Текст естественно читается, сохраняет смысл английского источника и игровые маркеры.	152		
patchouli-lang:botania:botania.page.banners0	sha256:6d6b83cc30939aa9eabbae8c98e2756f39f10dbea84badd04c02bab9cf02ce48	$(thing)Botania$(0) adds $(thing)15$(0) new icons to banners, which can be mixed and matched with vanilla patterns and icons.$(p)The following items can be used alongside a dye in a $(item)Loom$(0) to add an icon to a $(item)Banner$(0): $(l:mana/spark_upgrades)$(item)Spark Augments$(0)$(/l), $(item)Livingwood and Dreamwood Twigs$(0), the $(l:basics/lexicon)$(item)Lexica Botania$(0)$(/l), $(l:basics/terrasteel)$(item)Terrasteel$(0)$(/l), and the $(l:misc/tiny_potato)$(item)Tiny Potato$(0)$(/l). Additionally, patterns for fish and the base tools are available without requiring a pattern item.	$(thing)Ботания$(0) добавляет $(thing)15$(0) новых узоров для баннеров, их можно совмещать с ванильными узорами.$(p)Следующие предметы с добавлением красителя на $(item)ткацком станке$(0) создают новые узоры на $(item)баннерах$(0): $(l:mana/spark_upgrades)аугментации искр$(/l), $(item)ветка жизнедерева$(0) или $(item)дерева мечтаний$(0), $(l:basics/lexicon)лексикон Ботании$(/l), $(l:basics/terrasteel)террасталь$(/l) и $(l:misc/tiny_potato)крошка-картошка$(/l).	PASS		Текст естественно читается, сохраняет смысл английского источника и игровые маркеры.	286		
patchouli-lang:botania:botania.page.banners1	sha256:f35cd044acabe295b9c771d7023074d1ff3960eb46e051b03e1111b08c19f0b3	The banner patterns	Новые узоры флагов	PASS		Текст естественно читается, сохраняет смысл английского источника и игровые маркеры.	18		
patchouli-lang:botania:botania.page.baubleBox0	sha256:92ca6e6cf884171650eef384d95241a717c86c8e4d1f7df8b5d79ffb0dcd18a9	It's possible to have $(o)too$() many $(thing)Trinkets$(0) on hand-- after all, inventory space is limited. A solution: stash them in a $(item)Trinket Case$(0), a handy container for $(thing)Trinkets$(0).$(p)The case's interface lets its user quickly swap their equipped $(thing)Trinkets$(0). The case can also store $(thing)Rods$(0) and $(thing)Mana$(0)-containing items, like $(l:mana/mana_tablet)$(item)Mana Tablets$(0)$(/l) (though they can't provide $(thing)Mana$(0) when in the box).	Иногда нужных $(thing)аксессуаров$(0) становится $(o)слишком$() много, а места в инвентаре для них не хватает. Решение: сложить их в специальный $(item)ларец для аксессуаров$(0).$(p)В меню ларца можно быстро менять надетые аксессуары. В ларец также можно класть хранящие $(thing)ману$(0) предметы (например, $(l:mana/mana_tablet)планшет маны$(/l)).	LENGTH_EXCEPTION	Когда $(o)слишком$() много $(thing)Безделушек$(0), места в инвентаре не хватает. Уберите их в $(item)Кейс для безделушек$(0) — удобное хранилище для $(thing)Безделушек$(0).$(p)Через его меню можно быстро менять надетые $(thing)Безделушки$(0). В кейсе также помещаются $(thing)Жезлы$(0) и предметы с $(thing)Маной$(0), например $(l:mana/mana_tablet)$(item)Планшеты маны$(0)$(/l), но внутри кейса они не могут передавать $(thing)Ману$(0).	Уточнено по английскому источнику и упрощено для игрового текста.	276	305	1.105
patchouli-lang:botania:botania.page.baubleBox1	sha256:0c97134491c226bfc7431d78ccd77da33db11e0a9c7431f606e9980bd428cd1a	It could even be a boat!	$(o)А ларчик просто открывался!$()	CHANGE	Он может быть даже лодкой!	Уточнено по английскому источнику и упрощено для игрового текста.	27	26	0.963
patchouli-lang:botania:botania.page.bellethorne0	sha256:fca4adfa22ae0289296031d6af30d3dc1023a275fac064a068a4ebf7203c8f21	The $(item)Bellethorne$(0) is a malevolent flower. It twists any $(thing)Mana$(0) provided to slowly inflict harm in any living beings (save for $(thing)players$(0)) around it.	$(item)Звоношип$(0) — это разрушительный и опасный магический цветок. Он искажает любую $(thing)ману$(0), чтобы медленно причинять вред всем живым существам вокруг него (безопасно для самих $(thing)ботаников$(0)).	PASS		Текст естественно читается, сохраняет смысл английского источника и игровые маркеры.	178		
patchouli-lang:botania:botania.page.bellethorne1	sha256:4424d922de4114f5381fd7aee21189858ca2c4835b9e58c7fe000a3317122715	$(o)Every rose has its thorn$().	$(o)У каждой розы есть шипы$()	PASS		Текст естественно читается, сохраняет смысл английского источника и игровые маркеры.	23		
patchouli-lang:botania:botania.page.bellows0	sha256:7f236f813831b3ca38a0c6936c96e2909e4b5386cbc847065a27d8e52ec35f19	The $(item)Manatide Bellows$(0) increases the speed of $(l:mana/pool)$(item)Mana Pools$(0)$(/l)' output.$(p)Placing these bellows next to (and pointing towards) a $(l:mana/pool)$(item)Mana Pool$(0)$(/l) will increase the speed at which the pool outputs its $(thing)Mana$(0) into $(l:mana/mana_tablet)$(item)Mana Tablets$(0)$(/l) or other items. Multiple bellows will further increase the transfer rate.	$(item)Мана-мехи$(0) — это простое устройство, увеличивающее скорость передачи маны из $(l:mana/pool)бассейна$(/l). $(p)Мехи, стоящие вплотную и направленные в сторону $(l:mana/pool)бассейна маны$(/l), увеличивают скорость, с которой бассейн выпускает свою $(thing)ману$(0) в $(l:mana/mana_tablets)планшеты маны$(/l) или другие предметы. Эффект мехов складывается.	PASS		Текст естественно читается, сохраняет смысл английского источника и игровые маркеры.	272		
patchouli-lang:botania:botania.page.bellows1	sha256:0a94a3d53a29d49d312a24ef0633a621836cca3d59a0ee3e9157cd5a74e776d2	A slightly more mundane use of the $(item)Manatide Bellows$(0) is to stoke a $(item)Furnace$(0)'s flames.$(p)A $(item)Manatide Bellows$(0) can be operated manually via a right-click; pointing the bellows towards an active $(item)Furnace$(0) and manning it will increase the speed and efficiency at which the items in the $(item)Furnace$(0) get smelted.	Немного менее интересное применение $(item)мана-мехов$(0) — разжигать пламя $(item)печи$(0). $(p)$(item)Мана-мехи$(0) можно использовать вручную, нажав [$(k:use)]. Если повернуть их на активную $(item)печь$(0), и раздуть, то это увеличит скорость и эффективность печи.	PASS		Текст естественно читается, сохраняет смысл английского источника и игровые маркеры.	212		
patchouli-lang:botania:botania.page.bellows2	sha256:89cbb6459db29d972b04e20e50ebe5bccb5b9b3ff44d5b02d0c5a2bfc75c8af2	It is your duty to be stoked	$(o)Это какое-то надувательство!$()	PASS		Текст естественно читается, сохраняет смысл английского источника и игровые маркеры.	28		
patchouli-lang:botania:botania.page.bergamute0	sha256:b9566ec69491df94b0f5fbcf77edd37343b2cbc58de96302f4593be5440439b3	Anyone who's ever attempted ranching knows of the cacophonous din emitted by herds of animals. Luckily, the $(item)Bergamute$(0) can deafen such dins.	Каждый, кто когда-либо занимался скотоводством, знает об оглушительном шуме, создаваемом стадами животных. К счастью, $(item)бергамут$(0) может заглушить этот шум.	PASS		Текст естественно читается, сохраняет смысл английского источника и игровые маркеры.	152		
patchouli-lang:botania:botania.page.bergamute1	sha256:43fc73d30a41fc76c0c3528c74c9679d5f14d3cba2d3e74793aa675dd1cfe43d	The $(item)Bergamute$(0) absorbs sound energy emitted in a close radius around itself, converting it into trace amounts of mana and dispersing it harmlessly. It halves the volume of sounds within reach, the effect stacking with other nearby $(item)Bergamutes$(0).$(p)Additionally, $(l:tools/grass_horn)$(item)Horns$(0)$(/l) or $(l:devices/forest_drum)$(item)Drums$(0)$(/l) will not break blocks within its range, and vibrations passing through its area of effect are muffled.	$(item)Бергамут$(0) поглощает звуковую энергию поблизости, превращая её в небольшие сгустки маны, и безопасно её рассеивает. Цветок уменьшает громкость звуков в пределах его досягаемости в два раза, причём этот эффект складывается с другими $(item)бергамутами$(0) неподалёку.$(p)Кроме того, $(l:tools/grass_horn)рога$(/l) и $(l:devices/forest_drum)барабаны$(/l) не смогут разрушить блоки в зоне действия $(item)бергамута$(0), так как разрушающие вибрации, проходящие через эту область, поглощаются.	PASS		Текст естественно читается, сохраняет смысл английского источника и игровые маркеры.	406		
patchouli-lang:botania:botania.page.bergamute2	sha256:9877469ae511e92d0c325e30ad150a67cbc754487b7a69e6b9ed5787823dc37b	Deaf to All but the Song	$(o)Избирательное слушание$()	PASS		Текст естественно читается, сохраняет смысл английского источника и игровые маркеры.	22		
patchouli-lang:botania:botania.page.blackHoleTalisman0	sha256:136aefd53e66b9576c47361b5ab93bbd89b20ae9cd03bd076f6f6383dc3e1241	The void is a massive space full of... nothing. Really. There's nothing there. But with a bit of ingenuity, this nothingness can be exploited to store blocks for you to your heart's content.$(p)The $(item)Black Hole Talisman$(0) utilizes powerful Gaia and Ender magics to store a virtually infinite quantity of a single type of block.	Пустота — это огромное пространство, полное… ничего. Не важно, во всяком случае, с небольшой толикой изобретательности, это ничто можно использовать для хранения блоков в любых количествах.$(p)$(item)Талисман чёрной дыры$(0) использует мощную магию Гайи и Энда для хранения практически бесконечного количества одного вида блока.	PASS		Текст естественно читается, сохраняет смысл английского источника и игровые маркеры.	313		
patchouli-lang:botania:botania.page.blackHoleTalisman1	sha256:652039e8eb14632e3341f6471c6334129d3dcb04ee7fb4b024ac7276623ead57	Right-clicking a block with an empty Talisman will set it to store that type of block, and sneak-right clicking the Talisman in the air will enable or disable it. When enabled, a Talisman will absorb any blocks of its given type from its user's inventory.$(p)Placing the item in a crafting grid will yield its stored blocks, a stack at a time.	Вид блока для хранения записывается в талисман нажатием [$(k:use)] на нужный блок, а нажатие [$(k:sneak)+$(k:use)] по воздуху включает или выключает его. Когда талисман активирован, он поглощает все подходящие блоки из инвентаря пользователя.$(p)Сохранённые блоки можно извлечь, поместив талисман в сетку создания.	PASS		Текст естественно читается, сохраняет смысл английского источника и игровые маркеры.	284		
patchouli-lang:botania:botania.page.blackHoleTalisman2	sha256:5f77a2dec3d4479677fb0a713967210e4ffcfd12b066f8536f8ac424f23ed5bf	Any blocks stored in a Talisman can be placed by simply right-clicking with it.$(p)Sneak-right clicking the Talisman on an inventory will dump up to a stack of blocks into that inventory. Finally, a Talisman can provide a $(l:tools/exchange_rod)$(item)Rod of the Shifting Crust$(0)$(/l) with the blocks it contains.	Любые блоки, хранящиеся в талисмане, можно разместить, нажав [$(k:use)] с талисманом в руке.$(p)Нажатие [$(k:sneak)+$(k:use)] с талисманом по контейнеру переместит в него до одного стака блоков за раз. Наконец, талисман может снабжать $(l:tools/exchange_rod)скипетр обмена$(/l) своими блоками.	PASS		Текст естественно читается, сохраняет смысл английского источника и игровые маркеры.	235		
patchouli-lang:botania:botania.page.blackHoleTalisman3	sha256:cf960e02ac1402b6c4c581deb8bd356b922b8f92c8e07ba1fa6c711a933fd51e	Technically incorrect, the worst type of incorrect	$(o)«Технически неверно» то же самое, что и «Ты вообще не прав, но да»$()	CHANGE	Технически неверно, а это худший вид неверности	Уточнено по английскому источнику и упрощено для игрового текста.	66	47	0.712
patchouli-lang:botania:botania.page.blackLotus0	sha256:91e0a42912586b3e2edda7e345c37e499db7ea013143190942492be6e96fc767	An elusive flower by the name of the $(item)Black Lotus$(0) exists; however, it is not known to grow or reproduce. There are no known sources of the Lotus at this time.$(p)It is known, however, that each bloom contains a good deal of concentrated $(thing)Mana$(0) that can be released by dissolving it inside a non-empty $(l:mana/pool)$(item)Mana Pool$(0)$(/l). Just throwing it in will do.	Известно, что таинственный цветок под названием $(item)чёрный лотос$(0) действительно существует, но при этом нигде не растёт и не размножается. До сих пор не существует надёжных источников чёрного лотоса.$(p)Знают только то, что он содержит в себе большое количество концентрированной $(thing)маны$(0), которую можно высвободить, растворив лотос в $(l:mana/pool)бассейне маны$(/l). Просто бросьте его туда.	CHANGE	Существует редкий цветок - $(item)Черный лотос$(0), но неизвестно, где он растет и размножается; известных источников у него нет.$(p)В каждом цветке много концентрированной $(thing)маны$(0). Бросьте его в непустой $(l:mana/pool)$(item)Бассейн маны$(0)$(/l), чтобы высвободить ее.	Уточнено по английскому источнику и упрощено для игрового текста.	361	222	0.615
patchouli-lang:botania:botania.page.blazeBlock0	sha256:e1430afc0d681adea3d971d2bb7e352da90b0b00fba8bab1df9bfa7604fd1a99	Mashing a bunch of blaze essences together yields a functional (if crude) decorative light block.$(p)Like a $(item)Block of Coal$(0), the $(item)Blaze Mesh$(0) can be burned in furnaces (or $(l:generating_flowers/endoflame)$(item)Endoflames$(0)$(/l)). Strangely enough, when placed by a $(l:basics/pure_daisy)$(item)Pure Daisy$(0)$(/l), it transforms into $(item)Obsidian$(0).	Сжав огненную эссенцию, можно получить функциональный (хоть и грубый) декоративный источник света.$(p)Как и $(item)угольный блок$(0), $(item)огненная сетка$(0) может использоваться как топливо для печей (и, следовательно, для $(l:generating_flowers/endoflame)эндопламени$(/l)). Каким-то непонятным образом, $(item)огненная сетка$(0) превращается в $(item)обсидиан$(0), если стоит рядом с $(l:basics/pure_daisy)чистой маргариткой$(/l).	PASS		Текст естественно читается, сохраняет смысл английского источника и игровые маркеры.	321		
patchouli-lang:botania:botania.page.blazeBlock1	sha256:5bfe1eadc206dcb6f997b92de3683485ac00f5a1d1bba318d103a969c8fee2af	0x1a4	$(o)0x1a4 каждый день$()	CHANGE	0x1a4.	Сокращено и приведено к естественной игровой формулировке по английскому источнику.	17	6	0.353
patchouli-lang:botania:botania.page.bloodPendant0	sha256:b84ebfccd3fee482d47da0aa6a42eb9a88c942c4e9294f27fdff1c30d1981d5f	The essences of the $(thing)Nether$(0), from which the original $(thing)Potions$(0) were created, are very efficient at storing the powers of effects.$(p)The $(item)Tainted Blood Pendant$(0), crafted from such essences, can store a $(thing)Brew$(0) in a condensed, stable form. A Pendant with a stored $(thing)Brew$(0), when worn, will lens $(thing)Mana$(0) through itself to provide its stored effect.	Эссенции $(thing)Незера$(0), из которых были созданы оригинальные $(thing)зелья$(0), очень эффективно хранят силу эффектов.$(p)$(item)Кулон порченной крови$(0), изготовленный из этих эссенций, может хранить $(thing)отвар$(0) в сжатом и стабильном виде. Экипированный кулон с сохранённым $(thing)отваром$(0) наделяет эффектом, пропуская через себя $(thing)ману$(0).	PASS		Текст естественно читается, сохраняет смысл английского источника и игровые маркеры.	289		
patchouli-lang:botania:botania.page.bloodPendant1	sha256:24d3a977ec65cfb6e4bdf92d21a6f96322340341900435ae0e1666d9b79c841b	A pendant can be infused with a $(thing)Brew$(0) by substituting a $(item)Vial$(0) on a $(l:devices/brewery)$(item)Botanical Brewery$(0)$(/l) with an uninfused Pendant, costing about ten times the $(thing)Mana$(0).$(p)However, the pendant doesn't play well with effects like $(thing)Instant Health$(0) or $(thing)Absorption$(0), and can't handle $(thing)Brews$(0) with more than one effect.	Кулон можно зарядить $(thing)отвар$(0), заменив $(item)флакон$(0) в $(l:devices/brewery)ботаническом отварщике$(/l) на пустой кулон. Наполнение кулона потребует примерно в десять раз больше $(thing)маны$(0), чем обычно.$(p)Однако, кулон несовместим с эффектами зелий как «$(thing)Мгновенное лечение$(0)» или «$(thing)Поглощение$(0)». В кулон нельзя влить $(thing)отвары$(0), вызывающие более одного эффекта.	PASS		Текст естественно читается, сохраняет смысл английского источника и игровые маркеры.	307		
patchouli-lang:botania:botania.page.bloodPendant2	sha256:d6aba11f7749c48129153163d94a3aa79c3755d0cb0314b99a366eefb1758155	Always potted up	$(o)Всегда под баффами$()	PASS		Текст естественно читается, сохраняет смысл английского источника и игровые маркеры.	18		
patchouli-lang:botania:botania.page.brewery0	sha256:e242d015f971edc724e805da04625075ea399ac6eaf9863aa513955a066c4acb	Given the versatility of $(thing)Mana$(0), its practicality in $(thing)Potion$(0)-making should come as a surprise to nobody. $(thing)Brews$(0) are, simply put, variants on $(thing)Potions$(0). They're created using $(thing)Mana$(0) as a base, but brewed with other ingredients.$(p)Unlike $(thing)Potions$(0), $(thing)Brews$(0) have fixed multi-reagent recipes, and each vial brewed will contain multiple doses of product.	Учитывая универсальность $(thing)маны$(0), тот факт, что её можно использовать для создания $(thing)зелий$(0), не удивляет. $(thing)Отвары$(0) — это разновидность $(thing)зелий$(0). Они создаются с использованием $(thing)маны$(0) и используют совсем иные ингредиенты. $(p)В отличие от $(thing)зелий$(0), для $(thing)отвара$(0) нужны фиксированные ингредиенты, а любой флакон под отвар может хранить несколько доз готового продукта.	PASS		Текст естественно читается, сохраняет смысл английского источника и игровые маркеры.	343		
patchouli-lang:botania:botania.page.brewery1	sha256:ccbfdb6b358721c8dd855fb297d688cbadc2e3d231eb83c2799a8329680d32c1	The process of creating a $(thing)Brew$(0) requires a $(item)Botanical Brewery$(0), $(item)Vials$(0), $(thing)Mana$(0), and (of course) the reagents themselves.$(p)The $(thing)Mana$(0) functions as the solvent and energy source for a $(thing)Brew$(0) and is drawn from $(thing)Mana Bursts$(0); simply pointing a $(l:mana/spreader)$(item)Mana Spreader$(0)$(/l) at the $(item)Brewery$(0) will work just fine.$(p)Additionally, partially empty $(item)Vials$(0) can be topped up with others containing the same $(thing)Brew$(0) in a crafting grid.	Для создания $(thing)отвара$(0) потребуется $(item)ботанический отварщик$(0), $(item)флакон$(0) и, конечно же, ингредиенты, указанные в рецепте.$(p)$(thing)Мана$(0) функционирует как растворитель и источник энергии $(thing)отвара$(0) и передаётся через $(thing)сгусток маны$(0) из $(item)распространителя маны$(0), направленного на $(item)ботанического отварщика$(0). Также, частично заполненный $(item)флакон$(0) можно соединить с другим на верстаке.	CHANGE	Для создания $(thing)Варева$(0) нужны $(item)Ботаническая варочная стойка$(0), $(item)Пузырьки$(0), $(thing)Мана$(0) и сами реагенты.$(p)$(thing)Мана$(0) служит растворителем и источником энергии для $(thing)Варева$(0). Она поступает из $(thing)Сгустков маны$(0): просто направьте $(l:mana/spreader)$(item)Распространитель маны$(0)$(/l) на $(item)Варочную стойку$(0).$(p)Частично пустые $(item)Пузырьки$(0) можно доливать из других пузырьков с тем же $(thing)Варевом$(0) в сетке крафта.	Уточнено по английскому источнику и упрощено для игрового текста.	344	328	0.953
patchouli-lang:botania:botania.page.brewery10a	sha256:8e3a149aa44ef689327a0ec26cb57d55de9a3b753b09582ea0c2256bcc7e20b7	A simple brew, mimicking a $(item)Potion of Regeneration$(0). When quaffed, it gives its drinker a $(thing)Regeneration II$(0) effect.	Простой отвар. Он имитирует $(item)зелье регенерации$(0) и наделяет выпившего эффектом «$(thing)Регенерация II$(0)».	CHANGE	Простое варево. Оно имитирует $(item)Зелье регенерации$(0) и наделяет выпившего эффектом $(thing)Регенерация II$(0).	Уточнено по английскому источнику и упрощено для игрового текста.	93	93	1.000
patchouli-lang:botania:botania.page.brewery11a	sha256:5abfc157c5b9eaed2254cf49143299bed14d5f28bdb6c763a29ac2a8657ce09a	A simple brew, mimicking a $(item)Potion of Resistance$(0). When quaffed, it gives its drinker a $(thing)Resistance II$(0) effect.	Простой отвар. Он имитирует $(item)зелье сопротивления$(0) и наделяет выпившего эффектом «$(thing)Сопротивление II$(0)».	CHANGE	Простое варево. Оно напоминает $(item)Зелье сопротивления$(0) и наделяет выпившего эффектом $(thing)Сопротивление II$(0).	Уточнено по английскому источнику и упрощено для игрового текста.	97	98	1.010
patchouli-lang:botania:botania.page.brewery12a	sha256:cdaa32fbdcb74b3d10bb8b371ba16ec97ed4aabe28e42be552cd26b319c7016e	A simple brew, mimicking a $(item)Potion of Fire Resistance$(0). When quaffed, it gives its drinker a $(thing)Fire Resistance$(0) effect.	Простой отвар. Он имитирует $(item)зелье огнестойкости$(0) и наделяет выпившего эффектом «$(thing)Огнестойкость$(0)».	CHANGE	Простое варево. Оно имитирует $(item)Зелье огнестойкости$(0) и наделяет выпившего эффектом $(thing)Огнестойкость$(0).	Уточнено по английскому источнику и упрощено для игрового текста.	94	94	1.000
patchouli-lang:botania:botania.page.brewery13a	sha256:c59a9940d7b9f47558ed1d678b71cb978a340f2d1bc9df7ce971476530272bdb	A simple brew, mimicking a $(item)Potion of Water Breathing$(0). When quaffed, it gives its drinker a $(thing)Water Breathing$(0) effect.	Простой отвар. Он имитирует $(item)зелье подводного дыхания$(0) и наделяет выпившего эффектом «$(thing)Подводное дыхание$(0)».	CHANGE	Простое варево. Оно имитирует $(item)Зелье подводного дыхания$(0) и наделяет выпившего эффектом $(thing)Подводное дыхание$(0).	Уточнено по английскому источнику и упрощено для игрового текста.	103	103	1.000
patchouli-lang:botania:botania.page.brewery14a	sha256:c36317fed4d9c7dba468226f75ba1bef7320eec333554bc790310015281511eb	A simple brew, mimicking a $(item)Potion of Invisibility$(0). When quaffed, it gives its drinker a $(thing)Invisibility$(0) effect.	Простой отвар. Он имитирует $(item)зелье невидимости$(0) и наделяет выпившего эффектом «$(thing)Невидимость$(0)».	CHANGE	Простое варево. Оно напоминает $(item)Зелье невидимости$(0) и наделяет выпившего эффектом $(thing)Невидимость$(0).	Уточнено по английскому источнику и упрощено для игрового текста.	90	91	1.011
patchouli-lang:botania:botania.page.brewery15a	sha256:163a4cbeaedeb82f9d035db9619f0714e1eb932b044ff27ff10a14690bf319d3	A simple brew, mimicking a $(item)Potion of Night Vision$(0). When quaffed, it gives its drinker a $(thing)Night Vision$(0) effect.	Простой отвар. Он имитирует $(item)зелья ночного видения$(0) и наделяет выпившего эффектом «$(thing)Ночное зрение$(0)».	CHANGE	Простое варево. Оно имитирует $(item)Зелье ночного зрения$(0) и наделяет выпившего эффектом $(thing)Ночное зрение$(0).	Уточнено по английскому источнику и упрощено для игрового текста.	96	95	0.990
patchouli-lang:botania:botania.page.brewery16a	sha256:211a0d21043ca2dbbe7cf310b456aeb88966e0c64e4f5428081b99fd20fefe0e	A simple brew, mimicking the primary effect of a $(item)Golden Apple$(0). When quaffed, it gives its drinker a $(thing)Absorption IV$(0) effect.	Простой отвар. Он имитирует $(item)золотое яблоко$(0) и наделяет выпившего эффектом «$(thing)Поглощение IV$(0)».	LENGTH_EXCEPTION	Простое варево. Оно воспроизводит основной эффект $(item)Золотого Яблока$(0), наделяя выпившего эффектом $(thing)Поглощение IV$(0).	Уточнено по английскому источнику и упрощено для игрового текста.	89	108	1.213
patchouli-lang:botania:botania.page.brewery17a	sha256:c376c1ba3a38d5fc61ae1ddf669802bd0436264c1ce991a08c130bec6dc2db36	A simple brew, mimicking a $(item)Potion of Regeneration$(0). When quaffed, it gives its drinker a $(thing)Regeneration I$(0) effect, albeit for longer than a Revitalization brew.	Простой отвар. Он имитирует $(item)зелье регенерации$(0) и наделяет выпившего эффектом «$(thing)Регенерация$(0)» хотя и на больший срок, чем отвар перерождения.	CHANGE	Простое варево. Оно имитирует $(item)Зелье регенерации$(0) и наделяет выпившего эффектом $(thing)Регенерация I$(0), но действует дольше, чем варево восстановления.	Уточнено по английскому источнику и упрощено для игрового текста.	137	140	1.022
patchouli-lang:botania:botania.page.brewery2	sha256:0ba29f6f6341418073d38ce3657ca6527f70f993b5118ea3f88a13beb9a3fd58	Crafting the $(item)Botanical Brewery$(0)	Создание $(item)ботанического отварщика$(0)	PASS		Текст естественно читается, сохраняет смысл английского источника и игровые маркеры.	32		
patchouli-lang:botania:botania.page.brewery3	sha256:229b796157fcaaa45b9352bdb1a633e5af7f63f3ed9c2fb4bdef5e9c36b58bd1	Crafting $(item)Vials$(0)	Создание $(item)флаконов$(0)	PASS		Текст естественно читается, сохраняет смысл английского источника и игровые маркеры.	17		
patchouli-lang:botania:botania.page.brewery4	sha256:c301dc3e2e3b7a24f27b8e73fb984d8ca2b46b4b850377942104a4ac5bffa549	Working with a $(item)Botanical Brewery$(0) is rather simple.$(p)Begin by adding a $(item)Vial$(0) (with a right-click or a drop) into the brewery. Add all required ingredients in a similar manner. Once a $(thing)Brew$(0) has all necessary reagents, give it a few moments to accept the requisite $(thing)Mana$(0), and it should automatically drop into your inventory.	Работа $(item)ботанического отварщика$(0) довольно проста. Чтобы начать готовку отвара, сначала добавьте $(item)флакон$(0): возьмите в руку флакон и бросьте его к ботаническому отварщику (или нажмите [$(k:use)] по нему). Ингредиенты добавляются так же. Как только все необходимые для $(thing)отвара$(0) ингредиенты добавлены, подождите, чтобы $(thing)мана$(0) наполнила отварщик. Отвар автоматически выпадет, как приготовится.	PASS		Текст естественно читается, сохраняет смысл английского источника и игровые маркеры.	372		
patchouli-lang:botania:botania.page.brewery5a	sha256:db0f0a835628acf62827b83e23a9ec7d1605e40f34c3ca6522892386b02700c5	A simple brew, mimicking a $(item)Potion of Swiftness$(0). When quaffed, it gives its drinker a $(thing)Speed II$(0) effect.	Простой отвар. Он имитирует $(item)зелье скорости$(0) и наделяет выпившего эффектом «$(thing)Скорость II$(0)».	CHANGE	Простое варево. Оно имитирует $(item)Зелье скорости$(0) и наделяет выпившего эффектом $(thing)Скорость II$(0).	Уточнено по английскому источнику и упрощено для игрового текста.	87	87	1.000
patchouli-lang:botania:botania.page.brewery6a	sha256:68f40ca5fcc3b1afc2dacbc8bd0c4a685cddbb2ca9d04f66cf0a65515ee25bfe	A simple brew, mimicking a $(item)Potion of Strength$(0). When quaffed, it gives its drinker a $(thing)Strength II$(0) effect.	Простой отвар. Он имитирует $(item)зелье силы$(0) и наделяет выпившего эффектом «$(thing)Сила II$(0)».	CHANGE	Простое варево. Оно напоминает $(item)Зелье силы$(0) и наделяет выпившего эффектом $(thing)Сила II$(0).	Уточнено по английскому источнику и упрощено для игрового текста.	79	80	1.013
patchouli-lang:botania:botania.page.brewery7a	sha256:bf1f2d421833146b58369ae085664dfa5e0dc1781a2bfc6316664f5621f4a30c	A simple brew, mimicking a $(item)Potion of Haste$(0). When quaffed, it gives its drinker a $(thing)Haste II$(0) effect.	Простой отвар. Он имитирует $(item)зелье спешки$(0) и наделяет выпившего эффектом «$(thing)Спешка II$(0)».	CHANGE	Простое варево. Оно имитирует $(item)Зелье спешки$(0) и наделяет выпившего эффектом $(thing)Спешка II$(0).	Уточнено по английскому источнику и упрощено для игрового текста.	83	83	1.000
patchouli-lang:botania:botania.page.brewery8a	sha256:3c54a4576e67c90cd59053e5eb63519eb7f4a4330cb78ec4bd6c52be983329cf	A simple brew, mimicking a $(item)Potion of Healing$(0). When quaffed, it gives its drinker an $(thing)Instant Health II$(0) effect.	Простой отвар. Он имитирует $(item)зелье мгновенного лечения$(0) и вызывает у выпившего эффект «$(thing)Мгновенное лечение II$(0)».	CHANGE	Простое варево. Оно напоминает $(item)Зелье мгновенного лечения$(0) и наделяет выпившего эффектом $(thing)Мгновенное лечение II$(0).	Уточнено по английскому источнику и упрощено для игрового текста.	108	109	1.009
patchouli-lang:botania:botania.page.brewery9a	sha256:0e35b214e36fec610fdcf0252274a447bed24907e5f9ab8cc517cf34a978d736	A simple brew, mimicking a $(item)Potion of Leaping$(0). When quaffed, it gives its drinker a $(thing)Jump Boost II$(0) effect.	Простой отвар. Он имитирует $(item)зелье прыгучести$(0) и наделяет выпившего эффектом «$(thing)Прыгучесть II$(0)».	CHANGE	Простое варево. Оно имитирует $(item)Зелье прыгучести$(0) и наделяет выпившего эффектом $(thing)Прыгучесть II$(0).	Уточнено по английскому источнику и упрощено для игрового текста.	91	91	1.000
patchouli-lang:botania:botania.page.bubbell0	sha256:5b314e7acc99220819596253da4c9175ae99cba4372837b462326de5c529b634	Building underwater is no small feat; clearing air under the sea is incredibly troublesome and time-consuming. Placing a $(item)Bubbell$(0) underwater and providing it with $(thing)Mana$(0) (preferably $(o)a priori$()) will have it generate a dome of air (of about 12 blocks in radius), keeping water at bay. A constant supply of $(thing)Mana$(0) is required to keep the dome online.	Строительство под водой — нелёгкая задача; формирование воздушного кармана под морем невероятно хлопотно и требует много времени и усилий. Посадив $(item)пузырис$(0) под водой и поставив источник $(thing)маны$(0) для него (лучше заранее), он начнёт формировать купол воздуха, удерживая воду над ним. Радиус купола примерно 12 блоков. $(thing)Ману$(0) требуется вливать постоянно, чтобы поддерживать купол.	PASS		Текст естественно читается, сохраняет смысл английского источника и игровые маркеры.	370		
patchouli-lang:botania:botania.page.bubbell1	sha256:4ebb92e65242dff8d99880dae9b24903b65e8644ac31df727153101aa0462b4a	$(o)Like some casual game$().	$(o)Для казуалов (извините)$()	PASS		Текст естественно читается, сохраняет смысл английского источника и игровые маркеры.	23		
patchouli-lang:botania:botania.page.cacophonium0	sha256:3d2510628dcbc223ee753acd9e72a2e8f9df07ac1c810bb81b3d23105a5d982a	"The $(item)Cacophonium$(0) is an instrument that can mimic living beings' cries, allowing a ""musician"" to play sounds of nature at will. Right-clicking with it on an entity saves the sounds it can emit into the $(item)Cacophonium$(0). Holding right-click, then, will play back those sounds.$(p)Why anyone would ever $(o)want$() to use this contraption, however, is beyond moral comprehension."	$(item)Какофоний$(0) может имитировать звуки практически всех живых (и неживых) существ в природе. Какофоний запоминает звук моба, если нажать по нему [$(k:use)].$(p)Воспроизвести звук можно удерживая [$(k:use)]. Наконец-то инструмент, достойный буйной души музыканта!$(p)$(o)ООО «VioletMoon» не отвечает за весь причинённый моральный ущерб этим инструментом.$()	PASS		Текст естественно читается, сохраняет смысл английского источника и игровые маркеры.	320		
patchouli-lang:botania:botania.page.cacophonium1	sha256:05136df5bcb731823e42e71f85311fa26bfd16ab730621cd01a01db3d57f4fa3	Hibike! Cacophonium	$(o)Пой, какофоний$()!	PASS		Текст естественно читается, сохраняет смысл английского источника и игровые маркеры.	15		
patchouli-lang:botania:botania.page.cacophonium2	sha256:be8b9ffc1d92e5c633ae10c107fdac920357700c508bbe4cb72fb5ef2eb94867	For ultimate chaos, the $(item)Cacophonium$(0) can be placed in a $(item)Note Block$(0) with a sneak-right click, giving the block the ability to sound off animal or monster sounds on demand.$(p)You monster.	Можно устроить максимальный хаос, если установить $(item)какофоний$(0) на $(item)нотный блок$(0) нажатием [$(k:sneak)+$(k:use)] по нему — нотный блок будет имитировать звуки мобов.$(p)Вы монстр…	PASS		Текст естественно читается, сохраняет смысл английского источника и игровые маркеры.	150		
patchouli-lang:botania:botania.page.canopyDrum0	sha256:bba705b1a6a196af57e5dce6af037f911cdf96612095524635ee0a3bd1c1e7fb	The $(item)Drum of the Canopy$(0) is like the $(l:devices/forest_drum)$(item)Drum of the Wild$(0)$(/l) in that it's the percussion counterpart of a greenery-wrecking horn. It serves the exact same purpose as the handheld $(l:tools/grass_horn)$(item)Horn of the Canopy$(0)$(/l), but as a block. It's operated identically to the $(l:devices/forest_drum)$(item)Drum of the Wild$(0)$(/l).	$(item)Барабан осеннего листопада$(0) похож на $(item)барабан буйной природы$(0) тем, что является ударным аналогом другого задувающего-зелень рога. Он выполняет ту же функцию, что и ручной $(l:tools/grass_horn)рог осеннего листопада$(/l), но в роли стационарного блока. $(p)Управляется точно так же, как $(item)барабан буйной природы$(0)	CHANGE	$(item)Барабан уничтожения листвы$(0), как и $(l:devices/forest_drum)$(item)Барабан дикой природы$(0)$(/l), — ударный аналог рога, уничтожающего растения. Он выполняет ту же задачу, что и ручной $(l:tools/grass_horn)$(item)Рог уничтожения листвы$(0)$(/l), но является блоком. Используется он так же, как $(l:devices/forest_drum)$(item)Барабан дикой природы$(0)$(/l).	Уточнено по английскому источнику и упрощено для игрового текста.	275	238	0.865
patchouli-lang:botania:botania.page.canopyDrum1	sha256:8eeeb4c740e257cde12b55b3e485c154279b220a6f4b0f546d5d1c96c772a16f	The Pinking Drum	$(o)Люблю я пышное природы увяданье$()	PASS		Текст естественно читается, сохраняет смысл английского источника и игровые маркеры.	31		
patchouli-lang:botania:botania.page.challenges0	sha256:b1c1acdff8f05edb5514bdcb16117d0295f5a0b992468818ec371d06532ef1b2	This book contains a multitude of $(thing)Challenges$(0)-- optional quests that challenge the player to create a mechanism from only $(thing)Botania$(0) and $(thing)Minecraft$(0) features.$(p)Of course, you can use items from other mods to complete them, but that's no fun.	$(item)Испытания$(0) — это необязательные задания по созданию систем, использующих функции, доступные только в $(item)ботании$(0) и $(item)майнкрафте$(0). Если вы вдруг попали сюда через «$(thing)Указатель глав$(0)», вот ссылка на категорию «$(l:challenges)Испытания$(/l)». $(p)Конечно, вы можете использовать блоки и предметы из других модов, но так вы потеряете всю изюминку испытаний :(	CHANGE	В этой книге собрано множество $(thing)испытаний$(0) — необязательных заданий, где игрок создаёт механизмы только средствами $(thing)Ботании$(0) и $(thing)Minecraft$(0).$(p)Конечно, можно использовать предметы из других модов, но тогда будет не так интересно.	Уточнено по английскому источнику и упрощено для игрового текста.	320	219	0.684
patchouli-lang:botania:botania.page.challenges1	sha256:b5cc7437ba96336240c54385c008e25d62cbba469cad09e22921c83ebdb2ac7e	All of the challenges are possible, of course. They just require some thinking, ingenuity, and knowledge of the ins and outs of redstone (and $(thing)Botania$(0) itself).$(p)We highly recommended not using features from external mods, as these $(thing)Challenges$(0) aren't really, well, challenging, if you can just place down a block that solves problems instantly.	Все испытания, естественно, выполнимы. Просто требуют нестандартных решений и некоторого знания тонкостей механик редстоуна и $(thing)Ботании$(0).$(p)Настоятельно рекомендуем выполнять испытания без использования механик сторонних модификаций, поскольку эти $(thing)испытания$(0), что ж, не смогут вас испытать, если вы можете решить все проблемы непредусмотренным блоком.	CHANGE	Все испытания выполнимы. Нужны лишь смекалка и хорошее знание редстоуна и самой $(thing)Ботании$(0).$(p)Лучше не использовать возможности других модов: эти $(thing)испытания$(0) перестают быть испытаниями, если достаточно поставить блок, который мгновенно решает задачу.	Уточнено по английскому источнику и упрощено для игрового текста.	344	242	0.703
patchouli-lang:botania:botania.page.challenges2	sha256:c6b1912c39b42b675bbccba6c4b73b9b7046ffe9e3efa7692492414cc2dbe48c	"These challenges aren't obligatory in any way, and do not provide any material reward. They're purely suggestions as to what you can do with $(thing)Botania$(0). Challenges should be marked ""complete"" manually.$(p)Keep in mind that the only boundaries in $(thing)Minecraft$(0) are those of your imagination, so don't stop at the ideas in here!"	Испытания не являются обязательными и не предусматривают материального вознаграждения. В них, в основном, предлагается создать какие-либо фермы или автоматизировать какие-либо процессы — такой вот способ изучения максимальных возможностей $(thing)Ботании$(0). Испытания необходимо помечать как выполненные вручную.$(p)Имейте в виду, что на поле творчества, вы ограничены только своим воображением. Поэтому не останавливайтесь на идеях, перечисленных нами, — придумайте и своё «испытание»! Удачи!	CHANGE	Испытания необязательны и не дают материальных наград. Это лишь идеи того, что можно сделать в $(thing)Ботании$(0). Выполненные испытания нужно отмечать вручную.$(p)Помните: в $(thing)Minecraft$(0) вас ограничивает только воображение, так что не останавливайтесь на этих идеях!	Уточнено по английскому источнику и упрощено для игрового текста.	479	249	0.520
patchouli-lang:botania:botania.page.clayconia0	sha256:46d52a93dc0a30a213142c701f1e68b77dea4bac09eed732e49be0c773b01384	The $(item)Clayconia$(0) is a simple flower. All it does is moisten nearby $(item)Sand$(0), turning it into pellets of $(item)Clay$(0). This process uses a decent amount of $(thing)Mana$(0), but won't break the bank (or pool, as it were).	$(item)Глинатония$(0), по сути, очень простой цветок. Всё что он делает — это превращает $(item)песок$(0) в $(item)глину$(0). Этот процесс использует приличное количество $(thing)маны$(0), но не сумасшедшее.	PASS		Текст естественно читается, сохраняет смысл английского источника и игровые маркеры.	162		
patchouli-lang:botania:botania.page.clayconia1	sha256:323aa8098a07fe65671353015a4991efd58ffa2b8068c4e0237872e700bdb359	$(o)What a killer joke$().	$(o)Переводчик определённо несёт ответственность за все потерянные невероятные шутки невероятного Vazkii$()	CHANGE	$(o)Вот это шутка$().	Сокращено и приведено к естественной игровой формулировке по английскому источнику.	100	14	0.140
patchouli-lang:botania:botania.page.clip0	sha256:c83a67773f5eb5af5a71fc693e5eabba3a360889bdf86f8b5675b10aaa8bce28	While a formidable and versatile tool, the $(l:tools/mana_blaster)$(item)Mana Blaster$(0)$(/l)'s greatest downfall is its lack of an ability to hot-swap $(l:mana/lens)$(item)Lenses$(0)$(/l). But no more. The $(item)Lens Clip$(0) will attach to a $(l:tools/mana_blaster)$(item)Mana Blaster$(0)$(/l) in a crafting grid and allow it to store up to 6 lenses rather than just one.$(p)After all, Russian Roulette's just not the same without a gun...	Несмотря на свою полезность и универсальность, главный недостаток $(l:tools/mana_blaster)мана-бластера$(/l) — невозможность на лету менять $(l:mana/lens)линзы$(/l). Но эта проблема решаема! $(item)Обойма для линз$(0) прикрепляется к $(l:tools/mana_blaster)мана-бластеру$(/l) в сетке создания. В обойме можно хранить до 6 линз, а не только одну. $(p)Как говорится, без револьвера русская рулетка — уже не та игра…	CHANGE	Главный недостаток грозного и универсального $(l:tools/mana_blaster)$(item)Излучателя маны$(0)$(/l) — невозможность быстро менять $(l:mana/lens)$(item)Линзы$(0)$(/l). Теперь это решено: $(item)Зажим для линз$(0) крепится к $(l:tools/mana_blaster)$(item)Излучателю маны$(0)$(/l) на верстаке и позволяет хранить до 6 линз вместо одной.$(p)В конце концов, русская рулетка без оружия уже не та…	Уточнено по английскому источнику и упрощено для игрового текста.	322	267	0.829
patchouli-lang:botania:botania.page.clip1	sha256:797159821ef450526a418ce8edf2a7adeb8a00214a8c516cec3dc678552c285b	Adding and removing $(l:mana/lens)$(item)Lenses$(0)$(/l) works just as before; the lens is added or removed in the slot that the clip is currently on.$(p)To change this slot (and therefore the selected lens), simply sneak-right click the $(l:tools/mana_blaster)$(item)Mana Blaster$(0)$(/l) in the air.	Линзы в обойме можно изменить так же в сетке создания. Меняется $(l:mana/lens)линза$(/l) в том слоте, который сейчас выбран в обойме.$(p)Чтобы поменять этот слот (а, следовательно, линзу, просто нажмите [$(k:sneak)+$(k:use)] с $(item)мана-бластером$(0) по воздуху.	CHANGE	Добавлять и снимать $(l:mana/lens)$(item)Линзы$(0)$(/l) можно как прежде: линза попадает в слот, выбранный зажимом.$(p)Чтобы сменить слот и выбранную линзу, присядьте и нажмите ПКМ $(l:tools/mana_blaster)$(item)Излучателем маны$(0)$(/l) в воздухе.	Уточнено по английскому источнику и упрощено для игрового текста.	212	174	0.821
patchouli-lang:botania:botania.page.clip2	sha256:e1312caf90b672623fc05a1a9475a4644e114198e0ea096a612e4f8e47d505ea	An expansion of blasting	$(o)Это магазин, а не об… а, ладно$()	CHANGE	Больше огневой мощи	Уточнено по английскому источнику и упрощено для игрового текста.	30	19	0.633
patchouli-lang:botania:botania.page.cloudPendant0	sha256:72a71d68509d5c9df3fbef1439f460f74632d67f2c458b0152e01932750e9341	The $(item)Cirrus Amulet$(0) is a $(thing)Trinket$(0) that can be worn in the $(thing)Amulet$(0) slot.$(p)Its wearer is granted the ability to $(thing)double-jump$(0)-- the second jump negating all vertical momentum (and thus damage) from falling.	$(item)Амулет перистого облака$(0) — это безделушка, экипируемая в слот $(thing)аксессуаров «Ожерелье»$(0).$(p)При ношении наделяет способностью к $(thing)двойному прыжку$(0). Второй прыжок сбрасывает набранную вертикальную инерцию и следовательно урон от падения.	PASS		Текст естественно читается, сохраняет смысл английского источника и игровые маркеры.	225		
patchouli-lang:botania:botania.page.cloudPendant1	sha256:676713069ba87b0dc1d487cab3f6e0493e8705c545c09ae24435d68376025b2a	It's all in the cloud	$(o)Всё дело в облаке$()	PASS		Текст естественно читается, сохраняет смысл английского источника и игровые маркеры.	17		
patchouli-lang:botania:botania.page.cobbleRod0	sha256:c977f6bb813ef1a98ee4c87f50a17d0a39a49a9eac4ac340febdfba5754c90d2	The $(item)Rod of the Depths$(0) is a more geological variant to the $(l:tools/dirt_rod)$(item)Rod of the Lands$(0)$(/l); it does exactly the same thing, but with $(item)Cobblestone$(0) and for a slightly higher price.$(p)For that same $(thing)Mana$(0) cost, this item can provide $(item)Cobblestone$(0) to the $(l:tools/exchange_rod)$(item)Rod of the Shifting Crust$(0)$(/l).	$(item)Скипетр глубин$(0) — это подземный взгляд на $(l:tools/dirt_rod)скипетр лугов$(/l); он используется точно так же, но ставит $(item)булыжник$(0) и за более высокую цену.$(p)За ту же цену, этот скипетр может снабдить $(l:tools/exchange_rod)скипетр сдвига коры$(/l) $(item)булыжником$(0).	CHANGE	$(item)Жезл глубин$(0) — геологический вариант $(l:tools/dirt_rod)$(item)Жезла Земель$(0)$(/l): он делает то же самое, но создаёт $(item)Булыжник$(0) и тратит чуть больше маны.$(p)За ту же цену $(thing)Маны$(0) он может снабжать $(item)Булыжником$(0) $(l:tools/exchange_rod)$(item)Жезл Обмена$(0)$(/l).	Уточнено по английскому источнику и упрощено для игрового текста.	203	179	0.882
patchouli-lang:botania:botania.page.cobbleRod1	sha256:8b5a83fb405e2641770219b1b07c9232fc9a0bb227a1a2498689a50f389e09a1	It's cobbling time	$(o)Время булыжника$()!	PASS		Текст естественно читается, сохраняет смысл английского источника и игровые маркеры.	16		
patchouli-lang:botania:botania.page.cocoon0	sha256:84ee6ed54da42d03fc5c8dd28a0972a7a0d5e613a17ff3506cca9aa84534cb8c	A cocoon is a symbol of change, of evolution.$(p)A $(item)Cocoon of Caprice$(0), when placed, will slowly evolve the rudimentary bits of life inside into a $(thing)Baby Animal$(0). More often than not, the cocoon will hatch into a farm animal, but on rare occasions, different animals such as $(thing)Wolves$(0) or $(thing)Horses$(0) can be created.	Кокон — это символ изменения, эволюции. $(p)Размещённый $(item)кокон жизни$(0) медленно трансформирует рудименты $(item)детёнышей животных$(0). Выросшее животное скорее всего останется обычным, но в редких случаях могут вырасти даже $(item)волк$(0) или $(item)лошадь$(0).	CHANGE	Кокон — символ перемен и развития.$(p)Установленный $(item)Кокон жизни$(0) медленно развивает зачатки жизни внутри в $(thing)Детёныша животного$(0). Обычно из него появляется сельскохозяйственное животное, но иногда это может быть $(thing)Волк$(0) или $(thing)Лошадь$(0).	Уточнено по английскому источнику и упрощено для игрового текста.	223	220	0.987
patchouli-lang:botania:botania.page.cocoon1	sha256:d43cfea4eabbede8dc71c00eacaa58fa11758d19ec8f3e4a5dde20bfab2f2587	A cocoon near water seems to create aquatic animals instead.$(p)Rumor has it that giving a cocoon $(item)Emeralds$(0), $(item)Chorus Fruit$(0), or a certain $(l:alfhomancy/gaia_ritual)$(item)otherworldly essence$(0)$(/l) will influence its outcome towards something... different. What such experiments would yield is anyone's guess, really.$(p)(Giving a cocoon an item can be done via right-click or by simply tossing the item.)	Кокон около воды создаёт водных существ.$(p)По слухам, если в кокон положить $(item)изумруд$(0) или особую $(l:alfhomancy/gaia_ritual)внеземную эссенцию$(/l), то он сотворит что-то совсем иное. Никто не знает, что именно.$(p)(Положить предмет в кокон можно нажатием [$(k:use)] или бросив предмет к нему).	PASS		Текст естественно читается, сохраняет смысл английского источника и игровые маркеры.	245		
patchouli-lang:botania:botania.page.cocoon2	sha256:977ee158f9355896ba532da469caaf5b4d0512dbb433ff2f263b5a14c49d65cb	New World, Perfect World	$(o)Идеальный новый мир$()	PASS		Текст естественно читается, сохраняет смысл английского источника и игровые маркеры.	19		
patchouli-lang:botania:botania.page.complexBrews0	sha256:71174411afe39e0a1a66acec53d7819585af6028b1653773dbad3a8723d87df5	Sometimes your run-of-the-mill $(item)Brews$(0) that just mimic your standard $(item)Potions$(0) just won't cut it. Thus, there're also some complex brews; these either apply a combination of effects or new, beneficial effects altogether.	Если $(item)отвары$(0), просто заменяющие $(item)зелья$(0), недостаточно сильны — существуют сложные отвары. Сложные отвары могут сочетать в себе комбинации обычных эффектов или наделять абсолютно новыми и полезными эффектами.	PASS		Текст естественно читается, сохраняет смысл английского источника и игровые маркеры.	204		
patchouli-lang:botania:botania.page.complexBrews1a	sha256:d9bc330bdce2f8ce80db2b229481e849a80b999a22aad7667b8ede2a0984a9cf	A brew that applies both positive and negative effects. Taking it leaves the affected individual empowered, but also vulnerable.	Отвар, обдающий как положительными, так и отрицательными эффектами. Наделяет могучей силой на короткое время, оставляя уязвимым после.	PASS		Текст естественно читается, сохраняет смысл английского источника и игровые маркеры.	134		
patchouli-lang:botania:botania.page.complexBrews2a	sha256:29e5179546721cbc8448873229fb0c87605efdcbf26d0b57806e78ed1e1453bd	Anyone under this brew's effects will regain HP upon the slaying of any other creature.	Любой под эффектом этого отвара восстанавливает своё здоровье всякий раз, как убивает любое другое существо.	CHANGE	Любой под эффектом этого отвара восстанавливает своё здоровье всякий раз, как убивает любое другое существо.	Уточнено по английскому источнику и упрощено для игрового текста.	108	108	1.000
patchouli-lang:botania:botania.page.complexBrews3a	sha256:b8fecd537806d53b49c518d33a367b45a278142d0bb0c5c7c8b3d3057039c783	Anyone under this brew's effects will be completely immune to any fall damage.	Любой под эффектом этого отвара абсолютно невосприимчив к любому урону от падения.	CHANGE	Любой под эффектом этого отвара абсолютно невосприимчив к любому урону от падения.	Уточнено по английскому источнику и упрощено для игрового текста.	82	82	1.000
patchouli-lang:botania:botania.page.complexBrews4a	sha256:817df44b5394bef4d24db0b7e49ef69191e7ad9d76cac72f26606e5f5aa42c4c	This brew casts an aura of emptiness around its drinker. In a 128-block radius, no mobs will spawn naturally.	Отвар создаёт ауру умиротворения вокруг выпившего. В радиусе 128 блоков мобы не будут появляться естественным образом. Не сочетается с эффектом отвара $(item)багровой тени$(0).	PASS		Текст естественно читается, сохраняет смысл английского источника и игровые маркеры.	165		
patchouli-lang:botania:botania.page.complexBrews5a	sha256:c54631db7befe66bdf99b52a13791d51fd348645544f28b3acbd7ced46fc5fc8	This brew casts an aura of bloodthirstiness around its drinker. In a 64-block radius, mobs will spawn regardless of lighting or other conditions. This won't work if the drinker is under $(item)Emptiness$(0).	Отвар создаёт ауру кровожадности вокруг выпившего. В радиусе 64 блоков мобам будут появляться независимо от уровня света или других условий. Не сочетается с эффектом отвара $(item)умиротворения$(0).	CHANGE	Отвар создаёт вокруг выпившего ауру кровожадности. В радиусе 64 блоков мобы будут появляться независимо от уровня света и других условий. Не работает, если выпивший находится под действием $(item)Покоя$(0).	Уточнено по английскому источнику и упрощено для игрового текста.	187	195	1.043
patchouli-lang:botania:botania.page.complexBrews6a	sha256:a80bb7a7e6397e4a66cc1c281b134bfc682b6b9a95d03baf6187084f5988b919	A player under this brew's effects will have much higher proficiency at fishing and will catch fish and other loot twice as fast.	Отвар наделяет выпившего повышением рыболовных навыков. Рыба и сокровища вылавливаются в два раза быстрее.	PASS		Текст естественно читается, сохраняет смысл английского источника и игровые маркеры.	106		
patchouli-lang:botania:botania.page.complexBrews7a	sha256:a412610f42e48322be0482ba994d1d8c55cb8bdb5c62464676c9760cbc549738	This brew, when quaffed, will clear all potion effects on a player (negative or otherwise).	Отвар снимает все эффекты на выпившем (как негативные, так и положительные).	PASS		Текст естественно читается, сохраняет смысл английского источника и игровые маркеры.	76		
patchouli-lang:botania:botania.page.corporea0	sha256:67b53cc14fd03f12376d27266e176260036e0a47e3370f0c1d7662035b5c311d	The $(thing)Corporea$(0) system uses the energy of the $(thing)End$(0), and the void between worlds, to transport items from point A to point B instantly without intervening blocks.$(p)The system, at its core, uses variant $(l:mana/sparks)$(item)Sparks$(0)$(/l) (called $(item)Corporea Sparks$(0)) that transport items instead of $(thing)Mana$(0).	$(thing)Эфирное хранилище$(0) — система, использующая энергию $(thing)Энда$(0) и пустоту между мирами, чтобы мгновенно транспортировать предметы из точки А в точку Б, не возмущая материальный мир.$(p)Основа системы построена на разных $(l:mana/sparks)искрах$(/l) (называемых $(item)эфирными искрами$(0)), переносящих предметы вместо $(thing)маны$(0).	CHANGE	Система $(thing)Корпорея$(0) использует энергию $(thing)Энда$(0) и пустоту между мирами, чтобы мгновенно переносить предметы из одной точки в другую без промежуточных блоков.$(p)В её основе лежат особые $(l:mana/sparks)$(item)Искры$(0)$(/l) — $(item)Искры Хранилища$(0), которые переносят предметы вместо $(thing)Маны$(0).	Уточнено по английскому источнику и упрощено для игрового текста.	278	239	0.860
patchouli-lang:botania:botania.page.corporea1	sha256:b4ac707c54d01b9c34804332b414d22fe11b1d398f344e90e90c29e052035bd0	A few things to know: $(item)Corporea Sparks$(0) are placed over $(thing)Inventories$(0) (like a $(item)Chest$(0) or $(item)Dispenser$(0)), as opposed to $(thing)Mana Containers$(0). There are $(o)two$() types of $(item)Corporea Sparks$(0): the plain old $(item)Corporea Spark$(0), and the $(item)Master Corporea Spark$(0). These Sparks work in networks: each $(thing)Corporea Network$(0) needs one $(item)Master Corporea Spark$(0), but $(o)any$() spark can communicate with any other in the network.	Важные моменты: $(item)эфирные искры$(0) размещаются над $(thing)инвентарями$(0) (по-другому «контейнерами», например $(item)сундуками$(0) или $(item)раздатчиками$(0)). Существует $(o)два$() типа $(item)эфирных искр$(0): обычная $(item)эфирная искра$(0) и $(item)эфирная мастер-искра$(0). Искры объединяются в сети: каждое $(thing)эфирное хранилище$(0) требует одну $(item)эфирную мастер-искру$(0) для создания, но $(o)любые$() искры могут взаимодействовать с любой другой, находясь в одной сети.	PASS		Текст естественно читается, сохраняет смысл английского источника и игровые маркеры.	381		
patchouli-lang:botania:botania.page.corporea2	sha256:16f3cf1dfa5021fd3272fa656760714e5edd261f89927b28b7f9161e7a79f479	When a $(item)Corporea Spark$(0) is placed or right-clicked, each spark in the network will connect (or reconnect) to nearby sparks, adding them to the network (as long as a $(item)Master Corporea Spark$(0) is somewhere in the network). While each individual spark's connection range is only around eight blocks, the entire spark network can go for a virtually infinite distance.	Когда $(item)эфирная искра$(0) будет размещена или на неё нажмут [$(k:use)], каждая искра в сети подключится (или переподключится) к ближайшей искре, добавляя новые и обновляя старые подключения в сети (при условии, что где-то в сети есть $(item)эфирная мастер-искра$(0)). Хотя диапазон подключения каждой отдельной искры составляет всего около восьми блоков, вся сеть искр может простираться на практически бесконечное расстояние.	PASS		Текст естественно читается, сохраняет смысл английского источника и игровые маркеры.	401		
patchouli-lang:botania:botania.page.corporea3	sha256:1b5aa5120923e7bf50470ce6c848e3b42756bba442bf199c66930eb61e231374	A $(item)Corporea Spark$(0) can see the inventory directly beneath it, but can only access items from its top side. Each $(item)Corporea Spark$(0) can see the items of every other spark in the network, and certain blocks can use their Sparks to request items from the network.	$(item)Эфирная искра$(0) может видеть инвентарь непосредственно под собой, но получить доступ может только к предметам, извлекаемым только с верхней стороны инвентаря (контейнера). Каждая $(item)эфирная искра$(0) видит предметы всех остальных искр в сети, а специальные блоки могут использовать свои искры для запроса предметов из сети.	PASS		Текст естественно читается, сохраняет смысл английского источника и игровые маркеры.	314		
patchouli-lang:botania:botania.page.corporea4	sha256:0a50c78d7f743adb56795f66976508b95fc80a238491afe63e80774e4b189a2e	The $(item)Master Corporea Spark$(0), unfortunately, is too busy managing the network to see its own inventory.$(p)Furthermore, $(item)Corporea Sparks$(0) can't push items $(o)into$() their respective inventories; those should be added through means like $(item)Hoppers$(0).	$(item)Эфирная мастер-искра$(0), к сожалению, слишком занята управлением сетью и $(thing)не видит свой инвентарь$(0). К примеру: если $(l:ender/corporea_funnel)эфирный шлюз$(0)$(/l) запросит предмет, мастер-искра не будет выполнять запрос.$(p)Более того, $(item)эфирные искры $(0) не могут перемещать предметы в контейнер, $(o)которым управляют$() — для этого следует использовать иные средства логистики, например $(item)воронки$(0).	PASS		Текст естественно читается, сохраняет смысл английского источника и игровые маркеры.	343		
patchouli-lang:botania:botania.page.corporea5	sha256:c53c071776f2d808d336a037cf7544bfb3490110e38da67cee0edf2d34840c74	Like normal $(l:mana/sparks)$(item)Sparks$(0)$(/l), $(item)Corporea Sparks$(0) can be dyed with $(item)Dye$(0); the little star icon floating around the spark shows its current color. $(item)Corporea Sparks$(0) of different colors won't interact. Thus, multiple independent Networks can be in an area without interacting.	Как и обычные $(l:mana/sparks)искры$(/l), $(item)эфирные искры$(0) можно окрашивать $(item)красителями$(0); маленькая звёздочка, парящая по орбите искры, показывает её текущий цвет. $(item)Эфирные искры$(0) разных цветов не могут взаимодействовать друг с другом. Таким образом, несколько независимых сетей разных цветов могут находиться в одной области не конфликтуя.	PASS		Текст естественно читается, сохраняет смысл английского источника и игровые маркеры.	313		
patchouli-lang:botania:botania.page.corporea6	sha256:5bc8f8175903c7dc2b947892d85ad8199a0709ee0328ff59dc2bd894a2ccb5d7	Visualizing a Network and removing a spark from a container are performed the same way they are on ordinary $(l:mana/sparks)$(item)Sparks$(0)$(/l).$(p)Note that having two $(item)Master Corporea Sparks$(0) in the same network is a bad idea and can cause $(o)undefined behavior$().	Визуализация сети и снятие искры с контейнера выполняются так же, как с обычными $(l:mana/sparks)искрами$(/l).$(p)Обратите внимание, что установка двух $(item)эфирных мастер-искр$(0) в одну и ту же сеть очень плохая идея и может привести к $(o)неопределённому поведению$().	PASS		Текст естественно читается, сохраняет смысл английского источника и игровые маркеры.	230		
patchouli-lang:botania:botania.page.corporea7	sha256:0013e932fba011099cd9b8e17698ae8d9166bea23ff3583c05150eb2b2c99b4e	A spark of ingenuity	$(o)Искра изобретательности$()	PASS		Текст естественно читается, сохраняет смысл английского источника и игровые маркеры.	23		
patchouli-lang:botania:botania.page.corporea8	sha256:03d7fd1698666b2a9b9497bc0d53beed5e8f49db28124283d55bb25ce5bb6984	Love-colored	$(o)Цвет любви$()	PASS		Текст естественно читается, сохраняет смысл английского источника и игровые маркеры.	10		
patchouli-lang:botania:botania.page.corporeaBlock0	sha256:165e5db0e81470ef6fe4532efb1f9d7238062652efbc1446617b78e276f07db8	Ordinary $(thing)Livingrock Bricks$(0) can be combined with a $(thing)Corporea Spark$(0) to produce some decorative blocks. These blocks, besides their uses for decoration, have the unique property that they can support $(thing)Corporea Sparks$(0) above themselves, even though they have no inventory. Thus, they can be used as a cheap, lag-free way to extend your $(thing)Corporea$(0) networks over long distances.	Из обычных $(item)полированного жизнекамня$(0) и $(item)эфирной искры$(0) можно создать красивые декоративные блоки. Эти блоки, помимо декоративной функции, обладают уникальным свойством: они могут поддерживать $(item)эфирные искры$(0) над собой, даже не имея инвентаря. Таким образом, они могут использоваться как дешёвый и безлаговый способ расширения вашей сети $(thing)эфирного хранилища$(0) на большие расстояния.	PASS		Текст естественно читается, сохраняет смысл английского источника и игровые маркеры.	373		
patchouli-lang:botania:botania.page.corporeaBlock1	sha256:adb1f8aff31a55fb748d8fb39414d2326125186f769453791f57bab627b0f4b5	Incorporeal	$(o)Бестелесный$()	PASS		Текст естественно читается, сохраняет смысл английского источника и игровые маркеры.	11		
patchouli-lang:botania:botania.page.corporeaCrystalCube0	sha256:0cfc04f9a2c211c840fd4047309941fb430b372bcbbb45c347cab60424669900	A seer usually looks through a crystal ball to see the future. Well, a Corporea handler can look through a crystal $(o)cube$() to see the $(o)present$(). The $(item)Corporea Crystal Cube$(0) is a visual medium for interacting with a $(thing)Corporea Network$(0).	Ясновидящий смотрит в хрустальный шар, чтобы увидеть будущее; эфирный же управляющий смотрит в хрустальный $(o)куб$(), чтобы увидеть $(o)настоящее$(). $(item)Эфирный хрустальный куб$(0) — это медиум визуального взаимодействия с $(thing)эфирным хранилищем$(0).	PASS		Текст естественно читается, сохраняет смысл английского источника и игровые маркеры.	222		
patchouli-lang:botania:botania.page.corporeaCrystalCube1	sha256:92936ef221b552835a7a665969e864fdbbbd413c979e94ef007ef107604700c6	When the block is given a spark, right-clicking it with an item will make it display how many of that item exist in its spark's network. The display updates itself about once every second.$(p)Punching a Cube will request one of its current item from the network, and sneak-punching it will request a whole stack.	$(item)Эфирный хрустальный куб$(0) покажет сколько предметов в сети искры, если нажать [$(k:use)] по кубу с нужным предметом в руке. Отображаемая информация обновляется примерно раз в секунду.$(p)Удар по кубу запросит один отображаемый предмет из сети, а удар крадучись запросит целый стак.	PASS		Текст естественно читается, сохраняет смысл английского источника и игровые маркеры.	267		
patchouli-lang:botania:botania.page.corporeaCrystalCube2	sha256:428634975a7f1856e547f55c52764f9f27fa0a70d8c11aa957a28e4c407da834	I can see forever	$(o)iseedeadpeople$()	PASS		Текст естественно читается, сохраняет смысл английского источника и игровые маркеры.	14		
patchouli-lang:botania:botania.page.corporeaCrystalCube3	sha256:22b9699cfaf2efe5b2384c2d52f8d231be5dad80631fb30604d789e99b21caec	A $(item)Redstone Comparator$(0) attached to a cube will read the magnitude of the number of items it can find, logarithmically: that is, doubling the items in the network will increase the Comparator's output by one. If the Cube can find no items, the Comparator outputs signal strength 0; 1 item yields strength 1; 2 items for strength 2; 4 for 3; 8 for 4; 16 for 5; and so on, up to an whopping 16384 items needed to output signal strength 15.	$(item)Редстоуновый компаратор$(0), прикреплённый к кубу, считывает количество предметов, которые он может найти, логарифмически: то есть удвоение количества предметов в сети увеличивает выходной сигнал компаратора на единицу. Если куб не нашёл искомый предмет, компаратор выдаст сигнал силы 0.$(br)1 предмет даёт силу 1; 2 предмета — силу 2; 4 предмета — силу 3; 8 — силу 4; 16 — силу 5, и так до внушительных 16384 предметов, дающих сигнал силы 15.	PASS		Текст естественно читается, сохраняет смысл английского источника и игровые маркеры.	434		
patchouli-lang:botania:botania.page.corporeaCrystalCube4	sha256:4381f28a7de4aeb2c9ba453de2df8ed2237f98fa859035099c961ac1d15a398d	Sneak-right clicking a $(item)Corporea Crystal Cube$(0) with a $(l:basics/wand)$(item)Wand of the Forest$(0)$(/l) locks or unlocks it. When locked, a Cube's monitored item can't be changed (just in case someone right-clicks it on accident).	Щелчок [$(k:sneak)+$(k:use)] по $(item)эфирному хрустальному кубу$(0) $(l:basics/wand)жезлом леса$(/l) заблокирует или разблокирует его. Когда куб заблокирован, отслеживаемый им предмет не может быть изменён (если кто-нибудь случайно нажмёт [$(k:use)] по кубу).	PASS		Текст естественно читается, сохраняет смысл английского источника и игровые маркеры.	203		
patchouli-lang:botania:botania.page.corporeaFunnel0	sha256:6954eb8ded1bb347822bd37f61b22ec24260a14aa4031c1e98338a909af4f5a7	A block that uses the $(thing)Corporea Network$(0) more simply than the Index is the $(item)Corporea Funnel$(0). When given a redstone signal, it'll request an item from the network of the $(l:ender/corporea)$(item)Corporea Spark$(0)$(/l) above it.$(p)Said item will be pushed into an inventory a block or two below the funnel, or just dropped into the world above the Funnel if no such inventory is available.	$(item)Эфирный шлюз$(0) — это простая версия эфирного индекса для запроса предметов из $(thing)эфирной сети хранения$(0). При получении редстоун-сигнала шлюз запросит предмет из сети $(l:ender/corporea)эфирной искры$(/l) над ним.$(p)Запрошенный предмет отправляется шлюзом в контейнер на блок или два ниже него. Если подходящего контейнера нет, шлюз выбросит предмет в мир.	PASS		Текст естественно читается, сохраняет смысл английского источника и игровые маркеры.	322		
patchouli-lang:botania:botania.page.corporeaFunnel1	sha256:853c78812e35e4d992b4a0299cd8ed5477b5f0728f9b80e52c1bd0226ec640ab	To tell the $(item)Corporea Funnel$(0) what to request, place the item in an $(item)Item Frame$(0) on the block; if more than one $(item)Item Frame$(0) is on the block, the $(item)Corporea Funnel$(0) will pick one at random.$(p)Rotating the item in the frame will change the request quantity; at default rotation the funnel will request one item, and rotations will respectively make the funnel request 2, 4, 8, 16, 32, 48, and 64 items.	Поместите предмет в $(item)рамку$(0) на шлюзе, чтобы указать $(item)эфирному шлюзу$(0), что запрашивать. Если на на нём несколько $(item)рамок$(0), $(item)эфирный шлюз$(0) выберет одну из них случайным образом.$(p)Поворачивая предмет в рамке, можно изменить количество запрашиваемых предметов; без поворота, шлюз запросит один предмет, а каждый поворот изменит запрос на 2, 4, 8, 16, 32, 48 и 64 предмета соответственно.	PASS		Текст естественно читается, сохраняет смысл английского источника и игровые маркеры.	372		
patchouli-lang:botania:botania.page.corporeaFunnel2	sha256:5408459b89bcca5ad7cbb5e2980e11e1fc62bebc44bdb304611437b358c352c3	Energistically applied	$(o)По энергетически прикладному$()	PASS		Текст естественно читается, сохраняет смысл английского источника и игровые маркеры.	28		
patchouli-lang:botania:botania.page.corporeaIndex0	sha256:ac125f3124ea513a2802c60313ccbff75fd1f8bf023f5fc53ca3683f8a5e1bff	One of the most convenient applications of a $(thing)Corporea Network$(0) is that items can be requested verbally by name. The $(item)Corporea Index$(0) is an $(item)Ender Crystal$(0)-like block that interfaces with the $(thing)Corporea Network$(0) that its $(l:ender/corporea)$(item)Corporea Spark$(0)$(/l) is connected to.$(p)Approaching one of these will activate it; it shows its radius of effect when active.	Одно из самых изящных применений $(thing)сети эфирного хранилища$(0) — запрос предметов устно, называя их по имени. $(item)Эфирный индекс$(0) — это блок-интерфейс $(thing)сети эфирного хранилища$(0), к которому подключена его $(l:ender/corporea)эфирная искра$(/l). А ещё он выглядит как $(item)кристалл энда$(0).$(p)При приближении куб активируется и показывает радиус своего действия.	PASS		Текст естественно читается, сохраняет смысл английского источника и игровые маркеры.	311		
patchouli-lang:botania:botania.page.corporeaIndex1	sha256:efde667481d3ef990f351772f86b9b626f9ce95ecb14584a3375238dd1958cf2	"While activated, the index will intercept $(thing)Chat Messages$(0) from nearby players, processing them into $(thing)requests$(0) and preventing them from being broadcasted to chat. Each request will attempt to pull from the network items whose names match the chat message; for example, saying ""iron ingot"" will make the Index search the network for a single $(item)Iron Ingot$(0) and, if found, manifest it as a dropped item."	Пока индекс активирован, он будет перехватывать $(thing)сообщения в чате$(0) от ближайших игроков, перерабатывая их в $(thing)запросы$(0) и предотвращая их трансляцию в чат. Каждый запрос попытается извлечь из сети предметы, чьи названия совпадают с сообщением в чате; например, сказав «слиток железа», индекс будет искать в сети один $(item)слиток железа$(0) и, если найдёт, переместит его и выбросит в мир.	PASS		Текст естественно читается, сохраняет смысл английского источника и игровые маркеры.	373		
patchouli-lang:botania:botania.page.corporeaIndex2	sha256:392cf7814fe66acff85e56216d57d269c46233e8375e36ef6479b6a89089667e	"Requests can be quantified: for example, requesting ""10 apples"" will pull up to 10 $(item)Apples$(0) at once. The word ""this"" will be interpreted as the item currently in the user's hand. Prepending or appending any of ""..."", ""~"", ""+"" or ""?"" to a query will request items whose names $(o)contain$() the query instead: for example, ""iron..."" could return any item with ""iron"" in its name."	Запросы можно количественно уточнять: например, запрос «10 яблоко» извлечёт до 10 $(item)яблок$(0) сразу. Слово «this» будет интерпретироваться как запрос предмета, который в данный момент находится в руке пользователя. Запрос с любыми символами из «…», «~», «+» и «?» спереди или сзади будет искать предметы, чьи названия $(o)содержат$() только написанную часть; например «железн+» может вернуть любой предмет с «железн» в названии.	PASS		Текст естественно читается, сохраняет смысл английского источника и игровые маркеры.	415		
patchouli-lang:botania:botania.page.corporeaIndex3	sha256:fa2b63e74715306e9ef54b691385dda4d7350f756ab28d549857620c99925a75	"A ""*"" anywhere in the string represents any number of characters; for example, querying for ""Nethe*ck"" could return some $(item)Netherrack$(0), a $(item)Nether Brick$(0), or even an item renamed ""Netheck"".$(p)Note that requesting ""*iron*"" is equivalent to requesting ""iron..."", and that requesting ""*"" could return anything."	Символ «*» в любой части строки представляет неизвестное количество символов; например, запрос «Незе*к» может вернуть $(item)незерак$(0), $(item)незеритовый блок$(0) или даже предмет, переименованный в «Незерак».$(p)Учтите, что запрос «*железн*» эквивалентен запросу «железн+», а запрос «*» может вернуть что угодно.	PASS		Текст естественно читается, сохраняет смысл английского источника и игровые маркеры.	290		
patchouli-lang:botania:botania.page.corporeaIndex4	sha256:936734e0da03ae938e891a59c782fba386f6d539b6e6568578d33fb9061ba9bc	"The Index can only understand simple plurals (those suffixed by ""-s"", ""-es"" or ""-ies""), but will accept the singular even when requesting multiple items (it'll understand ""10 apple"" properly).$(p)""10 of this"" requests 10 items whose names match the held item's, as one might expect."	Индекс понимает только простые формы множественного числа (оканчивающиеся на «-s», «-es» или «-ies»), но примет и единственное число, даже если запрашивается несколько предметов (он правильно распознает запрос «10 яблоко»(1)).$(p)«10 this» запросит 10 предметов с именем, совпадающим с названием предмета в руке, как и можно было ожидать.$(p)(1) П.п.: предполагалось написание «10 apples», но на русском это бы выглядело как «10 яблокоs».	PASS		Текст естественно читается, сохраняет смысл английского источника и игровые маркеры.	430		
patchouli-lang:botania:botania.page.corporeaIndex5	sha256:ba91c997a85bbbd72f8729fa105fe05c06a82b58f7869b0ce9ca29d154986a17	"Quantifiers on plurals are possible: any of ""a stack of apples"", ""2 stacks of apples"", ""2 stacks and 20 apples"", ""half a stack of apples"", or ""a dozen apples"" will be understood.$(p)The index can handle requests of varying verbosity; ""2x stacks and 2x of apples"", ""2 stack 2 apple"", and ""2 stacks + 2 apples"" are all processed the same way."	Возможно использование количественных показателей с множественным числом: запросы вида «a stack of яблоко», «2 stacks of яблоко», «2 stacks and 20 яблоко», «half a stack of яблоко», или «a dozen яблоко» будут распознаны.$(p)Индекс понимает запросы с разной степенью подробности; например: «2x stacks and 2x of яблоко», «2 stack 2 яблоко», и «2 stacks + 2 яблоко» будут обработаны одинаково.	CHANGE	Можно указывать количество во множественном числе: индекс поймёт «a stack of apples», «2 stacks of apples», «2 stacks and 20 apples», «half a stack of apples» и «a dozen apples».$(p)Он понимает запросы разной подробности: «2x stacks and 2x of apples», «2 stack 2 apple» и «2 stacks + 2 apples» обрабатываются одинаково.	Сокращено и приведено к естественной игровой формулировке по английскому источнику.	386	315	0.816
patchouli-lang:botania:botania.page.corporeaIndex6	sha256:3c5707e0ecc1132e54e686466c2cff6a9ab4739e5b6e2fcac70c3b0552a08d38	"The words ""all"" or ""every"" request every single item in the network matching the given criteria; for example, ""all apples"" will retrieve every single apple (as well as every item renamed to ""apple"") in the network.$(p)The words ""count"", ""show"", ""display"" and ""tell"" won't retrieve any items, but will count them for the requester's convenience."	Слова «all» или «every» запрашивают все предметы в сети, соответствующие заданным в запросе критериям; например, запрос «all яблоко» извлечёт все яблоки (и все предметы, переименованные в «яблоко») из сети.$(p)Выражения «count яблоко», «show яблоко», «display яблоко» и «tell яблоко» не извлекут яблоки, но индекс подсчитает их для удобства запрашивающего.	PASS		Текст естественно читается, сохраняет смысл английского источника и игровые маркеры.	352		
patchouli-lang:botania:botania.page.corporeaIndex7	sha256:53d2d9b8c8efa02dfa06f7217168fb066e9f2687dd2b8eb204df5926d57129fa	When next to a $(item)Corporea Index$(0) and viewing an inventory (or a recipe), pressing [$(k:botania_corporea_request)] while hovering over an item will request a copy of that item.$(p)Holding SHIFT while doing so will request a full stack of the item, holding CTRL will request half a stack, and holding both will request a quarter-stack.	Находясь рядом с $(item)эфирным индексом$(0) и просматривая инвентарь (или рецепт), нажатие [$(k:botania_corporea_request)] при наведении на предмет запросит его копию.$(p)Нажатие Shift+[$(k:botania_corporea_request)] запросит целый стак предмета, Ctrl+[$(k:botania_corporea_request)] — половину стака, и Shift+Ctrl+[$(k:botania_corporea_request)] — четверть стака.	PASS		Текст естественно читается, сохраняет смысл английского источника и игровые маркеры.	234		
patchouli-lang:botania:botania.page.corporeaIndex8	sha256:89749b1df443c2941df1f7d74ff771c7b70b3e3b7965430f4005746ff06598b3	A certain magical one at that	$(o)Мне, пожалуйста, два номера 9, один номер 9 большой, номер 6 с дополнительным соусом, номер 7, два номера 45, один с сыром, и большую газировку$()	CHANGE	К тому же магический	Уточнено по английскому источнику и упрощено для игрового текста.	143	20	0.140
patchouli-lang:botania:botania.page.corporeaInterceptor0	sha256:3146c9485d56ab20e619a59187b82d45bbd599d6b773973bc6fda64726457aca	The $(item)Corporea Interceptor$(0) does exactly as its name suggests: it intercepts unfulfillable Corporea requests. Items in $(item)Item Frames$(0) attached to the block will filter the requests it'll intercept, similar to a $(l:functional_flowers/hopperhock)$(item)Hopperhock$(0)$(/l). If there are none, or they are all empty, it will intercept any unfulfilled request.	$(item)Эфирный перехватчик$(0), как может быть понятно из названия, перехватывает запросы, а точнее неудовлетворённые хранилищем запросы. $(item)Рамка$(0) с предметом, прикреплённая к перехватчику, фильтрует запросы, которые он будет перехватывать, подобно тому, как это работает с $(l:functional_flowers/hopperhock)воронкальвой$(/l). Если рамок нет или все они пусты, блок перехватит любой неудовлетворённый запрос.	PASS		Текст естественно читается, сохраняет смысл английского источника и игровые маркеры.	355		
patchouli-lang:botania:botania.page.corporeaInterceptor1	sha256:e6ddebb5b8b2abf35d7b386f1704621ca6a6f1910de2ff8bac45866fc56364ef	When a request is made for an item that the network can't provide, but that matches the Interceptor's filter, the Interceptor will trigger and emit a short redstone pulse. This can be used to do all sorts of things: for example, craft the requisite item with a $(l:devices/craft_crate)$(item)Crafty Crate$(0)$(/l), or light up a lamp indicating that the resource is out.	Перехватчик срабатывает и выдаёт короткий редстоун-сигнал, если запрашивается предмет, соответствующий его фильтру, но который сеть не может предоставить. Эту функцию можно использовать для различных целей: например, для отправки запроса на создание недостающего предмета $(l:devices/craft_crate)сборочным ящиком$(/l), или активации фонаря, указывающего на недостаток ресурса.	PASS		Текст естественно читается, сохраняет смысл английского источника и игровые маркеры.	347		
patchouli-lang:botania:botania.page.corporeaInterceptor2	sha256:d1d50fa3b578527a83db77e5979595fa7bc580daef6d0be1519d49f192fd52ee	So many automation prospects	$(o)«Просто автоматизируй.» — говорили они, «Это весело!» — говорили они$()	CHANGE	Столько возможностей для автоматизации.	Сокращено и приведено к естественной игровой формулировке по английскому источнику.	68	39	0.574
patchouli-lang:botania:botania.page.corporeaRetainer0	sha256:af0dabaa60a11b3ac069627f31bcd3aeb104b86f804e29cb771bae1ff3690c53	The $(item)Corporea Retainer$(0) is an addon (of sorts) to the $(l:ender/corporea_interceptor)$(item)Corporea Interceptor$(0)$(/l). When placed adjacent to an Interceptor, one of these will remember the origin and contents of any requests that trigger the former.	$(item)Эфирный буфер$(0) является дополнением (в некотором роде) к $(l:ender/corporea_interceptor)эфирному перехватчику $(/l). Когда буфер установлен рядом с перехватчиком, он запомнит содержимое запроса и источник, спровоцировавший перехват.	PASS		Текст естественно читается, сохраняет смысл английского источника и игровые маркеры.	195		
patchouli-lang:botania:botania.page.corporeaRetainer1	sha256:51a3bb32da2e72e65f0cd989e7cd3bd901f67f6e31a159fe0ce4af9bc1a34ab4	"Once the $(item)Corporea Retainer$(0) memorizes a request, when given a redstone signal it'll ""replay"" the request, performing it from its original position. For example: consider a $(l:ender/corporea_funnel)$(item)Funnel$(0)$(/l) that requests $(item)Wooden Planks$(0) when there are no more left. An Interceptor in the network could catch the request and trigger a mechanism to craft the missing planks; if an attached Retainer was triggered after that, it would make the original Funnel redo its request and get its planks."	После того, как $(item)эфирный буфер$(0) запомнит запрос, при получении редстоун-сигнала он «переиграет» запрос от источника, который до этого запустил перехват. Например: представьте $(l:ender/corporea_funnel)шлюз$(/l), который запрашивает $(item)доски$(0), когда они заканчиваются. Перехватчик в сети может поймать запрос и активировать механизм создания недостающих досок; если после этого активировать прикреплённый буфер, тот же самый шлюз повторит запрос, чтобы получить доски.	PASS		Текст естественно читается, сохраняет смысл английского источника и игровые маркеры.	430		
patchouli-lang:botania:botania.page.corporeaRetainer2	sha256:98e04a60c7b425af1b35f61252b18f78704fc9f5845fc7f38d01f7d869c985be	As the $(item)Corporea Retainer$(0) is an addon to the Interceptor, it can proxy its requests through the latter, so it doesn't need a spark itself.$(p)The retainer can only memorize one request at a time; any additional incoming requests will overwrite the currently stored request. A $(item)Redstone Comparator$(0) can read whether a request is being held, and if so, how many items.	Поскольку $(item)эфирный буфер$(0) является дополнением к перехватчику, он может передавать свои запросы через последнего, поэтому ему не нужна собственная искра.$(p)Буфер может запоминать только один запрос за раз; любые дополнительные перехваченные запросы будут перезаписывать текущий сохранённый запрос. $(item)Редстоуновый компаратор$(0) может считывать, есть ли сохранённый запрос в буфере, и если да, то сколько предметов.	PASS		Текст естественно читается, сохраняет смысл английского источника и игровые маркеры.	403		
patchouli-lang:botania:botania.page.corporeaRetainer3	sha256:164f605d7e5bc0a7e6d1d0f80203adf62c6ff15192645af84ba5ec560e47cb18	The nemesis of a goldfish	$(o)Заклятый враг золотой рыбки$()	PASS		Текст естественно читается, сохраняет смысл английского источника и игровые маркеры.	27		
patchouli-lang:botania:botania.page.corporeaRetainer4	sha256:1dd485753552ca61192d049ef481de7d82819541345ca1e88b19de99e7fc3f51	Using a $(l:basics/wand)$(item)Wand of the Forest$(0)$(/l) on the $(item)Retainer$(0) will toggle it between remembering the total count of the original request, or only the number of missing items.	Использование $(l:basics/wand)жезла леса$(/l) на $(item)буфере$(0) переключает его между запоминанием всего перехваченного запроса или только числа недостающих предметов в нём.	PASS		Текст естественно читается, сохраняет смысл английского источника и игровые маркеры.	144		
patchouli-lang:botania:botania.page.cosmeticBaubles0	sha256:e26f3325d7d3915ec7f244be5b4bf8b98cd04769991d9b8952594accfa696c75	Many $(item)Cosmetic Trinkets$(0) are available to change the looks of any $(thing)Trinkets$(0) a player has equipped. These can be worn by themselves, but can also craft with another $(thing)Trinket$(0); in that case, the latter $(thing)Trinket$(0) will function as usual, but take on the appearance of the $(item)Cosmetic Trinket$(0). $(thing)Cosmetic Overrides$(0) can be removed by putting the overridden $(thing)Trinket$(0) back in the grid.	Если вам не нравится вид своих аксессуаров или просто хочется разнообразить свой образ, то для вас есть множество $(item)косметических аксессуаров$(0), которыми можно менять вид функциональных $(thing)аксессуаров$(0). Их можно носить отдельно или соединить с другим $(thing)аксессуаром$(0) в сетке создания; в этом случае второй$(thing)аксессуар$(0) сохранит свою силу, но приобретёт внешний вид $(item)косметического аксессуара$(0). Вид $(thing)аксессуара$(0) можно вернуть обратно, поместив его в сетку крафта.	PASS		Текст естественно читается, сохраняет смысл английского источника и игровые маркеры.	442		
patchouli-lang:botania:botania.page.cosmeticBaubles1	sha256:19d03ec55b66d7d6e9b7567afea06aa4844f4a43640327e228410f3380a435a1	$(thing)Cosmetic Trinkets$(0) are crafted by weaving a specific color of petal around a $(l:mana/pool)$(item)Mana Infused String$(0)$(/l); oddly enough, the item created often has nothing to do with the color of the petal.$(p)The exact mechanics of this synthesis aren't well known-- it's almost as if the person that designed them hadn't bothered with figuring out a better system. Or something. Who knows.	$(thing)Косметические аксессуары$(0) создаются путём вплетения лепестков определённого цвета в $(l:mana/pool)мананить$(/l); забавно, но цвет созданного $(thing)аксессуара$(0) часто несвязан со цветами лепестков.$(p)Детали работы этого синтеза абсолютно непонятны — создаётся впечатление, что тот, кто разработал этот механизм, не потрудился разработать более продуманную систему. Или что-то в этом роде. Кто знает.	PASS		Текст естественно читается, сохраняет смысл английского источника и игровые маркеры.	367		
patchouli-lang:botania:botania.page.cosmeticBaubles10	sha256:85b2cb11d4ab59bf9cd00c5cdf10391ab3a10d869a817418a9bf2f3e906412ad	The best color	$(o)Лучший цвет$()	PASS		Текст естественно читается, сохраняет смысл английского источника и игровые маркеры.	11		
patchouli-lang:botania:botania.page.cosmeticBaubles11	sha256:07c674c890634ceae1ace505309a40e5f2c037af87f4cab81a53c7569e36140c	Tilting the umbrella too much	$(o)Красный зонт слишком наклонился$()	PASS		Текст естественно читается, сохраняет смысл английского источника и игровые маркеры.	31		
patchouli-lang:botania:botania.page.cosmeticBaubles12	sha256:6cd287af0ca4192a1d30c2657ad444cf27f394f0d4d17136c5be95794bef92c6	The Neighbors' Club	$(o)Клуб соседей$()	PASS		Текст естественно читается, сохраняет смысл английского источника и игровые маркеры.	12		
patchouli-lang:botania:botania.page.cosmeticBaubles13	sha256:1bf91fd27488a20b2a40dff5740c72df900095e659cd4b1b563295d588c990cd	Nyaa~	$(o)Няя~$()	PASS		Текст естественно читается, сохраняет смысл английского источника и игровые маркеры.	4		
patchouli-lang:botania:botania.page.cosmeticBaubles14	sha256:29f3807a88a8aec155ed50e8ee4efff89fae75ab970416e9fa8d6bf2454e71f9	Don't get too ahead of yourself	$(o)Не зазнавайся$()	PASS		Текст естественно читается, сохраняет смысл английского источника и игровые маркеры.	13		
patchouli-lang:botania:botania.page.cosmeticBaubles15	sha256:63fab518f34b673589ddee42b3685c981e7ff0e58a428fb9364bf226adb39f33	Evil up!	$(o)Рут через негатив$()	CHANGE	Зло наступает.	Сокращено и приведено к естественной игровой формулировке по английскому источнику.	17	14	0.824
patchouli-lang:botania:botania.page.cosmeticBaubles16	sha256:798a7bea328d07295a91d8ed0afb379b19f1514589ae65d4c91852efa489afc9	Nudistoooooooooo	$(o)Nudistoo… BEEEEAAAACH$()	PASS		Текст естественно читается, сохраняет смысл английского источника и игровые маркеры.	21		
patchouli-lang:botania:botania.page.cosmeticBaubles17	sha256:fa9d9a857e563cc79965cd8aa5e4bd83c3afda6ba0a260b4bef7d7c147094315	(insert reference here)	$(o)(вставьте отсылку здесь)$()	PASS		Текст естественно читается, сохраняет смысл английского источника и игровые маркеры.	24		
patchouli-lang:botania:botania.page.cosmeticBaubles18	sha256:b8d1e2759b4a02546f38ab3c1f3988a6e26f12eae1c083805faf7566f41254f0	Lurk moar	$(o)Иди луркай$()	PASS		Текст естественно читается, сохраняет смысл английского источника и игровые маркеры.	10		
patchouli-lang:botania:botania.page.cosmeticBaubles19	sha256:1dfeaf348f5cf034508723ccf40fd3e273637aff70f45b19161233c1c4c2b98d	I need your time	$(o)Дайте мне своё время$()	PASS		Текст естественно читается, сохраняет смысл английского источника и игровые маркеры.	20		
patchouli-lang:botania:botania.page.cosmeticBaubles2	sha256:e4cf48e6475c286d9b83866f0af1a35563b40c295c43b5dac2033e67c6145c9c	They're cool	$(o)Классно$()	PASS		Текст естественно читается, сохраняет смысл английского источника и игровые маркеры.	7		
patchouli-lang:botania:botania.page.cosmeticBaubles20	sha256:e3ca31e78d371867bc7f446f329e99b8147965f96b0b5de93121f4e670596913	So rare	$(o)Жопец, не-е-е-ет$()!..	CHANGE	Какая редкость.	Сокращено и приведено к естественной игровой формулировке по английскому источнику.	19	15	0.789
patchouli-lang:botania:botania.page.cosmeticBaubles21	sha256:968a3977d0610f5d44debce79e15e21556c53ea7e987393c92da202eb738048a	Oh hey, Loki	$(o)О, привет, Локи$()	PASS		Текст естественно читается, сохраняет смысл английского источника и игровые маркеры.	15		
patchouli-lang:botania:botania.page.cosmeticBaubles22	sha256:6cd543d66b2eedfb0763812e8b8bc75c9387187e558ece16c35875aad0cbaae9	Challenge up!	$(o)10 часов челлендж$()	PASS		Текст естественно читается, сохраняет смысл английского источника и игровые маркеры.	17		
patchouli-lang:botania:botania.page.cosmeticBaubles23	sha256:b5fb486444274ed9cdc6da8e5405fdbccd087b19490247298e47934a39c63efa	Representing!	$(o)Представительно$()!	PASS		Текст естественно читается, сохраняет смысл английского источника и игровые маркеры.	16		
patchouli-lang:botania:botania.page.cosmeticBaubles24	sha256:73b882cf45190563bb8a04c54446d84490e010931b4e4b5f16772508f5b60a99	Reminds me of a puzzle	$(o)Напоминает мне загадку$()	PASS		Текст естественно читается, сохраняет смысл английского источника и игровые маркеры.	22		
patchouli-lang:botania:botania.page.cosmeticBaubles25	sha256:2b045ce6dea9ac2be36847ec873011d54e524296fbc403da7a237c8dca0c83e2	You've met with a terrible fate, haven't you?	$(o)Вас постигла ужасная судьба, не так ли$()?	PASS		Текст естественно читается, сохраняет смысл английского источника и игровые маркеры.	39		
patchouli-lang:botania:botania.page.cosmeticBaubles26	sha256:5d7353e1348926d6962a3295bf99a01d1542e155aada896a1e43826e6ead8b03	Thanks for the gold stranger	$(o)Спасибо за золото, незнакомец$()	PASS		Текст естественно читается, сохраняет смысл английского источника и игровые маркеры.	29		
patchouli-lang:botania:botania.page.cosmeticBaubles27	sha256:3146b1cf2edcb7629c944bb9f696fa1aca4d6695c1c7df75993867c63364c39f	Woah, colors	$(o)Ого-о, цвета$()	PASS		Текст естественно читается, сохраняет смысл английского источника и игровые маркеры.	12		
patchouli-lang:botania:botania.page.cosmeticBaubles28	sha256:d4f5721f346b691887eb9464054c9ab38e9c1ae41c17a3ca9c9e64e2d46fc489	Who the hell do you think I am?	$(o)Ты за кого меня держишь$()!?	PASS		Текст естественно читается, сохраняет смысл английского источника и игровые маркеры.	25		
patchouli-lang:botania:botania.page.cosmeticBaubles29	sha256:88e70176e04800e48f0b9cfa123a436f05316487eeb686c551cacab6b84c9c4f	Nothing suspicious here, nope	$(o)Ничего здесь подозрительного, неа$()	PASS		Текст естественно читается, сохраняет смысл английского источника и игровые маркеры.	33		
patchouli-lang:botania:botania.page.cosmeticBaubles3	sha256:1ede12c8e2f21481e2910258e54e6265ad2347ac83947280bb45b5b20b054665	My desires are... unconventional	$(o)Мои вкусы… весьма специфичны$()	PASS		Текст естественно читается, сохраняет смысл английского источника и игровые маркеры.	28		
patchouli-lang:botania:botania.page.cosmeticBaubles30	sha256:584e22c7e01d47001e52260a5c95a763d58af288a879eb13aa8becdfed02a2f0	I can fly with these	$(o)С их помощью я могу летать$()	PASS		Текст естественно читается, сохраняет смысл английского источника и игровые маркеры.	26		
patchouli-lang:botania:botania.page.cosmeticBaubles31	sha256:13071951cea3f7d4bb1fcfb8929e59f817ed20374f5b2fa0de29455695e942ff	Not actually part of Spain	$(o)Не является частью Испании$()	PASS		Текст естественно читается, сохраняет смысл английского источника и игровые маркеры.	26		
patchouli-lang:botania:botania.page.cosmeticBaubles32	sha256:695addd5e5c10d513dc237295602c0b4cb64a73c794739dc628f55ba1702ffff	Now you too can believe	$(o)Теперь вы тоже можете верить$()	PASS		Текст естественно читается, сохраняет смысл английского источника и игровые маркеры.	28		
patchouli-lang:botania:botania.page.cosmeticBaubles33	sha256:07a1bc2cfe32c6d2c16b5cb919b80d7aaeb7c4103a175a8466b87980937806bf	Get on the treadmill, angbadang	$(o)Я эльф 80 уровня$()	PASS		Текст естественно читается, сохраняет смысл английского источника и игровые маркеры.	16		
patchouli-lang:botania:botania.page.cosmeticBaubles34	sha256:d72a10b456b828a79a099c544c410076f1916860c7347c1ee488058e7635f2a0	Really makes you think	$(o)Заставляет действительно задуматься$()	PASS		Текст естественно читается, сохраняет смысл английского источника и игровые маркеры.	35		
patchouli-lang:botania:botania.page.cosmeticBaubles4	sha256:da48a425d511e2616e4698335625943cd9c738428fed241f1a60e5a5d0ade36d	How unpleasant	$(o)Ох, как разочаровывающе$()	PASS		Текст естественно читается, сохраняет смысл английского источника и игровые маркеры.	23		
patchouli-lang:botania:botania.page.cosmeticBaubles5	sha256:d7f9caf6d072fb3f298be06e0c94a71a36edc2bf33d937f4c266fd4efe062a2e	It's cold in Kalos	$(o)В Калосе холодно$()	PASS		Текст естественно читается, сохраняет смысл английского источника и игровые маркеры.	16		
patchouli-lang:botania:botania.page.cosmeticBaubles6	sha256:79b679a1ef9b1987d7e52f76e2a3d3931e7c72c9458a6220e943c294f4970889	Do they reveal anything?	$(o)Они показывают какие-то откровения$()?	PASS		Текст естественно читается, сохраняет смысл английского источника и игровые маркеры.	35		
patchouli-lang:botania:botania.page.cosmeticBaubles7	sha256:90822e47edf2027588e6799fae6db179c699adea8b1f64e5a7d5c89126821bca	Shut up Alexander and the Trajan	$(o)Александр и Траян, заткнитесь$()	PASS		Текст естественно читается, сохраняет смысл английского источника и игровые маркеры.	29		
patchouli-lang:botania:botania.page.cosmeticBaubles8	sha256:b242252c99dfab5a3edac00e16b736fcb8c22677c5fd6f2dbf44c5dddd831bc2	The eye has to be hidden	$(o)Она защищает мир от древнего зла$()	PASS		Текст естественно читается, сохраняет смысл английского источника и игровые маркеры.	32		
patchouli-lang:botania:botania.page.cosmeticBaubles9	sha256:5b8e488c7a0b77900ba1e8551931b6b65e1d54b07717f11e16538139235b6f9d	Not for bean sprouts	$(o)Не для бобовых ростков$()	PASS		Текст естественно читается, сохраняет смысл английского источника и игровые маркеры.	22		
patchouli-lang:botania:botania.page.craftCrate0	sha256:7ba00c4235a27eeec32ed3e942bd2705dd949b84a234359e9df5938980280095	As its name suggests, the $(item)Crafty Crate$(0) is a counterpart to the $(l:devices/open_crate)$(item)Open Crate$(0)$(/l), but with the ability to assemble items into other items as a $(item)Crafting Table$(0) would.$(p)Like a $(item)Crafting Table$(0), it has a 9-slot inventory, which can be filled with items in the shape of a crafting recipe.	$(item)Сборочный ящик$(0) — это аналог $(item)открытого ящика$(0) с механизмом создания предметов, схожим с $(item)верстаком$(0).$(p)Как и у $(item)верстака$(0), сетка создания ящика состоит из 9 слотов, которые можно заполнить предметами в порядке, соответствующем рецепту.	CHANGE	$(item)Сборочный ящик$(0), как следует из названия, похож на $(l:devices/open_crate)$(item)Открытый ящик$(0)$(/l), но собирает из предметов другие предметы, словно $(item)Верстак$(0).$(p)Как и $(item)Верстак$(0), он имеет 9 ячеек: разложите в них предметы по форме рецепта.	Уточнено по английскому источнику и упрощено для игрового текста.	226	197	0.872
patchouli-lang:botania:botania.page.craftCrate1	sha256:402e0d39c762ba8fa7842d9d25850c4c8b7e45a5b476af5c2ed23b21c62f7952	Item slots are filled from left to right and top to bottom (as illustrated later). The $(item)Crafting Placeholder$(0), when input to the Crate, corresponds to an empty slot in a crafting table. This is used to allow for recipes with gaps (e.g. furnace, chest, pickaxe...) to be craftable as well.	Загружаемые в ящик предметы заполняют слоты слева направо, сверху вниз (пример будет показан далее). Для заполнения пустот в рецепте (например, в рецепте печи) используется специальный предмет — $(item)заполнитель сборочного ящика$(0).	PASS		Текст естественно читается, сохраняет смысл английского источника и игровые маркеры.	224		
patchouli-lang:botania:botania.page.craftCrate2	sha256:224bbfd89ab8f4a3f76182047131748c4e0a8592e76c15fef4924f1faa103ac3	Creating the placeholder	Создание заполнителя	PASS		Текст читается естественно, ясно и соответствует английскому источнику.	20		
patchouli-lang:botania:botania.page.craftCrate3	sha256:2c5b3681c868dc0df397367a5b0ecaf5c28780d50ea8385ca014ca9d43d28a69	Finalizing a recipe can be done in two ways:$(p)Filling all 9 slots with either recipe components or placeholders will instantly try to craft and output the result, as well as any placeholders and/or leftovers remaining in the crafting grid (e.g. buckets when making cake).$(p)Note that the crate will $(o)not$() eject its contents if no recipe is possible.	Завершить рецепт можно двумя способами.$(p)Первый: заполните каждый из 9 слотов, либо компонентами рецепта, либо заполнителем; рецепт немедленно завершиться, а изготовленный предмет, заполнители и остатки (например, вёдра после создания торта) выпадут со дна ящика, $(thing)если выходу ничего не мешает$(0). Это самый простой метод.$(p)Заметьте, что если рецепт невозможен, то ящик $(o)не$() выплюнет предметы.	PASS		Текст естественно читается, сохраняет смысл английского источника и игровые маркеры.	383		
patchouli-lang:botania:botania.page.craftCrate4	sha256:f611b52671b57c135fb95fb3cbe94a048ff15530ea5f8b42c204f193a25c4deb	Right-clicking the crate with a $(l:basics/wand)$(item)Wand of the Forest$(0)$(/l) (remember: $(item)Dispensers$(0) can do this) will also attempt a craft and eject the crate's contents afterward.$(p)If a crafting operation attempted this way fails, all inside items are simply ejected with no crafting procedure done.	Второй: нажатие [$(k:use)] с $(item)жезлом леса$(0) по ящику (напомним, что $(item)раздатчик$(0) может использовать жезл) запустит попытку создания предмета из того, что есть в ящике.$(p)Если сборка не удалась, ящик просто выплюнет содержимое под себя.	PASS		Текст естественно читается, сохраняет смысл английского источника и игровые маркеры.	218		
patchouli-lang:botania:botania.page.craftCrate5	sha256:6fa6ba3d17f63ef8e5a828a36fd6e828643014d3bde40e2aaac38c68e222f72a	An example of crafting a $(item)Diamond Pickaxe$(0)	Пример создания $(item)алмазной кирки$(0)	PASS		Текст естественно читается, сохраняет смысл английского источника и игровые маркеры.	30		
patchouli-lang:botania:botania.page.craftCrate6	sha256:976adc3295f79aef5f6f02746b1dbe75c697cb0ec9e8b6b8fb6030bd0463e655	Assembly line in a box	$(o)Сборочная линия в ящике$()	PASS		Текст естественно читается, сохраняет смысл английского источника и игровые маркеры.	23		
patchouli-lang:botania:botania.page.craftCrate7	sha256:aa5dff0a9d8a3944241829b6fb981619e95b9a4e56493937df3566cbf1d41920	Attaching a $(item)Comparator$(0) to a crate will have it emit a signal strength equivalent to the number of items inside the crate.	Исходящий от ящика $(item)редстоуновый компаратор$(0) излучает сигнал силы, эквивалентной количеству предметов в ящике. Эта механика может оказаться полезной при создании редстоуновых механизмов.	CHANGE	$(item)Компаратор$(0), подключённый к ящику, выдаёт сигнал силой, равной числу предметов внутри.	Уточнено по английскому источнику и упрощено для игрового текста.	184	85	0.462
patchouli-lang:botania:botania.page.craftCrate8	sha256:c42f3b03e2d48c1429fbc0ebfe842862b14dcfe9d42c3cd3b697bf59dddb05ae	The $(item)Crafty Crate$(0) can also be augmented with patterns. A pattern locks specific slots in the recipe, disallowing items from entering those slots as if there were placeholders there.$(p)There are several patterns, each of which can be applied by right-clicking on the crate (this doesn't consume the pattern).	Сетка $(item)сборочного ящика$(0) настраивается шаблонами. $(item)Шаблон создания$(0) блокирует определённые слоты в рецепте, запрещая предметам попадать в них, как если бы там были заполнители. $(p)Есть несколько базовых шаблонов под все формы, которые могут быть нужны. Шаблон применяется нажатием [$(k:use)] на ящике (не тратится).	PASS		Текст естественно читается, сохраняет смысл английского источника и игровые маркеры.	300		
patchouli-lang:botania:botania.page.craftCrate9	sha256:b3711f29644302cac75091c2b1c1f38535f4549516d67e1b7fba1f420975ce5b	9 different patterns	9 разных шаблонов	PASS		Текст читается естественно, ясно и соответствует английскому источнику.	17		
patchouli-lang:botania:botania.page.craftingHalo0	sha256:031926553116a30989dea90dace50f7f046d0faf60b116ee9ffb185e0ee6fbdb	"Lugging around a $(item)Crafting Table$(0) is a generally troublesome task. The $(item)Assembly Halo$(0), thus, is a portable $(item)Crafting Table$(0), as well as a quick-start crafting option. Holding the item displays a ""halo"" of recipe slots around the holder, and right-clicking the displayed $(item)Crafting Table$(0) will open a crafting interface."	Все могут согласится, что постоянно таскать с собой $(item)верстак$(0) попросту неудобно, хотя он всегда нужен. $(item)Сборочный венец$(0) — это не только портативный $(item)верстак$(0), но и устройство скоростного создания. Венец в руке создаёт вокруг «ореол» слотов рецептов. Нажатие [$(k:use)] по голограмме $(item)верстака$(0) откроет меню создания.	PASS		Текст естественно читается, сохраняет смысл английского источника и игровые маркеры.	301		
patchouli-lang:botania:botania.page.craftingHalo1	sha256:3a54f8b66f5daca4f6641f0faaf068f476ff4e598c3f3441b78cc7ea548d81ad	As long as the item is kept in-inventory, it'll remember its last recipe.$(p)Right-clicking an empty slot of the halo will save the last-used recipe to that slot, and right-clicking a slot with a recipe saved will attempt to craft it from available items. Sneak-punching a saved recipe will delete it.	Пока венец находится в инвентаре, в нём будет сохранен последний рецепт крафта. $(p)Нажатие [$(k:use)] по пустому слоту венца запомнит последний рецепт в него. Нажатие [$(k:use)] по записанному предмету в слот запустит попытку создания по запомненному рецепту, используя ресурсы из инвентаря. Удалить рецепт можно нажатием [$(k:sneak)+$(k:attack)] по слоту.	CHANGE	Пока предмет лежит в инвентаре, он помнит последний рецепт.$(p)Нажмите ПКМ по пустой ячейке венца, чтобы сохранить в ней последний рецепт. Нажатие ПКМ по ячейке с рецептом попробует создать его из доступных предметов. Ударьте по сохранённому рецепту с зажатым Shift, чтобы удалить его.	Уточнено по английскому источнику и упрощено для игрового текста.	316	281	0.889
patchouli-lang:botania:botania.page.craftingHalo2	sha256:16d661c2739eee83fe498a4675928aa3964a67b62125a72c00fd972caae724e1	It has no taste if you cook it from the menu	$(o)Это безвкусица, если вы готовите что-то из меню$()	PASS		Текст естественно читается, сохраняет смысл английского источника и игровые маркеры.	47		
patchouli-lang:botania:botania.page.crystalBow0	sha256:1e72e5d540aeced2c2942d6488e676d8f43ddf9f73320932792522ab1e4bee5b	Crafted with a $(l:alfhomancy/elf_resources)$(item)Dragonstone$(0)$(/l), the $(item)Crystal Bow$(0) is a ranged weapon with the ability to conjure arrows from $(thing)Mana$(0), as if the bow were enchanted with $(thing)Infinity$(0). Similarly to the $(l:tools/livingwood_bow)$(item)Livingwood Bow$(0)$(/l), it'll repair itself using $(thing)Mana$(0).$(p)Thanks to the bow's lightweight and flexible components, it also fires arrows much harder than a wooden one would.	$(item)Кристаллический лук$(0), с плечами из $(l:alfhomancy/elf_resources)драконьего камня$(/l), — это оружие дальнего боя, создающее стрелы из $(thing)маны$(0). Как и $(l:tools/livingwood_bow)жизнедеревянный лук$(/l), он самовосстанавливается за счёт $(thing)маны$(0), но благодаря более лёгкой и гибкой конструкции, чем у деревянного лука, стрелы из него обладают повышенной проникающей силой.	CHANGE	Созданный из $(l:alfhomancy/elf_resources)$(item)Камня дракона$(0)$(/l), $(item)Кристальный лук$(0) вызывает стрелы из $(thing)Маны$(0), словно зачарован на $(thing)Бесконечность$(0). Как и $(l:tools/livingwood_bow)$(item)Жизнедревесный лук$(0)$(/l), он чинится за счёт $(thing)Маны$(0).$(p)Благодаря лёгким и гибким деталям он также выпускает стрелы гораздо сильнее деревянного лука.	Уточнено по английскому источнику и упрощено для игрового текста.	296	247	0.834
patchouli-lang:botania:botania.page.crystalBow1	sha256:e328d7cf2d9eb3c59b832e521e926dd75af16fe94fc53ab7a6e1bfa85286935a	An improved model, fixed reverting to a seed	$(o)Улучшенная модель, исправлено превращение в «тыкву»$()	PASS		Текст естественно читается, сохраняет смысл английского источника и игровые маркеры.	51		
patchouli-lang:botania:botania.page.daffomill0	sha256:1c45d5145c517b08a88431d657077f58f648cca47622bde099b23dc2d36a3226	The $(item)Daffomill$(0) is a fan of sorts: it uses $(thing)Mana$(0) to push any items in front of it forward.$(p)Sneak-right clicking it with a $(l:basics/wand)$(item)Wand of the Forest$(0)$(/l) changes its orientation; its current direction can be deduced from the subtle wind particles it emits.	$(item)Нарцельница$(0) — это своего рода вентилятор ботаника. К сожалению, она не охлаждает в горячие дни, но за небольшое количество $(thing)маны$(0) толкает любые выброшенные предметы, находящиеся перед её потоком ветра.$(p)Щелчок [$(k:sneak)+$(k:use)] по растению, удерживая $(l:basics/wand)жезл леса$(/l) в руке, изменит направление потока ветра. Текущее направление можно определить по малозаметным клубам из $(item)нарцельницы$(0).	PASS		Текст естественно читается, сохраняет смысл английского источника и игровые маркеры.	360		
patchouli-lang:botania:botania.page.daffomill1	sha256:dd80a7d07372178058945e600e50cc724136c0a7bb95ab7f4ee7b37bb423a2f5	$(o)Wind Turbines? I'm a big fan$().	$(o)Ветротурбины? Я большой вентилятор таких$().	PASS		Текст естественно читается, сохраняет смысл английского источника и игровые маркеры.	41		
patchouli-lang:botania:botania.page.dandelifeon0	sha256:a2cf2356a077bf31953090a7e57de912f20d220b41d429a24e6dd739e6562027	The $(item)Dandelifeon$(0) is not recommended for the faint of heart.$(p)While it's likely the most efficient available generating flower in the botanist's toolbox, it's also one of the least straightforward to use.	Внимание! $(item)Жизнеодуванчик$(0) — это один из самых сложных в использовании цветов. $(p)Хотя это, возможно, самый мощный «$(l:generating_flowers)генерирующий цветок$(/l) в арсенале ботаника, он, несмотря на своё жизнерадостное название, высасывает жизнь самого ботаника (недюжинной умственной нагрузкой на него).	PASS		Текст естественно читается, сохраняет смысл английского источника и игровые маркеры.	273		
patchouli-lang:botania:botania.page.dandelifeon1	sha256:21929b1860fa0a383c4f47bd265617ae51afc0f485b99bbb7933fadb529b6d2a	This flower's function is based on a cellular automaton known as $(thing)Conway's Game of Life$(0). The area for this procedure is a 25x25 square, centered around the $(item)Dandelifeon$(0) itself.$(p)As long as the flower receives a redstone signal, it'll step the automaton twice a second.	Работа этого цветка основана на клеточном автомате, известном как $(l:https://ru.wikipedia.org/wiki/%D0%98%D0%B3%D1%80%D0%B0_%C2%AB%D0%96%D0%B8%D0%B7%D0%BD%D1%8C%C2%BB)игра «Жизнь» Джона Конвея$(/l). Игра происходит в площади 25×25 вокруг $(item)жизнеодуванчика$(0) в центре. $(p)Пока на цветок подаётся редстоун-сигнал, игра будет продвигаться на 2 шага в секунду.	PASS		Текст естественно читается, сохраняет смысл английского источника и игровые маркеры.	243		
patchouli-lang:botania:botania.page.dandelifeon10	sha256:eef3287d7a8e4087806a5608a2e5a7f3155c5bddf5d9a65f714aefc9c07e0496	Whenever any live cells are absorbed by the 3x3 zone in the center, all other cells in the board die.$(p)Additionally, cells within the range of two or more $(item)Dandelifeon$(0) flowers dies, though well-spaced $(item)Dandelifeons$(0) $(l)can$() pass cells between themselves (albeit with some mana lost at the boundary).	Каждый раз, когда живые клетки поглощаются областью 3×3 в центре, все остальные клетки на поле умирают.$(p)Кроме того, живые клетки в зоне действия двух или более $(item)жизнеодуванчиков$(0) также погибают при срабатывании области лишь одного из цветков, хотя хорошо расположенные $(item)жизнеодуванчики$(0) $(l)могут$() передавать клетки между собой (хоть и с небольшой потерей маны на границе).	PASS		Текст естественно читается, сохраняет смысл английского источника и игровые маркеры.	363		
patchouli-lang:botania:botania.page.dandelifeon2	sha256:2bfc6e4900d2a2e0461be48175f12ea722369069d8c101bf52e88b7115a39be1	Each location within the flower's 25x25 area of effect counts as a $(thing)Cell$(0). Cells may be alive or dead; a cell counts as alive if its respective block is a $(item)Cellular Block$(0) (read on), or dead if it's anything else. The $(thing)Neighbors$(0) of a cell are the eight cells surrounding any cell.	Каждый блок в площади 25×25 вокруг цветка считается $(thing)клеткой$(0). Клетки могут быть живыми или мёртвыми; клетка считается живой, если соответствующий ей блок — это $(item)клеточный блок$(0) (будет объяснено дальше), и мёртвой, если блок что угодно другое. Клетки-$(thing)соседи$(0) — это восемь клеток, окружающих данную клетку.	PASS		Текст естественно читается, сохраняет смысл английского источника и игровые маркеры.	300		
patchouli-lang:botania:botania.page.dandelifeon3	sha256:a8184a582a84bad85fa2ac766bd97e79cdb708caa96e4619ad93a9d97540834f	Every step of the game, the following transitions happen to each cell simultaneously:$(p)$(thing)1)$(0) Any live cell with exactly 2 or 3 live neighbours survives the step.$(p)$(thing)2)$(0) Any live cell not satisfying condition 1 becomes dead.$(p)$(thing)3)$(0) Any dead cell with exactly three live neighbours becomes a live cell.	На каждом шаге игры происходят следующие изменения для всех клеток одновременно:$(p)$(thing)1.$(0) Живая клетка с именно $(l)двумя$() или именно $(l)тремя$() живыми соседями выживает.$(p)$(thing)2.$(0) Живая клетка, $(l)не соответствующая$() условию 1, умирает.$(p)$(thing)3.$(0) Мёртвая клетка с именно $(l)тремя$() живыми соседями становится живой.	PASS		Текст естественно читается, сохраняет смысл английского источника и игровые маркеры.	274		
patchouli-lang:botania:botania.page.dandelifeon4	sha256:7f8f3d643de34927fcc40d9b4e18773f85363e69cf37f9d9d21e64f07836af5a	Aside from those, a few additional rules not present in a typical simulation of $(thing)Conway's Game of Life$(0) are also present in the $(item)Dandelifeon$(0) procedures, listed in the following pages.	Помимо этих правил, в работе $(item)жизнеодуванчика$(0) также присутствуют несколько дополнительных правил, которые отсутствуют в типичной симуляции $(thing)игры «Жизнь»$(0). Эти правила перечислены далее.	PASS		Текст естественно читается, сохраняет смысл английского источника и игровые маркеры.	182		
patchouli-lang:botania:botania.page.dandelifeon5	sha256:77a4def82828c0ef01159216b5ae8e9a8cd7c5e613c37dd08295b5a1dea27249	All cells have an $(thing)age$(0); cells not created by the $(item)Dandelifeon$(0) start at zero. Whenever a cell survives a step, its age increases by one. Whenever a dead cell becomes a live cell, the age of the new live cell becomes the age of its oldest neighbour, plus one, capped at 100.	Возраст:$(li)все клетки имеют $(thing)возраст$(0);$(li)клетки, не созданные $(item)жизнеодуванчиком$(0), начинают с нулевого возраста;$(li)если клетка выживает, её возраст увеличивается на единицу;$(li)если мёртвая клетка оживает, её возраст будет равен возрасту самой старой соседней клетки + один, но при этом максимум 100.	PASS		Текст естественно читается, сохраняет смысл английского источника и игровые маркеры.	282		
patchouli-lang:botania:botania.page.dandelifeon6	sha256:9b9a428a11dccbd95831ecbb407726a3ce19211b7c25ce748a6a36e58f232ecb	The 3x3 zone centered around the $(item)Dandelifeon$(0) itself will absorb all cells that would otherwise generate in the area, converting them into (a frankly ludicrous amount of) $(thing)Mana$(0). The older the cell that would be created, the more $(thing)Mana$(0) it yields. Age-zero cells produce no $(thing)Mana$(0).	Область размером 3×3 вокруг $(item)жизнеодуванчика$(0) поглощает все клетки, которые иначе появились бы в этой области, превращая их в $(thing)ману$(0) (было бы честнее сказать в «колоссальное количество маны»). Чем старше создаваемая клетка, тем больше $(thing)маны$(0) она произведёт. Клетки нулевого возраста не стоят $(thing)маны$(0).	PASS		Текст естественно читается, сохраняет смысл английского источника и игровые маркеры.	291		
patchouli-lang:botania:botania.page.dandelifeon7	sha256:5e820e495d06511fca1c256c0f0e5d573845c414b928c2eb99324a608e0ac338	$(item)Cellular Blocks$(0) are crafted with $(item)Cactus$(0), $(item)Carrots$(0), $(item)Potatoes$(0), and $(item)Beetroots$(0), and are extremely fragile. They won't yield anything when broken, nor can they be moved by $(item)Pistons$(0). They won't be generated by a $(item)Dandelifeon$(0) on any cell that doesn't contain air.$(p)However, when not within the range of a $(item)Dandelifeon$(0) they hold no other special properties.	$(item)Клеточные блоки$(0) создаются из $(item)кактусов$(0), $(item)моркови$(0), $(item)картошки$(0) и $(item)cвёклы$(0) и чрезвычайно хрупки. Их нельзя собрать даже с чарами «$(thing)Шёлковое касание$(0)» и нельзя сдвинуть $(item)поршнем$(0). $(item)Жизнеодуванчик$(0) не будет создавать их на позициях, где нет воздуха (т.е. стоит какой-то другой блок).$(p)За пределами зоны действия $(item)жизнеодуванчика$(0), они не имеют никаких особых свойств.	PASS		Текст естественно читается, сохраняет смысл английского источника и игровые маркеры.	346		
patchouli-lang:botania:botania.page.dandelifeon8	sha256:23103c1fa799ec5b6370cb0b85d7fd31b16967dcb20c0b349db74cd7cab78a9d	$(o)CellCraft^2$().	$(o)CellCraft^2$().	PASS		Текст естественно читается, сохраняет смысл английского источника и игровые маркеры.	12		
patchouli-lang:botania:botania.page.dandelifeon9	sha256:2c6d84c96280770c239325a67e71fc2e0393b55245675ba731d1356d5034d2fc	Creating $(item)Cellular Blocks$(0)	Создание $(item)клеточных блоков$(0)	PASS		Текст естественно читается, сохраняет смысл английского источника и игровые маркеры.	25		
patchouli-lang:botania:botania.page.decorativeBlocks0	sha256:7ac3f53efcf36bff0fd8b769c1f62b7b78438d197685e26341caa5ce80afc247	Quite apart from functionality, there exist quite a few blocks for the sole purpose of making your builds look better.$(p)$(item)Livingrock$(0) and $(l:basics/pure_daisy)$(item)Livingwood$(0)$(/l) can be turned into decorative blocks; each material has four different decorative variations on its texture.	В арсенале ботаника есть не только бесчисленные функциональные блоки, но и замечательные декоративные блоки, которыми можно украсить базу или дом.$(p)Так у $(item)жизнекамня$(0) и $(l:basics/pure_daisy)жизнедерева$(/l) есть декоративные варианты, по 4 разных вариации у каждого.	PASS		Текст естественно читается, сохраняет смысл английского источника и игровые маркеры.	236		
patchouli-lang:botania:botania.page.decorativeBlocks1	sha256:0a4a56c771fc794314cb3e6ec00ba310c607c69bc4e5b2ee9486e2ba531bf438	Livingrock bricks and slate	Жизнекаменные сланец и кирпичи	PASS		Текст естественно читается, сохраняет смысл английского источника и игровые маркеры.	30		
patchouli-lang:botania:botania.page.decorativeBlocks10	sha256:f8593dbdb533258d68d61f714dab5a90c3754cd514e811286a72ce41bcc90765	$(item)Nether Quartz$(0) can be combined with a variety of substances to create a wide array of decorative $(item)Quartzes$(0).$(p)All of these can be crafted into their block counterparts, the same way $(item)Quartz$(0) can.	Далее, комбинируя $(item)незер-кварц$(0) с разными материалами можно создать широкий спектр декоративных $(item)кварцевых$(0) блоков.$(p)Все эти блоки имеют набор вариаций как и их основа — $(item)незерский кварц$(0).	PASS		Текст естественно читается, сохраняет смысл английского источника и игровые маркеры.	180		
patchouli-lang:botania:botania.page.decorativeBlocks11	sha256:e425b3949bea973515c0fcc208865e9ace86a922d0a75504f4af6f2dcc3a6b5d	Smokey Quartz	Дымный кварц	PASS		Текст естественно читается, сохраняет смысл английского источника и игровые маркеры.	12		
patchouli-lang:botania:botania.page.decorativeBlocks12	sha256:39005b0276014565e505977c078c230125acc8815ebc6dc828d1f2f6fdcc330c	Mana Quartz	Манакварц	PASS		Текст читается естественно, ясно и соответствует английскому источнику.	9		
patchouli-lang:botania:botania.page.decorativeBlocks13	sha256:acf84ed2ad0ce669f8b85353671a7d66fae1c666574185770866ad92d3b6e535	Blaze Quartz	Огненный кварц	PASS		Текст естественно читается, сохраняет смысл английского источника и игровые маркеры.	14		
patchouli-lang:botania:botania.page.decorativeBlocks14	sha256:e12a4451fdbde4f5907bbb96ee10a0d957e14dc119b0afc2372689d75f921a77	Lavender Quartz	Лавандовый кварц	PASS		Текст читается естественно, ясно и соответствует английскому источнику.	16		
patchouli-lang:botania:botania.page.decorativeBlocks15	sha256:dcf167a77452e44e3288aa53f761f7ccee62bf232eb3c11c5323760a4c6f4e59	Redquartz	Редстоуновый кварц	PASS		Текст естественно читается, сохраняет смысл английского источника и игровые маркеры.	18		
patchouli-lang:botania:botania.page.decorativeBlocks2	sha256:230d1860e3e605a648f4401eeb6e1798d41b093dfab985ca59bd50ca29179e37	Mossing the bricks	Нанесение мха на кирпичи	PASS		Текст естественно читается, сохраняет смысл английского источника и игровые маркеры.	24		
patchouli-lang:botania:botania.page.decorativeBlocks23	sha256:0b503d3ccfec742751182f2a0796dd57a0c1f8249144addfa711df2a55865098	Sunny Quartz	Солнечный кварц	PASS		Текст читается естественно, ясно и соответствует английскому источнику.	15		
patchouli-lang:botania:botania.page.decorativeBlocks3	sha256:8f9c5d73d5c560d33f6db75be99035340d75e7dda65a55b0822a220083ae1cdc	Cracking the bricks	Создание трещин на кирпичах	PASS		Текст естественно читается, сохраняет смысл английского источника и игровые маркеры.	27		
patchouli-lang:botania:botania.page.decorativeBlocks4	sha256:5d66295e4814f3ac8ebaa1cf8a87616665cc1f475c9343d897c2b280c2f0a7f9	Chiseling the bricks	Резьба на кирпичах	PASS		Текст естественно читается, сохраняет смысл английского источника и игровые маркеры.	18		
patchouli-lang:botania:botania.page.decorativeBlocks5	sha256:ea7d1c216e4a25c5a05e0851693eedf0c76d807d7de00b167ee4414a73a22909	Turning wood into planks	Переделка древесины в доски	PASS		Текст естественно читается, сохраняет смысл английского источника и игровые маркеры.	27		
patchouli-lang:botania:botania.page.decorativeBlocks6	sha256:c6c3d5a3cdba6d1987e3478a5826ee371315c4007c4cddc1b926ee6cd8bec5a2	Mossing the planks	Нанесение мха на доски	PASS		Текст естественно читается, сохраняет смысл английского источника и игровые маркеры.	22		
patchouli-lang:botania:botania.page.decorativeBlocks7	sha256:a8922a56e1bcccec807f5ea63126c927530d1d3ca3a84d96d682868e21c986d4	Framing the planks	Резьба на досках	PASS		Текст естественно читается, сохраняет смысл английского источника и игровые маркеры.	16		
patchouli-lang:botania:botania.page.decorativeBlocks8	sha256:3395bc858f75ec9665c24cd4efafa7706558b157bafb6a7afaf03eaf311e4929	Pattern planks	Симметричная резьба на досках	PASS		Текст естественно читается, сохраняет смысл английского источника и игровые маркеры.	29		
patchouli-lang:botania:botania.page.decorativeBlocks9	sha256:352fdd75a8e10e29d9a8dae7c0d492acb3baa50377f121cb68298055550c3e22	Glimmering Livingwood	Светящееся жизнедерево	PASS		Текст читается естественно, ясно и соответствует английскому источнику.	22		
patchouli-lang:botania:botania.page.dirtRod0	sha256:414aeec1113bf667d70ee57c3cc8fbcad897a133abb4e7b0f72ce32f5e44fdcb	The $(item)Rod of the Lands$(0) is a simple tool: by drawing $(thing)Mana$(0) from the user's inventory (sourced from a $(l:mana/mana_tablet)$(item)Mana Tablet$(0)$(/l) or similar), it can conjure a $(item)Dirt$(0) block and place it in the world.$(p)For the same $(thing)Mana$(0) cost, this item can provide $(item)Dirt$(0) to the $(l:tools/exchange_rod)$(item)Rod of the Shifting Crust$(0)$(/l).	$(item)Скипетр лугов$(0) — довольно простой инструмент. Поглощая $(thing)ману$(0) из инвентаря (например, $(l:mana/mana_tablet)планшета маны$(/l)), он создаёт и устанавливает блок $(item)земли$(0). $(p)За ту же стоимость, этот скипетр может снабдить $(l:tools/exchange_rod)скипетр сдвига коры$(/l) $(item)землёй$(0).	CHANGE	$(item)Жезл Земель$(0) — простой инструмент: он берёт $(thing)Ману$(0) из предметов в инвентаре, например $(l:mana/mana_tablet)$(item)Планшета маны$(0)$(/l), создаёт блок $(item)Земли$(0) и ставит его в мире.$(p)За ту же цену $(thing)Маны$(0) он может снабжать $(item)Землёй$(0) $(l:tools/exchange_rod)$(item)Жезл Обмена$(0)$(/l).	Уточнено по английскому источнику и упрощено для игрового текста.	213	193	0.906
patchouli-lang:botania:botania.page.dirtRod1	sha256:909690032a9022c50197c55005efd4f8800d4f04332abebb8cc0c957f419e31a	The Dirty Stick	$(o)Грязная палка$()	PASS		Текст естественно читается, сохраняет смысл английского источника и игровые маркеры.	13		
patchouli-lang:botania:botania.page.dirtRod2	sha256:a8dade363891377430f9ceb917f1ceedb62352fc3e2acf93ce51586d90ac6eac	This rod can be given to a $(l:devices/avatar)$(item)Livingwood Avatar$(0)$(/l); an avatar holding this rod will periodically use its own $(thing)Mana$(0) to place a block of $(item)Dirt$(0) before itself.	Этот скипетр может быть дан $(l:devices/avatar)жизнедеревянному идолу$(/l). Используя свой запас $(thing)маны$(0), идол с этим скипетром переодически ставит блок $(item)земли$(0) перед собой.$(p)Любых идолов можно отключить подачей редстоун-сигнала.	PASS		Текст естественно читается, сохраняет смысл английского источника и игровые маркеры.	198		
patchouli-lang:botania:botania.page.dispenserTweaks0	sha256:14e82aa540235cd5eb453e5513a2ec54973d6ff94a77e3ffa4373b74829c4c97	$(thing)Botania$(0) tweaks $(item)Dispensers$(0) to be able to plant all kinds of seeds, from your standard wheat $(item)Seeds$(0) to $(item)Nether Warts$(0) and $(item)Cocoa Beans$(0) (the latter requiring a block of $(item)Jungle Wood$(0) across from the $(item)Dispenser$(0)).$(p)In conjunction with other blocks (like the $(l:devices/forest_drum)$(item)Drum of the Wild$(0)$(/l)), this allows for fully-automated crop farming.	$(thing)Ботания$(0) добавляет новую функцию для $(item)раздатчика$(0): теперь он может сажать все виды семян, от обычных $(item)семян пшеницы$(0) до $(item)незерских наростов$(0) и $(item)какао-бобов$(0) (на $(item)бревне тропического дерева$(0)).$(p)В связке с $(l:devices/forest_drum)барабаном увядания$(/l), $(item)раздатчиками$(0) теперь получится полностью автоматизировать фермы культур!	PASS		Текст естественно читается, сохраняет смысл английского источника и игровые маркеры.	282		
patchouli-lang:botania:botania.page.distributor0	sha256:4ed9ff3f4a46e0178a5ca3fc9c321729916bd1657891666bd357c363a6547f51	Any botanist worth their weight in flowers will eventually reach a point where a single $(l:mana/pool)$(item)Mana Pool$(0)$(/l) can't hold all their $(thing)Mana$(0).$(p)The $(item)Mana Splitter$(0) can fix that issue; any $(thing)Mana$(0) received from $(thing)Mana Bursts$(0) will be split evenly into $(l:mana/pool)$(item)Mana Pools$(0)$(/l) placed on adjacent sides.	Любой ботаник в конечном счёте достигает того момента, когда одного $(l:mana/mana_pool)бассейна маны$(/l) уже недостаточно. С решением этой проблемы может помочь $(item)распределитель маны$(0). Если вплотную к его бокам будут стоять несколько $(l:mana/mana_pool)бассейнов маны$(/l), то в момент, когда $(item)распределитель$(0) получит $(thing)ману$(0) через прилетевший $(thing)сгусток маны$(0), он равномерно распределит её по всем $(l:mana/mana_pool)бассейнам$(0).	PASS		Текст естественно читается, сохраняет смысл английского источника и игровые маркеры.	350		
patchouli-lang:botania:botania.page.distributor1	sha256:382cc02a05d7945875d7b3d77c3fd4180fe429aefcff109c5e73b7dee0740941	Crafting the splitter	Создание $(item)распределителя$(0)	PASS		Текст естественно читается, сохраняет смысл английского источника и игровые маркеры.	23		
patchouli-lang:botania:botania.page.divaCharm0	sha256:7e9dea17eef26e66bb6e44e28e563d07ebaa54f045bd77595efd1917a8237e06	The $(item)Charm of the Diva$(0) blesses its wearer with the power to turn attackers on their comrades; it uses $(thing)Mana$(0) to twist the hearts of mobs that harm its wearer, causing them to go after other nearby hostile mobs instead.	$(item)Амулет Дивы$(0) благословляет способностью очарования. Любой моб, атаковавший ботаника с $(item)амулетом$(0), будет очарован, не сможет дальше его атаковать, и нападёт на других враждебных мобов. Каждое очарование тратит $(thing)ману$(0) из инвентаря (например, из $(l:mana/mana_tablets)планшета маны$(0)).	PASS		Текст естественно читается, сохраняет смысл английского источника и игровые маркеры.	253		
patchouli-lang:botania:botania.page.divaCharm1	sha256:7454cb31bf8cefc0e3092e0c4cfeb48a946a61cf85ff85c9a5462044aa339f4c	You shall not disrespect Big Sister	$(o)О, праведное небо!.. Сладкий звук$()	PASS		Текст естественно читается, сохраняет смысл английского источника и игровые маркеры.	33		
patchouli-lang:botania:botania.page.diviningRod0	sha256:726ef50645da2ba8ff1e84218dc72d92a06ebb85e43ff5a6aec663ad8c5ff495	The $(item)Rod of the Plentiful Mantle$(0) has the ability (for a moderate $(thing)Mana$(0) cost) to divine in a modest radius around its user for ores. These will emit a brief glow through walls, allowing them to be easily seen.$(p)Identical ores will glow identical colors, though colors may not be the same over separate uses.	$(item)Скипетр богатства земли$(0) раскрывает положение руд в большом радиусе вокруг игрока, подсвечивая их. Свет вокруг руд можно увидеть сквозь стены. Цвет света не определяет тип руды, а только помогает визуально разделить одно скопление руд от другого, если они стоят вплотную. $(p)Тратит среднее количество $(thing)маны$(0) из инвентаря (например, из $(l:mana/mana_tablets)планшета маны$(0)).	CHANGE	$(item)Жезл Волхвов$(0) за умеренную цену $(thing)Маны$(0) ищет руды в небольшом радиусе вокруг владельца. Найденные руды ненадолго светятся сквозь стены, поэтому их легко заметить.$(p)Одинаковые руды светятся одним цветом, хотя при следующем использовании цвета могут измениться.	Уточнено по английскому источнику и упрощено для игрового текста.	344	253	0.735
patchouli-lang:botania:botania.page.diviningRod1	sha256:254ff12ddf95c9c9b59d34c8a7c1e3bbdce28c66965109d0d9635c77f96541f4	One day Pahimar will deliver	$(o)Однажды у Pahimar всё получится$()	PASS		Текст естественно читается, сохраняет смысл английского источника и игровые маркеры.	31		
patchouli-lang:botania:botania.page.diviningRod2	sha256:142a4b7b049aab661bb13b37503010312aaa7158085d019bcdd416fa63e157ce	This rod can be given to a $(l:devices/avatar)$(item)Livingwood Avatar$(0)$(/l). When so given, the avatar will use its $(thing)Mana$(0) to show all nearby ores continually, as if the rod was being used by a player. Glow colors, in this case, will remain the same so long as the avatar isn't moved.	Этот скипетр может быть дан $(l:devices/avatar)жизнедеревянному идолу$(/l). Используя свой запас $(thing)маны$(0), идол с этим скипетром переодически подсвечивает руду около себя. Длительность свечения не меняется от того, что скипетр использует идол, поэтому свечение не исчезнет, пока идол стоит на месте.$(p)Любых идолов можно отключить подачей редстоун-сигнала.	PASS		Текст естественно читается, сохраняет смысл английского источника и игровые маркеры.	325		
patchouli-lang:botania:botania.page.dodgeRing0	sha256:5b8c043d31d2014bcfdfcea2b34869f71a0a81874d013e51a42db60805798256	The $(item)Ring of Dexterous Motion$(0) is a terrific $(thing)Trinket$(0) to dodge damage during duels. Its wearer can double-tap a movement key to hurl themselves in that direction and dodge incoming attacks/mobs.$(p)Dodging has a short cooldown, and burns some of its user's hunger.	$(item)Кольцо ловких движений$(0) — отличный $(thing)аксессуар$(0) для уклонения от атак в сражениях. Носитель кольца может дважды нажать клавишу движения, чтобы резко уклониться в выбранное направление и избежать атаку.$(p)Уклонение немного тратит голод и у него нет кадров неуязвимости (урон пройдёт, если попытаетесь увернуться сквозь атаку по области).	PASS		Текст естественно читается, сохраняет смысл английского источника и игровые маркеры.	329		
patchouli-lang:botania:botania.page.dodgeRing1	sha256:a982169133ee28f0c7928eff63bbf451429635eb8e2c4aceead32dbf7943c7b1	Dexterity bonus	$(o)+9 к ловкости$()	LENGTH_EXCEPTION	Бонус к ловкости	Уточнено по английскому источнику и упрощено для игрового текста.	13	16	1.231
patchouli-lang:botania:botania.page.dreadthorne0	sha256:98cdc3b3b4c875f56bf178d87bf87a9039b1b43d572783057ecb7ba687cdbedc	The $(item)Dreadthorne$(0) is a slightly more specialized counterpart to the $(l:functional_flowers/bellethorne)$(item)Bellethorne$(0)$(/l): instead of $(o)all$() nearby beings, it only harms $(thing)adult animals$(0).	$(item)Страшношип$(0) — это специализированный $(l:functional_flowers/bellethorne)звоношип$(/l), повреждающий только $(thing)взрослых животных$(0) и больше никого другого.	PASS		Текст естественно читается, сохраняет смысл английского источника и игровые маркеры.	108		
patchouli-lang:botania:botania.page.dreadthorne1	sha256:e8aaaa65ef3f44d4408d4e6e07d0dbe099e258633d618f1330d120f2220e9917	$(o)It's a modus operandi$().	$(o)О, нет, мистер Бонд, я жду, что вы умрёте$()!	PASS		Текст естественно читается, сохраняет смысл английского источника и игровые маркеры.	42		
patchouli-lang:botania:botania.page.dreamwoodSpreader0	sha256:ce006e4b22c41ed648ca203762dd2c9259bf3901945b154e094634a57d5a4d89	When it comes right down to it, $(l:alfhomancy/elf_resources)$(item)Dreamwood$(0)$(/l) simply conducts $(thing)Mana$(0) better than $(l:basics/pure_daisy)$(item)Livingwood$(0)$(/l). A few adjustments in recipe (like substituting $(l:alfhomancy/elf_resources)$(item)Elementium$(0)$(/l) for $(item)Copper$(0)) yield an $(item)Elven Mana Spreader$(0), which conducts more $(thing)Mana$(0), faster, and for longer without $(thing)Mana Loss$(0).$(p)Unfortunately, these can't be turned into $(l:mana/redstone_spreader)$(item)Pulse Mana Spreaders$(0)$(/l).	$(l:alfhomancy/elf_resources)Древесина мечтаний$(/l) проводит $(thing)ману$(0) намного лучше, чем $(l:basics/pure_daisy)жизнедерево$(/l), поэтмоу $(l:mana/spreader)распространитель маны$(/l), собранный из $(item)древесины мечтаний$(0), способен проводить намного больше $(thing)маны$(0) и работает быстрее; момент, когда начинается $(thing)потеря маны$(0) у сгустка, наступает позже. Единственный минус в том, что у него нет версии с редстоуном, аналога $(l:mana/redstone_spreader)редстоунового распространителя маны$(/l).	PASS		Текст естественно читается, сохраняет смысл английского источника и игровые маркеры.	359		
patchouli-lang:botania:botania.page.dreamwoodSpreader1	sha256:ead5d9693d3b39dbd4318b148bfc83d191b053cdb9bc8709d450ab0225db63f2	Better spreaders, that's it	$(o)Просто лучше, вот и всё$()	PASS		Текст естественно читается, сохраняет смысл английского источника и игровые маркеры.	23		
patchouli-lang:botania:botania.page.dreamwoodSpreader2	sha256:d77ddcd2ea0f5ef9ddaa3bea971ef9f7d7bd69884df7a7815a4ede42a7b6a443	Combining this already-powerful spreader with a $(l:alfhomancy/gaia_ritual)$(item)Gaia Spirit$(0)$(/l) and a $(l:alfhomancy/elf_resources)$(item)Dragonstone$(0)$(/l) gem yields an even more potent variant. The $(item)Gaia Spreader$(0) is the gold standard of $(l:mana/spreader)$(item)Mana Spreaders$(0)$(/l), with upgrades pretty much all around.$(p)Do note that these spreaders fire larger payloads at once (and thus might fire less often).	Соединением и без того мощного распространителя с $(l:alfhomancy/gaia_ritual)духом Гайи$(/l) и $(l:alfhomancy/elf_resources)драконьим камнем$(/l) можно получить ещё более мощный распространитель.$(item)Распространитель маны Гайи$(0) является лучшим в своём $(l:mana/spreader)роде$(/l).$(p)Следует отметить, что этот распространитель стреляет большими по объёму сгустками, из-за чего может срабатывать немного реже.	PASS		Текст естественно читается, сохраняет смысл английского источника и игровые маркеры.	310		
patchouli-lang:botania:botania.page.dreamwoodSpreader3	sha256:b57e7dd05bcb5b09277df6f871eb486eacc4e9e9c00ff9032faae3743771a2f4	The ultimate Mana Spreader	$(o)Мана — это топливо, мир переполнен$()	PASS		Текст естественно читается, сохраняет смысл английского источника и игровые маркеры.	34		
patchouli-lang:botania:botania.page.elfGear0	sha256:194ba302653021a1fbe39556884806fd533b28ad9fe81db68d9e7fc91f52be30	Similarly to other metals, $(l:alfhomancy/elf_resources)$(item)Elementium$(0)$(/l) can be shaped into tools and armor.$(p)The respective armor components each have decent damage resistances (same as manasteel armor), as well as the ability to drain $(thing)Mana$(0) to heal damage.	$(l:alfhomancy/elf_resources)Элементий$(/l), как и другие металлы, может быть использован для создании инструментов или брони.$(p)Элементиевое снаряжение неплохо защищает (на уровне железа или $(l:tools/mana_gear)манастали$(/l)) и использует $(thing)ману$(0), чтобы не изнашиваться.	CHANGE	Как и другие металлы, $(l:alfhomancy/elf_resources)$(item)Элементий$(0)$(/l) подходит для инструментов и брони.$(p)Части брони имеют хорошую защиту, как манастальная броня, и могут тратить $(thing)Ману$(0), чтобы восстанавливать прочность.	Уточнено по английскому источнику и упрощено для игрового текста.	207	178	0.860
patchouli-lang:botania:botania.page.elfGear1	sha256:61f06f2a44fbea73de0cf8e1e8103335603398c9ec6d0e2f96fc0ed736dbc577	Each piece of armor will, when its bearer is harmed, have a chance to spawn a $(thing)Pixie$(0) to fly after the aggressor, dealing some decent damage.$(p)The more pieces of $(item)Elementium Armor$(0) equipped, the higher the chance becomes. Additionally, each of the tools in the set comes with its own unique ability.	Каждая часть $(l:alfhomancy/elf_resources)элементиевой$(/l) $(item)брони$(0) увеличивает шанс призвать $(thing)пикси$(0).$(p)$(thing)Пикси$(0) защищает владельца $(l:alfhomancy/elf_resources)элементиевой$(/l) $(item)брони$(0) от агрессоров; появляется, когда владелец пропускает урон.	LENGTH_EXCEPTION	При получении урона каждая часть брони может призвать $(thing)Пикси$(0), которая полетит за нападавшим и нанесёт хороший урон.$(p)Чем больше надето частей $(item)Элементиевой брони$(0), тем выше шанс. У каждого инструмента набора есть собственная способность.	Уточнено по английскому источнику и упрощено для игрового текста.	166	232	1.398
patchouli-lang:botania:botania.page.elfGear10	sha256:30d5fe71af01384909ca2e0ebef5cd7ef903f58a46044370de1706721a328d5f	Finally, the $(item)Elementium Sword$(0), when held, increases the chance of a $(thing)Pixie$(0) spawning when hit (this holds true even when no $(item)Elementium Armor$(0) is worn), and augments the strength of any $(thing)Pixies$(0) spawned.	И наконец, $(item)элементиевый меч$(0), просто находясь в руке, увеличивает силу $(thing)пикси$(0) и повышает шанс её призыва, независимо от того, экипирована $(l:alfhomancy/elf_resources)элементиевая$(/l) $(item)броня$(0)) или нет.	PASS		Текст естественно читается, сохраняет смысл английского источника и игровые маркеры.	164		
patchouli-lang:botania:botania.page.elfGear11	sha256:e664bcdf686282fca0d53fd78e927eca285e49fd23ebe76f99864f8fc1ee7b99	The $(item)Elementium Sword$(0)	$(item)Элементиевый меч$()	PASS		Текст естественно читается, сохраняет смысл английского источника и игровые маркеры.	16		
patchouli-lang:botania:botania.page.elfGear12	sha256:ca2fa884ee7d1f963a367c4232e6147eef582e8c6e229298f842dbf056e1ae97	The $(item)Elementium Helmet$(0)	$(item)Элементиевый шлем$()	PASS		Текст естественно читается, сохраняет смысл английского источника и игровые маркеры.	17		
patchouli-lang:botania:botania.page.elfGear13	sha256:4a76059b1dfb052640361f4096b7bf3d20e597a9b3dbbee94a5ce37e25a45cba	The $(item)Elementium Chestplate$(0)	$(item)Элементиевый нагрудник$()	PASS		Текст естественно читается, сохраняет смысл английского источника и игровые маркеры.	22		
patchouli-lang:botania:botania.page.elfGear14	sha256:8d88eed339c52829b5bb05a44b946f905e726a70766f0f2b438d26f6f1f6ef9a	The $(item)Elementium Leggings$(0)	$(item)Элементиевые поножи$()	PASS		Текст естественно читается, сохраняет смысл английского источника и игровые маркеры.	19		
patchouli-lang:botania:botania.page.elfGear15	sha256:68ce4944401df87671b2a0a1ec39d3f70bb359842edd411e9bf9093628c87a81	The $(item)Elementium Boots$(0)	$(item)Элементиевые ботинки$()	PASS		Текст естественно читается, сохраняет смысл английского источника и игровые маркеры.	20		
patchouli-lang:botania:botania.page.elfGear2	sha256:f65f09795c81bfd4582ef623497b6a1ab66ab2d3d227b86197540209b838171c	First, the $(item)Elementium Pickaxe$(0) will clear away $(item)Cobblestone$(0), $(item)Dirt$(0), $(item)Netherrack$(0), and other common materials, leaving behind only ores and fine resources. Certain blocks are considered $(o)semi-disposable$(), meaning they won't be voided when broken while sneaking. $(p)Combining the $(item)Elementium Pickaxe$(0) with a $(l:tools/terra_pick)$(item)Terra Shatterer$(0)$(/l) in a crafting square allows for the latter to take on the former's power. This can't be undone.	$(item)Элементиевая кирка$(0) расщепляет $(item)булыжник$(0), $(item)землю$(0), $(item)незерак$(0) и другие малоценные блоки, оставляя только руды и полезные ресурсы.$(p)Соединение $(l:tools/terra_pick)терра-крушителя$(/l) и $(item)элементиевой кирки$(0) позволит первой кирке получить особенность второй. Этот изменение необратимо.	LENGTH_EXCEPTION	$(item)Элементиевая кирка$(0) убирает $(item)Булыжник$(0), $(item)Землю$(0), $(item)Адский камень$(0) и другие обычные материалы, оставляя руды и ценные ресурсы. Некоторые блоки считаются $(o)условно расходуемыми$(): при добыче с зажатым Shift они не исчезают.$(p)Соедините $(item)Элементиевую кирку$(0) с $(l:tools/terra_pick)$(item)Землекрушителем$(0)$(/l) на верстаке, чтобы передать способности первой второму. Это необратимо.	Уточнено по английскому источнику и упрощено для игрового текста.	247	327	1.324
patchouli-lang:botania:botania.page.elfGear3	sha256:ced1ab7222529273b5b543be454d3f980e401287fe16be3b57f4518a86fcf6f2	The $(item)Elementium Pickaxe$(0)	$(item)Элементиевая кирка$()	PASS		Текст естественно читается, сохраняет смысл английского источника и игровые маркеры.	18		
patchouli-lang:botania:botania.page.elfGear4	sha256:e1ec6ed0efd45339ecded27e5cf48d3f62f858853c7c869a72dea401c326e3aa	The $(item)Elementium Shovel$(0) will, if the block broken is affected by gravity ($(item)Gravel$(0), $(item)Sand$(0), etc), also destroy all blocks of that material above/below it. No more gravel falling while mining!	$(item)Элементиевая лопата$(0) может выкапывать сыпучие блоки ($(item)гравий$(0), $(item)песок$(0) и так далее), ломая сразу весь столб — сверху донизу. Наконец-то никакого падающего гравия во время раскопок!	PASS		Текст естественно читается, сохраняет смысл английского источника и игровые маркеры.	175		
patchouli-lang:botania:botania.page.elfGear5	sha256:476c37cb2edb1afa1754e18d03fcbfd864bc5a2599697fc54deccbac300a7dc0	The $(item)Elementium Shovel$(0)	$(item)Элементиевая лопата$()	PASS		Текст естественно читается, сохраняет смысл английского источника и игровые маркеры.	19		
patchouli-lang:botania:botania.page.elfGear6	sha256:2afd9a50186f075adc190394732d149497eb2bfe74ecd7ed79d4344df878ccb0	The $(item)Elementium Axe$(0) doubles as a weapon. If used to deal the finishing blow to any $(thing)Zombie$(0) or $(thing)Skeleton$(0) variant, $(thing)Creeper$(0), $(thing)Piglin$(0), or other $(thing)Player$(0), it may decapitate its victim, leaving a severed head or skull behind.$(p)Unlike usual axes, the $(item)Elementium Axe$(0) supports the $(thing)Looting$() enchantment, which will increase the chance of skull drops.	$(item)Элементиевый топор$(0) при использовании в качестве оружия, при добивании $(thing)зомби$(0), $(thing)скелетов$(0), $(thing)криперов$(0),$(thing)пиглинов$(0) и даже других $(thing)игроков$(0), имеет шанс обезглавить жертву, оставляя голову или череп в качестве трофея.$(p)В отличии от обычных топоров, $(item)элементиевый топор$(0) поддерживает чары «$(thing)Добыча$(0)» — шанс обезглавливания зачарованным топором выше.	PASS		Текст естественно читается, сохраняет смысл английского источника и игровые маркеры.	328		
patchouli-lang:botania:botania.page.elfGear7	sha256:02c6af3fe36057a6886031d3804f998a5255487ace2d6d5c708e6a74858e7a80	The $(item)Elementium Axe$(0)	$(item)Элементиевый топор$()	PASS		Текст естественно читается, сохраняет смысл английского источника и игровые маркеры.	18		
patchouli-lang:botania:botania.page.elfGear7a	sha256:686c1e03d1486095ba6b85eb9328bd3bdf797fece0d27eb53c105a8d2f5b1e18	The $(item)Elementium Hoe$(0) will instantly moisten farmland it creates, regardless of proximity to water, or whether water can even exist in the vicinity. Perfect for impatient farmers!	$(item)Элементиевая мотыга$(0) мгновенно увлажняет вспаханную ею пашню, независимо от близости воды или даже возможности её существования поблизости. Отлично подходит для нетерпеливых фермеров!	PASS		Текст естественно читается, сохраняет смысл английского источника и игровые маркеры.	182		
patchouli-lang:botania:botania.page.elfGear7b	sha256:7af4fe7ba276f859fc42ba26fcf466eeafebadf189af936928f44895cdec9a14	The $(item)Elementium Hoe$(0)	$(item)Элементиевая мотыга$()	PASS		Текст естественно читается, сохраняет смысл английского источника и игровые маркеры.	19		
patchouli-lang:botania:botania.page.elfGear8	sha256:005d1b61db54ab9f932aaef69b33f44bdf9a15e27f503678df738c65efab1075	The $(item)Elementium Shears$(0) can, when drawn back like a bow, speedily shear nearby sheep within a large area of effect centered on the holder.	$(item)Элементиевые ножницы$(0) заряжается зажатием [$(k:use)] (как натягивается тетива лука) и при отпускании, стрижёт всех овец в большом радиуса от использующего ножницы.	PASS		Текст естественно читается, сохраняет смысл английского источника и игровые маркеры.	154		
patchouli-lang:botania:botania.page.elfGear9	sha256:b6a37a05c540ad8b7e5c92f8c9da8a5903c6478a9d3b85708edad066746b3c1d	The $(item)Elementium Shears$(0)	$(item)Элементиевые ножницы$()	PASS		Текст естественно читается, сохраняет смысл английского источника и игровые маркеры.	20		
patchouli-lang:botania:botania.page.elfMessage1	sha256:2ad813db8f803c3115a8e547ec4f9a025799d65ba1bda78232cb537316f5e606	$(o)Greetings. We found this book when one of our old portal frames spontaneously opened a link to another world-- quite a shock for us indeed. On behalf of all Elven Garde, we thank you sincerely for providing us with a repository of the knowledge from your world. It's been a while since we had to leave, so it's good to see that it's been doing well.	$(o)Приветствуем! Мы заметили, что наш давно закрытый портал резко открыл связь с другим миром — довольно шокирующая новость для нас, скажу я вам! От имени Эльфийских Садов, сердечно благодарим вас за предоставление энциклопедии вашего мира. Давным-давно нам пришлось уйти в Альвхейм, и было радостно узнать, что старый мир процветает.	PASS		Текст естественно читается, сохраняет смысл английского источника и игровые маркеры.	331		
patchouli-lang:botania:botania.page.elfMessage2	sha256:d801dd8d6396cf72af29bddf36d0b29cfe7efeac8024e408635d8232053babda	"$(o)After extensive discussion within the High Council of Elven Garde, we have decided to cooperate with you. You see, your ""Lexica Botania"" makes references to certain resources from your world that we might be extremely keen to get our hands on-- these resources are simply non-existent in our lands."	$(o)Собранием Верховного совета Эльфийских Садов, мы решили, что будем сотрудничать с вами. Видите ли, в вашей книге «лексикон Ботании» описаны ресурсы, которые нас чрезвычайно интересуют, — они попросту не существуют в наших землях.	PASS		Текст естественно читается, сохраняет смысл английского источника и игровые маркеры.	229		
patchouli-lang:botania:botania.page.elfMessage3	sha256:bcb7675b40b1fba5cab11775b0fa0a8f50bc6a07823e6d75fa0a5fcae5d04a02	$(o)The link you've established is, unfortunately, too weak to transfer living beings-- this seems to be a consequence of the sheer distance between our realms. A pity: we would have liked to meet our trading partner in person. However, on the upside, the link allows us to change the synchronization of time across our worlds-- which is how you will receive your book back so quickly, at least from your perspective.	$(o)Связь, которую вы сумели установить, к сожалению, слишком слаба, чтобы переправить живое существо, — видимо, это следствие огромного расстояния между нашими измерениями. Досадно, нам бы хотелось увидеть нашего торгового партнёра во плоти. Однако у такой связи есть и положительная сторона: она проходит вне ткани времени наших миров. Поэтому вы получите книгу обратно невероятно быстро — по крайней мере, с вашей точки зрения.	PASS		Текст естественно читается, сохраняет смысл английского источника и игровые маркеры.	426		
patchouli-lang:botania:botania.page.elfMessage4	sha256:b25501bcbb3691fdc2b79d4a63867ee98c0d48c5ef40edaca44662a31d13cf91	$(o)We're well-stocked on Mana and other magical energies, so worry not about the portal closing on our end. In fact, to be blunt, our offer is as follows: for the advancement of both of our civilizations, we vow to provide certain resources you lack in your world, in exchange for certain resources from yours that we lack in ours.	$(o)Что касается расхода маны и других магических энергий — у нас большие запасы, так что беспокоиться о закрытии портала с нашей стороны не стоит. Давайте лучше рассмотрим перспективы обеспечения прекрасного будущего обеих цивилизаций. Мы клянёмся, что будем принимать набор нужных нам ресурсов из вашего мира в обмен на ресурсы, которых нет у вас.	PASS		Текст естественно читается, сохраняет смысл английского источника и игровые маркеры.	345		
patchouli-lang:botania:botania.page.elfMessage5	sha256:0a29a917cf0f322ceaa8a360d094cd93f2862e24bde39d9e3949d577d37922f2	$(o)We have taken the liberty of assigning our best scribes to transcribe the bulk of the knowledge from our world into your lexicon. We hope you find it enlightening, and that the knowledge encourages you to invest in our materials.	$(o)Кроме этого, мы сочли уместным дополнить ваш «лексикон Ботании» и доверили нашим лучшим писцам внести знания нашего мира в него. Надеемся, что эти откровения вдохновят вас на новые открытия и пробудят интерес к нашим ресурсам.	PASS		Текст естественно читается, сохраняет смысл английского источника и игровые маркеры.	226		
patchouli-lang:botania:botania.page.elfMessage6	sha256:8ffeb3b0144672f4c8ecbcc9a48544faba29dc1bf75d211100b3520aa55404c7	$(o)Please be forewarned that if you do decide to send us an item we have not vowed to trade for, we will assume it to be a gift and keep it for ourselves. We thank you again, and look forward to exchanging resources with you.$(p)Best Regards, the High Council of Elven Garde.	$(o)И напоследок: если вы отправите нам предмет, не обещанный нами для торговли, мы посчитаем это подарком и оставим его у себя. Благодарим вас ещё раз, мы с нетерпением ждём начала нашего партнёрства.$(p)С наилучшими пожеланиями, Верховный совет Эльфийских Садов.	PASS		Текст естественно читается, сохраняет смысл английского источника и игровые маркеры.	256		
patchouli-lang:botania:botania.page.elfResources0	sha256:77b8af7c9632ef545d7ad2b99d8bd195b99feacaad1947d03979bdda73919521	$(thing)Alfheim$(0) contains a myriad of valuable resources. Unfortunately, most of them are rather scarce due to competition between the various $(thing)Elven$(0) clans. The Elves you have contacted are interested in trading resources native to their lands, such as $(item)Dreamwood$(0), $(item)Elementium$(0), $(item)Pixie Dust$(0) and $(item)Dragonstones$(0).	Земли $(thing)Альвхейма$(0) хранят разные ценные ресурсы, недоступные в $(thing)Мидгарде$(0) (мир людей, наш мир). К сожалению, большинство из них крайне редки и труднодобываемы, и за них идёт ожесточённая борьба между эльфийскими кланами. Клан, с которым вы связались, готов обменять некоторые материалы из их земель — $(item)древесину дерева мечтаний$(0), $(item)элементий$(0), $(item)пыльцу фей$(0) и $(item)драконьи камни$(0) — на ресурсы вашего мира.	PASS		Текст естественно читается, сохраняет смысл английского источника и игровые маркеры.	387		
patchouli-lang:botania:botania.page.elfResources1	sha256:100c0c4faf7ebed3b43b3292f4fefd558204c57527fc322a8f84646dc783df34	$(item)Dreamwood$(0) can also be crafted into decorative blocks like $(l:misc/decorative_blocks)$(item)Livingwood$(0)$(/l) can.	Обмен $(item)древесины мечтаний$(0)	PASS		Текст естественно читается, сохраняет смысл английского источника и игровые маркеры.	24		
patchouli-lang:botania:botania.page.elfResources2.title	sha256:64fe5d808d2549d168067c882b34f3728a4b224e442ba38816930cc861de8fb2	Dreamwood Twigs	Ветки дерева мечтаний	PASS		Текст естественно читается, сохраняет смысл английского источника и игровые маркеры.	21		
patchouli-lang:botania:botania.page.elfResources3	sha256:52cb9da15f7eb42de66c5f9531d4b95add545a23c991294588eee4377039ec21	Trading for $(item)Elementium$(0)	Обмен на $(item)элементий$(0)	PASS		Текст естественно читается, сохраняет смысл английского источника и игровые маркеры.	18		
patchouli-lang:botania:botania.page.elfResources4	sha256:ba26762ca45f89925b9a8c56069317c3f61964bc96a09eaf75a7a1de82957b68	Trading for $(item)Pixie Dust$(0)	Обмен на $(item)пыльцу фей$(0)	PASS		Текст естественно читается, сохраняет смысл английского источника и игровые маркеры.	19		
patchouli-lang:botania:botania.page.elfResources5	sha256:ec6efe0ee2751ad135a177d1b25f9b8f7bb7e06d21e37e56ce39385af8009531	Trading for $(item)Dragonstone$(0)	Обмен на $(item)драконий камень$(0)	PASS		Текст естественно читается, сохраняет смысл английского источника и игровые маркеры.	24		
patchouli-lang:botania:botania.page.elfResources6	sha256:4757f0560edd3f179bf19048ad551ba7e0b10ba67a0e081085eba3c6d48c3ebe	The $(thing)Elves$(0) also have their eyes on that white posh-looking material from the $(thing)Nether$(0), $(item)Nether Quartz$(0), as the stuff they have in their world is tinted green. This quartz holds no functional difference to other types of quartz, including normal $(item)Nether Quartz$(0) and any of its decorative variants.	$(item)Эльфы$(0) крайне заинтересованы гладким белым материалом из $(thing)Незера$(0) — $(item)незер-кварцем$(0): в их мире, кварц имеет светло-зелёный оттенок. Эльфийский кварц не имеет функциональных отличий от других видов кварца. Подробнее о видах кварца в главе «$(l:misc/decorative_blocks)Декоративные блоки$(/l)».	PASS		Текст естественно читается, сохраняет смысл английского источника и игровые маркеры.	254		
patchouli-lang:botania:botania.page.elfResources7	sha256:ef82d0a82171a00a74e0a12918c12b778703d3dd8eda4a1d3d274ad8673efbe6	Trading for $(item)Elven Quartz$(0)	Обмен на $(item)эльфийский кварц$(0)	PASS		Текст естественно читается, сохраняет смысл английского источника и игровые маркеры.	25		
patchouli-lang:botania:botania.page.elfResources8	sha256:b6b23c14f6824c8bb15c60060eb2cd41d5c507c587e24d9e1a9db5fc31e2d4b2	$(thing)Alfheim$(0) also has its own variant of $(item)Glass$(0) called $(item)Alfglass$(0). It's quite transparent, and its patterning looks different depending on where it's placed.$(p)The $(thing)elves$(0) will trade this for $(l:mana/pool)$(item)Managlass$(0)$(/l).	В Альвхейме также изготавливают собственный вид $(item)стекла$(0). $(item)Эльфийское стекло$(0) — это дымчатое светло-бирюзовое люминесцентное (излучающее свет) стекло со случайными узорами (они меняются в зависимости от положения в мире).$(p)$(thing)Эльфы$(0) рады обменять его на $(l:mana/pool)манастекло$(/l).	PASS		Текст естественно читается, сохраняет смысл английского источника и игровые маркеры.	255		
patchouli-lang:botania:botania.page.elfResources9	sha256:c9cefff6e4fb440a584da7df9a07e5f260c1ddf1e7787fe3f7b1ee22ec4b7a55	Trading for $(item)Alfglass$(0)	Обмен на $(item)эльфийское стекло$(0)	PASS		Текст естественно читается, сохраняет смысл английского источника и игровые маркеры.	26		
patchouli-lang:botania:botania.page.elvenLenses0	sha256:59d9737683bb9aae0a76c85d11b46cc0d30d16986eb6320f5da1c77fe87f534e	The knowledge of Alfheim's Mana-handling methods comes, of course, with an array of new and useful $(l:mana/lens)$(item)Mana Lenses$(0)$(/l).$(p)Unlike common overworld-y lenses, these are a bit more distinctive in their uses...	С новыми знаниями из $(thing)Альвхейма$(0) о управлении маны, прибыли и записи о новых и полезных линзах.$(p)В отличие от $(l:mana/lens)обычных линз$(/l), эльфийские имеют довольно необычные применения…	PASS		Текст естественно читается, сохраняет смысл английского источника и игровые маркеры.	167		
patchouli-lang:botania:botania.page.elvenLenses1	sha256:f5085de56f0f93cae081a000e2b0f176cf0267f39fbfc89e94f196d5efeae332	First off, the $(item)Paintslinger Lens$(0). This lens needs to be dyed one of the 16 colors of the spectrum to function. When a burst that's passed through it hits a colorable block ($(item)Wool, Stained Clay$(0) or $(item)Glass$(0)...), it'll turn that block (and any connected blocks of the same type and color) into the color of the $(thing)Mana Burst$(0). It seems to work on $(thing)Sheep$(0) too.	Первая линза — $(item)линза окраски$(0). Для того чтобы она заработала, её нужно покрасить в один из 16 цветов. Когда $(thing)сгусток маны$(0) с её эффектом попадёт в блок, который можно покрасить ($(item)шерсть, терракота/керамика, cтекло$(0)…), сгусток покрасит его и рядом стоящие блоки того же цвета в цвет самого $(thing)сгустка маны$(0). Кажется, это работает и с $(thing)овцами$(0).	PASS		Текст естественно читается, сохраняет смысл английского источника и игровые маркеры.	331		
patchouli-lang:botania:botania.page.elvenLenses10	sha256:ddecd89daf73b8e94d57392375ec03715c14747e9e883c24036978dd6bef33fc	Flare Lens	Линза сияния	PASS		Текст читается естественно, ясно и соответствует английскому источнику.	12		
patchouli-lang:botania:botania.page.elvenLenses11	sha256:d5c36c3490558dad5b7082f8aff43c52c0e97596f406ced6b54ff864a4411564	The $(item)Tripwire Lens$(0) is another $(thing)Control Lens$(0).$(p)A spreader with it attached will only be allowed to fire if the burst would hit a mob or player.	$(item)Линза растяжки$(0) — это ещё одна $(thing)управляющая линза$(0).$(p)Распространитель, к которому она прикреплена, сможет выстрелить только если он целится в любое живое существо, включая игрока.	PASS		Текст естественно читается, сохраняет смысл английского источника и игровые маркеры.	174		
patchouli-lang:botania:botania.page.elvenLenses12	sha256:be41349e872cc419812e56e61065ed1fc3351ede6f053c81dfb0950b3b0e140f	Tripwire Lens	Линза растяжки	PASS		Текст читается естественно, ясно и соответствует английскому источнику.	14		
patchouli-lang:botania:botania.page.elvenLenses2	sha256:356d867c3dda8721c92a7ddb72143241d89077b458dc57c3616cf22ac5ecf66e	Paintslinger Lens	Линза окраски	PASS		Текст естественно читается, сохраняет смысл английского источника и игровые маркеры.	13		
patchouli-lang:botania:botania.page.elvenLenses3	sha256:5aa80303a9cd96b25efb265e118fcf8c08851772c4eb66335c8816967d687f62	The $(item)Warp Lens$(0) is an interesting one. A burst under its effects that collides with a $(l:ender/piston_relay)$(item)Force Relay$(0)$(/l) will teleport to the target of said $(l:ender/piston_relay)$(item)Force Relay$(0)$(/l), maintaining its momentum, but making its $(thing)Mana$(0) irrecoverable.$(p)Furthermore, when it's combined with a $(item)Bore Lens$(0) (the $(item)Bore Lens$(0) must be first), it'll prevent bursts from breaking $(l:ender/piston_relay)$(item)Force Relays$(0)$(/l) or $(item)Pistons$(0), and teleport any blocks broken by the $(item)Bore Lens$(0) to the burst's origin.	Интересна и $(item)линза искажения$(0). Если $(thing)сгусток маны$(0) с её эффектом попадёт в $(l:ender/piston_relay)силовое реле$(/l), сгусток переместится к блоку, привязанному к этому $(item)реле$(0), сохраняя при этом свой импульс/направление, но полностью теряя запас $(thing)маны$(0) внутри. Более того, если объединить эту линзу с $(l:mana/lens#mine)линзой бурения$(/l) ($(item)линза бурения$(0) должна быть первой), то вместе они будет ломать и собирать в источник $(thing)сгустка маны$(0) любые блоки, в которые попадёт сгусток, кроме $(item)силовых реле$(0) и $(item)поршней$(0).	PASS		Текст естественно читается, сохраняет смысл английского источника и игровые маркеры.	446		
patchouli-lang:botania:botania.page.elvenLenses4	sha256:435fbaa7374d8735939c46f3f8bc945e2aa3974d29a6ce1fc15cd92c1a0b4376	Warp Lens	Линза искажения	PASS		Текст читается естественно, ясно и соответствует английскому источнику.	15		
patchouli-lang:botania:botania.page.elvenLenses5	sha256:d9e7b9c61a336fdc415168b682728dfaf9789c28a13cd36e7a3105d7388224b4	A burst affected by the $(item)Redirective Lens$(0) will make any $(l:mana/spreader)$(item)Mana Spreaders$(0)$(/l) or entities it collides with face towards the block or entity that fired the burst.	$(thing)Сгусток маны$(0) с эффектом $(item)линзы перенаправления$(0) направляет любой $(l:mana/spreader)распространитель маны$(/l) или существо, по которому попадёт, в ту сторону, где стоит источник сгустка.	PASS		Текст естественно читается, сохраняет смысл английского источника и игровые маркеры.	161		
patchouli-lang:botania:botania.page.elvenLenses6	sha256:383fa381ebcbe6fd4c4bbe0bd9e74f77b799fb06508467e450d98f3031acf7ce	Redirective Lens	Линза перенаправления	PASS		Текст естественно читается, сохраняет смысл английского источника и игровые маркеры.	21		
patchouli-lang:botania:botania.page.elvenLenses7	sha256:9f7084df100bca59fa316e4f1b1255ed98a605cb4e78dd27ee8fdd89486fbd16	The $(item)Celebratory Lens$(0) functions much like the common $(item)Entropic Lens$(0); however, instead of an explosion, it creates a festive firework dyed the color of the burst.	$(item)Линза торжества$(0) работает почти так же, как и $(l:mana/lens#explosive)линза энтропии$(0), но только вместо взрыва она создаёт праздничный фейерверк, окрашенный в цвет $(thing)сгустка маны$(0).	PASS		Текст естественно читается, сохраняет смысл английского источника и игровые маркеры.	151		
patchouli-lang:botania:botania.page.elvenLenses8	sha256:a457b7c60944b3a70119d14bb45655a8332f5af0ab286644b7a524a3a41a025f	Celebratory Lens	Линза торжества	PASS		Текст естественно читается, сохраняет смысл английского источника и игровые маркеры.	15		
patchouli-lang:botania:botania.page.elvenLenses9	sha256:0b33f4f667a0ada1305d2ac0b64b334e898c295d843b5e7da4e17d14d9ecf190	The $(item)Flare Lens$(0) takes over a $(l:mana/spreader)$(item)Mana Spreader$(0)$(/l)'s functionality, preventing it from firing any bursts. This type of lens is called a $(thing)Control Lens$(0).$(p)The effect of this particular $(thing)Control Lens$(0) is to make the spreader fire a continuous particle burst of the color the lens is dyed, in the direction the spreader is aimed. No mana is consumed; there're surely plenty of decorative uses for this.	$(item)Линза сияния$(0) берёт под контроль $(l:mana/spreader)распространитель маны$(/l) и отключает запуск любых сгустков из него. Такой тип линз называется «$(thing)управляющим$(0)»$(p)Эффект конкретно этой $(thing)управляющей линзы$(0) — перезаписывание $(thing)сгустков маны$(0) распространителя на струю частиц, окрашенную в цвет линзы и направленную по повороту распространителя.$(p)Ещё и не тратит ману — сколько у этой линзы декоративных применений зависит только от пользователя!	PASS		Текст естественно читается, сохраняет смысл английского источника и игровые маркеры.	409		
patchouli-lang:botania:botania.page.elvenLore0	sha256:5a167c5eb583410dc0af491f272af60544f61a4971c6648100de4f8082e9484e	$(o)This entry appears to be a set of papers torn out of an Elven Garde tome. While it may prove useful for learning about history, it's doubtful that it will provide any insight into the study of botany.	$(o)Эта запись выглядит как набор страниц, вырванных из книги Эльфийского Сада. Хотя может быть полезно изучить историю, но маловероятно, что эти записи дадут какую-либо пользу в ботанических изысканиях.	PASS		Текст естественно читается, сохраняет смысл английского источника и игровые маркеры.	199		
patchouli-lang:botania:botania.page.elvenLore1	sha256:31e6acfa741ec47fa4839445e8c97236f10d14d618f2f3b685636ccabf05b906	It has been millenia since the event known as The Shattering tore the worlds asunder. Very few know the truth of what happened on that day, and this account seeks to remedy that.	Уже прошло около тысячелетия с тех пор, как Раскол порвал связи между мирами. Очень немногие знают правду о том, что произошло в тот день: эти записи должны помочь развеять тайну.	PASS		Текст естественно читается, сохраняет смысл английского источника и игровые маркеры.	179		
patchouli-lang:botania:botania.page.elvenLore2	sha256:ef7d89184f12541392309a90caab51f817fd0afbc87a86677881779c33e8edc1	It began when Nidavellir was struck by an earthquake that collapsed the majority of the realm. While the Dwarves' incredible strength and durability allowed them to survive and preserve certain things, most of their technology and culture was lost to the void between worlds.	Всё началось, когда Нидавеллир был потрясён землетрясением, которое разрушило большую часть мира. Хотя невероятная сила и стойкость дворфов позволили им выжить и сохранить свою идентичность, большая часть их технологий и культуры была утрачена в пустоте между мирами.	PASS		Текст естественно читается, сохраняет смысл английского источника и игровые маркеры.	267		
patchouli-lang:botania:botania.page.elvenLore3	sha256:0db539fce826cf3c9dd9a810cb533b3c7e6b5e7c4e72199c437d4850fa8be116	This disturbance caused Muspelheim to break free from its tether on the World Tree herself. It crashed into the far realm of Midgard, fusing with it in a storm of fire that left no life remaining there. Many of us believe that the goddess Hel had a hand in Muspelheim's fall, but no concrete evidence was ever found.	Эта катастрофа привела к тому, что Муспельхейм освободился от связи с Мировым Древом. Он врезался в далёкий мир Мидгард и слился с ним в буре огня, не оставив в нём ни следа жизни. Многие из нас подозревают, что богиня Хель повлияла на падение Муспельхейма, но конкретных доказательств этому найдено не было.	PASS		Текст естественно читается, сохраняет смысл английского источника и игровые маркеры.	308		
patchouli-lang:botania:botania.page.elvenLore4	sha256:8eb57b0f518681270d30d55196a8b67c0f81efe0fedb381ba693ea1bc84b2035	The quakes managed to reach Jotunheim, cracking the earth and massacring the Giants. We do not know whether they have truly died out, but the Giants have not resurfaced since. Niflheim remained perfectly still, despite Muspelheim's fall-- a major factor in the theories about Hel. However, since it contains no known life besides the goddess herself, we are unworried about any damage incurred there.	Страшные землетрясения достигли Йотунхейма, и, видимо, уничтожили великанов. Мы не знаем, вымерли ли они на самом деле, но с тех пор мы не находили следов великанов. Нифльхейм остался совершенно нетронутым, несмотря на падение Муспельхейма — важная деталь в теории о роли Хель. Однако, поскольку в Нифльхейме, помимо самой богини, нет известных живых существ, нас не беспокоит возможно возникший там ущерб.	PASS		Текст естественно читается, сохраняет смысл английского источника и игровые маркеры.	406		
patchouli-lang:botania:botania.page.elvenLore5	sha256:99fc484749903436796f809acdd1df73c7d552e84902371b104484ae59b65f45	We of Alfheim were dealt a great blow, but some worse than others. As the Salamander and Undine clans depend greatly on their respective volcanic and aquatic environments, the disruption of those environments decimated the population. Conversely, the Sylph, being a nomadic clan who preferred the sky to the land, remained largely unscathed. Their cousins the Spriggan, nomads as well, were also able to survive relatively intact.	Мы, жители Альвхейма, понесли огромные потери, но некоторые из нас пострадали сильнее других: так, поскольку кланы Саламандр и Ундин в значительной степени зависят от своей связи с вулканическими и водными средами, возмущение этих сред уничтожило их население. Напротив, Сильфы, являясь кочевым кланом предпочитающим небо земле, остались в значительной степени нетронутыми. Их родичи, Спригганы, также кочевники, вышли из катастрофы относительно целыми.	PASS		Текст естественно читается, сохраняет смысл английского источника и игровые маркеры.	453		
patchouli-lang:botania:botania.page.elvenLore6	sha256:702e4dd3652105542497d73cfe7c748f841d5f5249aa193dbf244d995704284a	Our Sylph emissary to Asgard, Allewyn, witnessed the beginning of it all: Thor turning Mjölnir upon the Bifrost, shattering it. Her command to evacuate our entire Midgardian population saved thousands of lives. Although she seemed outwardly unharmed as she arrived on the crest of a wave of crumbling Bifrost to warn us, the toll of the journey caused her to pass away shortly after.	Наш сильфийский посол в Асгард, Аллевин, стала свидетельницей начала всего: Тор, использовав Мьёльнир на Бифросте, разрушил его. Её приказ об эвакуации всего населения Мидгарда, нашего дома, спас тысячи жизней. Несмотря на то, что она прибыла к нам на гребне волны, обрушившей Бифрост, и казалась внешне невредимой, тяжесть путешествия вскоре привела к её смерти.	PASS		Текст естественно читается, сохраняет смысл английского источника и игровые маркеры.	363		
patchouli-lang:botania:botania.page.elvenLore7	sha256:2cb80d4d69ae1c5016b3f4c0ba1f00a17c5ea1ac7f9a6b61a1716ff0f5ba90bc	What concerns us now is the state of Midgard. As the Bifrost can no longer give us access to that world, we cannot observe it directly. However, the Mana left behind as we fled surely has brought about new life, as it always does. Whether it be animal, floral, or fungal, and whether it be natural or magical in nature, we hope that life will be intelligent enough to harness what we left behind.	Сейчас нас беспокоит состояние Мидгарда. Поскольку Бифрост больше не соединяет нас с этим миром, мы не можем наблюдать его напрямую. Однако мана, оставшаяся после нашего бегства, несомненно родила новую жизнь, как это всегда и происходит. Будь то животная, растительная или грибная жизнь, естественная или магическая, мы надеемся, что эта жизнь окажется достаточно развитой, чтобы с умом использовать наше наследие.	PASS		Текст естественно читается, сохраняет смысл английского источника и игровые маркеры.	415		
patchouli-lang:botania:botania.page.enderAir0	sha256:3678832e95369ff60dd07f4535522c68bec7eb5de0031d057e1d1e67988db401	The air present in the void of the $(thing)End$(0) seems to have mutative properties. Right-clicking with an empty $(item)Glass Bottle$(0) while in the $(thing)End$(0) will capture some of that air, which can then later be tossed like a splash potion, turning nearby $(item)Stone$(0) at the landing point into $(item)End Stone$(0). $(p)$(item)Dispensers$(0) can also capture this air, if nothing is blocking the area above the output.	Воздух $(thing)Энда$(0), кажется, обладает некоторыми мутационными свойствами. Нажатие [$(k:use)] с пустой $(item)бутылочкой$(0) в $(thing)Энде$(0), наберёт воздух в $(item)пузырёк$(0). $(item)Пузырёк с воздухом Энда$(0) можно метнуть, причём вытекший воздух из разбитого пузырька может превратить $(item)камень$(0) в $(item)эндерняк$(0).$(p)$(item)Раздатчики$(0) тоже могут наполнять $(item)бутылочки$(0), если ничто не блокирует сопло раздатчика.	PASS		Текст естественно читается, сохраняет смысл английского источника и игровые маркеры.	335		
patchouli-lang:botania:botania.page.enderAir1	sha256:f491decb712dd859af58f7ecbdab5a4cae7996b923254ef0f6a328c3c62cc23a	"It's been ""experimentally"" determined that the gases of the $(thing)End$(0) void, when mixed with plain $(thing)Overworld$(0) air, are quite toxic to certain $(thing)Nether$(0) mobs such as the $(thing)Ghast$(0).$(p)While the amount stored in an $(item)Ender Air Bottle$(0) is much too small to deal any real damage, it's certainly effective as an irritant.$(p)Especially if it manages to get in the eyes."	Экспериментально было установлено, что газы пустоты $(thing)Энда$(0), смешанные с воздухом $(thing)верхнего мира$(0), весьма токсичны для некоторых существ из $(thing)Незера$(0), например $(thing)гаста$(0).$(p)Хотя количество, хранящееся в $(item)пузырьке с воздухом Энда$(0), слишком мало, чтобы нанести серьёзный урон, воздух определённо эффективен в качестве раздражителя.$(p)Не используйте на свои камни в почках.	CHANGE	«Опыты» показали, что газы пустоты $(thing)Энда$(0), смешанные с обычным воздухом $(thing)Верхнего мира$(0), довольно ядовиты для некоторых существ $(thing)Незера$(0), например для $(thing)Гаста$(0).$(p)В $(item)Пузырьке с воздухом Энда$(0) слишком мало газа, чтобы причинить настоящий вред, но как раздражитель он весьма действенен.$(p)Особенно если попадёт в глаза.	Уточнено по английскому источнику и упрощено для игрового текста.	350	300	0.857
patchouli-lang:botania:botania.page.enderDagger0	sha256:68f8ebc3478d26f736048774b4851d27c300ca2cb4059dd6f5a72916818b368b	Those $(thing)Endermen$(0). They're the peskiest things since $(thing)Creepers$(0). (I swear, whoever came up with those things really needs to take it down a $(o)notch$().)$(p)However, a dagger crafted from a material with their energies can tear through them like a thousand-degree knife through butter.	Ох уж эти $(thing)эндермены$(0)… Для меня они вторые по «бесячести» сразу после $(thing)криперов$(0). Клянусь, что человек, который подсказал $(o)Нотчу$(0) их создать, был в стельку.$(p)Тем не менее, влив в стандартный кинжал немного энергии, можно создать $(item)бесплотный резчик$(0), который даже $(item)эндермена$(0) заставит плакать.	PASS		Текст естественно читается, сохраняет смысл английского источника и игровые маркеры.	280		
patchouli-lang:botania:botania.page.enderDagger1	sha256:c8e1a4c2647b5c975b9b37c992cf4ca2603e62f1bb36796cfc0d56b828b240dc	Due to the concentration of energy, though, the dagger's only good for a few kills, and its compactness prevents the $(item)Manasteel$(0) in its recipe from healing with $(thing)Mana$(0), the way typical tools would. Still, killing those elongated thieves is worth the trouble.	Из-за критической концентрации энергии, прочности кинжала хватит только на несколько убийств, а из-за его размеров $(item)манасталь$(0) в структуре не может впитать $(thing)ману$(0), чтобы восстановить повреждения, как это делают обычные манастальные инструменты.$(p)Но с этим можно смириться, только избавиться бы от этих гадов.	PASS		Текст естественно читается, сохраняет смысл английского источника и игровые маркеры.	302		
patchouli-lang:botania:botania.page.enderDagger2	sha256:a2fada9528f506512c0026556c078876abc4ee1b2ac29fcdcecb80f6561f6e31	Strike my Soul	$(o)Секретная слабость: после удара надо бегать от страшной дылды по лесу, собирая детские рисунки$()	CHANGE	Пронзи мою душу.	Сокращено и приведено к естественной игровой формулировке по английскому источнику.	94	16	0.170
patchouli-lang:botania:botania.page.enderEyeBlock0	sha256:80207a27ddccbdcad66dbcac467131aeb2d6a8f1d1ffcf0656c5213005373fbe	The eyes of $(thing)Ender$(0) creatures have a peculiar sensitivity to the gaze of certain beings. A block crafted from said eyes will output a redstone signal if a player within a 64 block radius looks directly at it.$(p)Of course, said player donning a $(item)Pumpkin$(0) will prevent the block from triggering.	Глаза $(thing)эндерменов$(0) имеют уникальную чувствительность к слежке. $(item)Эндер-наблюдатель$(0) использует эту способность: он подаёт $(thing)редстоун-сигнал$(0), если игрок находящийся в пределах 64 блоков, посмотрит прямо на него.$(p)Надетая на голову $(item)тыква$(0) нейтрализует этот эффект.	PASS		Текст естественно читается, сохраняет смысл английского источника и игровые маркеры.	252		
patchouli-lang:botania:botania.page.enderEyeBlock1	sha256:bdf3c9907bdccdf670f7e0531ee53279848e6a61f012c930c922671f6720b641	MY BRAND	$(o)Не подглядывай$()	PASS		Текст естественно читается, сохраняет смысл английского источника и игровые маркеры.	14		
patchouli-lang:botania:botania.page.enderHand0	sha256:516a370962aae1d450844f746d333e59c631c2f109f93be981ace43818a028ec	The $(item)Hand of Ender$(0) allows its user to access their interdimensional Ender subspace pocket; in other words, their $(item)Ender Chest$(0) inventory. Said inventory can be opened with some $(thing)Mana$(0) by right-clicking with the Hand, no matter the place.$(p)Using the hand on another player will use substantially more $(thing)Mana$(0), but will open $(o)their$() inventory instead.	$(item)Эндер-рука$(0) открывает путь к силовым полям эндер-меж-подпространства (ну и название), другими словами, даёт доступ к инвентарю $(item)эндер-сундука$(0). Просто взяв $(item)руку$(0) и нажав [$(k:use)] можно открыть этот самый инвентарь эндер-сундука откуда угодно, при чём потратится совсем немного $(thing)маны$(0).$(p)Использование $(item)эндер-руки$(0) на другого игрока, откроет его инвентарь вместо вашего, но $(thing)маны$(0) потребуется гораздо больше.	CHANGE	$(item)Рука Края$(0) открывает владельцу межпространственный карман Энда, то есть инвентарь его $(item)Эндер-сундука$(0). Нажмите ПКМ с рукой где угодно, потратив немного $(thing)Маны$(0), чтобы открыть этот инвентарь.$(p)Применение руки к другому игроку расходует гораздо больше $(thing)Маны$(0), зато открывает $(o)его$() инвентарь.	Уточнено по английскому источнику и упрощено для игрового текста.	388	277	0.714
patchouli-lang:botania:botania.page.enderHand1	sha256:b5c845eedb5036534aaabf0251ee29ec9791378bde3a40ccde6e430c4b8077e3	It's like the 5G of Ender Chests	$(o)Это как 5G, но для эндер-сундуков$()	PASS		Текст естественно читается, сохраняет смысл английского источника и игровые маркеры.	33		
patchouli-lang:botania:botania.page.enderHand2	sha256:f7c6a88715724d19ba8be2b1da26bf5396a424ff3b4a37c59e258a5943320f12	Furthermore, a $(item)Hand of Ender$(0) automatically provides the $(l:tools/exchange_rod)$(item)Rod of the Shifting Crust$(0)$(/l) access to its user's $(item)Ender Chest$(0)'s contents, for a small $(thing)Mana$(0) cost per block.	К тому же, с небольшой затратой $(thing)маны$(0) за блок, $(l:tools/exchange_rod)скипетр сдвига коры$(/l) автоматически получает доступ к инвентарю $(item)эндер-сундука$(0) пользователя, если у него есть $(item)эндер-рука$(0).	CHANGE	Кроме того, $(item)Рука Края$(0) автоматически даёт $(l:tools/exchange_rod)$(item)Жезлу Обмена$(0)$(/l) доступ к содержимому $(item)Эндер-сундука$(0) владельца, расходуя немного $(thing)Маны$(0) за каждый блок.	Уточнено по английскому источнику и упрощено для игрового текста.	164	137	0.835
patchouli-lang:botania:botania.page.endoflame0	sha256:bc38cbe1577b426894a0df256c32897d6c5c5e97bbb95fc17c70e3672230fdc4	The $(item)Endoflame$(0) is a very rudimentary $(thing)generating flower$(0); it'll absorb any combustible items or blocks dropped on the nearby vicinity, one at a time, and burn through them to generate a trickle of $(thing)Mana$(0).$(p)The amount of time it takes to burn through an item is roughly half of the time a $(item)Furnace$(0) would.	$(item)Эндопламя$(0) — очень просто $(thing)генерирующий цветок$(0); он по одному сжигает любые выброшенные горючие предметы или блоки, и превращает их в $(thing)ману$(0).$(p)Эндопламя сжигает предметы примерно в два раза быстрее, чем $(item)печь$(0).	PASS		Текст естественно читается, сохраняет смысл английского источника и игровые маркеры.	201		
patchouli-lang:botania:botania.page.endoflame1	sha256:797a2672a36c9e33dcde9fb039233657d4504c8eec898c8e79410c844ad5996c	There're a few small caveats though: the $(item)Endoflame$(0) will not burn anything that leave byproducts in $(item)Furnaces$(0) (e.g. $(item)Lava Buckets$(0), which leave $(item)Buckets$(0) behind).$(p)Furthermore, the flower can only burn around two $(item)Block of Coal$(0)s' worth of fuel at once. If any single fuel item with a longer burn time is used, its full efficiency will be lost.	Есть только небольшие примечания: $(item)эндопламя$(0) не сжигает предметы, оставляющие после себя остатки в $(item)печи$(0) (например, как $(item)ведро лавы$(0) оставляет $(item)ведро$(0)).$(p)Потом, цветок может эффективно сжечь только топливо, равноценное 2 $(item)угольным блокам$(0). Если использовать топливо с более длительным горением, то лишнее время бесполезно исчезнет.	PASS		Текст естественно читается, сохраняет смысл английского источника и игровые маркеры.	321		
patchouli-lang:botania:botania.page.endoflame2	sha256:be67d31c26800e3de194317c4ff72ccc201499bb1729b3769ab93614aa8a6412	$(o)When arson becomes useful$().	$(o)Предумышленный поджог, за который вознаграждают$()	PASS		Текст естественно читается, сохраняет смысл английского источника и игровые маркеры.	47		
patchouli-lang:botania:botania.page.endoflame3	sha256:18bf42ddf353cd3fa2289d1bbf1148308749c88fc6caf78a631372368191f4d8	As the $(item)Endoflame$(0) is often a botanist's first foray into proper automatable $(thing)Generating Flora$(0), it shouldn't be run manually forever. As the flower requires dropped items, an $(l:devices/open_crate)$(item)Open Crate$(0)$(/l) (found in the $(thing)Natural Apparatus$(0) section of this book) and some sort of output limiter (a timer or pressure plate) would be ideal for it.	Поскольку $(item)эндопламя$(0) часто является первым опытом ботаника в надлежащей автоматизации $(thing)генерирующей флоры$(0), его нельзя всегда управлять вручную. Поскольку цветок питается выброшенными предметами, для него идеально подходит связка $(l:devices/open_crate)открытого ящика$(0) (из раздела «$(l:devices)Природные приборы$(/l)»), с каким-либо ограничивающим механизмом (таймер или нажимная плита).	PASS		Текст естественно читается, сохраняет смысл английского источника и игровые маркеры.	344		
patchouli-lang:botania:botania.page.entropinnyum0	sha256:f0cd8bfe2d301b502b1606090d76251c2c8e2183a4020c0726074258998c9a91	To generate a blast of $(thing)Mana$(0), in fact, a blast might be required. Igniting a block of $(item)TNT$(0) on dry land near an $(item)Entropinnyum$(0) will have the latter absorb all the entropy generated by the blast, converting it into $(thing)Mana$(0) and nullifying any damage in the process. However, to absorb the explosion, the flower must not have any $(thing)Mana$(0) stored in it-- otherwise, explosions as usual.	Для взрывного подъёма $(thing)маны$(0) в действительности может потребоваться что-нибудь взорвать.$(p)$(item)Энтропиннум$(0) поглотит всю энергию взрыва $(item)динамита$(0), только если он взорвался не в воде, при этом не даст $(item)динамиту$(0) нанести урон окружению. Поглощённую энергию, он конвертирует в $(thing)ману$(0). Нужно, чтобы буфер цветка не был заполнен, иначе взрыв не будет поглощён и подорвёт всё окружение.	PASS		Текст естественно читается, сохраняет смысл английского источника и игровые маркеры.	365		
patchouli-lang:botania:botania.page.entropinnyum1	sha256:c93e77c4afb139b8836453b3e567c35ef620e7cff852b1a6a60685d00459d856	$(o)Cool guys don't look at explosions$().	$(o)Крутые парни не смотрят на взрывы$()	PASS		Текст естественно читается, сохраняет смысл английского источника и игровые маркеры.	33		
patchouli-lang:botania:botania.page.entropinnyum2	sha256:9a9418ca0a2a5ba77095dc086518dc122f6b9dac8a4b412a995d185bae6a0d8f	Note that the Entropinnyum has taken a liking to $(o)ethically-sourced$() TNT, produced by natural means. Feeding the flower unethically-sourced (for example, duplicated) TNT will incur a severe efficiency loss.	Важно, что $(item)энтропинниум$(0) предпочитает $(o)этично добытый$() динамит, произведённый обычным путём. Неэтично добытый (например, дюпнутый) динамитом значительно снижает эффективность цветка.	PASS		Текст естественно читается, сохраняет смысл английского источника и игровые маркеры.	179		
patchouli-lang:botania:botania.page.exchangeRod0	sha256:ea7f55da61ad71b5f2f63e4cc34265b4c9ff225363501c9ddb60d908fb683eec	The $(item)Rod of the Shifting Crust$(0) is a magical device with the ability to swap blocks in the world at very high speeds. To set up the rod, sneak-right click a block to select it.$(p)After a block is selected, punching any other block in the world with the rod will use $(thing)Mana$(0) to swap it for the selected block (assuming the latter is present in the user's inventory).	$(item)Скипетр сдвига коры$(0) — это мистический инструмент, способный заменять блоки в мире в мгновение ока. Нужно [$(k:sneak)+$(k:use)] по блоку с мире, чтобы выбрать его как блок, на который скипетр будет заменять другие.$(p)Как блок будет выбран, например $(item)дубовые доски$(0), нажатие [$(k:attack)] по любому другому блоку в мире скипетром поменяет его на $(item)дубовые доски$(0) (если доски есть в инвентаре).	CHANGE	$(item)Жезл Обмена$(0) быстро заменяет блоки в мире. Чтобы настроить его, присядьте и нажмите ПКМ по блоку, чтобы выбрать его.$(p)Затем ударьте жезлом по другому блоку: за $(thing)Ману$(0) он заменится выбранным блоком, если тот есть в инвентаре.	Уточнено по английскому источнику и упрощено для игрового текста.	354	219	0.619
patchouli-lang:botania:botania.page.exchangeRod1	sha256:52d64fead81b220073ca40260ee5f82e7a7eb691256dcfc5a863e7ae16ef985b	Right-clicking a block in the world will perform a larger transformation, swapping all highlighted blocks with the selected one. Blocks being placed (obviously) come from the user's inventory, and require $(thing)Mana$(0) for placement. Only proper, full-sized blocks can be used for this swap-- no flowers, torches, or other shenanigans of that sort, though slabs are fine.$(p)Very hard blocks may consume more $(thing)Mana$(0) to be replaced.	Продолжая пример с досками, нажатие [$(k:use)] меняет все блоки в выделенной области на доски. Все замены блоков тратят $(thing)ману$(0) из инвентаря (например, из $(l:mana/mana_tablet)планшета маны$(/l)). Очень твёрдые блоки тратят больше $(thing)маны$(0).$(p)Для обмена можно использовать только полноразмерные блоки (плиты и ступеньки подходят; факелы, цветы, таблички и тому подобное — нет).	CHANGE	Нажатие ПКМ по блоку запускает большую замену: все выделенные блоки заменятся выбранным. Блоки берутся из инвентаря и требуют $(thing)Ману$(0). Подходят только обычные полные блоки: нельзя использовать цветы, факелы и подобное, но плиты можно.$(p)На замену очень твёрдых блоков может уйти больше $(thing)Маны$(0).	Уточнено по английскому источнику и упрощено для игрового текста.	333	285	0.856
patchouli-lang:botania:botania.page.exchangeRod2	sha256:10b9428daf9bcc73361496c107a9ba4c7035344b42fb897c09ab70031df0d826	Other rods or devices can supply blocks to the $(item)Rod of the Shifting Crust$(0).$(p)For example, a $(l:tools/dirt_rod)$(item)Rod of the Lands$(0)$(/l) in a user's inventory will provide their $(item)Rod of the Shifting Crust$(0) with an endless supply of $(item)Dirt$(0) (assuming sufficient $(thing)Mana$(0) to conjure each dirt block, of course).$(p)If replacing a cubical area is not desired, using the $(l:tools/temperance_stone)$(item)Stone of Temperance$(0)$(/l) can reduce it to a plane of blocks.	Некоторые скипетры и устройства могут быть использованы в связке со $(item)скипетром сдвига коры$(0). Далее написаны лишь примеры, а не все возможные устройства.$(p)Так, наличие $(l:tools/dirt_rod)скипетра лугов$(0) в инвентаре обеспечивает $(item)скипетр сдвига коры$(0) бесконечным запасом блоков $(item)земли$(0) (но при этом, $(item)мана$(0) всё равно будет тратится). $(l:tools/temperance_stone)Камень сдержанности$(/l), в свою очередь, ограничивает замену скипетром скопления блоков до плоскости толщиной в один блок.	PASS		Текст естественно читается, сохраняет смысл английского источника и игровые маркеры.	420		
patchouli-lang:botania:botania.page.exchangeRod3	sha256:e1521a0346ae132f5027191db4dcfc6c7b6c02b8024dfeb2039ea4b83b4331cd	Bootlegged equal trade	$(o)Мы одни из вас, вы одни из нас$()	PASS		Текст естественно читается, сохраняет смысл английского источника и игровые маркеры.	30		
patchouli-lang:botania:botania.page.exoflame0	sha256:535ed655df4e456103e429f4c685ce755053707ddabceb314dd80b375292ec08	Conversely to its $(thing)Generating$(0) counterpart, the $(item)Exoflame$(0) uses $(thing)Mana$(0) to generate heat.$(p)Any $(item)Furnaces$(0) near an active $(item)Exoflame$(0) are fueled and given a speed boost.	В отличие от своего генерирующего брата — $(l:generating_flowers/endoflame)эндопламени$(0) — $(item)экзопламя$(0) использует $(thing)ману$(0) для генерации тепла, а не наоборот. $(p)Любые $(item)печи$(0), находящиеся рядом с $(item)экзопламенем$(0), будут заправлены магическим топливом и получат бонус к эффективности.	PASS		Текст естественно читается, сохраняет смысл английского источника и игровые маркеры.	233		
patchouli-lang:botania:botania.page.exoflame1	sha256:721b90ebbb743ad828d45d596eca93c31fa1a3465180a90e1e30b6710cf8db2b	$(o)But we should be going nowhere fast$().	$(o)И зажигать пьяные звёзды$()	PASS		Текст естественно читается, сохраняет смысл английского источника и игровые маркеры.	24		
patchouli-lang:botania:botania.page.fIntro0	sha256:fa716d5b225168924936973acf729f5c0d0f2e6ab7ebc2475fcc9d0fed3a900f	There are myriad uses for the $(thing)Mana$(0) a botanist generates, notably as the fuel for an assortment of $(thing)Functional Flora$(0).$(p)These flowers will drain $(thing)Mana$(0) from a nearby $(l:mana/pool)$(item)Mana Pool$(0)$(/l) into themselves to perform their respective functions.$(p)Note that flowers can't receive power directly through $(l:mana/spreader)$(item)Mana Spreaders$(0)$(/l).	У $(thing)маны$(0), собранной ботаником, есть мириады применений. Одно из основных — питание $(thing)функциональных цветов$(0).$(p)Такие цветы всасывают $(thing)ману$(0) из ближайших $(l:mana/pool)бассейнов маны$(/l), чтобы выполнить свою функцию.$(p)Стоит отметить, что они не могут получать энергию непосредственно через $(l:mana/spreader)распространители маны$(/l).	PASS		Текст естественно читается, сохраняет смысл английского источника и игровые маркеры.	282		
patchouli-lang:botania:botania.page.fIntro1	sha256:5b14b28d12b2cbeacdd31f9ba6944fe0b752caf4e72baffd8a043a5e2b94e608	All $(thing)Functional Flora$(0), just like $(thing)Generating Flora$(0), contain a small buffer of $(thing)Mana$(0).	Вся $(thing)функциональная флора$(0), также как и $(thing)генерирующая флора$(0), имеет собственный небольшой буфер $(thing)маны$(0).	PASS		Текст естественно читается, сохраняет смысл английского источника и игровые маркеры.	97		
patchouli-lang:botania:botania.page.fIntro2	sha256:d8bad0cca25416f2359c40c414fc70fce9f83b5ca467f2807e362e461487bfc4	Flowers bind to only one $(l:mana/pool)$(item)Mana Pool$(0)$(/l) at a time. When placed, they'll bind to the nearest pool (or the closest placed afterward, if none were in range), and should be re-bound with a wand in $(thing)Bind Mode$(0).	Цветы привязываются только к одному $(l:mana/pool)бассейну маны$(/l), из которого они впервые зачерпнули $(thing)ману$(0). Обычно это или $(thing)ближайший бассейн$(0), который стоял, когда цветок только поставили, или $(thing)первый бассейн$(0), который поставили около цветка, если до этого не было.$(p)Сменить привязку цветка можно $(l:basics/wand)жезлом леса$(/l) в $(thing)режиме привязки$(0).	PASS		Текст естественно читается, сохраняет смысл английского источника и игровые маркеры.	306		
patchouli-lang:botania:botania.page.fIntro3	sha256:074f860eb0bebcd4dfaea7c2a2a240e9e1b5f7af4c8316fc000aedb3652c835a	Additionally, some functional flowers use a $(item)Redstone Root$(0) in their creation. These flowers' effects can be toggled with redstone signals.	Некоторые функциональные цветы используют $(item)редстоуновый корень$(0) в рецепте изготовления. Эффекты таких цветов переключаются редстоун-сигналом.	PASS		Текст естественно читается, сохраняет смысл английского источника и игровые маркеры.	139		
patchouli-lang:botania:botania.page.fIntro4	sha256:20498fd6567f8e779dae10feec64ed299210be5f52294df10a296ebc4561cad1	$(item)Redstone Root$(0) for Redstone Control	$(item)Редстоуновый корень$(0) для контроля цветов редстоун-сигналами	PASS		Текст естественно читается, сохраняет смысл английского источника и игровые маркеры.	58		
patchouli-lang:botania:botania.page.fallenKanade0	sha256:bddd70a1a13c173fe75f7f171dc3650144f555804447518e5f34c58a5091187a	The $(item)Fallen Kanade$(0) is a flower with angelic properties; it creates an aura of healing from $(thing)Mana$(0) to apply a regeneration effect to any $(thing)players$(0) and $(thing)tamed pets$(0) nearby.	$(item)Павшая Канадэ$(0) — это цветок с ангельскими свойствами: из $(thing)маны$(0), он создаёт ауру регенерации вокруг себя, лечащую только $(thing)ботаников$(0) и их $(thing)питомцев$(0).	PASS		Текст естественно читается, сохраняет смысл английского источника и игровые маркеры.	142		
patchouli-lang:botania:botania.page.fallenKanade1	sha256:aa54ef30b9e544ff70a4df7ca02647c2d08192c27654a7226cf62b39b891fe45	$(o)Hand Sonic, version four$().	$(o)Звуковой меч, версия 4$()	PASS		Текст естественно читается, сохраняет смысл английского источника и игровые маркеры.	22		
patchouli-lang:botania:botania.page.felPumpkin0	sha256:9ce91d78b709797e5450b460c7291dfeb82312da77c48e7aa20e729294a35ecb	A $(item)Fel Pumpkin$(0) is a demented infusion of a $(item)Pumpkin$(0) with the fel spirits of slain monsters. This vile pumpkin can be placed atop two $(item)Iron Bars$(0), as one would with snow blocks for a $(thing)Snow Golem$(0), to spawn a $(thing)Blaze$(0).$(p)$(thing)Blazes$(0) thusly spawned are somewhat fragile, and drop a smattering of $(item)Blaze Powder$(0) in place of a $(item)Blaze Rod$(0).	$(item)Осквернённая тыква$(0) — это $(item)тыква$(0), извращённая духами убитых монстров. Эта мерзкая тыква должна быть размещена на двух $(item)железных прутьях$(0) (как если бы создавался $(thing)снежный голем$(0)), чтобы породить $(thing)всполоха$(0). Из хрупких $(thing)всполохов$(0), созданных этим методом, выпадает лишь горстка $(item)огненного порошка$(0) вместо $(item)огненных стержней$(0).	PASS		Текст естественно читается, сохраняет смысл английского источника и игровые маркеры.	309		
patchouli-lang:botania:botania.page.felPumpkin1	sha256:1ca54e15b8fc101da3b0874ed8a4fe2b48728b79ef083caf3261ddf8cf2fa168	Spooky scary pumpkin	$(o)Эй, красотка, не занята сегодня$()?	PASS		Текст естественно читается, сохраняет смысл английского источника и игровые маркеры.	32		
patchouli-lang:botania:botania.page.fireChakram0	sha256:449cd48b9ecbcf11b815fe7b1d504f18601c9c027d37247847f7a28a3b3113fd	$(item)Blaze Powder$(0) and $(l:alfhomancy/elf_resources)$(item)Pixie Dust$(0)$(/l), when applied to a $(l:tools/thorn_chakram)$(item)Thorn Chakram$(0)$(/l), turn the already potent weapon into a $(item)Flare Chakram$(0).$(p)The $(item)Flare Chakram$(0) works nearly the same as the original $(l:tools/thorn_chakram)$(item)Thorn Chakram$(0)$(/l), except it sets mobs on fire too. After all, you can't make bacon from just vegetable matter, can you?	$(item)Огненный порошок$(0) и $(l:alfhomancy/elf_resources)пыльца феи$(/l) превращают опасный $(l:tools/thorn_chakram)шипастый чакрам$(/l) в огненное оружие. $(item)Пылающий чакрам$(0) ничем не отличается от шипастого, кроме того, что поджигает жертв, а не отравляет. В конце концов, из одних только растений бекон не приготовишь, не так ли?	PASS		Текст естественно читается, сохраняет смысл английского источника и игровые маркеры.	256		
patchouli-lang:botania:botania.page.fireChakram1	sha256:8c6b1eb078d09369c1b308ca17e6306e473060543d2a5a18f817d874b94c6b03	It's pretty lit	$(o)Давай зажжём$()	CHANGE	Ну и жарко	Уточнено по английскому источнику и упрощено для игрового текста.	12	10	0.833
patchouli-lang:botania:botania.page.fireRod0	sha256:984df32ac3c90ec353ee3229dd8e63eddf48046f81635cb93ea92601b4c241e2	The $(item)Rod of the Hells$(0) contains the very essence of fire. When used on the ground, for a moderate $(thing)Mana$(0) cost, it'll summon a circle of fire that will burn anything within.$(p)The ring has a radius of about five blocks, and takes a small amount of time to spin up to full ferocity. Do note that, once ignited, the fire burns anything living in it, its own caster included.	$(item)Скипетр жуткого пекла$(0) несёт в себе эссенцию чистого пламени. За среднее количество $(thing)маны$(0), скипетр вызовет круг пламени.$(p)Радиус круга примерно 5 блоков; распространяется круг не моментально, а постепенно; круг поджигает всё живое внутри, включая самого $(thing)заклинателя$(0).	CHANGE	$(item)Жезл Ада$(0) содержит саму сущность огня. При использовании на земле за умеренную цену $(thing)Маны$(0) он создаёт огненное кольцо, сжигающее всё внутри.$(p)Радиус кольца — около пяти блоков; ему нужно немного времени, чтобы разгореться. Помните: огонь сжигает всё живое внутри, включая самого владельца.	Уточнено по английскому источнику и упрощено для игрового текста.	262	284	1.084
patchouli-lang:botania:botania.page.fireRod1	sha256:b326922d34de7c269dac2540e2533b4db8f010a600d4298a8e394ef9daeadd98	Through the fire and the flames	$(o)Немного огня тебя может спасти в блеске обмана$()…	PASS		Текст естественно читается, сохраняет смысл английского источника и игровые маркеры.	47		
patchouli-lang:botania:botania.page.fireRod2	sha256:e97bce220c3a2589cbc1ba54b1b29e6f79a1f1f28aed451cd5429021a000fcec	This rod can be given to a $(l:devices/avatar)$(item)Livingwood Avatar$(0)$(/l). An avatar holding one will continually use its own $(thing)Mana$(0) to maintain a ring of flame around itself.	Этот скипетр может быть дан $(l:devices/avatar)жизнедеревянному идолу$(/l).Используя свой запас $(thing)маны$(0), идол с этим скипетром поддерживает кольцо пламени вокруг себя.$(p)Любых идолов можно отключить подачей редстоун-сигнала.	PASS		Текст естественно читается, сохраняет смысл английского источника и игровые маркеры.	194		
patchouli-lang:botania:botania.page.flasks0	sha256:60396e2fd512d38d9799aaef04220f90839fb4c3f06ccc6f3f53df4a03e67858	$(l:alfhomancy/elf_resources)$(item)Alfglass$(0)$(/l) seems to be a more malleable material than the typical $(l:mana/pool)$(item)Managlass$(0)$(/l) used for $(item)Vials$(0). A $(item)Flask$(0) fashioned from $(l:alfhomancy/elf_resources)$(item)Alfglass$(0)$(/l) seems to be the typical Elven container for $(thing)Brews$(0), holding six doses over the four a $(item)Vial$(0) does.	$(l:alfhomancy/elf_resources)Эльфийское стекло$(/l) кажется более податливым, чем типичное $(l:mana/pool)манастекло$(/l), используемое для $(item)флаконов$(0). $(item)Фляга$(0), сделанная из $(l:alfhomancy/elf_resources)эльфийского стекла$(/l), является обыкновенной ёмкостью эльфов для хранения $(thing)отваров$(0) и может хранить до 6 доз одного отвара, а не 4, как $(item)флаконы$(0).	PASS		Текст естественно читается, сохраняет смысл английского источника и игровые маркеры.	255		
patchouli-lang:botania:botania.page.flasks1	sha256:4442e5e38262cb054cede22e36677652e95eac1ab85e8fbd305621abd972cc43	While the ingredient cost to brew a particular brew in a $(item)Flask$(0) is the same, its $(thing)Mana$(0) cost is double that of a $(item)Vial$(0).$(p)Additionally, since the bottleneck of a $(item)Flask$(0) is larger than that of a $(item)Vial$(0), its contents can be drunk faster.	В то время, как затраты ингредиентов для отвара для $(item)фляги$(0) и $(item)флакона$(0) одинаковы, затраты $(thing)маны$(0) вдвое больше, чем для простого $(item)флакона$(0). И из-за того, что у $(item)фляги$(0) горлышко шире, чем у $(item)флакона$(0), содержимое из $(item)фляги$(0) пьётся быстрее.	PASS		Текст естественно читается, сохраняет смысл английского источника и игровые маркеры.	223		
patchouli-lang:botania:botania.page.flasks2	sha256:74ee6a7c92cd7d525f8aa67f7542424e871f0806653f0f52923524d8a5552405	Get one under the bridge	$(o)Опробуем новый состав$()	PASS		Текст естественно читается, сохраняет смысл английского источника и игровые маркеры.	21		
patchouli-lang:botania:botania.page.flightTiara0	sha256:2a7c880e09c9add2fea61c6267c155cd44cba6713a12357a51e460f733d29328	The $(thing)Flügel$(0) were a race of god-slaying beings that once dominated these lands and possessed powers of three-dimensional flight.$(p)Among other things.$(p)While the $(thing)Flügel$(0) are now $(o)quite$() extinct, the $(item)Flügel Tiara$(0), fashioned from $(l:alfhomancy/gaia_ritual)$(item)Gaia Spirits$(0)$(/l), can use $(thing)Mana$(0) to replicate their power of flight.	$(thing)Флюгель$(0) была одной из доминирующих рас на земле. Сейчас эта богоподобная раса, покорившая небо, по неясным причинам исчезла.$(p)Их способность к полёту можно лишь сымитировать, создав из $(l:alfhomancy/gaia_ritual)духа Гайи$(/l) крылатую $(item)тиару флюгель$(0), работающую на $(thing)мане$(0).	PASS		Текст естественно читается, сохраняет смысл английского источника и игровые маркеры.	236		
patchouli-lang:botania:botania.page.flightTiara1	sha256:9861df281ef41ae834282a811c6e32ca3a6123c64f8a726e38706312ce9beedb	Forty thousand books from another world	$(o)Жизнь — это игра$()	PASS		Текст естественно читается, сохраняет смысл английского источника и игровые маркеры.	16		
patchouli-lang:botania:botania.page.flightTiara2	sha256:fe9c88f69ab5036fd78e04f68839cf29f4195e54d5916ccff091d31f8abf864b	Combining the $(item)Flügel Tiara$(0) with different types of $(item)Quartz$(0) will change the appearance of its wings: one style for each type of quartz.$(p)The recipes for the various types of quartz can be found under $(l:misc/decorative_blocks)$(thing)Decorative Blocks$(0)$(/l), and the $(thing)Elves$(0) will trade $(l:alfhomancy/elf_resources)$(item)Elven Quartz$(0)$(/l) for $(item)Nether Quartz$(0).	Хотя для полёта с тиарой не нужны крылья, их можно добавить, а вид изменить, если добавить любой $(l:misc/decorative_blocks)кварц$(0) к тиаре. $(item)Эльфийский кварц$(0) достаётся у эльфов обменом на него $(item)незер-кварца$(0).	PASS		Текст естественно читается, сохраняет смысл английского источника и игровые маркеры.	177		
patchouli-lang:botania:botania.page.flightTiara3	sha256:afeddf7398e98c4c27c186c12a5c72a8ef5a23c0df239b7ec76695535f608028	Adding Wings (they can be changed at any time)	Добавление крыльев (они могут быть заменены в любое время)	PASS		Текст читается естественно, ясно и соответствует английскому источнику.	58		
patchouli-lang:botania:botania.page.flightTiara4	sha256:f25289b153f58b06e0a024ed0dc7127f2f21d670af100dcebff9da62e9822b6b	"This marvelous reproduction of ancient artifice isn't perfect, though: the tiara can't provide the power of flight indefinitely. If used for around thirty seconds consecutively, it'll ""overload"" and lose its ability to sustain flight.$(p)A ""flight bar"" is displayed on the HUD to monitor this usage."	Однако эта невероятная репродукция древнего артефакта не совершенна: тиара не даёт вечный полёт. Если использовать её непрерывно в течение примерно тридцати секунд, она «перегрузится», а полёт оборвётся. Хотя стоит сказать, что тиара защищает от урона от падения.$(p)«Шкала полёта» обычно отображается над голодом.	PASS		Текст естественно читается, сохраняет смысл английского источника и игровые маркеры.	310		
patchouli-lang:botania:botania.page.flightTiara5	sha256:f98904c5642af43f3a2e7915dc983261992d365892ce9213f543ce5bc509d689	In addition to simple flight, the tiara grants its wearer the ability to $(thing)dash$(0) and $(thing)glide$(0). Dashing, by pressing [$(k:sprint)] without already sprinting, will boost its wearer forwards. Very quickly.$(p)Dashes can only be done every 2 seconds, and are disabled by an active $(l:tools/temperance_stone)$(item)Stone of Temperance$(0)$(/l).	Помимо простого полёта, тиара даёт своему владельцу выполнять $(thing)рывки$(0) и $(thing)планировать по воздуху$(0). Рывок выполняется нажатием кнопки бега [$(k:sprint)] (с обычного шага) и резко ускоряет вперёд. Очень резко.$(p)Рывок можно выполнять только раз в 2 секунды. Отключается, если активен $(l:tools/temperance_stone)камень сдержанности$(/l).	PASS		Текст естественно читается, сохраняет смысл английского источника и игровые маркеры.	283		
patchouli-lang:botania:botania.page.flightTiara6	sha256:4e28b1bad471a922bed28f43c9fd85361754da3b3475c99d0b15d36b36b33ecf	Gliding allows for a gentle descent to the ground that covers a decent horizontal distance as well, preventing fall damage in the process. To glide, simply sneak while falling.$(p)Gliding can be done even on an empty flight bar, but will slow its regeneration.	Планирование позволяет плавно спускаться на землю, покрывая при этом приличное горизонтальное расстояние. Чтобы планировать, просто крадитесь на [$(k:sneak)] во время падения.$(p)Планирование можно выполнять даже при пустой шкале полёта, но это замедлит её восстановление.	PASS		Текст естественно читается, сохраняет смысл английского источника и игровые маркеры.	258		
patchouli-lang:botania:botania.page.flowerBag0	sha256:3afa44a7a50e5893213ca9ea8687bce655da79fd025c698b43fd2a78cd59532a	The physical laws regarding $(thing)Inventories$(0) are somewhat skewed in our world. Thanks to that, carrying an array of different colors of flowers can turn out to be a major hassle. Luckily, a $(item)Flower Pouch$(0) takes care of all those issues. It stores up to one stack of each color of $(l:basics/flowers)$(item)Mystical Flower$(0)$(/l) and $(item)Tall Mystical Flower$(0), and passively catches any more that its holder picks up.	Физические законы, касающиеся $(thing)инвентаря$(0), в нашем мире несколько искажены. Из-за этого перенос кучи цветов разного цвета может оказаться серьёзной проблемой (серьёзнее, чем 5 миллионов тонн незеритовых блоков). К счастью, $(item)мешочек для цветов$(0) решает все проблемы с цветами. Он может хранить в себе до одного стака каждого цвета $(l:basics/flowers)мистических$(/l) и $(item)высоких мистических цветов$(0), причём автоматически собирает все цветы, что поднимает владелец.	CHANGE	Законы $(thing)инвентаря$(0) в нашем мире немного странные, поэтому носить цветы всех цветов бывает неудобно. $(item)Цветочный мешочек$(0) решает эту проблему: он хранит по стаку каждого цвета $(l:basics/flowers)$(item)Мистического цветка$(0)$(/l) и $(item)Высокого мистического цветка$(0), а также сам подбирает новые.	Уточнено по английскому источнику и упрощено для игрового текста.	431	250	0.580
patchouli-lang:botania:botania.page.flowerBag1	sha256:bb3b2bceea5617a31ea211b156fa452fce652ec0ba25116605d46a299de22f5c	It's about the same size on the inside (any colors work)	Внутри он примерно такого же размера (подойдут любые цвета)	PASS		Текст естественно читается, сохраняет смысл английского источника и игровые маркеры.	59		
patchouli-lang:botania:botania.page.flowerBag2	sha256:7c7aebef72533419c4c7c19e4f1ba940d9139fe5f5cab6fe81fb37d7099c6009	Flowers won't be picked up by the pouch if the pouch is held in your dominant hand.$(p)Furthermore, sneak-right clicking the pouch on a $(item)Chest$(0) or other inventory will dump all flowers the pouch contains into said inventory.	Цветы не будут собираться в мешочек, если он находится в вашей ведущей руке.$(p)Если крадучись нажать [$(k:use)] мешочком по $(item)сундуку$(0) или другому инвентарю, то все цветы из мешочка сложатся в указанный инвентарь.	CHANGE	Мешочек не подбирает цветы, пока находится в основной руке.$(p)Крадясь, нажмите ПКМ мешочком по $(item)Сундуку$(0) или другому хранилищу, чтобы высыпать в него все цветы из мешочка.	Уточнено по английскому источнику и упрощено для игрового текста.	199	166	0.834
patchouli-lang:botania:botania.page.flowerShrinking0	sha256:f7160a191b09df2d97348baaa0025e7dd5c969618534949f4419d189b20e5d05	Some functional flowers can have a bit too much reach for certain use-cases. Tossing one of those into a $(l:mana/pool)$(item)Mana Pool$(0)$(/l) with an $(l:devices/mana_alchemy)$(item)Alchemy Catalyst$(0)$(/l) will (at the cost of some $(thing)Mana$(0)) shrink it, making its area of effect smaller. Every other function remains the same.	$(item)Миниатюрные цветы$(0) нужны не просто для красоты. Цветок $(thing)функциональной$(0) или $(thing)генерирующей флоры$(0), брошенный $(l:mana/pool)бассейн маны$(/l) с $(l:devices/mana_alchemy)алхимическим катализатором$(/l) под ним, уменьшиться как сам, так и его зона действия.	PASS		Текст естественно читается, сохраняет смысл английского источника и игровые маркеры.	199		
patchouli-lang:botania:botania.page.flowerShrinking1	sha256:a27bc897ca0028cce822ca316025f0e2874688c81b5f8124323381f60225d468	Like a nendoroid	$(o)Чиби-цветочки$()!	PASS		Текст естественно читается, сохраняет смысл английского источника и игровые маркеры.	14		
patchouli-lang:botania:botania.page.flowerSpeed0	sha256:e12eab5a9f167744514c5b018f3f4c5e43d70c0563a526cad2f958ba50533bba	"Many $(thing)Functional Flora$(0) interact with dropped items; certain soils can ensure they do so in the right order.$(p)Planting a flower over $(item)Podzol$(0) will add a small delay before it can interact with dropped items, allowing for a ""priority"" system of sorts. Planting a flower on $(item)Mycelium$(0) will create a larger delay."	Проблема с $(thing)функциональными цветами$(0) заключается в том, что они взаимодействуют с выброшенными предметами не всегда в нужный промежуток времени.$(p)Размещение цветка на $(item)подзол$(0) добавит незначительную задержку подбора. Размещение цветка на $(item)мицеллий$(0) сделает задержку значительной. Это позволяет выстроить систему «приоритетов».	PASS		Текст естественно читается, сохраняет смысл английского источника и игровые маркеры.	318		
patchouli-lang:botania:botania.page.flowerSpeed1	sha256:75973b3133d07e7a21d213435370428095c9866ba7a9f8aff96d65bdc38748fd	This system's use also extends to $(l:misc/shiny_flowers)$(item)Floating Flowers$(0)$(/l), via the use of $(item)Boreal Seeds$(0) and $(item)Infestation Spores$(0).$(p)Given two flowers with the same (or no) delay, a $(thing)Generating Flower$(0) (e.g. the $(l:generating_flowers/endoflame)$(item)Endoflame$(0)$(/l)) will pick up an item before a $(thing)Functional$(0) one (e.g. the $(l:functional_flowers/hopperhock)$(item)Hopperhock$(0)$(/l)). For two flowers of the same type, it's a secret to everyone.	Эта система также распространяется на $(item)парящие цветы$(0) с помощью $(l:tools/grass_seeds)таёжного семени и грибного спорового семени$(/l).$(p)Взяв два цветка с одинаковой задержкой (или без), $(thing)генерирующий цветок$(0) (например, $(l:generating_flowers/endoflame)эндопламя$(/l)) поднимет предмет быстрее $(thing)функционального цветка$(0) (например, $(l:functional_flowers/hopperhock)воронкальвы$(/l)). Если цветы одного и того же типа, то тут никто не знает.	PASS		Текст естественно читается, сохраняет смысл английского источника и игровые маркеры.	327		
patchouli-lang:botania:botania.page.flowers0	sha256:ba48628ce85a0f0dc03b1cbf1a40451a969f226ac10435f369a8ce8d28903899	Around the world, you may stumble upon a large variety of $(item)Mystical Flowers$(0). Spotting these flowers doesn't take much work, as they glow faintly and sparkle.$(p)They come in a total of $(thing)16$(0) different colors.$(p)These flowers can also be grown with $(item)Floral Fertilizer$(0) (read on).	Гуляя по миру, можно найти $(item)мистические цветы$(0) самых разных красок (всего 16, хе-хе). Их трудно пропустить из-за их необычного блеска и свечения.$(p)Эти цветы можно вырастить и дома, если использовать $(item)цветочное удобрение$(0) (см. далее).	CHANGE	По всему миру встречаются разные $(item)Мистические цветы$(0). Их легко заметить: они слабо светятся и искрятся.$(p)Всего существует $(thing)16$(0) цветов.$(p)Их также можно вырастить с помощью $(item)Цветочного удобрения$(0) - об этом дальше.	Уточнено по английскому источнику и упрощено для игрового текста.	227	201	0.885
patchouli-lang:botania:botania.page.flowers1	sha256:bce391b44931092947fa22bd7f046a0074cfe315e376a36dfc7f412f208bfce0	Flowers as far as the eye can see...	$(o)Куда ни глянь, везде цветы$()…	PASS		Текст естественно читается, сохраняет смысл английского источника и игровые маркеры.	27		
patchouli-lang:botania:botania.page.flowers11	sha256:630830433e07c9c6c61d5dd77c5a43da75d922c01167101ac6df527992c4335f	Prepare for trouble	$(o)Проблем хотите$()?	PASS		Текст естественно читается, сохраняет смысл английского источника и игровые маркеры.	15		
patchouli-lang:botania:botania.page.flowers13	sha256:a8eed4af96805a57c06f12eb67af74bc204f6563756b717fc31969fdd4c2800e	And the other way around	И обратно	PASS		Текст естественно читается, сохраняет смысл английского источника и игровые маркеры.	9		
patchouli-lang:botania:botania.page.flowers17	sha256:fde4ee1959babd8b0b9e4b19027472f8b670829709ac74b8bf647bcc21463665	These petals can also be crushed into the corresponding $(item)Dyes$(0).	Эти лепестки также можно измельчить в соответствующие $(item)красители$(0).	PASS		Текст естественно читается, сохраняет смысл английского источника и игровые маркеры.	64		
patchouli-lang:botania:botania.page.flowers18	sha256:9e79152a46418682bd676f477bc3294bf42f05002f0cfc60ad4cf4ff1ba59add	There are also some taller variants of the typical $(item)Mystical Flowers$(0) around the world. These can be plucked for twice the petals a normal flower would yield.$(p)Tall flower variants can be made manually by fertilizing a $(item)Mystical Flower$(0) or a $(item)Buried Petal$(0) with $(item)Bone Meal$(0).$(p)If you find yourself running low on a particular color, try burying a petal of that color and using $(item)Bone Meal$(0) on it.	В мире также растут высокие варианты обычных $(item)мистических цветков$(0). Если собрать и общипать такой (в сетке создания), то лепестков получится в два раза больше, чем с обычного цветка.$(p)Высокие цветы можно вырастить вручную, удобрив $(item)мистический цветок$(0) или $(item)закопанный лепесток$(0) $(thing)костной мукой$(0).$(p)Если вдруг не хватает лепестков нужного цвета, попробуйте закопать один из них и удобрить $(item)костной мукой$(0).	CHANGE	В мире встречаются и высокие $(item)Мистические цветы$(0). С них можно собрать вдвое больше лепестков, чем с обычных.$(p)Высокий цветок можно вырастить, удобрив $(item)Мистический цветок$(0) или $(item)Закопанный лепесток$(0) $(item)Костной мукой$(0).$(p)Если не хватает конкретного цвета, закопайте лепесток этого цвета и удобрите его $(item)Костной мукой$(0).	Уточнено по английскому источнику и упрощено для игрового текста.	388	298	0.768
patchouli-lang:botania:botania.page.flowers2	sha256:13808669070e0aaaab87b1edd814a2bbc53ae62a1081245423bbe6e2bb0ca060	These flowers can be plucked for $(item)Mystical Petals$(0), which are used in the creation of magical instruments and plants.$(p)Right-clicking a petal upon the ground will $(thing)bury it$(0), making it emit particles.	В сетке создания, из этих цветов можно вырвать $(item)мистические лепестки$(0), обычно использующихся для создания магических инструментов и растений.$(p)Нажатие [$(k:use)] лепестком по $(item)земле$(0), $(item)зароет$(0) его. Зарытый лепесток испускает красивые частицы.$(p)Лепестки можно также растолочь (в сетке создания) в $(item)краситель$(0) соответствующего цвета.	CHANGE	С этих цветов можно собрать $(item)Мистические лепестки$(0), нужные для магических инструментов и растений.$(p)Нажмите ПКМ лепестком по земле, чтобы $(thing)закопать его$(0); он будет испускать частицы.	Уточнено по английскому источнику и упрощено для игрового текста.	311	175	0.563
patchouli-lang:botania:botania.page.flowers3	sha256:c87e442f9805810c7caa1c32d79152c301ba2fcc1761e14865e9ea2e4a1cbbae	Plucking petals off flowers.	Ощипывание лепестков на цветах	PASS		Текст естественно читается, сохраняет смысл английского источника и игровые маркеры.	30		
patchouli-lang:botania:botania.page.flowers5	sha256:27d54d9a512762c7350795af266e1cb889d447e5bbc0a4a220e25e4a7987262a	Grinding Petals into Dye.	Измельчение лепестков в красители	PASS		Текст естественно читается, сохраняет смысл английского источника и игровые маркеры.	33		
patchouli-lang:botania:botania.page.flowers6	sha256:02d18ee37452673de7b932c146134d5919f2d3de9ff15be2deb8621fff5c4897	By mixing $(item)Dye$(0) with some $(item)Bone Meal$(0), you'll create a different type of fertilizer. This $(item)Floral Fertilizer$(0) will grow a few $(item)Mystical Flowers$(0) in the nearby vicinity, if you ever run low on those.$(p)Depending on the soil, $(l:misc/mushrooms)$(item)Shimmering Mushrooms$(0)$(/l) may grow in addition to (or instead of) flowers.	Из смеси $(item)красителя$(0) и $(item)костной муки$(0) можно получить новый вид удобрения. При использовании на почве, $(item)цветочное удобрение$(0) вырастит $(item)мистические цветы$(0), что удобно, если они заканчиваются.$(p)Если вместо почвы будет $(item)камень$(0) или $(item)мицелит$(0), то вырастут $(l:misc/mushrooms)мерцающие грибы$(/l) вместо цветов.	CHANGE	Смешайте $(item)Краситель$(0) с $(item)Костной мукой$(0), чтобы получить другое удобрение. $(item)Цветочное удобрение$(0) вырастит поблизости несколько $(item)Мистических цветов$(0), если их не хватает.$(p)В зависимости от почвы вместо цветов или вместе с ними могут вырасти $(l:misc/mushrooms)$(item)Мерцающие грибы$(0)$(/l).	Уточнено по английскому источнику и упрощено для игрового текста.	267	243	0.910
patchouli-lang:botania:botania.page.flowers8	sha256:f83ede058b016b19e9d4fc6d05fa857544ff2d76e6f4ee42c15209a6f890ddc5	Using any combination of typical flower substances will work	Подойдут и обычные красители!	PASS		Текст читается естественно, ясно и соответствует английскому источнику.	29		
patchouli-lang:botania:botania.page.flowers9	sha256:906250263876a9e9651796fcc747ce7d35a4eddeb99d6895280826a8f49f2ca7	Petals can also be made into blocks	Лепестки можно собрать в блоки	PASS		Текст естественно читается, сохраняет смысл английского источника и игровые маркеры.	30		
patchouli-lang:botania:botania.page.flugelEye0	sha256:dd95f185232f709f95d7a7a92765ff9a1e7356fda717c9c30181638762137a34	Unlike the crafted $(l:ender/flight_tiara)$(item)Flügel Tiara$(0)$(/l), the $(item)Eye of the Flügel$(0) contains primordial $(thing)Flügel$(0) magic. Magic strong enough, in fact, to harness the $(thing)Flügels$(0)' ability to recall themselves to a previously-visited location.$(p)Sneak-right clicking this eye somewhere will bind it to that position. Holding right-click with a bound Eye will then use $(thing)Mana$(0) to warp its owner back to its bound location.	В отличие от создаваемой $(l:ender/flight_tiara)тиары флюгель$(/l), $(item)око флюгель$(0) хранит часть первородной $(thing)магии расы флюгель$(0). Этой части хватает, чтобы использовать способность $(thing)флюгель$(0) — возвращаться на ранее посещённые места.$(p)Нажатие [$(k:sneak)+$(k:use)] привяжет око к текущей позиции пользователя.	PASS		Текст естественно читается, сохраняет смысл английского источника и игровые маркеры.	253		
patchouli-lang:botania:botania.page.flugelEye1	sha256:3f5a26c6b36906d946e0dccbede6898cf480ae23e69566d5ab11940a38a2dbdd	Unfortunately, the Eye is still but a fragment of the $(thing)Flügels$(0)' true potential, so it can't warp its user across dimensions.$(p)However, just having an $(item)Eye of the Flügel$(0) on hand allows a $(l:ender/flight_tiara)$(item)Flügel Tiara$(0)$(/l) user to fly with an empty flight bar (at a higher $(thing)Mana$(0) cost).	Но око всего лишь фрагмент истинного потенциала $(thing)флюгель$(0), поэтому не может перемещать пользователя между измерениями.$(p)Однако простое удерживание $(item)ока флюгель$(0) в руке позволяет пользователю $(l:ender/flight_tiara)тиары флюгель$(/l) летать с пустой полоской полёта (расходуя при этом больше $(thing)маны$(0)).	PASS		Текст естественно читается, сохраняет смысл английского источника и игровые маркеры.	263		
patchouli-lang:botania:botania.page.forestDrum0	sha256:8f98e72eebd7fb3c132d03f3cdb99921d7e5b5ab055d341d33047eb1ca8751ac	The $(item)Drum of the Wild$(0) is, simply put, the $(l:tools/grass_horn)$(item)Horn of the Wild$(0)$(/l)'s percussion counterpart. It serves the exact same purpose as a handheld Horn, but as a block.$(p)A $(thing)Mana Burst$(0) colliding with it will produce a drumbeat that destroys nearby vegetation.	$(item)Барабан буйной природы$(0) это, проще говоря, стационарный $(item)рог буйной природы$(0). Он служит для той же цели, что и карманный рог, но может быть автоматизирован.$(p)Чтобы ударить в барабан и уничтожить находящуюся рядом зелень, нужно направить $(thing)сгусток маны$(0) в него.	PASS		Текст естественно читается, сохраняет смысл английского источника и игровые маркеры.	252		
patchouli-lang:botania:botania.page.forestDrum1	sha256:6def46bc492fe51531c869327afffb86bae51e43ef1edda9905d9013e50eae5f	Note that the drum does not store mana; thus, to trigger it, a $(l:mana/redstone_spreader)$(item)Pulse Mana Spreader$(0)$(/l) or a $(l:tools/mana_blaster)$(item)Mana Blaster$(0)$(/l) is required.	Заметьте, что барабан не хранит $(thing)ману$(0), поэтому для его работы лучше всего использовать $(l:mana/redstone_spreader)редстоуновый распространитель маны$(/l) или $(l:tools/mana_blaster)мана-бластер$(/l).	PASS		Текст естественно читается, сохраняет смысл английского источника и игровые маркеры.	138		
patchouli-lang:botania:botania.page.forestDrum2	sha256:f552235b6e1b15526f4512d81541e0031d2e6aacc74bdedadf3e19f700e30ded	But if you close your eyes...	$(o)Крутите барабан!$()	PASS		Текст естественно читается, сохраняет смысл английского источника и игровые маркеры.	16		
patchouli-lang:botania:botania.page.forestEye0	sha256:ecf5ed2f202bfa6061d8d6f61ac2de49ff3a059ed8efc5ed891a75d16df4fe6d	The Ancients who used to watch over the world always looked out for the living beings on it. The $(item)Eye of the Ancients$(0), while not an actual eye, is the next best thing.$(p)An adjacent $(item)Comparator$(0) will output a redstone signal proportional to the number of nearby animals it can find.	Как и древние смотрели и изучали мир в поиске других живых существ, ваш $(item)глаз древних$(0) будет делать то же самое.$(p)Подключённый к глазу $(item)редстоуновый компаратор$(0) издаёт редстоун-сигнал силы, эквивалентной количеству животных, обнаруженных глазом.	PASS		Текст естественно читается, сохраняет смысл английского источника и игровые маркеры.	239		
patchouli-lang:botania:botania.page.forestEye1	sha256:f7e5ca0fb179a36e5085e71591b0cded14f5a5008eb8efc81d2fad21070cfde5	Its count starts from 2; with 2 animals around, it outputs a signal of strength 1; with 3 animals, signal strength 2; and so on.$(p)Unfortunately, time has worn down the sight of the Ancients, so this block can only see animals for about 6 blocks in any direction.	$(item)Компаратор$(0) издаёт сигнал силы:$(li)0, если рядом нет животных или только 1;$(li)1, если рядом 2 животных;$(li)2, если рядом 3 животных и так далее$(p)Со временем, зрение древних ухудшилось: $(item)глаз древних$(0) может обнаружить животных только в радиусе 6 блоков.	PASS		Текст естественно читается, сохраняет смысл английского источника и игровые маркеры.	236		
patchouli-lang:botania:botania.page.forestEye2	sha256:ef6a08b5a3428809401a51bb1e7d443b3338fcfbca79a2d52ed67bb39e0e4781	Now you see me...	$(o)Звери не лгут$()	PASS		Текст естественно читается, сохраняет смысл английского источника и игровые маркеры.	13		
patchouli-lang:botania:botania.page.gIntro0	sha256:1c0a85b17887e94422a0ba7f73491026f1db7653d0b0708c7d0bbe9560ccb2b3	Generating $(thing)Mana$(0) should be at the top of any botanist's priority list. Luckily, there's a wide selection of $(thing)Generating Flora$(0) willing to do the job.$(p)These flowers, as the name would imply, generate $(thing)Mana$(0), usually consuming resources to do so.	$(thing)Генерация (или создание) маны$(0) должно быть главным приоритетом любого ботаника. К счастью, есть множество $(thing)генерирующих цветов$(0), которые могут удовлетворить эту потребность.$(p)Такие цветы, как можно понять из названия, генерируют $(thing)ману$(0) — пассивно или активно, в зависимости от типа цветка.	PASS		Текст естественно читается, сохраняет смысл английского источника и игровые маркеры.	282		
patchouli-lang:botania:botania.page.gIntro1	sha256:5cd5ce003f96a3ed52be21f08c1d8ef3296de150866aa3fc327636adef4c7089	All $(thing)Generating Flora$(0), like their $(thing)Functional$(0) brethren, can hold a small internal buffer of $(thing)Mana$(0).$(p)$(thing)Generating Flora$(0) will automatically output to the closest nearby $(l:mana/spreader)$(item)Mana Spreader$(0)$(/l).	Вся $(thing)функциональная флора$(0), также как и $(thing)генерирующая флора$(0), имеет собственный небольшой буфер $(thing)маны$(0).$(p)Эта мана будет сразу направлена в ближайший $(l:mana/spreader)распространитель маны$(/l).	PASS		Текст естественно читается, сохраняет смысл английского источника и игровые маркеры.	163		
patchouli-lang:botania:botania.page.gIntro2	sha256:ccddeb20ec1de8b938307aad51f692a5db1181eda9ceb0df56369c9b7df86ab6	These flowers bind to one $(l:mana/spreader)$(item)Mana Spreader$(0)$(/l) at a time for $(thing)Mana$(0) output. They'll bind to the nearest spreader present at the time of their placement (or the nearest placed afterward, if none were in range), and must be re-bound to another spreader with a wand in $(thing)Bind Mode$(0), if so desired.	Цветы привязываются только к одному $(l:mana/spreader)распространителю маны$(/l), в который они впервые выпустили $(thing)ману$(0). Обычно это или $(thing)ближайший р-нитель$(0), который стоял, когда цветок только поставили, или $(thing)первый р-нитель$(0), который поставили около цветка, если до этого не было.$(p)Сменить привязку цветка можно $(l:basics/wand)жезлом леса$(/l) в $(thing)режиме привязки$(0).	PASS		Текст естественно читается, сохраняет смысл английского источника и игровые маркеры.	313		
patchouli-lang:botania:botania.page.gIntro3	sha256:a14ac04882f63304bbe6f5b084c3ad21d41f465efd21443a6f5159f28a5494db	Choosing your first $(thing)Generating Flower$(0) is a pretty simple task; the simplest two choices for any fledgling botanist are the $(l:generating_flowers/endoflame)$(item)Endoflame$(0)$(/l) and the $(l:generating_flowers/hydroangeas)$(item)Hydroangeas$(0)$(/l).$(p)The former uses $(item)Coal$(0) or other fuel sources to generate $(thing)Mana$(0). The latter uses $(item)Water$(0) sources for the same task, but decays after about three days.	Выбор первого $(thing)генерирующего цветка$(0) — достаточно простая задача. У начинающего ботаника есть только два варианта: $(l:generating_flowers/endoflame)эндопламя$(/l) или $(l:generating_flowers/hydroangeas)водогортензия$(/l).$(p)$(l:generating_flowers/endoflame)Эндопламя$(/l) использует $(item)уголь$(0) и другие горючие ресурсы для создания $(thing)маны$(0). $(l:generating_flowers/hydroangeas)Водогортензия$(/l) использует источники $(item)воды$(0), но засыхает после трёх дней.	PASS		Текст естественно читается, сохраняет смысл английского источника и игровые маркеры.	281		
patchouli-lang:botania:botania.page.gIntro4	sha256:01e2f12d9c210375e6bb4b4da5c7b298d519774b176b2ee120185dc6d6b66b3b	Later on, you may wish to branch out to other $(thing)Generating Flora$(0). Flowers that require more complex infrastructure to automate typically produce more $(thing)Mana$(0).	Но потом точно стоит перейти на более мощные $(thing)генерирующие цветы$(0). Цветы, требующие более сложные схемы для автоматизации, как правило, производят намного больше $(thing)маны$(0), а $(item)водогортензии$(0) и $(item)эндопламени$(0) не будет хватать для большинства продвинутых процессов.	PASS		Текст естественно читается, сохраняет смысл английского источника и игровые маркеры.	251		
patchouli-lang:botania:botania.page.gIntroPotted	sha256:bf39be6608206ee2d535ee37f26a026a507585c2439e4c241318089f3f24cb42	Flowers in flower pots are purely decorative	Цветы, посаженные в горшки, являются чисто декоративными	PASS		Текст естественно читается, сохраняет смысл английского источника и игровые маркеры.	56		
patchouli-lang:botania:botania.page.gaiaRitual0	sha256:2f44543d5268e5c12b8baff2ce4a417882bb1d42b183d15f4a6da9de8a30dcc3	The $(thing)Ritual of Gaia$(0) is a trial often undertaken by elves. It yields $(item)Gaia Spirits$(0), which are coveted as fragments of the power of the Goddess of Gaia herself.$(p)This ritual requires an $(thing)Active Beacon$(0) with $(item)Gaia Pylons$(0) surrounding it (functioning as an altar), as well as a single $(l:basics/terrasteel)$(item)Terrasteel Ingot$(0)$(/l) (as a sacrifice).	$(thing)Ритуал Гайи$(0) — это испытание, часто проводимое эльфами, хотя неизвестно для проверки сил воинов ли. Ритуал является единственным способом добычи очень ценного ресурса — $(item)духа Гайи$(0), фрагмента сущности самой богини Гайи.$(p)Этот ритуал требует $(thing)активированный$(0) $(item)маяк$(0) и несколько $(item)пилонов Гайи$(0) (как алтарь), а также один $(l:basics/terrasteel)террастальной слиток$(0) (как подношение).	PASS		Текст естественно читается, сохраняет смысл английского источника и игровые маркеры.	346		
patchouli-lang:botania:botania.page.gaiaRitual1	sha256:4ab19c0147e59184c2ca2c3ea902ee1754d85ce602be5227f450e358f3cf55a1	Crafting $(item)Gaia Pylons$(0)	Создание $(item)пилонов Гайи$(0)	PASS		Текст читается естественно и соответствует английскому источнику.	21		
patchouli-lang:botania:botania.page.gaiaRitual2	sha256:7363c8198f74928ccf06d712ec48b39bd94b4d3e19169300eddec65aaf4c157d	Ritual of Gaia	Размещение $(item)пилонов Гайи$(0) (на 1 блок выше маяка)	PASS		Текст читается естественно и соответствует английскому источнику.	46		
patchouli-lang:botania:botania.page.gaiaRitual3	sha256:51c6987be07cd066a8a356aea1e1ac134f25ea6cfbc4e8bc86bd40870759be3c	To start the ritual, simply sneak-right click the $(item)Beacon$(0) with the $(l:basics/terrasteel)$(item)Terrasteel Ingot$(0)$(/l), take a step back, and prepare to fight for your life. Preparation is absolutely required-- the fight with the $(thing)Guardian of Gaia$(0) can be even harder than that with the $(thing)Wither$(0). Upon the $(thing)Guardian$(0)'s defeat, a handful of $(item)Spirits of Gaia$(0) is dropped as a prize.	Чтобы начать ритуал, нажмите [$(k:sneak)+$(k:use)] на блок $(item)маяка$(0) с $(l:basics/terrasteel)террастальным слитком$(/l) в руке, отступите на шаг назад и приготовьтесь к началу битвы. Обязательно приготовьте снаряжение перед боем со $(thing)стражем Гайи$(0) — бой может оказаться сложнее, чем битва с $(thing)Визером$(0). Побеждённый $(thing)страж$(0) оставит награду после себя — несколько частиц $(item)духа Гайи$(0).	CHANGE	Чтобы начать ритуал, крадучись щёлкните правой кнопкой по $(item)маяку$(0), держа $(l:basics/terrasteel)$(item)террастальный слиток$(0)$(/l), отойдите и приготовьтесь к бою. Подготовка обязательна: $(thing)страж Гайи$(0) может быть опаснее $(thing)Визера$(0). После победы $(thing)страж$(0) оставит несколько $(item)духов Гайи$(0).	Упрощено и выправлено по английскому источнику.	322	210	0.652
patchouli-lang:botania:botania.page.gaiaRitual4	sha256:73b9b8a12d11fc9bf2827e68d39579246ded3993b61331af83bc1935a7788743	Standard gear for this ritual is a set of enchanted $(item)Elementium Armor$(0), a $(l:tools/terra_sword)$(item)Terra Blade$(0)$(/l), and a miscellany of $(thing)Brews$(0) and $(thing)Trinkets$(0). Do note that the $(item)Beacon$(0)'s effect is forcibly nullified during the battle.$(p)The $(item)Guardian$(0) has a massive pool of health, so preparing with $(thing)Enchantments$(0) and $(thing)Brews$(0) is a must!	Рекомендуемое снаряжение для сражения: зачарованная $(l:tools/elf_gear)элементиевая броня$(/l); $(l:tools/terra_sword)терра-лезвие$(/l); несколько склянок с $(l:devices/brewery)отварами$(/l); $(l:baubles)аксессуары$(/l). $(l)Заметьте, что эффекты $(item)маяка$(0) аннулируются на время битвы!$(p)У $(item)стража$(0) огромный запас здоровья, поэтому $(thing)наложение чар$(0) и подготовка $(thing)отваров$(0) — обязательный шаг!	CHANGE	Для ритуала пригодятся зачарованная $(item)элементиевая броня$(0), $(l:tools/terra_sword)$(item)терра-лезвие$(0)$(/l), $(thing)отвары$(0) и $(thing)аксессуары$(0). Эффекты $(item)маяка$(0) во время боя отключаются.$(p)У $(item)стража$(0) огромный запас здоровья, так что $(thing)чары$(0) и $(thing)отвары$(0) необходимы!	Упрощено и выправлено по английскому источнику.	280	197	0.704
patchouli-lang:botania:botania.page.gaiaRitual5	sha256:01e1cabaa9e96db6ef9ec2b73516e86b8622be991e36c199ad72d83ab702a575	The difficulty of (and reward yielded by) the ritual depends on the number of people participating. Performing the ritual with over five people in the vicinity can be a recipe for disaster with the chaos created, so rituals on that scale probably shouldn't be attempted.$(p)Lastly, it might be a good idea to stay away from the purple.	Сложность боя и получаемые награды зависят от количества участников, проходящих испытание. Активация ритуала с более чем пятью людьми в группе может закончится нехорошо.$(p)И да, избегайте фиолетовый цвет.	CHANGE	Сложность ритуала и награда зависят от числа участников. Ритуал с более чем пятью игроками рядом легко превращается в хаос, так что лучше не рисковать.$(p)И держитесь подальше от фиолетового.	Упрощено и выправлено по английскому источнику.	201	187	0.930
patchouli-lang:botania:botania.page.gaiaRitualHardmode0	sha256:003acbd7877036efec699606d1ff7de5bd5c065e46aa40d4563fdb3bad3e4291	One would $(o)think$() that combining two of the most powerful botanical resources known (i.e. $(l:basics/terrasteel)$(item)Terrasteel$(0)$(/l) and $(l:alfhomancy/gaia_ritual)$(item)Gaia Spirits$(0)$(/l)) would create a material that would be truly unstoppable. Unfortunately, the reality is that said material is very much stoppable. In fact, the two sets of energies seem to cancel almost perfectly when combined into an ingot, yielding an utterly useless alloy.	Можно было $(o)подумать$(), что объединение двух самых мощных ботанических ресурсов (т.е. $(l:basics/terrasteel)террастали$(/l) и $(l:alfhomancy/gaia_ritual)духа Гайи$(/l)) создаст ещё более мощный материал, но, к сожалению, реальность такова, что его части настолько мощны, что идеально нейтрализуют свои энергии и образует совершенно бесполезный кусок сплава.	CHANGE	Можно было $(o)подумать$(), что два сильнейших ботанических ресурса, $(l:basics/terrasteel)$(item)террасталь$(0)$(/l) и $(l:alfhomancy/gaia_ritual)$(item)духи Гайи$(0)$(/l), дадут неудержимый материал. Увы, их энергии в слитке почти полностью гасят друг друга, оставляя бесполезный сплав.	Упрощено и выправлено по английскому источнику.	295	200	0.678
patchouli-lang:botania:botania.page.gaiaRitualHardmode1	sha256:bdecca02560c901f0869ac756fec2744e5d36fc0075694cc58cae0954184dc1b	This ingot, however, can be sacrificed to a $(item)Beacon$(0) to summon an even stronger $(l:alfhomancy/gaia_ritual)$(thing)Gaia Guardian$(0)$(/l)-- with more strength, speed, and resistance.$(p)On the other hand, slaying this greater Guardian yields many more $(l:alfhomancy/gaia_ritual)$(item)Gaia Spirits$(0)$(/l), as well as a handful of goodies and rare treasure. It's a worthwhile foe.	Тем не менее, этот слиток можно поднести $(item)маяку$(0), чтобы призвать ещё более сильного $(l:alfhomancy/gaia_ritual)стража Гайи$(/l) — с более взрывной силой, высокой скоростью и повышенным сопротивления.$(p)С другой стороны, убийство этого более могущественного $(thing)стража$(0) приносит намного больше частей $(l:alfhomancy/gaia_ritual)духа Гайи$(/l), а также кучу других наград и редких сокровищ. Это достойный противник.	CHANGE	Этот слиток можно принести в жертву $(item)маяку$(0), чтобы призвать более сильного $(l:alfhomancy/gaia_ritual)$(thing)стража Гайи$(0)$(/l): быстрее, сильнее и выносливее.$(p)Зато за победу над ним дадут куда больше $(l:alfhomancy/gaia_ritual)$(item)духов Гайи$(0)$(/l), а также редкие сокровища. Достойный противник.	Упрощено и выправлено по английскому источнику.	339	215	0.634
patchouli-lang:botania:botania.page.gaiaRitualHardmode2	sha256:b9cf5f52e3899f0a222bf54ccbb6aace4c5dcb76d4f5845550bebaaf85e9c152	Creating the $(item)Gaia Spirit Ingot$(0).	Создание $(item)слитка духа Гайи$(0)	PASS		Текст читается естественно и соответствует английскому источнику.	25		
patchouli-lang:botania:botania.page.gardenOfGlass0	sha256:eb2b9107e2de1464c899773808b4556e9f19af0176f782008b62e4b1f533fe20	In the $(2)Garden of Glass$(0) nobody can hear you scream.$(p)You're alone in space.$(p)How exciting.	В $(2)стеклянном cаду$(0) никто не услышит ваш крик. $(p)Вы одиноки в космосе.$(p)Как захватывающе.	PASS		Текст читается естественно и соответствует английскому источнику.	83		
patchouli-lang:botania:botania.page.gardenOfGlass1	sha256:e823b3bc06b482b74273d9c19f989d501af0a3d465fb5bf4a00a0b9f5e11a057	The $(2)Garden of Glass$(0) is a skyblock mode for $(thing)Botania$(0). It's aimed more at players who have some experience in the mod, but if you're new to it, you're more than welcome to try it out anyway.$(p)Most of $(thing)Botania$(0) functions the same as it does on the ground, but some tweaks have been put in place to allow for skyblock-style gameplay, which are listed in the following pages.	$(thing)Стеклянный cад$(0) — это режим Skyblock для Ботании. Он рекомендуется для игроков, которые уже разбираются в моде в некоторой степени, но если вы новичок в Ботании, вы конечно же можете попробовать начать прохождение даже так. $(p)Большинство механик мода работают в этом режиме точно так же, хотя некоторые из них всё-таки были изменены, чтобы позволить игроку развиваться в ограниченных условиях Skyblock. Изменения перечислены на следующих страницах.	CHANGE	$(2)Стеклянный сад$(0) - режим Skyblock для $(thing)Ботании$(0). Он больше подойдёт тем, кто уже знаком с модом, но новички тоже могут попробовать.$(p)Большинство механик $(thing)Ботании$(0) работает как обычно, но для Skyblock внесены некоторые изменения. Они описаны на следующих страницах.	Упрощено и выправлено по английскому источнику.	445	248	0.557
patchouli-lang:botania:botania.page.gardenOfGlass11	sha256:15c08e3b98e3b61129b1d844b3760f1bb881dd698468aa98b17f30d54e87b8d8	The $(item)Mana Flash$(0) present in the starting area will allow a player without a $(l:basics/lexicon)$(item)Lexica Botania$(0)$(/l) to exchange a $(item)Sapling$(0) for one, by right-clicking the $(item)Sapling$(0) on the $(item)Mana Flash$(0).	$(item)Мана-пламя$(0), горящее на стартовом острове, позволит игроку получить $(l:basics/lexicon)лексикон Ботании$(/l) в обмен на $(item)саженец$(0): нажмите [$(k:use)] $(item)саженцем$(0) по $(item)мана-огонёк$(0).	PASS		Текст читается естественно и соответствует английскому источнику.	139		
patchouli-lang:botania:botania.page.gardenOfGlass12	sha256:3ded3c84b15551da6b43a7c244a0ae4be838b0b170123461bdc24f2e118e3618	Lastly, a way to reach the End	Наконец, рецепт $(item)портала в энд$(0)	PASS		Текст читается естественно и соответствует английскому источнику.	29		
patchouli-lang:botania:botania.page.gardenOfGlass13	sha256:f47bddb3047c609a326715ce55ac9bc0769d3b3f04223c2460119f094d670b9e	Infusing $(item)Prismarine$(0)	Наполнение $(item)призмарина$(0)	PASS		Текст читается естественно и соответствует английскому источнику.	21		
patchouli-lang:botania:botania.page.gardenOfGlass14	sha256:17ed0a948b3e9bd07b605e434d47084703d621904ec3170bd8efaa2270c1c0f5	Creating the $(item)Heart of the Sea$(0)	Создание $(item)cердца моря$(0)	PASS		Текст читается естественно и соответствует английскому источнику.	20		
patchouli-lang:botania:botania.page.gardenOfGlass2	sha256:f73b8bf7b6fef9821b5c94b0833c227c5bdd1b658f294c591bd1f69119e78cb3	After spawning in the $(item)Garden of Glass$(0), you'll find $(item)Living Roots$(0) under your feet. These can be crafted into $(item)Saplings$(0) and $(l:basics/flowers)$(item)Floral Fertilizer$(0)$(/l), or just used as $(item)Bone Meal$(0). Sneak-right clicking a $(item)Dirt$(0) or $(item)Grass$(0) block with an empty hand will rummage through the soil, yielding some $(item)Pebbles$(0); these can be converted into $(item)Cobblestone$(0). Filling a $(l:basics/apothecary)$(item)Petal Apothecary$(0)$(/l) can be done with a $(item)Bowl$(0), which in turn can be filled by right-clicking it on a water block.	После появления в $(item)стеклянном саду$(0) вы можете обнаружить $(item)жизнекорни$(0) под ногами. Они могут быть использованы для создания $(item)саженцев$(0) и $(l:basics/flowers)цветочного удобрения$(/l). Они также работают как $(item)костная мука$(0). Чтобы порыться в земле, нажмите [$(k:sneak)+$(k:use)] по блоку $(item)земли$(0) или $(item)травы$(0) пустой рукой: там вы можете найти $(item)гальку$(0), из которой можно собрать $(item)булыжник$(0). Заполнить $(item)лепестковую чашу$(0) можно с помощью $(item)миску$(0), которую, в свою очередь, можно наполнить, нажав на блок воды.	CHANGE	После появления в $(item)стеклянном саду$(0) под ногами будут $(item)жизнекорни$(0). Из них делают $(item)саженцы$(0) и $(l:basics/flowers)$(item)цветочное удобрение$(0)$(/l), либо используют как $(item)костную муку$(0). Крадучись щёлкните правой кнопкой пустой рукой по $(item)земле$(0) или $(item)траве$(0), чтобы найти $(item)гальку$(0); из неё получится $(item)булыжник$(0). $(l:basics/apothecary)$(item)Лепестковую чашу$(0)$(/l) можно наполнить $(item)миской$(0), набрав в неё воду.	Упрощено и выправлено по английскому источнику.	438	293	0.669
patchouli-lang:botania:botania.page.gardenOfGlass3	sha256:b3e3a1d26298e562651bd73524352b78335972bb0d569bf6ca7c7ec27ad9e321	Creating $(item)Saplings$(0)	Создание $(item)саженцев$(0)	PASS		Текст читается естественно и соответствует английскому источнику.	17		
patchouli-lang:botania:botania.page.gardenOfGlass4	sha256:30f969ed2aaae5ca453fd0d1bb84a65934d25c9b0d55220c0394495a8bb4028b	Creating $(l:basics/flowers)$(item)Floral Fertilizer$(0)$(/l)	Создание $(l:basics/flowers)цветочного удобрения$(/l)	PASS		Текст читается естественно и соответствует английскому источнику.	29		
patchouli-lang:botania:botania.page.gardenOfGlass5	sha256:2d2f4c2a64ca0d6d93fe9d10664bcd4d55e4a925f68a59e96a27ff40b10b9fda	Creating $(item)Cobblestone$(0)	Создание $(item)булыжника$(0)	PASS		Текст читается естественно и соответствует английскому источнику.	18		
patchouli-lang:botania:botania.page.gardenOfGlass6	sha256:35239340e4fd434d83fb4fb2d4ae3417b01956bf6baf22a642710424cbc638fe	Aside from that, some things in $(thing)Botania$(0) have been changed to fit Skyblock gameplay: The $(l:functional_flowers/orechid_gog)$(item)Orechid$(0)$(/l) is easier to make, faster, and much more $(thing)Mana$(0)-efficient; The $(l:devices/cocoon_gog)$(item)Cocoon of Caprice$(0)$(/l) and the $(l:mana/spreader)$(item)Mana Spreader$(0)$(/l) have simpler recipes; the $(l:misc/blaze_block)$(item)Blaze Mesh$(0)$(/l), which can be purified into $(item)Obsidian$(0), is made from powder instead of rods; melon and pumpkin seeds can drop from tall grass; floral fertilizer yields more per craft; and certain additional recipes have been added.	Некоторые механики $(thing)Ботании$(0) изменены, чтобы лучше вписаться в стиль Skyblock: $(l:functional_flowers/orechid_gog)рудноцвет$(/l) легче, быстрее и намного дешевле сделать; $(l:devices/cocoon_gog)кокон жизни$(/l) и $(l:mana/spreader)распространитель маны$(/l) имеют другие рецепты; $(l:misc/blaze_block)огненная сетка$(/l), которую можно использовать для создания $(item)обсидиана$(0), создаётся из порошка вместо стержней; $(item)семена арбуза$(0) и $(item)тыквы$(0) выпадают из высокой травы; получается больше $(l:basics/flowers)цветочного удобрения$(/l) за одно создание.	CHANGE	Для Skyblock изменены некоторые механики $(thing)Ботании$(0): $(l:functional_flowers/orechid_gog)$(item)рудноцвет$(0)$(/l) проще и выгоднее по $(thing)мане$(0); у $(l:devices/cocoon_gog)$(item)кокона жизни$(0)$(/l) и $(l:mana/spreader)$(item)распространителя маны$(0)$(/l) проще рецепты; $(l:misc/blaze_block)$(item)огненная сетка$(0)$(/l) для $(item)обсидиана$(0) делается из порошка; из высокой травы могут выпадать семена арбуза и тыквы; цветочное удобрение даёт больше, а также добавлены новые рецепты.	Упрощено и выправлено по английскому источнику.	397	302	0.761
patchouli-lang:botania:botania.page.gardenOfGlass7	sha256:77f0adcc38a1222677fbc324663c59979230f9e734ad747845b3c0793cd17e2e	Creating $(item)Sugar Canes$(0)	Создание $(item)сахарного тростника$(0)	PASS		Текст читается естественно и соответствует английскому источнику.	28		
patchouli-lang:botania:botania.page.gardenOfGlass8	sha256:a3800b1bc2f83b8a525fcdf82ef5a75901c4fb326c5d9b8db33e25ad611d26f0	Creating $(item)Slimeballs$(0)	Создание $(item)сгустка слизи$(0)	PASS		Текст читается естественно и соответствует английскому источнику.	22		
patchouli-lang:botania:botania.page.gardenOfGlass9	sha256:b13af394705dbf1d0cc4b7ffcc8a3370c0b828fd1194f309f5ea97d131761eba	Entering the $(thing)Nether$(0) might seem difficult under these conditions-- worry not, however, as $(l:misc/blaze_block)$(item)Blaze Meshes$(0)$(/l) (as mentioned previously) can be converted into $(item)Obsidian$(0). To get these lamps, spawn $(thing)Blazes$(0) from $(l:devices/fel_pumpkin)$(item)Fel Pumpkins$(0)$(/l).$(p)Since there's no easily accessible $(item)Flint$(0) on an island in space, a $(item)Fire Charge$(0) will have to do for portal-opening.	Может показаться, что проблематично войти в $(thing)Незер$(0), однако не волнуйтесь, так как из $(item)огненной сетки$(0), как уже упоминалось ранее, можно создать $(item)обсидиан$(0). Чтобы создать эту сетку, соберите $(thing)всполоха$(0), используя $(l:devices/fel_pumpkin)осквернённую тыкву$(0).$(p)Поскольку нет легкодоступного $(item)огнива$(0), открывать портал нужно будет $(item)огненным зарядом$(0).	CHANGE	Войти в $(thing)Незер$(0) непросто, но $(l:misc/blaze_block)$(item)огненную сетку$(0)$(/l) можно превратить в $(item)обсидиан$(0). Для неё призывайте $(thing)всполохов$(0) из $(l:devices/fel_pumpkin)$(item)осквернённых тыкв$(0)$(/l).$(p)На острове нет доступного $(item)кремня$(0), поэтому портал придётся поджечь $(item)огненным зарядом$(0).	Упрощено и выправлено по английскому источнику.	308	204	0.662
patchouli-lang:botania:botania.page.gatherDrum0	sha256:80ee9607abed8bd2f5908902a789bf512c3c49652e048a41169dddf73dc1dcb4	The $(item)Drum of the Gathering$(0) is, in effect, the rancher's $(l:devices/forest_drum)$(item)Drum of the Wild$(0)$(/l).$(p)When a $(thing)Mana Burst$(0) collides with it, any $(thing)Sheep$(0) around with grown fleece will be sheared, any $(thing)Chickens$(0) will get closer to laying their next egg, and any $(thing)Cows$(0), $(thing)Mooshrooms$(0), or $(thing)Goats$(0) with $(item)Empty Buckets$(0) below them will pour milk into the buckets.	$(item)Барабан пастушьей свирели$(0) фактически является аналогом $(l:devices/forest_drum)барабана буйной природы$(/l) для скотоводов.$(p)Когда $(thing)сгусток маны$(0) сталкивается с ним, все $(thing)овцы$(0) с отросшей шерстью будут пострижены, $(thing)куры$(0) приблизятся к сносу следующего яйца, а все $(thing)коровы$(0), $(thing)муухоморы$(0) и $(thing)козы$(0), с $(item)пустыми ведрами$(0) под ними, нальют молоко в вёдра.	CHANGE	$(item)Барабан сбора$(0) - версия $(l:devices/forest_drum)$(item)барабана буйной природы$(0)$(/l) для фермы.$(p)Когда в него попадает $(thing)сгусток маны$(0), $(thing)овцы$(0) с отросшей шерстью стригутся, $(thing)куры$(0) быстрее несут яйца, а $(thing)коровы$(0), $(thing)муухоморы$(0) и $(thing)козы$(0) с $(item)пустыми вёдрами$(0) под ними наполняют вёдра молоком.	Упрощено и выправлено по английскому источнику.	303	231	0.762
patchouli-lang:botania:botania.page.gatherDrum1	sha256:7cb4942c38a02651b841efc230e1ef6caf96297bfd4d8074db1391685ae56aa2	Tap your lands	$(o)Весёлая ферма$()	PASS		Текст читается естественно и соответствует английскому источнику.	13		
patchouli-lang:botania:botania.page.ghostRail0	sha256:6d1f750315112d2a01104210d1c81e73d3a244d0c63aabb439af67b6416ad189	Using a $(l:devices/spectral_platform)$(item)Spectral Platform$(0)$(/l) as a $(item)Rail$(0) component yields a $(item)Spectral Rail$(0), which makes $(item)Minecarts$(0) passing over it do interesting things: when launched off a $(item)Spectral Rail$(0), a minecart will float for a short distance and briefly gain the ability to pass through walls.$(p)The cart loses the ability if it lands on a rail or collides with any variant of $(l:alfhomancy/elf_resources)$(item)Dreamwood$(0)$(/l).	Из соединения $(item)рельс$(/l) со $(l:devices/spectral_platform)спектральной платформой$(/l) получаются $(item)спектральные рельсы$(0). $(item)Вагонетка$(0), съехавшая со $(item)спектральных рельс$(0), становится «призрачной» на короткое время, из-за чего может парить и проезжать сквозь стены.$(p)$(item)Вагонетка$(0) вернётся в обычное состояние, если приземлится на рельсы или столкнётся с любым видом $(l:alfhomancy/elf_resources)древесины мечтаний$(/l).	CHANGE	Если добавить к $(l:devices/spectral_platform)$(item)спектральной платформе$(0)$(/l) $(item)рельсы$(0), получатся $(item)спектральные рельсы$(0). Съехав с $(item)спектральных рельсов$(0), $(item)вагонетка$(0) ненадолго парит и проходит сквозь стены.$(p)Эффект пропадает, если она сядет на рельсы или столкнётся с $(l:alfhomancy/elf_resources)$(item)древесиной мечтаний$(0)$(/l).	Упрощено и выправлено по английскому источнику.	330	223	0.676
patchouli-lang:botania:botania.page.ghostRail1	sha256:a15805f073d59cf8a3c63c038a8b7157d078d1cb13479abe9adceebabbf1a53d	Spirit Tracks, you could say	$(o)baseball, huh$()?	CHANGE	Призрачные пути	Упрощено и выправлено по английскому источнику.	14	15	1.071
patchouli-lang:botania:botania.page.glassPick0	sha256:34d234c2588a8281077da37c330522d9dc9e4f96c5dbf49e1de3d1423fe8c838	Placing $(item)Glass$(0) wrongly and needing to break it can be a heart-shattering experience. Luckily, a $(item)Vitreous Pickaxe$(0) mining $(item)Glass$(0) blocks will yield them as items-- it's like cheap $(thing)Silk Touch$(0) for glass!	Чары «$(thing)Шёлковое касание$(0)» довольно редкие и дорогие. Если оно нужно только, чтобы собрать стекло во время строительство, то для чар есть дешёвая альтернатива — $(item)стеклянная кирка$(0)! Да, эта кирка работает только на стекло.	CHANGE	Случайно поставленное $(item)стекло$(0) бывает жалко разбивать. $(item)Стеклянная кирка$(0) добывает блоки $(item)стекла$(0) целиком - дешёвое $(thing)шёлковое касание$(0) для стекла!	Упрощено и выправлено по английскому источнику.	216	138	0.639
patchouli-lang:botania:botania.page.glassPick1	sha256:9ed216fdd7653bc8f00dfde4c3ba69692d6ac75b3c4d2156578c5c37aaf712bf	Poor man's silk touch	$(o)«Шёлковое касание» бедняка$()	PASS		Текст читается естественно и соответствует английскому источнику.	26		
patchouli-lang:botania:botania.page.goddessCharm0	sha256:bd741d5af6342279268cba39b0a505ee58f212d6c9d430cefb9219498a18fd6b	The $(item)Benevolent Goddess' Charm$(0) is a defensive $(thing)Trinket$(0) that's worn (as its name implies) in the $(thing)Charm$(0) slot.$(p)When worn, it uses $(thing)Mana$(0) to prevent explosions in its wearer's vicinity from damaging any blocks in the world.	$(item)Оберег милосердной богини$(0) — это защитная безделушка, экипируемая в слот $(thing)аксессуаров «Амулет»$(0).$(p)При ношении потребляет $(thing)ману$(0), чтобы поглотить любой взрыв рядом с вами, тем самым отменяя их разрушительный эффект.	CHANGE	$(item)Оберег милосердной богини$(0) - защитный $(thing)аксессуар$(0) для слота $(thing)амулета$(0).$(p)Он расходует $(thing)ману$(0), чтобы взрывы рядом с носителем не разрушали блоки.	Упрощено и выправлено по английскому источнику.	207	134	0.647
patchouli-lang:botania:botania.page.goddessCharm1	sha256:93a74a1cbfcffbb6e1ed0fbccf020056163084310f3259947eec394d008341d5	No EXPLOSION!	$(o)Скажи «НЕТ!» взрывам$()	PASS		Текст читается естественно и соответствует английскому источнику.	20		
patchouli-lang:botania:botania.page.gourmaryllis0	sha256:1d1f3c2d24373306546895e11808666b4e2452c1fb24f4a9594ad9482a820eef	The $(item)Gourmaryllis$(0) is one hungry flower. It'll eat any food items it finds in a small area and turn them into $(thing)Mana$(0).$(p)There's a catch, though: it can only digest a single food item at any given time, outputting $(thing)Mana$(0) once it's done. It will devour any other foods while digesting, but yield no returns for those.	$(item)Гурмарилис$(0) — очень голодный цветок. Он ест любую пищу в небольшой области вокруг себя и превращает её в $(thing)ману$(0).$(p)Однако он может переваривать только одно блюдо за раз и выдаёт $(thing)ману$(0) только после завершения переваривания. Любая другая еда, съеденная во время переваривания в первого куска, тоже будет проглочена, но мана из неё не будет создана.	CHANGE	$(item)Гурмарилис$(0) - очень голодный цветок. Он съедает еду рядом и превращает её в $(thing)ману$(0).$(p)Но переваривать он может только один предмет за раз. Другую еду он тоже съест, однако $(thing)маны$(0) за неё не даст.	Упрощено и выправлено по английскому источнику.	339	186	0.549
patchouli-lang:botania:botania.page.gourmaryllis1	sha256:4438c56c7e7de284d87567660cd8c4fdf7d4ef8e011a899679e4324bbf36dba3	The amount of time it takes to digest a delicacy depends on the food's nutritional value-- in layman's terms: the number of food points it restores.$(p)Thus, a $(item)Steak$(0) will take four seconds to digest, an $(item)Apple$(0) will take two, a loaf of $(item)Bread$(0) will take two and a half, and so on.$(p)The rate of $(thing)Mana$(0) production will also vary with nutrition: the $(item)Gourmaryllis$(0) prefers bigger foods.	Время, необходимое для переваривания деликатеса, зависит от его питательной ценности — проще говоря: от количества восстанавливаемых очков сытости этой едой.$(p)Так, $(item)стейк$(0) будет перевариваться 4 секунды, $(item)морковь$(0) — за две, а буханка $(item)хлеба$(0) — за две с половиной и так далее.$(p)Скорость производства $(thing)маны$(0) также зависит от питания: $(item)гурмарилис$(0) предпочитает более сытные продукты.	CHANGE	Время переваривания зависит от питательности еды, то есть от числа очков голода.$(p)$(item)Стейк$(0) переваривается 4 секунды, $(item)яблоко$(0) - 2, а $(item)хлеб$(0) - 2,5.$(p)Скорость выработки $(thing)маны$(0) тоже зависит от питательности: $(item)гурмарилис$(0) любит сытную еду.	Упрощено и выправлено по английскому источнику.	366	220	0.601
patchouli-lang:botania:botania.page.gourmaryllis2	sha256:946da23e95efd1f4ae35eb3f40bcf510bfd944d466558b1aa8735e1d6fbad941	For example, a single $(item)Steak$(0) will produce more $(thing)Mana$(0) than two $(item)Apples$(0), both in total and per-second.$(p)Of course, like any proper gourmand, the $(item)Gourmaryllis$(0) loves variety in its diet; feeding it many different foods can be very rewarding. (Giving it the same food repeatedly might not go over so well, though.)$(p)An experienced botanist can infer the $(item)Gourmaryllis$(0)' mood from the sounds it makes.	Например, один $(item)стейк$(0) даст больше $(thing)маны$(0), чем два $(item)яблока$(0), как в сумме, так и за секунду.$(p)Однако, как и любой гурман, $(item)гурмарилис$(0) любит разнообразие в своём рационе: кормление его разными продуктами хорошо вознаграждается, и наоборот, одна и та же еда раздражает цветок.$(p)Опытный ботаник может определить настроение $(item)гурмарилиса$(0) по издаваемым им звукам.	CHANGE	Один $(item)стейк$(0) даст больше $(thing)маны$(0), чем два $(item)яблока$(0), и всего, и в секунду.$(p)Как любой гурман, $(item)гурмарилис$(0) любит разнообразие: разные продукты дают лучшую отдачу, а одинаковая еда ему надоедает.$(p)Опытный ботаник поймёт настроение $(item)цветка$(0) по звукам.	Упрощено и выправлено по английскому источнику.	344	233	0.677
patchouli-lang:botania:botania.page.gourmaryllis3	sha256:e10608fbddcac853c946f88e268b56200a140e03e4158316c0afd2cb0ac9b2bf	$(o)A hot pot for our new residents$().	$(o)Не в пирогах счастье? Ты что, сошёл с ума$()?	PASS		Текст читается естественно и соответствует английскому источнику.	42		
patchouli-lang:botania:botania.page.grassHorn0	sha256:b2035c810489da80537a3102480aa54c5b9134cd64618ce84751b77e7fc01e46	Clearing out large areas of $(item)Tall Grass$(0) by hand is a nuisance, as is the process of harvesting large fields of crops.$(p)Simply blowing into the $(item)Horn of the Wild$(0) will cause any nearby vegetation to quickly uproot, leaving behind drops as if they had been broken by hand.$(p)The horn can be tuned to break $(item)leaves$(0) or $(item)snow$(0) instead.	Ручная очистка участка от $(item)высокой травы$(0) определённо неприятное занятие. Просто дунув в $(item)рог буйной природы$(0) можно быстро очистить местность от растительности, — останутся только выпавшие ресурсы.$(p)Небольшой модификацией можно создать рог, срывающий $(item)листья$(0), или рог, задувающий $(item)снег$(0).	CHANGE	Вручную убирать заросли $(item)высокой травы$(0) и собирать большие поля утомительно.$(p)Дуньте в $(item)рог буйной природы$(0), и растительность рядом быстро вырвется с корнем, оставив добычу.$(p)Рог можно настроить на $(item)листья$(0) или $(item)снег$(0).	Упрощено и выправлено по английскому источнику.	278	206	0.741
patchouli-lang:botania:botania.page.grassHorn1	sha256:bffd711030965e7fe4404457b9c34430cf78d5fb6a89cd1125f71c00a8574178	Crafting the horn	Создание $(item)рога$(0)	PASS		Текст читается естественно и соответствует английскому источнику.	13		
patchouli-lang:botania:botania.page.grassHorn2	sha256:aca0a48b30e2e5fde5d2b85e8a5d489c30259776ee6424d4835387c9fa8c09c0	Adjusting for $(item)Leaves$(0)	Калибровка рога на $(item)листья$(0)	PASS		Текст читается естественно и соответствует английскому источнику.	25		
patchouli-lang:botania:botania.page.grassHorn3	sha256:ce32e52eff3dbfce8841a4d1d4666fd54769754d07582a54ba5bfa80b79a59dd	Adjusting for $(item)Snow$(0)	Калибровка рога на $(item)снег$(0)	PASS		Текст читается естественно и соответствует английскому источнику.	23		
patchouli-lang:botania:botania.page.grassSeeds0	sha256:f3ccd4601a03ba757acbfa19bae2162d796a2138132ebddf007b3751f8cbf08f	Watching the slow grow of $(item)Grass$(0) is seldom a fun activity. $(item)Tall Grass$(0), infused with $(thing)Mana$(0), becomes $(item)Pasture Seeds$(0), which will grow grass in a nearby area when used on a $(item)Dirt$(0) block, either by hand or in a $(item)Dispenser$(0).$(p)Other dirt-type blocks can also be grown, such as $(item)Podzol$(0) or $(item)Mycelium$(0), from alternative seeds.	Смотреть на долгое рост $(item)дёрна$(0) так же интересно, как смотреть на сохнущую стену. Обогатив $(item)высокую траву$(0) $(thing)маной$(0), можно создать $(item)луговое семя$(0), которое заставит расти траву в любой бесплодной области. Посадить семя можно нажатием [$(k:use)] по земле или $(item)раздатчиком$(0).$(p)Можно создать и другие типы почвы, например $(item)подзол$(0) или $(item)мицелий$(0), из других луговых семян.	CHANGE	Ждать, пока вырастет $(item)трава$(0), скучно. Напитайте $(item)высокую траву$(0) $(thing)маной$(0), чтобы получить $(item)луговые семена$(0). Примените их к $(item)земле$(0) рукой или $(item)раздатчиком$(0), и трава разрастётся рядом.$(p)Другие семена создают $(item)подзол$(0) или $(item)мицелий$(0).	Упрощено и выправлено по английскому источнику.	340	209	0.615
patchouli-lang:botania:botania.page.grassSeeds1	sha256:80c9cf91000dc5ebc686e566d03cec320e11ae42161e34d225dcdc5b1304a023	$(item)Pasture Seeds$(0) for $(item)Grass$(0)	$(item)Луговое семя$(0) — $(item)дёрн$(0)	PASS		Текст читается естественно и соответствует английскому источнику.	19		
patchouli-lang:botania:botania.page.grassSeeds2	sha256:9e43b7a43d705906d8fbdf4d028ee517a16fcc5e57119199a1b45b95fe114485	$(item)Boreal Seeds$(0) for $(item)Podzol$(0)	$(item)Таёжное луговое семя$(0) — $(item)подзол$(0)	PASS		Текст читается естественно и соответствует английскому источнику.	29		
patchouli-lang:botania:botania.page.grassSeeds3	sha256:7768fd0542d29d43699f094ef4841466ece3d45df25198f123e7489979e77900	$(item)Infestation Spores$(0) for $(item)Mycelium$(0)	$(item)Грибное споровое семя$(0) — $(item)мицелий$(0)	PASS		Текст читается естественно и соответствует английскому источнику.	31		
patchouli-lang:botania:botania.page.grassSeeds4	sha256:9e134ccdf0d85843c37b701a16ef1b886145d8172decea231d2a43590797dffe	An additional six types of $(item)Pasture Seeds$(0) can be created, for alternative grasslike blocks with various textures.$(p)These spread to dirt like normal and can sustain any plant a block of grass can. Similarly, they may only be picked up with $(thing)Silk Touch$(0). However, these blocks don't decay back into dirt if covered.	Существует дополнительные шесть типов $(item)луговых семян$(0) для искусственных типов почвы с разными текстурами. $(p)Они распространяются по земле и могут поддерживают любую флору. Точно так же, как и $(item)дёрн$(0), эти почвы можно собрать с помощью чар «$(thing)Шёлковое касание$(0)». Тем не менее, они не разрушаются обратно в землю, если на них стоит блок.	CHANGE	Есть ещё шесть видов $(item)луговых семян$(0), создающих почву с другими текстурами.$(p)Они распространяются по земле и поддерживают растения, как трава. Собрать их можно только $(thing)шёлковым касанием$(0), зато под блоками они не превращаются обратно в землю.	Упрощено и выправлено по английскому источнику.	325	235	0.723
patchouli-lang:botania:botania.page.grassSeeds5	sha256:702e3f7d43c803532767ea442257b58c71dff20b8aa36552617f3048ad1156fe	The alternate $(item)Pasture Seeds$(0)	Альтернативные $(item)луговые семена$(0)	PASS		Текст читается естественно и соответствует английскому источнику.	29		
patchouli-lang:botania:botania.page.gravityRod0	sha256:18b680fea5b952a5e57f6c5c09f4d08cd441376666698d0e8ab949adf6cf8437	The $(item)Rod of the Shaded Mesa$(0) is a powerful artifact; legend has it that the first of these devices was found lying atop a dusky geographical feature next to a single crowbar.$(p)To use this device, aim it at a mob or item and hold right-click to pick it up. Releasing right-click will drop the held entity, while punching with it will toss the entity in a powerful burst.	$(item)Скипетр тёмной мезы$(0) чрезвычайно мощный артефакт; легенды говорят, что оригинал этого инструмента был найден среди разного хлама на вершине чёрной горы, около странного красной металлического стержня, похожего на какой-то инструмент и прямоугольных очков.	CHANGE	$(item)Скипетр тёмной мезы$(0) - мощный артефакт.$(p)Наведите его на моба или предмет и удерживайте правую кнопку, чтобы поднять цель. Отпустите кнопку, чтобы бросить её, а атакой швырните с силой.	Упрощено и выправлено по английскому источнику.	254	172	0.677
patchouli-lang:botania:botania.page.gravityRod1	sha256:972c66d959d4bde61716364ab3fb7a5813fa523651e5f67a7a4c2eb31fd495b5	This power does not come free, of course. Its use requires a constant drain of $(thing)Mana$(0) from the user's inventory.	Чтобы использовать это устройство, нужно направить скипетр на моба (или выброшенный предмет) и зажать [$(k:use)], чтобы схватить его. Моб упадёт на землю, если отпустить [$(k:use)]; моба швырнёт в сторону взгляда, если нажать [$(k:attack)].$(p)Эта власть, разумеется, не даётся даром и требует значительных затрат $(thing)маны$(0) из инвентаря пользователя.	PASS		Текст читается естественно и соответствует английскому источнику.	314		
patchouli-lang:botania:botania.page.gravityRod2	sha256:1cd216162519115303bb58f47b10b8a78defb5759c34af1ff4eaa556cb7a9ff2	bun pls	$(o)бан плиз$()	PASS		Текст читается естественно и соответствует английскому источнику.	8		
patchouli-lang:botania:botania.page.headCreating0	sha256:03f9f374a1babfaab6d068e687c9c74032ed542dbc26523da068c07583d3fadc	A commonly-invoked spell of the Elves is the use of a few resources and a $(item)Name Tag$(0) to transmute a piece of $(l:basics/pure_daisy)$(item)Livingrock$(0)$(/l) into the head of the $(thing)Player$(0) named by the tag.$(p)Its exact mechanics are unknown, but the spell seems easy enough to replicate on a $(l:basics/rune_altar)$(item)Runic Altar$(0)$(/l).	Эльфы — мастера магической скульптуры. Для этого дела они даже изобрели рецепт преобразования куска $(l:basics/pure_daisy)жизнекамня$(/l) в голову $(thing)игрока$(0), чьё имя указанно в $(item)бирке$(0).$(p)Точные механизмы этого заклинания неизвестны, но, кажется, его легко воспроизвести на $(l:basics/rune_altar)руническом алтаре$(/l).	PASS		Текст читается естественно и соответствует английскому источнику.	257		
patchouli-lang:botania:botania.page.headCreating1	sha256:b4bb0605beef34807d94893e38012c721d3fdd4601950e2ed95917a818291b15	Get your head in the game	$(o)У меня это просто в голове не укладывается$()	PASS		Текст читается естественно и соответствует английскому источнику.	42		
patchouli-lang:botania:botania.page.headCreating2	sha256:b654810d135a3ab997659d5a21e51a3be60c1b6b0c52309b941a0646c237a57e	A subset of the $(thing)Minecraft$(0) community (whoops fourth wall) has dedicated itself to creating heads that serve as all sorts of decorations. Avid decorators might consider visiting some community websites that aggregate these heads.$(br)Some sites also provide advanced commands that include the necessary Base64-encoded texture reference data for the book version of the recipe. The actual skin URL or hash will also work.	Часть сообщества $(thing)Minecraft$(0) (упс, опять уронил четвёртую стену) посвятила себя созданию голов, служащих только как декор. Увлечённым декораторам стоит рассмотреть возможность посетить несколько сайтов сообщества, собирающие такие декоративные головы.	CHANGE	Часть сообщества $(thing)Minecraft$(0) (упс, четвёртая стена) создаёт декоративные головы. Любителям декора стоит поискать сайты, которые собирают такие головы.$(br)Некоторые сайты дают команды с данными текстур в Base64 для книжного рецепта. Подойдёт и URL или хеш скина.	Упрощено и выправлено по английскому источнику.	249	255	1.024
patchouli-lang:botania:botania.page.heiseiDream0	sha256:b1c49e70079193b6cba406d84e22a6be73168ee321a9addb0f8c9ad2f98c5227	The $(item)Heisei Dream$(0) uses $(thing)Mana$(0) to fuel artificial emotions of anger and revenge in any nearby $(thing)mobs$(0), turning them against each other.	$(item)Грёзы Хэйсэй$(0) использует $(thing)ману$(0), чтобы пробуждать неестественное чувство злости и мести у всех ближайших $(thing)мобов$(0), из-за чего те рвутся друг друга убить.	CHANGE	$(item)Грёзы Хэйсэй$(0) расходуют $(thing)ману$(0), пробуждая у ближайших $(thing)мобов$(0) злость и жажду мести. Они начинают драться друг с другом.	Упрощено и выправлено по английскому источнику.	147	114	0.776
patchouli-lang:botania:botania.page.heiseiDream1	sha256:329e947142992159848dbc3961b55321f6b974e85a3cbcbd5afb4a0840de6745	$(o)A pleasant era will murder people$().	$(o)Слишком удобная жизнь погубит людей$()	PASS		Текст читается естественно и соответствует английскому источнику.	35		
patchouli-lang:botania:botania.page.hopperhock0	sha256:daf127700ee071d71b1637c9378119cc44551ad1f8aaad1d2a3a0321f860d889	The $(item)Hopperhock$(0) simply picks up items around it and put them in adjacent inventories (like $(item)Chests$(0)). $(thing)Mana$(0) is optional, but will increase its range if provided.$(p)Placing $(item)Item Frames$(0) on adjacent inventories will specify which items can or can't go in them.	$(item)Воронкальва$(0) подбирает предметы вокруг неё и перемещает их в ближайшие контейнеры (в $(item)сундуки$(0), $(item)шалкеровые ящики$(0), $(item)бочки$(0) и тому подобное). Питать $(item)воронкальву$(0) $(thing)маной$(0) не обязательно, но это увеличит область действия цветка.$(p)$(item)Рамка$(0) с предметом, прикреплённая к контейнеру, фильтрует предметы, которые $(item)воронкальва$(0) может переместить в этот контейнер.	PASS		Текст читается естественно и соответствует английскому источнику.	338		
patchouli-lang:botania:botania.page.hopperhock1	sha256:ad254d9a04d1858a47e2fdc094d8ac37f3cbf26408adf3c094fad72df64413fb	A non-empty container item, such as a $(l:basics/flower_bag)$(item)Flower Pouch$(0)$(/l), in a $(item)Glow Item Frame$(0) filters by the contents of the item instead of the item itself.$(p)Any inventory with no adjacent $(item)Item Frame$(0) can accept any items, but labelled inventories will take priority.$(p)The rule used to sort items can be changed by sneak-right clicking (or using a $(item)Dispenser$(0)) on the flower with a $(l:basics/wand)$(item)Wand of the Forest$(0)$(/l) in $(thing)Function Mode$(0).	Если повесить не пустой предмет-контейнер (например, $(item)шалкеровый ящик$(0)) в $(item)светящуюся рамку$(0), $(item)воронкальва$(0) будет учитывать все предметы внутри предмета-контейнера в фильтре. Контейнеры без прикреплённой $(item)рамки$(0) принимают любые предметы, но контейнеры с $(item)рамкой$(0) имеют повышенный приоритет.$(p)Правило сортировки предметов по контейнерам может быть изменено нажатием [$(k:sneak)+$(k:use)] с $(l:basics/wand)жезлом леса$(/l) в $(thing)функциональном режиме$(0) по цветку.	CHANGE	Непустая $(l:basics/flower_bag)$(item)сумка для цветов$(0)$(/l) в $(item)светящейся рамке$(0) фильтрует по содержимому, а не по самому предмету.$(p)Контейнер без соседней $(item)рамки$(0) принимает всё, но помеченные контейнеры важнее.$(p)Правило сортировки меняется, если крадучись щёлкнуть по цветку $(item)раздатчиком$(0) или $(l:basics/wand)$(item)жезлом леса$(0)$(/l) в $(thing)функциональном режиме$(0).	Упрощено и выправлено по английскому источнику.	405	288	0.711
patchouli-lang:botania:botania.page.hopperhock2	sha256:438c2803f1aa92b76e2c7cab45c186bf6dc70b3930deb691a94062cafb603186	$(o)Hungry hungry flowers$().	$(o)Голодные-голодные цветочки$().	PASS		Текст читается естественно и соответствует английскому источнику.	27		
patchouli-lang:botania:botania.page.hourglass0	sha256:a2ff0c352fb44fd0db4e4f5314165e929000af62ce2d9a613191f48baa02799b	The ability to keep time is an essential one for anyone who wishes to build any redstone-y contraptions. A classical timer, however, can take up frankly unfortunate amounts of space, to say nothing about efficiency. The $(item)Hovering Hourglass$(0) is a simple, precise, sand-based timer. As its name implies, it's a hourglass that hovers and turns by itself.	Обычные редстоун-таймеры могут быть крайне громоздкими, громкими и «лагучими». $(item)Парящие песочные часы$(0) — это простой точный магический таймер на песке, поворачивающий сам по себе.	PASS		Текст читается естественно и соответствует английскому источнику.	177		
patchouli-lang:botania:botania.page.hourglass1	sha256:6e14cf2da7ae0cc595a6ef7beb8883ca6888bec60acd8c3a9b880541908ab084	The hourglass can hold up to one stack of either $(item)Sand$(0), $(item)Red Sand$(0) or $(item)Soul Sand$(0), added via right-click. Right-clicking a filled hourglass removes its sand. Once sand is added, it'll start draining from one of the chambers into the other. Once the sand finishes draining, the hourglass emits one redstone pulse and flips, restarting the process.	Песочные часы могут хранить до стака $(item)песка$(0) или $(item)красного песка$(0) или $(item)песка душ$(0). Насыпать песок в часы нажатием [$(k:use)]; повторное нажатие, чтобы забрать его. Как только песок попадёт в часы, он сразу начнёт пересыпаться в другую камеру. Когда песок пересыпется до конца, часы выдадут короткий редстоун-импульс и перевернутся, запустив процесс заново.	CHANGE	В часы можно добавить до стака $(item)песка$(0), $(item)красного песка$(0) или $(item)песка душ$(0) правой кнопкой мыши. Повторное нажатие забирает песок. Он пересыпается в другую камеру; когда закончится, часы дают редстоун-импульс, переворачиваются и начинают заново.	Упрощено и выправлено по английскому источнику.	342	228	0.667
patchouli-lang:botania:botania.page.hourglass2	sha256:20b0d7002a26ea53456b115e5f88f34787e675d66885d4c27e9c6523bd89884c	The amount of time between pulses is dependent on the type and quantity of sand in the chamber. A single block of $(item)Sand$(0) takes one second to fall, $(item)Red Sand$(0) ten seconds, and $(item)Soul Sand$(0) one minute. Sand types can't be mixed; the current time between pulses can be seen by holding a $(l:basics/wand)$(item)Wand of the Forest$(0)$(/l) over the Hourglass.	Количество времени между импульсами зависит от количества и типа песка в часах:$(li)$(item)Песок$(0) = 1 секунда за блок;$(li)$(item)красный песок$(0) = 10 секунд;$(li)$(item)песок душ$(0) = 1 минута.$(br)Нельзя смешивать типы песка. Время между импульсами можно увидеть, нажав [$(k:use)] по часам с $(l:basics/wand)жезлом леса$(/l).	PASS		Текст читается естественно и соответствует английскому источнику.	251		
patchouli-lang:botania:botania.page.hourglass3	sha256:09ec8dfae5adcdafdc13eb6d150489768bf938148226ca3e9ff3a21f62354a5a	Note that sand can't be added incrementally by hand, so the size of the sand stack should be adjusted in-inventory.$(p)The sand in the hourglass can, however, be adjusted by $(item)Hoppers$(0) or similar means.	Обратите внимание, что песок нельзя добавлять постепенно, поэтому количество добавляемого песка должно быть установлено в инвентаре.$(p)Однако, песок в часах можно настроить точнее с помощью $(item)воронки$(0) или другими похожими устройствами.	CHANGE	Песок нельзя добавлять по одному, поэтому заранее разделите стак в инвентаре.$(p)Зато количество песка в часах можно менять $(item)воронками$(0) и похожими устройствами.	Упрощено и выправлено по английскому источнику.	229	154	0.672
patchouli-lang:botania:botania.page.hourglass4	sha256:ec8cc638338e383f46eba4d4e9f28a3656e53a8a28957573b2df2c50350ff723	Right-clicking an hourglass with a $(l:basics/wand)$(item)Wand of the Forest$(0)$(/l) locks (or unlocks) it. When locked, sand can't be added or removed from an hourglass (just in case someone right-clicks the hourglass on accident).$(p)If a $(thing)Mana Burst$(0) collides with an hourglass, it'll stem the flow of sand and pause the timer; another burst will continue the timer.	Нажатие [$(k:use)] по часам $(l:basics/wand)жезлом леса$(/l) заблокирует или разблокирует их. В заблокированных часах нельзя добавить или удалить песок (если кто-нибудь случайно нажмёт [$(k:use)] по часам). $(p)$(thing)Сгусток маны$(0) так же останавливает и запускает часы.	CHANGE	Щёлкните правой кнопкой по часам $(l:basics/wand)$(item)жезлом леса$(0)$(/l), чтобы заблокировать или разблокировать их. В заблокированные часы нельзя добавить или забрать песок.$(p)$(thing)Сгусток маны$(0) останавливает поток песка, а следующий запускает его снова.	Упрощено и выправлено по английскому источнику.	221	205	0.928
patchouli-lang:botania:botania.page.hourglass5	sha256:e0dae675a818e2ab592e19f264f3715833b1b5ffa76d51f7ff85bf3e046f207f	The sands of time	$(o)Это с меня песок сыпется$()	PASS		Текст читается естественно и соответствует английскому источнику.	24		
patchouli-lang:botania:botania.page.hourglass6	sha256:b046a0bc44b7245ce160abb13cacab9f5999f2924136fea68c58e8cbe50d1345	$(l:mana/pool)$(item)Mana Powder$(0)$(/l) can be used in lieu of sand; doing this turns an hourglass from a $(thing)timer$(0) into a $(thing)counter$(0).$(p)Instead of sand flowing over time, the hourglass will drop one unit of powder every time a $(thing)Mana Burst$(0) collides with it. For example, ten pieces of powder in an hourglass will require 10 $(thing)Mana Bursts$(0) for a redstone pulse.	Вместо песка можно использовать $(l:mana/pool)манапыль$(/l), но это превращает песочные часы из $(thing)таймера$(0) в $(thing)счётчик$(0).$(p)Вместо того, чтобы песок отсчитывал промежутки времени, в часах, $(l:mana/pool)манапыль$(/l) будет отсчитывать по пылинке каждый раз, когда $(thing)сгусток маны$(0) попадает по часам. Например, если в часах будет десять частей пыли, то потребуется 10 попаданий по часам для получения редстоун-импульса.	CHANGE	Вместо песка можно использовать $(l:mana/pool)$(item)манапыль$(0)$(/l), превратив часы из $(thing)таймера$(0) в $(thing)счётчик$(0).$(p)При каждом попадании $(thing)сгустка маны$(0) часы сбрасывают одну пылинку. Например, для редстоун-импульса из 10 пылинок нужно 10 $(thing)сгустков маны$(0).	Упрощено и выправлено по английскому источнику.	366	210	0.574
patchouli-lang:botania:botania.page.hyacidus0	sha256:f6118d5b3d8b1ebd5b512762e2be0ae949e1072b0fd2b6d88b9292e8b679087e	For some reason, poison does not kill. The $(item)Hyacidus$(0) conjures it within the bodies of nearby mobs, bringing them to their knees (after a wait) for a one-hit kill.	По какой-то причине, яд не убивает. $(item)Гаяцидус$(0) использует $(thing)ману$(0), чтобы мистически отравлять мобов поблизости изнутри и держать их при смерти.	CHANGE	Почему-то яд не убивает. $(item)Гаяцидус$(0) отравляет ближайших мобов, оставляя их почти без здоровья, чтобы добить одним ударом.	Упрощено и выправлено по английскому источнику.	138	119	0.862
patchouli-lang:botania:botania.page.hyacidus1	sha256:f90d11e2c953516698849132205afbf6ed122b22d1627ddc6d174c6ec42b6774	$(o)Steel is immune$().	$(o)Сталь иммунна$()	PASS		Текст читается естественно и соответствует английскому источнику.	13		
patchouli-lang:botania:botania.page.hydroangeas0	sha256:50a2ee60113e6a66aa0ca1b7f55cd8545b393b7ba647439eb4882f3fc2706836	$(item)Hydroangeas$(0) flowers act as liquid-based passive generators. They suck up any $(item)still water$(0) in a 3x3 area (at the same altitude) around them, converting the water into $(thing)Mana$(0). Unfortunately, even though they seem to function faster during $(thing)Rain$(0), their base $(thing)Mana$(0) throughput is still rather slow. In addition, they decay after around three days, making them nonviable for long-term Mana production.	$(item)Водогортензия$(0) поглощает стоячую $(item)воду$(0) из площади 3×3 вокруг себя на той же высоте и создаёт из неё $(thing)ману$(0). К сожалению, даже если цветок работает быстрее во время $(thing)дождя$(0), количество генерируемой им маны всё ещё мало.$(p)Примечание: $(item)водогортензия$(0) увядает через 3 суток.	CHANGE	$(item)Водогортензия$(0) - пассивный генератор: она поглощает стоячую $(item)воду$(0) в зоне 3x3 на своей высоте и превращает её в $(thing)ману$(0). Под $(thing)дождём$(0) работает быстрее, но всё равно производит мало $(thing)маны$(0) и увядает примерно через несколько дней.	Упрощено и выправлено по английскому источнику.	260	209	0.804
patchouli-lang:botania:botania.page.hydroangeas1	sha256:30b38fc6e3377f6c1bb50840343e973c9d8507d48c52d90a1d31acc2a8205033	$(o)Under the seeeeeeaaaaaaa~	$(o)Кто проживает на дне океана$()?	PASS		Текст читается естественно и соответствует английскому источнику.	28		
patchouli-lang:botania:botania.page.icePendant0	sha256:cec4ac1e886021006d5f2c49b13db18647188df2886dae9627192ba7c1f2a372	The $(item)Snowflake Pendant$(0) is a $(thing)Trinket$(0) that's saturated with freezing energies. Any nearby still $(item)Water$(0) blocks near its wearer's feet will be temporarily frozen into $(item)Ice$(0); said $(item)Ice$(0) will melt shortly after the wearer leaves the area (as if the wearer had $(thing)Frost Walker$(0) boots). A trail of $(item)Snow Layers$(0) is also left in its wearer's path.	$(item)Кулон со снежинкой$(0) — это $(thing)аксессуар$(0), насыщенный морозной энергией. Любые блоки стоячей $(item)воды$(0) под ногами носителя будут временно обращены в $(item)блоки льда$(0); этот $(item)лёд$(0) растает вскоре после того, как носитель покинет область (как если бы у носителя были $(thing)сапоги с чарами «Ледоход»$(0)). Также под носителем остаётся след из $(item)снега$(0).	PASS		Текст читается естественно и соответствует английскому источнику.	314		
patchouli-lang:botania:botania.page.icePendant1	sha256:562108f6109548d0926662cdce212668b5eead435e44cb8017e339bf4d8d2553	This charm will cease its freeze if its wearer is sneaking or fully submerged, and also makes its wearer immune to the effects of $(thing)Powder Snow$().	Ожерелье не может замораживать воду, если носитель крадётся или полностью погружён в воду. Ожерелье также делает носителя невосприимчивым к эффектам $(item)рыхлого снега$().	PASS		Текст читается естественно и соответствует английскому источнику.	163		
patchouli-lang:botania:botania.page.icePendant2	sha256:22fdf193086e37578f9577b70c487914f6c7dadf154705e5e4149bd1fbaf2485	Do you want to build a snowman?	$(o)Слепи снеговика мне$()	PASS		Текст читается естественно и соответствует английскому источнику.	19		
patchouli-lang:botania:botania.page.incense0	sha256:a3cceed9f2def1468e3497a06f8c013841e6f1407651f524550fbc145ecd5b19	$(thing)Brews$(0) can provide a great variety of effects when in liquid form. However, their effects don't last long, and $(item)Vials$(0) take up inventory space besides. Using $(item)Incense Sticks$(0) instead of containers can mitigate these problems. Sticks are infusable with $(thing)Brew$(0) effects, just like containers, but take around ten times as much $(thing)Mana$(0) to do so.	$(thing)Отвары$(0) в жидкой форме легко использовать, и они могут хранить много эффектов, но их действие коротко и под сосуды нужно выделять место в инвентаре. В некоторых случаях лучше использовать $(item)манаманаароматические палочки$(0). Они могут быть напитаны эффектами $(thing)отваров$(0) и хотя, стоят в 10 раз больше маны, но и горят в 60 раз дольше, чем действуют жидкие отвары.	PASS		Текст читается естественно и соответствует английскому источнику.	352		
patchouli-lang:botania:botania.page.incense1	sha256:890e771db2f24617c41f556baf229bace268a24890803b20e3f6cc2005a1061c	An $(item)Incense Stick$(0) can be placed on an $(item)Incense Plate$(0) by right-clicking on the latter with the former, and a simple click with a $(item)Flint and Steel$(0) will light it up. Once lit, a stick can not be retrieved.$(p)A single stick of incense will burn for sixty times as long as its liquid counterpart before needing to be replaced.	Палочки можно размещать на $(item)манаароматической подставке$(0). Нажмите [$(k:use)] с палочкой по подставке и зажгите $(item)огнивом$(0). Тлеющую палочку нельзя извлечь. $(p)Палочка, тлеющая на (item)манаароматической подставке$(0), наделяет любых игроков в радиусе 30 блоков от подставки эффектами $(thing)отваров$(0), введённых в палочку.	CHANGE	Поставьте $(item)манаароматическую палочку$(0) на $(item)манаароматическую подставку$(0) правой кнопкой мыши и подожгите $(item)огнивом$(0). Горящую палочку нельзя забрать.$(p)Одна палочка горит в 60 раз дольше, чем действует такой же жидкий отвар.	Упрощено и выправлено по английскому источнику.	292	203	0.695
patchouli-lang:botania:botania.page.incense2	sha256:d38a465144a04b38106b5584af94aa66e14a9079b99b689caa716ec71822ec17	$(item)Incense Plates$(0) that are burning $(item)Incense Sticks$(0) will provide the effects of the $(thing)Brew$(0) infused in the stick to any players in a 30-block radius of the plate.$(p)Not all $(thing)Brews$(0) can be infused into $(item)Incense Sticks$(0); for example, $(thing)Instant Health$(0) or $(thing)Absorption$(0) sticks won't brew, nor will any brews with more than one effect.	Не всеми $(thing)отварами$(0) можно напитать $(item)манаароматическую палочку$(0): эффекты «$(thing)Мгновенное лечение$(0)», «$(thing)Поглощение$(0)» и сложные отвары (несколько эффектов в одном отваре) работают только в жидком виде, напитать палочку ими попросту невозможно.	CHANGE	$(item)Манаароматические подставки$(0) с горящими $(item)палочками$(0) дают эффект $(thing)отвара$(0) всем игрокам в радиусе 30 блоков.$(p)Не каждый $(thing)отвар$(0) подходит: палочки с $(item)мгновенным лечением$(0), $(thing)поглощением$(0) и $(thing)несколькими эффектами$(0) не создаются.	Упрощено и выправлено по английскому источнику.	228	211	0.925
patchouli-lang:botania:botania.page.incense3	sha256:03bb2365682862d15c31434a6f9337330337e64d598296eacbdcd6bc3f804b37	Incense is wincense	$(o)Осуждаем отсылку в оригинале, но как говорится, дело благовонное$()	PASS		Текст читается естественно и соответствует английскому источнику.	64		
patchouli-lang:botania:botania.page.incense4	sha256:f8afa757f8785e8b06f1b22b4110dafbcc4481a55831c42f7c683bd55b4b175f	I can incense it	$(o)Да, я чувствую это$()	PASS		Текст читается естественно и соответствует английскому источнику.	18		
patchouli-lang:botania:botania.page.incense5	sha256:bd9b0f94b8c63ab82d40af5316505ad7cbdc235d03af83bba58845096e14e449	For incense lovers who're also automation junkies, the $(item)Incense Plate$(0) can receive items through $(item)Hoppers$(0) or other inputs. It'll output a $(item)Comparator$(0) signal of 1 when it has a stick and 2 when it's burning it, and if a $(thing)Mana Burst$(0) with a $(l:mana/lens)$(item)Kindle Lens$(0)$(/l) hits a plate with an unlit stick, it'll light it.	Для любителей манаароматов (или эффектов отваров) и энтузиастов автоматизации, $(item)манаароматическая подставка$(0) может получать предметы через $(item)воронки$(0) или другие схожие устройства. $(item)Редстоуновый компаратор$(0) может считать с подставки сигнал 1, если на подставке стоит палочка, и 2, если палочка горит. $(p)Наконец, $(thing)сгусток маны$(0) с эффектом $(l:mana/lens#fire)линзы маны «Воспламенение»$(/l) зажжёт негорящую палочку, если попадёт по подставке.	PASS		Текст читается естественно и соответствует английскому источнику.	405		
patchouli-lang:botania:botania.page.infiniteFruit0	sha256:1c73e9f48f5711052d0f45a838fb3fc0365d8f98c40dfa0aaadc2b353f6ea8ee	The relic known as $(item)The Fruit of Grisaia$(0) bestows the brave soul who earned it with an endless supply of nourishment. It can be eaten like any other piece of food, but will use $(thing)Mana$(0) to replenish hunger instead.$(p)It would probably be a good idea to get used to the taste of apple, though.	Реликвия, известная как $(item)плод Грисайи$(0), дарует смелой душе, которая её заслужила, бесконечный источник питания. Её можно есть как любой другой продукт, но она будет использовать $(thing)ману$(0) для утоления голода.$(p)Только предстоит привыкнуть к вкусу яблока.	PASS		Текст читается естественно и соответствует английскому источнику.	244		
patchouli-lang:botania:botania.page.invisibilityCloak0	sha256:b599286f8ed20bb1e9d3d420f8350001351f73249c3785bb7f3840f7900ff663	No need to explain the $(item)Invisibility Cloak$(0).$(p)You wear it on your $(thing)Body$(0) slot. It takes $(thing)Mana$(0) from your inventory. It makes you and your $(thing)Trinkets$(0) invisible.$(p)Magic.	Используя $(thing)ману$(0) из инвентаря, $(item)плащ-невидимка$(0) полностью скрывает владельца и его $(thing)аксессуары$(0), но не броню и не предметы в руках. Экипируется в слот $(thing)аксессуаров «Тело»$(0).$(p)Магия.	PASS		Текст читается естественно и соответствует английскому источнику.	170		
patchouli-lang:botania:botania.page.invisibilityCloak1	sha256:94efd5b6207cf8a8585857e0f7411b1b7c8e32db064343700abddc52f3c8fdc4	You're a wizard, Steve	$(o)Стив, ты волшебник$()!	PASS		Текст читается естественно и соответствует английскому источнику.	19		
patchouli-lang:botania:botania.page.itemFinder0	sha256:eb785810a35153dc993e294950e598e2ff8a2fb4fd0e1b46fba8d0fbd2e03b87	$(item)The Spectator$(0) is a headband that allows its wearer to perceive the world in a better way. When its wearer holds an item, all of the following will emit colorful particles for easy spotting:	$(item)Обруч шестого чувства$(0) — это аксессуар на голову, позволяющий носителю лучше ощущать окружающий мир. Удерживая в руке какой-либо предмет, все похожие предметы будут подсвечены зелёными частицами. Сканируются следующие места:$(li)$(thing)контейнеры$(0) (сундуки, вагонетки, печи и так далее);	PASS		Текст читается естественно и соответствует английскому источнику.	273		
patchouli-lang:botania:botania.page.itemFinder1	sha256:7c13e1d7228c14a64dcb3f603abe8f5a17a64546b5d544e26c988a91a141c2cd	$(li)$(thing)containers$(0) (chests, minecarts, furnaces, etc.) containing that item,$(li)$(thing)dropped items$(0) of that type,$(li)$(thing)mobs$(0) with that item equipped,$(li)$(thing)players$(0) or $(thing)pack animals$(0) (llamas, mules, etc.) with that item in their inventory,$(li)$(thing)villagers$(0) trading for that item.$(p)When sneaking, all dropped items near the wearer will shine, regardless of the held item.	$(li)$(thing)мобы$(0) (с предметом в руке);$(li)$(thing)игроки$(0) (с этим предметом в инвентаре);$(li)$(thing)крестьяне$(0) (торгующие этим предметом);$(li)$(thing)грузовые ездовые животные с сундуком$(0) (ламы, мулы и тому подобное).$(p)Крадучись все выброшенные предметы вокруг будут подсвечиваться независимо от предмета в руке.	CHANGE	$(li)$(thing)контейнеры$(0) с этим предметом;$(li)$(thing)выброшенные предметы$(0) этого типа;$(li)$(thing)мобы$(0) с предметом в экипировке;$(li)$(thing)игроки$(0) и $(thing)вьючные животные$(0) с ним в инвентаре;$(li)$(thing)жители$(0), обменивающие его.$(p)Когда носитель крадётся, подсвечиваются все выброшенные предметы рядом, независимо от предмета в руке.	Упрощено и выправлено по английскому источнику.	260	261	1.004
patchouli-lang:botania:botania.page.itemFinder2	sha256:4b7bf1c0597953b9dfc8f55f7117a95fb601797d9b6f9f6f8db5b2e47a35dc10	Do you hear their voices?	$(o)А эти так называемые «предметы», они сейчас с нами в одной комнате$()?	PASS		Текст читается естественно и соответствует английскому источнику.	67		
patchouli-lang:botania:botania.page.jadedAmaranthus0	sha256:35f3bb77709627d9d7af56bac3c923e45ef1a8cfd597f51a919bc273715a0dff	You like flowers, right? If so, the $(item)Jaded Amaranthus$(0) is made just for you.$(p)When fed with $(thing)Mana$(0) from a $(l:mana/pool)$(item)Mana Pool$(0)$(/l), it'll grow new $(l:basics/flowers)$(item)Mystical Flowers$(0)$(/l) on nearby soil at a rapid pace.	Все же любят цветы, верно? $(item)Измученный амарант$(0) создан, чтобы порождать ещё больше цветов для любителей цветов.$(p)Питаясь $(thing)маной$(0) из $(l:mana/pool)бассейна маны$(/l), амарант быстро выращивает любые $(l:basics/flowers)мистические цветы$(/l) вокруг себя.	PASS		Текст читается естественно и соответствует английскому источнику.	203		
patchouli-lang:botania:botania.page.jadedAmaranthus1	sha256:b2f0c59c84894eb56626aaa60c2f0e642dd2240b3bdf1c0723db9df810d3e669	$(o)It was this or clematis.$()	$(o)Ну тут было два варианта имени: этот или клематис$().	PASS		Текст читается естественно и соответствует английскому источнику.	50		
patchouli-lang:botania:botania.page.jadedAmaranthus2	sha256:aeddc8df4113026e670b0c98202a4544a5f727c214adc069e1ce236110408a2c	$(o)Wait a minute, did you just summon a bunch of flowers in one turn?$(p)Yeah, so?$(p)That's against the rules, isn't it?$(p)Screw the rules, I have mana!	$(o)— Погоди, ты вот щас призовёшь целую кучу цветов за мгновение? $(p)— Ага, и чё?$(p)— Но это же против правил, нет?$(p)— Ха-ха, какие к чёрту правила, когда у меня есть мана$()!	PASS		Текст читается естественно и соответствует английскому источнику.	161		
patchouli-lang:botania:botania.page.jiyuulia0	sha256:5ff5258c24cee3fe62bd24f70f6add062cf49be10e8d102bdfc1bdead2ce5584	The $(item)Jiyuulia$(0) is a flower that, for a small $(thing)Mana$(0) drain, keeps any nearby animals or monsters at bay, protecting a circular area from entry.	$(item)Джиюлия$(0) питается небольшим количеством $(thing)маны$(0) и держит область вокруг себя защищённой, отпугивая животных и монстров вокруг.	PASS		Текст читается естественно и соответствует английскому источнику.	122		
patchouli-lang:botania:botania.page.jiyuulia1	sha256:99fc7069677e8744a1789007f32ca0670ff8789198d0453106dcdf38b0e26b04	$(o)You're free to go everywhere but here$().	$(o)вы свободны идти куда угодно (не сюда)$()	CHANGE	$(o)Вам можно куда угодно, только не сюда$()	Упрощено и выправлено по английскому источнику.	38	37	0.974
patchouli-lang:botania:botania.page.judgementCloaks0	sha256:9889424dd26d591df9d846064dfb6dca2727b748e7a70aa183f1b6c8a73eda72	The $(item)Cloaks of Judgement$(0) are a set of cloaks that can be worn in the $(thing)Body$(0) $(thing)Trinket$(0) slot. A Cloak will trigger its power when its wearer takes damage, but afterward will go into a ten-second recharge period.	$(item)Плащи приговора$(0) — это набор плащей, которые активируют свою способность, когда носитель пропускает от кого-то/чего-то урон, и уходят в десятисекундную перезарядку после. Их можно экипировать в слот $(thing)аксессуаров «Тело»$(0).	CHANGE	$(item)Плащи приговора$(0) носят в слоте $(thing)аксессуара$(0) «$(thing)Тело$(0)». Плащ срабатывает, когда носитель получает урон, а затем перезаряжается 10 секунд.	Упрощено и выправлено по английскому источнику.	217	130	0.599
patchouli-lang:botania:botania.page.judgementCloaks1	sha256:41c156ef475e6d2fe0b89b87e2b293cc8393a85d9e872af3ed4c361d0c2e656c	The $(item)Cloak of Virtue$(0) will block all the damage from a single hit.$(p)The $(item)Cloak of Sin$(0) will damage all nearby hostile mobs for the same amount of damage its wearer took.$(p)The $(item)Cloak of Balance$(0) will evenly split the damage between the attacker and the target, preventing its bearer from dying in the process.	$(item)Плащ добродетели$(0) блокирует весь урон от одного удара.$(p)$(item)Плащ греха$(0) наносит тот же урон всем ближайшим враждебным мобам, что получил его носитель.$(p)$(item)Плащ равновесия$(0) равномерно распределяет урон между атакующим и целью, предотвращая смерть носителя.	PASS		Текст читается естественно и соответствует английскому источнику.	241		
patchouli-lang:botania:botania.page.judgementCloaks2	sha256:78f92a7927c27084032262329d81c849806fe78d2a162436b6040a9c42c74383	A Holy Mantle	$(o)Священная мантия$()	PASS		Текст читается естественно и соответствует английскому источнику.	16		
patchouli-lang:botania:botania.page.judgementCloaks3	sha256:0824f2d8228b3ec7d511e25b348928e5cca6576e15fae3486158b50a14c9525d	Taste Vengeance!	$(o)Вернуть строицей$()	PASS		Текст читается естественно и соответствует английскому источнику.	16		
patchouli-lang:botania:botania.page.judgementCloaks4	sha256:6bd66185bffedd76cbe8fabcfa38a6fac69d72580f1b04210c7021bdd2bf4c14	Pain split	$(o)Сделаем друг другу больно$()	PASS		Текст читается естественно и соответствует английскому источнику.	25		
patchouli-lang:botania:botania.page.keepIvy0	sha256:76f520faa4f0e59cb91f78f07c60dcef71e2679ca6e823c3604a1e882dd17e67	A dying person's items splatter all over the ground, which is generally a massive nuisance for all involved. This issue can be avoided quite simply: when a piece of $(item)Resolute Ivy$(0) is attached to an item in a crafting grid, the ivy will sacrifice itself at death to keep the item in its holder's inventory. Afterwards, another piece will be needed in the event of a second death.	Когда игрок умирает, его предметы разлетаются в большой области. Не будем говорить о ясности ума того, кто придумал эту механику, а перейдём к решению проблемы: если прикрепить $(item)решительный плющ$(0) к предмету в верстаке, плющ пожертвует собой, чтобы сохранить предмет в инвентаре его владельца. После этого, старый плющ исчезает, и надо будет создать и оплести предмет новым плющом.	PASS		Текст читается естественно и соответствует английскому источнику.	378		
patchouli-lang:botania:botania.page.keepIvy1	sha256:6f6933a05e0561184359f0dd9478b3bbd15791af0e3811d60794d93b4567f4b4	Because people die when they are killed	$(o)Потому что люди умирают, когда их убивают$()	PASS		Текст читается естественно и соответствует английскому источнику.	41		
patchouli-lang:botania:botania.page.keepIvy2	sha256:b5b9e42c62ce25f9f00d949d6414857d5d9fb428706c8684ac7bf99ef88b7365	There is, however, one restriction on the items the ivy can protect.$(p)For $(o)technical reasons$(), the ivy will not attach to an item that leaves something behind when used in a crafting recipe (like a $(item)Bucket of Water$(0)).	Тем не менее, существует одно ограничение на предметы, которые плющ может защитить.$(p)По $(o)техническим причинам$(), плющ не прикрепляется к предмету, который оставляет что-то после использования в рецепте создания (например, $(item)ведро молока$(0)).	CHANGE	Есть одно ограничение.$(p)По $(o)техническим причинам$() плющ не прикрепляется к предметам, которые оставляют что-то после использования в рецепте, например к $(item)ведру воды$(0).	Упрощено и выправлено по английскому источнику.	231	159	0.688
patchouli-lang:botania:botania.page.kekimurus0	sha256:275214033eb5631c8aa22e8fd8b96969b4ebf13bb83a0e0d9e64df103ea1d18b	$(item)Cake$(0) is delicious; everyone loves it, flowers included.$(p)The $(item)Kekimurus$(0) is one of these $(item)Cake$(0) aficionados, and will eat any placed in its vicinity, synthesizing the enriching nutrients into sweet, sweet $(thing)Mana$(0).	$(item)Тортики$(0) восхитительны; все любят их, даже цветы (быстро закройте эту главу, если вы не любите тортики).$(p)$(item)Кекимурус$(0) обожает $(item)тортики$(0), и схлопает любой, что будет стоять рядом, перерабатывая полученные питательные вещества в сладкую-пресладкую $(thing)ману$(0).	PASS		Текст читается естественно и соответствует английскому источнику.	244		
patchouli-lang:botania:botania.page.kekimurus1	sha256:4f77c80a34c713cd6428704f4a6e83383574b01ef951a16f6586139dff5628a4	$(o)top kek$()	$(o)лол кек$()	PASS		Текст читается естественно и соответствует английскому источнику.	7		
patchouli-lang:botania:botania.page.kingKey0	sha256:afaba3cf28edfafcf70ae12f47060e60183cda6758133e65a8a9b7fad4c77f74	The $(item)Key of the King's Law$(0) is a powerful relic with the ability to materialize weapons from thin air. Holding down right-click with this key will begin summoning glowing projectiles from... somewhere. Up to twenty projectiles can be created at once, and releasing the grip on the key will launch them, one at a time, at the point the summoner is looking towards. These projectiles move at high velocities and explode on contact.	$(item)Ключ от королевского арсенала$(0) — могущественная реликвия, способная материализовать оружие из воздуха. Удерживая [$(k:use)] с ключом, он начнёт вызывать светящиеся снаряды из… какого-то места. Одновременно можно создать до двадцати снарядов, и, отпустив ключ, он запустит их друг за другом в ту точку, на которую был направлен взгляд владельца. Эти снаряды движутся с огромной скоростью и взрываются при контакте.	PASS		Текст читается естественно и соответствует английскому источнику.	404		
patchouli-lang:botania:botania.page.knockbackBelt0	sha256:a823d36e840f2c0f313a2657279dbe87b29702c7df5aa4beaecd6ab06579df4c	By harnessing the (relative) stability of tectonic forces, the $(item)Tectonic Girdle$(0) negates any $(thing)Knockback$(0) applied to its wearer from outside attacks and all recoil from the $(l:tools/mana_blaster)$(item)Mana Blaster$(0)$(/l).	Используя стабильность тектонической энергии (относительно маленького живого существа), $(item)тектонический пояс$(0), при ношении, отменяет любое $(thing)отбрасывание$(0) от пропущенных атак мобов или от отдачи $(l:tools/mana_blaster)мана-бластера$(/l).	PASS		Текст читается естественно и соответствует английскому источнику.	203		
patchouli-lang:botania:botania.page.knockbackBelt1	sha256:fa6ee7c9cbdf5c8576ebc40bb4a936c06a2fdfd3f3d8b9f22d684fb4433e494e	The Steve who couldn't be moved	$(o)Вполне остановимая сила против недвижимого объекта$()	PASS		Текст читается естественно и соответствует английскому источнику.	50		
patchouli-lang:botania:botania.page.labellia0	sha256:1bfc757e54c441fb25744235a6a1bafdd15e4a18d5307be822a8c0a9ed53479b	For a moderate sum of $(thing)Mana$(0), the $(item)Labellia$(0) picks up $(thing)Name Tags$(0) dropped on top of it, and uses them to name nearby items and mobs within a 5x5 radius.	За умеренное количество $(thing)маны$(0), $(item)лейбелия$(0) подбирает выброшенные на неё $(thing)бирки$(0) и использует их, чтобы давать имена предметам и мобам в области 5×5 блоков.	PASS		Текст читается естественно и соответствует английскому источнику.	149		
patchouli-lang:botania:botania.page.labellia1	sha256:819061417b4a6b22e07bbe950aa71e01ca46b0064414d3f96c998e2c2bb64748	$(o)What's in a name?$().	$(o)Что в имени тебе моём$()?	PASS		Текст читается естественно и соответствует английскому источнику.	22		
patchouli-lang:botania:botania.page.laputaShard0	sha256:d97ea8263d2da9a88936aeb10abe223c980d276d6af9b2889fa14dd15d7370c2	To abbreviate the complex magical sequences in its creation: combining certain specific resources, including $(l:alfhomancy/gaia_ritual)$(item)Gaia Spirits$(0)$(/l), allows one to create a shard of power that, when shattered upon the ground, will lift a spheroid area around the point it was smashed high into the air.	Из комбинации дорогих и редких ресурсов ($(l:alfhomancy/gaia_ritual)духа Гайи$(/l), $(l:alfhomancy/elf_resources)драконьего камня$(/l)…), выложенных в определённой последовательности, создаётся особый осколок в самом деле невероятной силы. Если разбить его об землю, он раскроет вокруг себя перевёрнутую полусферическую зону и поднимет землю, попавшую в зону, в воздух.	PASS		Текст читается естественно и соответствует английскому источнику.	303		
patchouli-lang:botania:botania.page.laputaShard1	sha256:dc6ea2e6f7755f20f484e3d09df7bf015d0a39bbbc179e40724f073920afb78d	Look, Shiro, Laputa exists!	$(o)Взгляни, Широ, Лапута существует$()!	PASS		Текст читается естественно и соответствует английскому источнику.	33		
patchouli-lang:botania:botania.page.laputaShard2	sha256:31ad8d7a031413936e897ffcffd4ab227962146a5f90d1c0609ca92e84e0f865	A freshly-created shard will lift a sphere of about 14 blocks in radius, but the shard's radius can be upgraded with additional $(l:alfhomancy/gaia_ritual)$(item)Gaia Spirits$(0)$(/l); each shard adds another block to the radius, up to a radius of 33 blocks. Note that a larger shard can take at least ten minutes, and possibly much more, to finish its lifting.	Самый маленький радиус создаваемого острова — 14 блоков (т.е. 28 блоков в диаметре). Есть возможность увеличить размер острова, добавляя в осколок частицы $(l:alfhomancy/gaia_ritual)духа Гайи$(0): каждый добавляет 1 блок к радиусу (2 к диаметру) до 33 блоков.$(p)Поднятие земли — не моментальный процесс. Особенно большой осколок может поднимать остров минимум 10 минут.	PASS		Текст читается естественно и соответствует английскому источнику.	335		
patchouli-lang:botania:botania.page.laputaShard3	sha256:75d422187413e6b4d8b3e0e497dfc58364c4df9dda5ecfacf8a7ee68cf4db05e	Size does matter	$(o)Размер имеет значение$()	PASS		Текст читается естественно и соответствует английскому источнику.	21		
patchouli-lang:botania:botania.page.lavaPendant0	sha256:7b6bb6a7ebc17ec810532ab62683f40dd113a453db565f1a9078056c52bfa471	The $(item)Pyroclast Pendant$(0) is a $(thing)Trinket$(0) that can handle weak fires. If its wearer is on fire but not exposed to anything flame-inducing, said wearer will be extinguished. Unfortunately, the Pendant can't help if its wearer's still stuck in $(item)Fire$(0), $(item)Lava$(0), or anything else that's hot.	$(item)Пирокластический кулон$(0) — это $(thing)аксессуар$(0), способный потушить слабый огонь. Носитель будет потушен кулоном, если он горит и не стоит прямо в $(item)огне$(0), $(item)лаве$(0) или чём-либо другом, что может его поджечь,	CHANGE	$(item)Пирокластический кулон$(0) - $(thing)аксессуар$(0), который тушит слабый огонь. Если носитель горит, но не находится в $(item)огне$(0), $(item)лаве$(0) или другом источнике жара, кулон его потушит.	Упрощено и выправлено по английскому источнику.	192	159	0.828
patchouli-lang:botania:botania.page.lavaPendant1	sha256:be16ec181656e0e9bb40bfeb701b8f085cbb359e14ad177c9fb311a250ea19e0	Hanako could have used one of these	$(o)Ханако, возможно, использовал такой$()	PASS		Текст читается естественно и соответствует английскому источнику.	35		
patchouli-lang:botania:botania.page.lens0	sha256:26e3dd99227d17cc72435b5d7c276cc7e2915348ac8365943bdd7a16c2443626	A $(l:mana/spreader)$(item)Mana Spreader$(0)$(/l) can be upgraded with $(item)Mana Lenses$(0). The most basic $(item)Mana Lens$(0) does absolutely nothing.$(p)A Lens can be $(thing)dyed$(0) by crafting it with any color of dye to give it that color, or with a $(l:mana/pool)$(item)Mana Pearl$(0)$(/l) to create a $(item)Rainbow Lens$(0). These change the color of the fired burst.	Возможности $(l:mana/spreader)распространителей маны$(/l) можно расширить используя $(item)линзы маны$(0). Однако обычная линза маны ничего не даёт.$(p)В верстаке линзы можно $(thing)покрасить$(0) в любой из 16 цветов или совместить с $(item)манажемчугом$(0), чтобы создать $(item)радужную линзу$(0). Изменение цвета линзы меняет цвет вылетающего $(thing)сгустка маны$(0).	CHANGE	$(l:mana/spreader)$(item)Распространитель маны$(0)$(/l) можно улучшить $(item)линзами маны$(0). $(item)Обычная линза$(0) ничего не делает.$(p)Линзу можно $(thing)покрасить$(0) красителем или соединить с $(l:mana/pool)$(item)манажемчугом$(0)$(/l), получив $(item)радужную линзу$(0). Они меняют цвет сгустка.	Упрощено и выправлено по английскому источнику.	288	193	0.670
patchouli-lang:botania:botania.page.lens1	sha256:4d941a51e6d167e865c03d2744f23201df01cd521a9012fbd2a415c52adcf065	The basic lens, it doesn't do anything.	Обычная линза, просто стекло	PASS		Текст читается естественно и соответствует английскому источнику.	28		
patchouli-lang:botania:botania.page.lens10	sha256:33b817b7681ad5e243081f505c5b0ee1a390e63544effec639c1d03ac8c46a8b	The $(item)Resistance Lens$(0) will significantly increase the amount of time a $(thing)Mana Burst$(0) can go without starting to lose $(thing)Mana$(0), but slows it as well.	$(item)Линза сопротивления$(0) значительно оттягивает момент, после которого $(thing)сгусток маны$(0) начнёт терять энергию, но при этом сгусток будет лететь намного медленнее.	PASS		Текст читается естественно и соответствует английскому источнику.	153		
patchouli-lang:botania:botania.page.lens11	sha256:b74aed6b4d7f460039d747ebc44ec0d129c9cd7ec3321f8f025f39ef61d79037	Resistance Lens	Линза сопротивления	PASS		Текст читается естественно, ясно и соответствует английскому источнику.	19		
patchouli-lang:botania:botania.page.lens12	sha256:f1129c4589d3543d4822e3ef0b421d90e86a9ddc2935c8c8bf89a857a95e2b4e	The $(item)Efficiency Lens$(0) will slightly increase the amount of time it takes for a $(thing)Mana Burst$(0) to start losing its $(thing)Mana$(0), and will also significantly decrease its rate of loss.	$(item)Линза эффективности$(0) немного оттягивает момент, после которого $(thing)сгусток маны$(0) начнёт терять энергию. Если и начнёт, то будет терять $(thing)ману$(0) намного медленнее.	PASS		Текст читается естественно и соответствует английскому источнику.	152		
patchouli-lang:botania:botania.page.lens13	sha256:2113f3af82e1c40bf5b7b97b5013a4563258d3a38b51088b8931f73a98dac0f3	Efficiency Lens	Линза эффективности	PASS		Текст читается естественно, ясно и соответствует английскому источнику.	19		
patchouli-lang:botania:botania.page.lens14	sha256:84be3d236b2ef018829c707b0639ea59ac1ae16ec0ee522fbc032c41bb2a7b17	The $(item)Bounce Lens$(0) will allow a $(thing)Mana Burst$(0) to bounce off walls, rather than dissipating on collision.	$(item)Линза отскакивания$(0) изменяет поведение $(thing)сгустка маны$(0) при столкновении со стеной: вместо того, чтобы рассеяться, сгусток отскочит от стены.	PASS		Текст читается естественно и соответствует английскому источнику.	136		
patchouli-lang:botania:botania.page.lens15	sha256:7949ecb23b0cd8382f8eedab562f90da11a7015ed62249218cd01b299fcbd6b2	Bounce Lens	Линза отскока	PASS		Текст читается естественно и соответствует английскому источнику.	13		
patchouli-lang:botania:botania.page.lens16	sha256:06bf5c93fec45f71f8cb52819ef38bfe2b384caf1eac38413ae94065354ff374	The $(item)Gravity Lens$(0) makes gravity affect a $(thing)Mana Burst$(0), making the burst move in an arc. As compensation, it also slightly increases the time before $(thing)Mana Loss$(0) sets in.	$(item)Линза гравитации$(0) делает $(thing)сгусток маны$(0) подверженным силе притяжения, из-за чего он будет двигаться не прямо по лучу, а по дуге. Чтобы скомпенсировать это странное свойство, линза также оттягивает момент, после которого начнётся потеря $(thing)маны$(0).	PASS		Текст читается естественно и соответствует английскому источнику.	238		
patchouli-lang:botania:botania.page.lens17	sha256:022a2810499f3864268c4e2f04fa7b6ab70b80a2d7d10b749895c3258832f17a	Gravity Lens	Линза гравитации	PASS		Текст читается естественно, ясно и соответствует английскому источнику.	16		
patchouli-lang:botania:botania.page.lens18	sha256:38b97cb0f7cc7e88a4ff855399a8a702872a46b04136ffd5ba1ee23750ea26a3	The $(item)Bore Lens$(0) charges a $(thing)Mana Burst$(0) with the ability to use its own $(thing)Mana$(0) to break any blocks it hits.	$(item)Линза бурения$(0) наделяет $(thing)сгусток маны$(0) способностью разрушать любые блоки, с которыми сгусток столкнётся, при этом истощая свой запас маны.	PASS		Текст читается естественно и соответствует английскому источнику.	136		
patchouli-lang:botania:botania.page.lens19	sha256:b24959159095b67d959529568f98fe2df0478482c2b4f834a8df32660a25003d	Bore Lens	Линза бурения	PASS		Текст читается естественно, ясно и соответствует английскому источнику.	13		
patchouli-lang:botania:botania.page.lens20	sha256:3a1b086057b56cd791f199d8af5f2ceca8c7850d7be566fb5ac666412947eee0	The $(item)Damaging Lens$(0) allows a $(thing)Mana Burst$(0) to use its own mana to damage any living beings it hits.	$(item)Линза повреждения$(0) наделяет $(thing)сгусток маны$(0) уроном. Истощая собственный запас маны, сгусток сможет повреждать любых живых существ.	PASS		Текст читается естественно и соответствует английскому источнику.	126		
patchouli-lang:botania:botania.page.lens21	sha256:b39e6de609177d7a712413af4fe149514c9cbc06a9724608b272d4e0368c41b2	Damaging Lens	Линза повреждения	PASS		Текст читается естественно, ясно и соответствует английскому источнику.	17		
patchouli-lang:botania:botania.page.lens22	sha256:1833e29a84bd7e70bf974eebe9abb7cc42eb3c44b1a4e7347cd881da1d62777a	The $(item)Phantom Lens$(0) is an interesting one. By leveraging the $(l:devices/platform)$(item)Abstruse Platform$(0)$(/l)'s properties, the lens allows a $(thing)Mana Burst$(0) to pass through blocks. In doing so, the time it can survive without losing mana is decreased.	$(item)Линза призрачности$(0) одна из самых интересных манастальных линз. Используя свойства $(item)мудрёной платформы$(0), можно создать линзу, которая позволит $(thing)сгустку маны$(0) пролетать сквозь блоки. Момент, когда сгусток начнёт терять $(thing)ману$(0) настанет раньше.	PASS		Текст читается естественно и соответствует английскому источнику.	234		
patchouli-lang:botania:botania.page.lens23	sha256:68c5ccb7007469609e22474be5ddc3c45a362c0b05e8198c3c8c9c1ac7578f6f	Phantom Lens	Линза призрачности	PASS		Текст читается естественно, ясно и соответствует английскому источнику.	18		
patchouli-lang:botania:botania.page.lens24	sha256:7a7f9a798cfd3b9d681543a861143b195f062e9afa13532e5eee5711fc4c9aa9	"The $(item)Magnetizing Lens$(0) (as its name states) allows a $(thing)Mana Burst$(0) to home in (or ""magnetize"") on any nearby blocks that can receive $(thing)Mana$(0). Doing so slightly decreases the speed of the burst."	Название этой линзы говорит само за себя: $(item)линза магнетизма$(0) наделяет $(thing)сгусток маны$(0) свойством притягиваться, но не к любому блоку, а только к тем, что принимают $(thing)ману$(0). Из-за этой линзы немного снижается скорость полёта сгустка.	PASS		Текст читается естественно и соответствует английскому источнику.	223		
patchouli-lang:botania:botania.page.lens25	sha256:424dec2a1589387e429b59ea54d8c9a3ab78d2fc40801a492b3136ada2748199	Magnetizing Lens	Линза магнетизма	PASS		Текст читается естественно, ясно и соответствует английскому источнику.	16		
patchouli-lang:botania:botania.page.lens26	sha256:e53e901d33c9a171e45d1b89a9d9b1802a5f985fa9bd70653247cb0efefa38af	The $(item)Entropic Lens$(0) imbues a $(thing)Mana Burst$(0) with entropic forces, causing it to release its energy in the form of an explosion when it collides against something that can't receive $(thing)Mana$(0).	$(item)Линза энтропии$(0) наполняет $(thing)сгусток маны$(0) энергией энтропии, из-за чего сгусток может высвободить её в форме взрыва при контакте с чем-либо неспособным принимать $(thing)ману$(0).	PASS		Текст читается естественно и соответствует английскому источнику.	163		
patchouli-lang:botania:botania.page.lens27	sha256:374b59db90ebf3961a6418657ee4c349f351e6aa64e3b78ca388e9904d6b988e	Entropic Lens	Линза энтропии	PASS		Текст читается естественно, ясно и соответствует английскому источнику.	14		
patchouli-lang:botania:botania.page.lens28	sha256:e29f87cff799cd00341d42328d929c690cb1b6c1bc1efda7368156a56dd1bf24	The $(item)Influence Lens$(0) allows a $(thing)Mana Burst$(0) to have influence over any nearby $(thing)dropped items$(0), $(thing)experience orbs$(0) and even $(thing)falling blocks$(0), having them move in the exact same vector of motion as the burst itself.	$(item)Линза влияния$(0) позволяет $(thing)сгустку маны$(0) воздействовать на выпавшие рядом $(thing)предметы$(0), $(thing)сферы опыта$(0) и даже на $(thing)падающие блоки$(0), заставляя их двигаться в том же направлении, что и сам сгусток.	PASS		Текст читается естественно и соответствует английскому источнику.	181		
patchouli-lang:botania:botania.page.lens29	sha256:0849c9293312374356c9d644d094ebab08b6bb1fc0b09604acd40385f7fb66ad	Influence Lens	Линза влияния	PASS		Текст читается естественно и соответствует английскому источнику.	13		
patchouli-lang:botania:botania.page.lens30	sha256:1b254e8ba0ebf7a39e524a60ab77edf59fc93082efb0f9a5c88d28a8d9013635	The $(item)Weight Lens$(0) places a strong downward force within a $(thing)Mana Burst$(0), making any block hit by it (as long as it has space below) fall like $(item)Sand$(0) and $(item)Gravel$(0) do.	$(item)Линза тяжести$(0) помещает в $(thing)сгусток маны$(0) мощную внизнаправленную силу так, что попав в блок, сгусток заставит блок упасть подобно тому, как падают $(item)песок$(0) и $(item)гравий$(0) (при условии, что под блоком ничего не будет).	PASS		Текст читается естественно и соответствует английскому источнику.	205		
patchouli-lang:botania:botania.page.lens31	sha256:15b848993358eef43c9cc6ca4a0733ca0a0dc591d805433a253e65c6fd347180	Weight Lens	Линза тяжести	PASS		Текст читается естественно, ясно и соответствует английскому источнику.	13		
patchouli-lang:botania:botania.page.lens32	sha256:efe9a809298abeaad1a8d0cb1ade2c145e6e263ed3fec164987dc76c2c1b3ed9	The $(item)Kindle Lens$(0) is infused with a burning spark. When a $(thing)Mana Burst$(0) fired through it hits a block, the block will catch fire. It doesn't seem to ignite living beings, though.$(p)It has the ability to both ignite and close $(item)Nether Portals$(0), but to close them it needs to be aimed at the frame, lest the burst it carries end up going through the portal.	$(item)Линза воспламенения$(0) создаёт горящую искру в $(thing)сгустке маны$(0), которая подожжёт блок, в который попадёт сгусток, но, кажется, что существ искра не поджигает.$(p)Сгусток с эффектом этой линзы также способен зажечь и потушить $(item)портал в Незер$(0), но чтобы закрыть его, сгусток должен быть обязательно направлен в рамку, иначе просто пролетит сквозь портал.	PASS		Текст читается естественно и соответствует английскому источнику.	340		
patchouli-lang:botania:botania.page.lens33	sha256:b07de191cbc07aeee6488bbb363ac732a359b1faa026bb34c02894348629f444	Kindle Lens	Линза воспламенения	PASS		Текст читается естественно, ясно и соответствует английскому источнику.	19		
patchouli-lang:botania:botania.page.lens34	sha256:0f60acc075bbe6f99fa450e5d750719383e00567569193525fd6e87b159db1f1	The $(item)Force Lens$(0) acts as a $(item)Piston$(0). When a $(thing)Mana Burst$(0) fired through it hits a block that a piston can move, it'll do just that.	$(item)Линза силы$(0) работает подобно обычному $(item)поршню$(0). Если сгусток с эффектом этой линзы, попадёт в блок, то он передвинет его, если, конечно, поршень смог бы это сделать.	PASS		Текст читается естественно и соответствует английскому источнику.	162		
patchouli-lang:botania:botania.page.lens35	sha256:203e7b50d42ebb153eb12764e424fb40070934a934da83add8df993d87684d69	Force Lens	Линза силы	PASS		Текст читается естественно, ясно и соответствует английскому источнику.	10		
patchouli-lang:botania:botania.page.lens36	sha256:6946b11b3bed1ca12f614a56f3fbbb8b98ddc581f0840643f896beed41778df3	The $(item)Flash Lens$(0) creates a flame on a block, of the same color as the burst that caused it. The flame provides light and is purely decorative.$(p)If a burst hits one of these flames, it puts the flame out instead.	При контакте с блоком, $(thing)сгусток маны$(0) с эффектом $(item)линзы вспышки$(0) создаёт $(item)мана-огонёк$(0) того же цвета, как у этого сгустка. Этот огонёк чисто декоративный блок, излучающий свет.$(p)Если сгусток того же цвета коснётся уже созданный $(item)мана-огонёк$(0), то огонёк потухнет.	PASS		Текст читается естественно и соответствует английскому источнику.	252		
patchouli-lang:botania:botania.page.lens37	sha256:8629130d6f43cc83e000f0541c178daaabe72957f12f37eb1b8401bc46ec86d9	Flash Lens	Линза вспышки	PASS		Текст читается естественно и соответствует английскому источнику.	13		
patchouli-lang:botania:botania.page.lens38	sha256:e078b45dab04676e0ee1135c434828588543d645b063cd868c55bd863d6254ae	The $(item)Messenger Lens$(0) greatly decreases the amount of $(thing)Mana$(0) a $(thing)Mana Burst$(0) carries and dramatically increases the burst's speed and maximum distance.$(p)This can be very useful for interactions with blocks such as the $(l:mana/mana_detector)$(item)Mana Detector$(0)$(/l), $(l:devices/forest_drum)$(item)Drum of the Wild$(0)$(/l), or $(l:devices/animated_torch)$(item)Animated Torch$(0)$(/l).	$(item)Линза вести$(0) значительно уменьшает количество $(thing)маны$(0), которое $(thing)сгусток маны$(0) может переносить, но значительно увеличивает скорость и эффективную дальность полёта сгустка.$(p)Эта линза может быть очень полезна для взаимодействия с $(l:mana/mana_detector)детекторами маны$(/l), $(l:devices/forest_drum)барабанами увядания$(/l), $(l:devices/animated_torch)оживлёнными факел$(/l) и, может быть, другими блоками, принимающими ману.	PASS		Текст читается естественно и соответствует английскому источнику.	328		
patchouli-lang:botania:botania.page.lens39	sha256:02e63b0934ea2b50aa4100eb66cce436ea540d41c2b6de17bf30186ae8013e12	Messenger Lens	Линза вести	PASS		Текст читается естественно и соответствует английскому источнику.	11		
patchouli-lang:botania:botania.page.lens4	sha256:063c8b9315dddc3ec10f4885c1de7425961b3b89e84b3008f86a4df2aec85d36	But lenses aren't just for fancy colors-- they can be upgraded with all sorts of materials to create all sorts of effects with their $(thing)Mana Bursts$(0).$(p)Keep in mind that a normal $(l:mana/spreader)$(item)Mana Spreader$(0)$(/l) must point at a $(thing)Mana$(0)-receiving block to fire. A $(l:mana/redstone_spreader)$(item)Pulse Mana Spreader$(0)$(/l) is recommended for certain lenses instead.$(p)Blocks like $(item)Hoppers$(0) can add or remove spreaders' lenses.	Но линзы предназначены не только для смены цветов сгустков. Их можно улучшить разными материалами в разные варианты линз, способные наложить на $(thing)сгустки маны$(0) самые разные эффекты. Имейте в виду, что обычные $(l:mana/mana_spreader)распространители маны$(/l) стреляют сгустками только тогда, когда на их пути находится любой принимающий $(thing)ману$(0) блок. Поэтому для некоторых линз лучше использовать $(l:mana/spreader)редстоуновый распространитель маны$(/l). $(item)Воронки$(0) могут снимать и одевать линзы.	PASS		Текст читается естественно и соответствует английскому источнику.	437		
patchouli-lang:botania:botania.page.lens5	sha256:9481392c1677fd67a445d1dedfbdff469cf029d7862a929f4e9fec4150b6e22d	Sometimes, though, having a single $(item)Mana Lens$(0) on a spreader just isn't enough. Combining two lenses with a $(item)Slimeball$(0) or $(item)Honey Bottle$(0) in a crafting table will unite them into one lens with the effects of both.$(p)The first lens used determines the look and color of the resultant lens. Note that some combinations will not work, and that you can't combine two lenses of the same type.	Порой бывает, что для $(l:mana/mana_spreader)распространителя маны$(/l) нужно как минимум две $(item)линзы маны$(0). Соединив две разные линзы и $(item)сгусток слизи$(0) на верстаке можно объединить их в одну — композитную линзу, — при этом сохраняя эффекты обеих. Важно знать, что именно первая линза будет определять визуальные эффекты композитной (текстуру и цвет). Также помните, что некоторые линзы нельзя соединить, как и нельзя две одинаковые.	PASS		Текст читается естественно и соответствует английскому источнику.	400		
patchouli-lang:botania:botania.page.lens6	sha256:be698f0c41b0cd79ccd52d329d665e175ba3850a15c3fc860289a6f81a1f062f	The $(item)Velocity Lens$(0) will dramatically increase the speed at which a $(thing)Mana Burst$(0) travels, but at the expense of initial capacity and faster $(thing)Mana Loss$(0).	$(item)Линза скорости$(0) значительно увеличивает скорость полёта $(thing)сгустков маны$(0), но уменьшает начальный запас $(thing)маны$(0) и ускоряет наступление момента, после которого сгусток начнёт быстро терять энергию.	PASS		Текст читается естественно и соответствует английскому источнику.	188		
patchouli-lang:botania:botania.page.lens7	sha256:10fc9f95f90963ac2df4950abee82ac91205326a5860dfd5586eba644978c3b2	Velocity Lens	Линза скорости	PASS		Текст читается естественно, ясно и соответствует английскому источнику.	14		
patchouli-lang:botania:botania.page.lens8	sha256:c133771c87836cdde59696d199aec42a01db8510e270098c355a620d7c651aea	The $(item)Potency Lens$(0) will double the amount of $(thing)Mana$(0) a $(thing)Mana Burst$(0) can carry; however, the beam travels slower, and after it starts to lose mana, does so at a much faster rate.	$(item)Линза потенциала$(0) удваивает начальное количество $(thing)маны$(0), перемещаемой одним $(thing)сгустком$(0), но он станет медленнее и будет терять $(thing)ману$(0) намного быстрее.	PASS		Текст читается естественно и соответствует английскому источнику.	142		
patchouli-lang:botania:botania.page.lens9	sha256:5931bb42ca8a7dea63f87425cfe261c6c109135867070d6dbca9e95629134418	Potency Lens	Линза потенциала	PASS		Текст читается естественно и соответствует английскому источнику.	16		
patchouli-lang:botania:botania.page.lexicon0	sha256:e5a71e94ee2c112afbc6ddecd5082616da3945344557ec7d10252a3f2acc6c2c	The $(item)Lexica Botania$(0) is the repository of all knowledge for all botanical matters. (But you probably knew that already.)$(p)All well-known botanical knowledge is stored within these pages. For convenience, if a block happens to have an entry in here, it can be sneak-right clicked on with the $(item)Lexica Botania$(0) to open said entry.	$(item)Лексикон Ботании$(0) — это кладезь знаний для всех ботанических нужд.$(p)Вся общеизвестная информация записана здесь. Для удобства, если у какого-то блока есть описание, то его можно открыть, нажав [$(k:sneak)+$(k:use)] по этому блоку, держа $(item)лексикон Ботании$(0) в руке.	PASS		Текст читается естественно и соответствует английскому источнику.	240		
patchouli-lang:botania:botania.page.lexicon1	sha256:8f9612efbdd5816755c903aad00fd77d22570580f8008beebfb0ec6a7b8e666b	Crafting the $(item)Lexica Botania$(0).	Создание $(item)лексикона Ботании$(0)	PASS		Текст читается естественно и соответствует английскому источнику.	26		
patchouli-lang:botania:botania.page.lexicon2	sha256:59f4065a2652d842df9eff8d99e774a3b72c0c3d3643c9e23805e0dc7a92dba4	The $(item)Lexica Botania$(0)'s title can also be customized by placing it in an $(item)Anvil$(0) and renaming it. This changes both its cover and its title.$(p)The Edition of the Lexica shown equates to the version of the $(thing)Botania$(0) you're running (and no, I $(o)don't$() care about the fourth wall).	Название $(item)лексикона Ботании$(0) может быть изменено на $(item)наковальне$(0).$(p)Издание лексикона показывает версию $(thing)Ботании$(0), которая у вас установлена (и нет, да, мне $(o)плевать$() на четвёртую стену).	PASS		Текст читается естественно и соответствует английскому источнику.	176		
patchouli-lang:botania:botania.page.lexicon3	sha256:52ebba0cd8005b3e27298c93b507a67366649a855e1abb754a2d4790116ee78a	Any entries typed in $(o)Italics$() are $(thing)basic$(0) entries, which contain the core knowledge required to play $(thing)Botania$(0)-- you may want to read those first. Most sections contain one or more of these entries, so a good look through those would be a good idea.	Любые главы, выделенные $(o)курсивом$() — это $(thing)основные$(0) главы. Они содержат важные знания, без которых вам придётся трудно, играя с Ботанией. Желательно прочитать их перед тем, как читать всё остальное. Большинство категорий содержат одну или более глав; тщательно изучить их — неплохая идея.	PASS		Текст читается естественно и соответствует английскому источнику.	284		
patchouli-lang:botania:botania.page.livingwoodBow0	sha256:2edc66cf88f0b3347c9a1be6444c0a6f8c312fdb1be3eed50f212089e338cb45	The $(item)Livingwood Bow$(0) is (as its name suggests) a bow made of $(l:basics/pure_daisy)$(item)Livingwood$(0)$(/l), strung with $(l:mana/pool)$(item)Mana Infused String$(0)$(/l). Due to its sturdier construction, it'll last longer than a normal $(item)Bow$(0). It'll also repair itself using $(thing)Mana$(0), the same way $(l:tools/mana_gear)$(item)Manasteel Tools$(0)$(/l) do.	$(item)Жизнедеревянный лук$(0) — это оружие дальнего боя, собранное из $(l:basics/pure/pure_daisy)жизнедерева$(/l) с тетивой, сплетённой из $(l:mana/mana_pool)мананити$(/l). Благодаря высокому качеству материалов он превосходит обычный $(item)лук$(0) по долговечности, да и вряд ли когда-либо сломается, так как использует $(thing)ману$(0), чтобы не изнашиваться, подобно $(l:tools/mana_gear)манастальным инструментам$(/l).	PASS		Текст читается естественно и соответствует английскому источнику.	308		
patchouli-lang:botania:botania.page.livingwoodBow1	sha256:ebe0df625cc2899558f0e1088af1ca5fd0860593c204b7ef21825108f4b7f66c	Does it shoot airplanes?	$(o)Он сможет подстрелить самолёт$()?	PASS		Текст читается естественно и соответствует английскому источнику.	30		
patchouli-lang:botania:botania.page.lokiRing0	sha256:feae310c30a9128334af2bc421f365adf06e67a8d2c6d4b8f986f7be793ef981	One of the three mythical rings of the $(thing)Aesir$(0), the $(item)Ring of Loki$(0) allows for the wearer to call upon the Trickster God's ability to effectively be in multiple places at once.$(p)To use an equipped $(item)Ring of Loki$(0), begin by sneak-righting click a block with an empty hand.	Одно из трёх мифических колец $(thing)асов$(0), $(item)кольцо Локи$(0), наделяет носителя способностью бога хитрости и озорства находится в нескольких местах одновременно.$(p)Этому кольцу требуется $(thing)мана$(0) для работы. Чтобы использовать надетое $(item)кольцо Локи$(0), начните с того, чтобы нажать [$(k:sneak)+$(k:use)] по блоку пустой рукой.	PASS		Текст читается естественно и соответствует английскому источнику.	283		
patchouli-lang:botania:botania.page.lokiRing1	sha256:f6456652227f7f185ba470453595e2db775cb83919c9cdd6ad491734811f3402	"Once a block is selected (designated the ""origin""), sneak-right clicking other blocks will store their offsets from the origin in the ring. To finish the procedure, sneak-right click the origin again.$(p)Sneak-right clicking a stored block during the selection process will remove it from the ring's memory. To clear a completed selection, just sneak-right click the ground twice."	После того как блок выбран (назначен «$(thing)блоком-центром$(0)»), нажмите [$(k:sneak)+$(k:use)] по другим блокам, чтобы сохранить в кольцо их положение с учётом смещения относительно $(thing)блока-центра$(0). Для завершения процедуры снова нажмите [$(k:sneak)+$(k:use)] по $(thing)блоку-центру$(0).$(p)Во время процедуры выбора, повторное нажатие [$(k:sneak)+$(k:use)] по сохранённому блоку удалит его из памяти. Чтобы очистить память кольца полностью, дважды нажмите [$(k:sneak)+$(k:use)] по одному блоку пустой рукой.	PASS		Текст читается естественно и соответствует английскому источнику.	409		
patchouli-lang:botania:botania.page.lokiRing2	sha256:736191f397acfb2103d061129269de65a67ff3c997483434adefd9f09ea86522	After the selection is complete, multiple boxes in wireframe will be visible, moving relative to the looked-at block. When a block is placed while sneaking, all wireframe locations will have blocks placed there, too, allowing for placement $(o)en masse$(). The $(l:tools/terra_pick)$(item)Terra Shatterer$(0)$(/l) and $(l:tools/terra_axe)$(item)Terra Truncator$(0)$(/l) will also break blocks at these locations when sneaking, allowing for truly ludicrous quantities of destruction.	После завершения процедуры выбора, можно увидеть контуры блоков, перемещающихся относительно блока, на который направлен взгляд. Если установить любой блок крадучись, блоки того же типа будут размещены во всех местах, выделенных контурами. $(l:tools/terra_pick)Терра-крушитель$(/l) и $(l:tools/terra_axe)терра-рассекатель$(/l) также будут разрушать блоки в выделенных местах, что позволяет достичь поистине невероятных масштабов разрушения.	PASS		Текст читается естественно и соответствует английскому источнику.	389		
patchouli-lang:botania:botania.page.lokiRing3	sha256:a8beb31bad58933a44d6025dd9bbeb044421987a57463630afa3eed0463c344a	Such power doesn't come for free, of course. The ring consumes $(thing)Mana$(0) from the user's inventory for each block placed. Note that the larger the current selection, the more expensive each placed block becomes.$(p)Lastly, keep in mind that the $(item)Ring of Loki$(0) still only uses the item in your hand. If you are placing blocks directly, the size of the stack you hold may become a limiting factor.	Такая сила, конечно, не даётся бесплатно. Кольцо потребляет $(thing)ману$(0) из инвентаря пользователя за каждый установленный блок. Стоит учесть, что чем больше текущее выделение, тем дороже становится установка каждого блока.$(p)И да, $(item)кольцо Локи$(0) использует только предмет в руке. Устанавливая блоки напрямую, размер стака блоков в руке может стать ограничивающим фактором.	PASS		Текст читается естественно и соответствует английскому источнику.	359		
patchouli-lang:botania:botania.page.loonium0	sha256:88764b396635c04dd5ee3070a07536833a1acd79ef0b17e9028fb0c24110d1c6	Any adventurer knows that the great structures of the world can hold valuable goodies. The $(item)Loonium$(0) will, when fed quite a bit of $(thing)Mana$(0), summon these items for said adventurers to collect.$(p)There's a catch, though: each item is held by a monster protecting it. These monsters are extra-strong, but will drop valuable loot when killed.	Любой искатель приключений знает, что $(thing)подземелья$(0) могут утаивать вкусные драгоценности. $(item)Лутюльпан$(0), используя экстремально большое количество $(thing)маны$(0), может материализовать эти предметы. $(p)Однако есть один нюанс: каждый предмет охраняется монстром. Эти монстры очень сильны, но после смерти оставляют ту самую ценную $(thing)добычу$(0).	PASS		Текст читается естественно и соответствует английскому источнику.	317		
patchouli-lang:botania:botania.page.loonium1	sha256:24350703a88cdd0d3e6a3bceb2c4c6c609a9cd58010e04885710266acb1cb02f	$(o)I CAN HAZ PHAT LOOTZ$()?	$(o)10 диванов в час это же шутка, да$()?	PASS		Текст читается естественно и соответствует английскому источнику.	34		
patchouli-lang:botania:botania.page.luminizerTransport0	sha256:4fa7480a3bb0f640e7601d97bd354d73c6817d007fe46ff50f937f66dc70e77c	$(item)Luminizers$(0) simply transport players (and other entities), by flying them through the air on trails of light.$(p)$(item)Luminizers$(0) are placed in the world as blocks and function when bound to other $(item)Luminizers$(0) (with a $(l:basics/wand)$(item)Wand of the Forest$(0)$(/l)). Right-clicking a $(item)Luminizer$(0) will transport its user to the $(item)Luminizer$(0) it's bound to.	"$(item)Люкседуки$(0) (lux + ducere — ""направлять свет"") перемещают игроков (и других сущностей), пронося их через воздух по течениям света.$(p)$(item)Люкседук$(0) сначала нужно поставить в мире как блок, а затем связать с другим $(item)люкседуком$(0) с помощью $(l:basics/wand)жезла леса$(/l). Нажатие [$(k:use)] по $(item)люкседуку$(0) переместит пользователя ко второму $(item)люкседуку$(0), связанному течением света."	PASS		Текст читается естественно и соответствует английскому источнику.	332		
patchouli-lang:botania:botania.page.luminizerTransport1	sha256:2a76683af915240019c4642ca694296f3e008d8e0ee8e141d38251680243ed37	$(item)Luminizers$(0) have a range of twenty blocks each, but can be chained together to create quite long and complex paths.$(p)$(item)Luminizer$(0) bindings are unidirectional unless explicitly bound both ways. Do note, though, that such a binding would create an endless loop.$(p)Multiple $(item)Luminizers$(0) can bind to the same endpoint.	$(item)Люкседуки$(0) имеют дальность действия двадцать блоков, но их можно соединять в цепочки, создавая довольно длинные и сложные маршруты.$(p)Если не связать $(item)люкседуки$(0) в обе стороны, то связь будет лишь односторонней, однако учтите, что такая связь создаст бесконечный цикл.$(p)Несколько $(item)люкседуков$(0) могут быть связаны с одной конечной точкой.	PASS		Текст читается естественно и соответствует английскому источнику.	326		
patchouli-lang:botania:botania.page.luminizerTransport10	sha256:bbd19963cff8bac7647d614db539201618c4682b65be9a1ade7b3e2dcd44eea1	The $(item)Fork Luminizer$(0) can still be bound like any other style of Luminizer, but it'll only use its binding if no $(l:devices/animated_torch)$(item)Animated Torch$(0)$(/l) is available to tell it where to go (or if there aren't any $(item)Luminizers$(0) in the direction the Torch points).	$(item)Направляемый люкседук$(0) можно привязать так же, как и любой другой тип люкседука, но он будет использовать эту привязку только в том случае, если нет $(l:devices/animated_torch)оживлённого факела$(/l), указывающего ему направление (или если в направлении, указанном факелом, нет $(item)люкседука$(0)).	PASS		Текст читается естественно и соответствует английскому источнику.	256		
patchouli-lang:botania:botania.page.luminizerTransport11	sha256:cbf4b1c538b3ff94371e64a300d9776ca3b986a1fee74d35fc976d6089c498a0	One way or another	$(o)Так или иначе$()	PASS		Текст читается естественно и соответствует английскому источнику.	13		
patchouli-lang:botania:botania.page.luminizerTransport2	sha256:2c87bba9112672f628d833f218f660554fcc68e3933c8e43d6d3b1dce878a411	Luminize to the future	$(o)— Сотки путь в будущее своими руками$(br)— Что-за сотка то?$(br)— Неважно…	PASS		Текст читается естественно и соответствует английскому источнику.	64		
patchouli-lang:botania:botania.page.luminizerTransport3	sha256:d88c8aa7405158079aa744cb830c931a5d36939752d12bbd33e8357ff26701eb	Adding some $(item)Redstone$(0) to a $(item)Luminizer$(0) makes it a $(item)Detector Luminizer$(0), which functions just like a regular $(item)Luminizer$(0) but additionally emits a $(thing)redstone pulse$(0) when something reaches (or passes through) it.	Напылением $(item)люкседука$(0) $(item)редстоуновой пылью$(0) получается $(item)датчик-люкседук$(0). Он работает точно так же, как обычный $(item)люкседук$(0), но ещё у него есть функция излучения $(thing)редстоун-сигнала$(0), когда что-то достигает его/проходит через него (в цепочке $(item)люкседуков$(0)).	PASS		Текст читается естественно и соответствует английскому источнику.	241		
patchouli-lang:botania:botania.page.luminizerTransport4	sha256:7ed87adefea49187f762b379794fbd5065f36f7c8d8c8ab91217556288c5f3d3	Signal out	$(o)Сигнал отправлен$()	PASS		Текст читается естественно и соответствует английскому источнику.	16		
patchouli-lang:botania:botania.page.luminizerTransport5	sha256:927bfd72ba2a167ee6f28d8e1139685f754ae3fe93272a579d401d83a94a2aa4	Players can just right-click a $(item)Luminizer$(0) to board it, but to get animals, dropped items, or anything into the transports, a $(item)Luminizer Launcher$(0) is needed. This should be placed adjacent to one or more $(item)Luminizers$(0). When a Launcher receives a $(thing)redstone pulse$(0), it'll send all living things and items on it into the adjacent $(item)Luminizer$(0) (or a random $(item)Luminizer$(0) per entity, if more than one is nearby), sending them on their merry ways.	Игроки могут просто нажать [$(k:use)] по $(item)люкседуку$(0), чтобы отправиться с ним, но для отправки животных, предметов или чего-либо ещё потребуется $(item)люкседук-пластина$(0). Она должна быть установлена рядом с одним или несколькими $(item)люкседуками$(0). Когда пластина получает $(thing)редстоун-сигнал$(0), она отправит все живые и неживые сущности на ней через соседний $(item)люкседук$(0) (или по существу/предмету через случайный $(item)люкседук$(0), если их рядом несколько).	PASS		Текст читается естественно и соответствует английскому источнику.	416		
patchouli-lang:botania:botania.page.luminizerTransport6	sha256:2db4504c5e728efd2f228506de5e55d7304dbd4fc632036069955cfb0c265440	Compulsory Evacuation Device	$(o)Лети, лети, лепесток$()	PASS		Текст читается естественно и соответствует английскому источнику.	20		
patchouli-lang:botania:botania.page.luminizerTransport7	sha256:9eea5a1d1b14e39c453fd9e683db975734ab61a5139836e59e2dedbdff6cdb7e	Adding a $(item)Lever$(0) to a $(item)Luminizer$(0) turns it into a $(item)Toggle Luminizer$(0), which accepts a $(thing)redstone signal$(0). When powered, a $(item)Toggle Luminizer$(0) will drop anything passing through; it works normally when unpowered.	Соединением $(item)рычага$(0) и $(item)люкседука$(0) получается $(item)переключаемый люкседук$(0), управляемый $(thing)редстоун-сигналом$(0). Когда $(item)переключаемый люкседук$(0) запитан, он сбросит всё, что проходит через него; без сигнала он работает как обычный $(item)люкседук$(0).	PASS		Текст читается естественно и соответствует английскому источнику.	221		
patchouli-lang:botania:botania.page.luminizerTransport8	sha256:ace46f3cda45ad7144e0d6af5efdaec06a4f5ea9fbbd1fc92151202920156064	Signal in	$(o)Сигнал принят$()	PASS		Текст читается естественно и соответствует английскому источнику.	13		
patchouli-lang:botania:botania.page.luminizerTransport9	sha256:0b8aee89d016ba880030cba3bb3d9930ae6cfd52ab49579aa193da02bf88cd50	A $(item)Luminizer$(0) and a $(item)Redstone Torch$(0) yield a $(item)Fork Luminizer$(0).$(p)These will react to an $(l:devices/animated_torch)$(item)Animated Torch$(0)$(/l) placed up to two blocks above or below it; any incoming entities will be sent to a $(item)Luminizer$(0) in the direction that the Torch is pointing towards.	Соединением $(item)люкседука$(0) и $(item)редстоунового факела$(0) получается $(item)направляемый люкседук$(0).$(p)Направляемый реагирует на $(l:devices/animated_torch)оживлённый факел$(/l), установленный на расстоянии до двух блоков выше или ниже него; любые входящие в него сущности будут отправлены к тому $(item)люкседуку$(0), на который указывает $(item)оживлённый факел$(0).	PASS		Текст читается естественно и соответствует английскому источнику.	289		
patchouli-lang:botania:botania.page.mIntro0	sha256:8341850b797111e468ae4e6cd05a8e378d7b933181e69e28f24f14329d9e2263	$(thing)Mana$(0) is an ethereal substance-- in essence, it's a mystical form of $(thing)energy$(0). Its existence is inconsistent to the senses, and its color depends on its surrounding environment.$(p)The manipulation of $(thing)Mana$(0) is likely the most important skill a botanist needs to master.	$(thing)Мана$(0) — это особое неосязаемое вещество, по сути, некая мистическая форма $(thing)энергии$(0). Её трудно уловить, а цвет $(thing)маны$(0) меняется в зависимости от окружающей среды.$(p)Управление $(thing)маной$(0) — это одно из самых важных умений, которым должен овладеть ботаник.	PASS		Текст читается естественно и соответствует английскому источнику.	240		
patchouli-lang:botania:botania.page.mIntro1	sha256:cd51ba331c45b24bf05cd646708d91945eb8edd5119cabbf9b8571f51c10a69c	$(thing)Generating Flora$(0) are used to create $(thing)Mana$(0) (read the corresponding section for more details). $(thing)Mana$(0) so generated can be extracted and transferred with $(l:mana/spreader)$(item)Mana Spreaders$(0)$(/l) and stored in $(l:mana/pool)$(item)Mana Pools$(0)$(/l). $(thing)Mana$(0) can be used for a myriad of things: for starters, it can fuel $(thing)Functional Flora$(0) (read that section too).	Основной источник $(thing)маны$(0) — $(l:functional_flowers)генерирующая флора$(/l) (подробнее о том, что это такое — в самом разделе).$(p)$(thing)Ману$(0) можно извлечь и передать при помощи $(item)распространителей маны$(0) в $(item)бассейны маны$(0) (для хранения). $(thing)Мана$(0) понадобится почти для всего… начиная с работы $(l:generating_flowers)функциональной флоры$(0) (тоже прочитайте этот раздел).	PASS		Текст читается естественно и соответствует английскому источнику.	293		
patchouli-lang:botania:botania.page.mIntro2	sha256:94905551aa2ba47fa86766cd2e1faa3a1bbfa441c03fa9a0c6f10b98cbd5d0fb	To get started on mastering $(thing)Mana$(0), learn to use $(l:generating_flowers/endoflame)$(item)Endoflames$(0)$(/l) or $(l:generating_flowers/hydroangeas)$(item)Hydroangeas$(0)$(/l), $(l:mana/spreader)$(item)Mana Spreaders$(0)$(/l), and $(l:mana/pool)$(item)Mana Pools$(0)$(/l).$(p)These form a basic infrastructure for mana generation; have a read through the $(thing)Functional Flora$(0) and $(thing)Natural Apparatus$(0) sections of this Lexicon for more details.	Новичкам рекомендуется попробовать поработать с $(l:generating_flowers/endoflame)эндопламенем$(/l), $(l:generating_flowers/hydroangeas)водогортензией$(/l), $(l:mana/spreader)распространителями маны$(/l) и $(l:mana/mana_pool)бассейнами маны$(/l). Вместе они образуют базовую систему генерации $(thing)маны$(0).$(p)$(l)Обращайтесь к главам только если что-то непонятно. Подходите к главам по очереди — не пытайтесь поглотить информацию из всех глав за раз!	PASS		Текст читается естественно и соответствует английскому источнику.	309		
patchouli-lang:botania:botania.page.magnetRing0	sha256:809c7fc97445581791d45694275e8a089f7bd7a59734882395a5a8a37f785495	A $(l:mana/lens)$(item)Magnetizing Lens$(0)$(/l) on a ring of $(item)Manasteel$(0) yields a $(item)Ring of Magnetization$(0), which attracts nearby items, making them float towards the wearer. The ring is disabled when its user is sneaking, or when in range of a $(l:functional_flowers/solegnolia)$(item)Solegnolia$(0)$(/l). Note that a tossed item won't be drawn by its wearer's ring for several seconds (so as to not to interfere with the purpose of said toss).	$(l:mana/lens#magnet)Линза магнетизма$(/l), прикрученная к $(l:mana/pool)манастальному$(/l) кольцу — таково будет короткое описание $(item)кольца магнетизма$(0).$(p)А если подробнее, то кольцо притягивает предметы к носителю, пока он не крадётся или не находится в радиусе работы $(l:functional_flowers)солегнолии$(/l). Кольцо также выключается на 5 секунд только для предметов, которые только что были выброшены носителем.	PASS		Текст читается естественно и соответствует английскому источнику.	335		
patchouli-lang:botania:botania.page.magnetRing1	sha256:6c232f8d43356a05085593798d0cd829298286bd187804f109442813ac362b25	How do they work?	$(o)Как оно работает$()?	PASS		Текст читается естественно и соответствует английскому источнику.	17		
patchouli-lang:botania:botania.page.magnetRing2	sha256:c64362b6f71cfd8309c52c55762ef512b9e213289dd0ed0b20db628733febd5c	Upgrading the ring for a larger range	Улучшение кольца для увеличения зоны действия	PASS		Текст читается естественно, ясно и соответствует английскому источнику.	45		
patchouli-lang:botania:botania.page.manaAlchemy0	sha256:a83cf19bd5c2db02e83d57f6782649b13a2b4596d0e545d96512c4b5cd95f831	$(thing)Mana$(0) is an extremely mercurial substance; even now its complete properties and abilities are unknown.$(p)However, what $(o)is$() known is that an $(item)Alchemy Catalyst$(0), created with a variety of otherworldly materials, can be attached to the bottom of a $(l:mana/pool)$(item)Mana Pool$(0)$(/l), allowing the latter to perform $(thing)Alchemy$(0).	$(thing)Мана$(0) — это чрезвычайно непредсказуемое вещество; до такой степени, что её свойства в полной мере не знает никто.$(br)Тем не менее, это не значит, что о $(thing)мане$(0) ничего неизвестно. Одним из известных свойств является способность $(thing)маны$(0) менять структуру схожих веществ, инициируемая $(item)алхимическим катализатором$(0), устройством из смеси потусторонних материалов. Открыть для себя $(thing)алхимию$(0) довольно просто — поставьте катализатор под $(l:mana/pool)бассейном маны$(/l).	PASS		Текст читается естественно и соответствует английскому источнику.	429		
patchouli-lang:botania:botania.page.manaAlchemy1	sha256:4057ff033913b444d842d109dc0c5193d617df71ba9ccd19bafd91d43723547a	Creating the $(item)Catalyst$(0)	Создание $(item)катализатора$(0)	PASS		Текст читается естественно и соответствует английскому источнику.	21		
patchouli-lang:botania:botania.page.manaAlchemy10	sha256:5a5e9716ae64c16d78d908e0b28333b3a14359ad843eca086f47cb4950435d4e	Transmuting breeds of $(item)Fish$(0)	Трансмутация $(item)рыб$(0) из вида в вид	PASS		Текст читается естественно и соответствует английскому источнику.	30		
patchouli-lang:botania:botania.page.manaAlchemy11	sha256:678cf9ed2ce6f44a2493969d9bd5c69e6076503c1ac4c9f3ec1723215279a656	Transmuting $(item)Seeds$(0) and $(item)Crops$(0)	Трансмутация $(item)семян$(0) и $(item)культур$(0)	PASS		Текст читается естественно и соответствует английскому источнику.	28		
patchouli-lang:botania:botania.page.manaAlchemy12	sha256:5419344750932999b6f45a898794492f93d740bdd0eb7cdfc219fa78a02b18dc	Purifying $(item)Poisonous Potatoes$(0)	Очищение $(item)ядовитого картофеля$(0)	PASS		Текст читается естественно и соответствует английскому источнику.	28		
patchouli-lang:botania:botania.page.manaAlchemy13	sha256:b0fe73dd9c75539db8f76e4d2584e1661e3e8ed8fb9d21eeb7265a126c19777b	Conjuring $(item)Nether Wart$(0)	Создание $(item)незерского нароста$(0)	PASS		Текст читается естественно и соответствует английскому источнику.	27		
patchouli-lang:botania:botania.page.manaAlchemy14	sha256:69b0318d47c9d80775a79e236394ace1daacb579270d46365a5b9a0dd750cc18	Converting between $(item)Gunpowder$(0) and $(item)Flint$(0)	Обратимая конвертация $(item)пороха$(0) и $(item)кремня$(0)	PASS		Текст читается естественно и соответствует английскому источнику.	37		
patchouli-lang:botania:botania.page.manaAlchemy15	sha256:fd9cd70a4d66a0e8bee0c8ebb704d68ec421d2efae621ca814bb0a9de965b477	Conjuring $(item)Name Tags$(0)	Создание $(item)бирок$(0)	PASS		Текст читается естественно и соответствует английскому источнику.	14		
patchouli-lang:botania:botania.page.manaAlchemy16	sha256:c7c6461fbc7288ef331cd387bd13bb63c358a244f9f65d96160de743fa7c542a	Splitting $(item)Wool$(0) into $(item)String$(0)	Расплетение $(item)шерсти$(0) на $(item)нити$(0)	PASS		Текст читается естественно и соответствует английскому источнику.	26		
patchouli-lang:botania:botania.page.manaAlchemy17	sha256:782ed624fd4244363025d4fddb84cedac601563d1718526fd3e9dc49a5836054	Converting between $(item)Slimeballs$(0) and $(item)Cactus$(0)	Обратимая конвертация $(item)сгустка слизи$(0) и $(item)кактуса$(0)	PASS		Текст читается естественно и соответствует английскому источнику.	45		
patchouli-lang:botania:botania.page.manaAlchemy18	sha256:b1c89c368de670cebf0f27fcc7904bdcf6a3e5760a38c52da5a39070516dfd89	Creating $(item)Ender Pearls$(0)	Создание $(item)эндер-жемчуга$(0)	PASS		Текст читается естественно и соответствует английскому источнику.	22		
patchouli-lang:botania:botania.page.manaAlchemy19	sha256:bf0ecba4b9fc0409c15f66a62fb0926c0db8e22c668bc0aa5936de58fe46134b	Converting between $(item)Glowstone$(0) and $(item)Redstone$(0)	Обратимая конвертация $(item)светокамня$(0) и $(item)редстоуна$(0)	PASS		Текст читается естественно и соответствует английскому источнику.	44		
patchouli-lang:botania:botania.page.manaAlchemy2	sha256:c24c316f5ce7326ef0faab0e3267e84346afa169bf66b879d13492fbb1260070	$(item)Rotten Flesh$(0) to $(item)Leather$(0)	Трансмутация $(item)гнилой плоти$(0) в $(item)кожу$(0)	PASS		Текст читается естественно и соответствует английскому источнику.	32		
patchouli-lang:botania:botania.page.manaAlchemy20	sha256:e635029ad3411e92d934bb41de1917d844f55b21832b0ac3a53ab2eec208dfb0	Breaking $(item)Cobblestone$(0) into $(item)Sand$(0)	Распадение $(item)булыжника$(0) до $(item)песка$(0)	PASS		Текст читается естественно и соответствует английскому источнику.	29		
patchouli-lang:botania:botania.page.manaAlchemy21	sha256:c66281fc23b740d958f3f140825c6ee5169aa87220ed68a591db8295095d847f	Breaking $(item)Terracotta$(0) into $(item)Red Sand$(0)	Распадение $(item)терракоты$(0) до $(item)красного песка$(0)	PASS		Текст читается естественно и соответствует английскому источнику.	38		
patchouli-lang:botania:botania.page.manaAlchemy22	sha256:bd749128e3f2536a849b3426784cf6857ae52d3162ac59d67a4dd89cd772b914	Breaking down $(item)Clay$(0) and $(item)Bricks$(0)	Распадение $(item)глины$(0) и $(item)кирпичей$(0)	PASS		Текст читается естественно и соответствует английскому источнику.	27		
patchouli-lang:botania:botania.page.manaAlchemy23	sha256:dbb0fb79961cb8d85bdd1d3c37a5a566ca40125f7d980636cb03f52878f481a3	Making $(item)Coarse Dirt$(0)	Создание $(item)каменистой земли$(0)	PASS		Текст читается естественно и соответствует английскому источнику.	25		
patchouli-lang:botania:botania.page.manaAlchemy24	sha256:7937fc45db40b9ff571809bf61e191d23baa5ab4c736cabd7e4df225e6db8b5a	Transmuting $(item)Tall Grasses$(0)	Трансмутация $(item)травы$(0) из вида в вид	PASS		Текст читается естественно и соответствует английскому источнику.	32		
patchouli-lang:botania:botania.page.manaAlchemy25	sha256:983f61c6f2c28814eaddc37a13a96246f53aae6a4fda5c4468610e866b456e6d	Transmuting mundane flowers	Трансмутация $(item)мирских цветов$(0) из вида в вид	PASS		Текст читается естественно и соответствует английскому источнику.	41		
patchouli-lang:botania:botania.page.manaAlchemy26	sha256:1403257a1c79b188ea89c85b34e1a6b80822890c9bb03079d47f03b132a92733	Transmuting stones	Трансмутация $(item)камней$(0) из вида в вид	PASS		Текст читается естественно и соответствует английскому источнику.	33		
patchouli-lang:botania:botania.page.manaAlchemy27	sha256:d8299376ee1a29626fcfc588f21fad092b4085925280dc8b73f01b3946e8cfbe	Converting $(item)Chorus Fruit$(0) into $(item)Chorus Flowers$(0)	Конвертация $(item)плода хоруса$(0) в $(item)цветок хоруса$(0)	PASS		Текст читается естественно и соответствует английскому источнику.	40		
patchouli-lang:botania:botania.page.manaAlchemy28	sha256:1f3be23fe742dfcd9c3522d42c9ac72e560c1a8499ef0c2af2b079f3c5648d01	Converting between $(item)Apples$(0) and $(item)Berries$(0)	Обратимая конвертация $(item)яблок$(0) и $(item)ягод$(0)	PASS		Текст читается естественно и соответствует английскому источнику.	34		
patchouli-lang:botania:botania.page.manaAlchemy3	sha256:c0c2e5ec97d20580aec7db1ea2f83d797bae90dbd1b0ca130f9d24ca42bb8b26	Transmuting $(item)Woods$(0)	Трансмутация $(item)дерева$(0) из вида в вид	PASS		Текст читается естественно и соответствует английскому источнику.	33		
patchouli-lang:botania:botania.page.manaAlchemy4	sha256:53161b90398b48a05aa455897513b9e7abd1cc6ab2e4d4c6011de942fbfbf9dc	Transmuting $(item)Saplings$(0)	Трансмутация $(item)саженцев$(0) из вида в вид	PASS		Текст читается естественно и соответствует английскому источнику.	35		
patchouli-lang:botania:botania.page.manaAlchemy43	sha256:65b6bc6657b6a2645b1a5d36972740aeae3039766dceeb2d7a10cf5dfd54ca5e	Transmuting deep stones	Трансмутация $(item)глубинных камней$(0) из вида в вид	PASS		Текст читается естественно и соответствует английскому источнику.	43		
patchouli-lang:botania:botania.page.manaAlchemy44	sha256:df1d4d65c48d83f98490a790fd938b3613f08c639d54a19f8d32c4c40b852637	Making $(item)Soul Soil$(0)	Создание $(item)почвы душ$(0)	PASS		Текст читается естественно и соответствует английскому источнику.	18		
patchouli-lang:botania:botania.page.manaAlchemy5	sha256:97ea43ae35d0f56bb662414905908a1d12bff7400c4ee68f3fc546cc050fb373	Breaking down $(item)Glowstone Blocks$(0)	Распадение $(item)светокаменных блоков$(0)	PASS		Текст читается естественно и соответствует английскому источнику.	31		
patchouli-lang:botania:botania.page.manaAlchemy6	sha256:e2a24d88728d634488fdfd61cf7e652c6ab95fd2aa4ca93b17cd1ee28ccaaf4d	Breaking down $(item)Quartz Blocks$(0)	Распадение $(item)кварцевых блоков$(0)	PASS		Текст читается естественно и соответствует английскому источнику.	27		
patchouli-lang:botania:botania.page.manaAlchemy7	sha256:18491c06c16d079fc4124e61a3e2fbc5007facb2f268ab6e6458e86705b87288	Creating $(item)Chiseled Stone Bricks$(0)	Создание $(item)резных каменных кирпичей$(0)	PASS		Текст читается естественно и соответствует английскому источнику.	33		
patchouli-lang:botania:botania.page.manaAlchemy8	sha256:820132aa6bc6620b159dcbcf99a867f04bfbd77cb33fbadef599df1ba3f8ecb5	Compressing $(item)Snow$(0) into $(item)Ice$(0)	Сжатие $(item)снега$(0) в $(item)лёд$(0)	PASS		Текст читается естественно и соответствует английскому источнику.	18		
patchouli-lang:botania:botania.page.manaAlchemy9	sha256:ba05bc42e1bf880d3cc376927f97d094e9942a7e38b98386bfff28baf6e2d8d2	Converting between $(item)Vines$(0) and $(item)Lilypads$(0)	Обратимая конвертация $(item)кувшинок$(0) и $(item)лозы$(0)	PASS		Текст читается естественно и соответствует английскому источнику.	37		
patchouli-lang:botania:botania.page.manaAlchemyDripleafShrinking	sha256:afb4c69c5e91612a9d97ba7f3d08c7f6f0f63417afb971f3c1db9b6859e85bee	Shrinking $(item)Large Dripleaves$(0)	Уменьшение $(item)большой бросянки$(0)	PASS		Текст читается естественно и соответствует английскому источнику.	27		
patchouli-lang:botania:botania.page.manaAlchemyFroglightCycle	sha256:6c921161905e54565929ec30d2afd648d2e9532d6e95b6daf4a776796a3dd4e8	Transmuting $(item)Froglights$(0)	Трансмутация $(item)квамп$(0) из вида в вид	PASS		Текст читается естественно и соответствует английскому источнику.	32		
patchouli-lang:botania:botania.page.manaBlaster0	sha256:a3755b4a1fca32253c0588a6e8d8157fc463fc31a39d10122ec76174db087c83	The $(item)Mana Blaster$(0) simply fires $(thing)Mana Bursts$(0). While shaped like a pistol for easy handling, it's not so much a firearm as it is a portable $(l:mana/spreader)$(item)Mana Spreader$(0)$(/l).$(p)By drawing $(thing)Mana$(0) from $(thing)Mana-carrying items$(0) in the holder's inventory, it fires mana bursts from the wielder's current position and bearing.	$(item)Мана-бластер$(0) — это портативный аналог $(l:mana/spreader)распространителя маны$(/l). Его форма напоминает пистолет, но бластер имеет с ним мало чего общего — это просто ручной раздатчик маны.$(p)Используя $(thing)ману$(0) из предметов в инвентаре, хранящих $(thing)ману$(0), он формирует $(thing)сгустки маны$(0) и стреляет ими.	PASS		Текст читается естественно и соответствует английскому источнику.	264		
patchouli-lang:botania:botania.page.manaBlaster1	sha256:190bc04acbfd2f0be7ef6bd76ebb34fb1b19776c079d2f09f5b55f465e72be54	These bursts differ slightly from the ones fired from spreaders: they travel faster, but carry only three-quarters of the $(thing)Mana$(0) a spreader's burst would. The blaster also has a short cooldown after firing before it can shoot again.	Этот сгусток немного отличается от того, что выпускает $(l:mana/spreader)распространитель маны$(/l). Он быстрее и летит намного дальше, но несёт только 3/4 заряда, в сравнении с обычным. Между выстрелами бластера есть задержка (уменьшается эффектом «$(thing)Спешка$(0)»), но в отличии от сгустков распространителя, несколько сгустков бластера могут лететь одновременно.	CHANGE	Сгустки бластера летят быстрее, но несут лишь три четверти $(thing)маны$(0) от сгустка распространителя. После выстрела бластеру нужна короткая перезарядка.	Упрощено и выправлено по английскому источнику.	334	144	0.431
patchouli-lang:botania:botania.page.manaBlaster2	sha256:6ab78c3d1f527edf2a4c14a30e8b183ed75149512d00b4f6fdca936e659a0d14	$(l:mana/lens)$(item)Mana Lenses$(0)$(/l) function in conjunction with the blaster. To attach one to a blaster, craft them together in a crafting table; to remove the lens, simply place the $(item)Mana Blaster$(0) back on the crafting grid.$(p)A $(thing)Haste$(0) effect on a wielder decreases their blaster's cooldown time.	$(l:mana/lens)Линзы маны$(/l) также работают с $(item)мана-бластером$(0). Линза прикрепляется к бластеру на сетке создания верстака; линза отсоединяется тоже в сетке создания.	CHANGE	$(l:mana/lens)$(item)Линзы маны$(0)$(/l) работают с $(item)мана-бластером$(0). Установите их в верстаке; чтобы снять, положите бластер в сетку.$(p)$(thing)Спешка$(0) сокращает перезарядку.	Упрощено и выправлено по английскому источнику.	145	132	0.910
patchouli-lang:botania:botania.page.manaBlaster3	sha256:332b8477d4c455e2c46aa5c38fea05dda1482a7a3ad09a8d94767549a05af390	We need moar dakka	$(o)НУЖНО БОЛЬШЕ ДАККИ$()	PASS		Текст читается естественно и соответствует английскому источнику.	18		
patchouli-lang:botania:botania.page.manaBomb0	sha256:83a14ec0ffeebe9edfdbafa3d046d68993ed0e2f66a55ded276abb8063ec2838	Infusing a $(l:alfhomancy/gaia_ritual)$(item)Gaia Spirit$(0)$(/l) with some $(item)TNT$(0) creates a $(item)Manastorm Charge$(0), a type of explosive. In a sense. Once ignited with a $(thing)Mana Burst$(0), the charge will create an unstable $(thing)Manastorm Epicenter$(0). This will, over time, spawn supercharged explosive $(thing)Mana Bursts$(0).$(p)Needless to say, only a maniac would unleash such a destructive force near anything valuable or important.	Мощное взрывчатое устройство, $(item)манаштормовый заряд$(0), создаётся из $(item)динамита$(0), напитанного $(l:alfhomancy/gaia_ritual)духом Гайи$(/l). Если заряд запустить $(item)снарядом маны$(0), он образует на своём месте нестабильный $(item)манаштормовый эпицентр$(0), а сам эпицентр порождает супернасыщенные взрывоопасные $(item)сгустки маны$(0).$(p)Стоит ли говорить, что только поехавший псих станет выпускать такую разрушительную мощь в важном месте или около ценных вещей?	PASS		Текст читается естественно и соответствует английскому источнику.	392		
patchouli-lang:botania:botania.page.manaBomb1	sha256:7820532b9cc0ddf5fbcb32f0b7dd682dfaefc627d0611b656238bf094b4b5df6	Prepare to face the mighty...	$(o)Приготовьтесь сразиться с могущественным$()…	PASS		Текст читается естественно и соответствует английскому источнику.	41		
patchouli-lang:botania:botania.page.manaConjuration0	sha256:aa83ec34dbccdb4134b6343d12561b8bc2fe3cfbc33cf42f57b048e4ee17c3bb	Similar to the $(item)Alchemy Catalyst$(0), a catalyst also exists for $(thing)Conjuration$(0), the magic of cloning simple resources from pure $(thing)Mana$(0). Conjuration is performed similarly to $(l:devices/mana_alchemy)$(thing)Alchemy$(0)$(/l), by tossing the relevant item into a $(l:mana/pool)$(item)Mana Pool$(0)$(/l) with a catalyst attached below.	Другое свойство маны, помимо $(thing)алхимии$(0), — это репликация существующих тел. $(thing)Созидание$(0) инициируется так же, как и $(thing)алхимия$(0): катализатором (но уже $(item)созидательным$(0)) под $(l:mana/pool)бассейном маны$(/l).	CHANGE	Подобно $(item)алхимическому катализатору$(0), есть катализатор для $(thing)созидания$(0): магии создания простых ресурсов из $(thing)маны$(0). Бросьте нужный предмет в $(l:devices/mana_alchemy)$(thing)бассейн маны$(0)$(/l) с катализатором снизу, как в $(l:mana/pool)$(item)алхимии$(0)$(/l).	Упрощено и выправлено по английскому источнику.	175	184	1.051
patchouli-lang:botania:botania.page.manaConjuration1	sha256:d3a6a48d883171111e8e59286c9c91c860efc3e3a6dcf9594310c088936a0119	Creating the catalyst	Создание $(item)катализатора$(0)	PASS		Текст читается естественно и соответствует английскому источнику.	21		
patchouli-lang:botania:botania.page.manaConjuration10	sha256:1ff677945e97450ccb1f586a2fbc1a8901a1d13b551ce5caa143c0dae53a23f0	Conjuring $(item)Leaves$(0)	Создание $(item)листьев$(0)	PASS		Текст читается естественно и соответствует английскому источнику.	16		
patchouli-lang:botania:botania.page.manaConjuration11	sha256:39294a4e9b3cc2693ea26ad1ee7ba3c7fa6207e1ad8be5bd9f033c1e2528fa7e	Conjuring $(item)Grass$(0)	Создание $(item)травы$(0)	PASS		Текст читается естественно и соответствует английскому источнику.	14		
patchouli-lang:botania:botania.page.manaConjuration2	sha256:ecffb0fc6623a70efd9913ac8f73ad52ea1424008d9c5fed103e3a7938dc4a20	Conjuring $(item)Redstone$(0)	Создание $(item)редстоуновой пыли$(0)	PASS		Текст читается естественно и соответствует английскому источнику.	26		
patchouli-lang:botania:botania.page.manaConjuration3	sha256:5ef2e5a3831de0638cd74bfd8e6ba39e2e77259537000539a6e2d392d00b101e	Conjuring $(item)Glowstone$(0)	Создание $(item)светопыли$(0)	PASS		Текст читается естественно и соответствует английскому источнику.	18		
patchouli-lang:botania:botania.page.manaConjuration4	sha256:2bb2a5de20093ea179dc0a63e54cf7ad36646339278e8df733c59086b1d5e77b	Conjuring $(item)Quartz$(0)	Создание $(item)кварца$(0)	PASS		Текст читается естественно и соответствует английскому источнику.	15		
patchouli-lang:botania:botania.page.manaConjuration5	sha256:44cd3aa10747169e1e2c6b45d9a52f205ccfc67b41fb457360bf87f43b1d6a6c	Conjuring $(item)Coal$(0)	Создание $(item)угля$(0)	PASS		Текст читается естественно и соответствует английскому источнику.	13		
patchouli-lang:botania:botania.page.manaConjuration6	sha256:efad178f5cdc1dabd84249604fc800ce4d6d3c3d8d49e5eb192aef328d02abe1	Conjuring $(item)Snow$(0)	Создание $(item)снега$(0)	PASS		Текст читается естественно и соответствует английскому источнику.	14		
patchouli-lang:botania:botania.page.manaConjuration7	sha256:a6727424b944a851bb8016139da0838ab77e2d97952a9745714e5419b9520662	Conjuring $(item)Netherrack$(0)	Создание $(item)незерака$(0)	PASS		Текст читается естественно и соответствует английскому источнику.	17		
patchouli-lang:botania:botania.page.manaConjuration8	sha256:341ccc130184718cb83413d74e50f5a2b36f4577ffdb66bb9b20ae0885320f3f	Conjuring $(item)Soul Sand$(0)	Создание $(item)песка душ$(0)	PASS		Текст читается естественно и соответствует английскому источнику.	18		
patchouli-lang:botania:botania.page.manaConjuration9	sha256:837a7d81bf5fecfaaca254c609e8ab1f0d9ed7676a8a9235f36997bc6157573e	Conjuring $(item)Gravel$(0)	Создание $(item)гравия$(0)	PASS		Текст читается естественно и соответствует английскому источнику.	15		
patchouli-lang:botania:botania.page.manaDetector0	sha256:5289de5579840ba31b5f37e4f2c3cb879a77b0cb16d28785e63b0f11e16e2bde	The $(item)Mana Detector$(0) detects when a $(thing)Mana Burst$(0) flows through it (bursts pass through this block like air) and provides a redstone signal for the occasion.	$(item)Детектор маны$(0) может излучать редстоун-сигнал, определяя, когда через него начинает проходить $(thing)сгусток маны$(0) (сгусток при этом не рассеивается).	PASS		Текст читается естественно и соответствует английскому источнику.	141		
patchouli-lang:botania:botania.page.manaDetector1	sha256:ccd8d09748f56b5b13e4116d1c31f71e4de4f39d80651c1ad39334cc400f02ad	Crafting the detector	Создание $(item)детектора$(0)	PASS		Текст читается естественно и соответствует английскому источнику.	18		
patchouli-lang:botania:botania.page.manaEnchanting0	sha256:efb433c34b1aec4779ca63e60d877b93b67312cef241f5a140a5635419de9dfa	With the magical power emitted from $(l:devices/pylon)$(item)Mana Pylons$(0)$(/l), a structure can be built that performs enchants with books without consuming them. The construction of a $(item)Mana Enchanter$(0) isn't cheap, though, neither in space nor materials.	Используя магическую силу, испускаемую $(l:devices/pylon)пилонами маны$(/l), можно собрать структуру, которая позволит накладывать чары на предметы чародейскими книгами, не уничтожая их. Постройка $(item)мана-чарователя$(0) может оказаться дорогим удовольствием на начальных этапах развития, а сама структура занимает немало места.	PASS		Текст читается естественно и соответствует английскому источнику.	297		
patchouli-lang:botania:botania.page.manaEnchanting1	sha256:d694c5ac9a1ca378ba11791f3b47bd5de38534b918515e5361489702879fc319	A $(item)Mana Enchanter$(0) takes up an area around 11x7 in size, and is constructed from 17 $(item)Obsidian$(0) blocks, 10 $(l:basics/flowers)$(item)Mystical Flowers$(0)$(/l) of any color or their $(l:misc/shiny_flowers#shiny)$(item)Glimmering$(0)$(/l) or $(l:misc/shiny_flowers#floating)$(item)Floating$(0)$(/l) variants, 6 $(l:devices/pylon)$(item)Mana Pylons$(0)$(/l), and one $(item)Lapis Lazuli Block$(0).$(p)Instructions on assembling this marvelous contraption follow.	Структура $(item)мана-чарователя$(0) занимает площадь 11×7 и состоит из:$(li)17 $(item)обсидиановых$(0) блоков;$(li)10 любых $(l:basics/flowers)мистических цветов$(/l);$(li)6 $(l:basics/flowers)мана-пилонов$(/l);$(li)1$(item)лазуритового блока$(0).$(p)Инструкция по строительству этой замечательной структуры следует далее.	CHANGE	$(item)Мана-чарователь$(0) занимает площадку 11x7 и состоит из 17 $(item)блоков обсидиана$(0), 10 $(l:basics/flowers)$(item)мистических цветов$(0)$(/l) любого цвета, включая $(l:misc/shiny_flowers#shiny)$(item)сверкающие$(0)$(/l) и $(l:misc/shiny_flowers#floating)$(item)парящие$(0)$(/l), 6 $(l:devices/pylon)$(item)пилонов маны$(0)$(/l) и 1 $(item)лазуритового блока$(0).$(p)Инструкция по сборке дальше.	Упрощено и выправлено по английскому источнику.	218	201	0.922
patchouli-lang:botania:botania.page.manaEnchanting2	sha256:953375ac1eec4ad2ef5c4eaab852c58f4ed6e6532f56ff368046c04d1c613c24	Mana Enchanter	Мана-чарователь	PASS		Текст читается естественно и соответствует английскому источнику.	15		
patchouli-lang:botania:botania.page.manaEnchanting5	sha256:059a23f70c919a3b1d0be9eab8bf5c341102a82146217175979c130cbe0b6bc9	After construction, right-click the core lapis block with a $(l:basics/wand)$(item)Wand of the Forest$(0)$(/l) to activate the enchanter.$(p)To use the enchanter, place (via right-click) the item to be enchanted in the enchanter itself and drop $(item)Enchanted Books$(0) with the desired enchantments within the obsidian circle. Note that pre-enchanted items can't be placed in the enchanter.	После завершения постройки, нажмите [$(k:use)] с $(item)жезлом леса$(0) по $(item)лазуритовому блоку$(0) и $(item)мана-чарователь$(0) будет завершён.$(p)Для использования чарователя, нужно нажатием [$(k:use)] по нему разместить предмет, на который нужно наложить чары, и разбросать $(item)чародейские книги$(0) вокруг чарователя в пределах обсидиановой площадки.	CHANGE	После сборки щёлкните правой кнопкой по центральному лазуритовому блоку $(l:basics/wand)$(item)жезлом леса$(0)$(/l), чтобы включить чарователь.$(p)Щёлкните правой кнопкой по чарователю, чтобы поместить в него предмет, а $(item)чародейские книги$(0) с нужными чарами бросьте в обсидиановый круг. Уже зачарованные предметы не подходят.	Упрощено и выправлено по английскому источнику.	298	240	0.805
patchouli-lang:botania:botania.page.manaEnchanting6	sha256:6e422f56461fab4af3eb8c7be6adabbd0a97194d76d542e799bd17c63a37ee71	To start the enchantment, right-click the enchanter with a $(l:basics/wand)$(item)Wand of the Forest$(0)$(/l). Once it's finished scanning nearby books, a spell circle will appear around the core, indicating that the books can be safely picked up again. Note that the scan will only pick up the first enchantment on a given book; multiple enchantments from one book will not be applied.	Уже зачарованные предметы не могут быть размещены на чарователе.$(p)Для начала наложения чар, нажмите [$(k:use)] с $(item)жезлом леса$(0) по $(item)мана-чарователю$(0). После того, как структура изучит разбросанные $(item)чародейские книги$(0), появится магический круг вокруг чарователя, указывая на то, что книги можно безопасно подобрать для повторного использования.	CHANGE	Чтобы начать зачарование, щёлкните правой кнопкой по чарователю $(l:basics/wand)$(item)жезлом леса$(0)$(/l). После проверки книг вокруг ядра появится круг: книги можно снова поднять. С одной книги применяется только первое зачарование.	Упрощено и выправлено по английскому источнику.	325	190	0.585
patchouli-lang:botania:botania.page.manaEnchanting7	sha256:fdd55334294907ed100acfa56f08570dfa0f6696a1069634b13c67a779c36745	The enchanter requires $(thing)Mana$(0) during the enchantment process.$(p)$(thing)Mana$(0) can be fed with $(thing)Mana Bursts$(0) or with a $(l:mana/sparks)$(item)Spark$(0)$(/l) over the enchanter's core (the latter way working much faster).	Для наложения чар, чарователю требуется $(thing)мана$(0) и она может быть получена либо от $(l:mana/spreader)сгустков маны$(0), либо от $(l:mana/sparks)искры$(0) расположенной над чарователем (искра намного быстрее).	CHANGE	Во время зачарования чарователю нужна $(thing)мана$(0).$(p)Её подают $(thing)сгустками маны$(0) или $(thing)сгустками маны$(0) из $(l:mana/sparks)$(item)искры$(0)$(/l) над ядром; искра работает быстрее.	Упрощено и выправлено по английскому источнику.	162	113	0.698
patchouli-lang:botania:botania.page.manaEnchanting8	sha256:fc91424a34ef578009a420fddaf44c1007bac37fefd7f679cd350b309a09d23c	When the Enchanter has received enough $(thing)Mana$(0), the enchanting process will wrap itself up, and the enchantments will be applied to the item.$(p)The amount of $(thing)Mana$(0) required depends on the number of enchantments to be applied, and on their respective rarities and levels.	Когда чарователь получил достаточно $(thing)маны$(0), процесс наложения чар завершится.$(p)Количество потребляемой $(thing)маны$(0) зависит от редкости, силы и количества применяемых чар.$(p)Изучая книги, $(item)мана-чарователь$(0) стирает и забирает самое первое зачарование; чарователь не может взять несколько чар с книги.	CHANGE	Когда чарователь получит достаточно $(thing)маны$(0), он закончит работу и наложит чары на предмет.$(p)Расход $(thing)маны$(0) зависит от количества, редкости и уровня чар.	Упрощено и выправлено по английскому источнику.	282	139	0.493
patchouli-lang:botania:botania.page.manaEnchanting9	sha256:3805eeae0c8a452b5ec702c68671cf67ba76d978ab5332bd35c9fa32d49ada14	During the enchanting process, the item being enchanted can't be removed.$(p)Additionally, if any component of the construct is removed at any point of the process, the core will revert to its original $(item)Lapis Lazuli Block$(0) form, and all mana transferred will be lost.	После начала наложения чар, зачаровываемый предмет не может быть извлечён до тех пор, пока процесс не завершится.$(p)Следует отметить, что если в любой момент времени, любой блок будет извлечён из структуры, это вернёт $(item)мана-чарователь$(0) обратно в $(item)лазуритовый блок$(0).	CHANGE	Во время зачарования предмет нельзя вынуть.$(p)Если разобрать любой элемент структуры, ядро снова станет $(item)лазуритовым блоком$(0), а переданная мана пропадёт.	Упрощено и выправлено по английскому источнику.	258	148	0.574
patchouli-lang:botania:botania.page.manaGear0	sha256:1752f7838c9aec322d69fcd2e5d01e310120f50f65ef2efea787dd868fcec1f6	$(item)Manasteel$(0), like other metals, can be shaped into tools and armor alike.$(p)Tools or armor crafted from this material will share most of their qualities with $(item)Iron$(0), albeit with superior enchantability and durability. Additionally, all $(item)Manasteel$(0) items can heal their durabilities with $(thing)Mana$(0) from their user's inventory (e.g. in a $(l:mana/mana_tablet)$(item)Mana Tablet$(0)$(/l)).	$(item)Манасталь$(0), как и другие металлы, может быть использована для создания инструментов и брони.$(p)Предметы, созданные из $(item)манастали$(0), похожи на $(item)железные$(0), но более долговечны, лучше подходят для наложения чар, и, чтобы не изнашиваться, $(item)манасталь$(0) в их структуре поглотит $(thing)ману$(0) из инвентаря (например, из $(l:mana/mana_tablet)планшета маны$(/l)).	CHANGE	$(item)Манасталь$(0), как и другие металлы, идёт на инструменты и броню.$(p)Они похожи на $(item)железные$(0), но прочнее и лучше зачаровываются. Все $(item)предметы из манастали$(0) чинятся $(thing)маной$(0) из инвентаря владельца, например из $(l:mana/mana_tablet)$(item)планшета маны$(0)$(/l).	Упрощено и выправлено по английскому источнику.	307	210	0.684
patchouli-lang:botania:botania.page.manaGear1	sha256:a69e7c75662b2466ce233dd9eb1543ae6ae306b5804bf23ee2bc02bf60de21b4	The $(item)Manasteel Pickaxe$(0)	$(item)Манастальная кирка$(0)	PASS		Текст читается естественно и соответствует английскому источнику.	18		
patchouli-lang:botania:botania.page.manaGear10	sha256:9e72f7330249523fc72377f1cab1b39828f06e477e408f873dfbe1ee506fda93	Some $(item)Manasteel$(0) tools perform special actions when right-clicked: the $(item)Pickaxe$(0) will place a torch from the user's inventory, and the $(item)Axe$(0) will do the same with a sapling.$(p)Do note that $(item)Shears$(0) made of mana-based materials will trigger tripwires, unlike iron ones.	Некоторые $(l:mana/pool)манастальные$(/l) инструменты могут выполнять специальные действия при нажатии [$(k:use)]. $(item)Кирка$(0) поставит $(item)факел$(0) из инвентаря пользователя, $(item)топор$(0) сделает то же самое, но $(item)саженец$(0) вместо факела.	PASS		Текст читается естественно и соответствует английскому источнику.	188		
patchouli-lang:botania:botania.page.manaGear2	sha256:be01115ace9a510924b7613c76b84e7d8239f69832d0a0df85b8ebf21ea828c8	The $(item)Manasteel Shovel$(0)	$(item)Манастальная лопата$(0)	PASS		Текст читается естественно и соответствует английскому источнику.	19		
patchouli-lang:botania:botania.page.manaGear3	sha256:8393efac671c349ae94570e7cb5f79297b547a6fab79d765bcc5218929f1adff	The $(item)Manasteel Axe$(0)	$(item)Манастальной топор$(0)	PASS		Текст читается естественно и соответствует английскому источнику.	18		
patchouli-lang:botania:botania.page.manaGear3a	sha256:961acc631d10952c154a1a2aceb7b1b87ad082b7fd727b212bc3613556bcf58f	The $(item)Manasteel Hoe$(0)	$(item)Манастальная мотыга$(0)	PASS		Текст читается естественно и соответствует английскому источнику.	19		
patchouli-lang:botania:botania.page.manaGear4	sha256:7fea9ff995b9b2d46a1bcc92e1374d19a0af48eb26a1fce750f535f76fc56298	The $(item)Manasteel Shears$(0)	$(item)Манастальные ножницы$(0)	PASS		Текст читается естественно и соответствует английскому источнику.	20		
patchouli-lang:botania:botania.page.manaGear5	sha256:a3b374a2a4c9f952a1701728b4d52d5e40e1e84c5885d59e0206cd2a39892b23	The $(item)Manasteel Sword$(0)	$(item)Манастальной меч$(0)	PASS		Текст читается естественно и соответствует английскому источнику.	16		
patchouli-lang:botania:botania.page.manaGear6	sha256:beebe4da392b266ea88884028b2eccdff2f2259a04c1753487b7314685f3c401	The $(item)Manasteel Helmet$(0)	$(item)Манастальной шлем$(0)	PASS		Текст читается естественно и соответствует английскому источнику.	17		
patchouli-lang:botania:botania.page.manaGear7	sha256:804b1295cdb2df4298853828195e775cb0d496f6b747bd43519070a54d5ee544	The $(item)Manasteel Chestplate$(0)	$(item)Манастальной нагрудник$(0)	PASS		Текст читается естественно и соответствует английскому источнику.	22		
patchouli-lang:botania:botania.page.manaGear8	sha256:064dd978e6b4b325bb0599acbcc817c68248847940920429bbcab2790d0ce325	The $(item)Manasteel Leggings$(0)	$(item)Манастальные поножи$(0)	PASS		Текст читается естественно и соответствует английскому источнику.	19		
patchouli-lang:botania:botania.page.manaGear9	sha256:807a1094c1ca4b93dc3c2e75b69bf3be79c868f116f5c1a108419571a17e99a1	The $(item)Manasteel Boots$(0)	$(item)Манастальные ботинки$(0)	PASS		Текст читается естественно и соответствует английскому источнику.	20		
patchouli-lang:botania:botania.page.manaMirror0	sha256:4cabfdea0b32a2e2a5c5cc14368dae4718d4985976a0e6cb7c905e43fc28b8ef	A $(item)Mana Mirror$(0) is an alternative to $(thing)Mana$(0)-containing items like $(l:mana/mana_tablet)$(item)Tablets$(0)$(/l). After it's bound to a $(l:mana/pool)$(item)Mana Pool$(0)$(/l), items in the inventory requiring $(thing)Mana$(0) will draw from it.$(p)To bind a mirror to a pool, simply $(thing)sneak-right click$(0) the pool with the mirror. The mirror can't input or output mana from/to pools in any other way.	$(item)Зеркало маны$(0) — это альтернатива $(thing)мана$(0)-содержащим предметам, похожим на $(l:mana/mana_tablet)планшет маны$(/l). Зеркало можно привязать к $(item)бассейну маны$(0), и все предметы в инвентаре, которым нужна $(thing)мана$(0), возьмут её прямо из привязанного бассейна.$(p)Зеркало привязывается нажатием [$(k:sneak)+$(k:use)] по бассейну. Зеркало не может вливать или брать ману из бассейна никак по-другому.	PASS		Текст читается естественно и соответствует английскому источнику.	332		
patchouli-lang:botania:botania.page.manaMirror1	sha256:3a3e159c23621e4eba89d16e8fd0348864cc1dc94cce5c017453164a365f689c	Mirror mirror on the wall...	$(o)Свет мой, зеркальце, скажи$()…	PASS		Текст читается естественно и соответствует английскому источнику.	27		
patchouli-lang:botania:botania.page.manaRing0	sha256:15512d4352f461a52fd260d0b216f0108db9f73e1a01730f3d8690ef51bff7f8	Putting a $(l:mana/mana_tablet)$(item)Mana Tablet$(0)$(/l) on a $(item)Manasteel$(0) ring makes the Tablet wearable. The $(item)Band of Mana$(0) functions exactly as its component Tablet does, but can be worn as a $(thing)Trinket$(0) as well.$(p)Upgrading the ring by plating it with an ingot of $(l:basics/terrasteel)$(item)Terrasteel$(0)$(/l) allows it to store about four times as much $(thing)Mana$(0).	Соединив $(l:mana/mana_tablet)планшет маны$(/l) и несколько $(l:mana/pool)манастальных слитков$(/l) можно получить $(thing)колечко$(0), которое исполняет функции планшета, но может быть экипировано в слот $(thing)аксессуаров$(0).$(p)Кольцо можно улучшить $(l:basics/terrasteel)террасталью$(0) — количество хранимой $(thing)маны$(0) увеличится в 4 раза.	PASS		Текст читается естественно и соответствует английскому источнику.	241		
patchouli-lang:botania:botania.page.manaRing1	sha256:858e4ad724502c31fcc2854eaf143add711f37a4c132cbd6a1b506d6fcb82983	Creating the ring	Создание $(item)кольца$()	PASS		Текст читается естественно и соответствует английскому источнику.	15		
patchouli-lang:botania:botania.page.manaRing2	sha256:08168bb728185934c21fd073b46d475fe898781b3d07eadf7e11f1e6dcf55406	Upgrading the ring	Улучшение $(item)кольца$()	PASS		Текст читается естественно и соответствует английскому источнику.	16		
patchouli-lang:botania:botania.page.manaTablet0	sha256:cc4e33ba8a19e0dbe9e613549584125134da8a0b0b33eee1f42ecaca6f1db79d	Using $(l:mana/spreader)$(item)Mana Spreaders$(0)$(/l) to transport $(thing)Mana$(0) is all well and good, but there are other ways of getting the stuff around too.$(p)The $(item)Mana Tablet$(0) is a portable item that can carry $(thing)Mana$(0) within itself.$(p)In addition, other items in an inventory can draw from it for their own use, making it an essential tool.	$(l:mana/spreader)Распространитель маны$(/l) вполне себе неплохо работает для транспортировки $(thing)маны$(0), но только в рамках базы.$(p)$(item)Планшет маны$(0) — это портативное устройство, хранящее $(thing)ману$(0).$(p)Другие предметы в инвентаре, работающие от $(thing)маны$(0), могут запитываться от $(item)планшета маны$(0), так что это очень важное устройство для ботаника, особенно если ему надо отправиться в долгое путешествие.	PASS		Текст читается естественно и соответствует английскому источнику.	350		
patchouli-lang:botania:botania.page.manaTablet1	sha256:1df49deb03083e7792b871bc2445455ba3235db159740376d38398e39d0e1690	Tossing a tablet into a $(l:mana/pool)$(item)Mana Pool$(0)$(/l) will allow for flow of $(thing)Mana$(0) between them.$(p)Sneak-right clicking (or using a $(item)Dispenser$(0)) on the $(l:mana/pool)$(item)Mana Pool$(0)$(/l) with a $(l:basics/wand)$(item)Wand of the Forest$(0)$(/l) will change which way the $(thing)Mana$(0) will flow.$(p)Unlike normal items, dropped tablets never despawn.	Зарядить (или разрядить) планшет можно бросив его в $(l:mana/pool)бассейн маны$(/l). Направление течения маны бассейна («Бассейн → Планшет» или «Планшет ← Бассейн») настраивается нажатием [$(k:sneak)+$(k:use)] $(l:basics/wand)жезлом леса$(/l) по нему. В отличие от обычных предметов, выброшенный в мир $(item)планшет$(0) никогда не исчезнет.	PASS		Текст читается естественно и соответствует английскому источнику.	272		
patchouli-lang:botania:botania.page.manaTablet2	sha256:188ff530d7700deb69eb5718cce521d1dd5f6d0ff439ded57c8f87c4c8fa6ded	Sadly, it doesn't have wifi	$(o)Модуль Wi-Fi в поставку не входит$()	PASS		Текст читается естественно и соответствует английскому источнику.	33		
patchouli-lang:botania:botania.page.manaVoid0	sha256:b793a8723408aca65993653ee3a4417da7cb7f4f0f986eeed2c8b18c1324a313	The $(item)Mana Void$(0) is, in layman's terms, a grave for $(thing)Mana$(0). Any $(thing)Mana$(0) poured into this block will simply vanish into the void, never to be seen again.$(p)Placing one of these under a $(l:mana/pool)$(item)Mana Pool$(0)$(/l) will allow the pool to always accept $(thing)Mana$(0), but void any it can't hold.	Говоря простым языком, $(item)мана-пустота$(0) — это могила для $(thing)маны$(0). Любая $(thing)мана$(0), попавшая в этот блок, просто испарится в пустоте навсегда.$(p)$(item)Мана-пустота$(0) под $(l:mana/pool)бассейном маны$(/l) не уничтожит всю $(thing)ману$(0), но будет уничтожать излишки $(thing)маны$(0).	PASS		Текст читается естественно и соответствует английскому источнику.	217		
patchouli-lang:botania:botania.page.manaVoid1	sha256:c496e6bd3e93378b9bf872316444b063200372530afb073efcdd86ed0ce25d35	Even Chad from accounting?	$(o)Пустота рождает кризис$()	PASS		Текст читается естественно и соответствует английскому источнику.	22		
patchouli-lang:botania:botania.page.manastar0	sha256:f827bea6c37c24779acb5d4dfb4db75431423422fae8ad5cf847e9092b1336c0	The imprecise measurements of the $(l:basics/wand)$(item)Wand of the Forest$(0)$(/l) sometimes won't cut it for telling if you're turning a profit or loss in your $(l:mana/pool)$(item)Mana Pools$(0)$(/l).$(p)Creating a $(item)Manastar$(0) and placing it next to a pool will have the flower shine red if there's a loss, or blue if there's a profit. The measurement updates every few seconds.	Из-за неточности измерений $(l:basics/wand)жезла леса$(/l), порой трудной сказать уходит ли мана в $(l:mana/pool)бассейнах маны$(/l) в минус или плюс. $(item)Звезда мана$(0) решает эту проблему, наглядно показывая прирост и отток маны, если поставить её вплотную к бассейну. Цветок испускает красные частицы при потерях, и синие при прибыли $(thing)маны$(0). Измерения происходят каждые несколько секунд.	PASS		Текст читается естественно и соответствует английскому источнику.	341		
patchouli-lang:botania:botania.page.manastar1	sha256:3cf91bd028d029d64402ce746d66b6837680f4e994f9c01e2de37c18d49f5666	It's a shooting star leaping through the skies	$(o)Сегодня звёзды ярче, чем вчера$()	PASS		Текст читается естественно и соответствует английскому источнику.	30		
patchouli-lang:botania:botania.page.manaweave0	sha256:75c122d01e3e083c72b547f84b2a7ee11b0c8da981701c8301ca69faa224b252	$(item)Manaweave Cloth$(0) is a fabric that's highly attuned to the primal energies in $(thing)Mana$(0).$(p)$(item)Manaweave Robes$(0), woven of this cloth, aren't the greatest at resisting damage; however, they more than make up for it with a powerful set bonus. When all four set pieces are worn, tools and rods are far, far cheaper to use (in $(thing)Mana$(0) cost).	$(item)Манаткань$(0) — это ткань, чувствительная к первородной энергии, содержащейся в $(thing)мане$(0). $(item)Манатканное одеяние$(0) не отличается высокой защитой, но компенсирует это другой мощной особенностью. При ношении полного комплекта одеяний, затраты $(thing)маны$(0) на использование инструментов и скипетров значительно снижаются. Дальность и/или мощность скипетров также увеличиваются.	PASS		Текст читается естественно и соответствует английскому источнику.	353		
patchouli-lang:botania:botania.page.manaweave1	sha256:0906a2b2e4503da517783ffb09d95c03013e120530c4ec0ed5766a1ed2fd73be	Wearing the full set of $(item)Manaweave Robes$(0) also grants the wearer an increased proficiency with magical rods, increasing their powers and/or ranges.$(p)$(item)Manaweave Robes$(0) can use $(thing)Mana$(0) from one's inventory to repair themselves, similarly to $(item)Manasteel Armor$(0), but at a lower $(thing)Mana$(0) cost.	Так же, как и $(l:tools/mana_gear)манастальная броня$(/l), $(item)манатканное одеяние$(0) использует $(thing)ману$(0), чтобы не изнашиваться.	PASS		Текст читается естественно и соответствует английскому источнику.	93		
patchouli-lang:botania:botania.page.manaweave2	sha256:6241b7cf798c7c8ea08b8a3fe494e39974cd193c14e827465bfa59ad0dd3d351	Weaving the threads of $(thing)Mana$(0)	Переплетение нитей из $(thing)маны$(0)	PASS		Текст читается естественно и соответствует английскому источнику.	26		
patchouli-lang:botania:botania.page.manaweave3	sha256:47053fd583df69145b9f9aa636ec05be2d7270d862df7b31086a031d11478841	Creating the Cowl	Создание $(item)капюшона$()	PASS		Текст читается естественно и соответствует английскому источнику.	17		
patchouli-lang:botania:botania.page.manaweave4	sha256:3ed9764000b53df23350a4a7c66a5399f4aea5cdb8a94771773edebe68570475	Creating the Robe Top	Создание $(item)верха мантии$()	PASS		Текст читается естественно и соответствует английскому источнику.	21		
patchouli-lang:botania:botania.page.manaweave5	sha256:7fc3928c8f00d4f6f1939673e90a2e082e5bdf287441bc80b1ef3230235366dc	Creating the Robe Bottom	Создание $(item)низа мантии$()	PASS		Текст читается естественно и соответствует английскому источнику.	20		
patchouli-lang:botania:botania.page.manaweave6	sha256:2d9fb981fc95feb2a84a205b243bfd53354df3930ddad1405aae23ba43bea6f9	Creating the Boots	Создание $(item)сапог$()	PASS		Текст читается естественно и соответствует английскому источнику.	14		
patchouli-lang:botania:botania.page.marimorphosis0	sha256:bd01fe791d154dca40133d5d51e42bf3e6d70cc91b71aea9fc1ce2316815af25	The $(item)Marimorphosis$(0) is a flower that induces metamorphic transformations in nearby $(item)Stone$(0) blocks. These blocks are transmogrified into one of 8 different types of $(item)Metamorphic Stone$(0). All 8 types will generate everywhere, but the types that generate more will often depend on the biome. All varieties can be used for bricks, chiseled bricks, slabs, stairs, and $(l:basics/apothecary)$(item)Petal Apothecary$(0)$(/l) variants.	$(item)Мраморфоз$(0) — цветок, вызывающий метаморфические трансформации у блоков $(item)камня$(0) вокруг. Камень вокруг обращается в один из 8 различных видов $(item)метаморфических камней$(0). Все 8 видов натурально встречаются в мире, но частота трансформации в определённые виды зависит от текущего биома. Все виды можно использовать для изготовления кирпичей, резных кирпичей, плит, ступенек и даже $(item)лепестковых чаш$(0) (разных лишь визуально).	PASS		Текст читается естественно и соответствует английскому источнику.	410		
patchouli-lang:botania:botania.page.marimorphosis05	sha256:3429952cc5dbffeae004cc529381a5f7f369116d180ea008085cd2beae738951	$(item)Solite$(0) will generate in deserts and savannas. $(item)Fuchsite$(0) appears in forest biomes (including taigas). $(item)Mycelite$(0) generates in mushroom fields and underground biomes. $(item)Rosy Talc$(0) is found in badlands and savannas.$(p)$(item)Gneiss$(0) appears in mountainous biomes. $(item)Talc$(0) generates in plains and beaches. $(item)Cataclasite$(0) shows up in swamps and jungles. Finally, $(item)Lunite$(0) generates in cold biomes and taigas.	Виды встречаются в следующих биомах:$(li)$(item)Солит$(0) — пустыни и саванны;$(li)$(item)Фуксит$(0) — лесные биомы (включая тайгу);$(li)$(item)Мицелит$(0) — грибные поля и подземные биомы;$(li)$(item)Розовый тальк$(0) — пустоши и саванны;$(li)$(p)$(item)Гнейс$(0) — горные биомы;$(li)$(item)Тальк$(0) — равнины и пляжи;$(li)$(item)Катаклазит$(0) — болота и джунгли;$(li)$(item)Лунит$(0) — холодные биомы и тайга.	PASS		Текст читается естественно и соответствует английскому источнику.	281		
patchouli-lang:botania:botania.page.marimorphosis1	sha256:49eb934eab9b3051cc2d3c310699085689f9ffd90c7f321edad37fca3c0c1e34	The various flavors of $(item)Metamorphic Stone$(0)	Варианты $(item)метаморфических камней$(0)	PASS		Текст читается естественно и соответствует английскому источнику.	31		
patchouli-lang:botania:botania.page.marimorphosis2	sha256:b15e94dfd692096f1d9ca33a119bac424ec0037b71ff3355a7b0c63cab227cf6	$(o)This flower is pretty gneiss$().	$(o)А этот цветок вполне тальковый. Вы поняли? Ха-ха, тальковый!$()	PASS		Текст читается естественно и соответствует английскому источнику.	60		
patchouli-lang:botania:botania.page.marimorphosis3	sha256:fe392f6c3c34021c8b0793bdafc7f58e2258822cc714d360c716c1c05b4435b3	A color for everyone	$(o)По цвету для каждого$()	PASS		Текст читается естественно и соответствует английскому источнику.	20		
patchouli-lang:botania:botania.page.medumone0	sha256:b2be5da5fa765822dce37c72a690d5ae11657235325289567e02aa1ad4a1b24b	The $(item)Medumone$(0) is a flower with the ability to completely halt a creature's movements.$(p)It converts $(thing)Mana$(0) into a powerful slowing field that halts any nearby non-player entities in their tracks.	$(item)Медуница$(0) может полностью останавливать движение мобов.$(p)Пока $(item)медуница$(0) получает $(thing)ману$(0), она поддерживает мощное невидимое поле, останавливающее всех мобов на месте, хотя они всё ещё могут атаковать.	PASS		Текст читается естественно и соответствует английскому источнику.	193		
patchouli-lang:botania:botania.page.medumone1	sha256:92417a59267c375afda529c8a9a9e926d3e9bb14a5f869e6e9e4d2a1c16585b8	$(o)Stop right there criminal scum	$(o)Стой, преступное отродье$()	PASS		Текст читается естественно и соответствует английскому источнику.	24		
patchouli-lang:botania:botania.page.miningRing0	sha256:b096ef9f7a52d70131194082e2f45e93f9635e6ea3fe3b577c516d54adb3465f	The $(item)Ring of the Mantle$(0) simply uses $(thing)Mana$(0) to provide a $(thing)Haste$(0) effect for its wearer. Note that a trickle of $(thing)Mana$(0) is used while the wearer swings their arm or equipped item for anything, including but not limited to attacking, mining, or just flailing.	$(item)Кольцо земной мантии$(0) использует $(thing)ману$(0), чтобы накладывать $(thing)Спешку II$(0) на носителя. $(thing)Мана$(0) используется пока игрок машет рукой или экипированным предметом, будь то для нападения, добычи или просто так.	PASS		Текст читается естественно и соответствует английскому источнику.	194		
patchouli-lang:botania:botania.page.miningRing1	sha256:b92d5ea9b603f4ff6f55faa9a467e1d0afeaf678623cc0580a261871e239f20c	Diggy diggy hole	$(o)Не копай под себя$()	PASS		Текст читается естественно и соответствует английскому источнику.	17		
patchouli-lang:botania:botania.page.missileRod0	sha256:ee896965513ef4728caccf43cad8dd7e344c7063fd35ac1f0433350c870785ca	The $(item)Rod of the Unstable Reservoir$(0) is a weapon at its strongest against a large crowd of foes. When used, it'll materialize from $(thing)Mana$(0) countless arcane missiles that home in on targets at random.	$(item)Скипетр нестабильной энергии$(0) — довольно мощное оружие против большой группы врагов. Скипетр материализует из $(thing)маны$(0) град случайно самонаводящихся магических снарядов.	PASS		Текст читается естественно и соответствует английскому источнику.	164		
patchouli-lang:botania:botania.page.missileRod1	sha256:0746b9a514ff61667a91f435077e1858ea7eab68438b43a55cf1dd7ec6406b73	Zapzapzapzap	$(o)Зап-зап$()	PASS		Текст читается естественно и соответствует английскому источнику.	7		
patchouli-lang:botania:botania.page.missileRod2	sha256:4f175f13f85fd6c0c424f1122b09ef115e13e878df44359da1212cdf6622d2a0	This rod can be given to a $(l:devices/avatar)$(item)Livingwood Avatar$(0)$(/l). An avatar with one will attack nearby mobs with missiles, using its own $(thing)Mana$(0) to do so.	Этот скипетр может быть дан $(l:devices/avatar)жизнедеревянному идолу$(/l). Используя свой запас $(thing)маны$(0), идол с этим скипетром атакует магическими снарядами любого моба поблизости.$(p)Любых идолов можно отключить подачей редстоун-сигнала.	PASS		Текст читается естественно и соответствует английскому источнику.	208		
patchouli-lang:botania:botania.page.monocle0	sha256:dd5f13b88be2d3b263f544d758ebdcdc3040d1ecceff12d12113de6ce52968a5	The $(item)Manaseer Monocle$(0) is a handy accessory for insight into $(thing)Mana Bursts$(0)' trajectories. It's not just a fancy eyepiece: it allows its wearer to see all nearby $(thing)Mana Bursts$(0)-- even through walls. Additionally, when a wearer looks at a flower, they can see its areas of effect.	$(item)Монокль созерцателя маны$(0) — это удобный аксессуар для тех, кто хочет наглядно рассмотреть траектории полёта $(thing)сгустков маны$(0). Это не просто забавный окуляр: он показывает все $(thing)сгустки маны$(0) поблизости даже через стены. Также, когда носитель смотрит на цветок, он сможет увидеть область работы этого цветка.	PASS		Текст читается естественно и соответствует английскому источнику.	300		
patchouli-lang:botania:botania.page.monocle1	sha256:56890d2ea11d4752a0822541873fd2da4aa27f64e28d1d30300037550c49450e	Why hello there old chap	$(o)Ну привет, старина$()	PASS		Текст читается естественно и соответствует английскому источнику.	18		
patchouli-lang:botania:botania.page.monocle2	sha256:533e5d78f4a86439852b9afdcbf49df328a81260eddd80a8df56ba3ea4724c80	As a bonus, viewing redstone components with the $(item)Manaseer Monocle$(0) will display information about them, expediting the construction of redstone contraptions.$(p)The monocle can be used as a $(thing)Cosmetic Override$(0) to any other $(thing)Trinket$(0); when so applied, it keeps all its functionality, allowing it to be used without taking up a slot.	И если и этого мало, то глядя на монокль показывает информацию о редстоуновых компонентах.$(p)Монокль можно использовать для $(l:baubles/cosmetic_baubles)изменения внешнего вида$(/l) любого другого аксессуара, но новый аксессуар сохранит свойства монокля.	PASS		Текст читается естественно и соответствует английскому источнику.	217		
patchouli-lang:botania:botania.page.munchdew0	sha256:65ea83dfdc7e77207381e1564236058d6fb39f671f191f5ce8c9d5ceb49fea42	Generating the form of natural energy that is $(thing)Mana$(0) is best done from other living materials. The $(item)Munchdew$(0) will eat up any nearby $(item)Leaves$(0) and convert them into $(thing)Mana$(0).$(p)However, no saplings (or any other items) will be dropped from the leaves.	Естественно, что $(thing)ману$(0) — форму природной энергии — проще создавать из природных материалов. $(item)Росянка-листоед$(0) поглощает любые блоки $(item)листьев$(0) поблизости и преобразует их в $(thing)ману$(0).$(p)Однако при таком уничтожении листьев не выпадают ни $(item)саженцы$(0), ни любые другие предметы.	PASS		Текст читается естественно и соответствует английскому источнику.	258		
patchouli-lang:botania:botania.page.munchdew1	sha256:2d84405508a419c49efb1254181627841a09fb5cb0c190ff10674efa52962618	This flower outputs a hefty sum of mana per tree's worth of leaves.$(p)However, once it finishes eating all leaves in range, the $(item)Munchdew$(0) will take a brief digestive break, and will only eat again after around a minute.	Этот цветок генерирует кучу маны за то количество листьев, что даёт обычное дерево. Однако после того, как она закончит есть все листья в области, $(item)росянка-листоед$(0) сделает перерыв на минуту, чтобы переварить листья.	PASS		Текст читается естественно и соответствует английскому источнику.	214		
patchouli-lang:botania:botania.page.munchdew2	sha256:d2b35693fd5846b493935c66514715fdeed0e7fefa4a7260dd5e319e3c8ba1c1	$(o)Itadakimasu~$()	$(o)Приятного аппетита~$()	PASS		Текст читается естественно и соответствует английскому источнику.	19		
patchouli-lang:botania:botania.page.mushrooms0	sha256:96d58423e39864aca0d39e644d9f6d0e0c27f8492c235a41e81036450fa5e77e	Sprinkling some $(item)Dye$(0) on a $(item)Mushrooms$(0) seems to mutate the latter. The $(item)Mushroom$(0) changes shape, takes on the color of the dye, and glows dimly; in addition, it's usable as a substitute $(l:basics/flowers)$(item)Mystical Petal$(0)$(/l). $(p)$(item)Shimmering Mushrooms$(0) can also be seldom found deep underground in isolated patches.	Если смазать $(item)гриб$(0) $(item)красителем$(0) (соединив в сетке создания), то гриб мутирует в цвет красителя: он приобретает новую форму и каким-то образом становится люминесцентным и ими можно заменить $(l:basics/flower)мистические лепестки$(/l).$(p)$(item)Мерцающие грибы$(0) также можно редко найти в шахтах.	PASS		Текст читается естественно и соответствует английскому источнику.	256		
patchouli-lang:botania:botania.page.mushrooms1	sha256:8b80bcdc98f5ee9fc47a77547de5738d251135607109ba80bf4f652ac7157a63	They don't make you bigger	$(o)Они не сделают вас больше$()	PASS		Текст читается естественно и соответствует английскому источнику.	25		
patchouli-lang:botania:botania.page.narslimmus0	sha256:e8ab1c74feb183618831f05376840cf1edad378399377a2a9ffb1a62d3055277	There's some unidentified power in the universe that creates $(thing)Slimes$(0) at certain points, seemingly at random. $(thing)Slime Chunks$(0), they call those points. The $(item)Narslimmus$(0) is a flower that has the ability to tap into that energy; it'll absorb $(thing)Slimes$(0) created by that power and collect all the $(thing)Mana$(0) generated by the destruction. The larger the $(thing)Slime$(0), the more $(thing)Mana$(0) is created. (It also makes a bit of a sticky mess.)	Существует какая-то неизвестная сила во вселенной, создающая $(item)слиней$(0) в случайных местах мира. Эти места называют $(thing)слизневыми чанками$(0). $(item)Гибислизь$(0) умеет использовать эту энергию; она поглощает $(thing)слизней$(0), созданных этой силой, и собирает всю $(thing)ману$(0), образующуюся при их распаде. Чем больше $(thing)слизень$(0), тем больше $(thing)маны$(0) создаётся.	PASS		Текст читается естественно и соответствует английскому источнику.	315		
patchouli-lang:botania:botania.page.narslimmus1	sha256:5587acf5a6e020fc5173c4920672d44f542813032db41ae4e5255aa94b49b286	$(o)Stick around, would ye$()?	$(o)Извини, залипнул$()	PASS		Текст читается естественно и соответствует английскому источнику.	16		
patchouli-lang:botania:botania.page.obedienceStick0	sha256:ec161bb6f2b798b094a105d43840eaae423ca95e01dad7cd0bf0efaea70f04b1	For some inexplicable reason, a piece of $(item)Manasteel$(0) attached to some $(item)Livingwood Twigs$(0) is a thing flowers $(o)pay attention to$().$(p)When used on a $(l:mana/spreader)$(item)Mana Spreader$(0)$(/l) or $(l:mana/pool)$(item)Mana Pool$(0)$(/l), this tool (dubbed the $(item)Floral Obedience Stick$(0)) binds all nearby $(thing)Generating$(0) or $(thing)Functional$(0) flowers, respectively, to that block.$(p)A $(item)Dispenser$(0) can also use a $(item)Floral Obedience Stick$(0).	Неизвестно почему, но кусок $(l:mana/pool)манастали$(/l) на $(item)ветке жизнедерева$(0) привлекает внимание цветов.$(p)Ветка… $(item)Жезл пастыря цветов$(0), при использовании на $(l:mana/spreader)распространителе маны$(/l) или $(l:mana/pool)бассейне маны$(/l), привяжет все ближайшие $(thing)генерирующие$(0) или $(thing)функциональные$(0) цветы к выбранному блоку.$(p)$(item)Раздатчик$(0) также может использовать $(item)жезл пастыря цветов$(0).	PASS		Текст читается естественно и соответствует английскому источнику.	311		
patchouli-lang:botania:botania.page.obedienceStick1	sha256:daa3de7177c619a17877c8337c72e109e31b6b9386d24d77762aa6f10200d1e2	Generate, or else!	$(o)Генерируй, или пожалеешь$()!	PASS		Текст читается естественно и соответствует английскому источнику.	25		
patchouli-lang:botania:botania.page.obedienceStick_unbind	sha256:07fa218d1bf31d5ca656673602d445758b579e9155061e3c0dcdf4a69535faf4	On rare occasions it might not be desirable to have a flower pull mana from a nearby pool or output its mana to any spreader.$(p)Holding a $(item)Floral Obedience Stick$(0) while placing a flower will prevent it from automatically binding to a nearby spreader or pool. If the flower is already placed it can be unbound by using a $(item)Floral Obedience Stick$(0) on it, either manually or via a $(item)Dispenser$(0).	В редких случаях может оказаться так, что нежелательно, чтобы цветок поглощал $(thing)ману$(0) из ближайшего бассейна или передавал её в распространитель.$(p)Посадка цветка с $(item)жезлом пастыря цветов$(0) во второй руке предотвратит автоматическую привязку цветка к ближайшему распространителю или бассейну. Если цветок уже размещён, его можно отвязать $(item)жезлом пастыря цветов$(0) вручную или через $(item)раздатчик$(0).	PASS		Текст читается естественно и соответствует английскому источнику.	379		
patchouli-lang:botania:botania.page.odinRing0	sha256:fb7faca9df68c9014e4a63a8bb57522209c5929dde94e9e4b54e6da5b2d87394	One of the three mythical rings of the $(thing)Aesir$(0), the $(item)Ring of Odin$(0) grants its bearer the vitality and resistance of the Father God. It provides its wearer with ten extra hearts of health and indefinite protection from various kinds of elemental damage, including drowning, suffocation, fire, and starvation.	Одно из трёх мифических колец $(thing)асов$(0), $(item)кольцо Одина$(0), наделяет своего носителя жизненной силой и стойкостью всеотца. Оно наделяет владельца десятью дополнительными сердцами здоровья и непреодолимой защитой от различных типов элементального урона, включая утопление, удушение, огонь и голод.	PASS		Текст читается естественно и соответствует английскому источнику.	286		
patchouli-lang:botania:botania.page.openBucket0	sha256:e892a28781313074ea445c03f533cf6f6208ca2f5c83420b0469439bcf933d0f	A bucket fashioned from $(l:alfhomancy/elf_resources)$(item)Elementium$(0)$(/l) seems to behave strangely: liquids dumped into by it simply vanish into the ether, never to be seen again. This makes it a useful tool for fluid cleanup.	Ведро из $(l:alfhomancy/elf_resources)элементия$(/l) имеет одну странную особенность: жидкости, налитые в это ведро просто растворятся в эфире, как будто их никогда и не было. Отлично подходит, чтобы сразу уничтожать собранные жидкости.	PASS		Текст читается естественно и соответствует английскому источнику.	202		
patchouli-lang:botania:botania.page.openBucket1	sha256:20831e5b337a7b02eccfbe4144b3d5e16a60d704ff80d5e02d9442e856ce7acd	A Souvenir from Lewis	$(o)Сувенир от Льюиса$()	PASS		Текст читается естественно и соответствует английскому источнику.	17		
patchouli-lang:botania:botania.page.openCrate0	sha256:f48b4bea6b3829b6bef5583513163d593cb930b503acfdd23ae1cbd021360441	Sometimes complex devices like $(item)Droppers$(0) or $(item)Dispensers$(0) can't offer enough precision or speed. A simple solution: Make a crate, then punch a hole in its bottom.$(p)Yeah, it's that easy.$(p)The $(item)Open Crate$(0) accepts each item from a $(item)Hopper$(0) or other item outputter, and drops the item directly below it.	Иногда сложные устройства, как $(item)выбрасыватели$(0) или $(item)раздатчики$(0), слишком медленны и недостаточно точны. Простейшее решение — это сделать ящик и пробить дыру в днище.$(p)Ага, вот так просто. $(item)Открытый ящик$(0) принимает предметы из $(item)воронок$(0) или других схожих устройств, а затем предметы сразу вываливаются из ящика чётко по середине.	PASS		Текст читается естественно и соответствует английскому источнику.	318		
patchouli-lang:botania:botania.page.openCrate1	sha256:438958698b136d07049e71275ccd396600f37560cf6c5bd65cab0819df2c5907	An interesting side-effect of the $(item)Open Crate$(0)'s construction is that, when given a redstone signal, any items it drops won't be picked up by flowers like the $(l:functional_flowers/hopperhock)$(item)Hopperhock$(0)$(/l), $(l:functional_flowers/rannuncarpus)$(item)Rannuncarpus$(0)$(/l), or $(l:functional_flowers/pollidisiac)$(item)Pollidisiac$(0)$(/l) for around ten seconds longer than they otherwise would.	Небольшая интересная особенность $(item)открытого ящика$(0): если подать редстоун-сигнал на ящик, любые предметы, выпавшие из него, не будут подбираться цветами вроде $(l:functional_flowers/hopperhock)воронкальвы$(/l), $(l:functional_flowers/rannuncarpus)лютистроя$(/l) или $(l:functional_flowers/pollidisiac)поллидизиака$(/l) приблизительно на 10 секунд дольше, чем обычно.	PASS		Текст читается естественно и соответствует английскому источнику.	243		
patchouli-lang:botania:botania.page.openCrate2	sha256:8d366b79e7f74fb205b0618e30d39078ee1cfa133d12e5490244d6cb3511e040	A super crate box	$(o)Супер ящик$()	PASS		Текст читается естественно и соответствует английскому источнику.	10		
patchouli-lang:botania:botania.page.orechid0	sha256:9b5337820fa5e5ea010f0a8d662d837cca522d2ff684b64b2f88e147ea0a1831	While going mining is well and good, a renewable and sedentary means of acquiring ores is nothing to scoff at either. The $(item)Orechid$(0) uses $(thing)Mana$(0) to synthesize $(thing)ores$(0) from nearby $(item)Stone$(0) blocks.$(p)The ores it generates are random, but rarer ores seem to be created less often.	Кому нравится тратить своё время и постоянно ходить в шахту за рудами? $(item)Рудоцвет$(0) использует большое количество $(thing)маны$(0), чтобы генерировать $(item)руды$(0), заменяя ими блоки $(item)камня$(0).$(p)Руды генерируются случайно, но, малоценные и наиболее распространённые руды встречаются чаще.	PASS		Текст читается естественно и соответствует английскому источнику.	258		
patchouli-lang:botania:botania.page.orechid1	sha256:70544e033e17debc222b4ade2aabfb65e2be08d40d0a6bea502e04c279540d3c	$(o)The less magical would call it a sieve$().	$(o)Маглы назовут его просеивателем$()	PASS		Текст читается естественно и соответствует английскому источнику.	31		
patchouli-lang:botania:botania.page.orechidIgnem0	sha256:c9887506cbb03a262d23fbb3a51f27a8ddf65fcc8f3b916aad58d16b0641d12e	The $(l:functional_flowers/orechid)$(item)Orechid$(0)$(/l) is a great flower; the ability to create raw ores from $(thing)Mana$(0) and $(thing)Stone$(0) can be a great boon to any sedentary botanist's life. However, it can't create ores of a more $(thing)Nether$(0)-y variety. Getting that sorted out is easy: Switching around a few petals will yield an $(item)Orechid Ignem$(0), which creates $(thing)Nether$(0) ores in $(item)Netherrack$(0) instead. The flower must be in the $(thing)Nether$(0) dimension to work.	$(l:functional_flowers/orechid)Рудоцвет$(/l) — отличный цветок. Способность создавать неочищенные руды из $(thing)маны$(0) и блоков $(item)камня$(0) — это праздник жизни для любого ботаника. Однако он не может создавать руды из $(thing)Незера$(0). Это просто решить, если немного поменять лепестки в рецепте $(l:functional_flowers/orechid)рудоцвета$(/l). $(item)Огненный рудоцвет$(0) создаёт $(thing)незерские$(0) руды из $(item)незерака$(0) и должен быть расположен в $(thing)Незере$(0) для работы.	PASS		Текст читается естественно и соответствует английскому источнику.	346		
patchouli-lang:botania:botania.page.orechidIgnem1	sha256:4ddb03db3a242385977f90ca28326aef06da5dcaf0832a8798d07de9c2292b52	$(o)Getting hot in here$().	$(o)…Ходить в Незер — банальность,$(br)Когда есть рудоцвет$().	PASS		Текст читается естественно и соответствует английскому источнику.	50		
patchouli-lang:botania:botania.page.overgrowthSeed0	sha256:7416699e874304f9ea9150204437332758988afbd05734715240ade21c79227e	An $(item)Overgrowth Seed$(0) is an elusive item that, when planted on $(item)Grass$(0), spells it into $(item)Enchanted Soil$(0). Flowers that are planted on this $(item)Enchanted Soil$(0) will function at twice their normal speed.	$(item)Семя разрастания$(0) — мистический предмет, способный зачаровать $(item)дёрн$(0), если посадить его в почву (на [$(k:use)] по $(item)дёрну$(0)). Цветы, посаженные на $(item)зачарованной почве$(0), работают в два раза быстрее от нормальной скорости.	PASS		Текст читается естественно и соответствует английскому источнику.	203		
patchouli-lang:botania:botania.page.overgrowthSeed1	sha256:386ec1b9a28b289a4128649e40c8424f8c1cb91e76050543bcab5209b9ceb23f	Unfortunately, no method of actually creating these elusive seeds is known. They have, however, allegedly been spotted by historians in ancient structures and temples. Perhaps...?	Однако, есть одна проблема. $(p)Не существует известного способа создания семян. Однако их, по слухам, находили искатели сокровищ в древних сооружениях и храмах. Возможно, стоит начать поиски оттуда.	PASS		Текст читается естественно и соответствует английскому источнику.	195		
patchouli-lang:botania:botania.page.pavement0	sha256:c73f9b8393af24196d93b3652f96437ac1faa91b7cbe04815759d960dc94729b	"$(item)Portuguese Pavement$(0) is a building block designed for the construction of detailed roads. It comes in various colors, and is stairable and slabbable.$(p)For those with experience in the arts of ""multiparts"" and ""microblocks"", these blocks provide a fantastic source of patterns."	$(item)Португальская плитка$(0) — строительный блок, предназначенный для отделки дорог. У плитки есть различные цветы, у всех из которых есть форма плиты и ступенек.$(p)$(item)Португальская плитка$(0) отлично подойдёт для создания узоров строителям, опытным в области «Microblocks», «Copycats» или «Framed Blocks».	PASS		Текст читается естественно и соответствует английскому источнику.	288		
patchouli-lang:botania:botania.page.pavement1	sha256:83eb5fdec91ddc38ca837ad920d9833f2187dcb9c42f6470042af2fb6a3e4ae2	These aren't slippery	$(o)Вот эти — не скользкие$()	PASS		Текст читается естественно и соответствует английскому источнику.	22		
patchouli-lang:botania:botania.page.phantomInk0	sha256:cdcd97f208c7c8282e732a5cb03e84ab70a76ee81be9e96a9efe22e6823b58e3	Having your beautiful skin and accessories hidden under a set of clunky armor is nobody's dream. It's bulky, flat, and worst of all, unfashionable!$(p)Luckily, splashing $(item)Phantom Ink$(0) on armor in a crafting grid will make the latter completely invisible, while still providing all of its benefits. ($(item)Phantom Ink$(0) only works on armor sets that use $(thing)Mana$(0).)	Раздражает, когда громоздкая и неаккуратная броня скрывает прекрасную блестящую кожу и завораживающие драгоценные аксессуары!$(p)К счастью, покрасив доспехи $(item)фантомными чернилами$(0) (соединив их в сетке создания) можно сделать броню полностью невидимой, хотя при этом она будет сохранять все свои свойства. Чернила работают только с бронёй, работающей на $(thing)мане$(0).	PASS		Текст читается естественно и соответствует английскому источнику.	352		
patchouli-lang:botania:botania.page.phantomInk1	sha256:edf3a138e5b9c0175c7b055e81a85da763eca392da40a120c1c19bc06ba97161	Who you gonna call?	$(o)Тени будто плыли и я боялся их спугнуть$()	PASS		Текст читается естественно и соответствует английскому источнику.	39		
patchouli-lang:botania:botania.page.pistonRelay0	sha256:4ab5e97c09b9a4368bf438e37197589845f90d5952c85a067918ef93ba6a5dda	It seems that $(item)Pistons$(0) and $(thing)Mana$(0) react in strange ways. The former, when infused with the latter, becomes a $(item)Force Relay$(0), a block that tears the fabric of space. When one of these is pushed by a $(item)Piston$(0), the block it's bound to is pushed the exact same way.$(p)To bind it to a block, right-click it with a $(l:basics/wand)$(item)Wand of the Forest$(0)$(/l), then right-click on the block you want to bind it to.	$(item)Поршень$(0) взаимодействует с $(thing)маной$(0) крайне любопытным способом, превращаясь в $(item)силовое реле$(0).$(p)Реле разрывает ткань пространства, передавая любую приложенную к нему силу от поршня, к связанному с реле блоку.	PASS		Текст читается естественно и соответствует английскому источнику.	199		
patchouli-lang:botania:botania.page.pistonRelay1	sha256:d69ca3cfd19910403bcce1d2b7da6b105aa25f66fd23a30a33da653184e2cbc3	"This block is highly unstable and may cause uncanny effects; care should be taken with it. It cannot be pulled by $(item)Sticky Pistons$(0), and does not move its bound block either when pushed by one. This allows for the building of piston ""frames"" by combining a sticky and non-sticky piston."	$(p)Чтобы связать блок с реле, нажмите [$(k:use)] по реле $(l:basics/wand)жезлом леса$(/l), а затем [$(k:use)] по блоку, который нужно связать.$(p)Реле является крайне нестабильным блоком и не может быть ни сдвинуто, ни притянуто $(item)липким поршнем$(0) и, следовательно, не двигает связанный блок. Это свойство позволяет комбинировать липкие и обычные поршни.	PASS		Текст читается естественно и соответствует английскому источнику.	306		
patchouli-lang:botania:botania.page.pistonRelay2	sha256:1f77ffbb57c24ba878720168a74d4aa8e07e8ceca549689f6bec2f230059ce00	Infusing a $(item)Piston$(0) with $(thing)Mana$(0).	Наполнение $(item)поршня$(0) $(thing)маной$(0).	PASS		Текст читается естественно и соответствует английскому источнику.	24		
patchouli-lang:botania:botania.page.pixieRing0	sha256:380b895a67b19cb7d432d653490c7a8ca1b5345375c375ab71b581c79b12ff96	(Note: This ring works best alongside the $(item)Elementium Armor$(0) set; insight in the latter's abilities is advised to use this ring.)$(p)When worn, the $(item)Great Fairy Ring$(0) simply increases the chance for a $(thing)Pixie$(0) to spawn when its wearer is hit, even if no $(item)Elementium Armor$(0) is equipped.	(Примечание: это кольцо работает лучше всего с $(l:tools/elf_gear)элементиевой бронёй$(/l))$(p)При ношении, $(item)кольцо великолепной феи$(0) просто повышает шанс появления $(thing)пикси$(0) при пропуске урона, даже если $(l:tools/elf_gear)элементиевая броня$(/l) не экипирована.	PASS		Текст читается естественно и соответствует английскому источнику.	205		
patchouli-lang:botania:botania.page.pixieRing1	sha256:8947aea13bfea716c23e9e633d0acfd4ddaa7ffaa0a123bece2eb008150ea6d0	We got square heads, big pointy caps	$(o)Эй, слушай$()	PASS		Текст читается естественно и соответствует английскому источнику.	10		
patchouli-lang:botania:botania.page.platform0	sha256:646c08381124a63870555b6d720d6957a3a2e6c305a59ecfb4f33d78c85edd07	When shaped into extremely specific patterns, $(l:basics/pure_daisy)$(item)Livingwood$(0)$(/l) can be crafted into a selectively-permeable block. The $(item)Abstruse Platform$(0) has a physical body only for non-sneaking entities above it; sneaking entities or those coming from below will pass right through. $(thing)Mana Bursts$(0) will also travel through a Platform without any trouble.	$(item)Мудрёная платформа$(0) — это платформа, собранная из $(l:basics/pure_daisy)жизнедерева$(/l) особым образом. У неё довольно необычные физические свойства: платформа неосязаема для существ внутри или снизу; если красться ([$(k:sneak]) $(o)по$() платформе, то она станет неосязаемой и сверху. $(thing)Снаряды маны$(0) проходят сквозь платформу без проблем.	PASS		Текст читается естественно и соответствует английскому источнику.	292		
patchouli-lang:botania:botania.page.platform1	sha256:dd0dea38ddcab27c26bd2a1240e1c5c710af21f3f01cb9f1a25aab5251eae1a8	It would be Ethereal but the name was taken	$(o)Могла быть названа эфирной, но название занято$()	PASS		Текст читается естественно и соответствует английскому источнику.	46		
patchouli-lang:botania:botania.page.platform2	sha256:b49bfdab6fefc3974a34772c546762183b2a6abb2b018f4c2256c3cdfbe90c67	This block can be disguised as any other simple block by simply right-clicking the former with the latter. Right-clicking a disguised platform with a $(l:basics/wand)$(item)Wand of the Forest$(0)$(/l) spreads the disguise to all adjacent non-disguised blocks. Sneak-right clicking removes all disguises.$(p)Applying $(l:misc/phantom_ink)$(item)Phantom Ink$(0)$(/l) to a platform makes it completely invisible while retaining its other properties.	Платформу можно замаскировать нажатием [$(k:sneak)+$(k:use)] с другим блоком по ней.$(p)Нажатие [$(k:use)] с $(l:basics/wand)жезлом леса$(/l) по замаскированной платформе замаскирует тем же блоком все остальные незамаскированные платформы, стоящие вплотную. $(p)[$(k:sneak)+$(k:use)] удалит всю маскировку.$(p)Применение $(l:misc/phantom_ink)фантомных чернил$(/l) на платформе делает её полностью невидимой с сохранением её обычных свойств.	PASS		Текст читается естественно и соответствует английскому источнику.	337		
patchouli-lang:botania:botania.page.pollidisiac0	sha256:beb7dde711080facb67bac2857f2f40bd6a8f149a495a9743a7a86b4d8f93e8b	Animals love eating. That's all they seem to do, really. Strangely enough, though, they only eat things that are fed to them.$(p)The $(item)Pollidisiac$(0) will simply do just that; it uses mana to feed nearby food items on the ground ($(item)Wheat$(0), $(item)Carrots$(0), etc.) to animals within range, putting them in $(o)better moods$().	Животные любят поесть. Иногда кажется, что это единственное, чем они занимаются. Однако, что странно, они едят только тогда, когда им что-то дают.$(p)$(item)Поллидизиак$(0), используя немного маны кормит животных; любой подходящий корм поблизости ($(item)пшеница$(0), $(item)морковь$(0), и тому подобное) будет скормлен животному.	PASS		Текст читается естественно и соответствует английскому источнику.	293		
patchouli-lang:botania:botania.page.pollidisiac1	sha256:86e73f1009f2adb9a171f42fca6e647dfe9328988ccec0fb07be78dfc9c3123d	$(o)Hell's Kitchen$().	$(o)Адская кухня$(0).	PASS		Текст читается естественно, ясно и соответствует английскому источнику.	13		
patchouli-lang:botania:botania.page.pollidisiac2	sha256:be395c77e486b0db2d2990d8d81744c24cbb779e7b08e3056ce4a63260776835	Sneak-right clicking (or using a $(item)Dispenser$(0)) on the flower with a $(l:basics/wand)$(item)Wand of the Forest$(0)$(/l) in $(thing)Function Mode$(0) toggles whether the flower feeds just adults, just babies, or all animals.	[$(k:sneak)+$(k:use)] (или используя $(item)раздатчик$(0)) с $(l:basics/wand)жезлом леса$(/l) в $(thing)функциональном режиме по цветку переключает режим подачи пищи: только взрослым, только детёнышам или всем животным.	PASS		Текст читается естественно и соответствует английскому источнику.	161		
patchouli-lang:botania:botania.page.pool0	sha256:873a29ccd136c3f7f4a1ae5e97e624c2f09aae468072aaa8a116edd2e104b9a2	The $(item)Mana Pool$(0) is, simply put, a storage for $(thing)Mana$(0).$(p)It accepts mana from $(l:mana/spreader)$(item)Mana Spreaders$(0)$(/l), and any adjacent ones will fill from it automatically.$(p)All $(thing)Functional Flora$(0) require a nearby $(item)Mana Pool$(0) to draw power from.	$(item)Бассейн маны$(0) — это, по сути, хранилище $(thing)маны$(0). $(p)Он принимает ману от $(l:mana/spreader)распространителей маны$(/l) и любые распространители, стоящие к бассейну вплотную, будут автоматически наполняться маной из него.$(p)Вся $(thing)функциональная флора$(0) нуждается в $(item)бассейне маны$(0) рядом, потому что не может получать $(thing)ману$(0) напрямую из распространителей.	PASS		Текст читается естественно и соответствует английскому источнику.	312		
patchouli-lang:botania:botania.page.pool1	sha256:d2fa5ddd4700d1a0ca5bfe81e677a93dccec5bed01aa2dbad0b1de0ecda0d350	Making a $(item)Mana Pool$(0).	Создание $(item)бассейна маны$(0)	PASS		Текст читается естественно и соответствует английскому источнику.	22		
patchouli-lang:botania:botania.page.pool10	sha256:faedcc2ce95bdf923125181bea39ec1fedb1216e7d04179a1e81f046d79c01a4	Making a $(item)Diluted Mana Pool$(0)	Создание $(item)бассейна разбавленной маны$(0)	PASS		Текст читается естественно и соответствует английскому источнику.	35		
patchouli-lang:botania:botania.page.pool11	sha256:7a50f5f52c89e1d9f86529643c83bf596282efe2d59324949806a80365ec5ff2	Infusing $(item)Managlass$(0): clear seamless glass	Создание $(thing)абсолютно$(0) бесшовного стекла — $(item)манастекла$(0).	PASS		Текст читается естественно и соответствует английскому источнику.	50		
patchouli-lang:botania:botania.page.pool12	sha256:7a9eb99d4cdae785a0b99d24e74bdb944286354ba0dbccfce2150fe5e46334e3	Infusing $(item)String$(0)	Наполнение $(item)нити$(0) маной	PASS		Текст читается естественно, ясно и соответствует английскому источнику.	21		
patchouli-lang:botania:botania.page.pool13	sha256:271bebb55708f78fcb52debf5e417df0875cf31781c7e2c02858f4004cfe7a85	Using $(item)Mana Infused String$(0) to make $(item)Cobwebs$(0)	Создание $(item)паутины$(0) из $(item)мананити$(0)	PASS		Текст читается естественно и соответствует английскому источнику.	28		
patchouli-lang:botania:botania.page.pool14	sha256:68a21c13a3f8ad9b22501443ad9240e7aa1cc4d14305c8f23e986fb867bce9c0	The $(item)Diluted Mana Pool$(0) can be useful as a small buffer for a flower or system that doesn't use much $(thing)Mana$(0), as a normal pool holds a $(o)lot$() of it. Thanks to that, $(thing)Mana$(0) readings for a normal pool won't be very precise: due to its scale, the displayed bar's size on a normal pool will increase very slowly.	$(item)Бассейн разбавленной маны$(0) может пригодится, когда требуется небольшой буфер $(item)маны$(0) для нетребовательного цветка или системы — обычный бассейн хранит слишком много. Кстати из-за этого показатели $(thing)маны$(0) в обычном бассейне не абсолютно точные, и не пугайтесь, что шкала маны так долго растёт — просто хранилище большое.	PASS		Текст читается естественно и соответствует английскому источнику.	312		
patchouli-lang:botania:botania.page.pool2	sha256:746862bf2ebb11fd9dd23acc283526ea13374cfb482740acc18ecf771cfd1080	Tossing certain resources into a $(item)Mana Pool$(0) will infuse them with $(thing)Mana$(0) from the pool, turning them into more magically-useful forms, like $(item)Manasteel Ingots$(0) or $(item)Mana Pearls$(0).$(p)A $(thing)Wand of the Forest$(0) can read the $(thing)Mana$(0) levels in a pool, much like a $(l:mana/spreader)$(item)Mana Spreader$(0)$(/l). A $(item)Redstone Comparator$(0) can also output a signal based on percentage full.	Определённые материалы (например, железные слитки) могут быть превращены в их более мощные магические варианты, если напитать их $(thing)маной$(0): надо лишь бросить их в не пустой $(item)бассейн маны$(0). Количество $(thing)маны$(0) в бассейне можно узнать держа $(l:basics/wand)жезл леса$(/l) (как и у $(l:mana/spreader)распространителей маны$(/l)).$(p)$(item)Редстоуновый компаратор$(0) может выводить сигнал силы, зависимой от считанного количества $(item)маны$(0) в бассейне.	PASS		Текст читается естественно и соответствует английскому источнику.	375		
patchouli-lang:botania:botania.page.pool3	sha256:9d1c3bf59c42a367765c3f2486be6b43fbc482ffe4416caf20d27f5f19f69d2e	Infusing $(item)Manasteel$(0)	Создание $(item)манастали$(0)	PASS		Текст читается естественно и соответствует английскому источнику.	18		
patchouli-lang:botania:botania.page.pool4	sha256:ed5e384ecfac7c8197a9c57b19863d8d092ff58bb27731b85bb693b89ee7b874	Infusing $(item)Mana Pearls$(0)	Создание $(item)манажемчуга$(0)	PASS		Текст читается естественно и соответствует английскому источнику.	20		
patchouli-lang:botania:botania.page.pool5	sha256:9f1d232cbe2b4bf46116dd7454d596098176be38a1bfe810b76022447c60e6c6	Infusing $(item)Mana Diamonds$(0)	Создание $(item)манаалмазов$(0)	PASS		Текст читается естественно и соответствует английскому источнику.	20		
patchouli-lang:botania:botania.page.pool6	sha256:7f1fb62bbd71e95ae49edc725d15589448e1aacbf3a22d451c303902bffcbaa1	Infusing $(item)Mana Powder$(0)	Создание $(item)манапыли$(0)	PASS		Текст читается естественно и соответствует английскому источнику.	17		
patchouli-lang:botania:botania.page.pool7	sha256:711db57f49e3e59f704851174171f73c3e6cdf01ac49afe652e03ed6b5f4aca7	A total space biscuit	$(o)Печенье — тотальный развал кабины$()!	PASS		Текст читается естественно и соответствует английскому источнику.	34		
patchouli-lang:botania:botania.page.pool8	sha256:085a9563335f4df0f7ab51111a95324ca35771c66013ec485673dee2d476ef91	$(item)Manasteel Ingots$(0) can be crafted into blocks or nuggets through the usual recipes.$(p)Right-clicking with any color of $(item)Mystical Petal$(0) on a pool will have give the pool its color, for decoration or easier labelling. You can wash the color off again with a $(item)Clay Ball$(0).	$(item)Манастальные слитки$(0) можно собрать в блоки или разобрать на кусочки на обычном верстаке.$(p)Бассейн можно окрасить в цвет $(l:basics/flowers)мистического лепестка$(/l) нажатием [$(k:use)] лепестком по бассейну, — для красоты или для цветовой разметки. Цвет вымывается $(item)комком глины$(0).	PASS		Текст читается естественно и соответствует английскому источнику.	244		
patchouli-lang:botania:botania.page.pool9	sha256:ea2263057d7a1e29c6236f7cb8760a5004e3f54b3e8976cb0e94a9e8b2fdf5cb	"$(item)Mana Pools$(0) come in two types: a weaker, $(item)Diluted$(0) variety which stores a very small amount of $(thing)Mana$(0), and a $(item)Normal$(0) variety, which stores a hundred times more than the diluted kind.$(p)Whenever ""Mana Pool"" is referred to elsewhere, it refers to a normal one."	Существует два типа $(item)бассейнов$(0): $(item)бассейн разбавленной маны$(0), способный хранить только небольшое её количество, и $(item)обычный$(0) бассейн, хранящий в 100 раз больше маны, чем разбавленный.$(p)Всякий раз, когда упоминается «бассейн маны», имеется в виду обычный бассейн.	PASS		Текст читается естественно и соответствует английскому источнику.	253		
patchouli-lang:botania:botania.page.poolCart0	sha256:d2c8afaa13f94242340afc90b5771bdd70fefd2c4cb997ca10af2e0f01bb65ec	What could be an easier way to transport $(thing)Mana$(0) over large distances than attaching a $(l:mana/pool)$(item)Mana Pool$(0)$(/l) to a $(item)Minecart$(0)? It's simple! Similar to other types of carts in most respects, a $(item)Minecart with Mana Pool$(0) can store and transport, well, $(thing)Mana$(0). On rails.$(p)Breaking a cart with any $(thing)Mana$(0) in it will lose all contained $(thing)Mana$(0), so be careful.	Какой способ транспортировки $(thing)маны$(0) на большие расстояния может быть проще, чем закрепить $(l:mana/pool)бассейн маны$(/l) в $(item)вагонетке$(0)? Подобно другим вагонеткам с блоками, можно создать $(item)вагонетку с бассейном маны$(0), которая сможет хранить $(thing)ману$(0) и транспортировать её по рельсам.$(p)Но осторожно: вся $(thing)мана$(0) исчезает из вагонетки, если её сломать.	PASS		Текст читается естественно и соответствует английскому источнику.	316		
patchouli-lang:botania:botania.page.poolCart1	sha256:1bd45082dfd33946da377bcba87cbde78a8ba92032d153167d2b2fd843e957d1	Transferring $(thing)Mana$(0) between a cart and a pool is done with a $(item)Mana Pump$(0). These can face in any of the four cardinal directions, and will transfer $(thing)Mana$(0) between an adjacent pool and a cart-with-pool on the opposite side.$(p)The transfer rate is extremely fast due to the mechanical nature of the pump-- so fast that overflow is possible, which can cause up to a whole diluted pools' worth of $(thing)Mana Loss$(0).	Передача $(thing)маны$(0) между вагонеткой и бассейном осуществляется через $(item)мана-насос$(0). Он поворачивается в любую из четырёх сторон света и передаёт $(thing)ману$(0) между прилегающими к нему бассейном и вагонеткой с бассейном на рельсе, противоположной целевому бассейну. Скорость передачи очень высокая из-за строения насоса — настолько высокая, что может вызвать $(thing)потерю маны$(0) до размера целого $(item)разбавленного бассейна маны$(0).	PASS		Текст читается естественно и соответствует английскому источнику.	400		
patchouli-lang:botania:botania.page.poolCart2	sha256:3d1b71b31f80079f33893d8833f1100212891aa033d997b59c317b221a368397	$(thing)Mana$(0) will flow from the blue side of the pump in the direction of the arrow.$(p)The pump can be turned off with a redstone signal, and an attached $(item)Comparator$(0) will measure the amount of $(thing)Mana$(0) in the cart.$(p)Lastly, a pool on a cart serves purely for transport, and can not receive, send, transfer, or infuse any items with its $(thing)Mana$(0).	$(thing)Мана$(0) перетекает из синей стороны (вход) в розовую (выход), стрелка на насосе показывает направление, если вы забудете о значениях цветов. Насос можно отключить с помощью редстоун-сигнала, а $(item)редстоуновый компаратор$(0) может выводить сигнал силы, зависимой от количества $(thing)маны$(0) в вагонетке. Наконец, $(item)вагонетка с бассейном маны$(0) служит исключительно для транспортировки: она не может получать (кроме как через насос), отправлять $(thing)ману$(0) или напитывать какие-либо предметы с помощью её.	PASS		Текст читается естественно и соответствует английскому источнику.	473		
patchouli-lang:botania:botania.page.poolCart3	sha256:6a506320231a282d01bd966216e831d94fa1cc7d272d4db69995843f0e7e07d0	I like trains	$(o)Мне нравятся поезда$()	PASS		Текст читается естественно и соответствует английскому источнику.	19		
patchouli-lang:botania:botania.page.poolCart4	sha256:6f29907f271336146092124aa18fb2f7d29121c2a88113f6ab52fbbb94a27668	This is not a pipe	$(o)Это не труба$()	PASS		Текст читается естественно и соответствует английскому источнику.	12		
patchouli-lang:botania:botania.page.preventingDecay0	sha256:9390298f3fb0c5b160498935d79cb139aef28e1c47358b4bbba61862b9c26e59	no	нет	PASS		Текст читается естественно, ясно и соответствует английскому источнику.	3		
patchouli-lang:botania:botania.page.prism0	sha256:03b2983f0e8ee112adcab58b9a80ae83ab9778fbf62c894f464f2b993d75850a	$(l:mana/lens)$(item)Mana Lenses$(0)$(/l) manipulate $(thing)Mana Bursts$(0) to provide certain powers. The $(item)Mana Prism$(0) extends this functionality to switch a burst's lens effects on the fly.$(p)With a $(l:devices/spectral_platform)$(item)Spectral Platform$(0)$(/l) as a component, this block does not have a physical presence; entities and bursts can pass through it as if it weren't there.	$(l:mana/lens)Линзы маны$(/l) придают определённые полезные свойства $(thing)сгусткам маны$(0). $(item)Призма маны$(0) расширяет эту функциональность, меняя эффекты сгустков на лету.$(p)$(l:devices/spectral_platform)Спектральная платформа$(/l) — это основной компонент призмы. Из-за этого, призма не имеет физического присутствия; сущности и сгустки могут проходить сквозь призму, будто её не существует.	PASS		Текст читается естественно и соответствует английскому источнику.	323		
patchouli-lang:botania:botania.page.prism1	sha256:c3f282175626508c10e7cbb1f90fad1f6ebc9d875cacf996a2dfa886d7647294	Right-clicking a prism with any variety of $(item)Mana Lens$(0) places the lens in the prism. Whenever a $(thing)Mana Burst$(0) passes through the prism, its color and effect will be set to that of the lens in the prism (if the lens is not dyed, the burst will turn white).$(p)Using any of the four basic lenses in the prism will also increase the time before the burst starts losing $(thing)Mana$(0), allowing it to go further.	Нажатие [$(k:use)] на призму с $(l:mana/lens)линзой маны$(/l) закрепляет линзу на призму. Эффект и цвет $(thing)сгустка маны$(0) может поменяться в зависимости от линзы призмы, через которую он пройдёт. Если линза не покрашена, сгусток станет белым.$(p)Любая из четырёх основных линз на призме также оттянут момент потери $(thing)маны$(0) сгустком.	PASS		Текст читается естественно и соответствует английскому источнику.	293		
patchouli-lang:botania:botania.page.prism2	sha256:3ab05893e516121b88c857cb78d08d0c2744fad5c941f1a377e78474d92fa21a	It can be disabled with a redstone signal.	Призма отключается с помощью редстоун-сигнала.	PASS		Текст читается естественно и соответствует английскому источнику.	46		
patchouli-lang:botania:botania.page.prism3	sha256:0f112129cc9be01caf1b74eb6d949fd063a7875f2267df60d6a451e761bd95df	Another pixel in the wall	$(o)Ещё один пиксель в стене$()	PASS		Текст читается естественно и соответствует английскому источнику.	24		
patchouli-lang:botania:botania.page.pureDaisy0	sha256:258370733e319a9a2d033800c9b71505c0b4aa08d0bbd40830882564bc339194	Far from being just the most basic, the $(item)Pure Daisy$(0) is the most important flower a botanist can have.$(p)This flower will purify any adjacent $(item)Wood$(0) and $(item)Stone$(0) blocks (as seen on the next page) into their purified counterparts, $(item)Livingwood$(0) and $(item)Livingrock$(0). These resources are important crafting materials throughout a botanist's career.	$(item)Чистая маргаритка$(0) — это не только самый первый, но и самый важный цветок для ботаника.$(p)Этот цветок, как показано справа, очищает и превращает стоящие вплотную блоки $(item)брёвен$(0) и $(item)камня$(0) в их очищенные версии — $(item)жизнедерево$(0) и $(item)жизнекамень$(0). Они незаменимы и используются во многих ботанических проектах.	PASS		Текст читается естественно и соответствует английскому источнику.	292		
patchouli-lang:botania:botania.page.pureDaisy1	sha256:ca5aa982d90e176f6b1577eaf84d598c928af906e528f54c6754125e31807753	Just give it $(thing)a minute$(0) or so...	Просто дайте ей $(thing)минуту$(0) или около того…	PASS		Текст читается естественно и соответствует английскому источнику.	38		
patchouli-lang:botania:botania.page.pureDaisy2	sha256:5e0a55d07ad88992339f680ed4ecefbcf1463a73580811b2f2c182331c2cab01	$(item)Livingwood$(0) can be turned into twigs	$(item)Жизнедерево$(0) можно переделать в ветки	PASS		Текст читается естественно, ясно и соответствует английскому источнику.	36		
patchouli-lang:botania:botania.page.pureDaisy3	sha256:ba16d78df28e0b4c196ea2b4fcd291b8829e4235503d40ce35d31c328ec3969d	A blank canvas to start your adventure	$(o)Создатель жизнедерева и жизнекамня, филантроп, миллиардер$()	PASS		Текст читается естественно и соответствует английскому источнику.	57		
patchouli-lang:botania:botania.page.pureDaisy4	sha256:04288c2178ca454c502b5f713834510701a5b3a3b92a31afb529c9055cd1baeb	A few other blocks can also be purified by placing them around the flower. While not as unique and essential as the living blocks, these recipes still can come in handy.$(p)$(item)Netherrack$(0) purifies into $(item)Cobblestone$(0), $(item)Soul Sand$(0) into $(item)Sand$(0), $(l:misc/blaze_block)Blaze Mesh$(/l) into $(item)Obsidian$(0), $(item)Water$(0) into $(item)Snow$(0), $(item)Ice$(0) into $(item)Packed Ice$(0), $(item)Packed Ice$(0) into $(item)Blue Ice$(0), and $(item)End Stone$(0) into $(item)Cobbled Deepslate$(0) (releasing a small cloud of $(l:ender/ender_air)Ender Air$(/l) in the process).	Некоторые другие блоки также можно очистить. Хотя они не такие незаменимые, но тоже могут пригодиться:$(li)$(item)незерак$(0) в $(item)булыжник$(0);$(li)$(item)песок душ$(0) в $(item)песок$(0);$(li)$(l:misc/blaze_block)огненную сетку$(/l) в $(item)обсидиан$(0);$(li)$(item)воду$(0) в $(item)снег$(0);$(li)$(item)лёд$(0) в $(item)плотный лёд$(0);$(li)$(item)плотный лёд$(0) в $(item)синий лёд$(0);$(li)$(item)эндерняк$(0) в $(item)колотый глубинный сланец$(0) (выпускает $(l:ender/ender_air)воздух Энда$(/l) при превращении).	PASS		Текст читается естественно и соответствует английскому источнику.	295		
patchouli-lang:botania:botania.page.pylon0	sha256:9feb3ffeae70ca982fd3a4bedae7afae1b8529e6ec79c75590028f172bba28e0	A $(item)Mana Pylon$(0) is a structure that pulls natural energies from the earth and uses them to power enchanting processes.$(p)Setting one adjacent to an $(item)Enchanting Table$(0) as if it was a $(item)Bookshelf$(0) will dramatically increase the power of the table: just two pylons are enough for a table to reach $(thing)Level 30$(0).	$(item)Мана-пилон$(0) — это структура, вытягивающая энергию из земли и использующая её для усиления наложения чар.$(p)$(item)Мана-пилон$(0), установленный рядом с $(item)чародейским столом$(0) вместо $(item)книжной полки$(0), резко увеличит силы чар стола: лишь двух пилонов достаточно, чтобы достичь $(thing)30 уровня$(0) чар.	PASS		Текст читается естественно и соответствует английскому источнику.	267		
patchouli-lang:botania:botania.page.pylon1	sha256:451d3d839aaf63503066431e13c861ee7758f156662fabcabb0e0637b406f659	$(o)You must construct additional pylons!$()	$(o)Нужно построить зиккурат$()	PASS		Текст читается естественно и соответствует английскому источнику.	24		
patchouli-lang:botania:botania.page.rafflowsia0	sha256:eb338ffbd42d61cc4a82e756531f97f904d31b2af553a7aa3a2bd4dcaf3560cb	The $(item)Rafflowsia$(0) functions similarly to a $(l:generating_flowers/kekimurus)$(item)Kekimurus$(0)$(/l), but eats $(item)man-made flowers$(0) in the $(l:basics/apothecary)$(item)Petal Apothecary$(0)$(/l) instead. It'll consume any nearby placed flowers and synthesize $(thing)Mana$(0) from them.$(p)While feeding it the same flower several times in a row yields diminishing returns, feeding it a large variety of them can yield ludicrous quantities of $(thing)Mana$(0).	$(item)Раффловзия$(0) функционирует, подобно $(l:generating_flowers/kekimurus)кекимурусу$(/l), но ест цветы, $(item)созданные руками ботаника$(0) в $(item)лепестковой чаше$(0). $(item)Раффловзия$(0) потребляет любые размещённые поблизости цветы и синтезирует из них $(thing)ману$(0).$(p)Кормление её одним и тем же цветком несколько раз подряд снижает эффективноть, разнообразие же может принести невероятные количества $(thing)маны$(0).	PASS		Текст читается естественно и соответствует английскому источнику.	327		
patchouli-lang:botania:botania.page.rafflowsia1	sha256:c37394eda822fc68b4f29e690a5c25499fde68327dd72e95aa253b8978bab901	$(o)A New Dawn, you could say$().	$(o)Цветок-каннибал! вы видели такое$()?	PASS		Текст читается естественно и соответствует английскому источнику.	33		
patchouli-lang:botania:botania.page.rainbowRod0	sha256:6933c62b340df1c5be509f9cfc9d7fa85f4849829a23dadf0e578d399c641395	The $(thing)Bifrost$(0) is the legendary rainbow bridge that connects our world and the realm of the gods.$(p)While the $(item)Rod of the Bifrost$(0) can't really do $(o)that$(), it allows the wielder to summon a rainbow bridge from $(thing)Mana$(0) in the direction they look.	$(thing)Биврёст$(0) — это радужный мост между нашим миром и царством богов.$(p)$(item)Скипетр Биврёста$(0) позволяет пользователю нажатием [$(k:use)], и используя немного $(thing)маны$(0), создать радужный мост в направлении взгляда.	PASS		Текст читается естественно и соответствует английскому источнику.	186		
patchouli-lang:botania:botania.page.rainbowRod1	sha256:a8e635367979a1c860d80907a77cc7375838cea100a89da370167a09c512c21a	This bridge can extend up to a hundred blocks away, and will vanish after about thirty seconds.$(p)Only one bridge can be created for any given $(item)Rod of the Bifrost$(0) at a time; as soon as the old bridge vanishes, a new one can be created.	Этот мост может простираться на сотню блоков, но исчезает спустя около 30 секунд после создания.$(p)Только один мост одновременно может быть создан одним $(item)скипетром Биврёста$(0): новый мост можно будет создать лишь после того, как старый мост исчезнет.	PASS		Текст читается естественно и соответствует английскому источнику.	243		
patchouli-lang:botania:botania.page.rainbowRod2	sha256:8b1e4e8cb4cef553b92d4e3e4f6c0ac7f57cc2f13d8d40212cad3ad906b279e4	Going my way!! Cut open a path and go!	$(o)Я иду своим путём$()	PASS		Текст читается естественно и соответствует английскому источнику.	17		
patchouli-lang:botania:botania.page.rainbowRod4	sha256:dff60592f664131be1089390249a96d2388a559535acf322065c18e792169624	Rainbow $(item)Shimmerrock$(0)	Радужный $(item)мерцающий камень$(0)	PASS		Текст читается естественно и соответствует английскому источнику.	25		
patchouli-lang:botania:botania.page.rainbowRod5	sha256:f14e5b368a28761d15c0a5080938b3a5d6dbcd88344629031405543f1c4848f9	Rainbow $(item)Shimmerwood Planks$(0)	Радужные $(item)мерцающие доски$(0)	PASS		Текст читается естественно и соответствует английскому источнику.	24		
patchouli-lang:botania:botania.page.rainbowRod6	sha256:72d3fc628355852834d736c047db3c4a972038c21d6dd8e70c99ed9d9a671188	This rod can be given to a $(l:devices/avatar)$(item)Livingwood Avatar$(0)$(/l). An avatar holding one will use its $(thing)Mana$(0) to create a rainbow bridge along its line of sight whenever a player approaches.	Этот скипетр может быть дан $(l:devices/avatar)жизнедеревянному идолу$(/l). Используя свой запас $(thing)маны$(0), идол с этим скипетром, если к нему подошёл игрок, поставит перед собой радужный мост.$(p)Любых идолов можно отключить подачей редстоун-сигнала.	PASS		Текст читается естественно и соответствует английскому источнику.	218		
patchouli-lang:botania:botania.page.rainbowRod7	sha256:effebc3f9764128dc0df23d21f8a393d5f513f3b9d6bdd3d4a87de889d0d1711	$(item)Fabulous Mana Pool$(0)! Stores as much as a normal one	$(item)Сказочный бассейн маны$(0)! Хранит маны, как 1 обычный	PASS		Текст читается естественно и соответствует английскому источнику.	50		
patchouli-lang:botania:botania.page.rannuncarpus0	sha256:79ca3d8122b55a29c1a967ea7e2d61da29cb5fc20c321e59f29fa306d5620c53	Quite a handy flower indeed, the $(item)Rannuncarpus$(0) will pick up nearby placeable items and place them within a large radius around itself as blocks, preferably facing them towards itself. However, it will only place blocks on top of a specific block type at a time; to specify this block, place it right below the soil the flower rests on.	$(item)Лютистрой$(0) по настоящему удобный цветок. Он принимает любые выброшенные размещаемые предметы и блоки и ставит их в окружающий мир с поворотом на себя (если блок поворачивается). Он ставит эти выброшенные блоки только на специальный блок. Чтобы определить этот специальный блок, нужно разместить его под почвой, на которой стоит сам цветок.	PASS		Текст читается естественно и соответствует английскому источнику.	338		
patchouli-lang:botania:botania.page.rannuncarpus1	sha256:1c0022a45fe1bf50e8ae20f1d431e2d67a4735b923bccf6c20f8eb5c55d0a1de	Items such as $(item)Sugar Cane$(0) can be placed as well, but only where a player could.$(p)$(thing)Mana$(0) for the flower is optional, but will increase its range if provided.$(p)Finally, placing item frames on the block under the soil will restrict the items the $(item)Rannuncarpus$(0) will pick up, similarly to a $(l:functional_flowers/hopperhock)$(item)Hopperhock$(0)$(/l).	Размещаемые предметы, например $(item)сахарный тростник$(0), тоже ставятся, но только туда, куда их может разместить сам $(thing)ботаник$(0).$(p)$(thing)Мана$(0) для цветка не обязательна, но увеличивает диапазон установки блоков.$(p)Наконец, размещение предметных $(item)рамок$(0) на специальном блоке под почвой ограничивает предметы, которые $(item)лютистрой$(0) будет подбирать, что-то похожее на свойство $(l:functional_flowers/hopperhock)воронкальвы$(/l).	PASS		Текст читается естественно и соответствует английскому источнику.	357		
patchouli-lang:botania:botania.page.rannuncarpus2	sha256:4c787a0ca3aefd57edfdb73485da418ea73cc7f260787d5a3fc6095aa461c4c2	$(o)Find it in a sandpit$()?	$(o)Он строил ракеты в три года. А ты$()?	PASS		Текст читается естественно и соответствует английскому источнику.	34		
patchouli-lang:botania:botania.page.reachRing0	sha256:1677158cbe8cee58003408276dbbdfa6536e55ceac060700a6199095d5e4e3dc	"""If you tap into the power of your Pride, nothing will be out of your reach.""$(p)When the $(item)Ring of Far Reach$(0) is worn, the maximum distance from which its wearer can interact with blocks is increased by about three blocks."	«Чтобы оправдаться в собственных глазах, мы нередко убеждаем себя, что не в силах достичь цели. На самом же деле мы не бессильны, а безвольны.»$(p)При ношении $(item)кольца долгорукости$(0), дальность взаимодействия с блоками увеличивается на 3 блока.	PASS		Текст читается естественно и соответствует английскому источнику.	236		
patchouli-lang:botania:botania.page.reachRing1	sha256:e81579979a4ab9baacd9b6f0ae16d1fc2c1093fb4551998aa8a5c4e2cceee96d	Fire and Blood	$(o)Пламя и кровь$()	PASS		Текст читается естественно и соответствует английскому источнику.	13		
patchouli-lang:botania:botania.page.redString0	sha256:4d4a246c7b2abab8c17cc30df65a1b46c72391142e964705f42f8925541cf5e1	Lore of old says that the gods connect people who will affect each others' lives with a red string, tied between their ankles.$(p)While blocks aren't people, they don't need gods to be connected. Instead, they can be linked with a material called ($(o)of course$()) $(item)Red String$(0).	По легендам предков, боги связывают красной нитью лодыжки людей, которым суждено влиять на жизнь друг друга.$(p)Хотя блоки и не являются людьми, им не нужны боги, чтобы бы иметь связь. Вместо этого они могут быть соединены с помощью необыкновенного материала — $(item)красной нити судьбы$(0).	PASS		Текст читается естественно и соответствует английскому источнику.	277		
patchouli-lang:botania:botania.page.redString1	sha256:c4495bc4dff97233da810ad56ef97b1eafcdcab132ca3b1e00dbfe7429e3dc32	Each $(thing)Red Stringed$(0) block has a different criterion for what it'll bind to, but all have a range of about eight blocks. If a block is bound, its String can be viewed by holding a $(l:basics/wand)$(item)Wand of the Forest$(0)$(/l).$(p)The $(thing)Red String$(0) won't be affected by intervening blocks, but $(item)Red Stringed$(0) blocks can't be chained.	Каждый блок $(thing)связанной судьбы$(0) имеет свои критерии для привязки, но все имеют радиус связи до восьми блоков и $(o)связываются только стороной с красной точкой$(). Если блок привязался, его $(thing)нить$(0) можно увидеть, держа $(l:basics/wand)жезл леса$(/l).$(p)$(thing)Красная нить судьбы$(0) проходит сквозь блоки беспрепятственно и останавливается на первой подходящей цели; блоки $(item)связанной судьбы$(0) нельзя связывать с друг другом.	PASS		Текст читается естественно и соответствует английскому источнику.	374		
patchouli-lang:botania:botania.page.redString10	sha256:1c08de9cdff9dd8a2003713c986fae8b9b1741fe45816c2c8f4f3277ada8f988	The $(item)Red Stringed Comparator$(0).	$(item)Компаратор связанной судьбы$(0).	PASS		Текст читается естественно и соответствует английскому источнику.	28		
patchouli-lang:botania:botania.page.redString11	sha256:80b7398fe442d76b817c280bab143ff6ac4993222a617ae82c28068cf96c7920	The $(item)Red Stringed Spoofer$(0) binds to flowers or mushrooms. It requires a $(item)Generating$(0) or $(item)Functional Flower$(0) placed atop it to function; the flower placed on it will become inert, and the bound plant will take on all of that flower's properties, acting as if it were the flower itself.$(br)Note that $(item)Functional Flowers$(0) which take item inputs will usually still take them at their real position.	$(item)Маскировщик связанной судьбы$(0) связывается с цветами или грибами. Для его работы требуется, чтобы на нём стоял $(item)генерирующий$(0) или $(item)функциональный цветок$(0); цветок, расположенный на него, станет неактивным, а привязанный блок переймёт все свойства этого цветка, будто он сам является этим цветком.$(p)Учтите, что $(item)функциональные цветы$(0), которые принимают предметы, обычно всё ещё будут принимать их в своём реальном положении.	PASS		Текст читается естественно и соответствует английскому источнику.	412		
patchouli-lang:botania:botania.page.redString12	sha256:e21ff72c35bdd477f9c85a6b62feb17dba89f9981e492e26b743fcc715ec7337	The $(item)Red Stringed Spoofer$(0).	$(item)Маскировщик связанной судьбы$(0).	PASS		Текст читается естественно и соответствует английскому источнику.	29		
patchouli-lang:botania:botania.page.redString13	sha256:0a239a8fe04a14a7da61179af76d73fd4eb5129dd983080c5dcce5462bbd1aa4	Finally, the $(item)Red Stringed Interceptor$(0) will bind to any sufficiently $(o)complex$() block (rule of thumb: any block that either moves or accepts/manipulates items should be complex enough). Whenever the block it's bound to is right-clicked by a player, the Interceptor will emit a redstone pulse.	Наконец, $(item)перехватчик связанной судьбы$(0) связывается с любым достаточно $(o)сложным$() блоком: обычно это любой блок, с которым можно взаимодействовать и который как-то связан с работой над другими предметами: повторитель, сундук, печь и так далее.$(p)Перехватчик издаёт редстоун-импульс каждый раз, как нажимают [$(k:use)] на связанный с ним блок.	PASS		Текст читается естественно и соответствует английскому источнику.	326		
patchouli-lang:botania:botania.page.redString14	sha256:4f9bc32e5fdd9e6d72fc41a14f5725872325f478d9f2000fb69740da1b427c22	The $(item)Red Stringed Interceptor$(0).	$(item)Перехватчик связанной судьбы$(0).	PASS		Текст читается естественно и соответствует английскому источнику.	29		
patchouli-lang:botania:botania.page.redString15	sha256:0f93a367fd1b4624dddb9e29b7d427bf832a8d94384b33bb7a289d4537b8b3a0	Blocks created with this exquisite material can face in all 6 directions, and will tie themselves to the nearest compatible block that they're facing.	Блоки, созданные из этого прекрасного материала, как ранее и говорилось, связываются только стороной с красной точкой. Точку можно направить в любую из шести сторон, и блок $(thing)связанной судьбы$(0) соединится с ближайшим подходящим блоком даже сквозь стены.	PASS		Текст читается естественно и соответствует английскому источнику.	249		
patchouli-lang:botania:botania.page.redString2	sha256:a86bfd80d8d6c80f445a681e07a434301226f3c01c5ad6f09f5d397b6a35dbaa	Are you in a pinch?	$(o)В затруднительном положении$()?	PASS		Текст читается естественно и соответствует английскому источнику.	28		
patchouli-lang:botania:botania.page.redString3	sha256:e053f404cf3ff0ccdbb744caab2c438c7156c237bbfead3ee20267612dc55ef1	The $(item)Red Stringed Container$(0) will bind to inventories ($(item)Chests$(0), $(item)Furnaces$(0), $(item)Hoppers$(0), and so on). Items inserted into a $(item)Container$(0) (from $(item)Hoppers$(0), etc.) will end up in the block it's bound to. Sidedness is preserved: for example, items inserted into the $(item)Red Stringed Container$(0) from the top will be pushed into the bound block from above, and so on.	$(item)Контейнер связанной судьбы$(0) связывается с инвентарями ($(item)сундуками$(0), $(item)печками$(0), $(item)воронками$(0) и др). Предметы, помещённые в $(item)контейнер$(0) (например, через $(item)воронки$(0) и тому подобное), окажутся в блоке, к которому он привязан.$(p)Направленность соблюдается: например, предметы, загруженные в $(item)контейнер связанной судьбы$(0) сверху, будут переданы в связанный блок сверху и так далее.	PASS		Текст читается естественно и соответствует английскому источнику.	356		
patchouli-lang:botania:botania.page.redString4	sha256:f353a819ea8e99431d3da6136ebcd09dac79c60b94f0344040cff88a5dfc834b	The $(item)Red Stringed Container$(0).	$(item)Контейнер связанной судьбы$(0).	PASS		Текст читается естественно и соответствует английскому источнику.	27		
patchouli-lang:botania:botania.page.redString5	sha256:f9864eef8d5c6fb1cb3941ace1318ea68f69e0ef5b60768a321dc0456a6bb658	The $(item)Red Stringed Dispenser$(0) binds itself to $(item)Dispensers$(0) or $(item)Droppers$(0), and sends items the same way the $(item)Red Stringed Container$(0) does. Additionally, when it receives a redstone signal, its bound $(item)Dispenser$(0) or $(item)Dropper$(0) will fire.	$(item)Раздатчик связанной судьбы$(0) связывается с $(item)раздатчиками$(0) или $(item)выбрасывателями$(0) и отправляет предметы так же, как и $(item)контейнер с редстоуновой нитью$(0).$(p)Кроме того, при получении редстоун-сигнала, связанный с ним $(item)раздатчик$(0) или $(item)выбрасыватель$(0) активируется.	PASS		Текст читается естественно и соответствует английскому источнику.	242		
patchouli-lang:botania:botania.page.redString6	sha256:89dea1c5070fc1335d4d19786a203a36f4ecfe494ead342ac3a68a200cd9a5c0	The $(item)Red Stringed Dispenser$(0).	$(item)Раздатчик связанной судьбы$(0).	PASS		Текст читается естественно и соответствует английскому источнику.	27		
patchouli-lang:botania:botania.page.redString7	sha256:4688aed952c1cafea5d3033a5196bddfaea8f6b4a9c945b1c23565c98f5dad31	The $(item)Red Stringed Nutrifier$(0) can be bound to any block that accepts $(item)Bone Meal$(0). Using $(item)Bone Meal$(0) on the Nutrifier will fertilize its bound block instead.	$(item)Опылитель связанной судьбы$(0) можно связать с любым блоком, который принимает $(item)костную муку$(0).$(p)Использование $(item)костной муки$(0) на опылителе удобряет связанный с ним блок.	PASS		Текст читается естественно и соответствует английскому источнику.	158		
patchouli-lang:botania:botania.page.redString8	sha256:12f316e7f9841c16db4f8cb96440fa15e77650a50285cb16924a02f60e9d59e3	The $(item)Red Stringed Nutrifier$(0).	$(item)Опылитель связанной судьбы$(0).	PASS		Текст читается естественно и соответствует английскому источнику.	27		
patchouli-lang:botania:botania.page.redString9	sha256:0fd897d3c2883077d4ffc9be41325460302bacafbaf7e357217caaa5ee43e857	The $(item)Red Stringed Comparator$(0) can be bound to any block whose status can be read with a $(item)Comparator$(0) (e.g. $(item)Chests$(0), $(l:mana/pool)$(item)Mana Pools$(0)$(/l), $(l:basics/rune_altar)$(item)Runic Altars$(0)$(/l), etc). A $(item)Comparator$(0) attached to this block will output a signal equal to the one it would read from the bound block.	$(item)Компаратор связанной судьбы$(0) можно связать с любым блоком, состояние которого можно прочитать с помощью $(item)компаратора$(0) (например, $(item)сундуки$(0), $(l:mana/pool)бассейны маны$(/l), $(l:basics/rune_altar)рунические алтари$(/l) и так далее).$(p)$(item)Компаратор$(0), подключённый к этому блоку, будет выдавать сигнал, равный тому, который он бы считал с привязанного блока.	PASS		Текст читается естественно и соответствует английскому источнику.	299		
patchouli-lang:botania:botania.page.redstoneSpreader0	sha256:91e51c12d6604786be50714cb192845c338ea99db9b7aed25c669f58cde55c9c	By combining a $(l:mana/spreader)$(item)Mana Spreader$(0)$(/l) with a piece of $(item)Redstone$(0), a $(item)Pulse Mana Spreader$(0) is created, which (as the name implies) fires when given a $(thing)redstone pulse$(0), regardless of target.$(p)Keep in mind that it still won't shoot a burst until the last one dissipates or is absorbed.	$(item)Редстоуновый распространитель маны$(0) создаётся из $(l:mana/spreader)распространителя маны$(0) и $(item)редстоуновой пыли$(0). Редстоуновый распространитель работает только тогда, когда получает $(thing)редстоун-сигнал$(0), независимо от наличия подходящего блока для приёма маны.$(p)Следует иметь в виду, что распространитель не станет стрелять сгустком маны, пока предыдущий сгусток не рассеян или не поглощён.	PASS		Текст читается естественно и соответствует английскому источнику.	360		
patchouli-lang:botania:botania.page.redstoneSpreader1	sha256:6aff3d015ca5180ea5dc23ae80a18ab6e80caccfa3858291c195b7e7cdc986d2	Lil' touch of redstone	$(o)Просто добавь редстоуна$()	PASS		Текст читается естественно и соответствует английскому источнику.	23		
patchouli-lang:botania:botania.page.relicInfo0	sha256:92f04f982870e04dc2d20e2c2a8c3ecf4d08bf42771799b880040224ad6fc410	It appears as if the oft-speculated-about Relics are, in fact, real. These items are materialized from rolls of the $(item)Dice of Fate$(0), and possess incredible powers. (The Dice of Fate being six-sided seems to imply the existence of six Relics.)$(p)Relics seem to know who earned them; thus, giving someone a Relic they didn't earn is a bad idea.	Похоже, что реликвии, о которых ходит так много слухов, действительно существуют. Оказывается, они материализуются из $(item)костей судьбы$(0), и количество граней кости — шесть — соответствует числу реликвий.$(p)Реликвии признают только первого хозяина; воровать или передавать реликвии — плохая идея.	PASS		Текст читается естественно и соответствует английскому источнику.	287		
patchouli-lang:botania:botania.page.relicInfo1	sha256:27e1f5a997c734008d606af87df7a0006905edeb7adf7609dd0eb58003f7587f	The legends say that the same Relic may not be awarded to the same person twice-- so keeping an earned Relic safe is high-priority; perhaps $(l:ender/keep_ivy)$(item)Resolute Ivy$(0)$(/l) would make a good investment.$(p)Interestingly enough, an earned relic will transcribe the knowledge on its use into this lexicon. How convenient.	Легенды гласят, что одна и та же реликвия не может быть вручена одному и тому же человеку дважды, и это логично, ведь если человек потерял дар богов, то он недостоин — поэтому важно беречь реликвию как зеницу ока; возможно, $(l:ender/keep_ivy)решительный плющ$(/l) станет хорошим вложением.$(p)Что интересно, заработанная реликвия записывает знания о своём использовании в лексикон. Как удобно.	PASS		Текст читается естественно и соответствует английскому источнику.	366		
patchouli-lang:botania:botania.page.relics0	sha256:06297b097aeac9c99db6195a591ddbc1b7a12ac411fc4e561bc191c8f1d619d9	"The high clans of Alfheim have passed down an old legend that roughly translates to ""Whosoever rolls a Die of Fate shall be rewarded with a Gift from the Gods"". Said gifts, also known as $(item)Relics of the Aesir$(0), are said to be soulbound and unique.$(p)But then again, all of this is hearsay-- the Relics are probably just legends."	Высшие кланы Альвхейма передавали древнюю легенду, которая примерно переводится как «Тот, кто бросит кость Судьбы, будет вознаграждён одним из даров Богов». Известно, что эти дары, также известные как $(item)реликвии асов$(0), привязываются к душе и уникальны.$(p)И всё же это лишь древние сказания — возможно, дары просто миф.	PASS		Текст читается естественно и соответствует английскому источнику.	312		
patchouli-lang:botania:botania.page.rfGenerator0	sha256:ffca18e14783323f28a4a6d6fb421a45e05e3e3ef02bd0e8d5f9b46353a05fdd	Passing $(thing)Mana$(0) through a field of redstone charge converts it from natural energy to $(thing)Forge Energy$(0) or $(thing)Tech Reborn Energy$(0), whichever is present.$(p)Any $(thing)Mana Bursts$(0) received by the Fluxfield are converted into $(thing)Energy$(0) and sent to any adjacent acceptors.	Если пропустить $(thing)ману$(0) сквозь энергетическое поле редстоуна, она превратится из энергии природы в $(thing)Forge Energy$(0) или $(thing)Tech Reborn Energy$(0), в зависимости от свойств мира.$(p)Любой $(thing)сгусток маны$(0), попавший по $(item)энергопреобразователю маны$(0), будет конвертирован. Энергию затем может принять приёмщик энергии.	PASS		Текст читается естественно и соответствует английскому источнику.	289		
patchouli-lang:botania:botania.page.rfGenerator1	sha256:3bcf6df6e22ae63e0e10a1a99b847e115b312e8b74249150adadf55b5c3ae0dc	Challenging the fabric of magic mod reality	$(o)Переходя рубикон магии$()	PASS		Текст читается естественно и соответствует английскому источнику.	22		
patchouli-lang:botania:botania.page.runeAltar0	sha256:d61b0af49521c6a478d6a5163f0b4a6c1b3a2a56f30f6095e5a15dd0599daeac	$(item)Runes$(0) are vital components of complex magical devices or flora, created on a $(item)Runic Altar$(0).$(p)To use a $(item)Runic Altar$(0), start by placing (via either a right-click or a simple toss) the components of the rune you want to create upon the altar.	$(item)Руны$(0) — это важнейший компонент сложных магических устройств и продвинутой флоры. Чтобы создать $(item)руну$(0), понадобится $(item)рунический алтарь$(0).$(p)Дл начала, надо разложить на нём предметы, необходимые в рецепте создания нужной руны: возьмите их в руку и бросьте к алтарю (или нажмите [$(k:use)] по алтарю)	PASS		Текст читается естественно и соответствует английскому источнику.	282		
patchouli-lang:botania:botania.page.runeAltar1	sha256:eb9a1565308dc4d7ce04562055d54064c2f3f283c0b789f7062a646a34b19be3	Point a $(l:mana/spreader)$(item)Mana Spreader$(0)$(/l) with a supply of $(thing)Mana$(0) at the altar, and let the $(thing)Mana$(0) flow.$(p)Your wand will show you the progress of the transfer; it should be apparent when the altar has received enough $(thing)Mana$(0). When that happens, just drop or right-click a piece of $(l:basics/pure_daisy)$(item)Livingrock$(0)$(/l) upon the altar, then use the wand on it to collect your rune.	Затем надо напитать алтарь $(thing)маной$(0) через $(l:mana/spreader)распространитель маны$(/l).$(p)$(l:basics/wand)Жезл леса$(/l) в руке покажет прогресс напитывания алтаря; когда алтарь получит достаточно $(thing)маны$(0), шкала прогресса окрасится в зелёный. Когда это произойдёт, надо бросить или нажмать [$(k:use)] по алтарю с $(l:basics/pure_daisy)жизнекамнем$(/l), чтобы создать $(item)руну$(0), а затем использовать $(l:basics/wand)жезл леса$(/l), чтобы собрать её.	PASS		Текст читается естественно и соответствует английскому источнику.	334		
patchouli-lang:botania:botania.page.runeAltar10	sha256:05c50e3495978a4c34921a9ede2ef130e21870460b04ed6387d99e714d2562f2	The $(item)Rune of Autumn$(0).	$(item)Руна осени$(0)	PASS		Текст читается естественно и соответствует английскому источнику.	10		
patchouli-lang:botania:botania.page.runeAltar11	sha256:fed8e712808b8e9393b05c69fa06ae80d9a52925565f3d599cf4d6f892ac69cc	The $(item)Rune of Winter$(0).	$(item)Руна зимы$(0)	PASS		Текст читается естественно и соответствует английскому источнику.	9		
patchouli-lang:botania:botania.page.runeAltar12	sha256:07b00865583f9804c59e29744eb583170616c41387aa8e2cb37619d039c6f97a	The $(item)Rune of Mana$(0).	$(item)Руна маны$(0)	PASS		Текст читается естественно и соответствует английскому источнику.	9		
patchouli-lang:botania:botania.page.runeAltar13	sha256:30e36228d2eb0f469d5ec633d909e8022231a7c3a58a5c1fe766e0ee980a9098	The $(item)Rune of Lust$(0).	$(item)Руна похоти$(0)	PASS		Текст читается естественно и соответствует английскому источнику.	11		
patchouli-lang:botania:botania.page.runeAltar14	sha256:9648dbd9c311f2f597d335f733c343295669c838d16e2ec7a3e2330a025a6b3b	The $(item)Rune of Gluttony$(0).	$(item)Руна обжорства$(0)	PASS		Текст читается естественно и соответствует английскому источнику.	14		
patchouli-lang:botania:botania.page.runeAltar15	sha256:ec9e978f6008321b2954d026b2e08cb48e880d47616779393a3ffdd723cd79ea	The $(item)Rune of Greed$(0).	$(item)Руна жадности$(0)	PASS		Текст читается естественно и соответствует английскому источнику.	13		
patchouli-lang:botania:botania.page.runeAltar16	sha256:b6e1bf151d7f59fc8fa4940c2dc8451df2a6e46e48c2b313e03b95ea7c95340b	The $(item)Rune of Sloth$(0).	$(item)Руна лени$(0)	PASS		Текст читается естественно и соответствует английскому источнику.	9		
patchouli-lang:botania:botania.page.runeAltar17	sha256:7da88c1db9cdae517733534cd448810fc06a8a2422236a9de70cd3657d92e09a	The $(item)Rune of Wrath$(0).	$(item)Руна гнева$(0)	PASS		Текст читается естественно и соответствует английскому источнику.	10		
patchouli-lang:botania:botania.page.runeAltar18	sha256:0ce38b96914ba95039ccf0ef7139a8921f2fc3ba98f45b30659b2e1b3ae5ca7b	The $(item)Rune of Envy$(0).	$(item)Руна зависти$(0)	PASS		Текст читается естественно и соответствует английскому источнику.	12		
patchouli-lang:botania:botania.page.runeAltar19	sha256:32957a9cde97addfbcb8b209d406ae7fa778567236a443fc4b64aef21547512f	The $(item)Rune of Pride$(0).	$(item)Руна гордости$(0)	PASS		Текст читается естественно и соответствует английскому источнику.	13		
patchouli-lang:botania:botania.page.runeAltar2	sha256:527fc61eaa8c0229917387fcd24457668989d0521b62f52c60c7b2a425f2ccf3	Crafting the $(item)Runic Altar$(0).	Создание $(item)рунического алтаря$(0)	PASS		Текст читается естественно и соответствует английскому источнику.	27		
patchouli-lang:botania:botania.page.runeAltar20	sha256:2e7221139f4c6f5bb33316b9ee6c83997fbde6d78c103736d3ef634a06e3d51a	Right clicking the $(item)Runic Altar$(0) with an empty hand while it's not accepting mana will pull out the last item input.$(p)Additionally, an attached $(item)Comparator$(0) will emit signal strength $(thing)1$(0) if the altar is accepting $(thing)Mana$(0), and signal strength $(thing)2$(0) if it's ready to craft the rune.	Можно вернуть обратно последний выложенный предмет, если нажать [$(k:use)] пустой рукой (или [$(k:sneak)+$(k:use)] не пустой) по $(item)руническому алтарю$(0).$(p)Также, подсоединённый к алтарю $(item)редстоуновый компаратор$(0) будет выдавать сигнал силы $(thing)1$(0), если алтарь принимает $(thing)ману$(0), и силой $(thing)2$(0), если он заполнен и может начать создание руны.	PASS		Текст читается естественно и соответствует английскому источнику.	292		
patchouli-lang:botania:botania.page.runeAltar21	sha256:4e485dfcd46478aaaf2f36058c7c1412b42040fe23760bfe74b85e3cf94bc24d	Runic creation is a complex topic, but an important one for the advancement of any botanist's career. However, this mode of crafting requires a firm grasp on the concepts of $(thing)Mana Manipulation$(0) to use. Before proceeding further, a read through the important entries (those in $(o)Italics$()) in that section of the $(l:basics/lexicon)$(item)Lexica Botania$(0)$(/l) might prove helpful.	Создание рун — это довольно важный шаг в достижении ботанических высот. Чтобы понять, как их создавать, в первую очередь нужно хорошо понимать, как $(thing)управлять маной$(0). Поэтому, прежде чем продолжить, прочитайте основные главы (те, что выделены $(o)курсивом$(0)) в разделе «$(l:mana)Управление маной$(/l)».	PASS		Текст читается естественно и соответствует английскому источнику.	280		
patchouli-lang:botania:botania.page.runeAltar22	sha256:33b224ed10248813f3a633287948d5ca7ab0f986b164711e91a35bf7d889f7e0	Any runes used for recipes in the $(item)Runic Altar$(0) function as catalysts, and will be returned upon completion of the runic recipe.$(p)Similarly to the $(l:basics/apothecary)$(item)Petal Apothecary$(0)$(/l), right-clicking this block with an empty hand after a recipe is complete will pull another set of the items used for the last recipe, for faster crafting in bulk.	Любые руны, используемые в рецептах создания на $(item)руническом алтаре$(0), действуют лишь в качестве катализаторов и не тратятся после завершения создания.$(p)Как и с $(l:basics/apothecary)лепестковой чашей$(/l), нажав [$(k:use)] по алтарю пустой рукой, вы выложите на него те предметы, что использовались в последнем рецепте.	PASS		Текст читается естественно и соответствует английскому источнику.	279		
patchouli-lang:botania:botania.page.runeAltar3	sha256:efc11ecca336851393a7206c898d2d8dbb0594183d2876b2ade0b41fe260d6bd	A total of 16 $(item)Runes$(0) exist.$(p)The most elementary runes are named after the $(thing)Four Elements$(0), the intermediate runes are named after the $(thing)Four Seasons$(0), and the most advanced runes are named after the $(thing)Seven Deadly Sins$(0). A separate $(item)Rune of Mana$(0) also exists outside this progression.	Всего существует 16 типов $(item)рун$(0) (если не считать недоступные в $(thing)Мидгарде$(0)).$(p)Самые основные руны, элементарные, названы в честь $(thing)четырёх стихий$(0). Руны уровня выше названы в честь $(thing)четырёх сезонов$(0), а самые сложные руны названы в честь $(thing)семи смертных грехов$(0). Последняя руна находится вне иерархии — это $(item)руна маны$(0).	PASS		Текст читается естественно и соответствует английскому источнику.	301		
patchouli-lang:botania:botania.page.runeAltar4	sha256:3ed83e5f8f3a173ec29cefbb3c41bbd66b38b3f7c0ccc97e9cdeb7858991b14a	The $(item)Rune of Water$(0).	$(item)Руна воды$(0)	PASS		Текст читается естественно и соответствует английскому источнику.	9		
patchouli-lang:botania:botania.page.runeAltar5	sha256:bab14723d1e8b931c3d8688ee0e517cc55fd0ae0f15f8e92af16a465fab05bfc	The $(item)Rune of Earth$(0).	$(item)Руна земли$(0)	PASS		Текст читается естественно и соответствует английскому источнику.	10		
patchouli-lang:botania:botania.page.runeAltar6	sha256:24554324c9714e0385646eeadaf744092f1baf36c783faea3707aeb7d641dcf4	The $(item)Rune of Air$(0).	$(item)Руна воздуха$(0)	PASS		Текст читается естественно и соответствует английскому источнику.	12		
patchouli-lang:botania:botania.page.runeAltar7	sha256:9ffc6c9770d126c1798f3459124ac13fc4d8bdd47b55416c78683c294f906fb9	The $(item)Rune of Fire$(0).	$(item)Руна огня$(0)	PASS		Текст читается естественно и соответствует английскому источнику.	9		
patchouli-lang:botania:botania.page.runeAltar8	sha256:4fd355d0faf8ad863cd2605a68df89c8db6cd011e75db233afb2577f51a114bc	The $(item)Rune of Spring$(0).	$(item)Руна весны$(0)	PASS		Текст читается естественно и соответствует английскому источнику.	10		
patchouli-lang:botania:botania.page.runeAltar9	sha256:850eb47c24feed6ebd0368c437f14c31b2ccca466326a6f13ad63e92c6d0e9c6	The $(item)Rune of Summer$(0).	$(item)Руна лета$(0)	PASS		Текст читается естественно и соответствует английскому источнику.	9		
patchouli-lang:botania:botania.page.sextant0	sha256:e40f72eeeccbd71cbb9515a87e5e5dc61685b9f011c4c8f637fce59638aab1be	"In a world of cubes, the secrets of creating circles and spheres is a lost art coveted by many-- so much so, in fact, that some to turn to the unholy act of ""tabbing out"" to learn the proper procedures.$(p)The $(item)Worldshaper's Sextant$(0), however, provides a ready alternative to such an act. "	В этом кубическом мире, искусство создания кругов и сфер часто ускользает от многих, вплоть до того, что им нужно выполнить нечестивый акт «смены окна», чтобы изучить процедуру их создания. $(item)Секстант формирователя мира$(0) — простой инструмент, и, как можно было догадаться, помогает создавать круги и сферы.	PASS		Текст читается естественно и соответствует английскому источнику.	303		
patchouli-lang:botania:botania.page.sextant1	sha256:1ec90a77417da977d38c0573a7555dfa03eed7a7b6476bc87d5b3f6cbad42fdf	To use the sextant, sneak-right click to choose a mode. Simply right-click and hold at a block to choose the shape's center, and look around to choose its radius; blue circles will appear in the world as an outline of the final shape. Upon release of the sextant, a mirage of $(item)Cobblestone$(0) blocks will appear as a building guide.$(p)Sneak-right clicking the sextant will remove the guide.	Режим секстанта переключается нажатием [$(k:sneak)+$(k:use)]. Чтобы указать центр фигуры, нужно зажать [$(k:use)] на нужном блоке, и, не отжимая кнопку, повернуть голову, чтобы задать радиус; в мире появятся синие круги, обозначающие контур конечной формы. Отпустив [$(k:use)], появится мираж из $(item)булыжника$(0), который послужит ориентиром для строителя. $(p)Нажатие [$(k:sneak)+$(k:use)] с секстантом развеет мираж.	PASS		Текст читается естественно и соответствует английскому источнику.	355		
patchouli-lang:botania:botania.page.sextant2	sha256:954204e2fa18599e68361ecfa21576d47b95ebf59d5bfae4dc9d534de1739a1f	You sketch a circle, filling you with determination	$(o)Наброшенный вами круг наполняет вас решимостью$()	PASS		Текст читается естественно и соответствует английскому источнику.	46		
patchouli-lang:botania:botania.page.sextant_modes	sha256:bbf3946288cd91408cbbca9b7a8639e869b56791302ae61c410fdaa1964c6739	There are usually multiple ways to draw a blocky circle touching the inside of any given square. For a specified circle centre, you can also try pulling diagonally to a point to create a circle with a non-integer radius.$(p)And if two dimensions are not enough, sneak-right clicking while no shape is displayed switches the shape mode.	Обычно есть несколько способов нарисовать более угловатый круг, касающийся внутренней стороны заданного квадрата. Для заданного центра круга можно попробовать провести диагональ, чтобы создать круг с нецелым радиусом.$(p)А если двух измерений недостаточно, нажатие [$(k:sneak)+$(k:use)] переключит режим секстанта, пока мираж не отображается.	PASS		Текст читается естественно и соответствует английскому источнику.	320		
patchouli-lang:botania:botania.page.shinyFlowers0	sha256:520164a13a4890f27027bc86c3ef61f6e7f29d40fb3a8871d405311ad0067b01	$(item)Glowstone Dust$(0) can be sprinkled over $(l:basics/flowers)$(item)Mystical Flowers$(0)$(/l) to turn them into $(item)Glimmering Flowers$(0), which sparkle bright enough to emit actual light (same brightness as $(item)Glowstone Block$(0)).$(p)Combining one of these with some $(item)Dirt$(0) and $(l:tools/grass_seeds)$(item)Pasture Seeds$(0)$(/l) yields a $(item)Floating Flower$(0), a miniature floating island that emits light and looks quite fancy indeed.	Обычный $(l:basics/flowers)мистический цветок$(0) можно осыпать $(item)светопылью$(0) (соединив их в сетке создания), чтобы создать $(item)светящийся цветок$(0), излучающий настолько же яркий свет, как это делает светокамень.$(p)Добавив к цветку $(item)блок земли$(0) и $(l:tools/grass_seeds)луговое семя$(0), можно создать миниатюрный островок с $(item)парящим цветком$(0), который не только будет светиться, но и порадует своим необычным видом.	PASS		Текст читается естественно и соответствует английскому источнику.	349		
patchouli-lang:botania:botania.page.shinyFlowers1	sha256:8f8cf2f1d7e43c86ae6aa137775ad4fe6d11af8232e4be4360465f0e8cbdb5ae	Pretty Pretty Shiny Shiny	$(o)Моя прелесть$()	PASS		Текст читается естественно и соответствует английскому источнику.	12		
patchouli-lang:botania:botania.page.shinyFlowers2	sha256:fc5fe7653292bbb0ad529a58b84583c7db04eea221b7430e5a10ff131298e509	Like Laputa but (a lot) tinier	$(o)Как Лапута, но помельче (намного)$()	PASS		Текст читается естественно и соответствует английскому источнику.	33		
patchouli-lang:botania:botania.page.shinyFlowers3	sha256:bacd8f5b873e70257b171834b78932988258ff9c58f644970d07e8657d02ca02	Crafting a $(item)Floating Flower$(0) with a $(thing)Functional$(0) or $(thing)Generating Flower$(0) will plant the latter on the former, yielding the looks and properties of a $(item)Floating Flower$(0) and the effects of the other flower, all rolled into one tiny island. Right-clicking a $(thing)Floating Flower$(0) with $(l:tools/grass_seeds)$(item)Pasture Seeds$(0)$(/l) or a $(item)Snowball$(0) will change its appearance.	Цветок на островке можно заменить на $(thing)полезный$(0), если соединить любой $(item)парящий цветок$(0) с любым $(thing)полезным цветком$(0) из $(thing)функциональной$(0) или $(thing)генерирующей флоры$(0). Нажатие [$(k:use)] по островку с $(l:tools/pasture_seeds)луговым семенем$(0) или $(item)снежком$(0) изменит его внешний вид.	PASS		Текст читается естественно и соответствует английскому источнику.	227		
patchouli-lang:botania:botania.page.shulk_me_not0	sha256:fc68b2d6c8da339fabb73da9c042f4242bae9f2ee570415ece681b7373284d0b	The $(item)Shulk Me Not$(0) is a generating flower that creates $(thing)Mana$(0) from the power of the Shulker's $(thing)Levitation$(0).$(p)If a nearby monster is targeted by and hit with a Shulker's projectile, and the $(item)Shulk Me Not$(0)'s internal buffer is empty, both mob and Shulker will be killed, generating ludicrous amounts of $(thing)Mana$(0) from the process.	$(item)Дешалкерия$(0) — это генерирующий цветок, создающий $(thing)ману$(0) из силы $(thing)левитации$(0) $(thing)шалкера$(0).$(p)Если $(thing)шалкер$(0) попадёт в находящегося рядом монстра, а внутренний буфер $(item)дешалкерии$(0) пуст, то и монстр, и шалкер будут уничтожены, что создаст колоссальное количество $(thing)маны$(0).	PASS		Текст читается естественно и соответствует английскому источнику.	246		
patchouli-lang:botania:botania.page.shulk_me_not1	sha256:942e73eb39b078fddf183789dd538fe23079899bb1a87b4c7337a98a111fca23	A few extra points should be made:$(p)Both entities' experience and loot are lost, and both entities must be within the flower's range.	Ещё надо помнить следующее:$(p)Опыт и добыча с обоих существ будут утеряна; оба существа должны находиться в радиусе действия цветка.	PASS		Текст читается естественно и соответствует английскому источнику.	129		
patchouli-lang:botania:botania.page.shulk_me_not2	sha256:0ab38742690f49e573f24893f036b0815944eb104d4411350c1e8e8a08c6dbca	$(o)Petal plucking not recommended$().	$(o)Заниматься гаданием на этом цветке не рекомендуется$()	PASS		Текст читается естественно и соответствует английскому источнику.	51		
patchouli-lang:botania:botania.page.skyDirtRod0	sha256:1825aebbb770223c42cc29488c1d63211bc11e780574ac739348945588c96471	The $(l:tools/dirt_rod)$(item)Rod of the Lands$(0)$(/l) is a practical tool, but being able to place $(item)Dirt$(0) on $(o)nothing$() would be even greater.$(p)The $(item)Rod of the Highlands$(0) does just that: it maintains the original power of the $(l:tools/dirt_rod)$(item)Rod of the Lands$(0)$(/l), but can also place $(item)Dirt$(0) in midair (for an increased $(thing)Mana$(0) cost).	В то время как $(item)скипетр лугов$(0) отлично справляется с созданием блоков $(item)земли$(0), было бы ещё лучше, если бы можно было ставить блоки в воздухе.$(p)$(item)Скипетр высокогорья$(0) повторяет особенности работы $(item)скипетра земель$(0) при обычном размещении, но ещё может поставить блок $(item)земли$(0) прямо в воздухе (при повышенном расходе $(thing)маны$(0)).	PASS		Текст читается естественно и соответствует английскому источнику.	306		
patchouli-lang:botania:botania.page.skyDirtRod1	sha256:7c221743efeaeb9f75034ca738c1fbe003521b61487a4e1cdafed028cd9762c4	Dirty Stick Mark II	$(o)Грязная палка, версия 2.0$()	PASS		Текст читается естественно и соответствует английскому источнику.	25		
patchouli-lang:botania:botania.page.slimeBottle0	sha256:25d94570552b8fbc21d5cfef1d090741b1a826b2b782f35fc652d960baba3c75	Placing a $(item)Slimeball$(0) in an container of $(l:alfhomancy/elf_resources)$(item)Elementium$(0)$(/l) seems to have an interesting effect on said slimeball: when in an area where $(thing)Slimes$(0) would naturally spawn underground, the inanimate blob of slime comes alive and bounces around the container.$(p)For harvesting $(item)Slimeballs$(0) or setting up a $(l:generating_flowers/narslimmus)$(item)Narslimmus$(0)$(/l), it proves an invaluable tool.	Размещение $(item)сгустка слизи$(0) в контейнере из $(l:alfhomancy/elf_resources)элементия$(/l), кажется, оказывает интересное влияние на слизь: когда контейнер попадает в область естественного места появления $(thing)слизней$(0), неодушевлённая капля слизи, по какой-то странной причине, реагирует на это место, «весело» прыгая.$(p)Эта особенность точно пригодится в поиске места для $(l:generating_flowers/narslimmus)гибислизи$(/l).	PASS		Текст читается естественно и соответствует английскому источнику.	334		
patchouli-lang:botania:botania.page.slimeBottle1	sha256:c007d120f6a91e879700013f47d035f35cc6b1e9a642e3a739e97339638997f1	JUMPYDOLL	$(o)*играет La Cucaracha*$()	PASS		Текст читается естественно и соответствует английскому источнику.	21		
patchouli-lang:botania:botania.page.smeltRod0	sha256:53dac3946a47cc5ea27185660d98faba0769c81cc3e52a5ef818f0c758724e6a	The $(item)Rod of the Molten Core$(0) has the ability to focus heat drawn from the world's core. Focusing it (by holding right-click) at a block in the world that can be smelted into a different block will smelt it into that block.$(p)For example, $(item)Cobblestone$(0) will smelt into $(item)Stone$(0) and then into $(item)Smooth Stone$(0), $(item)Sand$(0) melts into $(item)Glass$(0), and so on.	$(item)Скипетр огненных недр$(0) вытягивает тепло, испускаемое ядром мира, и использует его для плавления материалов. Нужно удерживать [$(k:use)], чтобы сфокусировать скипетр на блок в мире; если результат плавки блока — другой блок, то скипетр быстро переплавит его. $(p)Примеры: $(item)булыжник$(0) превращается в $(item)камень$(0), $(item)песок$(0) в $(item)стекло$(0) и так далее.	PASS		Текст читается естественно и соответствует английскому источнику.	317		
patchouli-lang:botania:botania.page.smeltRod1	sha256:6ea3943d1181e5c25f5f6da84b4294004e883370634f6e6b6ea477b10326286b	No raid party required	$(o)Собирать рейд не нужно$()	PASS		Текст читается естественно и соответствует английскому источнику.	22		
patchouli-lang:botania:botania.page.solegnolia0	sha256:ecd3b14c03430fd19a6ae2a4f3975a7eaeb80d7e4853c2446c97e8a8d92bdf3f	The $(l:baubles/magnet_ring)$(item)Ring of Magnetization$(0)$(/l) is quite the handy tool for any diggers or collectors. However, it can also pick up unwanted items, disrupting automation setups in the process. The $(item)Solegnolia$(0) disrupts the ring's field of effect and prevents any items in its range from being pulled towards a ring-bearer. It also prevents any ring-bearers in its range from pulling any items. It does not consume $(thing)Mana$(0).	$(l:baubles/magnet_ring)Кольцо магнетизма$(/l) — довольно удобный инструмент для шахтёров и собирателей. Однако, надетое кольцо может нежелательно поднимать предметы, нарушая работу систем автоматизации. $(item)Солегнолия$(0) подавляет кольцо и препятствует тому, чтобы предметы внутри её области были притянуты к любому владельцу $(l:baubles/magnet_ring)кольца магнетизма$(/l). $(item)Солегнолия$(0) также полностью отключает любые $(l:baubles/magnet_ring)кольца магнетизма$(/l) внутри своей области. Цветок не требует $(thing)маны$(0).	PASS		Текст читается естественно и соответствует английскому источнику.	416		
patchouli-lang:botania:botania.page.solegnolia1	sha256:da2be7b5b8de3739f8fb4b4876e56c330bbcfa856279e0ec6ec4e991ba4fced7	On/Off	$(o)9 из 10 магнитов не рекомендуют этот цветок.$(br)Но кто они, блин, такие, чтобы нам указывать$()?	PASS		Текст читается естественно и соответствует английскому источнику.	89		
patchouli-lang:botania:botania.page.sparkChanger0	sha256:2e530260dd3b4bfece1134a929ec3dee1dba30e5b9adad8d02689183b173bf6d	The $(item)Spark Tinkerer$(0) is a block with the ability to modify the $(l:mana/spark_upgrades)$(item)Augments$(0)$(/l) placed on $(l:mana/sparks)$(item)Sparks$(0)$(/l). Placing one adjacent to a $(l:mana/pool)$(item)Mana Pool$(0)$(/l) (or other block with a $(l:mana/sparks)$(item)Spark$(0)$(/l) attached) will connect it to that block.$(p)Right-clicking the $(item)Spark Tinkerer$(0) with a $(l:mana/spark_upgrades)$(item)Spark Augment$(0)$(/l) will put the augment in the block; the augment can be removed by right-clicking again.	$(item)Настройщик искр$(0) — это блок модификации $(l:mana/spark_upgrades)аугментаций$(/l) $(l:mana/sparks)искр$(/l). Настройщик подключается $(l:mana/pool)бассейнам маны$(/l) расположенным вплотную (или другим блокам с прикреплённой $(l:mana/sparks)искрой$(/l)). $(p)Нажатие [$(k:use)] по $(item)настройщику искр$(0) $(l:mana/spark_upgardes)аугментацией искры$(/l) положит аугментацию в настройщик; аугментацию можно удалить, повторно нажав [$(k:use)].	PASS		Текст читается естественно и соответствует английскому источнику.	292		
patchouli-lang:botania:botania.page.sparkChanger1	sha256:0ff63d45d160cc9cdcd76222bd08cd98a950049ab37265baf1befb12aaf88cef	When the $(item)Spark Tinkerer$(0) gets a redstone signal, it'll randomly pick an adjacent connected $(l:mana/sparks)$(item)Spark$(0)$(/l) with a different augment and swap the augment on that $(l:mana/sparks)$(item)Spark$(0)$(/l) with the one stored in the Tinkerer.$(p)The stored augment can be withdrawn or deposited with $(item)Hoppers$(0) or other automation methods. $(item)Comparators$(0) can read the type of augment stored.	Когда $(item)настройщик искр$(0) получает редстоун-сигнал, он случайно выбирает $(l:mana/sparks)искру$(/l) между всеми подключёнными, и заменяет аугментацию в $(l:mana/sparks)искре$(0) на ту, что стоит в нём. $(p)Аугментацию можно загрузить в настройщик или вывести из него с помощью $(item)воронки$(0) или других схожих устройств. $(item)Редстоуновый компаратор$(0) может считать тип аугментации в настройщике.	PASS		Текст читается естественно и соответствует английскому источнику.	333		
patchouli-lang:botania:botania.page.sparkChanger2	sha256:1effb56f0045707f1c9e74776e2a5fa4eb940c234fa6038edd23e6d410ef43a1	Mod your sparks	$(m)Тачка$()$(o)Искра на прокачку$()	PASS		Текст читается естественно и соответствует английскому источнику.	22		
patchouli-lang:botania:botania.page.sparkUpgrades0	sha256:29c96fe7d5d8a79634600afaa04540fd7d34dde629669b14c47603ca1a1359a0	$(l:mana/sparks)$(item)Sparks$(0)$(/l) seem to be more versatile than previously believed: a variety of $(item)Augments$(0) can be applied to them, enhancing their abilities. Augments can only be applied to $(l:mana/sparks)$(item)Sparks$(0)$(/l) that lie on $(l:mana/pool)$(item)Mana Pools$(0)$(/l), and a $(l:mana/sparks)$(item)Spark$(0)$(/l) can only have a single $(item)Augment$(0) at any given time.	Видимо, $(l:mana/sparks)искры$(/l) немного более гибкие, чем могло показаться: существует несколько $(item)аугментаций$(0), которые могут улучшить их способности. Следует отметить, что аугментации можно вставлять только в те $(l:mana/sparks)искры$(/l), что находятся над $(l:mana/pool)бассейнами маны$(/l).$(p)В каждую $(item)искру$(0) можно вставить лишь одну $(item)аугментацию$(0).	PASS		Текст читается естественно и соответствует английскому источнику.	286		
patchouli-lang:botania:botania.page.sparkUpgrades1	sha256:25f2583b9e2536ca5035f12b0f101e56f8b7b5d3b55a7aa6822106600794dc65	The $(item)Dispersive Augment$(0) allows a $(l:mana/sparks)$(item)Spark$(0)$(/l) to drain the $(thing)Mana$(0) in its pool to charge nearby players' $(thing)Mana$(0)-containing items.	Начнём с $(item)аугментации искры «Рассеивание»$(0). С ней $(l:mana/sparks)искра$(/l) будет использовать $(thing)ману$(0) из бассейна под собой для подзарядки всех хранящих $(thing)ману$(0) предметов в инвентарях ботаников, находящихся поблизости.	PASS		Текст читается естественно и соответствует английскому источнику.	191		
patchouli-lang:botania:botania.page.sparkUpgrades2	sha256:9cd4efdf4753389822ee40e43c163894e17707835f9deb3818703f64b9335b72	The $(item)Dominant Augment$(0) makes a $(l:mana/sparks)$(item)Spark$(0)$(/l) pull $(thing)Mana$(0) from nearby non-augmented $(item)Sparks'$(0) pools into its own, until the latter is full.	$(item)Аугментация искры «Доминирование»$(0) позволит $(l:mana/sparks)искре$(/l) забирать $(thing)ману$(0) в свой бассейн, пока не заполнит его полностью. Забирает $(thing)ману$(0) она из всех рядом стоящих бассейнов при условии, что $(l:mana/sparks)искры$(/l) над ними не улучшены аугментациями.	PASS		Текст читается естественно и соответствует английскому источнику.	219		
patchouli-lang:botania:botania.page.sparkUpgrades3	sha256:1135fca966e9171acd0e5e651e5078336a0650aa27d072915bb9995adc4a4574	The $(item)Recessive Augment$(0) makes a $(l:mana/sparks)$(item)Spark$(0)$(/l) distribute all of the $(thing)Mana$(0) in its pool into any nearby non-augmented or Dispersive $(item)Sparks'$(0) pools, until its own is completely empty.	$(item)Аугментация искры «Рецессия»$(0) позволит $(l:mana/sparks)искре$(/l) отдавать $(thing)ману$(0) из своего бассейна, пока не опустошит его полностью. Отдаёт $(thing)ману$(0) она только в бассейны с не аугментированными $(l:mana/sparks)искрами$(/l) или типа «$(thing)Рассеивание$(0)».	PASS		Текст читается естественно и соответствует английскому источнику.	199		
patchouli-lang:botania:botania.page.sparkUpgrades4	sha256:3ad388bed4764d1706442b34e7effc50aabae5d5dff7ab44bb2bf448b0b3ebb8	Finally, the $(item)Isolated Augment$(0) prevents a $(l:mana/sparks)$(item)Spark$(0)$(/l) from interacting with any Dominant or Recessive $(l:mana/sparks)$(item)Sparks$(0)$(/l), but still allows it to interact with blocks that can receive their $(thing)Mana$(0) from the $(l:mana/sparks)$(item)Spark$(0)$(/l) network.	Ну и наконец, $(item)аугментация искры «Изоляция»$(0) запрещает $(l:mana/sparks)искре$(/l) взаимодействовать с любыми $(l:mana/sparks)искрами$(/l) типа «Доминирование» и «Рецессия», но всё же позволяет ей взаимодействовать с теми блоками, что способны принимать $(thing)ману$(0) через сеть $(l:mana/sparks)искр$(/l).	PASS		Текст читается естественно и соответствует английскому источнику.	230		
patchouli-lang:botania:botania.page.sparks0	sha256:294cbd9519b600c668e6db784d062658bfeeeeae50bed0ed16ab095e405427ba	$(item)Sparks$(0) are interesting things. Created from a combination of raw energy and $(thing)Mana$(0), they can be placed only on a few specific $(thing)Mana$(0)-containing or -accepting blocks (notably $(l:mana/pool)$(item)Mana Pools$(0)$(/l)).$(p)Certain blocks have the ability to harness $(thing)Mana$(0) from $(item)Sparks$(0), but as of now their uses are sparse.	$(item)Искры$(0) — это довольно занятные мистические конструкты, созданные из $(thing)маны$(0) и сырой энергии. $(item)Искры$(0) ставятся только над некоторыми определёнными блоками из всех, что хранят или принимают $(thing)ману$(0) (из примечательных — $(l:mana/pool)бассейн маны$(/l)).$(p)Другие блоки имеют возможность извлекать $(thing)ману$(0) из через $(item)искры$(0), правда на раннем этапе ими мало где можно воспользоваться.	PASS		Текст читается естественно и соответствует английскому источнику.	342		
patchouli-lang:botania:botania.page.sparks1	sha256:e9dfc539724ca1e5040a26521264d4b3ed94423daad20f6971031d3cb1decefa	Placing a $(item)Spark$(0) over a $(l:mana/pool)$(item)Mana Pool$(0)$(/l) and another over a nearby block that can accept it will allow the latter to access the former's reserves on demand.$(p)To remove a $(item)Spark$(0), simply sneak-right click it with a $(l:basics/wand)$(item)Wand of the Forest$(0)$(/l). Regular right-clicking will show which other $(item)Sparks$(0) this one can transfer to.	$(item)Искра$(0), установленная над $(l:mana/pool)бассейном маны$(/l), и другая над блоком, который сможет ею воспользоваться, даёт этому блоку удалённый доступ к $(item)бассейну маны$(0). Главное, чтобы блок стоял не слишком далеко.$(p)Чтобы снять $(item)искру$(0), нужно нажать [$(k:sneak)+$(k:use)] на неё, используя $(item)жезл леса$(0). Нажатие [$(k:use)] на $(item)искру$(0) покажет, с какими другими $(item)искрами$(0) она может обмениваться маной.	PASS		Текст читается естественно и соответствует английскому источнику.	340		
patchouli-lang:botania:botania.page.sparks2	sha256:79f9b2ce577930027a2695e8ccb29afe44feee890231992374261499292501d2	$(o)holds up spork$()	/\/\()]/[3LLIb [)47b 1(k|2`/ ??? (:	PASS		Текст читается естественно и соответствует английскому источнику.	35		
patchouli-lang:botania:botania.page.sparks3	sha256:c57a40de3e07a327462d3f6349797136d23cff3310eb40010e6a81a272d55b16	Sparks can be dyed with $(item)Dye$(0); sparks with different colors will never interact. They can also be splashed with a bit of $(l:misc/phantom_ink)$(item)Phantom Ink$(0)$(/l) to make them highly translucent (in case you think they look too obtrusive).	Искры окрашиваются $(item)красителями$(0); искры разных цветов не взаимодействуют. Искры могут быть покрыты $(l:misc/phantom_ink)фантомными чернилами$(/l) — это сделает их практически полностью прозрачными.	PASS		Текст читается естественно и соответствует английскому источнику.	169		
patchouli-lang:botania:botania.page.spawnerClaw0	sha256:0be46f2c5546aeb916eb5a4cac7f54d0ede1a400dd52a15774a4b4884849e7df	$(item)Monster Spawners$(0) are strange devices. They hold the ability to create life from thin air, but only when someone's nearby to witness their action.$(p)Thus, anyone wishing to exploit one of these oddities ends up tethered by necessity to the surrounding area.	$(item)Рассадники монстров$(0) — крайне необычные устройства. Они могут зарождать жизнь из ниоткуда, но эта способность проявляется лишь тогда, когда кто-то наблюдает за процессом.$(p)Это, разумеется, сильно ограничивает тех, кто хочет извлечь максимальную пользу из рассадников.	PASS		Текст читается естественно и соответствует английскому источнику.	264		
patchouli-lang:botania:botania.page.spawnerClaw1	sha256:dd25a2102026a18d58359124b1e0308112ccb5ddc0daa297908f0ea5a19b5309	A $(item)Life Imbuer$(0) is an alternative: when placed over a $(item)Monster Spawner$(0), it'll use $(thing)Mana$(0) (fed from a $(l:mana/spreader)$(item)Spreader$(0)$(/l)) to induce spawning in the absence of players.	Установив $(item)насыщатель жизни$(0) на верх $(item)рассадника монстров$(0) и подключив к нему $(l:mana/spreader)распространитель маны$(/l), рассадник сможет работать даже в отсутствии игрока поблизости.	PASS		Текст читается естественно и соответствует английскому источнику.	159		
patchouli-lang:botania:botania.page.spawnerClaw2	sha256:e8e334079314f1e9846ecd3a8f5e28210fdf27029b9a44c9697cec2d4be94a74	Just a little push	$(o)200 тысяч уже готовы, ещё миллион на подходе$()	PASS		Текст читается естественно и соответствует английскому источнику.	44		
patchouli-lang:botania:botania.page.spawnerMover0	sha256:041cea89378730e58313a0098849d37a7faee979c2397d9f0cb623564149792f	When a $(l:alfhomancy/elf_resources)$(item)Dragonstone$(0)$(/l), $(l:alfhomancy/elf_resources)$(item)Elementium$(0)$(/l), $(l:ender/ender_air)$(item)Ender Air$(0)$(/l), and $(l:alfhomancy/gaia_ritual)$(item)Gaia Spirits$(0)$(/l) are crafted in a specific pattern, they yield a device that can restrain the curious energies of a $(item)Monster Spawner$(0) and carry it to another point in space.$(p)Unfortunately, the device will shatter after being used once.	Объединив $(l:alfhomancy/elf_resources)драконий камень$(/l), $(l:alfhomancy/elf_resources)элементий$(/l), $(l:ender/ender_air)пузырьки с воздухом Энда$(/l) и $(l:alfhomancy/gaia_ritual)дух Гайи$(/l) на сетке создания, можно создать устройство, которое может захватывать и перемещать $(item)рассадники монстров$(0).$(p)Следует отметить, что устройство разрушится сразу же после материализации рассадника.	PASS		Текст читается естественно и соответствует английскому источнику.	263		
patchouli-lang:botania:botania.page.spawnerMover1	sha256:36bb90b2e04038e9c138d1d671a8c34fa02dc813ba25c0275a5698e27e39eb17	A spawner parcel	$(o)Рассадник — это последнее, что я ожидал найти в дамской сумочке$()	PASS		Текст читается естественно и соответствует английскому источнику.	63		
patchouli-lang:botania:botania.page.spectralPlatform0	sha256:b3d06c9ea0aba916e6701df4e812ea5222c5368d558fa9ca71030382d04ec6ac	The $(item)Spectral Platform$(0) is an $(l:devices/platform)$(item)Abstruse Platform$(0)$(/l) with even less presence-- in fact, no physical body whatsoever. The $(l:devices/platform)$(item)Abstruse Platform$(0)$(/l) is tangible in certain cases; the $(item)Spectral Platform$(0) is permeable to anything, regardless of its position.	$(item)Спектральная платформа$(0) — это аналог $(l:devices/platform)мудрёной платформы$(0). У неё вообще нет плотной структуры тела, хотя через неё ничего не видно. $(l:devices/platform)Мудрёная платформа$(0) хотя бы в одном случае будет осязаема, тогда как $(item)спектральная платформа$(0) всегда позволяет проходить сквозь вне зависимости от стороны. Одним словом — магия.	PASS		Текст читается естественно и соответствует английскому источнику.	303		
patchouli-lang:botania:botania.page.spectralPlatform1	sha256:ac3cfbed033606c17353804563fa5d365eacbab6ec1e156da3b707651f350766	This reminds me of a Puzzle	$(o)Думай платформами$()	PASS		Текст читается естественно и соответствует английскому источнику.	17		
patchouli-lang:botania:botania.page.spectranthemum0	sha256:faf678c305a916f53288fd173626f60d62330f421566bea0c2443317f97572e0	Long-distance item transport can be an arduous task; at some point, water channels and $(l:functional_flowers/daffomill)$(item)Daffomills$(0)$(/l) just won't cut it. The $(item)Spectranthemum$(0) uses $(thing)Mana$(0) to warp the fabric of reality around any items near it, teleporting them elsewhere in the world. Note that $(thing)Mana$(0)-containing items interfere with the warp and can't be teleported.	Транспортировка предметов на большие расстояния может быть тяжёлой задачей; использование $(item)воды$(0), $(item)льда$(0) и $(l:functional_flowers/daffomill)нарцельницы$(/l) не всегда помогает. $(item)Спектрантема$(0), используя $(thing)ману$(0), телепортирует предметы (не содержащие $(thing)ману$(0)) в указанное цветку место в мире.	PASS		Текст читается естественно и соответствует английскому источнику.	241		
patchouli-lang:botania:botania.page.spectranthemum1	sha256:da32608f8aecea6bcdcbeb1543f7e64260c0bc32ac38e33d46ec40595520becc	Note also that cost scales with the distance teleported-- single items can go over 2000 blocks, though your mana pools won't like it!$(p)To specify the destination of warped items, use a $(l:basics/wand)$(item)Wand of the Forest$(0)$(/l) in $(thing)Bind Mode$(0) to bind the flower to a location, the same way one would to a pool. To view what block the flower is bound to (as opposed to the pool it's pulling $(thing)Mana$(0) from), sneak while looking at it with a wand.	Чтобы указать, куда телепортировать предметы, достаточно привязать цветок к любому блоку с помощью $(l:basics/wand)жезла леса$(/l) в $(thing)режиме привязки$(0). Максимальный радиус для привязки — 2000 блоков, хотя такая телепортация очень сильно ударит по запасам $(thing)маны$(0). Чтобы посмотреть, к какому блоку привязан цветок, достаточно навестись на него $(l:basics/wand)жезлом леса$(/l) крадучись (на [$(k:sneak)]).	PASS		Текст читается естественно и соответствует английскому источнику.	347		
patchouli-lang:botania:botania.page.spectranthemum2	sha256:50e1f15eb8f193e3fe5c0722d659085983ffa6276597d3288c55040a8aef097c	This flower is bound by the $(thing)axiom of chunkloading$(0); i.e. it won't send items to unloaded chunks. This topic, however, is beyond the scope of this lexicon.	Этот цветок работает только при $(thing)прогрузке чанков$(0), т.е. не будет посылать предметы в выгруженные чанки. Это тема, однако, находится за рамками лексикона.	PASS		Текст читается естественно и соответствует английскому источнику.	152		
patchouli-lang:botania:botania.page.spectranthemum3	sha256:ebeff6b415a5ee8c4dd156ca1215af82aced4bf9263ff7d39887b713a4ed3558	$(o)(n)spooky(n+2)me$().	$(o)Думай порталами$()	PASS		Текст читается естественно и соответствует английскому источнику.	15		
patchouli-lang:botania:botania.page.spectrolus0	sha256:0cff593241a219d12f86b4809443c9d78d417beb72f72e5e167ed98827f913d0	The $(item)Spectrolus$(0) is a flower that's particularly fond of the various hues of $(item)Wool$(0). It'll consume any and all $(item)Wool$(0) blocks dropped nearby, converting them to $(thing)Mana$(0).$(p)However, it's picky as to what colors it wants. Starting from $(item)White$(0), after it eats one piece of $(item)Wool$(0), it'll rotate to the next color in the spectrum.	$(item)Спектролис$(0) — это цветок, особенно любящий разные цвета $(item)шерсти$(0). Он поглощает всю $(item)шерсть$(0), упавшую поблизости, и создаёт из неё $(thing)ману$(0).$(p)Однако он придирчив к тому, какие цвета он хочет. Он ест шерсть в очереди спектра цветов и надо начать с белого цвета. После белой шерсти, он захочет светло-серый, потом серый и так далее. Закончит он пурпурной, а затем розовой шерстью и перейдёт снова к белой.	PASS		Текст читается естественно и соответствует английскому источнику.	391		
patchouli-lang:botania:botania.page.spectrolus1	sha256:056e09359b513410a66fcbb3778be99b7eaaf40a724c2f59ad41238433ca7399	While it'll consume all $(item)Wool$(0) around it, it'll only create any mana if it gets the color it wants-- so haphazardly tossing $(item)Wool$(0) at it is wasteful at best.$(p)The color craves at any given moment can be seen by hovering over the flower with a $(l:basics/wand)$(item)Wand of the Forest$(0)$(/l).	В то время, как он потребляет любую $(item)шерсть$(0) вокруг, он будет создавать $(thing)ману$(0) только из цвета, который хочет. $(p)Цвет, который он хочет поглотить, можно увидеть, наведясь $(l:basics/wand)жезлом леса$(/l) на цветок.	PASS		Текст читается естественно и соответствует английскому источнику.	187		
patchouli-lang:botania:botania.page.spectrolus1.5	sha256:99aa9101985ec25c19ffe7f49052411f1558f658a0d5bda822a7bc98dfb81b9a	"The flower is widely known to consume refined wool, but you wonder what would happen if you gave it wool straight ""from the source""?..."	Этот цветок хорошо известен тем, что потребляет состриженную шерсть, но что, если вы дадите ему шерсть прямо «с источника»…?	PASS		Текст читается естественно и соответствует английскому источнику.	124		
patchouli-lang:botania:botania.page.spectrolus2	sha256:ee8a02a021df246cdd5198b81bb5f07c147ee2b127a33ec2d4e469d0c92c3c5b	$(o)Taste the Rainbow$().	$(o)Попробуй радугу$()	PASS		Текст читается естественно и соответствует английскому источнику.	15		
patchouli-lang:botania:botania.page.speedUpBelt0	sha256:3d82597a71cd22c3ab8534b575df243b68c0d20f0b3caf9eafcc0aa199c71c66	The $(item)Planestrider's Sash$(0) is an alternative to the $(l:baubles/travel_belt)$(item)Sojourner's Sash$(0)$(/l).$(p)Unlike its counterpart, it provides no speed boost by default-- however, the more its wearer moves, the faster they get, allowing them to hit truly ludicrous speeds. If its user stops running, however, their bonus is reset.	$(item)Кушак инертности$(0) — это альтернатива $(l:baubles/travel_belt)пояс странника$(/l).$(p)В отличии от$(l:baubles/travel_belt)пояса странника$(/l), $(item)кушак инертности$(0) увеличивает скорость передвижения не сразу, а постепенно, но достигает намного больших скоростей. Если остановиться, бонус ускорения будет сброшен.	PASS		Текст читается естественно и соответствует английскому источнику.	244		
patchouli-lang:botania:botania.page.speedUpBelt1	sha256:8b23e1bd67f7c6156360bb5724bae47c3b76457be8781eddf119f33c3ec14cc4	If you go slow you're a Planeswalker	$(o)Если для вас это «слишком быстро», то вам подойдёт пояс улитки$()	PASS		Текст читается естественно и соответствует английскому источнику.	62		
patchouli-lang:botania:botania.page.spellCloth0	sha256:504691e2f53028e094ecd08b7d17c8af708cbbef99612da2270f66fed7826aee	$(l:tools/manaweave)$(item)Manaweave Cloth$(0)$(/l), when combined with a $(l:mana/pool)$(item)Mana Pearl$(0)$(/l)'s displacive properties, can become a type of cloth that dispels all $(thing)Enchantments$(0) or $(thing)Curses$(0) it touches.$(p)Combining the $(item)Spellbinding Cloth$(0) with any enchanted item in a crafting table will remove all enchantments, including curses, from that item (at the cost of some of the cloth's durability).	$(l:tools/manaweave)Манаткань$(/l), соединённая с $(l:mana/pool)манажемчугом$(p), создаёт комбинацию, которая может поглотить любые $(thing)чары$(0). Казалось бы зачем, если есть $(item)точило$(0), но $(item)ткань снятия чар$(0), выложенная на верстаке с зачарованным предметом, снимает не только все чары, но и $(thing)проклятия$(0) тоже. Прочность ткани тратится при снятии чар.	PASS		Текст читается естественно и соответствует английскому источнику.	291		
patchouli-lang:botania:botania.page.spellCloth1	sha256:ee8213a9f86bf4c66a2e860ced5d8ff2342bc920be24ada74b1ec1ff7a879ad6	Oldest item in the book	$(o)Старейший предмет в книге трюков$()	PASS		Текст читается естественно и соответствует английскому источнику.	32		
patchouli-lang:botania:botania.page.spreader0	sha256:fdd90b91ad4f2e7785d64e7fe3ae09ca0beeabb4548152b4c3ce91f2ddf32bb8	The $(item)Mana Spreader$(0) is the single most important tool a botanist needs to manipulate $(thing)Mana$(0).$(p)This block shoots $(thing)Mana$(0) from point A to point B. It faces a cardinal direction when placed, but sneak-right clicking it with a $(l:basics/wand)$(item)Wand of the Forest$(0)$(/l) on a face points it elsewhere. It can be aimed at other blocks with a wand in $(thing)Bind Mode$(0).	$(item)Распространитель маны$(0) — это самый важный инструмент в процессе $(thing)управления маны$(0).$(p)Этот блок перемещает $(thing)ману$(0) из точки А в точку Б. При размещении он смотрит в одну из шести сторон света, и его можно развернуть в противоположную сторону нажатием [$(k:sneak)+$(k:use)] с $(l:basics/wand)жезлом леса$(/l). Распространитель может быть развёрнут ещё точнее жезлом в $(thing)режиме привязки$(0)	PASS		Текст читается естественно и соответствует английскому источнику.	333		
patchouli-lang:botania:botania.page.spreader1	sha256:e3f823859c54ecfde8b1cca930ac7bbbcbab56049d8b4a280e00688f3326b092	The $(item)Mana Spreader$(0), as seen with a $(l:basics/wand)$(item)Wand of the Forest$(0)$(/l) held	Интерфейс $(item)распространителя маны$(0) с $(l:basics/wand)жезлом леса$(/l) в руках	PASS		Текст читается естественно и соответствует английскому источнику.	53		
patchouli-lang:botania:botania.page.spreader10	sha256:236f6070b6d28960ad4ea00397264f79499ab9d2aee1f9c217279061cf1bffab	Right-clicking the spreader with a piece of $(item)Wool$(0) will sleeve it. In addition to making the spreader look fancier, it'll also muffle the sound when a burst is shot, reducing the potential noise of a large number of spreaders in one area.$(p)Right-clicking will remove the sleeve.	Распространитель можно покрыть нажатием [$(k:use)] с $(item)шерстью$(0) по нему. Шерсть не только придаёт забавный вид распространителю, но ещё и приглушает издаваемый им звук. Нажатие [$(k:use)] пустой рукой по нему снимет покрытие из $(item)шерсти$(0).	PASS		Текст читается естественно и соответствует английскому источнику.	216		
patchouli-lang:botania:botania.page.spreader11	sha256:040202154c788af33dbb24336762a76a6519d9ca29f3ec5a05cb9bb72d109d7d	Applying a $(thing)Redstone Signal$(0) to a spreader will pause its firing of bursts. If finer control is required, a $(l:mana/redstone_spreader)$(item)Pulse Mana Spreader$(0)$(/l) is recommended, as it fires upon a redstone signal in lieu of a target.	Аналогично, нажатие [$(k:use)] с $(item)подмостком$(0) окружит распространитель прочной рамкой. Это позволит ему поддерживать хрупкие компоненты редстоун-схем: кнопки и рычаги, со всех сторон, редстоуновую пыль, повторители, компараторы и тому подобное. Рамка также может удерживать воду вокруг распространителя.$(p)Нажатие [$(k:sneak)+$(k:use)] пустой рукой по нему снимет $(item)подмостки$(0).	PASS		Текст читается естественно и соответствует английскому источнику.	343		
patchouli-lang:botania:botania.page.spreader12	sha256:e54a25c9f2ccae64ce31d1dfffdbdfc45ed27552d17acdc2d883dfedf38b2eb9	Similarly, right-clicking it while holding $(item)Scaffolding$(0) will surround it in a sturdy frame. This allows it to support fragile redstone components like buttons and levers on all sides. Redstone dust, repeaters, and similar can also be placed on top of it. This also seems to allow the spreader to entirely contain water placed inside it.$(p)Right-click while sneaking to remove the scaffolding again.	Распространитель прекратит передачу маны, если получит $(thing)редстоун-сигнал$(0). Но для большего контроля подойдёт $(l:mana/redstone_spreader)редстоуновый распространитель$(/l), так как он испускает сгустки только при наличии редстоун-сигнала и не требует цели.	PASS		Текст читается естественно и соответствует английскому источнику.	220		
patchouli-lang:botania:botania.page.spreader2	sha256:0dd2b40b2fdb3f812e1a41d4ebe15f5e6d1f4aba1d244762abe7aca2ede597eb	The $(item)Mana Spreader$(0) has a small internal buffer of $(thing)Mana$(0), which will get filled by $(thing)Generating Flora$(0) bound to it. (Flowers, when placed, auto-bind to the nearest spreader.) This buffer can be viewed by hovering over the $(item)Spreader$(0) with a $(l:basics/wand)$(item)Wand of the Forest$(0)$(/l) in hand.	$(item)Распространитель маны$(0) имеет небольшой внутренний буфер $(thing)маны$(0), который может быть заполнен рядом стоящими $(l:generating_flowers/intro)генерирующими цветами$(/l) (размещаемые цветы автоматически привязываются к распространителю). Этот буфер можно увидеть, взяв $(l:basics/wand)жезл леса$(/l) в руку.	PASS		Текст читается естественно и соответствует английскому источнику.	242		
patchouli-lang:botania:botania.page.spreader3	sha256:95e78a65c8dcdb0d2802a32bcd68fbc407b34ec4fdc1ea60f228aafd38770b5e	Holding a $(l:basics/wand)$(item)Wand of the Forest$(0)$(/l) makes nearby spreaders display aiming beams. Hovering over a spreader highlights its target. The sparkles show where $(thing)Mana Loss$(0) begins to occur.$(p)As long as the target of the spreader can accept $(thing)Mana$(0) (that is, can contain $(thing)Mana$(0) and isn't full), the spreader will repeatedly fire $(thing)Mana Bursts$(0), which travel to their destination and transfer their $(thing)Mana$(0) to it.	Ещё, с $(l:basics/wand)жезлом леса$(/l) можно увидеть лучи направления распространителей; наведение на распространитель покажет его точную цель. Если цель распространителя $(thing)может принять ману$(0) (т.е. может хранить её и не переполнена ею), распространитель выстрелит $(thing)сгустком$(0), который отправится к цели и передаст ману в её буфер.	PASS		Текст читается естественно и соответствует английскому источнику.	305		
patchouli-lang:botania:botania.page.spreader4	sha256:ed74c98f81632c7d14029559589406c0626772f3010caee159587dc60b81514d	The spreader will only fire another burst when the last one hits its target.$(p)Furthermore, a $(thing)Mana Burst$(0) will start suffering $(thing)Mana Loss$(0) after a small amount of time: this can be seen in the burst's appearance, as it thins at that point.	Яркое сверкание в направлении выстрела показывает, где начнётся серьёзная $(thing)потеря маны$(0) сгустка. После этой точки, сгусток быстро истончается.$(p)Распространитель выстреливает новым сгустком только после того, как прошлый достигнет цели.	PASS		Текст читается естественно и соответствует английскому источнику.	231		
patchouli-lang:botania:botania.page.spreader5	sha256:0ddd25849eb74049f1562e58dd0097967a5a7df16313895468898b1913634275	Crafting the $(item)Mana Spreader$(0)	Создание $(item)распространителя маны$(0)	PASS		Текст читается естественно и соответствует английскому источнику.	30		
patchouli-lang:botania:botania.page.starSword0	sha256:7dd98a228d79688a596c5e8d4822f472df46ef6a2a5f0333579444bda20cce05	The $(item)Starcaller$(0) is a blade with the power to call upon the wrath of the stars. When swung, the blade summons a falling star from the heavens to the point the wielder is looking at, dealing damage to whatever stands there. This sword is nontrivial to acquire, with $(l:ender/ender_air)$(item)Ender Air$(0)$(/l) and a $(l:tools/terra_sword)$(item)Terra Blade$(0)$(/l) both being components in its crafting. Do note that any enchantments on the latter will be lost.	$(item)Звёздный меч$(0) — это клинок, способный вызывать гнев звёзд. Каждый взмах клинка вызывает падающую звезду с небес на место, куда смотрит владелец. Упавшая звезда наносит урон всем, кто стоял под ней. Этот меч не так легко заполучить: в его создании используются $(l:ender/ender_air)воздух Энда$(/l) и $(l:tools/terra_sword)терра-лезвие$(/l). Учтите, что любые чары на последнем будут потеряны.	PASS		Текст читается естественно и соответствует английскому источнику.	338		
patchouli-lang:botania:botania.page.starSword1	sha256:0b3aaf729645002acfbfee091398136beb484d848fa1891dfb5215aa6a305d80	Caller, fury, whatever...	$(o)«Меч», «ярость», неважно$()…	PASS		Текст читается естественно и соответствует английскому источнику.	25		
patchouli-lang:botania:botania.page.starfield0	sha256:b3517ddedc2d5f02a6b8f9b4f2dd42f3d8855fa661503b434e0150d112dbf00a	The $(item)Starfield Creator$(0) does exactly as its name suggests: at night, it releases Elven energies into the air to create a starry sky.	$(item)Творец созвездий$(0), выпуская эльфийскую энергию в воздух, создаёт звёздное небо в $(thing)Верхнем мире$(0) в ночное время.	PASS		Текст читается естественно и соответствует английскому источнику.	108		
patchouli-lang:botania:botania.page.starfield1	sha256:b96573cbd41322e14de5b5e4102c001993b0caeb1a217e6c050f8b82dd4ef851	Twinkle twinkle	$(o)Мерцай, мерцай, маленькая звёздочка$()	PASS		Текст читается естественно и соответствует английскому источнику.	35		
patchouli-lang:botania:botania.page.superCloudPendant0	sha256:ab96d2726022a7f91240acec008a80a6e4741f0d32ae29ab49d7987950dedb00	The $(item)Nimbus Amulet$(0) is an upgraded form of the $(l:baubles/cloud_pendant)$(item)Cirrus Amulet$(0)$(/l). Infused with the power of $(l:alfhomancy/gaia_ritual)$(item)Gaia Spirits$(0)$(/l), it allows its wearer to $(thing)triple-jump$(0).	$(item)Амулет дождевого облака$(0) — это улучшенная версия $(l:baubles/cloud_pendant)амулета перистого облака$(/l), заряженная силой $(l:alfhomancy/gaia_ritual)духа Гайи$(/l). Позволяет экипировавшему совершать $(thing)тройной прыжок$(0).	PASS		Текст читается естественно и соответствует английскому источнику.	152		
patchouli-lang:botania:botania.page.superCloudPendant1	sha256:10196885de6061c964e277ea55be763677f25e3b2a23f609d99215ccf5783c9d	Magic > physics	$(o)Магия > физика$()	PASS		Текст читается естественно и соответствует английскому источнику.	14		
patchouli-lang:botania:botania.page.superLavaPendant0	sha256:1f5118eaf48bed061c446f31a30a901d1f34115f14fdb085ed7b35fbae853381	The $(item)Crimson Pendant$(0) is an upgrade to the $(l:baubles/lava_pendant)$(item)Pyroclast Pendant$(0)$(/l). Wearing it provides the wearer full-on immunity to fire damage (from flames, lava, etc.)	$(item)Багровый кулон$(0) — это прямое улучшение $(item)пирокластического кулона$(0). При ношении, он даёт иммунитет ко всем видам огненного урона (огонь, лава и так далее).	PASS		Текст читается естественно и соответствует английскому источнику.	151		
patchouli-lang:botania:botania.page.superLavaPendant1	sha256:78514c5f6d30a44b557932043041f638cb801f031045d58f2935678377eca677	You can now take a lava bath	$(o)Теперь вы можете принять лавовую ванну$()	PASS		Текст читается естественно и соответствует английскому источнику.	38		
patchouli-lang:botania:botania.page.superTravelBelt0	sha256:4bd6df1c8c351599f9d92fa9c7fc478be307aa9afe5dcb00a4881cb8e32584ef	The $(item)Globetrotter's Sash$(0) is nothing more than an upgrade to the $(l:baubles/travel_belt)$(item)Sojourner's Sash$(0)$(/l). $(l:alfhomancy/gaia_ritual)$(item)Gaia Spirits$(0)$(/l) and $(l:alfhomancy/elf_resources)$(item)Elven resources$(0)$(/l) allow this belt's wearer (for some $(thing)Mana$(0), of course) to reach incredible speeds-- the $(l:baubles/travel_belt)$(item)Sojourner's Sash$(0)$(/l) doesn't even stand a chance in comparison.	$(item)Кушак пилигрима$(0) — это ничего более, чем просто улучшенный $(l:baubles/travel/belt)пояс странника$(/l). С эффектами от $(l:alfhomancy/gaia_ritual)духа Гайи$(0) и $(l:alfhomancy/elf_resources)эльфийских даров$(/l), этот кушак позволяет достигать носителю просто невероятных скоростей! Совершенно недостижимых с простым $(l:baubles/travel_belt)поясом странника$(/l).	PASS		Текст читается естественно и соответствует английскому источнику.	240		
patchouli-lang:botania:botania.page.superTravelBelt1	sha256:2678c543d630062752bb3b5bc310e9e31be88542f09e236749f31b0f65651853	No time for guessing, follow my plan instead	$(o)Хотите сбегаю до горы и обратно? Хотите повторю на бис?$()	PASS		Текст читается естественно и соответствует английскому источнику.	55		
patchouli-lang:botania:botania.page.swapRing0	sha256:f6e94c7188dcdc97b1422e417da364e4e7becec388a80e6cbebe48413d6f28db	Switching tools can be a pain, especially when you find yourself shoveling away at dirt with... an axe? The $(item)Ring of Correction$(0) is a great way to, well, correct those problems.$(p)With this ring equipped, the tool in hand will always be the right one for the block being broken, be it pick, axe, shovel, hoe, or shears. As long as you have the relevant $(thing)Mana$(0)-using tools on hand.	Необходимость постоянно переключать инструменты — это боль. Часто такое бывает, что вы копаете землю… киркой? Использование $(item)кольца исправления$(0) — отличное решение этой проблемы.$(p)При ношении, кольцо будет само менять инструменты в руках на нужные для добычи соответствующих блоков, но это будет работать только инструментами, использующими $(thing)ману$(0).	PASS		Текст читается естественно и соответствует английскому источнику.	342		
patchouli-lang:botania:botania.page.swapRing1	sha256:bf11ca4d76558e52980b7bf7aef2ab3f874305f7f66cdffb428ee0bc17db9206	Use the right tools	$(o)Используй только правильные инструменты$()	PASS		Текст читается естественно и соответствует английскому источнику.	39		
patchouli-lang:botania:botania.page.tangleberrie0	sha256:791258cec6a1a16731a32b9a5a2d4e43fb5376f70f22d0c8cd96143f9164163c	The $(item)Tangleberrie$(0) is a flower that, for a small $(thing)Mana$(0) drain, keeps any nearby animals or monsters within a circular ward, preventing them from getting out.	$(item)Путоягода$(0) питается небольшим количеством $(thing)маны$(0) и закрывает вокруг себя область, не давая далеко отойти животным и монстрам вокруг.	PASS		Текст читается естественно и соответствует английскому источнику.	129		
patchouli-lang:botania:botania.page.tangleberrie1	sha256:7019fa18167221c574966922ef36185e68a6e0a17eee2f962b1df1ae7745fe7b	$(o)Tangled, brave and frozen$().	$(o)Стоять, ковбой$().	PASS		Текст читается естественно и соответствует английскому источнику.	15		
patchouli-lang:botania:botania.page.temperanceStone0	sha256:870705b1680f30436817c3afd33c464b6e29968257df146cd05078cda22e28e8	The $(l:tools/terra_pick)$(item)Terra Shatterer$(0)$(/l) can tear through huge tracts of land like lightning when charged to its maximum potential; however, this might not always be the user's intention. A small, 3x3 region might be more fitting in certain cases; thus, an active $(item)Stone of Temperance$(0) in the inventory will prevent a $(l:tools/terra_pick)$(item)Terra Shatterer$(0)$(/l) from breaking any wider areas.	Полностью заряженный $(l:tools/terra_pick)терра-крушитель$(/l) может молниеносно разрывать огромные участки земли: пользователь может просто случайно вскопать не ту часть своего дом. Ограничение области работы $(l:tools/terra_pick)терра-крушителя$(/l) до небольшого туннеля 3×3 может быть предпочтительней в большинстве случаев, и активный $(item)камень сдержанности$(0) это и делает — ограничивает $(l:tools/terra_pick)терра-крушитель$(/l).	PASS		Текст читается естественно и соответствует английскому источнику.	352		
patchouli-lang:botania:botania.page.temperanceStone1	sha256:7213c2175cdc6306e0816a40979251017303c571409f24275a94c854e747697c	Don't lose it	$(o)Я на грани$()…	PASS		Текст читается естественно и соответствует английскому источнику.	11		
patchouli-lang:botania:botania.page.temperanceStone2	sha256:1601d6d2acb5cde31459f271f638428c5715d43204021c1c9842960e5b819d50	Other items may have effects that are slightly too powerful in certain situations as well. An active $(item)Stone of Temperance$(0) also turns off the $(l:tools/terra_axe)$(item)Terra Truncator$(0)$(/l), reduces the area affected by the $(l:tools/exchange_rod)$(item)Rod of the Shifting Crust$(0)$(/l), and prevents certain speed boosts, such as the one by the $(l:baubles/water_ring)$(item)Ring of Chordata$(0)$(/l).$(p)The stone can be toggled on/off by right clicking it, either in your inventory or your hand.	Хотя не только это: некоторые предметы тоже слишком мощны в некоторых случаях. Активный $(item)камень сдержанности$(0) отключает $(l:tools/terra_axe)терра-рассекатель$(/l), ограничивает область $(l:tools/exchange_rod)скипетра сдвига коры)$(/l), и отключает свойства ускорения некоторых предметов, как у $(l:baubles/water_ring)кольца хордовых$(/l).$(p)Камень может быть переключён нажатием [$(k:use)] по нему в инвентаре или с ним в руке.	PASS		Текст читается естественно и соответствует английскому источнику.	333		
patchouli-lang:botania:botania.page.terraAxe0	sha256:88014de52993640d5fb6f23c99368a3edcb14e1411a4bcd510622655ae504db5	The $(item)Terra Truncator$(0) is a greataxe of a premium quality achievable only with $(l:basics/terrasteel)$(item)Terrasteel$(0)$(/l). It can fell an entire tree at once, using $(thing)Mana$(0) to break all its logs and leaves in one fell swoop.$(p)It won't do so while its user is sneaking or has a $(l:tools/temperance_stone)$(item)Stone of Temperance$(0)$(/l).	$(item)Терра-рассекатель$(0) — это превосходный топор из невероятной превосходящей превосходности $(l:basics/terrasteel)террастали$(/l). Рассекатель, используя $(thing)ману$(0), может вмиг повалить всё дерево вместе с листьями. $(p)Можно удерживать [$(k:sneak)] или включить $(l:tools/temperance_stone)камень сдержанности$(0), если всё-таки не нужно валить всё дерево.	PASS		Текст читается естественно и соответствует английскому источнику.	273		
patchouli-lang:botania:botania.page.terraAxe1	sha256:f37054baff8fbab81af18c92f334f215dfebf30435cda38edfac05a72f10ea55	TIMBEEEEEEEER	$(o)Первый скилл и третий$()	PASS		Текст читается естественно и соответствует английскому источнику.	21		
patchouli-lang:botania:botania.page.terraPick0	sha256:bafb4904aeb11b6cd9e7b5514fc268f6af7808a250ffed24ef1b554a6e2f63f6	The $(item)Terra Shatterer$(0) is a tool that, thanks to the sheer quantity of $(l:basics/terrasteel)$(item)Terrasteel$(0)$(/l) in its recipe, can absorb absolutely ludicrous amounts of $(thing)Mana$(0).$(p)The tool functions very much like a $(l:mana/mana_tablet)$(item)Mana Tablet$(0)$(/l) when tossed on a $(l:mana/pool)$(item)Mana Pool$(0)$(/l). However, any $(thing)Mana$(0) absorbed can't be released again, so it's nonviable as a storage device.	$(item)Терра-крушитель$(0) — очень мощная кирка. Она может накопить безумное количество $(thing)маны$(0) из-за свойств $(l:basics/terrasteel)террастали$(/l), подобно тому, как $(l:mana/mana_tablet)планшет маны$(/l) накапливает $(thing)ману$(0). Однако, из крушителя нельзя вывести $(thing)ману$(0) назад.	PASS		Текст читается естественно и соответствует английскому источнику.	204		
patchouli-lang:botania:botania.page.terraPick1	sha256:ba399dfd4e7bb812c9baf2d7c0c8e143c73728228fa371e8995d28597bfdb6c0	The amount of $(thing)Mana$(0) stored in the tool establishes its $(thing)Rank$(0). Ranks progress as follows: $(thing)D$(0), $(thing)C$(0), $(thing)B$(0), $(thing)A$(0), $(thing)S$(0), and $(thing)SS$(0), with $(thing)D$(0) being the lowest rank and $(thing)SS$(0) the highest.$(p)The amount of $(thing)Mana$(0) required to advance from rank to rank increases exponentially as the rank does. To advance from $(thing)D$(0) to $(thing)C$(0), for starters, a Shatterer requires just a few seconds of exposure to a $(l:mana/pool)$(item)Mana Pool$(0)$(/l).	Количество $(thing)маны$(0) в крушителе определяет его $(thing)ранг$(0). Ранги (по возрастанию):$(li)$(thing)D$(0) (низший ранг);$(li)$(thing)C$(0);$(li)$(thing)B$(0);$(li)$(thing)A$(0);$(li)$(thing)S$(0);$(li)$(thing)SS$(0) (высший ранг).$(p).$(p)Количество $(thing)маны$(0), требуемое для перехода от ранга к рангу, растёт экспоненциально.	PASS		Текст читается естественно и соответствует английскому источнику.	195		
patchouli-lang:botania:botania.page.terraPick2	sha256:847021f164f2171183244bd91bf00cefd137aefeea38c3813d68788be6297b65	To advance from rank $(thing)C$(0) to rank $(thing)B$(0), a full $(l:mana/pool)$(item)Mana Pool$(0)$(/l) is required, and the cost increases tenfold for each rank thereafter up to $(thing)SS$(0).$(p)The rank of the tool does not change its speed; rather, it increases the range of its $(thing)Active Ability$(0).$(p)A sneak right-click will toggle the Shatterer's Ability on or off.	Повышение $(thing)D$(0) $(thing)C$(0) — пара секунд в бассейне; от $(thing)C$(0) до $(thing)B$(0) — целый $(l:mana/pool)бассейн маны$(/l); каждый новый уровень — в 10 раз больше прошлого, пока крушитель не дойдёт до $(thing)SS-ранга$(0).$(p)Ранг инструмента не изменяет его скорость, но увеличивает площадь $(thing)активной способности$(0).$(p)Активная способность переключается нажатием [$(k:sneak)+$(k:use)] по воздуху.	PASS		Текст читается естественно и соответствует английскому источнику.	304		
patchouli-lang:botania:botania.page.terraPick3	sha256:1657ab18d4b9473dddfd2a3717275cebe6b57c601aa8a0716670704bfb90b58b	When the Shatterer's Ability is active, it can break many blocks in a wide surface area at once. At rank $(thing)C$(0), it breaks a narrow column of blocks; at rank $(thing)B$(0), it increases to a square, and surface areas increase from there on upward. Note that the rank-$(thing)D$(0) tool does not have an ability. The Shatterer, when active, continuously consumes its internal $(thing)Mana$(0) when $(l)not$() mining.	Пока способность крушителя активна, он может ломать блоки в увеличенной площади. В ранге $(thing)C$(0) — это небольшая колона; в ранге $(thing)B$(0) — это квадрат 3х3; дальше — больше. У ранга $(thing)D$(0) нет способности$(p)Пока включена способность, $(thing)мана$(0) медленно утекает из крушителя $(l)даже если он не используется$().	PASS		Текст читается естественно и соответствует английскому источнику.	277		
patchouli-lang:botania:botania.page.terraPick4	sha256:3756958eb39ab934b20cd38035444b0a00173ba217ed4d4d7ab48a23eb5cb88a	The tool takes damage for every single block broken, so a decent supply of $(thing)Mana$(0) in the wielder's inventory is a must for higher ranks: the tool will use $(thing)Mana$(0) for durability (like $(l:tools/mana_gear)$(item)Manasteel Tools$(0)$(/l) do).$(p)Finally, a Shatterer on the ground will never despawn.	Так же, как и $(l:tools/mana_gear)инструменты из манастали$(/l), крушитель использует $(thing)ману$(0), чтобы не изнашиваться, но из-за того, что крушитель может ломать огромное количество блоков за очень короткий промежуток, нужно огромное количество $(thing)маны$(0).$(p)И последнее, выброшенный крушитель не исчезает спустя время, как обычные предметы.	PASS		Текст читается естественно и соответствует английскому источнику.	302		
patchouli-lang:botania:botania.page.terraPick5	sha256:e93c506eb640c27b9a440c47bb45440edfe8e2c0dd29e13c46d2379388a62178	WE'RE MINING IN THE DATABASE WOW WOW	$(o)Я ПРОБУРЮ ДЫРУ, ЧТО ПРОНЗИТ НЕБЕСА! ЭТО ДЫРА МОЖЕТ СТАТЬ МОЕЙ МОГИЛОЙ, НО ПОКА Я ПРОРЫВАЮСЬ ПОБЕДА ЗА МНОЙ$()!	PASS		Текст читается естественно и соответствует английскому источнику.	107		
patchouli-lang:botania:botania.page.terraSword0	sha256:9471aa89cafb8c66956e6c1feac04fc181e934313b16e5a2a0d4df97fcfe2831	The $(item)Terra Blade$(0), crafted from $(l:basics/terrasteel)$(item)Terrasteel Ingots$(0)$(/l), is a sword infused with the strength of nature. It's on par with a $(item)Netherite Sword$(0) in terms of raw power, and when swung, can sometimes fire a beam that will deal as much as a melee hit would. Additionally, it can use $(thing)Mana$(0) for durability, much like $(l:tools/mana_gear)$(item)Manasteel Tools$(0)$(/l) can.	$(item)Терра-лезвие$(0), созданное из $(l:basics/terrasteel)слитков террастали$(/l), — это меч, берущий свою мощь от природных сил в нём. Он столь же хорош, как $(item)незеритовый меч$(0), и при взмахе может запустить смертельный луч природной энергии. Так же, как и $(l:tools/mana_gear)инструменты из манастали$(/l), меч использует $(thing)ману$(0), чтобы не изнашиваться.	PASS		Текст читается естественно и соответствует английскому источнику.	287		
patchouli-lang:botania:botania.page.terraSword1	sha256:86d4ded72a6f2d09fa4834fdd27353e949e364f9cfcc43ff3f9b01676979921b	No Broken Hero Sword	$(o)Крайне уникальная механика и необычный дизайн, никто такого никогда не видел$()	PASS		Текст читается естественно и соответствует английскому источнику.	76		
patchouli-lang:botania:botania.page.terraformRod0	sha256:6f2fd0cdbae6a62c3b2e7b443ff9477daee57a04eb1e3d0774389c3346e7801e	While digging away at dirt with a shovel is definitely a functional means of landscaping, flattening huge tracts of land can get somewhat arduous.$(p)The $(item)Rod of the Terra Firma$(0), by contrast, terraforms in a quicker and environmentally-friendlier manner.	Лопатой $(o)можно$(0) выравнивать ландшафт, но тогда выравнивание больших участков земли займёт кучу времени.$(p)$(item)Скипетр терраформиста$(0) может выравнивать землю намного быстрее по времени и дружелюбнее к природе.	PASS		Текст читается естественно и соответствует английскому источнику.	198		
patchouli-lang:botania:botania.page.terraformRod1	sha256:ae460e9fa2a3c8544f04b94661c094d355fda8e00faf4d7fba6740425497a5d9	This rod, will, at a nontrivial cost of $(thing)Mana$(0) from the user's inventory, flatten surrounding land to your own altitude. For this to happen, charge it by $(thing)holding right-click$(0), and slowly but surely, the nearby terrain will be flattened to your level, either by placing $(item)Dirt$(0) or by removing blocks.	Этот скипетр за средние затраты $(thing)маны$(0) из инвентаря пользователя, выравнивает поверхность до высоту, где он стоит. Чтобы использовать его, надо $(thing)удерживать$(0) [$(k:use)] и медленно, но верно поверхность земли выровняется до высоты, где стоит пользователь, либо ставя блоки $(item)земли$(0), либо убирая их.	PASS		Текст читается естественно и соответствует английскому источнику.	281		
patchouli-lang:botania:botania.page.terraformRod2	sha256:82633e8dbf0e88d115bf9e37ce306d4b4ec2ede8d9b510badea831e61f08b70c	$(l)Blocks removed by the rod are non-recoverable.$()$(p)The terrain will adapt to the changes as best as it can (up to a distance limit) to avoid weirdly-shaped hills and so on. The flattening, thus, will follow the terrain's natural shape.$(p)Note that the rod will completely cease to function below sea level.	$(l)Будьте внимательны, блоки удалённые с помощью скипетра не восстанавливаются.$()$(p)Ландшафт будет изменяться самым лучшим образом на который скипетр способен. Чтобы не создавать странные холмы, ямы и подобное, скипетр следует природной форме земли.$(p)Скипетр $(l)не работает$() ниже уровня моря.	PASS		Текст читается естественно и соответствует английскому источнику.	278		
patchouli-lang:botania:botania.page.terraformRod3	sha256:773ff0fc3f827ce0f053d2c679bd73b17f96ea71cd905cf5cd14fd1d69d90ee2	Quite a justicar	$(o)Перемен — требуют наши сердца$()	PASS		Текст читается естественно и соответствует английскому источнику.	29		
patchouli-lang:botania:botania.page.terrasteel0	sha256:35fbb6d26f38a7a5a2fd63aff2253757cabab733d6fba6e66719bed0eb19669a	$(item)Terrasteel$(0) is a complex and useful magical alloy, infused with ridiculous amounts of $(thing)Mana$(0). Synthesizing it proves to be no small task. For starters, its creation requires a $(item)Terrestrial Agglomeration Plate$(0) placed over a checkerboard pattern of $(item)Lapis Lazuli Blocks$(0) and $(l:basics/pure_daisy)$(item)Livingrock$(0)$(/l) (or $(l:tools/rainbow_rod)$(item)Shimmerrock$(0)$(/l)). This block then needs to be provided with $(thing)Mana$(0), with $(l:mana/sparks)$(item)Sparks$(0)$(/l) being the most efficient mode of transfer.	$(item)Террасталь$(0) — это сложный и полезный магический сплав, сильно насыщенный $(thing)маной$(0). Для начала нужно создать $(item)теллурическую агломерационную пластину$(0) и поставить её на площадку из $(item)лазуритовых блоков$(0) и $(l:basics/pure_daisy)жизнекамня$(/l) (или $(l:tools/rainbow_rod)мерцающего камня$(/l)), расположенных в шахматном порядке. Также необходимо провести к этой пластине $(thing)ману$(0): лучше всего делать это с помощью $(l:mana/sparks)искр$(/l).	PASS		Текст читается естественно и соответствует английскому источнику.	350		
patchouli-lang:botania:botania.page.terrasteel1	sha256:60854842d36dd0680a1f63062ed0c4874eb902f5e5d8f5d668ea02a05ab9f756	Creating the plate	Создание $(item)плиты$()	PASS		Текст читается естественно и соответствует английскому источнику.	14		
patchouli-lang:botania:botania.page.terrasteel2	sha256:fc3018fa74b02a0701123575061d92994959bb0c4afb1daf5b28efb0148a44e2	After a plate is set up and ready to receive $(thing)Mana$(0), tossing one $(l:mana/pool)$(item)Manasteel Ingot, Mana Diamond and Mana Pearl$(0)$(/l) each upon the plate will begin the infusion.$(p)Picking up any of the items will halt the infusion, causing severe $(thing)Mana Loss$(0) (all mana transferred to the plate is lost). The infusion uses about half a $(l:mana/pool)$(item)Mana Pool$(0)$(/l)'s worth of Mana to create a single piece of $(thing)Terrasteel$(0); multiple $(l:mana/sparks)$(item)Sparks$(0)$(/l) passing it $(thing)Mana$(0) will accelerate the process.	Как только пластина готова принимать $(thing)ману$(0), надо по очереди бросить на неё $(l:mana/pool)манастальной слиток, манаалмаз и манажемчуг$(/l), и процесс наполнения начнётся. Наполнение остановится, если подобрать любой выкинутый на пластину предмет, $(thing)мана при этом теряется$(0). На создание одного $(thing)террастального слитка$(0) уйдёт ровно половина $(l:mana/pool)бассейна маны$(0); использование $(item)искр$(0) ускоряет наполнение $(thing)маной$(0).	PASS		Текст читается естественно и соответствует английскому источнику.	372		
patchouli-lang:botania:botania.page.terrasteel3	sha256:dfa446713e275b8c000698f7f933fd6eaec0519e3d65523492fca09d8fa0b6ba	Creating $(item)Terrasteel$(0) (there's $(l:basics/pure_daisy)$(item)Livingrock$(0)$(/l) under the plate)	Создание $(item)террастали$(0) (под пластиной — $(l:basics/pure_daisy)жизнекамень$(/l))	PASS		Текст читается естественно и соответствует английскому источнику.	49		
patchouli-lang:botania:botania.page.terrasteel4	sha256:41b4af823542daaf6c6210426d5f0f2e60ac24c9dea080cfaf4ce6e65d7f8333	T.A. Plate	$(thing)Площадка$(0), необходимая для работы теллурической агломерационной пластины	PASS		Текст читается естественно и соответствует английскому источнику.	71		
patchouli-lang:botania:botania.page.terrasteelArmor0	sha256:fc1011746d82c80a799c60ed7f4cd6c216db0f626ecc01507a8e2e0a85ce5f49	Armor made out of $(l:basics/terrasteel)$(item)Terrasteel$(0)$(/l), much like its $(item)Manasteel$(0)-based counterpart, can use $(thing)Mana$(0) from the inventory to heal damage.$(p)However, its properties are comparable more to $(item)Netherite$(0) armor than to $(item)Iron$(0).	Броня из $(l:basics/terrasteel)террастали$(/l) очень похожа на броню из $(l:mana/pool)манастали$(/l), тем, что поглощает $(thing)ману$(0) из инвентаря, чтобы не изнашиваться.$(p)Однако она имеет защитные свойства $(item)незеритового$(0) уровня, а не $(item)железного$(0).	PASS		Текст читается естественно и соответствует английскому источнику.	187		
patchouli-lang:botania:botania.page.terrasteelArmor1	sha256:dc1ef46e5d39785233d27fe3439c2cebe979099785013c892cdcc95871d8d31e	The $(item)Terrasteel Helmet$(0)	$(item)Террастальной шлем$(0)	PASS		Текст читается естественно и соответствует английскому источнику.	18		
patchouli-lang:botania:botania.page.terrasteelArmor2	sha256:98fe99d2d4f5dba63e0b3273ded4456eb7e8694fba4a75d955217f0209e98dc0	The $(item)Terrasteel Chestplate$(0)	$(item)Террастальной нагрудник$(0)	PASS		Текст читается естественно и соответствует английскому источнику.	23		
patchouli-lang:botania:botania.page.terrasteelArmor3	sha256:33985c1e4b92d579cb1c96a5f7ad69b3c125bd0abcf9feb3630ff9b44d9833ca	The $(item)Terrasteel Leggings$(0)	$(item)Террастальные поножи$(0)	PASS		Текст читается естественно и соответствует английскому источнику.	20		
patchouli-lang:botania:botania.page.terrasteelArmor4	sha256:d004d6fef0fbe471fb89ab9123849f09ad59983a1df5ac10c1d4f9b0e6598fa0	The $(item)Terrasteel Boots$(0)	$(item)Террастальные ботинки$(0)	PASS		Текст читается естественно и соответствует английскому источнику.	21		
patchouli-lang:botania:botania.page.teruTeruBozu0	sha256:685541816dc1c6f96183e1e371bfb68fc493bb6dad5bfe12225b4e4a1ae3f26f	$(item)Teru Teru Bozu$(0) are amulets that ward away bad weather. Simply crafting one of these and placing it in the world will decrease the durations of $(thing)Rain-$(0) and $(thing)Snowstorms$(0). During bad weather, offering it (via right-click or throw) a $(item)Sunflower$(0) will make the sun return. Attaching a $(item)Redstone Comparator$(0) to one of these allows it to detect bad weather.	$(item)Тэру-тэру-бодзу$(0) известны как куклы-амулеты, приносящие хорошую погоду. Создание куклы и размещение её в мире уменьшит обычную длительность $(thing)дождя$(0) или $(thing)снегопада$(0). Кукла поможет вернуть солнце в плохую погоду, если дать ей $(item)подсолнух$(0) (бросив его кукле или нажав по ней [$(k:use)]). $(item)Редстоуновый компаратор$(0) считывает, плохая погода (1) или нет (0), если подключить его к кукле.	PASS		Текст читается естественно и соответствует английскому источнику.	363		
patchouli-lang:botania:botania.page.teruTeruBozu1	sha256:52e537250e69719844cd0cd232eda79eb5b28e1bfb9a460bc0ed30b80bcc5626	What makes the Sunflower so special, anyway?	$(o)Что делает подсолнух таким особенным$()?	PASS		Текст читается естественно и соответствует английскому источнику.	37		
patchouli-lang:botania:botania.page.teruTeruBozu2	sha256:f6fe7a5a14fa58d27cb0458aabec3f498e165edb5ecc8995996e03fcf18e7024	While $(item)Teru Teru Bozu$(0) love $(item)Sunflowers$(0), offering a $(item)Blue Orchid$(0) may put a dampener on both their mood and the weather.	$(item)Тэру-тэру-бодзу$(0) обожают $(item)подсолнухи$(0), а вот $(item)синяя орхидея$(0) их расстраивает и ухудшает погоду.	PASS		Текст читается естественно и соответствует английскому источнику.	90		
patchouli-lang:botania:botania.page.thermalily0	sha256:a08ad7c4ba751d29aea29c0e091b73662a461166d88ed9b2e36ad47bff383e47	The $(item)Thermalily$(0) is a $(item)Lava$(0)-flavoured counterpart to the $(l:generating_flowers/hydroangeas)$(item)Hydroangeas$(0)$(/l). The flower absorbs $(item)Lava$(0) around it (at the same altitude) to generate $(thing)Mana$(0).$(p)After absorbing one block of $(item)Lava$(0), the flower will produce $(thing)Mana$(0) continually for around 30 seconds. Afterwards, though, it needs a bit of time to cool down before it can produce any more.	$(item)Теплолилия$(0) является аналогом $(item)водогортензии$(0). Вместо воды, она поглощает $(item)лаву$(0) из области 3×3 вокруг себя на той же высоте, и создаёт $(thing)ману$(0).$(p)После поглощения $(item)лавы$(0) цветок будет создавать ману около 30 секунд. После этого потребуется ещё немного времени, чтобы цветок остыл.	PASS		Текст читается естественно и соответствует английскому источнику.	267		
patchouli-lang:botania:botania.page.thermalily1	sha256:122542f4139dddb219986df2feb83d6086fd86202a25876cbaa42b5c47758db0	As temperamental as its drink of choice, though, it tends to randomly vary how long a cooldown period lasts-- anywhere from 20 seconds to a full 5 minutes!$(p)You can tell how long its most recent cooldown period lasts with a $(item)Redstone Comparator$(0): twenty seconds for each level of strength.	Настолько же хаотичная, как и её напиток, $(item)теплолилия$(0) может случайным образом изменять продолжительность периода восстановления — от 20 секунд до 5 минут!$(p)Вы можете определить, сколько времени продлится её текущее восстановление — $(item)редстоуновый компаратор$(0) выдаёт сигнал силы, зависимой от времени: 1 уровень на 20 секунд.	PASS		Текст читается естественно и соответствует английскому источнику.	318		
patchouli-lang:botania:botania.page.thermalily2	sha256:507c42f622d66d08f2597e70b916384fcb6ea6e919562da6ad2eab4d54adbbe0	"The $(thing)Mana$(0) throughput the $(item)Thermalily$(0) produces during its active phase is extremely high; it's an ideal flower for a quick boost in stores.$(p)However, during its ""cooldown"" period, any adjacent $(thing)Lava$(0) will be absorbed and reset the cooldown without yielding any $(thing)Mana$(0)."	Количество $(thing)маны$(0), которое создаёт $(item)теплолилия$(0) в течение своей активной фазы, чрезвычайно велико; очень полезно, когда нужен резкий прирост $(thing)маны$(0) для хранилища.$(p)Стоит учитывать, что во время фазы охлаждения, любая $(item)лава$(0) поблизости будет дальше поглощаться $(item)теплолилией$(0), но уже впустую.	PASS		Текст читается естественно и соответствует английскому источнику.	278		
patchouli-lang:botania:botania.page.thermalily3	sha256:045517b02886ab272cefc264ff18fa57e8f3be5e2cb5b22934d1a057837eea4f	"While placing $(item)Lava$(0) in the world is definitely possible via $(item)Dispensers$(0), automatically gathering it and carrying it from the $(thing)Nether$(0) or deep underground is not.$(p)As such, the $(item)Thermalily$(0) is classified as a ""semi-automatable"" flower."	Хотя можно $(item)лаву$(0) можно разливать $(item)раздатчиками$(0), но автоматически собирать и переносить её из $(thing)Незера$(0) или глубин мира — нет…$(p)«Таким образом, $(item)теплолилия$(0) классифицируется как «полуавтоматизируемый» цветок» — раньше это действительно было так, но мир давно изменился и в нём стал появляться $(item)капельник$(0), так что возможности для автоматизации цветка стали чуть шире.	PASS		Текст читается естественно и соответствует английскому источнику.	355		
patchouli-lang:botania:botania.page.thermalily4	sha256:c6e74b950cf484b2f9cae167f2ad4b9362ac56603e0df55878fbf470b822003a	$(o)The hardest flower in the game$().	$(o)Самый сложный цветок в игре$()	PASS		Текст читается естественно и соответствует английскому источнику.	27		
patchouli-lang:botania:botania.page.thirdEye0	sha256:bb171f9229685ba1ec73d3de727dbdfa87609c03f0358f06bcb89ef6de1b49d5	The $(item)Third Eye$(0) is an sensory aid of sorts. When worn in the $(thing)Body$(0) slot, it uses $(thing)Mana$(0) to cause nearby mobs to glow, making them visible even through walls.	$(item)Третий глаз$(0) — это инструмент разведки. Если носить его в слоте $(thing)аксессуаров «Тело»$(0), за небольшое количество $(thing)маны$(0) он будет подсвечивать ближайших мобов, что позволяет видеть их сквозь стены.	PASS		Текст читается естественно и соответствует английскому источнику.	188		
patchouli-lang:botania:botania.page.thirdEye1	sha256:66939cf3774d9bc5cbdf9160b5a715ed84f91c41772d143286c21d7d61f1e735	Read their positions, not their minds	$(o)Читайте их передвижения, а не мысли$()	PASS		Текст читается естественно и соответствует английскому источнику.	35		
patchouli-lang:botania:botania.page.thorRing0	sha256:f1550171bc2dcadc040f8cf9160d518f2632c49aff5e012d740c02a3c4d755cc	One of the three mythical rings of the $(thing)Aesir$(0), the $(item)Ring of Thor$(0) bestows upon its wearer the might of the Thunder God. When equipped, it dramatically increases a $(l:tools/terra_pick)$(item)Terra Shatterer$(0)$(/l)'s area of effect.	Одно из трёх мифических колец $(thing)асов$(0), $(item)кольцо Тора$(0), наделяет своего носителя силой бога грома. При ношении, оно значительно увеличивает область действия $(l:tools/terra_pick)терра-крушителя$(/l).	PASS		Текст читается естественно и соответствует английскому источнику.	166		
patchouli-lang:botania:botania.page.thornChakram0	sha256:ae379743d2b739e0c27772b8e9957849db0a3c2dab2fda62971e4e78ae3933b1	The $(item)Thorn Chakram$(0) is a thrown weapon crafted from $(l:basics/terrasteel)$(item)Terrasteel$(0)$(/l) and plant matter. When thrown, a chakram pierces through enemies, dealing damage with a chance to leave behind poison. It bounces off blocks, and returns to its thrower after about three seconds like a boomerang.$(p)Up to 6 $(item)Thorn Chakrams$(0) can be stacked together, making them deadly in closed spaces.	$(item)Шипастый чакрам$(0) — это метательное оружие из $(l:basics/terrasteel)террастали$(/l) и растительных материалов. Летящий чакрам пронзает врагов, может наложить отравление, отскакивает от блоков и возвращается обратно метателю, как бумеранг.$(p)В один слот можно сложить до 6 $(item)шипастых чакрамов$(0), а отскоки делают их смертельно опасными в замкнутых пространствах.	PASS		Текст читается естественно и соответствует английскому источнику.	325		
patchouli-lang:botania:botania.page.thornChakram1	sha256:bcc29b9179bbbd63bfd14eb537abc237cb48f7117251e18a690d9f87ec145855	Spores and stingers	$(o)Споры и жала$()	PASS		Текст читается естественно и соответствует английскому источнику.	12		
patchouli-lang:botania:botania.page.thunderSword0	sha256:1a7a32d567cdcd00a6b1864a3691fb1d2a04bf0c8dcafe405b7e014cf4b903cf	The $(item)Thundercaller$(0) is a dual-pronged sword with the ability to conjure lightning. Crafted from materials like a $(l:tools/terra_sword)$(item)Terra Blade$(0)$(/l) and $(l:ender/ender_air)$(item)Ender Air$(0)$(/l), it sacrifices the power of long-ranged attacks for the power to zap multiple targets in one stroke.$(p)An attack from the $(item)Thundercaller$(0), in a crowd, will generate a chain of lightning that zaps nearby hostile mobs.	$(item)Громовой меч$(0) — это двухклинковый короткий меч, способный вызывать разряды. Созданный из $(l:tools/terra_sword)терра-лезвия$(/l) и $(l:ender/ender_air)воздуха Энда$(/l), он жертвует мощью дальнобойных атак ради возможности поражать молнией группу целей за один удар.$(p)Атака $(item)громового меча$(0) в толпе создаёт цепь молний, поражающую ближайших враждебных мобов. Учтите, что чары на $(l:tools/terra_sword)терра-лезвии$(/l) исчезнут при улучшении в $(item)громовой меч$(0).	PASS		Текст читается естественно и соответствует английскому источнику.	373		
patchouli-lang:botania:botania.page.thunderSword1	sha256:8ffce4971e056587474b5e32d3e1bc92da4aba2442ef0f8b08dbe61926d98fb4	Blessed Blade of the Trade Chat	$(o)[Громовой меч, благословенный клинок Искателя Торгового Чата]$()	PASS		Текст читается естественно и соответствует английскому источнику.	61		
patchouli-lang:botania:botania.page.tigerseye0	sha256:f68117569443bdbbab57f7adf0c2bd30d158544d22ce53019d7fe5b8bb24612b	It's a known fact that $(thing)Creepers$(0) are terrified of $(thing)cats$(0).$(p)The $(item)Tigerseye$(0) exploits that fact, emitting a feline aura to petrify any nearby $(thing)Creepers$(0) and preventing them from exploding. As a side-effect, it makes them flee nearby $(thing)players$(0).	Всем известно, что $(thing)криперы$(0) боятся $(thing)кошек и оцелотов$(0).$(p)$(item)Тигроглаз$(0) использует эту слабость и, излучая кошачью ауру, останавливает ближайших $(thing)криперов$(0), не давая им взорваться. $(item)Тигроглаз$(0) дополнительно окружает кошачьей аурой и самих $(thing)ботаников$(0).	PASS		Текст читается естественно и соответствует английскому источнику.	234		
patchouli-lang:botania:botania.page.tigerseye1	sha256:1dd0150bb1ac20afdff136b01dae29444bd6632c47426b36bab174306d6384b4	$(o)Risin' up to the challenge of our rivals$().	$(o)Отвечаем на вызов наших соперников$()	PASS		Текст читается естественно и соответствует английскому источнику.	34		
patchouli-lang:botania:botania.page.tinyPlanet0	sha256:0c345c10448c78c66a6d6c13087e33f7c5c682bdccd0039434c0e0c33b646e0d	The $(item)Tiny Planet$(0) is a $(thing)Trinket$(0) with gravitational properties. When equipped, it pulls nearby $(thing)Mana Bursts$(0) into orbits around its wearer.$(p)By increasing its mass with some $(item)Stone$(0), it can also be placed as a block for the same effect.	$(item)Крошечная планета$(0) — это $(thing)аксессуар$(0) с выраженными гравитационными свойствами. Когда планета экипирована, она притянет ближайшие $(thing)сгустки маны$(0) к игроку, и будет двигать их по орбите вокруг игрока.$(p)Увеличив массу крошечной планеты на верстаке с помощью $(item)камня$(0), можно разместить её в мире, её эффект при этом не изменится.	PASS		Текст читается естественно и соответствует английскому источнику.	314		
patchouli-lang:botania:botania.page.tinyPlanet1	sha256:e95c20cba28c1000dad76b6fc34ea2a43eeba117745ab88220639fc4f203404a	Clearly from rebirth	$(o)+ Дальность полёта слёз$()	PASS		Текст читается естественно и соответствует английскому источнику.	23		
patchouli-lang:botania:botania.page.tinyPlanet2	sha256:24550200173ccbbb2e02779a0a48e722fe79d2f46245ca20246c608e52ee0961	More of a planet than Pluto	$(o)Плутон завидует её статусу$()	PASS		Текст читается естественно и соответствует английскому источнику.	26		
patchouli-lang:botania:botania.page.tinyPotato0	sha256:975aaa51cfca80522cf24b7edd6dd3730ce857df173ee4f7a53246e6770f0b3b	It's a tiny potato! It believes in you!$(p)No. Really, that's it. A $(item)Potato$(0), thrown into a $(l:mana/pool)$(item)Mana Pool$(0)$(/l), gains a little spark of life and joy. The $(item)Tiny Potato$(0) is lively, but patting it with a right-click will make it even more so!$(p)A Potato can also be named in an $(item)Anvil$(0).	Это крошка-картошка! Она верит в вас!$(p)Нет, правда, это всё. $(item)Картофель$(0), брошенный в $(l:mana/pool)бассейн маны$(/l), обретает искру жизни и радости. $(item)Крошка-картошка$(0) полна веселья, но поглаживание нажатием [$(k:use)] сделает её жизнь ещё ярче!$(p)Крошке-картошке можно дать имя на $(item)наковальне$(0).	PASS		Текст читается естественно и соответствует английскому источнику.	258		
patchouli-lang:botania:botania.page.tinyPotato1	sha256:9ed282dafb9cabd831b759a900b7044a4763ac1aa9cef0072192a016ab4d34e7	Believe in it, who believes in you	$(o)Верьте в неё, как она верит в вас$()	PASS		Текст читается естественно и соответствует английскому источнику.	33		
patchouli-lang:botania:botania.page.tinyPotato2	sha256:873f2cbf7559947b5a9f4dbbfdd339ee5924ea5c8c6233120ddc6bcb5842e2a3	The potato can be given items (with right-click) to hold; one item per side of the Potato. (Items placed on its bottom face will show up on the lower half of the Potato's front.)$(p)Unfortunately, potatoes aren't exactly known for their dexterity, so some items may look out of place when held. (And that's okay.)	Картошечке можно давать предметы (нажатием [$(k:use)] по ней). Она может держать по предмету на каждой стороне; если дать предмет конкретно её нижней стороне, то он будет отображаться чуть ниже лица крошки-картошки.$(p)Картошечки не славятся своей ловкостью, поэтому некоторые предметы на них могут выглядеть комично. И знаете, это нормально! :)	PASS		Текст читается естественно и соответствует английскому источнику.	333		
patchouli-lang:botania:botania.page.tornadoRod0	sha256:dc7b2d085f5da784c081a75e61a22bc9bf9c040f2d68ab1614d50c7a93cd7e0b	The $(item)Rod of the Skies$(0) uses $(thing)Mana$(0) to launch its user high in the air.$(p)To use it, simply right-click with it and watch yourself soar.$(p)The rod, after usage, will briefly enter a mode where it negates fall-damage, keeping its user safe.	$(item)Скипетр небес$(0) использует $(thing)ману$(0), чтобы запустить пользователя высоко в воздух. Использовать его можно нажатием [$(k:use)].$(p)После срабатывания, скипетр сразу перейдёт в режим защиты от падения, чтобы пользователь не умер разбившись.	PASS		Текст читается естественно и соответствует английскому источнику.	220		
patchouli-lang:botania:botania.page.tornadoRod1	sha256:671ba8c286f77922a720f49db1875fd13370cd439bebb4f2f52e8b52819eed1e	A treasure from Lorule	$(o)Сокровище из Лорулы$()	PASS		Текст читается естественно и соответствует английскому источнику.	19		
patchouli-lang:botania:botania.page.tornadoRod2	sha256:f641e7acb9caf0f03491c13d2b0181e6e8968b3b8bd31d67476dcd15c7529c0e	This rod can be given to a $(l:devices/avatar)$(item)Livingwood Avatar$(0)$(/l). When so given, an avatar will use its $(thing)Mana$(0) to launch any players that jump near the avatar as if they'd used the rod themselves.$(p)While gliding with $(item)Elytra$(0), using this rod will grant a small boost similar to a $(item)Firework$(0). An avatar holding the rod provides a greater boost to players gliding nearby.	Этот скипетр может быть дан $(l:devices/avatar)жизнедеревянному идолу$(/l). Используя свой запас $(thing)маны$(0), идол с этим скипетром запустит любого игрока ввысь, который прыгнет рядом. Использование скипетра с элитрами имитирует запуск фейерверка. Идол применяет этот эффект на всех летающих игроков рядом.$(p)Любых идолов можно отключить подачей редстоун-сигнала.	PASS		Текст читается естественно и соответствует английскому источнику.	329		
patchouli-lang:botania:botania.page.travelBelt0	sha256:43e63b8a0ea07a8d6f761274c642984ab9867e859a84b0171a9a41c4e02240f6	Traversing lots of terrain sometimes proves to be a hassle. The $(item)Sojourner's Sash$(0) is a $(thing)Belt$(0) that, when worn, uses a trickle of $(thing)Mana$(0) to buff its wearer's movement speed, jump height, and fall-damage resistance. It also allows a non-sneaking wearer to step up one-block-high gaps as if they were stairs.	Путешествие по местности с сильными перепадами без транспорта может занимать огромную кучу времени, но $(item)пояс странника$(0) относительно решает эту проблему. Экипировав его в слот $(thing)аксессуаров «Пояс»$(0), он повысит вашу скорость передвижения, высоту прыжка и снизит урон от падения.$(p)Наконец, если не красться (на [$(k:sneak)]), пояс повышает высоту шага и позволяет подниматься на высоту в один блок без прыжка, как если бы там стояла ступенька.	PASS		Текст читается естественно и соответствует английскому источнику.	424		
patchouli-lang:botania:botania.page.travelBelt1	sha256:10e6dc21e0b7e42f1e7eca45ca5230b24bb8a78a2e3965d0a3718e82c91c408b	...everell	$(o)Кругосветное путешествие за 80 миллионов шагов$()	PASS		Текст читается естественно и соответствует английскому источнику.	46		
patchouli-lang:botania:botania.page.turntable0	sha256:c874bd4b3d2bebeb3fee4f5eca909f742c9a80e4d8d7369c01628cfb7b470fbf	The $(item)Spreader Turntable$(0), as its name implies, continually rotates a $(l:mana/spreader)$(item)Mana Spreader$(0)$(/l) placed upon it. Placing a spreader on a turntable will set it spinning; a redstone signal pauses its spin.$(p)To change the speed of a turntable, right-click it with a $(l:basics/wand)$(item)Wand of the Forest$(0)$(/l); sneak-right clicking it will change its direction.	$(item)Поворотный стол распространения$(0) предназначен для вращения $(l:mana/spreader)распространителей маны$(/l). Размещение распространителя на поворотный стол, сразу начнёт вращаться; редстоун-сигнал остановит вращение.$(p)Для изменения скорости вращения, возьмите $(l:basics/wand)жезл леса$(/l) и нажмите [$(k:use)]; [$(k:sneak)+$(k:use)] для инверсии вращения.	PASS		Текст читается естественно и соответствует английскому источнику.	281		
patchouli-lang:botania:botania.page.turntable2	sha256:41447a64641d466fcb8781258ff9b37c7694ae22a35976636865a535d66f731c	Similarly, a $(item)Dispenser$(0) with a $(l:basics/wand)$(item)Wand of the Forest$(0)$(/l) from the side will change the speed, and one from the bottom will change the direction.	$(item)Раздатчик$(0), с $(l:basics/wand)жезлом леса$(/l) внутри, может менять скорость, когда стоит сбоку стола, или менять направление, когда стоит под столом.	PASS		Текст читается естественно и соответствует английскому источнику.	128		
patchouli-lang:botania:botania.page.vinculotus0	sha256:3ca093b003127d64e25d63c160eb239e348f132b967bb4be1c6cf5ab37b15ad2	The $(item)Vinculotus$(0) uses $(thing)Mana$(0) to hijack the powers of any $(thing)Enderman$(0) within a large radius around it. Whenever an $(thing)Enderman$(0) attempts a teleport within said radius, it's instead forced to the location of the $(item)Vinculotus$(0).	$(item)Центротос$(0) перехватывает контроль над телепортационными способностями $(thing)эндерменов$(0) в большом радиусе используя $(thing)ману$(0). Всякий раз, как $(thing)эндермен$(0) попытается куда-либо телепортироваться, его перетянет в местоположение $(item)центротоса$(0).	PASS		Текст читается естественно и соответствует английскому источнику.	221		
patchouli-lang:botania:botania.page.vinculotus1	sha256:e1890b311b91cc4a0a74552b4fdf737596213735c0ed36f628d35b6351936c2f	$(o)Touch this black lotus with your fingers$().	$(o)Эй, что за психопат там в небесах топчет небеса$()?	PASS		Текст читается естественно и соответствует английскому источнику.	48		
patchouli-lang:botania:botania.page.vineBall0	sha256:1ac74807ae5548c3995bcf237056449b7a99c8d7281410bc5fb525bd550fbfd3	$(item)Ladders$(0) can't support their own weight; they require supporting blocks. $(item)Vines$(0) don't, but aren't strong enough to be climbable by pushing towards them; you'll just end up walking right through them instead.$(p)On the other hand, when a bunch of $(item)Vines$(0) are balled up, they yield a throwable item that creates a climbable string of strong $(item)Vines$(0) on impact.	$(item)Лестница$(0) не может висеть без опоры, а $(item)лоза$(0) может. Тем не менее, обычно $(item)лозы$(0) недостаточно прочны, для того чтобы по ним можно было подняться, пока они свободно висят.$(p)Связав кучу $(item)лоз$(0), можно создать метательный шар, раскрывающийся в $(thing)прочную$(0) лестницу из $(item)лозы$(0) в месте попадания.	PASS		Текст читается естественно и соответствует английскому источнику.	273		
patchouli-lang:botania:botania.page.vineBall1	sha256:333e71d5439db3383d553a95d0046f22c8d6ac1b8d56d323ef6046c1ae157350	Combining some $(item)Livingwood Twigs$(0) with a $(item)Rune of Air$(0) yields a slingshot that lets these $(item)Vine Balls$(0) ignore gravity entirely.	Из $(l:basics/pure_daisy)жизнедерева$(/l) и $(l:basics/rune_altar#rune)руны воздуха$(/l) можно соорудить рогатку, стреляющую только $(item)шарами из лозы$(0), но шар будет полностью игнорировать гравитацию.	PASS		Текст читается естественно и соответствует английскому источнику.	136		
patchouli-lang:botania:botania.page.vineBall2	sha256:3494abb1fc31d01d4db56c0c3e1898f3ec68d67498c3fa326e946dd916e44901	This would be in Vineacraft...	$(o)Главная механика игры «Лозакрафт»$()…	PASS		Текст читается естественно и соответствует английскому источнику.	34		
patchouli-lang:botania:botania.page.vineBall3	sha256:18b17ad63543661d630faa9945b977d137d54e4ea6644c81f36d583ba7421053	...if that actually existed.	…$(o)если бы такая существовала$()	PASS		Текст читается естественно и соответствует английскому источнику.	27		
patchouli-lang:botania:botania.page.virus0	sha256:54168e56eafd6b64320612879041b6699770046341c792c0cd2c723ce68e8621	Combining certain ingredients can create a type of virus that alters the genetic makeup of equestrian life.$(p)Using one of these viruses on a $(thing)Horse$(0) will alter its genetic code, transforming it into a $(thing)Zombie$(0) or $(thing)Skeleton Horse$(0) and vastly augmenting the $(thing)Horse$(0)'s abilities in the process.	Смешав определённые ингридиенты, можно создать $(item)вирус$(0), способный изменить геном лошадей.$(p)Вирус, использованный на $(thing)лошади$(0), превратит её либо в $(thing)лошадь-зомби$(0), либо в $(thing)лошадь-скелета$(0) — в зависимости от типа вируса. Процесс трансформации улучшит все физические характеристики $(thing)лошади$(0).	PASS		Текст читается естественно и соответствует английскому источнику.	275		
patchouli-lang:botania:botania.page.virus1	sha256:55fc88f806e183c0f9f9d4ab907161b8c4540abd8df3413e303fa94ca2b79ad0	No ponies here	$(o)Патологоанатом умер, но всё равно поехал на работу$()	PASS		Текст читается естественно и соответствует английскому источнику.	50		
patchouli-lang:botania:botania.page.virus2	sha256:207ea03fcb9bf85adf030021624adffc1368241588be251bc4ee573150c234b8	None here either	$(o)Конская броня продаётся в отдельном DLC$()	PASS		Текст читается естественно и соответствует английскому источнику.	39		
patchouli-lang:botania:botania.page.wand0	sha256:4dbc48a9491284e408448f2ab0d8ea93cb96ed73fd68524937bd31a575a57525	A botanist's most important tool for manipulating flowers is the $(item)Wand of the Forest$(0).$(p)This wand, crafted from a pair of $(l:basics/flowers)$(item)Mystical Petals$(0)$(/l) strapped to a few $(item)Livingwood Twigs$(0), is a must-have for a huge number of botanical tasks.	Самый главный инструмент ботаника — это $(item)жезл леса$(0). $(o)Вообще его когда-то звали посохом, чтобы отличить от жезлов, но теперь и жезлы не жезлы, а скипетры.$(0)$(p)$(item)Жезл леса$(0) создаётся вплетением $(l:basics/flowers)мистических лепестков$(/l) любого цвета в $(item)ветку жизнедерева$(0) (на верстаке) и обязателен для выполнения широкого спектра ботанических задач.	PASS		Текст читается естественно и соответствует английскому источнику.	315		
patchouli-lang:botania:botania.page.wand1	sha256:6c1e3bb879758d25fde1d2c13e1ec6fc5c625f332c3ebb080e5550e9563ca2cc	The wand has two modes, $(thing)Bind Mode$(0) and $(thing)Function Mode$(0). In $(thing)Bind Mode$(0), sneak-right click it on a compatible block to select it, then sneak-right click elsewhere to bind the two blocks. In $(thing)Function Mode$(0) it simply doesn't perform this function, freeing the sneak-right click action up for other tasks.$(p)The two modes can be switched between by sneak-right clicking the wand in the air.	Посох имеет два режима: $(thing)режим привязки$(0) и $(thing)функциональный режим$(0). Нажатие [$(k:sneak)+$(k:use)] по совместимому блоку в $(thing)режиме привязки$(0), выделяет его. После этого, нажатие [$(k:sneak)+$(k:use)] уже по другому блоку, привязывает первый блок ко второму. В $(thing)функциональном режиме$(0) этого сделать просто не получится.$(p)Переключить режим можно, нажав [$(k:sneak)+$(k:use)] с жезлом по воздуху.	PASS		Текст читается естественно и соответствует английскому источнику.	326		
patchouli-lang:botania:botania.page.wand2	sha256:bcf3a02b2bc34a63c4967c3f40f91722beefe42088d947f51b0d866146962530	Sneak-right clicking a block in $(thing)Function Mode$(0) rotates the block around the axis of the side it was clicked on-- for example, using the wand on the top of a $(item)Chest$(0) will change the direction it faces. Most blocks with orientations can be reoriented this way.$(p)A $(item)Dispenser$(0) holding a wand will use the wand on the block it currently faces, when triggered.	Нажатие [$(k:sneak)+$(k:use)] жезлом в $(thing)функциональном режиме$(0) по блоку вызывает его вращение вокруг стороны, по которой произошло нажатие.$(p)Например, если нажать по $(item)сундуку$(0) сверху, он будет вращаться по горизонтали. Это должно работать со всеми блоками, которые можно повернуть.$(p)Если активировать $(item)раздатчик$(0) с помещённым в него жезлом, то $(item)раздатчик$(0) использует его на блоке, расположенном вплотную к его соплу.	PASS		Текст читается естественно и соответствует английскому источнику.	386		
patchouli-lang:botania:botania.page.wand3	sha256:c2be89e88ccfde03fa760ee3b2196db73a73ae1ea908c007cb474e2dd8b48dda	The petals used determine the colors of the wand	Цвета использованных лепестков отражаются на внешнем виде жезла	PASS		Текст читается естественно и соответствует английскому источнику.	63		
patchouli-lang:botania:botania.page.waterRing0	sha256:7ae5cff564a493bab8003244ef306af1b654db36377dad76a01cd5fb57dfdf1e	The $(item)Ring of Chordata$(0) allows its user to swim like, well, a fish. When equipped, it uses $(thing)Mana$(0) to bestow an underwater wearer with greater vision, maneuverability, and mining speed, as well as the ability to breathe indefinitely.$(p)If the speed boost becomes an issue, an active $(l:tools/temperance_stone)$(item)Stone of Temperance$(0)$(/l) can disable it.	$(item)Кольцо хордовых$(0) позволяет носителю плавать так же хорошо, как рыба. Пока оно экипировано и есть $(thing)мана$(0), носитель будет способен быстро плавать и копать, а также дышать и видеть под водой.$(p)Если ускоренное плавание мешает, то активный $(l:tools/temperance_stone)камень сдержанности$(/l) может снизить скорость.	PASS		Текст читается естественно и соответствует английскому источнику.	273		
patchouli-lang:botania:botania.page.waterRing1	sha256:87836a6fcb0424642ed9ed9d20d01add6afe403667c4de86ce25315fd8a268d9	Check out that fish AI	$(o)Природа настолько очистилась, что тебе пора выйти на улицу и самому посмотреть$()	PASS		Текст читается естественно и соответствует английскому источнику.	78		
patchouli-lang:botania:botania.page.waterRod0	sha256:59cffefe2ee9fe3d4bddf32eb2879cdc947f95df6e4743245516b290da2a4d73	Similarly to its land-themed counterpart, the $(item)Rod of the Seas$(0) will (at the cost of some $(thing)Mana$(0)) place a block of $(item)Water$(0) wherever it's used. Furthermore, it can refill a $(l:basics/apothecary)$(item)Petal Apothecary$(0)$(/l), as well as empty $(item)Buckets$(0) in the inventory.	Подобно своему $(l:tools/dirt_rod)луговому брату$(/l), $(item)скипетр морей$(0), поглощая $(thing)ману$(0) из инвентаря (например, из $(l:mana/mana_tablet)планшета маны$(/l)), создаёт и устанавливает блок $(item)воды$(0).$(p)Кроме этого, он может наполнять водой $(l:basics/apothecary)лепестковую чашу$(/l) и пустые $(item)вёдра$(0) в инвентаре.	PASS		Текст читается естественно и соответствует английскому источнику.	219		
patchouli-lang:botania:botania.page.waterRod1	sha256:334af06c25ab94acd597289105f22a585fadbc88cc43d9a44d1679a8146e6441	Keep the Earth clean, it isn't Uranus	$(o)И правда, в моих работах прослеживаются следы использования описываемого скипетра$()	PASS		Текст читается естественно и соответствует английскому источнику.	81		
patchouli-lang:botania:botania.page.welcome0	sha256:ca10ecd14f10bcf8db904b2b2ba165f53c7fabe5128319f432877208d4815799	$(o)Welcome to Botania! I congratulate you on the fine decision to strap a sapling and a book together. Or just on finding this tome in a chest. Whichever applies.$(p)$(o)You can navigate this book with the arrows at the bottom of this page, or scroll through pages with your mouse wheel.	$(o)Добро пожаловать! Поздравляю вас с прекрасным решением соединить на верстаке саженец и книгу! Ну или найти этот том в сундуке. Можно и так, и так!$(p)$(o)Кстати, эту книгу можно листать используя стрелки внизу книги, колесо мыши или стрелки на клавиатуре.	PASS		Текст читается естественно и соответствует английскому источнику.	247		
patchouli-lang:botania:botania.page.welcome1	sha256:5985cc22e2b3bad8a08f27a161dba894ee7326cea53b1e3fece3303a4de094a7	"$(o)Despite its appearance, Botania is in essence a ""tech mod"": it requires you to put to use ingenuity, thought, and redstone to create and progress. Keep that in mind.$(p)$(o)Of course, you'll also be rewarded with cool toys, blocks, and equipment along the way."	$(o)Несмотря на её внешний вид, Ботания — это, по сути, «техно-мод», то есть вы должны использовать свою изобретательность и редстоун для того, чтобы созидать и развиваться. Помните об этом. Ну и конечно же за свои труды, вы будете вознаграждены забавными безделушками, блоками и снаряжением, куда ж без них!	PASS		Текст читается естественно и соответствует английскому источнику.	304		
patchouli-lang:botania:botania.page.welcome2	sha256:92f01afc1b5dc3c26c537ae6af3d8faddb0c3b323495d9b0e2e2dbab230f0314	$(o)Botania is a mod for anybody who likes to play Minecraft because they like building cool things. It is designed to be fully playable standalone, but can also be played with other mods.$(p)$(o)With a few exceptions, everything in this mod can be fully automated with only Minecraft and itself.	$(o)Ботания будет по нраву всем, кто любит играть, чтобы создавать разные крутые штуки. Хоть этот мод и разрабатывался как независимый, его можно соединять с другими модами.$(p)$(o)За исключением нескольких вещей, всё в этом моде можно автоматизировать при помощи ванильного Майнкрафта и собственных фишек Ботании.	PASS		Текст читается естественно и соответствует английскому источнику.	302		
patchouli-lang:botania:botania.page.welcome3	sha256:5f85a8b288f1cff416cbdbc837f94788e35ac7cc700abd33ba93d3ac55b0e5d2	$(o)If you happen to find yourself feeling lost, try checking out the mod's Advancements or Challenges, both of which can be found on the left-hand side of this book's main page.$(p)$(o)The book is laid out in a user-friendly way with a fair number of helpful features, so before you jump in and start playing, take a bit of time to familiarize yourself with those.	$(o)А если вы потеряны и не знаете, с чего начать — нажмите на звёздочку слева заглавной страницы книги и зайдите в раздел достижений «Botania» или «Botania — Испытания».$(p)Так как Vazkii очень любезно не предоставил информацию о всех крутых функциях Patchouli, переводчики берут дело в свои руки:$(br)• Есть навигация по книге через клавиатуру: $(thing)Tab$(0) (перемещает курсор между ВСЕМИ кнопками), $(thing)стрелки$(0) (как было сказано, листают страницы, но также перемещают курсор между кнопками), колесо мыши (листает страницы и вне глав),	PASS		Текст читается естественно и соответствует английскому источнику.	511		
patchouli-lang:botania:botania.page.welcome5	sha256:d13dc09f4279fe3ef2edd3ef572f255d1820d4586023aaa319ee1339285f83b0	"$(o)The ""Entry Index"" category is helpful for searching for a particular entry, as it contains every entry in the book in one place."	$(o)$(thing)Enter$(0) (нажимает кнопку, выделенную курсором) и $(thing)Backspace$(0) (закрывает главу);$(br)• Есть навигация по книге через ПКМ и боковые кнопки мыши;$(br)• Наведение на отображаемый предмет в книге и нажатие «$(thing)R$(0)» или «$(thing)U$(0)» работает (обычные привязки для мода JEI, у вас могут стоять другие);• главы можно закреплять, подробнее об этом в кнопке «История» около звёздочки (заглавная страница лексикона, кнопки слева).$(br)$(p)$(o)Категория «$(thing)Указатель глав»$(0) может быть очень полезна при поиске, так как там записаны всех главы по алфавиту.	PASS		Текст читается естественно и соответствует английскому источнику.	499		
patchouli-lang:botania:botania.page.welcome6	sha256:30e2ede4d89e093b3b1e8475bd7f4d12e89de96b10f84718d1d7d33701dfcc2e	"$(o)And that's it for this introduction! I hope you enjoy playing with Botania as much as I enjoyed making it!$(p)$(o)~Vazkii, the mod author$(p)$(p)$(o)Continue by pressing the ""Back"" button on the bottom. Right-clicking has the same effect."	$(o)Собственно, на этом вступление заканчивается! Теперь вы можете перейти к обучению. Надеюсь, вам будет интересно играть с Ботанией настолько же, насколько мне нравилось её создавать! ~Vazkii, автор мода.$(p)$(o)Чтобы продолжить, нажмите кнопку «Назад» внизу разворота. Это также можно сделать, нажав «ПКМ» или клавишу «Backspace».	PASS		Текст читается естественно и соответствует английскому источнику.	321		
patchouli-lang:botania:botania.page.worldSeed0	sha256:557f16741edde14cfa4e89d3bc55d3014728b0c451ad200e8885a0c1a08b0502	$(item)World Seeds$(0) are energized pieces of elemental matter with the ability to return their user to the world's spawn point.$(p)If its user is 24 or more blocks from the world's spawnpoint, a right-click with one held will instantly teleport them to that location, consuming the seed in the process.	$(item)Семя мира$(0) — это энергетически возбуждённая частица стихийного вещества, имеющая глубокую связь центром мира.$(p)Если владелец семени находится дальше 24 блоков от мировой точки возрождения, используя семя нажатием [$(k:use)], он мгновенно телепортируется туда, потратив семя.	PASS		Текст читается естественно и соответствует английскому источнику.	263		
patchouli-lang:botania:botania.page.worldSeed1	sha256:f8e31bd2a7ed0068ed5bfe958091c92c47fd43a504ed133f11e15c669b3a8a90	Where the heart is	$(o)Там, где лежит сердце$()	PASS		Текст читается естественно и соответствует английскому источнику.	21		
patchouli-lang:botania:botaniamisc.challengeInfo	sha256:3ab88b7b0d0a6cbe4ff49a5a01d828b9a034a529fb8dec10ee1cd2e5ea22fb81	Optional goals with nothing but coolness points as reward.	Гештальты с наградой в виде мысленных баллов крутоты	PASS		Текст читается естественно и соответствует английскому источнику.	52		
patchouli-lang:botania:botaniamisc.challenges	sha256:40b9c8f444870eff94e260ea77c034c0078841842fedb9ba3cfe9e83b4ffb313	Challenges	Испытания	PASS		Текст читается естественно, ясно и соответствует английскому источнику.	9		
patchouli-lang:botania:botaniamisc.shiftToStopSpin	sha256:0e97fea53f51f321af7b762ad97450feff08d26f9dfd96aaf6a663bb49607c35	(SHIFT to stop animation)	(Shift — пауза анимации)	PASS		Текст читается естественно и соответствует английскому источнику.	24		
patchouli-lang:botania:item.botania.dreamwood_wand	sha256:240adcca2edc8ca033a07447eca4a606776e8dace1dde3703e5cac002eb06f16	Wand of the Elven Forest	Жезл эльфийского леса	PASS		Текст читается естественно и соответствует английскому источнику.	21		
patchouli-lang:botania:item.botania.lexicon	sha256:42cc9b4b2b43803950fa7da06372d3a43e5d934f9e3b9160f485690f9ed073b0	Lexica Botania	Лексикон Ботании	PASS		Текст читается естественно, ясно и соответствует английскому источнику.	16		
patchouli-lang:botania:item.botania.sextant	sha256:de0d50ba97575b02f09c39f8d75a0730db983928ce5f52f74534b9d2d3abe256	Worldshaper's Sextant	Секстант формирователя миров	PASS		Текст читается естественно и соответствует английскому источнику.	28		
