id	source_hash	source	native_translation	verdict	recommendation	reason	native_visible_length	recommended_visible_length	length_ratio
patchouli-json:thermal:guidebook:categories/armor.json:/description	sha256:0377edd4c952c05453ab19dba25ad4bebe8e618605f72781e78ea866b19be13f	Perhaps not the height of fashion, but they get the job done.	Возможно, не на пике моды, но она делает свою работу.	CHANGE	Не вершина моды, зато со своей задачей справляется.	Исправлены смысловое расхождение, калька или неестественная русская формулировка.	53	51	0.962
patchouli-json:thermal:guidebook:categories/armor.json:/name	sha256:a592855d0508d16121c443b3500e94395f2087cc9deb7f84e1a82061f1a8ec69	Armor	Броня	PASS		Смысл источника сохранён; текст достаточно простой, естественный и уместный в игровом интерфейсе.	5		
patchouli-json:thermal:guidebook:categories/augments.json:/description	sha256:13147d472ddecee034e70cf40d22a69d80ae7b9ed031653dc3b649c5e95d7988	Upgrade your tech and tools.	Обновите свои технологии и инструменты.	CHANGE	Улучшайте технику и инструменты.	Исправлены смысловое расхождение, калька или неестественная русская формулировка.	39	32	0.821
patchouli-json:thermal:guidebook:categories/augments.json:/name	sha256:d5f1ffe725348bab7c3951b5e6045f760549d92a4ae5fb1775f0a53a5459cbeb	Augments	Улучшения	PASS		Смысл источника сохранён; текст достаточно простой, естественный и уместный в игровом интерфейсе.	9		
patchouli-json:thermal:guidebook:categories/charges.json:/description	sha256:774e90d68195e0d08d192d59b195e56c2282b71736d5d1938ee680b4de5f316b	Master all four elements.	Овладейте всеми четырьмя элементами.	PASS		Смысл источника сохранён; текст достаточно простой, естественный и уместный в игровом интерфейсе.	36		
patchouli-json:thermal:guidebook:categories/charges.json:/name	sha256:6c5c2648c60964ec54087d4b263998a56d8ae6f3d7f545f2ac3d68e24d279245	Elemental Charges	Элементальные заряды	PASS		Смысл источника сохранён; текст достаточно простой, естественный и уместный в игровом интерфейсе.	20		
patchouli-json:thermal:guidebook:categories/contributors.json:/description	sha256:2e0833d3e205d3614a16183f031d354a88ff5b1dda9a7e3eac4c5d9e726ccf8d	Brought to you by these lovely people! Thank you to everyone who helped and everyone in the Discord who gave advice and feedback. And the biggest thank you to King, for putting up with us, letting us embark on this project, and for bringing us all this mod for this many years without ever asking for anything in return.	Принесённый вам этими милыми людьми! Спасибо всем, кто помогал, и всем в Discord, кто давал советы и отзывы. И самое большое спасибо Кингу за то, что терпел нас, позволил нам приступить к этому проекту и за то, что столько лет разрабатывал для нас этот мод, никогда ничего не прося взамен.	CHANGE	Эту книгу создали замечательные люди! Спасибо всем, кто помогал, а также участникам Discord за советы и отзывы. Отдельное спасибо Кингу: он терпел нас, позволил взяться за этот проект и много лет дарил нам этот мод, ничего не прося взамен.	Исправлены смысловое расхождение, калька или неестественная русская формулировка.	289	239	0.827
patchouli-json:thermal:guidebook:categories/contributors.json:/name	sha256:350ad433c42fe8cecdb38439f33947ea04c43fe819455772fd3c03b85c389f16	Contributors	Составители	CHANGE	Участники	Исправлены смысловое расхождение, калька или неестественная русская формулировка.	11	9	0.818
patchouli-json:thermal:guidebook:categories/devices.json:/description	sha256:81c5c42b9d8ca41c3bec6247312634bc0faaa45d1c6d35d8495fd28ab1c168c2	This section details the function of each device. Devices do not require RF unless explicitly stated.	В этом разделе подробно описываются функции каждого устройства. Устройства не требуют энергии, если это не указано явно.	PASS		Смысл источника сохранён; текст достаточно простой, естественный и уместный в игровом интерфейсе.	120		
patchouli-json:thermal:guidebook:categories/devices.json:/name	sha256:4ba5121d4d1be174a80a063a823df8b496c83ed05ee60af962a9f65d686533bc	Devices	Устройства	PASS		Смысл источника сохранён; текст достаточно простой, естественный и уместный в игровом интерфейсе.	10		
patchouli-json:thermal:guidebook:categories/dynamos.json:/description	sha256:9155f408f7c88fef5a1608ac49d4d12ccb48b94096957ed64a503896c57cafc4	What use is a machine without power?	Какая польза от механизма без энергии?	PASS		Смысл источника сохранён; текст достаточно простой, естественный и уместный в игровом интерфейсе.	38		
patchouli-json:thermal:guidebook:categories/dynamos.json:/name	sha256:489e49103259796316c3791a026d53b9b79ee7adcc042b05f65f5c2fc15a2d91	Dynamos	Генераторы	PASS		Смысл источника сохранён; текст достаточно простой, естественный и уместный в игровом интерфейсе.	10		
patchouli-json:thermal:guidebook:categories/equipment.json:/description	sha256:9eb5d4d3af4ceeac1ace4cce497eb13e2deb743dfe669ff6203ac77a46be9dc8	Gear for all your adventures.	Шестерни для всех Ваших приключений.	CHANGE	Снаряжение для любых приключений.	Исправлены смысловое расхождение, калька или неестественная русская формулировка.	36	33	0.917
patchouli-json:thermal:guidebook:categories/equipment.json:/name	sha256:7f2465ac7cefab2766e6ee0714647089df9364b0ff09858c84b21b8a436a845d	Equipment	Снаряжение	PASS		Смысл источника сохранён; текст достаточно простой, естественный и уместный в игровом интерфейсе.	10		
patchouli-json:thermal:guidebook:categories/explosives.json:/description	sha256:6f27b07094726c7412709b789d97dfa51c2f4701225f153de46a2b18d3f3c2d8	Fun to throw, less fun to catch.	Для развлечения, а не для уничтожения.	CHANGE	Бросать весело, ловить — не очень.	Исправлены смысловое расхождение, калька или неестественная русская формулировка.	38	34	0.895
patchouli-json:thermal:guidebook:categories/explosives.json:/name	sha256:bd53a0ff717898542032b8d7ee7ccef6daef339990a14349f8ceb92b7f5781dc	Explosives	Динамит	LENGTH_EXCEPTION	Взрывчатка	Исправлены смысловое расхождение, калька или неестественная русская формулировка. Естественный полный вариант превышает мягкий предел 110%.	7	10	1.429
patchouli-json:thermal:guidebook:categories/guides.json:/description	sha256:21727e147ba3e2d358929a990dc89d8672bb5e7b79c6a52a4ffadcb257ba863d	Lost? You've come to the right place.	Потерялись? Вы пришли по адресу!	PASS		Смысл источника сохранён; текст достаточно простой, естественный и уместный в игровом интерфейсе.	32		
patchouli-json:thermal:guidebook:categories/guides.json:/name	sha256:f36e5fdf60074afaf4121f1c35dde4d5c7e69c35697dfa08481bd584ca08016b	Guides and FAQ	Руководства и ЧЗВ	PASS		Смысл источника сохранён; текст достаточно простой, естественный и уместный в игровом интерфейсе.	17		
patchouli-json:thermal:guidebook:categories/links.json:/description	sha256:9e0161c4541c9cc1c8bef4c8f716b9ccfa11a0e7bfe6fc440e7d963132655325	Join our Discord for more help/tech support or even just to chat!	Присоединяйтесь к нашему Discord для получения дополнительной помощи/технической поддержки или даже просто для общения!	CHANGE	Присоединяйтесь к нашему Discord: там помогут с техническими вопросами или просто поболтают!	Исправлены смысловое расхождение, калька или неестественная русская формулировка.	119	92	0.773
patchouli-json:thermal:guidebook:categories/links.json:/name	sha256:fc42aa8d220cc507edbcbe698ab603f675ba523ac2c2e9f1aa48d71ce40bcf26	Links and Contributors	Ссылки и составители	CHANGE	Ссылки и участники	Исправлены смысловое расхождение, калька или неестественная русская формулировка.	20	18	0.900
patchouli-json:thermal:guidebook:categories/locomotion.json:/description	sha256:e03689259e74845107ee197fc74db12cb2ae31178c3933e27f496afea93c4631	The correct amount of chuggas before choo choo is six.	Правильное количество чуга-чага перед чу-чу - восемь.	CHANGE	Перед «чу-чу» положено шесть «чуга-чуга».	Исправлены смысловое расхождение, калька или неестественная русская формулировка.	53	41	0.774
patchouli-json:thermal:guidebook:categories/locomotion.json:/name	sha256:9276518c28a71ee98ed553b4001fcd1d93fc05d9ea20d3a302cca843439cdd09	Locomotion	Передвижение	PASS		Смысл источника сохранён; текст достаточно простой, естественный и уместный в игровом интерфейсе.	12		
patchouli-json:thermal:guidebook:categories/machines.json:/description	sha256:ee5e5021b3200d761f25e33bd54d1a99d3967e04bf455f4191c3a12a33b93e41	This section details the function of each machine. Machines generally process things into other things and require Redstone Flux (RF) to operate.	В этом разделе подробно описываются функции каждого механизма. Для работы механизмов требуется RF-энергия.	LENGTH_EXCEPTION	Механизмы обычно превращают одни предметы в другие и работают на Redstone Flux (RF). Здесь описаны функции каждого из них.	Исправлены смысловое расхождение, калька или неестественная русская формулировка. Естественный полный вариант превышает мягкий предел 110%.	106	122	1.151
patchouli-json:thermal:guidebook:categories/machines.json:/name	sha256:c061da196eae7622216c27031299aaa0ecaac47cd7037160ea18b04bffc5eb1a	Machines	Механизмы	PASS		Смысл источника сохранён; текст достаточно простой, естественный и уместный в игровом интерфейсе.	9		
patchouli-json:thermal:guidebook:categories/materials.json:/description	sha256:861d30c2384c686bf547b2414627f2125c76245cec7d76fe19f9fec991c29e55	Resources that are both used and created by the Thermal Series.	Ресурсы, которые являются неотъемлемой частью Thermal Series.	CHANGE	Ресурсы, которые Thermal использует и создаёт.	Исправлены смысловое расхождение, калька или неестественная русская формулировка.	61	46	0.754
patchouli-json:thermal:guidebook:categories/materials.json:/name	sha256:fd10a146e9625bfd3f69639eeb5fbee0eae7e4633222f1ee3d3d36395844303e	Materials	Материалы	PASS		Смысл источника сохранён; текст достаточно простой, естественный и уместный в игровом интерфейсе.	9		
patchouli-json:thermal:guidebook:categories/mobs.json:/description	sha256:7b31b65b38b98f800aac1278afc585c566ded2cbcb727ab37fbfd49bd0c9d40f	Water. Earth. Fire. Lightning. Long ago, the four elementals lived together in nonexistence. Then, everything changed when the Nether came to exist. So the others had to show up too.	Вода. Земля. Огонь. Молния. Давным-давно четыре элементаля жили вместе в небытии. Но с появлением пустоты всё изменилось. Только Кинг Лемминг, мастер всех модов CoFH, мог добавить других элементалей.	CHANGE	Вода. Земля. Огонь. Молния. Давным-давно четыре элементаля дружно жили в небытии. Но всё изменилось, когда появился Незер. Пришлось появиться и остальным.	Исправлены смысловое расхождение, калька или неестественная русская формулировка.	199	154	0.774
patchouli-json:thermal:guidebook:categories/mobs.json:/name	sha256:083013f5d5aad0f33eb7772d15b6944c945febd885b650c0da7c6bbc3f124185	Mobs	Мобы	PASS		Смысл источника сохранён; текст достаточно простой, естественный и уместный в игровом интерфейсе.	4		
patchouli-json:thermal:guidebook:categories/modpack.json:/description	sha256:2e64406b9f47b12084c9d6413772121f65303439af0bf787b8f1091967a93ae4	Making a modpack, or changing various aspects of the Thermal suite for fun? This section explores all the cool ways Thermal supports adjustment and configuration.	Создание модпака или изменение различных аспектов Thermal-серии для развлечения? В этом разделе рассматриваются все интересные способы настройки.	CHANGE	Создаёте модпак или просто меняете Thermal? Здесь собраны интересные способы настройки модов серии.	Исправлены смысловое расхождение, калька или неестественная русская формулировка.	145	99	0.683
patchouli-json:thermal:guidebook:categories/modpack.json:/name	sha256:197fd072642b50f58a17a93a2afcb988314dd5012a253aac031bd9d97314800a	Modpack Makers	Создателям модпаков	PASS		Смысл источника сохранён; текст достаточно простой, естественный и уместный в игровом интерфейсе.	19		
patchouli-json:thermal:guidebook:categories/plants.json:/description	sha256:46fbd731e08336b6b39d909bd798e250229b495bc960f09f50d509a13ab0863a	Crops and trees produce a variety of useful foods and materials.	Растения и деревья производят множество полезных продуктов питания и материалов.	CHANGE	Урожай и деревья дают множество полезных продуктов и материалов.	Исправлены смысловое расхождение, калька или неестественная русская формулировка.	80	64	0.800
patchouli-json:thermal:guidebook:categories/plants.json:/name	sha256:b81ce6bddc184917f5ba6e4acb98baa1dab41ba28675975261f0c21874f82582	Plants	Растения	PASS		Смысл источника сохранён; текст достаточно простой, естественный и уместный в игровом интерфейсе.	8		
patchouli-json:thermal:guidebook:categories/storage.json:/description	sha256:c567e16383ccc78595334338389c434764642299944ce414f752f5a7776a27f8	These hold lots of a thing. You can technically use a row of them to move stuff, but ducts are WAY better for that.	Технически их можно спамить как импровизированные трубы.	LENGTH_EXCEPTION	Вмещают много одинаковых предметов. Из ряда таких хранилищ можно соорудить транспортную линию, но трубы подходят гораздо лучше.	Исправлены смысловое расхождение, калька или неестественная русская формулировка. Естественный полный вариант превышает мягкий предел 110%.	56	127	2.268
patchouli-json:thermal:guidebook:categories/storage.json:/name	sha256:a69c4dece144a46e40d430726395533d8f335a7d601d8ca292220b3a4a7faca4	Storage	Хранилища	PASS		Смысл источника сохранён; текст достаточно простой, естественный и уместный в игровом интерфейсе.	9		
patchouli-json:thermal:guidebook:categories/storage_and_transport.json:/description	sha256:1914c7a06d3b49b56393c513626fa3b33fe1af8b48a1f6084c5276220cbb885c	This section deals with storing and moving things such as resources and mobs.	В этом разделе рассказывается о хранении и перемещении ресурсов и мобов.	PASS		Смысл источника сохранён; текст достаточно простой, естественный и уместный в игровом интерфейсе.	72		
patchouli-json:thermal:guidebook:categories/storage_and_transport.json:/name	sha256:e00cf1a1e8fe52ed807ce6f214653a3e0c140f7290685289616512c99402dab5	Storage and Transport	Хранение и транспорт	PASS		Смысл источника сохранён; текст достаточно простой, естественный и уместный в игровом интерфейсе.	20		
patchouli-json:thermal:guidebook:categories/technology.json:/description	sha256:ea5ad226de797309d7d912b80c398a542fa5074ea12e7d0e957fe0fb2a7613bc	Pro tip: Alt-Shift-Clicking any fluid or Redstone Flux gauge in a machine will clear it, voiding the stored fluid/RF.	Совет профессионала: Для очистки контейнера от жидкости или энергии кликните ЛКМ, удерживая «Alt» и «Shift».	CHANGE	Совет: Alt+Shift+ЛКМ по шкале жидкости или RF в механизме очищает её и уничтожает содержимое.	Исправлены смысловое расхождение, калька или неестественная русская формулировка.	108	93	0.861
patchouli-json:thermal:guidebook:categories/technology.json:/name	sha256:3169ce6442acdc8192ea935cfc09f6110dc31899379717f3b43c3b9045a27dd2	Technology	Технологии	PASS		Смысл источника сохранён; текст достаточно простой, естественный и уместный в игровом интерфейсе.	10		
patchouli-json:thermal:guidebook:categories/tools.json:/description	sha256:53d665ad47ffc5486d115a66a85f6ce8481493de8225047e002ac439492dbd60	Steps to augment your tools:$(li)Place augmentable item in the Workbench$(li)Set Workbench to Mode: Augment$(li)Place augments in the item slots$(li)Set Workbench to Mode: Recharge/Refill, and/or remove the item from the Workbench$(li)Profit	Шаги по совершенствованию инструментов:$(li)Положите в $(l:thermal:technology/tinker_bench)верстак мастеров$(/l) улучшаемый предмет либо блок;$(li)Установите в верстаке режим: Совершенствование;$(li)Поместите улучшения в специальные слоты;$(li)Установите в верстаке режим: Зарядка/Заполнение;$(li)Возьмите предмет с верстака.	CHANGE	Как улучшить инструмент:$(li)Поместите улучшаемый предмет в верстак$(li)Выберите режим «Улучшение»$(li)Поместите улучшения в слоты предмета$(li)Выберите режим «Зарядка/Заполнение» или заберите предмет$(li)Готово	Исправлены смысловое расхождение, калька или неестественная русская формулировка.	259	186	0.718
patchouli-json:thermal:guidebook:categories/tools.json:/name	sha256:ea93d6a262ecb87a9fa4d09edbd7654c046597936a8e235fc3949eb01775ff99	Tools	Инструменты	PASS		Смысл источника сохранён; текст достаточно простой, естественный и уместный в игровом интерфейсе.	11		
patchouli-json:thermal:guidebook:categories/world.json:/description	sha256:514973a89393819956f8d9eae9936693ef6db7ac9f64c3cd3b496fc3979f0877	Everything that the Thermal Series adds to the world around you. Resources, monsters, and more.	Всё, что Thermal добавляет в окружающий мир, от металлов до мобов.	PASS		Смысл источника сохранён; текст достаточно простой, естественный и уместный в игровом интерфейсе.	66		
patchouli-json:thermal:guidebook:categories/world.json:/name	sha256:78ae647dc5544d227130a0682a51e30bc7777fbb6d8a8f17007463a3ecd1d524	World	Мир	PASS		Смысл источника сохранён; текст достаточно простой, естественный и уместный в игровом интерфейсе.	3		
patchouli-json:thermal:guidebook:entries/equipment/armor/beekeeper.json:/name	sha256:93252736a476d220ed3a61d7e7d94c23a5a4534a3227bcdf9b8c5622686a07d4	Beekeeper's Suit	Костюм пчеловода	PASS		Смысл источника сохранён; текст достаточно простой, естественный и уместный в игровом интерфейсе.	16		
patchouli-json:thermal:guidebook:entries/equipment/armor/beekeeper.json:/pages/0/text	sha256:7c4c5adbe220fb3a8dea2164b7e857c494bc4121988a450897de9b8f7a8badae	The Beekeeper Suit will protect you from any sort of stings you may encounter at the cost of durability. Such examples are cactus, berry bushes, and obviously bee stings. Do note that in order to be $(o)fully$() protected you must have the full suit on! $(o)Bee$() careful, since durability is still used even with a full suit.	Костюм пчеловода защитит от любых укусов, ценой потери прочности. Примерами служат: кактусы, сладкие ягоды и, очевидно, укусы пчёл. Обратите внимание: чтобы быть $(o)полностью$() защищённым нужно быть в полном наборе костюма! Будьте осторожным: даже при полном наборе костюма, его прочность расходуется.	CHANGE	Костюм пчеловода ценой своей прочности защищает от любых жал: кактусов, ягодных кустов и, конечно, пчёл. Для $(o)полной$() защиты нужен весь костюм! $(o)Будьте$() осторожны: даже полный комплект всё равно теряет прочность.	Исправлены смысловое расхождение, калька или неестественная русская формулировка.	296	208	0.703
patchouli-json:thermal:guidebook:entries/equipment/armor/beekeeper.json:/pages/1/text	sha256:1a96a96eb4f35fbcd147bb030711f35fb1aa33a55bca7b63094fa5046e521b9c	Fabric used for all beekeeper equipment.	Ткань, используемая во всём костюме пчеловода.	PASS		Смысл источника сохранён; текст достаточно простой, естественный и уместный в игровом интерфейсе.	46		
patchouli-json:thermal:guidebook:entries/equipment/armor/diving.json:/name	sha256:861574cc5d1520acbbb030f65f31482864ba8cbb5d7344e8da46abb252f58f0e	Diving Suit	Водолазный костюм	PASS		Смысл источника сохранён; текст достаточно простой, естественный и уместный в игровом интерфейсе.	17		
patchouli-json:thermal:guidebook:entries/equipment/armor/diving.json:/pages/0/text	sha256:76a04756a29d336d3bbf0963920a8859e8b82c47fc5badddfa1b83bceb62c9f0	The Diving Suit will allow you to explore underwater depths with ease. Allows you to swim faster, breathe longer, and mine faster underwater!	Водолазный костюм позволяет с лёгкостью исследовать подводные глубины. Позволяет плавать быстрее, дышать дольше и добывать быстрее находясь под водой!	CHANGE	Водолазный костюм упрощает исследование подводных глубин: вы быстрее плаваете, дольше дышите и быстрее добываете блоки под водой!	Исправлены смысловое расхождение, калька или неестественная русская формулировка.	150	129	0.860
patchouli-json:thermal:guidebook:entries/equipment/armor/diving.json:/pages/1/text	sha256:9557ed361b5d4a540f017af684b745d955246699bbb69601394af12f97873599	Fabric used for all diving equipment.	Ткань, используемая для всего снаряжения водолаза.	PASS		Смысл источника сохранён; текст достаточно простой, естественный и уместный в игровом интерфейсе.	50		
patchouli-json:thermal:guidebook:entries/equipment/armor/hazmat.json:/name	sha256:e9f48c7e096420b3aff05f6047ca90059591356e7dc8405bdb2cdaf674b2ad49	Hazmat Suit	Костюм химзащиты	PASS		Смысл источника сохранён; текст достаточно простой, естественный и уместный в игровом интерфейсе.	16		
patchouli-json:thermal:guidebook:entries/equipment/armor/hazmat.json:/pages/0/text	sha256:24734d005c78f622555da2d563d3737253dc141c3b5aec86c5c8d6e523e2a6b9	The Hazmat Suit will protect you from environmental hazards such as burning, fall damage, and status ailments. The entire suit is needed for full protection! Durability is consumed when preventing status effects and fire.	Костюм химзащиты защитит от опасностей окружающей среды, таких как горение, урон от падения и других недугов. Для полной защиты требуются все компоненты костюма. Прочность расходуется при предотвращении негативных эффектов и тушении.	CHANGE	Костюм химзащиты защищает от огня, урона от падения и эффектов состояния. Для полной защиты нужен весь комплект! При защите от огня и эффектов костюм теряет прочность.	Исправлены смысловое расхождение, калька или неестественная русская формулировка.	233	167	0.717
patchouli-json:thermal:guidebook:entries/equipment/armor/hazmat.json:/pages/1/text	sha256:098a48f522f4e8d2b4b1df23f3c63853e9715b871f06d575ff83e07331c824b5	$(o)Orange sus$()	$(o)Оранжевое суфле$()	LENGTH_EXCEPTION	$(o)Оранжевый подозрителен$()	Исправлены смысловое расхождение, калька или неестественная русская формулировка. Естественный полный вариант превышает мягкий предел 110%.	15	22	1.467
patchouli-json:thermal:guidebook:entries/equipment/charges/earth_charge.json:/name	sha256:45f4849ffd1861661161e73243ab60ce0156b1e9814019b3f58226d4848b93c5	Earth Charge	Земляной заряд	PASS		Смысл источника сохранён; текст достаточно простой, естественный и уместный в игровом интерфейсе.	14		
patchouli-json:thermal:guidebook:entries/equipment/charges/earth_charge.json:/pages/0/text	sha256:1631875fd4a5ad2b3587108b030382999b98252153560b75fdf9b706cc128045	Earth charges are used to instantly mine earthy Blocks, such as dirt, grass, stone, ect. It can also be used in crafting to turn some things into dust and break some storage blocks down, such as a quartz block into four quartz. Firing one from a dispenser will fire a linear projectile that will apply the $(l:thermal:world/mobs/basalz)Sundered$(/l) effect on mobs hit and provide a strong knockback.	Используются для добычи земляных блоков, таких как: земля, трава, камень и т.д. Его также можно использовать на верстаке, для превращения некоторых вещей в пыль или разбора некоторых блоков, например кварцевого блока на четыре кварца. Выстрелив зарядом из раздатчика, он будет лететь линейно, и при попадании в моба или игрока наложит на него эффект $(l:thermal:world/mobs/basalz)Разлука$(/l) и отбросит.	CHANGE	Земляные заряды мгновенно разрушают землю, траву, камень и другие подобные блоки. В рецептах они могут измельчать предметы в пыль и разбирать блоки хранения, например блок кварца на четыре кварца. Выпущенный из раздатчика заряд летит по прямой, накладывает на задетых мобов эффект $(l:thermal:world/mobs/basalz)Разлука$(/l) и сильно отбрасывает их.	Исправлены смысловое расхождение, калька или неестественная русская формулировка.	369	313	0.848
patchouli-json:thermal:guidebook:entries/equipment/charges/earth_charge.json:/pages/1/text	sha256:cfc195994a1eae2ae8e65f88507a4c23f766d7e936e3d286962780c543e52f40	$(o)Legend has it that these were once powerful enough to break bedrock.$()	$(o)Легенда гласит, что когда-то они были достаточно мощными, чтобы разрушить скальную породу.$()	CHANGE	$(o)Легенда гласит, что когда-то эти заряды могли разрушать коренную породу.$()	Исправлены смысловое расхождение, калька или неестественная русская формулировка.	90	72	0.800
patchouli-json:thermal:guidebook:entries/equipment/charges/earth_charge.json:/pages/1/title	sha256:45f4849ffd1861661161e73243ab60ce0156b1e9814019b3f58226d4848b93c5	Earth Charge	Земляной заряд	PASS		Смысл источника сохранён; текст достаточно простой, естественный и уместный в игровом интерфейсе.	14		
patchouli-json:thermal:guidebook:entries/equipment/charges/fire_charge.json:/name	sha256:67419f8dab20ca338540b777e3a27f18d0afee78ede9bb7c812884c64bdc09b2	Fire Charge	Огненный заряд	PASS		Смысл источника сохранён; текст достаточно простой, естественный и уместный в игровом интерфейсе.	14		
patchouli-json:thermal:guidebook:entries/equipment/charges/fire_charge.json:/pages/0/text	sha256:0e45b968bf57c1f462925309a2073b4cf81194e0944e7daa16af44bcf830b532	Fire charges are native to vanilla Minecraft, but the Thermal Suite adds a new use for them. They can be used in a crafting table with other resources to form certain alloys and blocks.	Огненные заряды являются предметами оригинальной игры, но Thermal добавляет для них новое применение. Они могут быть использованы в сетке крафта с другими ресурсами для создания определенных сплавов и блоков.	CHANGE	Огненные заряды есть и в обычном Minecraft, но Thermal даёт им новое применение. На верстаке из них и других ресурсов можно создавать некоторые сплавы и блоки.	Исправлены смысловое расхождение, калька или неестественная русская формулировка.	208	159	0.764
patchouli-json:thermal:guidebook:entries/equipment/charges/fire_charge.json:/pages/1/title	sha256:67419f8dab20ca338540b777e3a27f18d0afee78ede9bb7c812884c64bdc09b2	Fire Charge	Огненный заряд	PASS		Смысл источника сохранён; текст достаточно простой, естественный и уместный в игровом интерфейсе.	14		
patchouli-json:thermal:guidebook:entries/equipment/charges/ice_charge.json:/name	sha256:0aad2eeaf73aae67b2e8a2d208cc4b8970b13f13557eaa40cde75bc92d984768	Ice Charge	Ледяной заряд	PASS		Смысл источника сохранён; текст достаточно простой, естественный и уместный в игровом интерфейсе.	13		
patchouli-json:thermal:guidebook:entries/equipment/charges/ice_charge.json:/pages/0/text	sha256:e032606b19c82e8416acb1e5b36d0d418457cdeaf971645068d612e69cfc1b71	Ice charges can be used to place snow on blocks, convert water to ice, and change lava to obsidian. The latter two can also be done using buckets in a crafting table. Firing from dispenser will fire a linear projectile that applies the $(l:thermal:world/mobs/blizz)Chilled$(/l) effect to mobs and freezes a small area.	Ледяные заряды можно использовать для нанесения снега на блоки, превращения воды в лёд и превращения лавы в обсидиан. Последние два также можно сделать с помощью вёдер на верстаке. Выстрелив зарядом из раздатчика, он будет лететь линейно, и при попадании в моба или игрока наложит на него эффект $(l:thermal:world/mobs/blizz)Переохлаждение$(/l) и заморозит небольшую область.	CHANGE	Ледяные заряды покрывают блоки снегом, превращают воду в лёд, а лаву — в обсидиан. Последние два действия также доступны в рецептах с вёдрами. Выпущенный из раздатчика заряд летит по прямой, накладывает на мобов эффект $(l:thermal:world/mobs/blizz)Переохлаждение$(/l) и замораживает небольшую область.	Исправлены смысловое расхождение, калька или неестественная русская формулировка.	341	267	0.783
patchouli-json:thermal:guidebook:entries/equipment/charges/ice_charge.json:/pages/1/title	sha256:0aad2eeaf73aae67b2e8a2d208cc4b8970b13f13557eaa40cde75bc92d984768	Ice Charge	Ледяной заряд	PASS		Смысл источника сохранён; текст достаточно простой, естественный и уместный в игровом интерфейсе.	13		
patchouli-json:thermal:guidebook:entries/equipment/charges/lightning_charge.json:/name	sha256:51bd8b159627c19a528f99104109d52b20621d37d4637159ef29f87e2f5b93af	Lightning Charge	Молниеносный заряд	PASS		Смысл источника сохранён; текст достаточно простой, естественный и уместный в игровом интерфейсе.	18		
patchouli-json:thermal:guidebook:entries/equipment/charges/lightning_charge.json:/pages/0/text	sha256:9447c3611353e88fd5172a067c86eb58adbdb91d36502ad0108d6cadf5a7b72e	Lightning charges can be used to summon a single bolt of lightning. Firing from a dispenser will fire a linear projectile that applies the $(l:thermal:world/mobs/blitz)Shocked$(/l) effect to mobs.	Молниеносные заряды можно использовать для вызова одной молнии. Выстрелив зарядом из раздатчика, он будет лететь линейно, и при попадании в моба или игрока нанесёт немого урона и наложит на него эффект $(l:thermal:world/mobs/blitz)Шок$(/l).	CHANGE	Молниеносный заряд вызывает один удар молнии. Выпущенный из раздатчика заряд летит по прямой и накладывает на мобов эффект $(l:thermal:world/mobs/blitz)Шок$(/l).	Исправлены смысловое расхождение, калька или неестественная русская формулировка.	206	127	0.617
patchouli-json:thermal:guidebook:entries/equipment/charges/lightning_charge.json:/pages/1/title	sha256:51bd8b159627c19a528f99104109d52b20621d37d4637159ef29f87e2f5b93af	Lightning Charge	Молниеносный заряд	PASS		Смысл источника сохранён; текст достаточно простой, естественный и уместный в игровом интерфейсе.	18		
patchouli-json:thermal:guidebook:entries/equipment/explosives/detonator.json:/name	sha256:50d5ed4a25aadc86254efe3953e06f70b17d2a56b33351a6b384c412dc04e028	Detonator	Детонатор	PASS		Смысл источника сохранён; текст достаточно простой, естественный и уместный в игровом интерфейсе.	9		
patchouli-json:thermal:guidebook:entries/equipment/explosives/detonator.json:/pages/0/text	sha256:8605aba86257603c3f37a5f5acc0a4d163a4c118dd15abecb44f036191c53a45	The detonator is used to prime, and then detonate up to 16 explosive blocks at once! First place all your explosives, then right click each one with the detonator. The light will turn yellow to indicate that at least 1 explosive has been primed. The mode can then be changed to detonate, at which point the light will turn green and another right click will detonate all primed explosives.	Используется для детонации до 16 блоков динамита за раз! Сначала поставьте динамит, а потом кликнете ПКМ на каждом из них детонатором. Индикатор загорится жёлтым, указывая на то, что по крайней мере 1 динамит был заряжен. Затем можно изменить режим на детонацию, после чего индикатор загорится зелёным, и ещё один щелчок ПКМ приведёт к детонации всего заряженного динамита.	CHANGE	Детонатор позволяет подготовить и одновременно взорвать до 16 блоков взрывчатки! Разместите взрывчатку и нажмите ПКМ детонатором по каждому блоку. Жёлтый индикатор означает, что подготовлен хотя бы 1 блок. Затем включите режим детонации: индикатор станет зелёным, а следующее нажатие ПКМ взорвёт все подготовленные блоки.	Исправлены смысловое расхождение, калька или неестественная русская формулировка.	373	321	0.861
patchouli-json:thermal:guidebook:entries/equipment/explosives/detonator.json:/pages/1/text	sha256:0d72e19c824795c4f5a3d41d32fa734eaf71926ec5ca57c87a7066c738d07635	Press '$(k:cofh.mode_change_increment)' to change modes.	Нажмите '$(k:cofh.mode_change_increment)' для смены режима.	PASS		Смысл источника сохранён; текст достаточно простой, естественный и уместный в игровом интерфейсе.	28		
patchouli-json:thermal:guidebook:entries/equipment/explosives/earth_explosives.json:/name	sha256:ae5518f92b692d8c530ccb531a7ea6b3885cac31c565be79aee5456ef0081abc	Tectonic Explosives	Тектоническая взрывчатка	PASS		Смысл источника сохранён; текст достаточно простой, естественный и уместный в игровом интерфейсе.	24		
patchouli-json:thermal:guidebook:entries/equipment/explosives/earth_explosives.json:/pages/0/text	sha256:5d2de0ef769eac177e84a6d40aeb19744443c646d007212268ec85106bb78a96	Tectonic Explosives will break and drop stone- and dirt- type blocks in an area and grant mobs caught in its radius the $(l:thermal:world/mobs/basalz)Sundered II$(/l) effect. Useful for mining. Explosive blocks and grenades have radii of 9 and 5 blocks, respectively.$(br2)$(o)Legend has it that these were once powerful enough to break bedrock.$()	При взрыве ломает блоки типа камня и земли в определённой области с последующим их дропом, а также накладывает на мобов и игроков эффект $(l:thermal:world/mobs/basalz)Разлука II$(/l). Полезна для добычи ресурсов. Блоки динамита и гранаты имеют радиусы 9 и 5 блоков соответственно.$(br2)$(o)Легенда гласит, что когда-то она была достаточно мощная, чтобы разрушать скальную породу.$()	CHANGE	Тектоническая взрывчатка разрушает и выбрасывает блоки камня и земли, а также накладывает на мобов в радиусе эффект $(l:thermal:world/mobs/basalz)Разлука II$(/l). Полезна при добыче ресурсов. Радиус блока взрывчатки — 9 блоков, гранаты — 5.$(br2)$(o)Легенда гласит, что когда-то она могла разрушать коренную породу.$()	Исправлены смысловое расхождение, калька или неестественная русская формулировка.	334	270	0.808
patchouli-json:thermal:guidebook:entries/equipment/explosives/earth_explosives.json:/pages/2/title	sha256:ad70cd564fa205783122e693cfdd153c809883250ef445dc2063f7d155c9af74	Tectonic Explosive Minecart	Вагонетка с тектоническим динамитом	PASS		Смысл источника сохранён; текст достаточно простой, естественный и уместный в игровом интерфейсе.	35		
patchouli-json:thermal:guidebook:entries/equipment/explosives/ender_explosives.json:/name	sha256:540818bb2bf605128b445c8bda671ec5a230660477423687105307813ec83f32	Disruption Explosives	Деструктивная взрывчатка	PASS		Смысл источника сохранён; текст достаточно простой, естественный и уместный в игровом интерфейсе.	24		
patchouli-json:thermal:guidebook:entries/equipment/explosives/ender_explosives.json:/pages/0/text	sha256:df431bf0e7c1cf992f66983935dfe5a0972d20bc6bbc61490360fce35f2ee8d0	Disruption Explosives create an ender disruption lasting 10s that teleports most mobs/players inside it to a random location up to 128 blocks away. The initial explosion damages and stops endermen & endermites from teleporting for 15s. Explosive blocks and grenades explode with radii of 9 and 5 blocks, respectively. Like endermen, these explosives lose their efficacy under water!	Создаёт разлом Края на 10 секунд, который телепортирует большинство мобов и игроков в случайное место на расстояние до 128 блоков. Первоначальный взрыв наносит урон и останавливает телепортацию эндерменов и эндермитов на 15 секунд. Блоки динамита и гранаты имеют радиусы 9 и 5 блоков соответственно. Как и эндермены, эта взрывчатка теряет свою эффективность под водой!	PASS		Смысл источника сохранён; текст достаточно простой, естественный и уместный в игровом интерфейсе.	368		
patchouli-json:thermal:guidebook:entries/equipment/explosives/ender_explosives.json:/pages/2/title	sha256:d068bdb72ebc286a5ba5d82bac08324e2626d036534a4ef1dd44f069e5749019	Disruption Explosive Minecart	Вагонетка с деструктивным динамитом	PASS		Смысл источника сохранён; текст достаточно простой, естественный и уместный в игровом интерфейсе.	35		
patchouli-json:thermal:guidebook:entries/equipment/explosives/fire_explosives.json:/name	sha256:630faa413e0fdbfcacfcebce0a0b121c4ce2373c42e6f497b616637509dea84a	Inferno Explosives	Адский динамит	PASS		Смысл источника сохранён; текст достаточно простой, естественный и уместный в игровом интерфейсе.	14		
patchouli-json:thermal:guidebook:entries/equipment/explosives/fire_explosives.json:/pages/0/text	sha256:b18b7d5940c791b63a9a8a91eb1cace0fd0d986dc536d123060c5e499d32c5fa	Inferno explosives light an area on fire and light mobs caught in its radius on fire. Explosive blocks and grenades have radii of 9 and 5 blocks, respectively.	Адская взрывчатка поджигает территорию, мобов и игроков, оказавшихся в её радиусе. Блоки динамита и гранаты имеют радиусы 9 и 5 блоков соответственно.	PASS		Смысл источника сохранён; текст достаточно простой, естественный и уместный в игровом интерфейсе.	150		
patchouli-json:thermal:guidebook:entries/equipment/explosives/fire_explosives.json:/pages/2/title	sha256:8978d3178f42017074cb7353c1556de1daccf8ca27f13ab35ade552498c58961	Inferno Explosive Minecart	Вагонетка с адским динамитом	PASS		Смысл источника сохранён; текст достаточно простой, естественный и уместный в игровом интерфейсе.	28		
patchouli-json:thermal:guidebook:entries/equipment/explosives/glowstone_explosives.json:/name	sha256:310c6bb88ec9534f0f0f6dcf85c4094c348e91f83f022ff16cf0849efa42fa84	Radiant Explosives	Сияющая взрывчатка	PASS		Смысл источника сохранён; текст достаточно простой, естественный и уместный в игровом интерфейсе.	18		
patchouli-json:thermal:guidebook:entries/equipment/explosives/glowstone_explosives.json:/pages/0/text	sha256:49b0cea21e5ae949b7758357592aebff7465c8a1edd3f0da67e3872352482b20	Radiant Explosives scatter fine glowstone particles in the air when exploded, creating a cloud lasting 10s that illuminates the area around it. The initial explosion will damage undead mobs and set them ablaze. Explosive blocks and grenades explode with radii of 9 and 5 blocks, respectively.$(br2)$(o)These are essentially glitter bombs.$()	Сияющая взрывчатка при взрыве рассеивает частицы светящегося камня, создавая из них светящиеся облако на 10 секунд. Первоначальный взрыв нанесёт урон нежити и подожжёт её. Блоки динамита и гранаты имеют радиусы 9 и 5 блоков соответственно.$(br2)$(o)По сути, это бомбы с блёстками.$()	CHANGE	При взрыве сияющая взрывчатка рассеивает мелкие частицы светокамня. Облако существует 10 секунд и освещает местность. Начальный взрыв ранит и поджигает нежить. Радиус блока взрывчатки — 9 блоков, гранаты — 5.$(br2)$(o)По сути, это бомбы с блёстками.$()	Исправлены смысловое расхождение, калька или неестественная русская формулировка.	270	239	0.885
patchouli-json:thermal:guidebook:entries/equipment/explosives/glowstone_explosives.json:/pages/2/title	sha256:89f500ad143ff269fc120f31dd5528158387c25154a1666af7a83a237f5ea1f5	Radiant Explosive Minecart	Вагонетка с сияющим динамитом	PASS		Смысл источника сохранён; текст достаточно простой, естественный и уместный в игровом интерфейсе.	29		
patchouli-json:thermal:guidebook:entries/equipment/explosives/grenade.json:/name	sha256:74723f182aa96b1bae715da43a1e9bd81e688cfa3295206b9a2fc1e2b64a2bf3	Grenade	Граната	PASS		Смысл источника сохранён; текст достаточно простой, естественный и уместный в игровом интерфейсе.	7		
patchouli-json:thermal:guidebook:entries/equipment/explosives/grenade.json:/pages/0/text	sha256:f9825d8a1e4652e27055e91880682f2b3df0311371114835d532b7521ec71813	The grenade is a smaller, throwable version of TNT with a radius of 5 blocks!	Граната представляет собой уменьшенную, бросаемую версию динамита с радиусом действия 5 блоков!	PASS		Смысл источника сохранён; текст достаточно простой, естественный и уместный в игровом интерфейсе.	95		
patchouli-json:thermal:guidebook:entries/equipment/explosives/ice_explosives.json:/name	sha256:2f302301425d35078df49d4ae84506dd877403a7b17ee822bd880430017ade07	Glacial Explosives	Ледяная взрывчатка	PASS		Смысл источника сохранён; текст достаточно простой, естественный и уместный в игровом интерфейсе.	18		
patchouli-json:thermal:guidebook:entries/equipment/explosives/ice_explosives.json:/pages/0/text	sha256:ea4b161f777d9b25caf410a33384b7998f55c1a0e2237ae2b04023cfa868adef	Glacial explosives will freeze blocks in an area and grant mobs caught in its radius the $(l:thermal:world/mobs/blizz)Chilled II$(/l) effect. Explosive blocks and grenades have radii of 9 and 5 blocks, respectively.	Ледяная взрывчатка замораживает блоки в определённой области и накладывает на мобов и игроков, оказавшихся в её радиусе, эффект $(l:thermal:world/mobs/blizz)Переохлаждение II$(/l). Блоки динамита и гранаты имеют радиусы 9 и 5 блоков соответственно.	PASS		Смысл источника сохранён; текст достаточно простой, естественный и уместный в игровом интерфейсе.	214		
patchouli-json:thermal:guidebook:entries/equipment/explosives/ice_explosives.json:/pages/2/title	sha256:f70f5bb1666f8308464140c85394653d7a4240d475c44ff3fd364fc70c8dc7f9	Glacial Explosive Minecart	Вагонетка с ледяным динамитом	PASS		Смысл источника сохранён; текст достаточно простой, естественный и уместный в игровом интерфейсе.	29		
patchouli-json:thermal:guidebook:entries/equipment/explosives/lightning_explosives.json:/name	sha256:0cd54fce4e62f9df7b168b5b3b8b5586593e5dccd1aec6e0cba37feb66f47f9b	Fulminating Explosives	Молниеносная взрывчатка	PASS		Смысл источника сохранён; текст достаточно простой, естественный и уместный в игровом интерфейсе.	23		
patchouli-json:thermal:guidebook:entries/equipment/explosives/lightning_explosives.json:/pages/0/text	sha256:952f946138127de099cc7579dd6b36c04c93c9dd2b4ce0412dd1d5821942bdbe	Fulminating explosives summon lightning in an area and grant mobs caught in its radius the $(l:thermal:world/mobs/blitz)Shocked II$(/l) effect. Explosive blocks and grenades have radii of 9 and 5 blocks, respectively.	Молниеносная взрывчатка при взрыве вызывает молнию в небольшой области и накладывает на мобов и игроков неподалёку эффект $(l:thermal:world/mobs/blitz)Шок II$(/l). Блоки динамита и гранаты имеют радиусы 9 и 5 блоков соответственно.	PASS		Смысл источника сохранён; текст достаточно простой, естественный и уместный в игровом интерфейсе.	197		
patchouli-json:thermal:guidebook:entries/equipment/explosives/lightning_explosives.json:/pages/2/title	sha256:b32fbf7c29ec2f49e42e06b3e631fcc937055a21e50544137f4f2f296778259f	Fulminating Explosive Minecart	Вагонетка с молниеносным динамитом	PASS		Смысл источника сохранён; текст достаточно простой, естественный и уместный в игровом интерфейсе.	34		
patchouli-json:thermal:guidebook:entries/equipment/explosives/phyto_explosives.json:/name	sha256:494a267721dd754e81e101b56b7d13c5bd3d16c9302fa911084321b55ccf75e8	Phyto Explosives	Фитовзрывчатка	PASS		Смысл источника сохранён; текст достаточно простой, естественный и уместный в игровом интерфейсе.	14		
patchouli-json:thermal:guidebook:entries/equipment/explosives/phyto_explosives.json:/pages/0/text	sha256:3f34e4444cec6a0772be014344c07d94546e13c4e99c1476dc96bfac667712c1	Phyto explosives will instantly apply a bonemeal effect to all crops and grass in an area. Explosive blocks and grenades have radii of 9 and 5 blocks, respectively.	Фитовзрывчатка мгновенно накладывает эффект костной муки на все культуры и траву в области взрыва. Блоки динамита и гранаты имеют радиусы 9 и 5 блоков соответственно.	PASS		Смысл источника сохранён; текст достаточно простой, естественный и уместный в игровом интерфейсе.	166		
patchouli-json:thermal:guidebook:entries/equipment/explosives/phyto_explosives.json:/pages/2/title	sha256:a33b1a2aa6316cc95543e0818de3261e70574539c4a342d001497842bc566fae	PNT Explosive Minecart	Вагонетка с ФНТ	PASS		Смысл источника сохранён; текст достаточно простой, естественный и уместный в игровом интерфейсе.	15		
patchouli-json:thermal:guidebook:entries/equipment/explosives/redstone_explosives.json:/name	sha256:b038e71efd465ad1868f324b58d598d67b46f7ef5d6b5e9a56d3993debaa9c57	Redstone Explosives	Краснокаменная взрывчатка	PASS		Смысл источника сохранён; текст достаточно простой, естественный и уместный в игровом интерфейсе.	25		
patchouli-json:thermal:guidebook:entries/equipment/explosives/redstone_explosives.json:/pages/0/text	sha256:6a98ceba9f38172b63f8cbbe7e62a95151b3ed07f4342c83d2d08ce5f02edddc	Redstone Explosives will produce a redstone flux excitation field upon explosion, activating any redstone components and devices within its area of effect. This field will persist for 10s. Explosive blocks and grenades create fields with radii of 9 and 5 blocks, respectively.	Краснокаменная взрывчатка при взрыве создаёт облако из частиц красной пыли, которое активирует любые механизмы и устройства, связанные с красным камнем. Оно будет сохранятся в течении 10 секунд. Блоки динамита и гранаты имеют радиусы 9 и 5 блоков соответственно.	CHANGE	При взрыве краснокаменная взрывчатка на 10 секунд создаёт поле RF, которое включает все редстоуновые компоненты и устройства в зоне действия. Радиус поля от блока взрывчатки — 9 блоков, от гранаты — 5.	Исправлены смысловое расхождение, калька или неестественная русская формулировка.	262	201	0.767
patchouli-json:thermal:guidebook:entries/equipment/explosives/redstone_explosives.json:/pages/2/title	sha256:e98cd76021c733ebb17771a91c42001a9b013b1ac5a2eecad8bb9a9008188609	Redstone Explosive Minecart	Вагонетка с краснокаменным динамитом	PASS		Смысл источника сохранён; текст достаточно простой, естественный и уместный в игровом интерфейсе.	36		
patchouli-json:thermal:guidebook:entries/equipment/explosives/slime_explosives.json:/name	sha256:ae8fe8e431bf1ba84d4b231fce33ede6d37ceb73f2886a1216117f7da3a809d2	Slime Explosives	Слизневая взрывчатка	PASS		Смысл источника сохранён; текст достаточно простой, естественный и уместный в игровом интерфейсе.	20		
patchouli-json:thermal:guidebook:entries/equipment/explosives/slime_explosives.json:/pages/0/text	sha256:082d5ea2c7120b9e29b1ef33262179e485a46b185cf1e6947146402d5a4602dc	Slime Explosives will knock back all mobs and players caught in its explosion and cover them with slime, temporarily giving them the Slimed effect. Mobs and players with this effect will be able to bounce on surfaces, as if they were landing on slime blocks. Explosive blocks and grenades have radii of 9 and 5 blocks, respectively.	Слизневая взрывчатка отбрасывает всех мобов и игроков, задетых взрывом, и покрывает их слизью, временно давая им эффект Слизневое падение. Мобы и игроки с этим эффектом смогут отскакивать от поверхностей так, как если бы они приземлялись на блоки слизи. Блоки динамита и гранаты имеют радиусы 9 и 5 блоков соответственно.	PASS		Смысл источника сохранён; текст достаточно простой, естественный и уместный в игровом интерфейсе.	321		
patchouli-json:thermal:guidebook:entries/equipment/explosives/slime_explosives.json:/pages/2/title	sha256:8fdebe2b46d8e651c0ae27e827783ec118ce66a23ff3b9907c4b21fcedd45316	Slime Explosive Minecart	Вагонетка со слизневым динамитом	PASS		Смысл источника сохранён; текст достаточно простой, естественный и уместный в игровом интерфейсе.	32		
patchouli-json:thermal:guidebook:entries/equipment/tools/crescent_hammer.json:/name	sha256:695d0db7a06dc10d44b34d791d26358bf75b4654ed9322eabaa5dbf9c8ea9d48	Crescent Hammer	Серповидный молот	PASS		Смысл источника сохранён; текст достаточно простой, естественный и уместный в игровом интерфейсе.	17		
patchouli-json:thermal:guidebook:entries/equipment/tools/crescent_hammer.json:/pages/0/text	sha256:271ddc6823db5ac9897d7ab5e1723bcdbfff9d6f10589ef94dd199524262ba79	A run-of-the-mill wrench. Can be used to pick up machines with shift right click, rotate machines with right click. You can even put some sense into your pesky friends who keep trolling you!	Заурядный гаечный ключ. Может демонтировать механизмы при использовании крадясь, или поворачивать их при обычном использовании. Нажмите '$(k:cofh.mode_change_increment)' для включения/выключения инженерного зрения. Инженерное зрение показывает область работы некоторых механизмов и устройств. Вы даже можете образумить своих надоедливых друзей, которые продолжают Вас троллить!	CHANGE	Обычный гаечный ключ. Shift+ПКМ позволяет подобрать механизм, а ПКМ — повернуть его. Ещё им можно вправить мозги друзьям, которые не перестают над вами подшучивать!	Исправлены смысловое расхождение, калька или неестественная русская формулировка.	346	164	0.474
patchouli-json:thermal:guidebook:entries/equipment/tools/crescent_hammer.json:/pages/1/title	sha256:695d0db7a06dc10d44b34d791d26358bf75b4654ed9322eabaa5dbf9c8ea9d48	Crescent Hammer	Серповидный молот	PASS		Смысл источника сохранён; текст достаточно простой, естественный и уместный в игровом интерфейсе.	17		
patchouli-json:thermal:guidebook:entries/equipment/tools/fluid_reservoir.json:/name	sha256:22d57aa7246512faaf4b3483534ce2ebab3cf91274d8327525e435f9c25a546e	Reservoir	Резервуар	PASS		Смысл источника сохранён; текст достаточно простой, естественный и уместный в игровом интерфейсе.	9		
patchouli-json:thermal:guidebook:entries/equipment/tools/fluid_reservoir.json:/pages/0/text	sha256:9a442581bc52e4c4536c7191bc599e16c13ee060ae0437eea78e967ee2720025	Holds a moderate quantity of fluid and allows for it to be dispensed. Press '$(k:cofh.mode_change_increment)' to toggle Empty/Fill mode. Use while sneaking to activate or deactivate automatic replenishment of most other held (or worn) fluid containers. It can be filled with fluid and augmented in the Tinker's Workbench.	Вмещает умеренное количество жидкости и позволяет её распределять. Нажмите '$(k:cofh.mode_change_increment)' для смены режимов заполнение/ опустошение. Используйте крадясь для включения/ выключения автоматического заполнения большинства других удерживаемых жидкостных контейнеров. Резервуар можно заполнить и усовершенствовать на верстаке мастеров.	CHANGE	Вмещает умеренный объём жидкости и позволяет её разливать. Нажмите '$(k:cofh.mode_change_increment)', чтобы переключить режим заполнения или опустошения. Используйте резервуар крадучись, чтобы включить или отключить автоматическое пополнение большинства других жидкостных контейнеров в руках или на игроке. Резервуар можно наполнить и улучшить на верстаке мастеров.	Исправлены смысловое расхождение, калька или неестественная русская формулировка.	317	334	1.054
patchouli-json:thermal:guidebook:entries/equipment/tools/fluid_reservoir.json:/pages/1/text	sha256:36a658e689223ca1dc91b99c79fc860bf1eacbd496d7202a37aed00eb43697a6	It can be enchanted with $(l:thermal:world/holding)Holding$(/l) to improve fluid capacity.	Резервуар может быть зачарован на $(l:thermal:world/holding)Удержание$(/l) для увеличения ёмкости.	PASS		Смысл источника сохранён; текст достаточно простой, естественный и уместный в игровом интерфейсе.	67		
patchouli-json:thermal:guidebook:entries/equipment/tools/fluid_reservoir.json:/pages/1/title	sha256:22d57aa7246512faaf4b3483534ce2ebab3cf91274d8327525e435f9c25a546e	Reservoir	Резервуар	PASS		Смысл источника сохранён; текст достаточно простой, естественный и уместный в игровом интерфейсе.	9		
patchouli-json:thermal:guidebook:entries/equipment/tools/fluid_reservoir.json:/pages/2/text	sha256:808902e6e32f968ad2b2104359323440525b33e5381854421dbe0ebfd404c40b	$(li)$(l:thermal:technology/augments/integral_components)Integral Components$(/l)$(li)$(l:thermal:technology/augments/fluid_tank)Expanded Tank Construction$(/l)	$(li)$(l:thermal:technology/augments/integral_components)Интегральные компоненты$(/l)$(li)$(l:thermal:technology/augments/fluid_tank)Расширенная конструкция резервуара$(/l)	PASS		Смысл источника сохранён; текст достаточно простой, естественный и уместный в игровом интерфейсе.	57		
patchouli-json:thermal:guidebook:entries/equipment/tools/fluid_reservoir.json:/pages/2/title	sha256:dc3bece9b3ee08c20dc11957f9389c1c933c3d1f57867bd7c7cde6bb2e446d42	Augment Compatibility	Улучшения	PASS		Смысл источника сохранён; текст достаточно простой, естественный и уместный в игровом интерфейсе.	9		
patchouli-json:thermal:guidebook:entries/equipment/tools/flux_capacitor.json:/name	sha256:eeee4ad68a31b4889c2605b7eed6af6d165dadb53d1dbb95e2357a6770ed2a4a	Flux Capacitor	Потоковый конденсатор	PASS		Смысл источника сохранён; текст достаточно простой, естественный и уместный в игровом интерфейсе.	21		
patchouli-json:thermal:guidebook:entries/equipment/tools/flux_capacitor.json:/pages/0/text	sha256:4ffab722ec67d556017ebd9ccbfcb483d27d1f2017d92ef5614b7a8aedf850f4	Stores RF and charges items in your inventory. It has 3 modes, allowing you to charge just your hotbar and armor, just your inventory, or everything, togglable using the change mode keybind. In order to toggle item charging on and off, shift right click while holding the capacitor. It can also be used to put energy in machines. It can be charged and augmented in the Tinker's Workbench.	Хранит RF-энергию и заряжает предметы. Имеет 3 режима, позволяющих заряжать предметы в панели быстрого доступа и броню, только инвентарь, или сразу все предметы. Нажмите '$(k:cofh.mode_change_increment)' для смены режима, держа конденсатор в руке. Крадясь кликните ПКМ, держа конденсатор в руке, чтобы включить/выключить зарядку предметов.	CHANGE	Хранит RF и заряжает предметы в инвентаре. Доступны 3 режима: панель быстрого доступа и броня, только инвентарь или всё сразу. Режим меняется назначенной клавишей. Shift+ПКМ с конденсатором включает и отключает зарядку предметов. Им также можно заряжать механизмы. Конденсатор заряжается и улучшается на верстаке мастеров.	Исправлены смысловое расхождение, калька или неестественная русская формулировка.	308	322	1.045
patchouli-json:thermal:guidebook:entries/equipment/tools/flux_capacitor.json:/pages/1/text	sha256:71536bb193e0bfda7d1ee209a6110920a223229b60a2e99711010b6f3fd9e732	Press '$(k:cofh.mode_change_increment)' to change modes. It can be enchanted with $(l:thermal:world/holding)Holding$(/l) to improve RF capacity.	Конденсатор можно использовать для снабжения энергией механизмов. Его можно зарядить и усовершенствовать на верстаке мастеров. Может быть зачарован на $(l:thermal:world/holding)Удержание$(/l) для увеличения ёмкости.	CHANGE	Нажмите '$(k:cofh.mode_change_increment)', чтобы сменить режим. Зачарование $(l:thermal:world/holding)Удержание$(/l) увеличивает ёмкость RF.	Исправлены смысловое расхождение, калька или неестественная русская формулировка.	184	78	0.424
patchouli-json:thermal:guidebook:entries/equipment/tools/flux_capacitor.json:/pages/1/title	sha256:eeee4ad68a31b4889c2605b7eed6af6d165dadb53d1dbb95e2357a6770ed2a4a	Flux Capacitor	Потоковый конденсатор	PASS		Смысл источника сохранён; текст достаточно простой, естественный и уместный в игровом интерфейсе.	21		
patchouli-json:thermal:guidebook:entries/equipment/tools/flux_capacitor.json:/pages/2/text	sha256:9b35d30fc12c99275eaa25ca808682f23efa325c36df3d4eed21b033146f1a60	$(li)$(l:thermal:technology/augments/integral_components)Integral Components$(/l)$(li)$(l:thermal:technology/augments/rf_coil)Expanded RF Coil$(/l)$(li)$(l:thermal:technology/augments/rf_coil_storage)Stabilized RF Coil$(/l)$(li)$(l:thermal:technology/augments/rf_coil_xfer)High-Flux RF Coil$(/l)	$(li)$(l:thermal:technology/augments/integral_components)Интегральные компоненты$(/l)$(li)$(l:thermal:technology/augments/rf_coil)Расширенная RF катушка$(/l)$(li)$(l:thermal:technology/augments/rf_coil_storage)Стабилизированная RF катушка$(/l)$(li)$(l:thermal:technology/augments/rf_coil_xfer)Многопоточная RF катушка$(/l)	PASS		Смысл источника сохранён; текст достаточно простой, естественный и уместный в игровом интерфейсе.	97		
patchouli-json:thermal:guidebook:entries/equipment/tools/flux_capacitor.json:/pages/2/title	sha256:dc3bece9b3ee08c20dc11957f9389c1c933c3d1f57867bd7c7cde6bb2e446d42	Augment Compatibility	Улучшения	PASS		Смысл источника сохранён; текст достаточно простой, естественный и уместный в игровом интерфейсе.	9		
patchouli-json:thermal:guidebook:entries/equipment/tools/flux_magnet.json:/name	sha256:c7c4bfe63adf9019e909417a4967defe89571c97f9b5cdf3539ad5f3d4cf66b4	FluxoMagnet	Потоковый магнит	PASS		Смысл источника сохранён; текст достаточно простой, естественный и уместный в игровом интерфейсе.	16		
patchouli-json:thermal:guidebook:entries/equipment/tools/flux_magnet.json:/pages/0/text	sha256:4e4573170f87f2a1eb5a03600b5c40ae283d044e3982667e9c149766ebf02128	The FluxoMagnet is a tool that uses RF in order to pull nearby items into the player's inventory. Right clicking with it in hand will suck nearby items in. Press '$(k:cofh.mode_change_increment)' to toggle auto-attract mode, where items are nearby items are automatically pulled in. It can be charged and augmented in the Tinker's Workbench.	Потоковый магнит — это инструмент, использующий RF-энергию для притягивания близлежащих предметов в инвентарь игрока. Щелчок ПКМ магнитом притягивает близлежащие предметы. Нажмите '$(k:cofh.mode_change_increment)' для включения/отключения автоматического притягивания всех предметов. Магнит можно зарядить и усовершенствовать на верстаке мастеров.	PASS		Смысл источника сохранён; текст достаточно простой, естественный и уместный в игровом интерфейсе.	316		
patchouli-json:thermal:guidebook:entries/equipment/tools/flux_magnet.json:/pages/1/text	sha256:1b42c0c41684654178e2d8490fe795afc8e6964fadc42c3b7c8bdb1c81b084f5	It can be enchanted with $(l:thermal:world/holding)Holding$(/l) to improve RF capacity.	Может быть зачарован на $(l:thermal:world/holding)Удержание$(/l) для увеличения ёмкости энерго-буфера.	PASS		Смысл источника сохранён; текст достаточно простой, естественный и уместный в игровом интерфейсе.	71		
patchouli-json:thermal:guidebook:entries/equipment/tools/flux_magnet.json:/pages/1/title	sha256:c7c4bfe63adf9019e909417a4967defe89571c97f9b5cdf3539ad5f3d4cf66b4	FluxoMagnet	Потоковый магнит	PASS		Смысл источника сохранён; текст достаточно простой, естественный и уместный в игровом интерфейсе.	16		
patchouli-json:thermal:guidebook:entries/equipment/tools/flux_magnet.json:/pages/2/text	sha256:4ca0d93eb53e35270c0d7a429c72ed3ce7b9ea7ebb2467c9851e4933c375dddf	$(li)$(l:thermal:technology/augments/integral_components)Integral Components$(/l)$(li)$(l:thermal:technology/augments/item_filter)Item Filter$(/l)$(li)$(l:thermal:technology/augments/rf_coil)Expanded RF Coil$(/l)$(li)$(l:thermal:technology/augments/rf_coil_storage)Stabilized RF Coil$(/l)$(li)$(l:thermal:technology/augments/rf_coil_xfer)High-Flux RF Coil$(/l)$(li)$(l:thermal:technology/augments/area_radius)Radial Enhancement$(/l)	$(li)$(l:thermal:technology/augments/integral_components)Интегральные компоненты$(/l)$(li)$(l:thermal:technology/augments/item_filter)Предметный фильтр$(/l)$(li)$(l:thermal:technology/augments/rf_coil)Расширенная RF катушка$(/l)$(li)$(l:thermal:technology/augments/rf_coil_storage)Стабилизированная RF катушка$(/l)$(li)$(l:thermal:technology/augments/rf_coil_xfer)Многопоточная RF катушка$(/l)$(li)$(l:thermal:technology/augments/area_radius)Радиальное улучшение$(/l)	PASS		Смысл источника сохранён; текст достаточно простой, естественный и уместный в игровом интерфейсе.	134		
patchouli-json:thermal:guidebook:entries/equipment/tools/flux_magnet.json:/pages/2/title	sha256:dc3bece9b3ee08c20dc11957f9389c1c933c3d1f57867bd7c7cde6bb2e446d42	Augment Compatibility	Улучшения	PASS		Смысл источника сохранён; текст достаточно простой, естественный и уместный в игровом интерфейсе.	9		
patchouli-json:thermal:guidebook:entries/equipment/tools/fluxbore.json:/name	sha256:49ba386568fc67e000f6911b39e9926b6e77927a75e0f05a1845dc3463eee723	Fluxbore	Потоковый бур	PASS		Смысл источника сохранён; текст достаточно простой, естественный и уместный в игровом интерфейсе.	13		
patchouli-json:thermal:guidebook:entries/equipment/tools/fluxbore.json:/pages/0/text	sha256:28dc571e5bf8cfd679ac0fa390a3aa351b60915081d19160de23ae796e1fc496	Uses RF to mine stone- and dirt-type blocks efficiently. It can be charged and augmented in the Tinker's Workbench. A reinforced or higher integral component is needed to mine obsidian. After installing radius augments, press '$(k:cofh.mode_change_increment)' to change between mining radii. It can be enchanted with $(l:thermal:world/holding)Holding$(/l) to improve RF capacity.	Использует RF-энергию для эффективной добычи каменных и земляных блоков. Бур можно зарядить и усовершенствовать на верстаке мастеров. Для добычи обсидиана необходимы минимум усиленные интегральные компоненты. После установки радиальных улучшений нажмите '$(k:cofh.mode_change_increment)' для смены радиуса добычи. Может быть зачарован на $(l:thermal:world/holding)Удержание$(/l) для увеличения ёмкости энерго-буфера.	CHANGE	Использует RF для эффективной добычи камня и земли. Бур заряжается и улучшается на верстаке мастеров. Для добычи обсидиана нужны как минимум укреплённые интегральные компоненты. Установив радиальные улучшения, нажмите '$(k:cofh.mode_change_increment)', чтобы сменить радиус добычи. Зачарование $(l:thermal:world/holding)Удержание$(/l) увеличивает ёмкость RF.	Исправлены смысловое расхождение, калька или неестественная русская формулировка.	354	296	0.836
patchouli-json:thermal:guidebook:entries/equipment/tools/fluxbore.json:/pages/2/text	sha256:b47a91b3dd074879f7480807e7417c3b128c160456f098cf699eb98662f23d46	$(li)$(l:thermal:technology/augments/integral_components)Integral Components$(/l)$(li)$(l:thermal:technology/augments/rf_coil)Expanded RF Coil$(/l)$(li)$(l:thermal:technology/augments/rf_coil_storage)Stabilized RF Coil$(/l)$(li)$(l:thermal:technology/augments/rf_coil_xfer)High-Flux RF Coil$(/l)$(li)$(l:thermal:technology/augments/area_radius)Radial Enhancement$(/l)	$(li)$(l:thermal:technology/augments/integral_components)Интегральные компоненты$(/l)$(li)$(l:thermal:technology/augments/rf_coil)Расширенная RF катушка$(/l)$(li)$(l:thermal:technology/augments/rf_coil_storage)Стабилизированная RF катушка$(/l)$(li)$(l:thermal:technology/augments/rf_coil_xfer)Многопоточная RF катушка$(/l)$(li)$(l:thermal:technology/augments/area_radius)Радиальное улучшение$(/l)	PASS		Смысл источника сохранён; текст достаточно простой, естественный и уместный в игровом интерфейсе.	117		
patchouli-json:thermal:guidebook:entries/equipment/tools/fluxbore.json:/pages/2/title	sha256:dc3bece9b3ee08c20dc11957f9389c1c933c3d1f57867bd7c7cde6bb2e446d42	Augment Compatibility	Улучшения	PASS		Смысл источника сохранён; текст достаточно простой, естественный и уместный в игровом интерфейсе.	9		
patchouli-json:thermal:guidebook:entries/equipment/tools/fluxsaw.json:/name	sha256:26676650f782f0064be29ea9aef6b801774f4ce3ed6a444847b93da8f36d71cd	Fluxsaw	Потоковая пила	PASS		Смысл источника сохранён; текст достаточно простой, естественный и уместный в игровом интерфейсе.	14		
patchouli-json:thermal:guidebook:entries/equipment/tools/fluxsaw.json:/pages/0/text	sha256:bc9b066d6ec9e72eadee2a62064cd6784b7a3ef0284b6e072e209f918961554a	Uses RF to mine wood-type blocks with ease. Right click strips wood logs as usual. It can be charged and augmented in the Tinker's Workbench. After installing radius augments, press '$(k:cofh.mode_change_increment)' to change between mining radii. It can be enchanted with $(l:thermal:world/holding)Holding$(/l) to improve RF capacity.	Использует RF-энергию для лёгкой добычи древесины. Клик ПКМ срезает кору с брёвен. Пилу можно зарядить и усовершенствовать на верстаке мастеров. После установки радиальных улучшений нажмите '$(k:cofh.mode_change_increment)' для смены радиуса добычи. Пила может быть зачарованна на $(l:thermal:world/holding)Удержание$(/l) для увеличения ёмкости энерго-буфера.	CHANGE	Использует RF для быстрой рубки древесины. ПКМ снимает кору с брёвен. Пила заряжается и улучшается на верстаке мастеров. Установив радиальные улучшения, нажмите '$(k:cofh.mode_change_increment)', чтобы сменить радиус добычи. Зачарование $(l:thermal:world/holding)Удержание$(/l) увеличивает ёмкость RF.	Исправлены смысловое расхождение, калька или неестественная русская формулировка.	297	239	0.805
patchouli-json:thermal:guidebook:entries/equipment/tools/fluxsaw.json:/pages/2/text	sha256:b47a91b3dd074879f7480807e7417c3b128c160456f098cf699eb98662f23d46	$(li)$(l:thermal:technology/augments/integral_components)Integral Components$(/l)$(li)$(l:thermal:technology/augments/rf_coil)Expanded RF Coil$(/l)$(li)$(l:thermal:technology/augments/rf_coil_storage)Stabilized RF Coil$(/l)$(li)$(l:thermal:technology/augments/rf_coil_xfer)High-Flux RF Coil$(/l)$(li)$(l:thermal:technology/augments/area_radius)Radial Enhancement$(/l)	$(li)$(l:thermal:technology/augments/integral_components)Интегральные компоненты$(/l)$(li)$(l:thermal:technology/augments/rf_coil)Расширенная RF катушка$(/l)$(li)$(l:thermal:technology/augments/rf_coil_storage)Стабилизированная RF катушка$(/l)$(li)$(l:thermal:technology/augments/rf_coil_xfer)Многопоточная RF катушка$(/l)$(li)$(l:thermal:technology/augments/area_radius)Радиальное улучшение$(/l)	PASS		Смысл источника сохранён; текст достаточно простой, естественный и уместный в игровом интерфейсе.	117		
patchouli-json:thermal:guidebook:entries/equipment/tools/fluxsaw.json:/pages/2/title	sha256:dc3bece9b3ee08c20dc11957f9389c1c933c3d1f57867bd7c7cde6bb2e446d42	Augment Compatibility	Улучшения	PASS		Смысл источника сохранён; текст достаточно простой, естественный и уместный в игровом интерфейсе.	9		
patchouli-json:thermal:guidebook:entries/equipment/tools/potion_infuser.json:/name	sha256:6645e68334da1a13dd97198b3f05fc034de441102ee174e467dba0b3889f0016	Potion Infuser	Зельев шприц	PASS		Смысл источника сохранён; текст достаточно простой, естественный и уместный в игровом интерфейсе.	12		
patchouli-json:thermal:guidebook:entries/equipment/tools/potion_infuser.json:/pages/0/text	sha256:3762530d91f7fd88e69c45f869f53ed57cd004fcb122f3082d837e0860c1f741	Used to infuse yourself, mobs, or other players with potion effects. Press '$(k:cofh.mode_change_increment)' to toggle automatic infusion, which regularly infuses you with small doses. It can be filled with $(l:thermal:technology/potion_fluid)potion fluid$(/l) and augmented in the Tinker's Workbench.	Используется для наполнения себя, мобов или других игроков эффектами зелий. Нажмите '$(k:cofh.mode_change_increment)' для включения/выключения авто-вливания, которое регулярно вводит Вам небольшие дозы. Зельев шприц может быть заполнен $(l:thermal:technology/potion_fluid)жидкими зельями$(/l) и усовершенствован на верстаке мастеров.	CHANGE	Накладывает эффекты зелий на вас, мобов или других игроков. Нажмите '$(k:cofh.mode_change_increment)', чтобы включить автоматическое впрыскивание небольших доз через равные промежутки времени. Шприц можно наполнить $(l:thermal:technology/potion_fluid)жидким зельем$(/l) и улучшить на верстаке мастеров.	Исправлены смысловое расхождение, калька или неестественная русская формулировка.	261	230	0.881
patchouli-json:thermal:guidebook:entries/equipment/tools/potion_infuser.json:/pages/1/text	sha256:36a658e689223ca1dc91b99c79fc860bf1eacbd496d7202a37aed00eb43697a6	It can be enchanted with $(l:thermal:world/holding)Holding$(/l) to improve fluid capacity.	Зельев шприц может быть зачарован на $(l:thermal:world/holding)Удержание$(/l) для увеличения ёмкости резервуара.	PASS		Смысл источника сохранён; текст достаточно простой, естественный и уместный в игровом интерфейсе.	81		
patchouli-json:thermal:guidebook:entries/equipment/tools/potion_infuser.json:/pages/1/title	sha256:6645e68334da1a13dd97198b3f05fc034de441102ee174e467dba0b3889f0016	Potion Infuser	Зельев шприц	PASS		Смысл источника сохранён; текст достаточно простой, естественный и уместный в игровом интерфейсе.	12		
patchouli-json:thermal:guidebook:entries/equipment/tools/potion_infuser.json:/pages/2/text	sha256:3bd1e8cede0d2f4d01bece2df510f666ba2fc3e062d0e219f915307dd6da7e37	$(li)$(l:thermal:technology/augments/integral_components)Integral Components$(/l)$(li)$(l:thermal:technology/augments/fluid_tank)Expanded Tank Construction$(/l)$(li)$(l:thermal:technology/augments/potion_amplifier)Alchemical Amplifier$(/l)$(li)$(l:thermal:technology/augments/potion_duration)Alchemical Extender$(/l)	$(li)$(l:thermal:technology/augments/integral_components)Интегральные компоненты$(/l)$(li)$(l:thermal:technology/augments/fluid_tank)Расширенная конструкция резервуара$(/l)$(li)$(l:thermal:technology/augments/potion_amplifier)Алхимический усилитель$(/l)$(li)$(l:thermal:technology/augments/potion_duration)Алхимический расширитель$(/l)	PASS		Смысл источника сохранён; текст достаточно простой, естественный и уместный в игровом интерфейсе.	103		
patchouli-json:thermal:guidebook:entries/equipment/tools/potion_infuser.json:/pages/2/title	sha256:dc3bece9b3ee08c20dc11957f9389c1c933c3d1f57867bd7c7cde6bb2e446d42	Augment Compatibility	Улучшения	PASS		Смысл источника сохранён; текст достаточно простой, естественный и уместный в игровом интерфейсе.	9		
patchouli-json:thermal:guidebook:entries/equipment/tools/potion_quiver.json:/name	sha256:51851d3ef8c9bed4357946a69783808c25bffe4d559fe65dde992da8b572da2f	Alchemical Quiver	Алхимический колчан	PASS		Смысл источника сохранён; текст достаточно простой, естественный и уместный в игровом интерфейсе.	19		
patchouli-json:thermal:guidebook:entries/equipment/tools/potion_quiver.json:/pages/0/text	sha256:3ed0b5d17aa4a7a9901f2280fae252ed094df4f16353a03782f0a8444664489b	Used to store and imbue arrows with potion effects. Right click with the quiver in your hand to transfer arrows from your inventory into the quiver. Press '$(k:cofh.mode_change_increment)' to toggle imbuement, which takes 50mb of the stored $(l:thermal:technology/potion_fluid)potion fluid$(/l) per arrow. The quiver can be filled and augmented in the Tinker's Workbench.	Используется для хранения и наполнения стрел эффектами зелий. Щёлкните ПКМ с колчаном в руке, чтобы перенести стрелы из инвентаря в колчан. Нажмите '$(k:cofh.mode_change_increment)' для включения/выключения автоматического наполнения стрел, использующего 50мВ хранимого $(l:thermal:technology/potion_fluid)жидкого зелья$(/l) на стрелу. Колчан можно заполнить и усовершенствовать на верстаке мастеров.	CHANGE	Хранит стрелы и наделяет их эффектами зелий. Нажмите ПКМ с колчаном в руке, чтобы переместить в него стрелы из инвентаря. Клавиша '$(k:cofh.mode_change_increment)' включает обработку стрел: на каждую расходуется 50 мВ $(l:thermal:technology/potion_fluid)жидкого зелья$(/l). Колчан можно наполнить и улучшить на верстаке мастеров.	Исправлены смысловое расхождение, калька или неестественная русская формулировка.	328	257	0.784
patchouli-json:thermal:guidebook:entries/equipment/tools/potion_quiver.json:/pages/1/text	sha256:36a658e689223ca1dc91b99c79fc860bf1eacbd496d7202a37aed00eb43697a6	It can be enchanted with $(l:thermal:world/holding)Holding$(/l) to improve fluid capacity.	Колчан может быть зачарован на $(l:thermal:world/holding)Удержание$(/l) для увеличения ёмкости.	PASS		Смысл источника сохранён; текст достаточно простой, естественный и уместный в игровом интерфейсе.	64		
patchouli-json:thermal:guidebook:entries/equipment/tools/potion_quiver.json:/pages/1/title	sha256:51851d3ef8c9bed4357946a69783808c25bffe4d559fe65dde992da8b572da2f	Alchemical Quiver	Алхимический колчан	PASS		Смысл источника сохранён; текст достаточно простой, естественный и уместный в игровом интерфейсе.	19		
patchouli-json:thermal:guidebook:entries/equipment/tools/potion_quiver.json:/pages/2/text	sha256:3bd1e8cede0d2f4d01bece2df510f666ba2fc3e062d0e219f915307dd6da7e37	$(li)$(l:thermal:technology/augments/integral_components)Integral Components$(/l)$(li)$(l:thermal:technology/augments/fluid_tank)Expanded Tank Construction$(/l)$(li)$(l:thermal:technology/augments/potion_amplifier)Alchemical Amplifier$(/l)$(li)$(l:thermal:technology/augments/potion_duration)Alchemical Extender$(/l)	$(li)$(l:thermal:technology/augments/integral_components)Интегральные компоненты$(/l)$(li)$(l:thermal:technology/augments/fluid_tank)Расширенная конструкция резервуара$(/l)$(li)$(l:thermal:technology/augments/potion_amplifier)Алхимический усилитель$(/l)$(li)$(l:thermal:technology/augments/potion_duration)Алхимический расширитель$(/l)	PASS		Смысл источника сохранён; текст достаточно простой, естественный и уместный в игровом интерфейсе.	103		
patchouli-json:thermal:guidebook:entries/equipment/tools/potion_quiver.json:/pages/2/title	sha256:dc3bece9b3ee08c20dc11957f9389c1c933c3d1f57867bd7c7cde6bb2e446d42	Augment Compatibility	Улучшения	PASS		Смысл источника сохранён; текст достаточно простой, естественный и уместный в игровом интерфейсе.	9		
patchouli-json:thermal:guidebook:entries/equipment/tools/rf_potato.json:/name	sha256:ad41773dfaa7fdc1271af578afcd2f60ba1b0c52cd279ee7e30b639da00fc150	Capacitato	Картофельный конденсатор	PASS		Смысл источника сохранён; текст достаточно простой, естественный и уместный в игровом интерфейсе.	24		
patchouli-json:thermal:guidebook:entries/equipment/tools/rf_potato.json:/pages/0/text	sha256:b64727df7537da43cb6a787dd06954310e111eb886db5621f6aa27d0151a607d	Stores and transfers RF. Cannot be used to recharge items in a player's inventory. It can be enchanted with $(l:thermal:world/holding)Holding$(/l) to improve RF capacity.	Хранит и передаёт RF-энергию. Нельзя использовать для подзарядки предметов в инвентаре игрока. Конденсатор может быть зачарован на $(l:thermal:world/holding)Удержание$(/l) для увеличения ёмкости.	PASS		Смысл источника сохранён; текст достаточно простой, естественный и уместный в игровом интерфейсе.	164		
patchouli-json:thermal:guidebook:entries/equipment/tools/rf_potato.json:/pages/1/text	sha256:69cccdd5059c1bb2c4f680fdf65f8af0703ea09822ce759c9739526b6b53360d	$(br2)$(o)'No tricks. This potato only generates 1.1 volts of electricity. I literally do not have the energy to lie to you.'	$(br2)$(o)'Никаких трюков. Эта картошка вырабатывает только 1,1 вольта электричества. У меня буквально нет сил лгать тебе.'	PASS		Смысл источника сохранён; текст достаточно простой, естественный и уместный в игровом интерфейсе.	113		
patchouli-json:thermal:guidebook:entries/equipment/tools/rf_potato.json:/pages/1/title	sha256:ad41773dfaa7fdc1271af578afcd2f60ba1b0c52cd279ee7e30b639da00fc150	Capacitato	Картофельный конденсатор	PASS		Смысл источника сохранён; текст достаточно простой, естественный и уместный в игровом интерфейсе.	24		
patchouli-json:thermal:guidebook:entries/equipment/tools/satchel.json:/name	sha256:f9344246bd9b9bfc6d1174bfb6d7cf910941d0e3781228d8a58208fb8e870c29	Satchel	Сумка	PASS		Смысл источника сохранён; текст достаточно простой, естественный и уместный в игровом интерфейсе.	5		
patchouli-json:thermal:guidebook:entries/equipment/tools/satchel.json:/pages/0/text	sha256:95fa3168a93e616ec20100e2de323591f75e2cfdd9eb91c370a4672d6908ff73	The Satchel is a bag that can hold things. It's pretty straightforward. Press '$(k:cofh.mode_change_increment)' to toggle auto-collect mode, where items are automatically stored on pickup, depending on Filter restrictions. It can be augmented in the Tinker's Workbench.	Сумка служат для хранения предметов. Это довольно просто. Нажмите '$(k:cofh.mode_change_increment)' для включения/отключения авто-собора, при котором предметы будут автоматически попадать в сумку, исходя из настроек фильтра. В сумку можно установить улучшения на верстаке мастеров.	CHANGE	Сумка хранит предметы — всё просто. Нажмите '$(k:cofh.mode_change_increment)', чтобы включить автосбор: поднятые предметы будут попадать в сумку с учётом настроек фильтра. Сумку можно улучшить на верстаке мастеров.	Исправлены смысловое расхождение, калька или неестественная русская формулировка.	250	183	0.732
patchouli-json:thermal:guidebook:entries/equipment/tools/satchel.json:/pages/1/text	sha256:e276e5c9a22376353e1be0814b5601d89d2e57719e1fddec228a1e826791cf22	It can be dyed in a Crafting Table with any normal dyes, and/or secured with a Signalum Security Lock.	Она может быть окрашена на верстаке красителем и защищена сигналовым замком.	PASS		Смысл источника сохранён; текст достаточно простой, естественный и уместный в игровом интерфейсе.	76		
patchouli-json:thermal:guidebook:entries/equipment/tools/satchel.json:/pages/1/title	sha256:f9344246bd9b9bfc6d1174bfb6d7cf910941d0e3781228d8a58208fb8e870c29	Satchel	Сумка	PASS		Смысл источника сохранён; текст достаточно простой, естественный и уместный в игровом интерфейсе.	5		
patchouli-json:thermal:guidebook:entries/equipment/tools/satchel.json:/pages/2/text	sha256:1b325795c808647a7a77992d01b1c71f5f4abd9e7dafb22d6812b51670d098fe	$(li)$(l:thermal:technology/augments/integral_components)Integral Components$(/l)$(li)$(l:thermal:technology/augments/item_filter)Item Filter$(/l)	$(li)$(l:thermal:technology/augments/integral_components)Интегральные компоненты$(/l)$(li)$(l:thermal:technology/augments/item_filter)Предметный фильтр$(/l)	PASS		Смысл источника сохранён; текст достаточно простой, естественный и уместный в игровом интерфейсе.	40		
patchouli-json:thermal:guidebook:entries/equipment/tools/satchel.json:/pages/2/title	sha256:dc3bece9b3ee08c20dc11957f9389c1c933c3d1f57867bd7c7cde6bb2e446d42	Augment Compatibility	Улучшения	PASS		Смысл источника сохранён; текст достаточно простой, естественный и уместный в игровом интерфейсе.	9		
patchouli-json:thermal:guidebook:entries/equipment/tools/watering_can.json:/name	sha256:310d664f4cb950ef0d3b089abd3c01b4a6b0ec7847f16e9dd7f573405c40ee79	Watering Can	Лейка	PASS		Смысл источника сохранён; текст достаточно простой, естественный и уместный в игровом интерфейсе.	5		
patchouli-json:thermal:guidebook:entries/equipment/tools/watering_can.json:/pages/0/text	sha256:7c73e2f6eb23842c5011bc136c2dbcd970662167e03cd569322046b9180f685d	Uses to water crops to accelerate their growth. It can be filled and augmented in the Tinker's Workbench. After installing radius augments, press '$(k:cofh.mode_change_increment)' to change between watering radii. It can be enchanted with $(l:thermal:world/holding)Holding$(/l) to improve water capacity.	Используется для полива сельскохозяйственных культур и ускорения их роста. Лейку можно наполнить и усовершенствовать на верстаке мастеров. После установки радиальных улучшений нажмите '$(k:cofh.mode_change_increment)' для смены радиуса полива. Лейка может быть зачарованна на $(l:thermal:world/holding)Удержание$(/l) для увеличения ёмкости.	CHANGE	Лейка ускоряет рост политых культур. Её можно наполнить и улучшить на верстаке мастеров. Установив радиальные улучшения, нажмите '$(k:cofh.mode_change_increment)', чтобы сменить радиус полива. Зачарование $(l:thermal:world/holding)Удержание$(/l) увеличивает запас воды.	Исправлены смысловое расхождение, калька или неестественная русская формулировка.	278	207	0.745
patchouli-json:thermal:guidebook:entries/equipment/tools/watering_can.json:/pages/1/title	sha256:310d664f4cb950ef0d3b089abd3c01b4a6b0ec7847f16e9dd7f573405c40ee79	Watering Can	Лейка	PASS		Смысл источника сохранён; текст достаточно простой, естественный и уместный в игровом интерфейсе.	5		
patchouli-json:thermal:guidebook:entries/equipment/tools/watering_can.json:/pages/2/text	sha256:3092f05904bf6fefaf42981e7362c94438894d722b5716d3d45562b03c2db1c1	$(li)$(l:thermal:technology/augments/integral_components)Integral Components$(/l)$(li)$(l:thermal:technology/augments/fluid_tank)Expanded Tank Construction$(/l)$(li)$(l:thermal:technology/augments/area_radius)Radial Enhancement$(/l)	$(li)$(l:thermal:technology/augments/integral_components)Интегральные компоненты$(/l)$(li)$(l:thermal:technology/augments/fluid_tank)Расширенная конструкция резервуара$(/l)$(li)$(l:thermal:technology/augments/area_radius)Радиальное улучшение$(/l)	PASS		Смысл источника сохранён; текст достаточно простой, естественный и уместный в игровом интерфейсе.	77		
patchouli-json:thermal:guidebook:entries/equipment/tools/watering_can.json:/pages/2/title	sha256:dc3bece9b3ee08c20dc11957f9389c1c933c3d1f57867bd7c7cde6bb2e446d42	Augment Compatibility	Улучшения	PASS		Смысл источника сохранён; текст достаточно простой, естественный и уместный в игровом интерфейсе.	9		
patchouli-json:thermal:guidebook:entries/equipment/tools/xp_crystal.json:/name	sha256:a29de41e3a29cc593df02ffeb613ed52c54a98cc20986b84a902a0aefb2af15d	Insightful Crystal	Проницательный кристалл	PASS		Смысл источника сохранён; текст достаточно простой, естественный и уместный в игровом интерфейсе.	23		
patchouli-json:thermal:guidebook:entries/equipment/tools/xp_crystal.json:/pages/0/text	sha256:3882e8c27c4adb417f46552d59d6a70deca9b2d0ee3fc0d8cd0e27855aac7d93	Portable XP Storage! The Insightful Crystal can hold 10K exp, equivalent to about 63 levels. This can be increased by enchanting it with $(l:thermal:world/holding)Holding$(/l).	Портативный накопитель опыта! Проницательный кристалл может вмещать 10 000 единиц опыта, что эквивалентно примерно 63 уровням. Может быть зачарован на $(l:thermal:world/holding)Удержание$(/l) для увеличения ёмкости.	PASS		Смысл источника сохранён; текст достаточно простой, естественный и уместный в игровом интерфейсе.	184		
patchouli-json:thermal:guidebook:entries/equipment/tools/xp_crystal.json:/pages/1/title	sha256:a29de41e3a29cc593df02ffeb613ed52c54a98cc20986b84a902a0aefb2af15d	Insightful Crystal	Проницательный кристалл	PASS		Смысл источника сохранён; текст достаточно простой, естественный и уместный в игровом интерфейсе.	23		
patchouli-json:thermal:guidebook:entries/guides/faq.json:/name	sha256:2bacba1de7186daf8d2871f1c2909dbd6cf91adf1fa092a94d982e13f6d5aa6e	Familiar, Answered Queries	Ответы на частые вопросы	PASS		Смысл источника сохранён; текст достаточно простой, естественный и уместный в игровом интерфейсе.	24		
patchouli-json:thermal:guidebook:entries/guides/faq.json:/pages/0/text	sha256:8dff245fe3df8a51fd5ec58ba055d68d8c1ecf9bf74280f52efc11fd0f284c40	Q: Where are itemducts?$(br)A: Read $(l:thermal:storage_and_transport/dynamics)this$(/l).$(br2)Q: Where are upgrade kits?$(br)A: Read $(l:thermal:technology/augments/integral_components)this$(/l).$(br2)Q: How can I increase the speed of my machines? $(br)A: Read $(l:thermal:technology/augments/integral_components)this$(/l) and $(l:thermal:technology/augments/machine_speed)this$(/l).$(br2)Q: Do these augments stack?$(br)A: Read $(l:thermal:technology/augments/introduction)this$(/l).	В: Где Dynamics/трубы?$(br)О: Прочтите $(l:thermal:storage_and_transport/dynamics)это$(/l).$(br2)В: Где находятся наборы обновления?$(br)О: Прочтите $(l:thermal:technology/augments/integral_components)это$(/l).$(br2)В: Как увеличить скорость механизмов и устройств?$(br)О: Прочтите $(l:thermal:technology/augments/integral_components)это$(/l) и $(l:thermal:technology/augments/machine_speed)это$(/l).$(br2)В: Складываются ли эти улучшения?$(br)О: Прочтите $(l:thermal:technology/augments/introduction)это$(/l).	CHANGE	В: Где предметные трубы?$(br)О: Читайте $(l:thermal:storage_and_transport/dynamics)здесь$(/l).$(br2)В: Где наборы улучшений?$(br)О: Читайте $(l:thermal:technology/augments/integral_components)здесь$(/l).$(br2)В: Как ускорить механизмы? $(br)О: Читайте $(l:thermal:technology/augments/integral_components)здесь$(/l) и $(l:thermal:technology/augments/machine_speed)здесь$(/l).$(br2)В: Эти улучшения складываются?$(br)О: Читайте $(l:thermal:technology/augments/introduction)здесь$(/l).	Исправлены смысловое расхождение, калька или неестественная русская формулировка.	209	181	0.866
patchouli-json:thermal:guidebook:entries/guides/faq.json:/pages/1/text	sha256:cb5677229e3bde119a46c0081c9115cc2fd56e86b2d90eaa10faff6c00232b23	Q: How can I change fluxbore/saw mode? $(br)A: You need to install $(l:thermal:technology/augments/area_radius)radius augments$(/l) in order to adjust the mining radius.$(br2)Q: How do I charge/augment my tools?$(br)A: Read $(l:thermal:technology/tinker_bench)this$(/l).$(br2)Q: Why is my dynamo slowly losing RF?$(br)A: The RF buffer in dynamos is only meant to determine how much to throttle the dynamo. Read $(l:thermal:technology/dynamos/introduction)this$(/l) for more information.	В: Как изменить радиус добычи бура/пилы?$(br)О: Вам необходимо установить $(l:thermal:technology/augments/area_radius)радиальное улучшение$(/l) для регулировки радиуса добычи.$(br2)В: Как мне заряжать/усовершенствовать свои инструменты?$(br)О: Прочтите $(l:thermal:technology/tinker_bench)это$(/l).$(br2)В: Почему мой генератор медленно теряет RF-энергию?$(br)О: Энерго-буфер в генераторах создан только для регулировки его работы. Прочтите $(l:thermal:technology/dynamos/introduction)это$(/l) для более подробной информации.	CHANGE	В: Как сменить режим бура или пилы? $(br)О: Чтобы менять радиус добычи, установите $(l:thermal:technology/augments/area_radius)радиальные улучшения$(/l).$(br2)В: Как заряжать и улучшать инструменты?$(br)О: Читайте $(l:thermal:technology/tinker_bench)здесь$(/l).$(br2)В: Почему генератор понемногу теряет RF?$(br)О: По заполнению буфера генератор регулирует мощность. Подробнее $(l:thermal:technology/dynamos/introduction)здесь$(/l).	Исправлены смысловое расхождение, калька или неестественная русская формулировка.	359	266	0.741
patchouli-json:thermal:guidebook:entries/guides/faq.json:/pages/2/link_text	sha256:f0882297563ff0dc51657e8e1c049ebe6e9d73d40dc5b49751228a34371bf7c4	Tool's Complement	Tool's Complement	PASS		Смысл источника сохранён; текст достаточно простой, естественный и уместный в игровом интерфейсе.	17		
patchouli-json:thermal:guidebook:entries/guides/faq.json:/pages/2/text	sha256:6794b0810e3676c08334ed928c4ce4ba870ed464cb9c03ad7479018ad69143e6	Q: Can x mod get support (recipes, etc)?$(br)A: You can request compatibility in our $(l:thermal:links/discord)discord server$(/l)$(br2)Q: Where are the basic tools/weapons/armor from Thermal, like the diamond excavator and electrum bow?$(br)A: They've been moved to separate mod:	В: Могут ли другие моды быть совместимы?$(br)О: Вы можете спросить об этом в $(l:thermal:links/discord)дискорд сервере$(/l).$(br2)В: Где основные инструменты/оружие/броня из Thermal, например алмазный заступ или инварный нагрудник?$(br)О: Они были перемещены в отдельный мод:	CHANGE	В: Можно добавить совместимость с другим модом?$(br)О: Запросите её на нашем $(l:thermal:links/discord)сервере Discord$(/l).$(br2)В: Где обычные инструменты, оружие и броня Thermal, например алмазный заступ и электрумовый лук?$(br)О: Они перенесены в отдельный мод:	Исправлены смысловое расхождение, калька или неестественная русская формулировка.	228	218	0.956
patchouli-json:thermal:guidebook:entries/guides/faq.json:/pages/3/text	sha256:52fbbcceea68be3547b8f7a1b0054cc6351efe6802ff8437158bb898edd1ccd8	Q: What happened to platinum, steel, mana-infused, etc?$(br)A: For various reasons, these were considered unnecessary to include in Thermal Foundation. If some come back, it will be in a separate compatibility mod.$(br2)Q: Why can't I place certain fluids?$(br)A: Some fluids would not add much if they were placeable, and other fluids are impossible to add because of limitations in the Forge fluid API.	В: Что случилось с платиной, сталью и подобным?$(br)О: По разным причинам их не добавили в Thermal Foundation. Если что-то вернётся, то будет находиться в режиме совместимости.$(br2)В: Почему невозможно разливать жидкости?$(br)О: Эта возможность в скором времени появится, но не раньше, чем Forge решит некоторые из своих проблем с жидкостями.	CHANGE	В: Куда делись платина, сталь, манонаполненный металл и прочее?$(br)О: По разным причинам их сочли лишними для Thermal Foundation. Если что-то вернётся, то в отдельном моде совместимости.$(br2)В: Почему некоторые жидкости нельзя разлить?$(br)О: Одни почти ничего не добавили бы миру, а другие невозможно разлить из-за ограничений API жидкостей Forge.	Исправлены смысловое расхождение, калька или неестественная русская формулировка.	327	334	1.021
patchouli-json:thermal:guidebook:entries/guides/faq.json:/pages/4/text	sha256:5a9d1c1ae9e58e77c9bca438ce44b4e0ae57b823ead97096f6588624f175e1f2	Q: How can I modify oregen? $(br)A: Ore spawning/rarity can be controlled using datapacks.$(br2)Q: How do I change configs?$(br)A: Configs are now created on a per-save basis; find them in the serverconfigs folder in the save file. You can also set default configs by copying the files from the serverconfigs folder into the defaultconfigs folder and editing them.	В: Как изменить генерацию руд?$(br)О: В конфигурации есть опции для включения/отключения генерации руд, но настройки таких деталей, как высота генерации, ещё не реализованы.$(br2)В: Как изменить конфигурацию?$(br)О: Файлы конфигурации теперь создаются для каждого мира в папке serverconfig мира. Можно задать конфигурацию по умолчанию, скопировав файлы из папки serverconfig в папку defaultconfigs.	CHANGE	В: Как изменить генерацию руд? $(br)О: Появление и редкость руд настраиваются наборами данных.$(br2)В: Как изменить настройки?$(br)О: Настройки создаются отдельно для каждого мира в его папке serverconfigs. Для настроек по умолчанию скопируйте файлы оттуда в папку defaultconfigs и измените их.	Исправлены смысловое расхождение, калька или неестественная русская формулировка.	382	278	0.728
patchouli-json:thermal:guidebook:entries/guides/faq.json:/pages/5/text	sha256:8f3dc360ed62eedcd248c5bb3aaffa1aebd1f65fd643886eb405f5c9a966b3d9	Q: Where and how can I report a bug? $(br)A: You can ask in our $(l:thermal:links/discord)discord server$(/l). Before reporting, ensure that your mods are up to date and you do not have Optifine installed.$(br2)Q: How can I change recipes?$(br)A: Thermal mods are all data-driven, so you can use datapacks to modify recipes, as shown $(l:thermal:guides/modpack/recipes)here$(/l). Alternatively, the Thermal mods have CraftTweaker support.	В: Как я могу сообщить о баге/недоработке? $(br)О: Вы можете спросить об этом в $(l:thermal:links/discord)дискорд сервере$(/l). Прежде чем сообщать, убедитесь, что моды обновлены, а также не установлен Optifine.$(br2)В: Как изменить рецепты?$(br)О: Рецепты в Thermal Series зависят от данных, поэтому можно использовать наборы данных для изменения рецептов, как показано $(l:thermal:guides/modpack/recipes)здесь$(/l). В качестве альтернативы, Thermal Series имеет поддержку Craftweaker.	CHANGE	В: Где сообщить об ошибке? $(br)О: Спросите на нашем $(l:thermal:links/discord)сервере Discord$(/l). Перед обращением обновите моды и убедитесь, что Optifine не установлен.$(br2)В: Как изменить рецепты?$(br)О: Thermal использует данные, поэтому рецепты можно менять наборами данных, как показано $(l:thermal:guides/modpack/recipes)здесь$(/l). Также поддерживается CraftTweaker.	Исправлены смысловое расхождение, калька или неестественная русская формулировка.	399	290	0.727
patchouli-json:thermal:guidebook:entries/guides/modpack/augments.json:/name	sha256:288c6d6b8014fda510f62023d3ab3861177be7ab30cad4ce80e9c5c5a7b6cd46	Custom Augments	Пользовательские улучшения	PASS		Смысл источника сохранён; текст достаточно простой, естественный и уместный в игровом интерфейсе.	26		
patchouli-json:thermal:guidebook:entries/guides/modpack/augments.json:/pages/0/text	sha256:e9a3d4c51e463e398503fedc7ad11ea0571c729bf13a8f8d7efc3a3020a5726a	The augment system was created with modularity, customizability, and flexbility in mind. Augments are NBT-based, meaning you can assign any modifiers and values you want by modifying item NBT. In other words, there's nothing special about the augments that Thermal provides - literally any item can be an augment, assuming it has the relevant NBT data. Even a potato.	Система улучшений была создана с учётом модульности, настраиваемости и гибкости. Улучшения основаны на NBT, что означает, можно назначить любые модификаторы и значения, изменив NBT-данные. Другими словами, в улучшениях, которые предоставляет Thermal, нет ничего особенного - буквально любой предмет может быть улучшением, при условии, что у него есть соответствующие NBT-данные.	CHANGE	Система улучшений рассчитана на модульность и гибкую настройку. Улучшения основаны на NBT: изменяя NBT предмета, можно назначить любые модификаторы и значения. Поэтому в улучшениях Thermal нет ничего особенного — улучшением может стать буквально любой предмет с подходящими NBT-данными. Даже картошка.	Исправлены смысловое расхождение, калька или неестественная русская формулировка.	378	301	0.796
patchouli-json:thermal:guidebook:entries/guides/modpack/augments.json:/pages/1/text	sha256:65bccaee18aef262eb8fb5929ab2e9c8a67359d0daa1853850579e7b6f959596	Augments have a type and modifiers. The type determines what blocks the augment can be inserted into, and can also affect stackability. Read the $(l:thermal:technology/augments/introduction)intro on augments$(/l) for more information. If a type is not specified, no restrictions are placed on the augment.	Улучшения имеют тип и модификаторы. Тип определяет, где улучшение будет использоваться, а также может влиять на возможность складывания. Читайте $(l:thermal:technology/augments/introduction)введение в улучшения$(/l) для получения более подробной информации. Если тип не указан, то на улучшение не накладывается никаких ограничений.	PASS		Смысл источника сохранён; текст достаточно простой, естественный и уместный в игровом интерфейсе.	281		
patchouli-json:thermal:guidebook:entries/guides/modpack/augments.json:/pages/2/text	sha256:5c441ac781a890e23a23760ca894bdbc516154eb138e0277cac16ce1a43ec9ef	Modifiers are assigned to an item through attribute-value pairs, the attribute being the modifier and the value being the modifier amount. All values are floats, even if the modifier suggests it should be integral (e.g. potion strength). More on this later.	Модификаторы назначаются предмету с помощью пар атрибут-значение, где атрибут является модификатором, а значение - суммой модификатора. Все значения являются плавающими, даже если модификатор предполагает, что они должны быть целыми (например, сила зелья). Подробнее об этом позже.	CHANGE	Модификаторы задаются парами «атрибут — значение»: атрибут указывает модификатор, а значение — его величину. Все значения имеют тип float, даже если модификатор кажется целочисленным, например сила зелья. Подробнее об этом позже.	Исправлены смысловое расхождение, калька или неестественная русская формулировка.	281	229	0.815
patchouli-json:thermal:guidebook:entries/guides/modpack/augments.json:/pages/3/link_text	sha256:20462ebd4780e56ca5caca063b505c437a6cb6f1e5938ae183450ba917fd6a7e	Github Link	Ссылка на Github	PASS		Смысл источника сохранён; текст достаточно простой, естественный и уместный в игровом интерфейсе.	16		
patchouli-json:thermal:guidebook:entries/guides/modpack/augments.json:/pages/3/text	sha256:4a4fea040cab5f5488197fbfb33d8d4c9f3a084cd2d07828d1bcafc26c560508	The general form of the NBT is as follows: $(br2){AugmentData:$(br){Type:'[augment type]',$(br)[modifier 1]:[float value]f, $(br)[modifier 2]:[float value]f, $(br)[...]}}$(br2)A full list of available augment types and modifiers can be found in King Lemming's Github; link below. 	Общая форма NBT выглядит следующим образом: $(br2){AugmentData:$(br){Type:'[augment type]',$(br)[modifier 1]:[float value]f, $(br)[modifier 2]:[float value]f, $(br)[...]}}$(br2)Полный список доступных типов дополнений и модификаторов можно найти на Github-е Кинга Лемминга; Ссылка внизу. 	CHANGE	Общий вид NBT: $(br2){AugmentData:$(br){Type:'[augment type]',$(br)[modifier 1]:[float value]f, $(br)[modifier 2]:[float value]f, $(br)[...]}}$(br2)Полный список типов и модификаторов улучшений есть на GitHub Кинга Лемминга; ссылка ниже. 	Исправлены смысловое расхождение, калька или неестественная русская формулировка.	256	206	0.805
patchouli-json:thermal:guidebook:entries/guides/modpack/augments.json:/pages/4/text	sha256:4657453656de7774de731aac37f98953c585f8da477e632376efb37f0cd98986	So, for example, the command to make a machine augment that makes the energy of all recipes 0 (a creative machine augment, essentially) is as follows (click to execute command): $(br)$(c:/summon minecraft:item ~ ~ ~ {Item:{id:'minecraft:sea_pickle',Count:1b,tag:{AugmentData:{Type:'Machine',MachineEnergy:0.0f}}}})/give $(playername) minecraft:sea_pickle{AugmentData:{Type:'Machine',MachineEnergy:0.0f}} 1$(/c)$(br2)If there are multiple modifier-value pairs with the same modifier, the one that comes last takes precedence.	Хорошо, например, команда для создания улучшения, которое делает требуемую энергию всех рецептов равной 0 (по сути, творческое улучшение), выглядит следующим образом (нажмите, чтобы выполнить команду): $(br)$(c:/summon minecraft:item ~ ~ ~ {Item:{id:'minecraft:sea_pickle',Count:1b,tag:{AugmentData:{Type:'MchAug',MchEn:0.0f}}}})/give $(playername) minecraft:sea_pickle{AugmentData:{Type:'MchAug',MchEn:0.0f}} 1$(/c)$(br)Если существует несколько пар значение-модификатор с одним и тем же модификатором, приоритет имеет тот, который идёт последним.	CHANGE	Например, так выглядит команда для улучшения механизма, которое снижает расход энергии всех рецептов до 0, то есть фактически делает механизм творческим (нажмите, чтобы выполнить): $(br)$(c:/summon minecraft:item ~ ~ ~ {Item:{id:'minecraft:sea_pickle',Count:1b,tag:{AugmentData:{Type:'Machine',MachineEnergy:0.0f}}}})/give $(playername) minecraft:sea_pickle{AugmentData:{Type:'Machine',MachineEnergy:0.0f}} 1$(/c)$(br2)Если один модификатор указан несколько раз, действует последняя пара.	Исправлены смысловое расхождение, калька или неестественная русская формулировка.	398	328	0.824
patchouli-json:thermal:guidebook:entries/guides/modpack/augments.json:/pages/5/text	sha256:3e64d50076a1f9a4be1263a3e398c60195a6ecce176d4127cc53a326c555bf42	Certain modifiers are unstackable - that is to say, if multiple augments on the same tool/block have the same modifier, the highest value will take precedence. These modifiers have their values underlined. Stackability is a trait inherent to the modifier type; for example, RFMax will always be unstackable and AERad will always be stackable, regardless of the values.	Некоторые модификаторы не поддаются складыванию - то есть, если несколько дополнений одного и того же инструмента/блока имеют один и тот же модификатор, приоритет будет иметь наибольшее значение. Значения этих модификаторов подчёркнуты. Складываемость - это черта, присущая типу модификатора; например, максимальные никогда не будут складываться, а радиуса - всегда будут складываться, независимо от значений.	CHANGE	Некоторые модификаторы не складываются: если у нескольких улучшений одного инструмента или блока совпадает модификатор, действует наибольшее значение. Такие значения подчёркнуты. Возможность сложения определяется типом модификатора: например, RFMax никогда не складывается, а AERad складывается всегда, независимо от значений.	Исправлены смысловое расхождение, калька или неестественная русская формулировка.	409	326	0.797
patchouli-json:thermal:guidebook:entries/guides/modpack/augments.json:/pages/5/title	sha256:9f4cc0ec7fea551f358f19f74c82d479fd8842c8740ca626b5b1317ce9d14ab5	A Note on Stacking	Примечание по сложению	PASS		Смысл источника сохранён; текст достаточно простой, естественный и уместный в игровом интерфейсе.	22		
patchouli-json:thermal:guidebook:entries/guides/modpack/augments.json:/pages/6/text	sha256:5bf0b20cf1eff4ac2dc0b396314d3b665edb00867b0990db115e9003d1b16818	As mentioned earlier, all values are input as floats. This causes some interesting interactions with modifiers that seem to be integral. In these situations, the augment will display the value as the input float rounded to the nearest integer. However, the actual behavior of the tool/block might differ, depending on the modifier/value.	Все значения вводятся в виде чисел с плавающей точкой. Это вызывает некоторые интересные взаимодействия с модификаторами, которые кажутся неотъемлемыми. В этих ситуациях улучшение будет отображать значение в виде входного значения с плавающей точкой, округлённого до ближайшего целого числа. Однако фактическое поведение инструмента/блока может отличаться в зависимости от модификатора/значения.	CHANGE	Как сказано выше, все значения вводятся как числа с плавающей точкой. Это необычно влияет на модификаторы, которые кажутся целочисленными: улучшение показывает введённое число, округлённое до ближайшего целого, но фактическое поведение инструмента или блока зависит от конкретного модификатора и значения.	Исправлены смысловое расхождение, калька или неестественная русская формулировка.	395	305	0.772
patchouli-json:thermal:guidebook:entries/guides/modpack/augments.json:/pages/6/title	sha256:6d2469609d74238b7fac38c11e0a459320616f249ee92357951df8edca3fc668	A Note on Floats	Заметки	LENGTH_EXCEPTION	О дробных числах	Исправлены смысловое расхождение, калька или неестественная русская формулировка. Естественный полный вариант превышает мягкий предел 110%.	7	16	2.286
patchouli-json:thermal:guidebook:entries/guides/modpack/recipes.json:/name	sha256:86e82814ae604908e63028801ffe84fdad5346f2efe9bb0d838d436022fbc49a	Custom Recipes	Пользовательские рецепты	PASS		Смысл источника сохранён; текст достаточно простой, естественный и уместный в игровом интерфейсе.	24		
patchouli-json:thermal:guidebook:entries/guides/modpack/recipes.json:/pages/0/link_text	sha256:452bf3a02ba7b8d4864835b0f55d53f1dd2c6a3b1b08eb1532e8d3c8882a7cf4	Minecraft Wiki	Minecraft Wiki	PASS		Смысл источника сохранён; текст достаточно простой, естественный и уместный в игровом интерфейсе.	14		
patchouli-json:thermal:guidebook:entries/guides/modpack/recipes.json:/pages/0/text	sha256:a239149b09d4a7b327cbdfd50197d9aa70aa84f36e527c0664ff9b0142a3b88f	All machines, devices, dynamos, etc use JSONs to determine their recipes and catalysts, meaning you can use datapacks to create and modify recipes. Alternatively, Thermal has CraftTweaker support, if you're more comfortable with that. Below is a link to the Minecraft Wiki to get you started on datapacks.	Все механизмы, устройства, генераторы и т. д. используют JSON-ы для определения своих рецептов и катализаторов. Можно использовать наборы данных для создания и изменения рецептов. В качестве альтернативы, у Thermal есть поддержка Craftweaker, если Вас это больше устраивает.	CHANGE	Рецепты и катализаторы всех механизмов, устройств и генераторов задаются в JSON, поэтому их можно создавать и менять наборами данных. Если так удобнее, Thermal также поддерживает CraftTweaker. Ниже приведена ссылка на статью Minecraft Wiki о наборах данных.	Исправлены смысловое расхождение, калька или неестественная русская формулировка.	274	257	0.938
patchouli-json:thermal:guidebook:entries/guides/modpack/recipes.json:/pages/1/link_text	sha256:060cf11bc3dea98d0c9823d9269f3208932781ded553c16c67ea7a41719cf3fc	Machine Recipe	Рецепты механизмов	CHANGE	Рецепт механизма	Исправлены смысловое расхождение, калька или неестественная русская формулировка.	18	16	0.889
patchouli-json:thermal:guidebook:entries/guides/modpack/recipes.json:/pages/1/text	sha256:3ae0ed52a5a7af6f3b3338135bccfabc5a78ad23ece82288184863ccc3dce360	Below is a link to an example of a machine recipe. The first output is always the primary output, while the rest are always secondary outputs. 'count' is an integral value, unaffected by catalysts. 'chance' is a float value, affected by catalysts by default (can be changed by setting 'locked' to true).	Ссылка на пример машинного рецепта. Первый выход всегда является первичным, в то время как остальные всегда являются вторичными. 'count' - это интегральная величина, на которую не влияют катализаторы. 'chance' - это значение с плавающей точкой, на которое по умолчанию влияют катализаторы (его можно изменить, установив параметр 'locked' в значение true).	CHANGE	Ниже дана ссылка на пример рецепта механизма. Первый результат всегда основной, остальные — вторичные. 'count' — целое число, на которое катализаторы не влияют. 'chance' — число с плавающей точкой, на которое катализаторы влияют по умолчанию; параметр 'locked': true отключает это влияние.	Исправлены смысловое расхождение, калька или неестественная русская формулировка.	355	289	0.814
patchouli-json:thermal:guidebook:entries/guides/modpack/recipes.json:/pages/2/link_text	sha256:28ee6d0269c88754e8521b1ff14851e312d8adc2367730a61454cc2fb8b10544	Catalyst	Катализаторы	CHANGE	Катализатор	Исправлены смысловое расхождение, калька или неестественная русская формулировка.	12	11	0.917
patchouli-json:thermal:guidebook:entries/guides/modpack/recipes.json:/pages/2/text	sha256:833374b27ed2cb65a56bd7d05f4688f7f3509f8b7356ee6d6837bc4e948bcb28	Below is a link to an example of a Json for adding a catalyst to a machine. The machine, item, and all 4 catalyst multipliers are defined here. For more information on catalysts, read $(l:thermal:world/materials/catalysts)this$(/l).	Ниже приведена ссылка на пример Json для добавления катализатора в механизм. Здесь определена машина, изделие и все 4 множителя катализатора. Для получения дополнительной информации о катализаторах читайте $(l:thermal:world/materials/catalysts)это$(/l).	CHANGE	Ниже дана ссылка на пример JSON, добавляющего катализатор механизму. В нём задаются механизм, предмет и все 4 множителя катализатора. Подробнее о катализаторах читайте $(l:thermal:world/materials/catalysts)здесь$(/l).	Исправлены смысловое расхождение, калька или неестественная русская формулировка.	210	174	0.829
patchouli-json:thermal:guidebook:entries/guides/modpack/recipes.json:/pages/3/link_text	sha256:ede211ebf88f49ad33335ebbbd8f85b754c96424298cb63b0b9a5fb63c188838	Extractor Boost	Ускорение выжимателя	CHANGE	Усиление выжимателя	Исправлены смысловое расхождение, калька или неестественная русская формулировка.	20	19	0.950
patchouli-json:thermal:guidebook:entries/guides/modpack/recipes.json:/pages/3/text	sha256:62e8339e14d417eee456dff38216d65e7f57b9a8e8f22b5d546b81ca0470c62a	Below is a link to an example of a Json for boosting arboreal extractor output using Phyto-Gro. It's pretty simple, not much to say here.	Ниже приведена ссылка на пример Json для повышения производительности древесного выжимателя используя фито-гро. Это довольно просто, здесь особо нечего сказать.	CHANGE	Ниже дана ссылка на пример JSON, в котором Фито-Гро повышает выход древесного выжимателя. Всё довольно просто.	Исправлены смысловое расхождение, калька или неестественная русская формулировка.	160	110	0.688
patchouli-json:thermal:guidebook:entries/guides/modpack/recipes.json:/pages/4/link_text	sha256:2ed2e5a908a5d9970899be9c779cb6c1ada8aa2c0a5411380737c87ed99f413e	Dynamo Recipe	Рецепты генераторов	CHANGE	Рецепт генератора	Исправлены смысловое расхождение, калька или неестественная русская формулировка.	19	17	0.895
patchouli-json:thermal:guidebook:entries/guides/modpack/recipes.json:/pages/4/text	sha256:1175d4eaf1cff87e417af45b2664c572f803c28180cc5250c6903c0c0a90374d	Below is a link to an example of a Json for burning refined fuel in a dynamo. An important limitation to keep in mind is that the energy value must be at least 10k RF!	Ниже приведена ссылка на пример Json для сжигания очищенного топлива в динамо-машине. Важным ограничением, которое следует иметь в виду, является то, что энергетическая ценность должна составлять не менее 10000 RF!	CHANGE	Ниже дана ссылка на пример JSON для сжигания очищенного топлива в генераторе. Важно: значение энергии должно быть не меньше 10 000 RF!	Исправлены смысловое расхождение, калька или неестественная русская формулировка.	214	134	0.626
patchouli-json:thermal:guidebook:entries/links/contributions/darkangel22579.json:/name	sha256:b4e2d20eb206e666b52aca337eb29257d269b1fde58daec07d6bb15a5d249242	DarkAngel22579	DarkAngel22579	PASS		Смысл источника сохранён; текст достаточно простой, естественный и уместный в игровом интерфейсе.	14		
patchouli-json:thermal:guidebook:entries/links/contributions/darkangel22579.json:/pages/0/text	sha256:b6f64f9618de75c42a1dbaca784708949d2b8fc0c11c275a244ca0c2eb4b62ce	Provided the machine contributions.	Поучаствовал в создании механизмов.	PASS		Смысл источника сохранён; текст достаточно простой, естественный и уместный в игровом интерфейсе.	35		
patchouli-json:thermal:guidebook:entries/links/contributions/darkangel22579.json:/pages/0/title	sha256:b4e2d20eb206e666b52aca337eb29257d269b1fde58daec07d6bb15a5d249242	DarkAngel22579	DarkAngel22579	PASS		Смысл источника сохранён; текст достаточно простой, естественный и уместный в игровом интерфейсе.	14		
patchouli-json:thermal:guidebook:entries/links/contributions/drullkus.json:/name	sha256:5f47c9348207272bc41ec5d16c2cd4fa9e1b983769deaa16debcf81cf6b9d7ac	Drullkus	Drullkus	PASS		Смысл источника сохранён; текст достаточно простой, естественный и уместный в игровом интерфейсе.	8		
patchouli-json:thermal:guidebook:entries/links/contributions/drullkus.json:/pages/0/text	sha256:ebbf5e1810732d19db67d08b3b1953009b94df55a81fe4779fea1cac46384837	Much needed Patchouli support in terms of how things work. Assists with Thermal Series textures, and many other mods. Loves to say how bad his own work is.	Столь необходимая поддержка Patchouli с точки зрения того, как всё работает. Помогает с текстурами Theraml-серии и многими другими модами. Любит говорить, насколько плоха его собственная работа.	CHANGE	Очень помог разобраться в работе Patchouli. Помогает с текстурами серии Thermal и многих других модов. Любит ругать собственную работу.	Исправлены смысловое расхождение, калька или неестественная русская формулировка.	194	135	0.696
patchouli-json:thermal:guidebook:entries/links/contributions/drullkus.json:/pages/0/title	sha256:5f47c9348207272bc41ec5d16c2cd4fa9e1b983769deaa16debcf81cf6b9d7ac	Drullkus	Drullkus	PASS		Смысл источника сохранён; текст достаточно простой, естественный и уместный в игровом интерфейсе.	8		
patchouli-json:thermal:guidebook:entries/links/contributions/floofhips.json:/name	sha256:7703b6f6f9a7b8211abac34de7529128c1ce1f6aec6574187af90d1c694872df	FloofHips	FloofHips	PASS		Смысл источника сохранён; текст достаточно простой, естественный и уместный в игровом интерфейсе.	9		
patchouli-json:thermal:guidebook:entries/links/contributions/floofhips.json:/pages/0/link_text	sha256:718b9389d33445903e19b9fd46d83cfa206ed16bccb62746f96bd268b7890dc2	FloofHips' Twitter	FloofHips' Twitter	PASS		Смысл источника сохранён; текст достаточно простой, естественный и уместный в игровом интерфейсе.	18		
patchouli-json:thermal:guidebook:entries/links/contributions/floofhips.json:/pages/0/text	sha256:02edb0b19e3800bd35cfb6a894af4af194778db7549e3a3d533109e95a376e08	Created many of the beautiful Thermal Series' textures your eyes are blessed with. Floof also made this book have some more jazz multiple times.	Создал многие из красивых текстур Theraml-серии, которые радуют глаз. Floof также несколько раз добавлял в эту книгу больше джаза.	CHANGE	Создал множество прекрасных текстур Thermal, которые радуют глаз. А ещё не раз делал эту книгу ярче.	Исправлены смысловое расхождение, калька или неестественная русская формулировка.	130	100	0.769
patchouli-json:thermal:guidebook:entries/links/contributions/hekera.json:/name	sha256:d9a37ab49fcb8243a4097eed3a90565e210a243e3ed2ff587ea07c89ac499e14	Hekera	Hekera	PASS		Смысл источника сохранён; текст достаточно простой, естественный и уместный в игровом интерфейсе.	6		
patchouli-json:thermal:guidebook:entries/links/contributions/hekera.json:/pages/0/text	sha256:601898be5b96cd0cdaacc67302e5b8a19e86b1fe58a368363766886951a9a511	Co-author, rewrote the book a lot. Made the book much fancier with an improved layout, and suffered through many errors. Loves to make fun of Shiny.	Соавтор, много чего переписывал в книге. Сделал книгу намного красивее с улучшенным макетом и прошёл через множество ошибок. Любит подшучивать над Shiny.	CHANGE	Соавтор, который многое переписал. Улучшил оформление книги и пережил множество ошибок. Любит подшучивать над Shiny.	Исправлены смысловое расхождение, калька или неестественная русская формулировка.	153	116	0.758
patchouli-json:thermal:guidebook:entries/links/contributions/hekera.json:/pages/0/title	sha256:d9a37ab49fcb8243a4097eed3a90565e210a243e3ed2ff587ea07c89ac499e14	Hekera	Hekera	PASS		Смысл источника сохранён; текст достаточно простой, естественный и уместный в игровом интерфейсе.	6		
patchouli-json:thermal:guidebook:entries/links/contributions/hekera.json:/pages/2/text	sha256:766c219ad4a468badf843f6046753e116da4dea06671a6f80d84025081d40566	5 more minutes, please...	Ещё 5 минут, пожалуйста...	PASS		Смысл источника сохранён; текст достаточно простой, естественный и уместный в игровом интерфейсе.	26		
patchouli-json:thermal:guidebook:entries/links/contributions/onelemonyboi.json:/name	sha256:60d0d46b486625011e722ad3460d3fa8b558a106d4fc76357e906369d5b21f7b	OneLemonyBoi	OneLemonyBoi	PASS		Смысл источника сохранён; текст достаточно простой, естественный и уместный в игровом интерфейсе.	12		
patchouli-json:thermal:guidebook:entries/links/contributions/onelemonyboi.json:/pages/0/text	sha256:b6fcee68609cee74e4ca456a69fe83e5dda5eb06f471032a9be692fe9b061c25	Dynamo category, and some mod support contributions.	В руководстве создал категорию генераторов и внёс некоторый вклад в поддержку модов.	PASS		Смысл источника сохранён; текст достаточно простой, естественный и уместный в игровом интерфейсе.	84		
patchouli-json:thermal:guidebook:entries/links/contributions/onelemonyboi.json:/pages/0/title	sha256:60d0d46b486625011e722ad3460d3fa8b558a106d4fc76357e906369d5b21f7b	OneLemonyBoi	OneLemonyBoi	PASS		Смысл источника сохранён; текст достаточно простой, естественный и уместный в игровом интерфейсе.	12		
patchouli-json:thermal:guidebook:entries/links/contributions/shiny.json:/name	sha256:4425222e816b50c6096cb1e58b7e6d48fb013a376d4ed0027ce8dbe9203e04ef	ShinyPorygon	ShinyPorygon	PASS		Смысл источника сохранён; текст достаточно простой, естественный и уместный в игровом интерфейсе.	12		
patchouli-json:thermal:guidebook:entries/links/contributions/shiny.json:/pages/0/text	sha256:eb9efe5e8c48f2b2cbd6727ab570c0457896a9fdbd1d3697501229983c5a5edf	Project lead, Co-author. Initial book work including categories. Wrote some things for Discord, many mod support files (with more to come) personal nuisance to King, spreader of misinformation, moral support to Hekera.	Руководитель проекта, соавтор. Начальная работа над книгой, включая категории. Написал кое-что для дискорда, много файлов поддержки модов (и еще больше впереди), личный раздражитель для Кинга, распространитель дезинформации, моральная поддержка для Hekera.	CHANGE	Руководитель проекта и соавтор. Начал работу над книгой и её категориями. Писал материалы для Discord и множество файлов совместимости, а впереди ещё больше. Лично действует Кингу на нервы, распространяет дезинформацию и морально поддерживает Hekera.	Исправлены смысловое расхождение, калька или неестественная русская формулировка.	256	250	0.977
patchouli-json:thermal:guidebook:entries/links/contributions/shiny.json:/pages/0/title	sha256:4425222e816b50c6096cb1e58b7e6d48fb013a376d4ed0027ce8dbe9203e04ef	ShinyPorygon	ShinyPorygon	PASS		Смысл источника сохранён; текст достаточно простой, естественный и уместный в игровом интерфейсе.	12		
patchouli-json:thermal:guidebook:entries/links/contributions/shiny.json:/pages/2/text	sha256:c8f59120ad8a06249cb479f8894fae3f05186508cc303316ce790e9732f18309	Did you ever hear the Tragedy of Darth Lemming the wise? I thought not. It's not a story the CoFH wiki would tell you. It's a Discord legend. Darth Lemming was a Dark Lord of Java, so powerful and so wise he could use the Code to influence the other modders to fix bugs... He had such a knowledge of Java that he could even keep the mods he cared about from dying.	Вы когда-нибудь слышали о трагедии Дарта Лемминга мудрого? Я так и думал. Это не та история, которую рассказала бы вики CoFH. Это легенда о раздоре. Дарт Лемминг был Тёмным Лордом Java, настолько могущественным и мудрым, что мог использовать код, чтобы влиять на других моддеров, исправляя ошибки... У него было такое знание Java, что он мог даже уберечь моды, о которых он заботился, от смерти.	CHANGE	Вы слышали трагедию Дарта Лемминга Мудрого? Вряд ли. Вики CoFH такого не расскажет. Это легенда Discord. Дарт Лемминг был Тёмным владыкой Java, настолько могущественным и мудрым, что с помощью Кода заставлял других моддеров исправлять ошибки... Он знал Java так хорошо, что мог спасти дорогие ему моды от гибели.	Исправлены смысловое расхождение, калька или неестественная русская формулировка.	395	312	0.790
patchouli-json:thermal:guidebook:entries/links/contributions/shiny.json:/pages/3/text	sha256:f8c8026aa90d2eac4a04cb7dd4ee5d96214c0082280bc5ce1103d463b66b2a75	The dark side of Java is a pathway to many abilities some consider to be unnatural. He became so powerful... the only thing he was afraid of was losing RF balance, which eventually, of course, he did. Unfortunately, he taught other modders everything he knew, then these modders scaled RF usage a thousandfold. It's ironic he could save other mods from being underpowered, but not his own.	Тёмная сторона Java - это путь ко многим способностям, которые некоторые считают неестественными. Он стал таким могущественным... Единственное, чего он боялся - это потерять равновесие, что в конце концов, конечно, и произошло. К сожалению, он научил других моддеров всему, что знал сам, а затем эти моддеры увеличили использование RF в тысячу раз. Иронично, что он смог спасти другие моды от недостаточной мощности, но не свой собственный.	CHANGE	Тёмная сторона Java открывает путь к способностям, которые многие считают неестественными. Он стал настолько могущественным... что боялся лишь потерять баланс RF, что, конечно, однажды и случилось. Он научил других моддеров всему, что знал, а они увеличили расход RF в тысячу раз. Ирония: он спасал другие моды от слабости, но не свой.	Исправлены смысловое расхождение, калька или неестественная русская формулировка.	440	335	0.761
patchouli-json:thermal:guidebook:entries/links/contributions/spongeblast.json:/name	sha256:92283b3e5069540f0906c30cad3f1764a0818411e212eb846537294dbfe76103	SpongeBlast	SpongeBlast	PASS		Смысл источника сохранён; текст достаточно простой, естественный и уместный в игровом интерфейсе.	11		
patchouli-json:thermal:guidebook:entries/links/contributions/spongeblast.json:/pages/0/text	sha256:97f38ffe423ac732b89898dfe2e5130e84d76fe5c711d5d5f26c3dc7cdc6695c	Augments category, so you all can know what to use them for finally. :D 	В руководстве создал категорию улучшений, чтобы все могли наконец знать, для чего их использовать. :D 	PASS		Смысл источника сохранён; текст достаточно простой, естественный и уместный в игровом интерфейсе.	102		
patchouli-json:thermal:guidebook:entries/links/contributions/spongeblast.json:/pages/0/title	sha256:92283b3e5069540f0906c30cad3f1764a0818411e212eb846537294dbfe76103	SpongeBlast	SpongeBlast	PASS		Смысл источника сохранён; текст достаточно простой, естественный и уместный в игровом интерфейсе.	11		
patchouli-json:thermal:guidebook:entries/links/ctm.json:/name	sha256:def67d0561e1753a2a0b1ebd648f8d48b238652f7d4ec913804f1ac52c202061	Connected Textures Mod	Connected Textures Mod	PASS		Смысл источника сохранён; текст достаточно простой, естественный и уместный в игровом интерфейсе.	22		
patchouli-json:thermal:guidebook:entries/links/ctm.json:/pages/0/link_text	sha256:882a5217ba4cf7524e062fc9d3b97f7fa28988dcf041c7d1cf961a2d8736c641	CTM	CTM	PASS		Смысл источника сохранён; текст достаточно простой, естественный и уместный в игровом интерфейсе.	3		
patchouli-json:thermal:guidebook:entries/links/ctm.json:/pages/0/text	sha256:01b43da887ba5858cab2264a6ecaafe668b06109c02909eccaaf245969c415f8	Did you know some of the textures like the Enderium glass will connect and look all pretty with CTM installed? You did? Good for you. You didn't? What are you waiting for?!	Знаете ли Вы, что некоторые текстуры блоков, например эндериевое стекло, будет соединяться и выглядеть красиво с установленным CTM? Ещё нет? Отлично. Вы ещё это не сделали? Чего же Вы Ждёте?!	CHANGE	Знали, что с установленным CTM некоторые текстуры, например эндериевое стекло, соединяются и выглядят красивее? Знали? Отлично. Не знали? Тогда чего ждёте?!	Исправлены смысловое расхождение, калька или неестественная русская формулировка.	191	156	0.817
patchouli-json:thermal:guidebook:entries/links/ctm.json:/pages/1/text	sha256:563f10800c486bed86268974bcf24b46c8f9aa8b21813e8846ae8d76a122a325	Fun Fact! Enderium gets its name from its Spacetime-warping Ender properties!	Забавный факт! Эндерий получил своё название из-за свойств Края, искажающих пространство и время!	PASS		Смысл источника сохранён; текст достаточно простой, естественный и уместный в игровом интерфейсе.	97		
patchouli-json:thermal:guidebook:entries/links/discord.json:/name	sha256:053bc65874ad6098e58c41c57b378a2f36b0220e5e0b46722245e6c2f796818c	Discord	Дискорд	PASS		Смысл источника сохранён; текст достаточно простой, естественный и уместный в игровом интерфейсе.	7		
patchouli-json:thermal:guidebook:entries/links/discord.json:/pages/0/link_text	sha256:053bc65874ad6098e58c41c57b378a2f36b0220e5e0b46722245e6c2f796818c	Discord	Discord	PASS		Смысл источника сохранён; текст достаточно простой, естественный и уместный в игровом интерфейсе.	7		
patchouli-json:thermal:guidebook:entries/links/discord.json:/pages/0/text	sha256:5d001a300b3e3d4fa0278766ca8962705838de3560058f2a8b3e600e4d081e12	Having tech issues? More questions? Suggestions? Want a friendly place? Want to be able to know easier when your favorite thermal mods update? Join us on discord :D	Возникли технические проблемы? Есть вопросы? Предложения? Хотите найти уютное место? Хотите иметь возможность легче узнавать, когда обновляются Ваши любимые Thermal-моды? Присоединяйтесь к нам в дискорде :D	CHANGE	Технические проблемы? Остались вопросы или предложения? Ищете дружелюбное место? Хотите сразу узнавать об обновлениях любимых модов Thermal? Заходите к нам в Discord :D	Исправлены смысловое расхождение, калька или неестественная русская формулировка.	206	168	0.816
patchouli-json:thermal:guidebook:entries/links/discord.json:/pages/1/text	sha256:e2c5170a642a61e7a1b65cea6312ff2be78471cd684664c525b00cd6bc5c77f8	Fun Fact! Signalum gets its name from its ability to transfer a redstone signal!	Забавный факт! Сигналий получил своё название благодаря способности передавать сигнал красного камня!	PASS		Смысл источника сохранён; текст достаточно простой, естественный и уместный в игровом интерфейсе.	101		
patchouli-json:thermal:guidebook:entries/links/twitter.json:/name	sha256:c224635214e98096ea666c807a9ea57a0384ef4722338579b2c3988fa32b67cc	King's Twitter	Кинг в Твиттере	PASS		Смысл источника сохранён; текст достаточно простой, естественный и уместный в игровом интерфейсе.	15		
patchouli-json:thermal:guidebook:entries/links/twitter.json:/pages/0/link_text	sha256:bcd18ead5fa830127187d499e97e7a4dc8f641ec34d8c7e9f9f24deae2e39fdc	Twitter	Твиттер	PASS		Смысл источника сохранён; текст достаточно простой, естественный и уместный в игровом интерфейсе.	7		
patchouli-json:thermal:guidebook:entries/links/twitter.json:/pages/0/text	sha256:bd4dce6072071c69d043325eba82b7a86b2101422edf68647c87182095c86742	Want to keep up with the King himself? Follow him on Twitter!	Хотите не отставать от самого Кинга? Следите за ним в Твиттере!	CHANGE	Хотите следить за самим Кингом? Подпишитесь на него в Twitter!	Исправлены смысловое расхождение, калька или неестественная русская формулировка.	63	62	0.984
patchouli-json:thermal:guidebook:entries/links/twitter.json:/pages/1/text	sha256:6bb3f03228d694fb47607f22913a1d7b899c05b45725b127eee7693f01db9682	Fun Fact! Lumium gets its name from its luminescent properties!	Забавный факт! Люмий получил своё название благодаря своим люминесцентным свойствам!	PASS		Смысл источника сохранён; текст достаточно простой, естественный и уместный в игровом интерфейсе.	84		
patchouli-json:thermal:guidebook:entries/storage_and_transport/dynamics.json:/name	sha256:4da18928d0f80e478a356c3abcefcf7dafd61737637f6f495f6804e11ededa08	Where are Itemducts?	Где Dynamics?	LENGTH_EXCEPTION	Где предметные трубы?	Исправлены смысловое расхождение, калька или неестественная русская формулировка. Естественный полный вариант превышает мягкий предел 110%.	13	21	1.615
patchouli-json:thermal:guidebook:entries/storage_and_transport/dynamics.json:/pages/0/text	sha256:5b1e98abf09d5e6d483458822bfd50c835baaa90433f43b085fd98fe4eee2b42	Dynamics is currently a work-in-progress. For now, it has Fluxducts and Fluiducts which will more than satisfy your energy and fluid transport needs. The following pages will have other recommended pipe mods for Item Transport.	Разработка Dynamics в настоящее время приостановлена, так как другие функции Thermal-серии уточняются. Пожалуйста, наберитесь терпения! На следующих страницах будут представлены другие рекомендуемые моды на трубы.	CHANGE	Dynamics пока находится в разработке. Уже доступны энергетические и жидкостные трубы, которых вполне хватит для перевозки энергии и жидкостей. На следующих страницах перечислены рекомендуемые моды для перевозки предметов.	Исправлены смысловое расхождение, калька или неестественная русская формулировка.	213	221	1.038
patchouli-json:thermal:guidebook:entries/storage_and_transport/dynamics.json:/pages/1/link_text	sha256:7824cf7464f982b5ce32ff9d0095ec6ca11cad79fb98e84c7394df317e2e5ec5	Curseforge Link	Curseforge	PASS		Смысл источника сохранён; текст достаточно простой, естественный и уместный в игровом интерфейсе.	10		
patchouli-json:thermal:guidebook:entries/storage_and_transport/dynamics.json:/pages/1/text	sha256:04fa93c6806314fa6154c8e6d04d9dba3242fa307060fa4586efc2c04193bed4	XNet is a powerful mod that can transport items, fluids, RF, and more in one cable. Every network requires a controller, through which the network can be configured to control inputs, outputs, filtering, stack size, etc on multiple channels. There is a slight learning curve involved, but the degree of control is almost unmatched.	Мощный мод, который может транспортировать предметы, жидкости, RF и многое другое по одному кабелю. Для каждой сети требуется контроллер, с помощью которого сеть может быть настроена для управления входами, выходами, фильтрацией, размером стека и т.д. Сложен в изучении.	CHANGE	XNet по одному кабелю передаёт предметы, жидкости, RF и многое другое. Каждой сети нужен контроллер: через него по нескольким каналам настраиваются входы, выходы, фильтры, размеры стаков и прочее. Освоиться не сразу легко, зато по возможностям управления XNet почти нет равных.	Исправлены смысловое расхождение, калька или неестественная русская формулировка.	270	277	1.026
patchouli-json:thermal:guidebook:entries/storage_and_transport/dynamics.json:/pages/1/title	sha256:81a4f3cd6f872d33cf5bc57c0aeaec6a5071762e75676b70803075e4c4cebfc0	XNet	XNet	PASS		Смысл источника сохранён; текст достаточно простой, естественный и уместный в игровом интерфейсе.	4		
patchouli-json:thermal:guidebook:entries/storage_and_transport/dynamics.json:/pages/2/link_text	sha256:7824cf7464f982b5ce32ff9d0095ec6ca11cad79fb98e84c7394df317e2e5ec5	Curseforge Link	Curseforge	PASS		Смысл источника сохранён; текст достаточно простой, естественный и уместный в игровом интерфейсе.	10		
patchouli-json:thermal:guidebook:entries/storage_and_transport/dynamics.json:/pages/2/text	sha256:bf9b6239aa139f3db83666f68f51001b92b6e5c8815190eebec46259bb6418c7	For an experience more reminiscent of 1.12 Dynamics, try Refined Pipes. Pipes and extractors come in distinct tiers with varying speeds. For those already acquainted with 1.12 dynamics, this mod should feel like home.	Чтобы получить опыт, больше напоминающий Dynamics 1.12, попробуйте Refined Pipes. Трубы и извлекающие устройства бывают разных уровней, которые влияют на скорость передачи. Для тех, кто уже знаком с Dynamics 1.12, этот мод должен заставить Вас чувствовать себя как дома.	CHANGE	Если вам нравились трубы Dynamics из 1.12, попробуйте Refined Pipes. Трубы и извлекатели делятся на уровни с разной скоростью. Знакомым с Dynamics 1.12 этот мод покажется родным.	Исправлены смысловое расхождение, калька или неестественная русская формулировка.	270	178	0.659
patchouli-json:thermal:guidebook:entries/storage_and_transport/dynamics.json:/pages/2/title	sha256:d2bdfe12af54731a8c9534972d09419443be455f87c12821a5367d70beae75b2	Refined Pipes	Refined Pipes	PASS		Смысл источника сохранён; текст достаточно простой, естественный и уместный в игровом интерфейсе.	13		
patchouli-json:thermal:guidebook:entries/storage_and_transport/dynamics.json:/pages/3/link_text	sha256:7824cf7464f982b5ce32ff9d0095ec6ca11cad79fb98e84c7394df317e2e5ec5	Curseforge Link	Curseforge	PASS		Смысл источника сохранён; текст достаточно простой, естественный и уместный в игровом интерфейсе.	10		
patchouli-json:thermal:guidebook:entries/storage_and_transport/dynamics.json:/pages/3/text	sha256:4f7469b902c1af61f87409b7f7a5080089400283a975d88300650ee8f46caa86	Integrated Dynamics is an extremely powerful mod that can assess a variety of qualities about mobs, inventories, etc. Tunnels is an addon that allows networks to also im/export items from inventories. Combined, these two allow for extreme precision, filterability, and control. Beware, this mod is harder to pick up than most.	Мощный мод, который может оценивать различные свойства мобов, инвентаря и т.д. Tunnels - дополнение, которое позволяет также отправлять/ экспортировать предметы инвентаря. В сочетании эти два фактора обеспечивают исключительную полезность. Очень сложен в изучении.	CHANGE	Integrated Dynamics умеет проверять множество свойств мобов, инвентарей и прочего. Дополнение Tunnels позволяет сетям импортировать и экспортировать предметы из инвентарей. Вместе они дают исключительную точность, гибкую фильтрацию и контроль. Но освоить этот мод труднее большинства.	Исправлены смысловое расхождение, калька или неестественная русская формулировка.	264	284	1.076
patchouli-json:thermal:guidebook:entries/storage_and_transport/dynamics.json:/pages/3/title	sha256:af4a4028c08ac4e8aeb7ae8b70fdb734d50fe436ea6db5464abf9dc207fec19a	Integrated Tunnels	Integrated Tunnels	PASS		Смысл источника сохранён; текст достаточно простой, естественный и уместный в игровом интерфейсе.	18		
patchouli-json:thermal:guidebook:entries/storage_and_transport/dynamics.json:/pages/4/text	sha256:4cb041cbe063c80a3dca2b15bca19f241103541c1512e559bf298b92f5ac24dd	The following mods have a variety of transport options, but also add a lot of other great content that you may be interested in. If you are looking for a mod that $(o)only$() adds item/fluid/energy transfer options, refer to the previous pages.$(li)$(l:https://www.curseforge.com/minecraft/mc-mods/create)Create$()$(li)$(l:https://www.curseforge.com/minecraft/mc-mods/immersive-engineering)Immersive Engineering$()$(li)$(l:https://www.curseforge.com/minecraft/mc-mods/rats)funny rat mod$()	Следующие моды имеют множество вариантов транспорта, но также добавляют множество другого замечательного контента. Если Вы ищете мод, который добавляет $(o)только$() трубы, обратитесь к предыдущим страницам.$(li)$(l:https://www.curseforge.com/minecraft/mc-mods/create)Create$()$(li)$(l:https://www.curseforge.com/minecraft/mc-mods/immersive-engineering)Immersive Engineering$()$(li)$(l:https://www.curseforge.com/minecraft/mc-mods/rats)Забавный мод на крыс$()	CHANGE	Следующие моды предлагают разные способы перевозки, а заодно много другого интересного содержимого. Если нужен мод, который добавляет $(o)только$() передачу предметов, жидкостей и энергии, смотрите предыдущие страницы.$(li)$(l:https://www.curseforge.com/minecraft/mc-mods/create)Create$()$(li)$(l:https://www.curseforge.com/minecraft/mc-mods/immersive-engineering)Immersive Engineering$()$(li)$(l:https://www.curseforge.com/minecraft/mc-mods/rats)забавный мод с крысами$()	Исправлены смысловое расхождение, калька или неестественная русская формулировка.	247	260	1.053
patchouli-json:thermal:guidebook:entries/storage_and_transport/dynamics.json:/pages/4/title	sha256:f0d1d36e2bc87c67d872fc49b4b99a55cc93ec1a6ea842cf7dc189a92f658a09	Content Mods with Pipes	Моды с трубами	PASS		Смысл источника сохранён; текст достаточно простой, естественный и уместный в игровом интерфейсе.	14		
patchouli-json:thermal:guidebook:entries/storage_and_transport/locomotion/crossover_rail.json:/name	sha256:c99f42a00f780a8934f75916153abd74cb8a5f2c490084c2347391970061dd1e	Crossover Rail	Перекрёстные рельсы	PASS		Смысл источника сохранён; текст достаточно простой, естественный и уместный в игровом интерфейсе.	19		
patchouli-json:thermal:guidebook:entries/storage_and_transport/locomotion/crossover_rail.json:/pages/0/text	sha256:c7642bad796ebb887fc26cea3f0481572fb6bec68ad7a9170dc8bf15180f4b5f	The crossover rail allows two perpendicular lines of rails to intersect without interfering with each other. A minecart passing a crossover rail will continue in the same direction it came from.	Перекрёстные рельсы позволяют двум перпендикулярным линиям рельсов пересекаться, не мешая друг другу. Вагонетка, проезжающая перекрёстные рельсы, продолжит движение в том же направлении, откуда она ехала изначально.	CHANGE	Перекрёстные рельсы позволяют двум перпендикулярным путям пересечься и не мешать друг другу. Вагонетка проедет перекрёсток в прежнем направлении.	Исправлены смысловое расхождение, калька или неестественная русская формулировка.	215	145	0.674
patchouli-json:thermal:guidebook:entries/storage_and_transport/locomotion/lumium_rails.json:/name	sha256:d40b0129de80ab4904bcc55874c49f1afe6891f42c7bd643e0bb54338cf8e9b4	Lumium Rails	Люмиевые рельсы	PASS		Смысл источника сохранён; текст достаточно простой, естественный и уместный в игровом интерфейсе.	15		
patchouli-json:thermal:guidebook:entries/storage_and_transport/locomotion/lumium_rails.json:/pages/0/text	sha256:a2605041eb3588c022de9edc10a0356bc9271adbd82c099d038e6a33e5b7968a	Lumium rails work exactly like their standard counterparts, except they emit a light level of 15.	Люмиевые рельсы работают точно так же, как их стандартные аналоги, за исключением того, что они излучают свет 15 уровня.	CHANGE	Люмиевые рельсы работают как обычные, но излучают свет уровня 15.	Исправлены смысловое расхождение, калька или неестественная русская формулировка.	120	65	0.542
patchouli-json:thermal:guidebook:entries/storage_and_transport/locomotion/prismarine_rails.json:/name	sha256:d1d61280b7ca1cd1aac6d9f3c465c01ee3503cff676cc081653ba6621a9658e6	Prismarine Rails	Призмариновые рельсы	PASS		Смысл источника сохранён; текст достаточно простой, естественный и уместный в игровом интерфейсе.	20		
patchouli-json:thermal:guidebook:entries/storage_and_transport/locomotion/prismarine_rails.json:/pages/0/text	sha256:499acba06275cb6c30cd41152b11a20aad079db8515e197ea027d9aec259dbcb	Prismarine rails work exactly like their standard counterparts, except they are waterloggable and can be placed under water. However, an entity in a normal minecart will still get kicked out if they are entirely submerged in water. This can be prevented through the use of $(l:thermal:storage_and_transport/locomotion/underwaterminecart)underwater minecarts$(/l). Prismarine rails also emit a light level of 8.	Призмариновые рельсы работают точно так же, как их стандартные аналоги, за исключением того, что они водонепроницаемы и могут быть помещены под воду. Однако при погружении в воду существо на обычной вагонетке будет спешено. Это можно предотвратить используя $(l:thermal:storage_and_transport/locomotion/underwater_minecart)подводные вагонетки$(/l). Призмариновые рельсы также излучают свет 8 уровня.	CHANGE	Призмариновые рельсы работают как обычные, но допускают затопление и размещаются под водой. Из обычной вагонетки полностью погружённое существо всё равно высадит. Этого можно избежать с помощью $(l:thermal:storage_and_transport/locomotion/underwaterminecart)подводной вагонетки$(/l). Эти рельсы также излучают свет уровня 8.	Исправлены смысловое расхождение, калька или неестественная русская формулировка.	329	255	0.775
patchouli-json:thermal:guidebook:entries/storage_and_transport/locomotion/underwater_minecart.json:/name	sha256:658a4b38aabd41471f9d17263c405ec39abb47ff69b6ff562a596487697d5655	Underwater Minecart	Подводная вагонетка	PASS		Смысл источника сохранён; текст достаточно простой, естественный и уместный в игровом интерфейсе.	19		
patchouli-json:thermal:guidebook:entries/storage_and_transport/locomotion/underwater_minecart.json:/pages/0/text	sha256:9fd958680760401364b8bef51bbb0a8e037314c2119873c09e1a690403384cc1	The Underwater Minecart allows entities, including players, to ride $(l:thermal:storage_and_transport/locomotion/prismarinerails)rails$(/l) underwater. Entities riding underwater minecarts have 4 minutes before they suffocate. Mobs will still behave as if they are under water; undead mobs will not burn, blazes and endermen will take damage, and zombies will turn into drowneds. Can be enchanted with respiration, which decreases the chance that air will be used per tick.	Позволяет мобам и игрокам перемещаться по $(l:thermal:storage_and_transport/locomotion/prismarine_rails)призмариновым рельсам$(/l) под водой. У едущих на подводных вагонетках, есть 4 минуты, прежде чем они задохнутся. Мобы по-прежнему будут вести себя так, как будто они находятся под водой: нежить не будет гореть, всполохи и эндермены будут получать урон, а зомби превратятся в утопленников. Может быть зачарована на подводное дыхание.	CHANGE	Подводная вагонетка позволяет существам и игрокам ездить по $(l:thermal:storage_and_transport/locomotion/prismarinerails)рельсам$(/l) под водой. До удушья остаётся 4 минуты. Мобы ведут себя как под водой: нежить не горит, ифриты и эндермены получают урон, а зомби превращаются в утопленников. Зачарование «Подводное дыхание» снижает вероятность расхода воздуха каждый тик.	Исправлены смысловое расхождение, калька или неестественная русская формулировка.	370	306	0.827
patchouli-json:thermal:guidebook:entries/storage_and_transport/storage/energy_cell.json:/name	sha256:e4d0cc3071c0c42b22a980d948dbff585d47f353100692885a93fb92d26510fe	Redstone Flux Cell	Энергетическая ячейка	PASS		Смысл источника сохранён; текст достаточно простой, естественный и уместный в игровом интерфейсе.	21		
patchouli-json:thermal:guidebook:entries/storage_and_transport/storage/energy_cell.json:/pages/0/text	sha256:a698963bacf44dead8b4465d05820f12ab2fa33c839fdd989b0b51adcc37cd9d	The Redstone Flux Cell can be used to store and distribute Redstone Flux (RF). Each side can be configured to in/output energy, and the cell can be configured to auto-input/output. The RF cell starts with 1,000,000RF storage capacity and 1,000rf/t max in/out, which can be improved using augments. Provides a comparator output proportional to how full it is.	Используется для хранения и распределения Redstone Flux (RF). Каждая сторона может быть настроена на ввод/вывод энергии, а ячейка может быть настроена на определённую пропускную способность. Ёмкость ячейки начинается с 1 000 000 RF и максимальной пропускной способности в 1 000 RF/т. Характеристики ячейки можно улучшить установкой улучшений.	CHANGE	Энергетическая ячейка хранит и распределяет Redstone Flux (RF). Каждая сторона настраивается на ввод или вывод, также доступен автоматический ввод и вывод. Базовая ёмкость — 1 000 000 RF, предельная передача — 1 000 RF/т; улучшения повышают оба значения. Сила сигнала компаратора зависит от заполненности ячейки.	Исправлены смысловое расхождение, калька или неестественная русская формулировка.	342	312	0.912
patchouli-json:thermal:guidebook:entries/storage_and_transport/storage/energy_cell.json:/pages/2/text	sha256:0300df94e9ec9542616961dfc9e61c01a2173390a3a27c9db188bea180b0719d	The transfer rate of the RF cell can be precisely configured. In the GUI, on both sides of the RF gauge, are the input and output transfer rates. These can be set manually using the '+' and '-' buttons in order to precisely control the rate of RF transfer. Left/right clicking will change the rate by 50/10 rf per tick. Ctrl-clicking changes the rate by 5/1. Shift-clicking will instead change the rate by 1000/100. Ctrl-shift-clicking changes the rate by 10k/1k.	Пропускная способность может быть точно настроена. В графическом интерфейсе указана пропускная способность на вход и выход. Она настраивается кнопками '+' и '-'. Щелчок ЛКМ/ПКМ изменит пропускную способность на 50/10 за клик соответственно. Удерживание Ctrl изменяет пропускную способность на 5/1. Удерживание Shift вместо этого изменяет пропускную способность на 1000/100. Удерживание Ctrl и Shift изменяет пропускную способность на 10k/1k.	CHANGE	Скорость передачи ячейки RF настраивается точно. В интерфейсе по сторонам шкалы RF указаны скорости ввода и вывода. Кнопки '+' и '-' меняют их вручную. ЛКМ/ПКМ меняет скорость на 50/10 RF за тик, Ctrl+ЛКМ/ПКМ — на 5/1, Shift+ЛКМ/ПКМ — на 1000/100, а Ctrl+Shift+ЛКМ/ПКМ — на 10k/1k.	Исправлены смысловое расхождение, калька или неестественная русская формулировка.	441	281	0.637
patchouli-json:thermal:guidebook:entries/storage_and_transport/storage/energy_cell.json:/pages/3/text	sha256:9b35d30fc12c99275eaa25ca808682f23efa325c36df3d4eed21b033146f1a60	$(li)$(l:thermal:technology/augments/integral_components)Integral Components$(/l)$(li)$(l:thermal:technology/augments/rf_coil)Expanded RF Coil$(/l)$(li)$(l:thermal:technology/augments/rf_coil_storage)Stabilized RF Coil$(/l)$(li)$(l:thermal:technology/augments/rf_coil_xfer)High-Flux RF Coil$(/l)	$(li)$(l:thermal:technology/augments/integral_components)Интегральные компоненты$(/l)$(li)$(l:thermal:technology/augments/rf_coil)Расширенная RF катушка$(/l)$(li)$(l:thermal:technology/augments/rf_coil_storage)Стабилизированная RF катушка$(/l)$(li)$(l:thermal:technology/augments/rf_coil_xfer)Многопоточная RF катушка$(/l)$(br2)Компаратор, приставленный к ячейки выдаёт сигнал в зависимости от её заполненности.	CHANGE	$(li)$(l:thermal:technology/augments/integral_components)Интегральные компоненты$(/l)$(li)$(l:thermal:technology/augments/rf_coil)Расширенная RF катушка$(/l)$(li)$(l:thermal:technology/augments/rf_coil_storage)Стабилизированная RF катушка$(/l)$(li)$(l:thermal:technology/augments/rf_coil_xfer)Многопоточная RF катушка$(/l)	Исправлены смысловое расхождение, калька или неестественная русская формулировка.	180	97	0.539
patchouli-json:thermal:guidebook:entries/storage_and_transport/storage/energy_cell.json:/pages/3/title	sha256:dc3bece9b3ee08c20dc11957f9389c1c933c3d1f57867bd7c7cde6bb2e446d42	Augment Compatibility	Улучшения	PASS		Смысл источника сохранён; текст достаточно простой, естественный и уместный в игровом интерфейсе.	9		
patchouli-json:thermal:guidebook:entries/storage_and_transport/storage/fluid_cell.json:/name	sha256:21f80ad1c959f3749719d4e3aea028ae95b900f4d2ccc59ae6c968334d4c5bf4	Fluid Cell	Жидкостная ячейка	PASS		Смысл источника сохранён; текст достаточно простой, естественный и уместный в игровом интерфейсе.	17		
patchouli-json:thermal:guidebook:entries/storage_and_transport/storage/fluid_cell.json:/pages/0/text	sha256:75fdc7987aaebb02fdfa6f61f46f71c8717f0c45302dafdad27f5cb3c2212e48	The Fluid Cell can be used to store and distribute fluids. The fluid cell starts with 32,000mb of capacity and 8,000mb/t max in/out rate, which can be improved using augments. It can only store one fluid at a time. Each side can be configured to in/output, and the cell can be configured to auto-input/output. Provides a comparator output proportional to how full it is.	Используется для хранения и распределения жидкостей. Ёмкость ячейки начинается с 32 000 мВ и максимальной пропускной способности 8000 мВ/т. Характеристики ячейки можно улучшить установкой улучшений. Одновременно хранит только одну жидкость. Каждая сторона может быть настроена на ввод/вывод жидкости, а ячейка может быть настроена на определённую пропускную способность.	CHANGE	Жидкостная ячейка хранит и распределяет жидкости. Базовая ёмкость — 32 000 мВ, предельная передача — 8 000 мВ/т; улучшения повышают оба значения. Одновременно хранится только одна жидкость. Каждая сторона настраивается на ввод или вывод, также доступен автоматический ввод и вывод. Сила сигнала компаратора зависит от заполненности ячейки.	Исправлены смысловое расхождение, калька или неестественная русская формулировка.	370	339	0.916
patchouli-json:thermal:guidebook:entries/storage_and_transport/storage/fluid_cell.json:/pages/2/text	sha256:322927f8028e07dc7c2e25c2a35f3d8fb4d3eaf51ec7b89b117feb64b7414724	The transfer rate of the fluid cell can be precisely configured. In the GUI, on both sides of the fluid gauge, are the input and output transfer rates. These can be set manually using the '+' and '-' buttons in order to precisely control the rate of fluid transfer. Left/right clicking will change the rate by 50/10 mb per tick. Ctrl-clicking changes the rate by 5/1. Shift-clicking will instead change the rate by 1000/100. Ctrl-shift-clicking changes the rate by 10k/1k.	Пропускная способность может быть точно настроена. В графическом интерфейсе указана пропускная способность на вход и выход. Она настраивается кнопками '+' и '-'. Щелчок ЛКМ/ПКМ изменит пропускную способность на 50/10 за клик соответственно. Удерживание Ctrl изменяет пропускную способность на 5/1. Удерживание Shift вместо этого изменяет пропускную способность на 1000/100. Удерживание Ctrl и Shift изменяет пропускную способность на 10k/1k.	CHANGE	Скорость передачи жидкостной ячейки настраивается точно. В интерфейсе по сторонам шкалы жидкости указаны скорости ввода и вывода. Кнопки '+' и '-' меняют их вручную. ЛКМ/ПКМ меняет скорость на 50/10 мВ за тик, Ctrl+ЛКМ/ПКМ — на 5/1, Shift+ЛКМ/ПКМ — на 1000/100, а Ctrl+Shift+ЛКМ/ПКМ — на 10k/1k.	Исправлены смысловое расхождение, калька или неестественная русская формулировка.	441	295	0.669
patchouli-json:thermal:guidebook:entries/storage_and_transport/storage/fluid_cell.json:/pages/3/text	sha256:a14790a5788ac893de1fb60b826a628515c2a7d4319d5be6ab7f13c95bbcc79f	The Fluid cell can be right clicked with buckets to fill or empty it one bucket at a time. Beware that there is currently a bug with Forge where trying to bucket a non-bucketable fluid voids your bucket!	Компаратор, приставленный к ячейки выдаёт сигнал в зависимости от её заполненности.$(br2)Жидкостную ячейку можно наполнить или опустошить контейнерами жидкости при клике ПКМ, при этом будет перемещаться ведро жидкости за раз. Имейте в виду, что в настоящее время в Forge есть ошибка, из-за которой при попытке загрузить жидкость, не подлежащую заполнению, ведро опустошается!	CHANGE	Жидкостную ячейку можно наполнять и опустошать вёдрами по одному, нажимая ПКМ. Осторожно: из-за ошибки Forge попытка набрать в ведро жидкость, для которой нет ведра, уничтожает ваше ведро!	Исправлены смысловое расхождение, калька или неестественная русская формулировка.	369	188	0.509
patchouli-json:thermal:guidebook:entries/storage_and_transport/storage/fluid_cell.json:/pages/4/text	sha256:808902e6e32f968ad2b2104359323440525b33e5381854421dbe0ebfd404c40b	$(li)$(l:thermal:technology/augments/integral_components)Integral Components$(/l)$(li)$(l:thermal:technology/augments/fluid_tank)Expanded Tank Construction$(/l)	$(li)$(l:thermal:technology/augments/integral_components)Интегральные компоненты$(/l)$(li)$(l:thermal:technology/augments/fluid_tank)Расширенная конструкция резервуара$(/l)	PASS		Смысл источника сохранён; текст достаточно простой, естественный и уместный в игровом интерфейсе.	57		
patchouli-json:thermal:guidebook:entries/storage_and_transport/storage/fluid_cell.json:/pages/4/title	sha256:dc3bece9b3ee08c20dc11957f9389c1c933c3d1f57867bd7c7cde6bb2e446d42	Augment Compatibility	Улучшения	PASS		Смысл источника сохранён; текст достаточно простой, естественный и уместный в игровом интерфейсе.	9		
patchouli-json:thermal:guidebook:entries/technology/65_items.json:/name	sha256:19990b804ef6252efb2b0caed2fb539eaa6bf72fa02325b0cd297d5870e7b136	65 items in a stack?!	65 предметов в стеке?!	PASS		Смысл источника сохранён; текст достаточно простой, естественный и уместный в игровом интерфейсе.	22		
patchouli-json:thermal:guidebook:entries/technology/65_items.json:/pages/0/text	sha256:10c5fe62d048ddd71c3157c4a96834169697d3309c272042cecca585bd589b5d	Certain machines have outputs that have a chance to appear, especially when catalysts are used. Take, for example, a recipe where 2.5 of an output item are generated per input item. While the first two output items are guaranteed, the third is left up to a 50% chance. This can cause issues when the machine's output slot(s) fill.	Некоторые механизмы имеют вторичные выходы, которые имеют шанс появиться, особенно при использовании катализаторов. Возьмём, к примеру, рецепт, в котором на каждый входящий предмет приходится 2,5 предмета на выходе. В то время как первые два выходных предмета гарантированы, вероятность третьего составляет 50%. Это может вызвать проблемы при заполнении выходного слота/слотов.	CHANGE	У некоторых механизмов выходные предметы появляются с определённой вероятностью, особенно при использовании катализаторов. Например, рецепт может давать в среднем 2,5 предмета на каждый исходный предмет. Первые два выдаются всегда, а третий — с вероятностью 50%. При заполнении выходных слотов это может вызвать проблему.	Исправлены смысловое расхождение, калька или неестественная русская формулировка.	377	321	0.851
patchouli-json:thermal:guidebook:entries/technology/65_items.json:/pages/1/text	sha256:009a908cf7d2be2a0011bdb8831eda7eb7217805e3200db77cc692d6150fd0df	Thermal Expansion handles this by simply letting the stack size increase at will to accomodate these excess outputs.	Thermal Expansion справляется с этим, просто позволяя размеру стека увеличиваться по желанию для размещения этих избыточных выходов.	CHANGE	Thermal Expansion решает проблему просто: при необходимости размер стака увеличивается, чтобы вместить лишние выходные предметы.	Исправлены смысловое расхождение, калька или неестественная русская формулировка.	132	128	0.970
patchouli-json:thermal:guidebook:entries/technology/65_items.json:/pages/1/title	sha256:58fa24258c7daaa869c3ec18fcf53563c2f5081dfd088a071fb1df216585b776	This is not a bug!	Это не ошибка!	PASS		Смысл источника сохранён; текст достаточно простой, естественный и уместный в игровом интерфейсе.	14		
patchouli-json:thermal:guidebook:entries/technology/augments/area_radius.json:/name	sha256:9f6fe21f8117d5823f7c5f8c37d8689e80dcaf695c7b8f343ecd76db0c9ff5bf	Radial Enhancement	Радиальное улучшение	PASS		Смысл источника сохранён; текст достаточно простой, естественный и уместный в игровом интерфейсе.	20		
patchouli-json:thermal:guidebook:entries/technology/augments/area_radius.json:/pages/0/text	sha256:99adeb3a66a06b8a32100bc6fed45baf46635c930b42d04214646a4a7a854edd	The Radial Enhancement Augment allows your tool or machine to affect a greater area around it. Each augment will increase the maximum area by 1 block in every direction.	Радиальное улучшение позволяет инструменту или механизму воздействовать на большую площадь вокруг него. Каждое улучшение увеличивает радиус на 1 блок во всех направлениях.	PASS		Смысл источника сохранён; текст достаточно простой, естественный и уместный в игровом интерфейсе.	171		
patchouli-json:thermal:guidebook:entries/technology/augments/area_radius.json:/pages/0/title	sha256:9f6fe21f8117d5823f7c5f8c37d8689e80dcaf695c7b8f343ecd76db0c9ff5bf	Radial Enhancement	Радиальное улучшение	PASS		Смысл источника сохранён; текст достаточно простой, естественный и уместный в игровом интерфейсе.	20		
patchouli-json:thermal:guidebook:entries/technology/augments/dynamo_fuel.json:/name	sha256:129322573c90895dabf219f585c54d9803bb033d1020ecfe6ea3b014326e4e19	Multi-Cycle Injectors	Многоцикловые форсунки	PASS		Смысл источника сохранён; текст достаточно простой, естественный и уместный в игровом интерфейсе.	22		
patchouli-json:thermal:guidebook:entries/technology/augments/dynamo_fuel.json:/pages/0/text	sha256:f56e32e98d3aa51e7b08c1c1dea32ee2d23410644d98098d730c23e984bc73bc	The Multi-Cycle Injectors augment scales the fuel efficiency of a dynamo by 1.1.	Улучшение многоцикловые форсунки повышает эффективность использования топлива на 10%.	PASS		Смысл источника сохранён; текст достаточно простой, естественный и уместный в игровом интерфейсе.	85		
patchouli-json:thermal:guidebook:entries/technology/augments/dynamo_fuel.json:/pages/0/title	sha256:129322573c90895dabf219f585c54d9803bb033d1020ecfe6ea3b014326e4e19	Multi-Cycle Injectors	Многоцикловые форсунки	PASS		Смысл источника сохранён; текст достаточно простой, естественный и уместный в игровом интерфейсе.	22		
patchouli-json:thermal:guidebook:entries/technology/augments/dynamo_output.json:/name	sha256:5f389accd469aef17efd7831217bd48fc06d269202309646fb26ec72ff70a779	Auxiliary Reaction Chamber	Вспомогательная реакционная камера	PASS		Смысл источника сохранён; текст достаточно простой, естественный и уместный в игровом интерфейсе.	34		
patchouli-json:thermal:guidebook:entries/technology/augments/dynamo_output.json:/pages/0/text	sha256:8d5740a9d9cf4ee0eeee08a4930a96dcd631f070b76cb5b32baf0aa9a08b4a23	The Auxiliary Reaction Chamber augment increases maximum generation of a dynamo by 100% but scales the efficiency by 0.9.	Улучшение вспомогательная реакционная камера позволяет увеличить максимальный выход генератора в 2 раза, но при этом эффективность использования топлива уменьшиться на 10%.	CHANGE	Улучшение «Вспомогательная реакционная камера» повышает предельную выработку генератора на 100%, но умножает эффективность топлива на 0,9.	Исправлены смысловое расхождение, калька или неестественная русская формулировка.	172	138	0.802
patchouli-json:thermal:guidebook:entries/technology/augments/dynamo_output.json:/pages/0/title	sha256:e768f952f2f9726c58e5893feed89b7eec5813eff57c9a6e4229aa053977ca82	Aux. Reaction Chamber	Вспомогательная реакционная камера	PASS		Смысл источника сохранён; текст достаточно простой, естественный и уместный в игровом интерфейсе.	34		
patchouli-json:thermal:guidebook:entries/technology/augments/fluid_tank.json:/name	sha256:b4853bd17939a98b350fa5e9142523b3dbf94521769e4b60b44bda86d224b437	Expanded Tank Construction	Расширенная конструкция резервуара	PASS		Смысл источника сохранён; текст достаточно простой, естественный и уместный в игровом интерфейсе.	34		
patchouli-json:thermal:guidebook:entries/technology/augments/fluid_tank.json:/pages/0/text	sha256:2f448d0cbfcb864ba4be0aa9e8732fb80adb5b31857e3acca34177fe580aed53	The Expanded Tank Construction augment scales the size of all fluid storage in a machine, device, dynamo, or tool by 4.	Улучшение расширенная конструкция резервуара позволяет увеличить ёмкость бака в хранилищах, механизмах, устройствах, генераторах и инструментах в 4 раза.	CHANGE	Улучшение «Расширенная конструкция резервуара» в 4 раза увеличивает все хранилища жидкости в механизме, устройстве, генераторе или инструменте.	Исправлены смысловое расхождение, калька или неестественная русская формулировка.	153	143	0.935
patchouli-json:thermal:guidebook:entries/technology/augments/fluid_tank.json:/pages/0/title	sha256:07da8e8d8711759726569ea9843a92c40b090bc759b69dfce8789f3d7fa2bb42	Expanded Tank Const.	Расширенная конструкция резервуара	PASS		Смысл источника сохранён; текст достаточно простой, естественный и уместный в игровом интерфейсе.	34		
patchouli-json:thermal:guidebook:entries/technology/augments/integral_components.json:/name	sha256:529b76fae3c5c789a84890a60ca81c6e8651411edc18f2fe88cf45beb5ca4908	Integral Components	Интегральные компоненты	PASS		Смысл источника сохранён; текст достаточно простой, естественный и уместный в игровом интерфейсе.	23		
patchouli-json:thermal:guidebook:entries/technology/augments/integral_components.json:/pages/0/text	sha256:0a1145906e1ce1799b2f39db08ca0292b37e9dec79804d285a75ab9ad3198d93	Upgrade augments improve the overall stats of machines, devices, dynamos, and tools; they scale the base RF storage/transfer, fluid storage/transfer, and RF/t usage/generation. This overall scale factor stacks with other augment modifiers, even if they are underlined. However, as with all other underlined modifiers, only the highest scale factor modifier applies.	Интегральные компоненты улучшают общую статистику механизмов, устройств, генераторов и инструментов; они масштабируют буфер RF и передачу, буфер жидкости и передачу, а также скорость работы и генерации. Этот общий масштабный коэффициент суммируется с другими модификаторами улучшений, даже если они подчеркнуты. Интегральные компоненты не складываются.	CHANGE	Интегральные компоненты улучшают общие характеристики механизмов, устройств, генераторов и инструментов: базовую ёмкость и передачу RF, ёмкость и передачу жидкостей, а также потребление или выработку RF/т. Этот общий множитель сочетается с другими модификаторами улучшений, даже подчёркнутыми. Но, как и у прочих подчёркнутых модификаторов, действует только наибольший множитель.	Исправлены смысловое расхождение, калька или неестественная русская формулировка.	352	379	1.077
patchouli-json:thermal:guidebook:entries/technology/augments/integral_components.json:/pages/1/text	sha256:4192654543108221408f2ec1702a802091490edd424d3d238a735e82e0abbdb3	For example, a $(l:thermal:technology/machines/furnace)Redstone Furnace$(/l) with Resonant and Hardened Integral Components and a $(l:thermal:technology/augments/rf_coil_storage)Stabilized RF Coil$(/l) will have 24x the RF storage, 8x RF transfer, and 4x base RF/t.$(br2)Hardened, Reinforced, and Resonant Integral Components have scale factors of 2x, 3x, and 4x respectively.	Например $(l:thermal:technology/machines/furnace)редстоуновая печь$(/l) с резонирующими и укреплёнными интегральными компонентами и $(l:thermal:technology/augments/rf_coil_storage)стабилизированной RF катушкой$(/l) будет иметь 24-кратный энергобуфер, 8-кратную передачу энергии, и 4-кратное потребление RF/т.$(br2)Усиленные, укреплённые и резонирующие интегральные компоненты имеют масштабные коэффициенты 2x, 3x и 4x соответственно.	CHANGE	Например, $(l:thermal:technology/machines/furnace)редстоуновая печь$(/l) с резонирующими и укреплёнными интегральными компонентами и $(l:thermal:technology/augments/rf_coil_storage)стабилизированной RF катушкой$(/l) получит 24x ёмкость RF, 8x передачу RF и 4x базовое потребление RF/т.$(br2)Укреплённые, усиленные и резонирующие интегральные компоненты дают множители 2x, 3x и 4x соответственно.	Исправлены смысловое расхождение, калька или неестественная русская формулировка.	329	291	0.884
patchouli-json:thermal:guidebook:entries/technology/augments/introduction.json:/name	sha256:4c3ca38868109e5f8a241f7e8d15074625ecbc929d555242d4b53899b3a92c49	Introduction - Augments	Введение - Улучшения	PASS		Смысл источника сохранён; текст достаточно простой, естественный и уместный в игровом интерфейсе.	20		
patchouli-json:thermal:guidebook:entries/technology/augments/introduction.json:/pages/0/text	sha256:796296e910adddcf60d492dd0217fcc6dfe74332785ebbb1df9f66173013c01d	All machines, devices, dynamos, and tools can be upgraded using $(l)augments$(). Augments provide various benefits, ranging from enhanced storage to increased ease of automation. Augments may be applied either in the tinker bench or in the augment panel in the GUI of machines, devices, and dynamos.	Все механизмы, устройства, генераторы, и инструменты можно совершенствовать, используя $(l)улучшения$(). Улучшения дают различные преимущества, начиная с расширения хранилища и заканчивая упрощением автоматизации. Улучшения устанавливаются на верстаке мастеров, либо во вкладке улучшений в графическом интерфейсе механизмов, устройств и генераторов.	CHANGE	Все механизмы, устройства, генераторы и инструменты можно улучшать с помощью $(l)улучшений$(). Они дают разные преимущества: от увеличения хранилищ до упрощения автоматизации. Улучшения устанавливаются на верстаке мастеров или на панели улучшений в интерфейсе механизмов, устройств и генераторов.	Исправлены смысловое расхождение, калька или неестественная русская формулировка.	342	289	0.845
patchouli-json:thermal:guidebook:entries/technology/augments/introduction.json:/pages/1/text	sha256:a57b4051ed533a0c1e9451199c19739518dc38237f2f45e3a532aeaf3a44faf6	When hovering over an augment in your inventory, the item tooltip will display the augment's modifiers. Modifiers in normal font can be stacked, additively for those starting with '+' and multiplicatively for those ending in 'x'. Underlined multipliers cannot be stacked; instead, only the highest multiplier of all the augments is used.	При наведении указателя мыши на улучшение в инвентаре, во всплывающей подсказке отобразятся модификаторы. Модификаторы, написанные обычным шрифтом складываются, аддитивно для тех, которые начинаются с '+', и мультипликативно для тех, которые заканчиваются на 'x'. Подчёркнутые множители нельзя суммировать; вместо этого используется только самый высокий множитель всех улучшений.	CHANGE	В подсказке улучшения в инвентаре перечислены его модификаторы. Написанные обычным шрифтом модификаторы складываются: начинающиеся с '+' — сложением, заканчивающиеся на 'x' — умножением. Подчёркнутые множители не складываются: действует только наибольший из них.	Исправлены смысловое расхождение, калька или неестественная русская формулировка.	379	262	0.691
patchouli-json:thermal:guidebook:entries/technology/augments/introduction.json:/pages/2/text	sha256:28686c992e49fb9e37cb9df5e5a3930d831ee2f619b43b4a9c77d9c53a1f1faa	Augments have a specific augment type associated with them, which can also be seen in the item tooltip. The type restricts what blocks you can put augments into and sometimes how many. Machine type augments cannot be inserted into dynamos, for example. Many augments cannot be stacked, such as those with a silver background.	У улучшений есть определённый тип, связанный с ними, который также можно увидеть во всплывающей подсказке. Тип определяет блоки, в которых можно использовать эти улучшения, а иногда и их количество. Например, улучшения для механизмов нельзя установить в генераторы.	CHANGE	У каждого улучшения есть тип, указанный в подсказке. Он ограничивает блоки, в которые можно установить улучшение, а иногда и количество. Например, улучшение для механизма нельзя поставить в генератор. Многие улучшения, например с серебряным фоном, не складываются.	Исправлены смысловое расхождение, калька или неестественная русская формулировка.	265	264	0.996
patchouli-json:thermal:guidebook:entries/technology/augments/item_filter.json:/name	sha256:a309ac7295c734769ec1044aaba398db67123159f8c731a1eb52f434f449bdc1	Item Filter	Предметный фильтр	PASS		Смысл источника сохранён; текст достаточно простой, естественный и уместный в игровом интерфейсе.	17		
patchouli-json:thermal:guidebook:entries/technology/augments/item_filter.json:/pages/0/text	sha256:99bbb67851b0d82d65de5765585a81cd622e2c484770b77e454e8b86583dafd4	The Item Filter augment allows a machine, device, or piece of equipment to selectively accept items. The filter can be configured in a separate GUI, accessible by shift right-clicking the block or item it is installed in, or through a tab in the block's GUI.	Улучшение предметный фильтр позволяет механизму, устройству или предмету выборочно принимать предметы. В фильтр можно добавить до 15 предметов в разрешающий или запрещающий лист. Фильтр поддерживает сопоставление или игнорирование NBT.	CHANGE	Предметный фильтр позволяет механизму, устройству или снаряжению выборочно принимать предметы. Фильтр настраивается в отдельном интерфейсе: через Shift+ПКМ по блоку или предмету с фильтром либо через вкладку в интерфейсе блока.	Исправлены смысловое расхождение, калька или неестественная русская формулировка.	235	227	0.966
patchouli-json:thermal:guidebook:entries/technology/augments/item_filter.json:/pages/0/title	sha256:a309ac7295c734769ec1044aaba398db67123159f8c731a1eb52f434f449bdc1	Item Filter	Предметный фильтр	PASS		Смысл источника сохранён; текст достаточно простой, естественный и уместный в игровом интерфейсе.	17		
patchouli-json:thermal:guidebook:entries/technology/augments/item_filter.json:/pages/1/text	sha256:0a06554262a644476b637bba8e1f87929bb2742d74e089cf1dc2187db0e3f344	Up to 15 items can be added to the filter, with options to change between allow/deny list and to match/ignore NBT.	Фильтр можно настроить в отдельном графическом интерфейсе, доступным по ПКМ по блоку или ПКМ предметом, в котором он установлен, или через вкладку в графическом интерфейсе блока.	CHANGE	В фильтр можно добавить до 15 предметов, выбрать разрешающий или запрещающий список, а также учитывать или игнорировать NBT.	Исправлены смысловое расхождение, калька или неестественная русская формулировка.	178	124	0.697
patchouli-json:thermal:guidebook:entries/technology/augments/machine_catalyst.json:/name	sha256:d05ba30cf1013c8b53a1d72e583976fa4bf3dade82b11d545b1c62f8b56ebb1b	Catalytic Reclamation Chamber	Каталитическая мелиоративная камера	PASS		Смысл источника сохранён; текст достаточно простой, естественный и уместный в игровом интерфейсе.	35		
patchouli-json:thermal:guidebook:entries/technology/augments/machine_catalyst.json:/pages/0/text	sha256:4daa5dda7827002cce00cdc3a0eb9091a4db77bae02fa5357e4378bb6f3b06bb	The Catalytic Reclamation Chamber augment scales the chance for a catalyst to be used by 0.8x but also scales the energy used per operation by 1.25x.	Улучшение каталитическая мелиоративная камера уменьшает вероятность использования катализатора на 20%, но при этом использование энергии возрастает на 25%.	PASS		Смысл источника сохранён; текст достаточно простой, естественный и уместный в игровом интерфейсе.	155		
patchouli-json:thermal:guidebook:entries/technology/augments/machine_catalyst.json:/pages/0/title	sha256:75dc526343a85c713b5781dc3ecae8547f3f45d0a622196604df8111f9957a64	Cat. Reclamation Chamber	Каталитическая мелиоративная камера	PASS		Смысл источника сохранён; текст достаточно простой, естественный и уместный в игровом интерфейсе.	35		
patchouli-json:thermal:guidebook:entries/technology/augments/machine_cycle.json:/name	sha256:ae725a113c83529730ceff3882be9261e6738fdc8cf8ded86a9c66c402e753e5	Cyclical Processing	Циклическая обработка	PASS		Смысл источника сохранён; текст достаточно простой, естественный и уместный в игровом интерфейсе.	21		
patchouli-json:thermal:guidebook:entries/technology/augments/machine_cycle.json:/pages/0/text	sha256:b8e21cf4e17d657ddd671390df2a2171cf4dc97ebb09cfdc84eab1e910bd47f6	The Cyclical Processing augment allows a machine's valid outputs to be fed back into its input slot(s). Useful for automation.	Улучшение циклическая обработка позволяет отправлять одинаковые предметы с выхода механизма на его вход. Полезно для автоматизации.	CHANGE	Улучшение «Циклическая обработка» возвращает подходящие выходные предметы механизма во входные слоты. Полезно для автоматизации.	Исправлены смысловое расхождение, калька или неестественная русская формулировка.	131	128	0.977
patchouli-json:thermal:guidebook:entries/technology/augments/machine_cycle.json:/pages/0/title	sha256:ae725a113c83529730ceff3882be9261e6738fdc8cf8ded86a9c66c402e753e5	Cyclical Processing	Циклическая обработка	PASS		Смысл источника сохранён; текст достаточно простой, естественный и уместный в игровом интерфейсе.	21		
patchouli-json:thermal:guidebook:entries/technology/augments/machine_efficiency.json:/name	sha256:ce4b280a99e2e81b11c72d4adec151087a338872bedc23e5898db6906b245f5c	Flux Efficiency	Потоковая эффективность	PASS		Смысл источника сохранён; текст достаточно простой, естественный и уместный в игровом интерфейсе.	23		
patchouli-json:thermal:guidebook:entries/technology/augments/machine_efficiency.json:/pages/0/text	sha256:b128561f5fef1d7eb5c3ee86b5aef1e13a7e91cd3e24e70bf8a38962e93fb2e9	The Flux Efficiency augment reduces the RF required per operation, scaling it by 0.9, but also decreases the maximum RF usage rate of the machine by 10%.	Улучшение потоковая эффективность позволяет уменьшить количество энергии, требуемое на операцию на 10%, при этом максимальное потребление энергии механизмом снижается на 10%.	PASS		Смысл источника сохранён; текст достаточно простой, естественный и уместный в игровом интерфейсе.	174		
patchouli-json:thermal:guidebook:entries/technology/augments/machine_efficiency.json:/pages/0/title	sha256:ce4b280a99e2e81b11c72d4adec151087a338872bedc23e5898db6906b245f5c	Flux Efficiency	Потоковая эффективность	PASS		Смысл источника сохранён; текст достаточно простой, естественный и уместный в игровом интерфейсе.	23		
patchouli-json:thermal:guidebook:entries/technology/augments/machine_output.json:/name	sha256:b06055b71b26d6e2d5e0b80ac3b6b7ccd362f57e7b9bc0e9cf8a4056b8e864b1	Auxiliary Process Sieve	Вспомогательное сито	PASS		Смысл источника сохранён; текст достаточно простой, естественный и уместный в игровом интерфейсе.	20		
patchouli-json:thermal:guidebook:entries/technology/augments/machine_output.json:/pages/0/text	sha256:3d89a80edba93b3835fcc8aa68b2372bc86446e6ba4bcc155b526b94280e728e	The Auxiliary Process Sieve augment increases chances of secondary output by 15% but scales the energy per operation by 1.25.	Улучшение вспомогательное сито позволяет увеличить шанс вторичного выхода на 15%, но при этом максимальное потребление энергии механизмом повышается на 25%.	CHANGE	Улучшение «Вспомогательное сито» повышает шанс вторичного результата на 15%, но умножает расход энергии на операцию на 1,25.	Исправлены смысловое расхождение, калька или неестественная русская формулировка.	156	124	0.795
patchouli-json:thermal:guidebook:entries/technology/augments/machine_output.json:/pages/0/title	sha256:b06055b71b26d6e2d5e0b80ac3b6b7ccd362f57e7b9bc0e9cf8a4056b8e864b1	Auxiliary Process Sieve	Вспомогательное сито	PASS		Смысл источника сохранён; текст достаточно простой, естественный и уместный в игровом интерфейсе.	20		
patchouli-json:thermal:guidebook:entries/technology/augments/machine_speed.json:/name	sha256:fd42f4221026cb4e3d776cde2c39bce9f8941fbb13c4323d57c69e85256120aa	Flux Linkage Amplifier	Усилитель магнитной связи	PASS		Смысл источника сохранён; текст достаточно простой, естественный и уместный в игровом интерфейсе.	25		
patchouli-json:thermal:guidebook:entries/technology/augments/machine_speed.json:/pages/0/text	sha256:58e75bd37ee848e1b12ef21fe4c21b3255df25fbe397e9662ec8bff18f36ec67	The Flux Linkage Amplifier augment increases maximum RF usage rate by 100% but also scales the RF per operation by 1.1.	Улучшение усилитель магнитной связи позволяет в 2 раза увеличить скорость обработки, но количество требуемой на операцию энергии увеличивается на 10%.	CHANGE	Улучшение «Усилитель магнитной связи» повышает предельное потребление RF механизмом на 100%, но умножает расход RF на операцию на 1,1.	Исправлены смысловое расхождение, калька или неестественная русская формулировка.	150	134	0.893
patchouli-json:thermal:guidebook:entries/technology/augments/machine_speed.json:/pages/0/title	sha256:fd42f4221026cb4e3d776cde2c39bce9f8941fbb13c4323d57c69e85256120aa	Flux Linkage Amplifier	Усилитель магнитной связи	PASS		Смысл источника сохранён; текст достаточно простой, естественный и уместный в игровом интерфейсе.	25		
patchouli-json:thermal:guidebook:entries/technology/augments/potion_amplifier.json:/name	sha256:334e6964c4c355e8761398126db040f88b24ca5fb4bbad63fd33b9d8c9fb5c98	Alchemical Amplifier	Алхимический усилитель	PASS		Смысл источника сохранён; текст достаточно простой, естественный и уместный в игровом интерфейсе.	22		
patchouli-json:thermal:guidebook:entries/technology/augments/potion_amplifier.json:/pages/0/text	sha256:94693aea3d70dc180c39add8fdb3e60c6e989b48fb82bcbffee9a04a3eadb15e	The Alchemical Amplifier augment increases the effect of the stored potion by 1 level but decreases its duration by 25%. Stacking 4 results in potions with no duration, rendering many useless.	Улучшение алхимический усилитель увеличивает силу действия зелий на 1 уровень, при этом длительность действия уменьшается на 25%. Сложение 4 улучшений приводит к тому, что зелья не имеют длительности, что делает многие из них бесполезными.	CHANGE	Улучшение «Алхимический усилитель» повышает уровень эффекта хранимого зелья на 1, но сокращает длительность на 25%. 4 таких улучшения полностью убирают длительность, отчего многие зелья становятся бесполезны.	Исправлены смысловое расхождение, калька или неестественная русская формулировка.	239	208	0.870
patchouli-json:thermal:guidebook:entries/technology/augments/potion_amplifier.json:/pages/0/title	sha256:334e6964c4c355e8761398126db040f88b24ca5fb4bbad63fd33b9d8c9fb5c98	Alchemical Amplifier	Алхимический усилитель	PASS		Смысл источника сохранён; текст достаточно простой, естественный и уместный в игровом интерфейсе.	22		
patchouli-json:thermal:guidebook:entries/technology/augments/potion_duration.json:/name	sha256:303d6a052dd1a9b0d71e69ef648d29e42397432f84964fe300fb9b2880f39203	Alchemical Extender	Алхимический расширитель	PASS		Смысл источника сохранён; текст достаточно простой, естественный и уместный в игровом интерфейсе.	24		
patchouli-json:thermal:guidebook:entries/technology/augments/potion_duration.json:/pages/0/text	sha256:23de0d363db317962f5cf9173085241e4cf69e7c8aaa80a2f25dba2b42dc67d0	The Alchemical Extender augment increases duration of potions by 100%. Has no effect on potions that have instant, one-time effects (instant potions).	Улучшение алхимический расширитель увеличивает время действия зелий в два раза, но не работает с зельями имеющими мгновенный, одноразовый эффект.	CHANGE	Улучшение «Алхимический расширитель» увеличивает длительность зелий на 100%. На мгновенные одноразовые эффекты оно не действует.	Исправлены смысловое расхождение, калька или неестественная русская формулировка.	145	128	0.883
patchouli-json:thermal:guidebook:entries/technology/augments/potion_duration.json:/pages/0/title	sha256:303d6a052dd1a9b0d71e69ef648d29e42397432f84964fe300fb9b2880f39203	Alchemical Extender	Алхимический расширитель	PASS		Смысл источника сохранён; текст достаточно простой, естественный и уместный в игровом интерфейсе.	24		
patchouli-json:thermal:guidebook:entries/technology/augments/rf_coil.json:/name	sha256:3231d5e3b8c1b6ec6090cd2e17470fb513e853261c5647e171aabd7aeee733a8	Expanded RF Coil	Расширенная RF катушка	PASS		Смысл источника сохранён; текст достаточно простой, естественный и уместный в игровом интерфейсе.	22		
patchouli-json:thermal:guidebook:entries/technology/augments/rf_coil.json:/pages/0/text	sha256:d67225523f2f11238d01b9c0762c43ee09619c0ad6a1d6baeab5a16d32bf6c7a	The Expanded RF Coil augment scales RF storage and transfer by 4.	Расширенная RF катушка расширяет энергетический буфер в 4 раза.	CHANGE	Расширенная RF катушка увеличивает ёмкость и передачу RF в 4 раза.	Исправлены смысловое расхождение, калька или неестественная русская формулировка.	63	66	1.048
patchouli-json:thermal:guidebook:entries/technology/augments/rf_coil.json:/pages/0/title	sha256:3231d5e3b8c1b6ec6090cd2e17470fb513e853261c5647e171aabd7aeee733a8	Expanded RF Coil	Расширенная RF катушка	PASS		Смысл источника сохранён; текст достаточно простой, естественный и уместный в игровом интерфейсе.	22		
patchouli-json:thermal:guidebook:entries/technology/augments/rf_coil_storage.json:/name	sha256:2b52be7cd70bd54c8b483ca746aad4308f07ba5d959af7af5da2aed4d914c65d	Stabilized RF Coil	Стабилизированная RF катушка	PASS		Смысл источника сохранён; текст достаточно простой, естественный и уместный в игровом интерфейсе.	28		
patchouli-json:thermal:guidebook:entries/technology/augments/rf_coil_storage.json:/pages/0/text	sha256:c95f5bfefcf77abbb4bd4f33a6a0716df2002a65d67b84d101260e9c46add730	The Stabilized RF Coil augment scales the RF storage by 6 and the RF transfer by 2.	Улучшение стабилизированная RF катушка увеличивает энергобуфер в 6 раз и передачу энергии в 2 раза.	PASS		Смысл источника сохранён; текст достаточно простой, естественный и уместный в игровом интерфейсе.	99		
patchouli-json:thermal:guidebook:entries/technology/augments/rf_coil_storage.json:/pages/0/title	sha256:2b52be7cd70bd54c8b483ca746aad4308f07ba5d959af7af5da2aed4d914c65d	Stabilized RF Coil	Стабилизированная RF катушка	PASS		Смысл источника сохранён; текст достаточно простой, естественный и уместный в игровом интерфейсе.	28		
patchouli-json:thermal:guidebook:entries/technology/augments/rf_coil_xfer.json:/name	sha256:1f26279f96c5fa91ef3d40a92ba10cdbf240274164cf114aaf375d84b6cca93b	High-Flux RF Coil	Многопоточная RF катушка	PASS		Смысл источника сохранён; текст достаточно простой, естественный и уместный в игровом интерфейсе.	24		
patchouli-json:thermal:guidebook:entries/technology/augments/rf_coil_xfer.json:/pages/0/text	sha256:c966d54f6d0fbf61d5572ab756fd67664ffbee6f8c440c8c8337ef506bbd330e	The High-Flux RF Coil augment scales the RF storage by 2 and the RF transfer by 6.	Улучшение многопоточная RF катушка увеличивает энергобуфер в 2 раза и передачу энергии в 6 раз.	PASS		Смысл источника сохранён; текст достаточно простой, естественный и уместный в игровом интерфейсе.	95		
patchouli-json:thermal:guidebook:entries/technology/augments/rf_coil_xfer.json:/pages/0/title	sha256:1f26279f96c5fa91ef3d40a92ba10cdbf240274164cf114aaf375d84b6cca93b	High-Flux RF Coil	Многопоточная RF катушка	PASS		Смысл источника сохранён; текст достаточно простой, естественный и уместный в игровом интерфейсе.	24		
patchouli-json:thermal:guidebook:entries/technology/augments/xp_storage.json:/name	sha256:e10f07e303f037fc8ebcd039f6d0dafb7a70eded7d87cd1d3b880c8ae8ace9c5	Knowledge Concentrator	Концентратор знаний	PASS		Смысл источника сохранён; текст достаточно простой, естественный и уместный в игровом интерфейсе.	19		
patchouli-json:thermal:guidebook:entries/technology/augments/xp_storage.json:/pages/0/text	sha256:5d4825adea9604515252c68970c81a96cf5d41d2bb8794e768246a9417a0e2d5	The Knowledge Concentrator augment allows a machine or device to collect experience from recipes or the world. It starts with a max storage of 2.5k XP, which is multiplied by the scale factor offered by $(l:thermal:technology/augments/integral_components)Integral Components$(/l).	Улучшение концентратор знаний позволяет механизмам или устройствам получать опыт от создания предметов или из мира. Оно позволяет хранить до 2,5 тыс. единиц опыта. Ёмкость умножается на коэффициент масштабирования, предлагаемый $(l:thermal:technology/augments/integral_components)интегральными компонентами.$(/l).	PASS		Смысл источника сохранён; текст достаточно простой, естественный и уместный в игровом интерфейсе.	256		
patchouli-json:thermal:guidebook:entries/technology/augments/xp_storage.json:/pages/0/title	sha256:e10f07e303f037fc8ebcd039f6d0dafb7a70eded7d87cd1d3b880c8ae8ace9c5	Knowledge Concentrator	Концентратор знаний	PASS		Смысл источника сохранён; текст достаточно простой, естественный и уместный в игровом интерфейсе.	19		
patchouli-json:thermal:guidebook:entries/technology/augments/xp_storage.json:/pages/1/text	sha256:9a98be8507bf54c37a3041d01c41ecd4d22025f72b706b1bb185b30904c1a636	Once installed, a small icon resembling an $(l:thermal:equipment/tools/xp_crystal)Insightful Crystal$(/l) will appear in the lower right corner of the block's GUI. The XP stored in the machine can be retrieved by the player by clicking on this icon.	После установки в правом нижнем углу графического интерфейса блока появится маленький значок, напоминающий $(l:thermal:equipment/tools/xp_crystal)проницательный кристалл$(/l). Нажав на этот значок игрок получит хранящийся в механизме опыт.	PASS		Смысл источника сохранён; текст достаточно простой, естественный и уместный в игровом интерфейсе.	195		
patchouli-json:thermal:guidebook:entries/technology/charge_bench.json:/name	sha256:96486e8146f887b039350aac37be22778d4d7f7cf788b81c63595d3cf3fc80ac	Energetic Infuser	Зарядное устройство	PASS		Смысл источника сохранён; текст достаточно простой, естественный и уместный в игровом интерфейсе.	19		
patchouli-json:thermal:guidebook:entries/technology/charge_bench.json:/pages/0/text	sha256:caa1e78fbd83ddcdd46e2b1c585ceb546be9bb485020d4c548909987ece6c816	The Energetic Infuser is a block that can be used to charge up to 9 items at once. Its main benefits over the $(l:thermal:technology/tinker_bench)Tinker's Bench$(/l) are faster charging speeds and that items can be automatically inserted and extracted (e.g. with a hopper).	Зарядное устройство - это блок, который можно использовать для одновременной зарядки до 9 предметов за раз. Его основное преимущество перед $(l:thermal:technology/tinker_bench)верстаком мастеров$(/l) являются более высокая скорость зарядки и возможность автоматической вставки и извлечения предметов (например, с помощью воронки).	CHANGE	Зарядное устройство может одновременно заряжать до 9 предметов. По сравнению с $(l:thermal:technology/tinker_bench)верстаком мастеров$(/l) оно быстрее заряжает, а предметы можно автоматически загружать и выгружать, например воронкой.	Исправлены смысловое расхождение, калька или неестественная русская формулировка.	289	192	0.664
patchouli-json:thermal:guidebook:entries/technology/charge_bench.json:/pages/1/text	sha256:86beffab9f9b5009d4d03d4c29cf2bdf2cb89b0ab140dfb4f5a0edbbebf4ed8f	$(o)Ancient texts record the existence of a machine by the same name that was once able to infuse Redstone Flux directly into items, not just tools. This, however, seems to defy all logic.$()	$(o)Древние тексты свидетельствуют о существовании механизма с таким же названием, который когда-то мог наполнять Redstone Flux-ом предметы, а не только в инструменты. Это, однако, кажется противоречащим всякой логике.$()	CHANGE	$(o)Древние тексты упоминают механизм с тем же названием, который когда-то наполнял Redstone Flux не только инструменты, но и обычные предметы. Впрочем, это противоречит всякой логике.$()	Исправлены смысловое расхождение, калька или неестественная русская формулировка.	214	180	0.841
patchouli-json:thermal:guidebook:entries/technology/charge_bench.json:/pages/1/title	sha256:96486e8146f887b039350aac37be22778d4d7f7cf788b81c63595d3cf3fc80ac	Energetic Infuser	Зарядное устройство	PASS		Смысл источника сохранён; текст достаточно простой, естественный и уместный в игровом интерфейсе.	19		
patchouli-json:thermal:guidebook:entries/technology/charge_bench.json:/pages/2/text	sha256:d20ecf544b593f57c90055ac04234f72b666035f63ef1a16ae363b9668e0a531	$(li)$(l:thermal:technology/augments/integral_components)Integral Components$(/l)$(li)$(l:thermal:technology/augments/item_filter)Item Filter$(/l)$(li)$(l:thermal:technology/augments/rf_coil)Expanded RF Coil$(/l)$(li)$(l:thermal:technology/augments/rf_coil_storage)Stabilized RF Coil$(/l)$(li)$(l:thermal:technology/augments/rf_coil_xfer)High-Flux RF Coil$(/l)	$(li)$(l:thermal:technology/augments/integral_components)Интегральные компоненты$(/l)$(li)$(l:thermal:technology/augments/item_filter)Предметный фильтр$(/l)$(li)$(l:thermal:technology/augments/rf_coil)Расширенная RF катушка$(/l)$(li)$(l:thermal:technology/augments/rf_coil_storage)Стабилизированная RF катушка$(/l)$(li)$(l:thermal:technology/augments/rf_coil_xfer)Многопоточная RF катушка$(/l)	PASS		Смысл источника сохранён; текст достаточно простой, естественный и уместный в игровом интерфейсе.	114		
patchouli-json:thermal:guidebook:entries/technology/charge_bench.json:/pages/2/title	sha256:dc3bece9b3ee08c20dc11957f9389c1c933c3d1f57867bd7c7cde6bb2e446d42	Augment Compatibility	Улучшения	PASS		Смысл источника сохранён; текст достаточно простой, естественный и уместный в игровом интерфейсе.	9		
patchouli-json:thermal:guidebook:entries/technology/devices/collector.json:/name	sha256:5213df0e7400028f575a8fa1b1935fe2ee2714b3ead262c7e6defefa84d9476b	Vacuumulator	Ваккумулятор	PASS		Смысл источника сохранён; текст достаточно простой, естественный и уместный в игровом интерфейсе.	12		
patchouli-json:thermal:guidebook:entries/technology/devices/collector.json:/pages/0/text	sha256:2a7107204fcfd6bfa5f4a20a06c45b14f1dcec53a512291c65919e318c04d9c2	The Vacuumulator is a device that can pick up items in its area of effect. It can pick up XP Orbs when a $(l:thermal:technology/augments/xp_storage)Knowledge Concentrator augment$(/l) is installed. At base, the Vacuumulator collects in a 9x9x9 area with an offset center. This can be improved using $(l:thermal:technology/augments/area_radius)Radial Enhancement augments$(/l).	Собирает предметы в своей области действия. Ваккумулятор также может собирать опыт, если установлено улучшение $(l:thermal:technology/augments/xp_storage)концентратор знаний$(/l). Изначально ваккумулятор имеет область 9x9x9 с центром в нём, её можно увеличить до 15x15x15 установив $(l:thermal:technology/augments/area_radius)радиальное улучшение$(/l).	CHANGE	Ваккумулятор подбирает предметы в своей области действия. С улучшением $(l:thermal:technology/augments/xp_storage)«Концентратор знаний»$(/l) он также собирает сферы опыта. Базовая область — 9x9x9 со смещённым центром; её можно увеличить $(l:thermal:technology/augments/area_radius)радиальными улучшениями$(/l).	Исправлены смысловое расхождение, калька или неестественная русская формулировка.	255	213	0.835
patchouli-json:thermal:guidebook:entries/technology/devices/collector.json:/pages/1/text	sha256:9b17d9e1fa8591950608b77c3f6879c20f7528017dd18e88ba8ea99cfdb5c3a6	When controlled via redstone signal, the Vacuumulator will immediately collect the moment it is turned on. This way, it will always reliably activate when pulsed.	Когда ваккумулятор управляется сигналом красного камня, он сразу же подбирает предметы, как только он включается. Таким образом, он всегда будет надёжно активироваться импульсом.	PASS		Смысл источника сохранён; текст достаточно простой, естественный и уместный в игровом интерфейсе.	178		
patchouli-json:thermal:guidebook:entries/technology/devices/collector.json:/pages/1/title	sha256:5213df0e7400028f575a8fa1b1935fe2ee2714b3ead262c7e6defefa84d9476b	Vacuumulator	Ваккумулятор	PASS		Смысл источника сохранён; текст достаточно простой, естественный и уместный в игровом интерфейсе.	12		
patchouli-json:thermal:guidebook:entries/technology/devices/collector.json:/pages/2/text	sha256:cec6425362eb9601b8657b09d9697635d5916e7e0923f589c3a58ce713c48fca	$(li)$(l:thermal:technology/augments/integral_components)Integral Components$(/l)$(li)$(l:thermal:technology/augments/item_filter)Item Filter$(/l)$(li)$(l:thermal:technology/augments/xp_storage)Knowledge Concentrator$(/l)$(li)$(l:thermal:technology/augments/area_radius)Radial Enhancement$(/l)	$(li)$(l:thermal:technology/augments/integral_components)Интегральные компоненты$(/l)$(li)$(l:thermal:technology/augments/item_filter)Предметный фильтр$(/l)$(li)$(l:thermal:technology/augments/xp_storage)Концентратор знаний$(/l)$(li)$(l:thermal:technology/augments/area_radius)Радиальное улучшение$(/l)	PASS		Смысл источника сохранён; текст достаточно простой, естественный и уместный в игровом интерфейсе.	79		
patchouli-json:thermal:guidebook:entries/technology/devices/collector.json:/pages/2/title	sha256:dc3bece9b3ee08c20dc11957f9389c1c933c3d1f57867bd7c7cde6bb2e446d42	Augment Compatibility	Улучшения	PASS		Смысл источника сохранён; текст достаточно простой, естественный и уместный в игровом интерфейсе.	9		
patchouli-json:thermal:guidebook:entries/technology/devices/fisher.json:/name	sha256:8be9b566d7c403353f6064d3a74095e83b28487e619c2b2ac3f42366997e5b90	Aquatic Entangler	Рыболов	PASS		Смысл источника сохранён; текст достаточно простой, естественный и уместный в игровом интерфейсе.	7		
patchouli-json:thermal:guidebook:entries/technology/devices/fisher.json:/pages/0/text	sha256:0a7c04d1f3596810fd32c70a84fb021a4cf4e13170392969c29c6320852dd09a	The Aquatic Entangler is a device that can passively catch fish when it is placed in a body of water. The rate at which it catches fish depends on the biome, weather, and augment configuration, but it has a base rate of 1 catch every few minutes. $(l:thermal:technology/augments/integral_components)Integral Components$(/l) and $(l:thermal:technology/augments/area_radius)Radial Enhancement$(/l) can speed this up. It can optionally take $(l:thermal:world/materials/bait)bait$(/l) to boost its rate or alter which items it catches.	Пассивно ловит рыбу, когда находится в воде. Скорость, с которой рыболов ловит рыбу, зависит от биома, погоды и конфигурации улучшений, но базовая скорость составляет 1 улов каждые несколько минут. $(l:thermal:technology/augments/integral_components)Интегральные компоненты$(/l) и $(l:thermal:technology/augments/area_radius)радиальное улучшение$(/l) повышают скорость ловли.	CHANGE	Рыболов пассивно ловит рыбу, если стоит в водоёме. Скорость зависит от биома, погоды и улучшений; базово получается 1 улов каждые несколько минут. $(l:thermal:technology/augments/integral_components)Интегральные компоненты$(/l) и $(l:thermal:technology/augments/area_radius)радиальные улучшения$(/l) ускоряют ловлю. $(l:thermal:world/materials/bait)Приманка$(/l) может дополнительно ускорить её или изменить улов.	Исправлены смысловое расхождение, калька или неестественная русская формулировка.	269	269	1.000
patchouli-json:thermal:guidebook:entries/technology/devices/fisher.json:/pages/1/text	sha256:6354e1a583b051523510d65fb1942b2934787017795d1bf4f4ea3737389df263	The entangler will also net (pun intended) 1-3 exp for every catch if the $(l:thermal:technology/augments/xp_storage)Knowledge Concentrator$(/l) augment is installed.	Чтобы ещё увеличить скорость, или отрегулировать улов можно использовать $(l:thermal:world/materials/bait)приманку$(/l).$(br2)За каждый улов можно получать от 1 до 3 единиц опыта, для этого должно быть установлено улучшение $(l:thermal:technology/augments/xp_storage)концентратор знаний$(/l).	CHANGE	С улучшением $(l:thermal:technology/augments/xp_storage)«Концентратор знаний»$(/l) рыболов за каждый улов получает ещё 1–3 единицы опыта.	Исправлены смысловое расхождение, калька или неестественная русская формулировка.	200	89	0.445
patchouli-json:thermal:guidebook:entries/technology/devices/fisher.json:/pages/1/title	sha256:8be9b566d7c403353f6064d3a74095e83b28487e619c2b2ac3f42366997e5b90	Aquatic Entangler	Рыболов	PASS		Смысл источника сохранён; текст достаточно простой, естественный и уместный в игровом интерфейсе.	7		
patchouli-json:thermal:guidebook:entries/technology/devices/fisher.json:/pages/2/text	sha256:cec6425362eb9601b8657b09d9697635d5916e7e0923f589c3a58ce713c48fca	$(li)$(l:thermal:technology/augments/integral_components)Integral Components$(/l)$(li)$(l:thermal:technology/augments/item_filter)Item Filter$(/l)$(li)$(l:thermal:technology/augments/xp_storage)Knowledge Concentrator$(/l)$(li)$(l:thermal:technology/augments/area_radius)Radial Enhancement$(/l)	$(li)$(l:thermal:technology/augments/integral_components)Интегральные компоненты$(/l)$(li)$(l:thermal:technology/augments/item_filter)Предметный фильтр$(/l)$(li)$(l:thermal:technology/augments/xp_storage)Концентратор знаний$(/l)$(li)$(l:thermal:technology/augments/area_radius)Радиальное улучшение$(/l)	PASS		Смысл источника сохранён; текст достаточно простой, естественный и уместный в игровом интерфейсе.	79		
patchouli-json:thermal:guidebook:entries/technology/devices/fisher.json:/pages/2/title	sha256:dc3bece9b3ee08c20dc11957f9389c1c933c3d1f57867bd7c7cde6bb2e446d42	Augment Compatibility	Улучшения	PASS		Смысл источника сохранён; текст достаточно простой, естественный и уместный в игровом интерфейсе.	9		
patchouli-json:thermal:guidebook:entries/technology/devices/hive_extractor.json:/name	sha256:c11c6810d77d8cbcb035354d1d3093e252931e8677da64b337d2ef564e6dd61b	Hive Hopper	Воронка пасечника	PASS		Смысл источника сохранён; текст достаточно простой, естественный и уместный в игровом интерфейсе.	17		
patchouli-json:thermal:guidebook:entries/technology/devices/hive_extractor.json:/pages/0/text	sha256:417d2575fdd0b468a6c07506d9ee531f0b5792ca13d1429d9bacecbfcc9a4476	The Hive Hopper is a device that can extract honeycombs and liquid honey when placed under a beehive.	Извлекает соты и жидкий мёд при размещении под ульем.	PASS		Смысл источника сохранён; текст достаточно простой, естественный и уместный в игровом интерфейсе.	53		
patchouli-json:thermal:guidebook:entries/technology/devices/hive_extractor.json:/pages/1/title	sha256:c11c6810d77d8cbcb035354d1d3093e252931e8677da64b337d2ef564e6dd61b	Hive Hopper	Воронка пасечника	PASS		Смысл источника сохранён; текст достаточно простой, естественный и уместный в игровом интерфейсе.	17		
patchouli-json:thermal:guidebook:entries/technology/devices/hive_extractor.json:/pages/2/text	sha256:9b6392b3c7bb2acd18676276d2cbfa8b5c1041029b5064ea21bb81e7deda3d8a	$(li)$(l:thermal:technology/augments/integral_components)Integral Components$(/l)$(li)$(l:thermal:technology/augments/item_filter)Item Filter$(/l)$(li)$(l:thermal:technology/augments/fluid_tank)Expanded Tank Construction$(/l)	$(li)$(l:thermal:technology/augments/integral_components)Интегральные компоненты$(/l)$(li)$(l:thermal:technology/augments/item_filter)Предметный фильтр$(/l)$(li)$(l:thermal:technology/augments/fluid_tank)Расширенная конструкция резервуара$(/l)	PASS		Смысл источника сохранён; текст достаточно простой, естественный и уместный в игровом интерфейсе.	74		
patchouli-json:thermal:guidebook:entries/technology/devices/hive_extractor.json:/pages/2/title	sha256:dc3bece9b3ee08c20dc11957f9389c1c933c3d1f57867bd7c7cde6bb2e446d42	Augment Compatibility	Улучшения	PASS		Смысл источника сохранён; текст достаточно простой, естественный и уместный в игровом интерфейсе.	9		
patchouli-json:thermal:guidebook:entries/technology/devices/introduction.json:/name	sha256:e9e2dd30212c92fb6b38cfa9c68a412c2824f64db09b7a9f2e108e0a6f9c01a1	Introduction - Devices	Введение - Устройства	PASS		Смысл источника сохранён; текст достаточно простой, естественный и уместный в игровом интерфейсе.	21		
patchouli-json:thermal:guidebook:entries/technology/devices/introduction.json:/pages/0/text	sha256:ccff21dc6249e59a020ae12aa87f5497b44219697708a15f57fe863cbdc7ef9d	Devices perform various functions on blocks around them, some of which may take RF. In order to improve or modify various aspects of their functionality, devices accept $(l:thermal:technology/augments/introduction)augments$(/l).	Устройства выполняют различные функции на блоках вокруг них, некоторые из них могут требовать RF. Чтобы улучшить или изменить различные аспекты функциональности устройств следует использовать $(l:thermal:technology/augments/introduction)улучшения$(/l).	CHANGE	Устройства по-разному воздействуют на окружающие блоки, иногда расходуя RF. Их возможности можно менять и расширять с помощью $(l:thermal:technology/augments/introduction)улучшений$(/l).	Исправлены смысловое расхождение, калька или неестественная русская формулировка.	202	136	0.673
patchouli-json:thermal:guidebook:entries/technology/devices/introduction.json:/pages/1/text	sha256:d6149ce2afba92da1a39d769eccfd966ad9c7ca6f8800da712bcfda5566814d2	The other entries in this chapter will provide detailed explanations on the function of each block. Brief descriptions are available in a collapsible panel in the GUI of each block. Another panel offers RF information on the block when applicable, such as current and max RF usage. There are also augment and redstone control panels for organizing augments and response to redstone signals respectively.	В других разделах этой главы будут подробно описаны функции каждого блока. Краткое описание доступно на сворачиваемой вкладке в графическом интерфейсе каждого блока. Другая панель предлагает RF-информацию о блоке, когда это применимо, например, текущее и максимальное использование RF. Существуют также вкладки управления улучшениями и управления реакцией на сигнал красного камня.	CHANGE	В остальных статьях главы подробно описана работа каждого блока. Краткое описание есть на сворачиваемой панели в интерфейсе блока. Другая панель, если применимо, показывает сведения об RF: например, текущее и предельное потребление. Также есть панели улучшений и управления красным камнем.	Исправлены смысловое расхождение, калька или неестественная русская формулировка.	381	289	0.759
patchouli-json:thermal:guidebook:entries/technology/devices/nullifier.json:/name	sha256:81628e223cbcb58054627a022b7734068b13d38a71a14a18bef159543226d95a	Nullifier	Аннулятор	PASS		Смысл источника сохранён; текст достаточно простой, естественный и уместный в игровом интерфейсе.	9		
patchouli-json:thermal:guidebook:entries/technology/devices/nullifier.json:/pages/0/text	sha256:44d508c53f46e80e9020948bccc5b75390444ba6ead2ef2e70f12ed22eebdc6d	The Nullifier is a device that can void all items and fluids that are inserted into it. Items/fluids that are input automatically (via e.g. hoppers) are instantly voided, while items inserted manually through the GUI are temporarily stored until the trash button is pressed. It is compatible with filter type augments to restrict what it can accept.	Аннулирует попадающие в него предметы и жидкости. Предметы/жидкости поставляемые автоматизацией (например воронкой) мгновенно уничтожаются, а предметы помещённые вручную через графический интерфейс будут оставаться до тех пор, пока не будет нажата кнопка корзины. В него можно установить предметный фильтр, для ограничения того, чего он может принимать.	CHANGE	Аннулятор уничтожает все поступившие предметы и жидкости. Автоматически введённые предметы и жидкости, например из воронки, исчезают сразу. Добавленные вручную через интерфейс хранятся до нажатия кнопки корзины. Фильтрующие улучшения позволяют ограничить принимаемое содержимое.	Исправлены смысловое расхождение, калька или неестественная русская формулировка.	353	278	0.788
patchouli-json:thermal:guidebook:entries/technology/devices/nullifier.json:/pages/1/text	sha256:b6f4f79fd93a5f7aa858281da057ba61cedad43b35ac1570d411c156d84cda31	Redstone control only affects the automatic insertion of items/fluids. Manual deletion through the GUI can always be performed, regardless of redstone control setting.	Управление сигналом красного камня влияет только на автоматическую вставку предметов/жидкостей. Ручное удаление через графический интерфейс всегда можно выполнить, независимо от настроек управления.	CHANGE	Управление красным камнем влияет только на автоматический ввод предметов и жидкостей. Удалять содержимое вручную через интерфейс можно при любой настройке красного камня.	Исправлены смысловое расхождение, калька или неестественная русская формулировка.	198	170	0.859
patchouli-json:thermal:guidebook:entries/technology/devices/nullifier.json:/pages/1/title	sha256:81628e223cbcb58054627a022b7734068b13d38a71a14a18bef159543226d95a	Nullifier	Аннулятор	PASS		Смысл источника сохранён; текст достаточно простой, естественный и уместный в игровом интерфейсе.	9		
patchouli-json:thermal:guidebook:entries/technology/devices/nullifier.json:/pages/2/text	sha256:dc37d246b45d18b04dcff840ba6022c49667882f1dd4a5e10197c0649e722ed6	$(li)$(l:thermal:technology/augments/item_filter)Item Filter$(/l)	$(li)$(l:thermal:technology/augments/item_filter)Предметный фильтр$(/l)	PASS		Смысл источника сохранён; текст достаточно простой, естественный и уместный в игровом интерфейсе.	17		
patchouli-json:thermal:guidebook:entries/technology/devices/nullifier.json:/pages/2/title	sha256:dc3bece9b3ee08c20dc11957f9389c1c933c3d1f57867bd7c7cde6bb2e446d42	Augment Compatibility	Улучшения	PASS		Смысл источника сохранён; текст достаточно простой, естественный и уместный в игровом интерфейсе.	9		
patchouli-json:thermal:guidebook:entries/technology/devices/potion_diffuser.json:/name	sha256:91b9eaf98c3f3143e1353b8842cb104994fecffd428a629d52fad8f4745ba4bb	Decoctive Diffuser	Рассеиватель зелий	PASS		Смысл источника сохранён; текст достаточно простой, естественный и уместный в игровом интерфейсе.	18		
patchouli-json:thermal:guidebook:entries/technology/devices/potion_diffuser.json:/pages/0/text	sha256:b708780f3c1f92ee866fa1a7fe80d478dcb9d0dfc4566da8df011a5265d021dc	The Decoctive Diffuser is a device that will periodically consume $(l:thermal:technology/potion_fluid)potion fluid$(/l) to spread potion effects to nearby mobs. Effects granted this way last 1/4 as long compared to a regular potion. It automatically halts operation when no mobs are in its area of effect. At base, the diffuser spreads potion effects in a 9x9x9 area centered on it, which can be augmented up to 15x15x15 using $(l:thermal:technology/augments/area_radius)Radial Enhancement augments$(/l).	Периодически распространяет эффекты от зелий на ближайших мобов, потребляя $(l:thermal:technology/potion_fluid)жидкие зелья$(/l). Эффекты, полученные таким образом, длятся на 1/4 дольше по сравнению с обычными зельями. Сам останавливает работу, если в зоне его действия нет мобов. Изначально рассеиватель зелий имеет область 9x9x9 с центром в нём, её можно увеличить до 15x15x15 установив $(l:thermal:technology/augments/area_radius)радиальное улучшение$(/l).	CHANGE	Рассеиватель зелий периодически расходует $(l:thermal:technology/potion_fluid)жидкое зелье$(/l) и накладывает его эффекты на ближайших мобов. Эти эффекты длятся 1/4 обычного времени. Если в зоне действия нет мобов, устройство останавливается. Базовая область — 9x9x9 с центром на устройстве; $(l:thermal:technology/augments/area_radius)радиальные улучшения$(/l) расширяют её до 15x15x15.	Исправлены смысловое расхождение, калька или неестественная русская формулировка.	369	297	0.805
patchouli-json:thermal:guidebook:entries/technology/devices/potion_diffuser.json:/pages/1/text	sha256:71687d7b443ba350c6157ee5eca1a4c689f62122a3ed8ae303ab8cae216ea92b	Reagents, namely redstone and glowstone, can be used to increase the duration and increase effect level (up to IV) at the cost of duration, respectively. A single reagent item lasts for 16 operations of the diffuser.	Реагенты, а именно редстоун и светокамень, можно использовать для увеличения продолжительности и повышения уровня эффекта (до IV) за счет продолжительности соответственно. Одной единицы реагента хватает на 16 операций.	CHANGE	Реагенты — красный камень и светокамень — соответственно увеличивают длительность и повышают уровень эффекта вплоть до IV ценой длительности. Одного реагента хватает на 16 операций рассеивателя.	Исправлены смысловое расхождение, калька или неестественная русская формулировка.	218	194	0.890
patchouli-json:thermal:guidebook:entries/technology/devices/potion_diffuser.json:/pages/1/title	sha256:91b9eaf98c3f3143e1353b8842cb104994fecffd428a629d52fad8f4745ba4bb	Decoctive Diffuser	Рассеиватель зелий	PASS		Смысл источника сохранён; текст достаточно простой, естественный и уместный в игровом интерфейсе.	18		
patchouli-json:thermal:guidebook:entries/technology/devices/potion_diffuser.json:/pages/2/text	sha256:e600e8036cb9ac18e914e2ff9756cda07044b054266111e90e449491315ba927	When controlled by redstone, the diffuser will apply potion effects the moment it is turned on, as long as there are mobs in its range. This way, it will always reliably activate when pulsed.	При управлении сигналом красного камня рассеиватель будет применять эффекты зелий в момент включения, пока в его диапазоне есть мобы. Таким образом, он всегда будет надёжно активироваться при импульсе.	PASS		Смысл источника сохранён; текст достаточно простой, естественный и уместный в игровом интерфейсе.	201		
patchouli-json:thermal:guidebook:entries/technology/devices/potion_diffuser.json:/pages/3/text	sha256:298486e70263f19f902caa752c0721fb29f3eef26471e907e23b9d96ce15bede	$(li)$(l:thermal:technology/augments/integral_components)Integral Components$(/l)$(li)$(l:thermal:technology/augments/fluid_tank)Expanded Tank Construction$(/l)$(li)$(l:thermal:technology/augments/area_radius)Radial Enhancement$(/l)$(li)$(l:thermal:technology/augments/potion_amplifier)Alchemical Amplifier$(/l)$(li)$(l:thermal:technology/augments/potion_duration)Alchemical Extender$(/l)	$(li)$(l:thermal:technology/augments/integral_components)Интегральные компоненты$(/l)$(li)$(l:thermal:technology/augments/fluid_tank)Расширенная конструкция резервуара$(/l)$(li)$(l:thermal:technology/augments/area_radius)Радиальное улучшение$(/l)$(li)$(l:thermal:technology/augments/potion_amplifier)Алхимический усилитель$(/l)$(li)$(l:thermal:technology/augments/potion_duration)Алхимический расширитель$(/l)	PASS		Смысл источника сохранён; текст достаточно простой, естественный и уместный в игровом интерфейсе.	123		
patchouli-json:thermal:guidebook:entries/technology/devices/potion_diffuser.json:/pages/3/title	sha256:dc3bece9b3ee08c20dc11957f9389c1c933c3d1f57867bd7c7cde6bb2e446d42	Augment Compatibility	Улучшения	PASS		Смысл источника сохранён; текст достаточно простой, естественный и уместный в игровом интерфейсе.	9		
patchouli-json:thermal:guidebook:entries/technology/devices/rock_gen.json:/name	sha256:004ee83dee5201887cc30d29a5656e17c57601271f5e32298de6525151b8640f	Igneous Extruder	Вулканический пресс	PASS		Смысл источника сохранён; текст достаточно простой, естественный и уместный в игровом интерфейсе.	19		
patchouli-json:thermal:guidebook:entries/technology/devices/rock_gen.json:/pages/0/text	sha256:990fd5a3b4514028c88427e1d15c68fc579866d7ff708d1a410a288a23ffb5ba	The Igneous Extruder is a device that will generate infinite stone when surrounded with the appropriate blocks and fluids. It requires an adjacent lava source block and an adjacent coolant block; it can optionally take a block underneath. Refer to JEI for all the available recipes.	Генерирует бесконечно булыжник и его производные, если его окружают соответствующие блоки и жидкости. Для этого требуется чтобы рядом был блок источника лавы и охладитель; он может дополнительно учитывать блок под ним. Обратитесь к JEI за всеми доступными рецептами.	CHANGE	Вулканический пресс бесконечно создаёт камень, если окружён подходящими блоками и жидкостями. Сбоку должны находиться источник лавы и охлаждающий блок; также можно использовать блок снизу. Все рецепты доступны в JEI.	Исправлены смысловое расхождение, калька или неестественная русская формулировка.	266	216	0.812
patchouli-json:thermal:guidebook:entries/technology/devices/rock_gen.json:/pages/1/text	sha256:75c22dd94501db46a5a691d58bf475105576ebb453bb68abacd41137a7c450c3	At first, it will produce 1 block per second, but this can be augmented up to 4/sec using $(l:thermal:technology/augments/integral_components)Integral Components$(/l). If the recipe is changed, any blocks in the output slot will be voided to make room for the blocks from the new recipe.	Количество произведённых блоков за раз можно увеличить используя $(l:thermal:technology/augments/integral_components)интегральные компоненты$(/l). Если рецепт изменён, любые блоки в выходном слоте будут аннулированы, чтобы освободить место для блоков из нового рецепта.	CHANGE	Сначала пресс создаёт 1 блок в секунду, но $(l:thermal:technology/augments/integral_components)интегральные компоненты$(/l) повышают скорость до 4 блоков/с. При смене рецепта блоки в выходном слоте уничтожаются, освобождая место для нового результата.	Исправлены смысловое расхождение, калька или неестественная русская формулировка.	212	194	0.915
patchouli-json:thermal:guidebook:entries/technology/devices/rock_gen.json:/pages/1/title	sha256:004ee83dee5201887cc30d29a5656e17c57601271f5e32298de6525151b8640f	Igneous Extruder	Вулканический пресс	PASS		Смысл источника сохранён; текст достаточно простой, естественный и уместный в игровом интерфейсе.	19		
patchouli-json:thermal:guidebook:entries/technology/devices/rock_gen.json:/pages/2/text	sha256:22e4b7371623eb0c6d7e59b1d484f183ad319f0a2fca654fd49f1f03fde9aa87	$(li)$(l:thermal:technology/augments/integral_components)Integral Components$(/l)	$(li)$(l:thermal:technology/augments/integral_components)Интегральные компоненты$(/l)	PASS		Смысл источника сохранён; текст достаточно простой, естественный и уместный в игровом интерфейсе.	23		
patchouli-json:thermal:guidebook:entries/technology/devices/rock_gen.json:/pages/2/title	sha256:dc3bece9b3ee08c20dc11957f9389c1c933c3d1f57867bd7c7cde6bb2e446d42	Augment Compatibility	Улучшения	PASS		Смысл источника сохранён; текст достаточно простой, естественный и уместный в игровом интерфейсе.	9		
patchouli-json:thermal:guidebook:entries/technology/devices/soil_infuser.json:/name	sha256:93ba7a50294b765f7e5f6a886aae1a54c32887c4a8cf3a1ee253081e859c7451	Phyto-Soil Infuser	Удобритель	PASS		Смысл источника сохранён; текст достаточно простой, естественный и уместный в игровом интерфейсе.	10		
patchouli-json:thermal:guidebook:entries/technology/devices/soil_infuser.json:/pages/0/text	sha256:509475a7530ca88b834687a2b64524504661d248d58e106b4cff7ec1dcfe2686	The Phyto-Soil Infuser is a device that uses RF in order to speed up the growth of crops on nearby $(l:thermal:world/plants/phytogro)Phyto-Soil$(/l). In its base form, it infuses a 3x3x3 area around it, which can be upgraded using $(l:thermal:technology/augments/area_radius)Radial Enhancement augments$(/l) to up to 7x3x7. $(l:thermal:technology/augments/integral_components)Integral Components$(/l) increase the growth boost effect.	Использует RF-энергию для увеличения скорости роста культур, высаженных на $(l:thermal:world/plants/phytogro)фито-почву$(/l). Изначально он работает в радиусе 3x3x3, но радиус можно увеличить используя $(l:thermal:technology/augments/area_radius)радиальное улучшение$(/l) для увеличения до 7x3x7. $(l:thermal:technology/augments/integral_components)Интегральные компоненты$(/l) позволяют усилить эффект ускорения роста.	CHANGE	Использует RF, чтобы ускорять рост культур на соседней $(l:thermal:world/plants/phytogro)фито-почве$(/l). Базовая область — 3x3x3; $(l:thermal:technology/augments/area_radius)радиальные улучшения$(/l) расширяют её до 7x3x7. $(l:thermal:technology/augments/integral_components)Интегральные компоненты$(/l) усиливают ускорение роста.	Исправлены смысловое расхождение, калька или неестественная русская формулировка.	274	186	0.679
patchouli-json:thermal:guidebook:entries/technology/devices/soil_infuser.json:/pages/1/title	sha256:93ba7a50294b765f7e5f6a886aae1a54c32887c4a8cf3a1ee253081e859c7451	Phyto-Soil Infuser	Удобритель	PASS		Смысл источника сохранён; текст достаточно простой, естественный и уместный в игровом интерфейсе.	10		
patchouli-json:thermal:guidebook:entries/technology/devices/soil_infuser.json:/pages/2/text	sha256:b47a91b3dd074879f7480807e7417c3b128c160456f098cf699eb98662f23d46	$(li)$(l:thermal:technology/augments/integral_components)Integral Components$(/l)$(li)$(l:thermal:technology/augments/rf_coil)Expanded RF Coil$(/l)$(li)$(l:thermal:technology/augments/rf_coil_storage)Stabilized RF Coil$(/l)$(li)$(l:thermal:technology/augments/rf_coil_xfer)High-Flux RF Coil$(/l)$(li)$(l:thermal:technology/augments/area_radius)Radial Enhancement$(/l)	$(li)$(l:thermal:technology/augments/integral_components)Интегральные компоненты$(/l)$(li)$(l:thermal:technology/augments/rf_coil)Расширенная RF катушка$(/l)$(li)$(l:thermal:technology/augments/rf_coil_storage)Стабилизированная RF катушка$(/l)$(li)$(l:thermal:technology/augments/rf_coil_xfer)Многопоточная RF катушка$(/l)$(li)$(l:thermal:technology/augments/area_radius)Радиальное улучшение$(/l)	PASS		Смысл источника сохранён; текст достаточно простой, естественный и уместный в игровом интерфейсе.	117		
patchouli-json:thermal:guidebook:entries/technology/devices/soil_infuser.json:/pages/2/title	sha256:dc3bece9b3ee08c20dc11957f9389c1c933c3d1f57867bd7c7cde6bb2e446d42	Augment Compatibility	Улучшения	PASS		Смысл источника сохранён; текст достаточно простой, естественный и уместный в игровом интерфейсе.	9		
patchouli-json:thermal:guidebook:entries/technology/devices/tree_extractor.json:/name	sha256:2fcbbe7a7d10ff7c99a8e321ba4c9b765e8a40da7e344c75c7734eed6a82bbdc	Arboreal Extractor	Древесный выжиматель	PASS		Смысл источника сохранён; текст достаточно простой, естественный и уместный в игровом интерфейсе.	20		
patchouli-json:thermal:guidebook:entries/technology/devices/tree_extractor.json:/pages/0/text	sha256:e31e9c62a785b776f279fca7a29a1f8f6ac69428809dd093f18ededfe33d19d0	The Arboreal Extractor is a device that extracts fluid from an adjacent tree. Can optionally take fertilizer to boost production rate. Bonemeal boosts output by 1.5x for 8 cycles, while $(l:thermal:world/plants/phytogro)Phyto-Gro$(/l) boosts by 2.0x for 16 cycles. Different trees produce different fluids; use JEI to see the available recipes.	Выжимает жидкость из соседнего дерева. При желании можно использовать удобрения для повышения производительности. Костная мука ускоряет в 1.5 раза, расходуется в течении 8 циклов, а $(l:thermal:world/plants/phytogro)фито-гро$(/l) ускоряет в 2 раза, расходуется в течении 16 циклов.	CHANGE	Извлекает жидкость из соседнего дерева. Удобрения могут ускорить работу: костная мука повышает выход в 1,5 раза на 8 циклов, а $(l:thermal:world/plants/phytogro)Фито-Гро$(/l) — в 2,0 раза на 16 циклов. Разные деревья дают разные жидкости; рецепты смотрите в JEI.	Исправлены смысловое расхождение, калька или неестественная русская формулировка.	242	223	0.921
patchouli-json:thermal:guidebook:entries/technology/devices/tree_extractor.json:/pages/1/title	sha256:2fcbbe7a7d10ff7c99a8e321ba4c9b765e8a40da7e344c75c7734eed6a82bbdc	Arboreal Extractor	Древесный выжиматель	PASS		Смысл источника сохранён; текст достаточно простой, естественный и уместный в игровом интерфейсе.	20		
patchouli-json:thermal:guidebook:entries/technology/devices/tree_extractor.json:/pages/2/text	sha256:808902e6e32f968ad2b2104359323440525b33e5381854421dbe0ebfd404c40b	$(li)$(l:thermal:technology/augments/integral_components)Integral Components$(/l)$(li)$(l:thermal:technology/augments/fluid_tank)Expanded Tank Construction$(/l)	$(li)$(l:thermal:technology/augments/integral_components)Интегральные компоненты$(/l)$(li)$(l:thermal:technology/augments/fluid_tank)Расширенная конструкция резервуара$(/l)	PASS		Смысл источника сохранён; текст достаточно простой, естественный и уместный в игровом интерфейсе.	57		
patchouli-json:thermal:guidebook:entries/technology/devices/tree_extractor.json:/pages/2/title	sha256:dc3bece9b3ee08c20dc11957f9389c1c933c3d1f57867bd7c7cde6bb2e446d42	Augment Compatibility	Улучшения	PASS		Смысл источника сохранён; текст достаточно простой, естественный и уместный в игровом интерфейсе.	9		
patchouli-json:thermal:guidebook:entries/technology/devices/water_gen.json:/name	sha256:abcf1a2052b4e48e83d6d20afd0fc5e3e7acca749d1d69e76f9c3c6b9d4f6de2	Aqueous Accumulator	Водный накопитель	PASS		Смысл источника сохранён; текст достаточно простой, естественный и уместный в игровом интерфейсе.	17		
patchouli-json:thermal:guidebook:entries/technology/devices/water_gen.json:/pages/0/text	sha256:548517f95d267c415e57dc34ca37063d35f69647b63996236eec8118de819119	The Aqueous Accumulator is a device that will generate infinite water for your needs. In order for it to produce water there must be at least two source blocks adjacent to the sides of the device. Source blocks above or below the device will not count.	Бесконечный источник воды. Для того, чтобы накопитель производил воду, должно быть не менее двух источников воды, примыкающих к сторонам устройства. Блоки выше или ниже устройства не будут учитываться.	PASS		Смысл источника сохранён; текст достаточно простой, естественный и уместный в игровом интерфейсе.	201		
patchouli-json:thermal:guidebook:entries/technology/devices/water_gen.json:/pages/1/title	sha256:abcf1a2052b4e48e83d6d20afd0fc5e3e7acca749d1d69e76f9c3c6b9d4f6de2	Aqueous Accumulator	Водный накопитель	PASS		Смысл источника сохранён; текст достаточно простой, естественный и уместный в игровом интерфейсе.	17		
patchouli-json:thermal:guidebook:entries/technology/devices/water_gen.json:/pages/2/text	sha256:808902e6e32f968ad2b2104359323440525b33e5381854421dbe0ebfd404c40b	$(li)$(l:thermal:technology/augments/integral_components)Integral Components$(/l)$(li)$(l:thermal:technology/augments/fluid_tank)Expanded Tank Construction$(/l)	$(li)$(l:thermal:technology/augments/integral_components)Интегральные компоненты$(/l)$(li)$(l:thermal:technology/augments/fluid_tank)Расширенная конструкция резервуара$(/l)	PASS		Смысл источника сохранён; текст достаточно простой, естественный и уместный в игровом интерфейсе.	57		
patchouli-json:thermal:guidebook:entries/technology/devices/water_gen.json:/pages/2/title	sha256:dc3bece9b3ee08c20dc11957f9389c1c933c3d1f57867bd7c7cde6bb2e446d42	Augment Compatibility	Улучшения	PASS		Смысл источника сохранён; текст достаточно простой, естественный и уместный в игровом интерфейсе.	9		
patchouli-json:thermal:guidebook:entries/technology/dynamos/compression.json:/name	sha256:524a0335794f5a7f7f6179331ea0b925ed75aee6d3c9e3d7e9d31288af6bf461	Compression Dynamo	Компрессионный генератор	PASS		Смысл источника сохранён; текст достаточно простой, естественный и уместный в игровом интерфейсе.	24		
patchouli-json:thermal:guidebook:entries/technology/dynamos/compression.json:/pages/0/text	sha256:a2f223d11d398d523de726cdf99675bfadec9270c0882cc5496835ce770d32d5	The Compression Dynamo uses burnable liquid fuels such as tree oil to produce RF.	Компрессионный генератор использует горючее жидкое топливо, такое как древесное масло, для производства RF-энергии.	PASS		Смысл источника сохранён; текст достаточно простой, естественный и уместный в игровом интерфейсе.	115		
patchouli-json:thermal:guidebook:entries/technology/dynamos/compression.json:/pages/1/title	sha256:524a0335794f5a7f7f6179331ea0b925ed75aee6d3c9e3d7e9d31288af6bf461	Compression Dynamo	Компрессионный генератор	PASS		Смысл источника сохранён; текст достаточно простой, естественный и уместный в игровом интерфейсе.	24		
patchouli-json:thermal:guidebook:entries/technology/dynamos/compression.json:/pages/2/text	sha256:41d5dfc4668bcc83a9b231b80be3d5a4a1ffb442d49fe6ec97ed9ded319196f6	$(li)$(l:thermal:technology/augments/integral_components)Integral Components$(/l)$(li)$(l:thermal:technology/augments/fluid_tank)Expanded Tank Construction$(/l)$(li)$(l:thermal:technology/augments/dynamo_output)Auxiliary Reaction Chamber$(/l)$(li)$(l:thermal:technology/augments/dynamo_fuel)Multi-cycle Injectors$(/l)	$(li)$(l:thermal:technology/augments/integral_components)Интегральные компоненты$(/l)$(li)$(l:thermal:technology/augments/fluid_tank)Расширенная конструкция резервуара$(/l)$(li)$(l:thermal:technology/augments/dynamo_output)Вспомогательная реакционная камера$(/l)$(li)$(l:thermal:technology/augments/dynamo_fuel)Многоцикловые форсунки$(/l)	PASS		Смысл источника сохранён; текст достаточно простой, естественный и уместный в игровом интерфейсе.	113		
patchouli-json:thermal:guidebook:entries/technology/dynamos/compression.json:/pages/2/title	sha256:dc3bece9b3ee08c20dc11957f9389c1c933c3d1f57867bd7c7cde6bb2e446d42	Augment Compatibility	Улучшения	PASS		Смысл источника сохранён; текст достаточно простой, естественный и уместный в игровом интерфейсе.	9		
patchouli-json:thermal:guidebook:entries/technology/dynamos/disenchantment.json:/name	sha256:f98a0a026f345da96235dfa349e14669cb85f4faca968cf6435a5c6ec28c6fe6	Disenchantment Dynamo	Чародейский генератор	PASS		Смысл источника сохранён; текст достаточно простой, естественный и уместный в игровом интерфейсе.	21		
patchouli-json:thermal:guidebook:entries/technology/dynamos/disenchantment.json:/pages/0/text	sha256:edf78b79e123f0ba1c6d8976bc14c0dae561730513825d3650b670c4fcae7fac	The Disenchantment Dynamo uses enchanted items such as books to produce RF.	Чародейский генератор использует заколдованные предметы, такие как книги, для производства RF-энергии.	PASS		Смысл источника сохранён; текст достаточно простой, естественный и уместный в игровом интерфейсе.	102		
patchouli-json:thermal:guidebook:entries/technology/dynamos/disenchantment.json:/pages/1/title	sha256:f98a0a026f345da96235dfa349e14669cb85f4faca968cf6435a5c6ec28c6fe6	Disenchantment Dynamo	Чародейский генератор	PASS		Смысл источника сохранён; текст достаточно простой, естественный и уместный в игровом интерфейсе.	21		
patchouli-json:thermal:guidebook:entries/technology/dynamos/disenchantment.json:/pages/2/text	sha256:41d5dfc4668bcc83a9b231b80be3d5a4a1ffb442d49fe6ec97ed9ded319196f6	$(li)$(l:thermal:technology/augments/integral_components)Integral Components$(/l)$(li)$(l:thermal:technology/augments/fluid_tank)Expanded Tank Construction$(/l)$(li)$(l:thermal:technology/augments/dynamo_output)Auxiliary Reaction Chamber$(/l)$(li)$(l:thermal:technology/augments/dynamo_fuel)Multi-cycle Injectors$(/l)	$(li)$(l:thermal:technology/augments/integral_components)Интегральные компоненты$(/l)$(li)$(l:thermal:technology/augments/fluid_tank)Расширенная конструкция резервуара$(/l)$(li)$(l:thermal:technology/augments/dynamo_output)Вспомогательная реакционная камера$(/l)$(li)$(l:thermal:technology/augments/dynamo_fuel)Многоцикловые форсунки$(/l)	PASS		Смысл источника сохранён; текст достаточно простой, естественный и уместный в игровом интерфейсе.	113		
patchouli-json:thermal:guidebook:entries/technology/dynamos/disenchantment.json:/pages/2/title	sha256:dc3bece9b3ee08c20dc11957f9389c1c933c3d1f57867bd7c7cde6bb2e446d42	Augment Compatibility	Улучшения	PASS		Смысл источника сохранён; текст достаточно простой, естественный и уместный в игровом интерфейсе.	9		
patchouli-json:thermal:guidebook:entries/technology/dynamos/gourmand.json:/name	sha256:f666f9c61007eed4dd3217c32acc0268993d9c3595420d50ea39f1aa317821db	Gourmand Dynamo	Кулинарный генератор	PASS		Смысл источника сохранён; текст достаточно простой, естественный и уместный в игровом интерфейсе.	20		
patchouli-json:thermal:guidebook:entries/technology/dynamos/gourmand.json:/pages/0/text	sha256:14028b7a38e76250d7aaa3a517048b1030d014e91ada4f81a875537eb0dab394	The Gourmand Dynamo uses food to produce RF.	Кулинарный генератор использует еду для производства RF-энергии.	PASS		Смысл источника сохранён; текст достаточно простой, естественный и уместный в игровом интерфейсе.	64		
patchouli-json:thermal:guidebook:entries/technology/dynamos/gourmand.json:/pages/1/title	sha256:f666f9c61007eed4dd3217c32acc0268993d9c3595420d50ea39f1aa317821db	Gourmand Dynamo	Кулинарный генератор	PASS		Смысл источника сохранён; текст достаточно простой, естественный и уместный в игровом интерфейсе.	20		
patchouli-json:thermal:guidebook:entries/technology/dynamos/gourmand.json:/pages/2/text	sha256:41d5dfc4668bcc83a9b231b80be3d5a4a1ffb442d49fe6ec97ed9ded319196f6	$(li)$(l:thermal:technology/augments/integral_components)Integral Components$(/l)$(li)$(l:thermal:technology/augments/fluid_tank)Expanded Tank Construction$(/l)$(li)$(l:thermal:technology/augments/dynamo_output)Auxiliary Reaction Chamber$(/l)$(li)$(l:thermal:technology/augments/dynamo_fuel)Multi-cycle Injectors$(/l)	$(li)$(l:thermal:technology/augments/integral_components)Интегральные компоненты$(/l)$(li)$(l:thermal:technology/augments/fluid_tank)Расширенная конструкция резервуара$(/l)$(li)$(l:thermal:technology/augments/dynamo_output)Вспомогательная реакционная камера$(/l)$(li)$(l:thermal:technology/augments/dynamo_fuel)Многоцикловые форсунки$(/l)	PASS		Смысл источника сохранён; текст достаточно простой, естественный и уместный в игровом интерфейсе.	113		
patchouli-json:thermal:guidebook:entries/technology/dynamos/gourmand.json:/pages/2/title	sha256:dc3bece9b3ee08c20dc11957f9389c1c933c3d1f57867bd7c7cde6bb2e446d42	Augment Compatibility	Улучшения	PASS		Смысл источника сохранён; текст достаточно простой, естественный и уместный в игровом интерфейсе.	9		
patchouli-json:thermal:guidebook:entries/technology/dynamos/introduction.json:/name	sha256:8b17c9e9650ad191822f8940119b8f2a58be03d89ebe36ceeb82c35a6e44f68e	Introduction - Dynamos	Введение - Генераторы	PASS		Смысл источника сохранён; текст достаточно простой, естественный и уместный в игровом интерфейсе.	21		
patchouli-json:thermal:guidebook:entries/technology/dynamos/introduction.json:/pages/0/text	sha256:e19ce51d7cbb7a59c13a5860419b1dc51f97eb806f1f1cc6e11253dd87d96c4b	Dynamos produce RF from various types of fuel. They have a coil side, which is indicated by the large red nub that glows when the dynamo is generating. RF is output from the coil side only, and fuel is accepted from any of the other sides. Without any upgrades, dynamos produce up to 40 RF/t.	Генераторы производят RF-энергию из различных видов топлива. Их катушка светится при работе. Энергия выводится только со стороны катушки, а ввод топлива осуществляется с любой из остальных сторон. Без каких-либо модернизаций генераторы производят до 40 RF/т. Внутренний энерго-буфер генераторов можно увеличить используя $(l:thermal:technology/augments/integral_components)интегральные компоненты$(/l), а не RF катушки.	CHANGE	Генераторы производят RF из разного топлива. Со стороны катушки находится большой красный выступ, который светится во время выработки. RF выводится только через катушку, а топливо принимается с остальных сторон. Без улучшений генератор выдаёт до 40 RF/т.	Исправлены смысловое расхождение, калька или неестественная русская формулировка.	362	254	0.702
patchouli-json:thermal:guidebook:entries/technology/dynamos/introduction.json:/pages/1/text	sha256:9a523a2146d7d90922ec82cdc54152bd771134577ef9bb05d38e0ad49790670c	Dynamos have an internal buffer which can be upgraded using $(l:thermal:technology/augments/integral_components)Integral Components$(/l) but not RF coil augments. Dynamos will automatically throttle their RF output and fuel usage based on how full this buffer is. When empty, dynamos will work at their maximum RF output. When full, dynamos will work at 10% output, using fuel even though the RF generated is wasted. The buffer will only automatically output when the dynamo is generating, and will gradually decay when idle.	Генераторы будут автоматически тормозить свою работу в зависимости от того, насколько заполнен их энерго-буфер. Ели он пуст, генераторы будут работать на максимальной скорости. Когда он заполнен, генераторы будут работать с выходной мощностью 10%, используя топливо, даже если генерируемая энергия теряется. Буфер будет автоматически опустошается только во время работы генератора и будет постепенно уменьшаться при простое.	CHANGE	Внутренний буфер генератора увеличивается $(l:thermal:technology/augments/integral_components)интегральными компонентами$(/l), но не улучшениями RF-катушки. По заполнению буфера генератор регулирует выработку и расход топлива: при пустом работает на полной мощности, при полном — на 10%, тратя топливо впустую. Буфер выводит RF автоматически только во время работы и понемногу разряжается в простое.	Исправлены смысловое расхождение, калька или неестественная русская формулировка.	424	342	0.807
patchouli-json:thermal:guidebook:entries/technology/dynamos/lapidary.json:/name	sha256:c618a651adfe00cab559e0b1428f630c3ce5b0619cf3777cba7c3aafb550bd9c	Lapidary Dynamo	Липидарный генератор	PASS		Смысл источника сохранён; текст достаточно простой, естественный и уместный в игровом интерфейсе.	20		
patchouli-json:thermal:guidebook:entries/technology/dynamos/lapidary.json:/pages/0/text	sha256:7a2552229019a854e57b116bc8b71dba8880aaf337ef707bfd98e3c785f2698b	The Lapidary Dynamo uses crystals and gems to produce RF.	Липидарный генератор использует кристаллы и драгоценные камни для производства RF-энергии.	PASS		Смысл источника сохранён; текст достаточно простой, естественный и уместный в игровом интерфейсе.	90		
patchouli-json:thermal:guidebook:entries/technology/dynamos/lapidary.json:/pages/1/text	sha256:df57f88cc177070456d403a244c59676f22b5174b8d3a70090216e16767be83d	$(o)Might be a portal to a land of gem-obsessed moon people.$()	$(o)Может быть, это портал в страну помешанных на драгоценных камнях лунных людей.$()	PASS		Смысл источника сохранён; текст достаточно простой, естественный и уместный в игровом интерфейсе.	78		
patchouli-json:thermal:guidebook:entries/technology/dynamos/lapidary.json:/pages/1/title	sha256:c618a651adfe00cab559e0b1428f630c3ce5b0619cf3777cba7c3aafb550bd9c	Lapidary Dynamo	Липидарный генератор	PASS		Смысл источника сохранён; текст достаточно простой, естественный и уместный в игровом интерфейсе.	20		
patchouli-json:thermal:guidebook:entries/technology/dynamos/lapidary.json:/pages/2/text	sha256:b53fd61f58ba3be9c6b5f33bf6671caf893d34edef69fe53ccb5aef46d5964d7	$(li)$(l:thermal:technology/augments/integral_components)Integral Components$(/l)$(li)$(l:thermal:technology/augments/dynamo_output)Auxiliary Reaction Chamber$(/l)$(li)$(l:thermal:technology/augments/dynamo_fuel)Multi-cycle Injectors$(/l)	$(li)$(l:thermal:technology/augments/integral_components)Интегральные компоненты$(/l)$(li)$(l:thermal:technology/augments/dynamo_output)Вспомогательная реакционная камера$(/l)$(li)$(l:thermal:technology/augments/dynamo_fuel)Многоцикловые форсунки$(/l)	PASS		Смысл источника сохранён; текст достаточно простой, естественный и уместный в игровом интерфейсе.	79		
patchouli-json:thermal:guidebook:entries/technology/dynamos/lapidary.json:/pages/2/title	sha256:dc3bece9b3ee08c20dc11957f9389c1c933c3d1f57867bd7c7cde6bb2e446d42	Augment Compatibility	Улучшения	PASS		Смысл источника сохранён; текст достаточно простой, естественный и уместный в игровом интерфейсе.	9		
patchouli-json:thermal:guidebook:entries/technology/dynamos/magmatic.json:/name	sha256:d49674402450448ef30bc40aa33eebaa200266383b365112bc9f65faaa7cc46e	Magmatic Dynamo	Магмовый генератор	PASS		Смысл источника сохранён; текст достаточно простой, естественный и уместный в игровом интерфейсе.	18		
patchouli-json:thermal:guidebook:entries/technology/dynamos/magmatic.json:/pages/0/text	sha256:b86127c0ba454f1449a8c894e123b70f6cf0398e3f46d8df3f2f1fd7c3442b4d	The Magmatic Dynamo uses lava to produce RF.	Магмовый генератор использует лаву для производства RF-энергии.	PASS		Смысл источника сохранён; текст достаточно простой, естественный и уместный в игровом интерфейсе.	63		
patchouli-json:thermal:guidebook:entries/technology/dynamos/magmatic.json:/pages/1/title	sha256:d49674402450448ef30bc40aa33eebaa200266383b365112bc9f65faaa7cc46e	Magmatic Dynamo	Магмовый генератор	PASS		Смысл источника сохранён; текст достаточно простой, естественный и уместный в игровом интерфейсе.	18		
patchouli-json:thermal:guidebook:entries/technology/dynamos/magmatic.json:/pages/2/text	sha256:41d5dfc4668bcc83a9b231b80be3d5a4a1ffb442d49fe6ec97ed9ded319196f6	$(li)$(l:thermal:technology/augments/integral_components)Integral Components$(/l)$(li)$(l:thermal:technology/augments/fluid_tank)Expanded Tank Construction$(/l)$(li)$(l:thermal:technology/augments/dynamo_output)Auxiliary Reaction Chamber$(/l)$(li)$(l:thermal:technology/augments/dynamo_fuel)Multi-cycle Injectors$(/l)	$(li)$(l:thermal:technology/augments/integral_components)Интегральные компоненты$(/l)$(li)$(l:thermal:technology/augments/fluid_tank)Расширенная конструкция резервуара$(/l)$(li)$(l:thermal:technology/augments/dynamo_output)Вспомогательная реакционная камера$(/l)$(li)$(l:thermal:technology/augments/dynamo_fuel)Многоцикловые форсунки$(/l)	PASS		Смысл источника сохранён; текст достаточно простой, естественный и уместный в игровом интерфейсе.	113		
patchouli-json:thermal:guidebook:entries/technology/dynamos/magmatic.json:/pages/2/title	sha256:dc3bece9b3ee08c20dc11957f9389c1c933c3d1f57867bd7c7cde6bb2e446d42	Augment Compatibility	Улучшения	PASS		Смысл источника сохранён; текст достаточно простой, естественный и уместный в игровом интерфейсе.	9		
patchouli-json:thermal:guidebook:entries/technology/dynamos/numismatic.json:/name	sha256:05d5dc10aaa83a0983099cf0f0c179e5ce8b2cc077b9e4a18fce0f8a0311e006	Numismatic Dynamo	Нумизматический генератор	PASS		Смысл источника сохранён; текст достаточно простой, естественный и уместный в игровом интерфейсе.	25		
patchouli-json:thermal:guidebook:entries/technology/dynamos/numismatic.json:/pages/0/text	sha256:6317f1e41dbd91845713e8cd013296cc0a36a7cb760562adec0ab53b08c3e01a	The Numismatic Dynamo uses $(l:thermal:technology/machines/press)coins$(/l) to produce RF.	Нумизматический генератор использует $(l:thermal:technology/machines/press)монеты$(/l) для производства RF-энергии.	PASS		Смысл источника сохранён; текст достаточно простой, естественный и уместный в игровом интерфейсе.	72		
patchouli-json:thermal:guidebook:entries/technology/dynamos/numismatic.json:/pages/1/title	sha256:05d5dc10aaa83a0983099cf0f0c179e5ce8b2cc077b9e4a18fce0f8a0311e006	Numismatic Dynamo	Нумизматический генератор	PASS		Смысл источника сохранён; текст достаточно простой, естественный и уместный в игровом интерфейсе.	25		
patchouli-json:thermal:guidebook:entries/technology/dynamos/numismatic.json:/pages/2/text	sha256:b53fd61f58ba3be9c6b5f33bf6671caf893d34edef69fe53ccb5aef46d5964d7	$(li)$(l:thermal:technology/augments/integral_components)Integral Components$(/l)$(li)$(l:thermal:technology/augments/dynamo_output)Auxiliary Reaction Chamber$(/l)$(li)$(l:thermal:technology/augments/dynamo_fuel)Multi-cycle Injectors$(/l)	$(li)$(l:thermal:technology/augments/integral_components)Интегральные компоненты$(/l)$(li)$(l:thermal:technology/augments/dynamo_output)Вспомогательная реакционная камера$(/l)$(li)$(l:thermal:technology/augments/dynamo_fuel)Многоцикловые форсунки$(/l)	PASS		Смысл источника сохранён; текст достаточно простой, естественный и уместный в игровом интерфейсе.	79		
patchouli-json:thermal:guidebook:entries/technology/dynamos/numismatic.json:/pages/2/title	sha256:dc3bece9b3ee08c20dc11957f9389c1c933c3d1f57867bd7c7cde6bb2e446d42	Augment Compatibility	Улучшения	PASS		Смысл источника сохранён; текст достаточно простой, естественный и уместный в игровом интерфейсе.	9		
patchouli-json:thermal:guidebook:entries/technology/dynamos/stirling.json:/name	sha256:883d02d3e7c6fa490a173d1b9d2ea3bcf43f69d5d48cb49ba2234ddbdb49161e	Stirling Dynamo	Стирлинг генератор	PASS		Смысл источника сохранён; текст достаточно простой, естественный и уместный в игровом интерфейсе.	18		
patchouli-json:thermal:guidebook:entries/technology/dynamos/stirling.json:/pages/0/text	sha256:917cf121ae1967219ede6303b23f19e2ce87c661641c24c23338973bbcd1c12c	The Stirling Dynamo uses burnable items to produce RF.	Стирлинг генератор использует горючие предметы для производства RF-энергии.	PASS		Смысл источника сохранён; текст достаточно простой, естественный и уместный в игровом интерфейсе.	75		
patchouli-json:thermal:guidebook:entries/technology/dynamos/stirling.json:/pages/1/title	sha256:883d02d3e7c6fa490a173d1b9d2ea3bcf43f69d5d48cb49ba2234ddbdb49161e	Stirling Dynamo	Стирлинг генератор	PASS		Смысл источника сохранён; текст достаточно простой, естественный и уместный в игровом интерфейсе.	18		
patchouli-json:thermal:guidebook:entries/technology/dynamos/stirling.json:/pages/2/text	sha256:b53fd61f58ba3be9c6b5f33bf6671caf893d34edef69fe53ccb5aef46d5964d7	$(li)$(l:thermal:technology/augments/integral_components)Integral Components$(/l)$(li)$(l:thermal:technology/augments/dynamo_output)Auxiliary Reaction Chamber$(/l)$(li)$(l:thermal:technology/augments/dynamo_fuel)Multi-cycle Injectors$(/l)	$(li)$(l:thermal:technology/augments/integral_components)Интегральные компоненты$(/l)$(li)$(l:thermal:technology/augments/dynamo_output)Вспомогательная реакционная камера$(/l)$(li)$(l:thermal:technology/augments/dynamo_fuel)Многоцикловые форсунки$(/l)	PASS		Смысл источника сохранён; текст достаточно простой, естественный и уместный в игровом интерфейсе.	79		
patchouli-json:thermal:guidebook:entries/technology/dynamos/stirling.json:/pages/2/title	sha256:dc3bece9b3ee08c20dc11957f9389c1c933c3d1f57867bd7c7cde6bb2e446d42	Augment Compatibility	Улучшения	PASS		Смысл источника сохранён; текст достаточно простой, естественный и уместный в игровом интерфейсе.	9		
patchouli-json:thermal:guidebook:entries/technology/lock.json:/name	sha256:2447fcfec88c61fde189804de5565193db23340e7300de566494d2c5a86f5350	Signalum Security Lock	Сигналовый замок	PASS		Смысл источника сохранён; текст достаточно простой, естественный и уместный в игровом интерфейсе.	16		
patchouli-json:thermal:guidebook:entries/technology/lock.json:/pages/0/text	sha256:5a07dfac427ce67acf29f0d7916db12970d9bf46ec0c75d3f868f9b41e2d8cab	Used to enable the security panel on your various machines, dynamos, and items. Make your stuff yours!	Используется для включения панели безопасности на ваших различных механизмах, генераторах и предметах. Сделайте свои вещи своими!	CHANGE	Открывает панель безопасности у механизмов, генераторов и предметов. Пусть ваше имущество остаётся вашим!	Исправлены смысловое расхождение, калька или неестественная русская формулировка.	129	105	0.814
patchouli-json:thermal:guidebook:entries/technology/lock.json:/pages/1/title	sha256:2447fcfec88c61fde189804de5565193db23340e7300de566494d2c5a86f5350	Signalum Security Lock	Сигналовый замок	PASS		Смысл источника сохранён; текст достаточно простой, естественный и уместный в игровом интерфейсе.	16		
patchouli-json:thermal:guidebook:entries/technology/machines/bottler.json:/name	sha256:c0cca346895c4b5cee956e1bf48d5947d144d641e5e852e53181e0bcd82fc028	Fluid Encapsulator	Жидкостный наполнитель	PASS		Смысл источника сохранён; текст достаточно простой, естественный и уместный в игровом интерфейсе.	22		
patchouli-json:thermal:guidebook:entries/technology/machines/bottler.json:/pages/0/text	sha256:9e7c125a401c0443a59bb7c37a0a447b5dd521accbb7a8cb4882f3b3ed5521bf	The Fluid Encapsulator is a machine that fills items that hold fluids, such as buckets and bottles. Can be used to automatically fill bottles with $(l:thermal:technology/potion_fluid)potion fluid$(/l) from the $(l:thermal:technology/machines/brewer)Alchemical Imbuer$(/l).	Жидкостный наполнитель - это механизм, который заполняет контейнеры жидкостью, например вёдра или бутылочки. Может использоваться для автоматического заполнения бутылочек $(l:thermal:technology/potion_fluid)жидким зельем$(/l) из $(l:thermal:technology/machines/brewer)алхимической зельеварки$(/l).	PASS		Смысл источника сохранён; текст достаточно простой, естественный и уместный в игровом интерфейсе.	212		
patchouli-json:thermal:guidebook:entries/technology/machines/bottler.json:/pages/1/title	sha256:c0cca346895c4b5cee956e1bf48d5947d144d641e5e852e53181e0bcd82fc028	Fluid Encapsulator	Жидкостный наполнитель	PASS		Смысл источника сохранён; текст достаточно простой, естественный и уместный в игровом интерфейсе.	22		
patchouli-json:thermal:guidebook:entries/technology/machines/bottler.json:/pages/2/text	sha256:af2198251088e8cf20e4d555b2f55e6225c7f5b7f4614a9089cabab2404b6d99	$(li)$(l:thermal:technology/augments/integral_components)Integral Components$(/l)$(li)$(l:thermal:technology/augments/item_filter)Item Filter$(/l)$(li)$(l:thermal:technology/augments/xp_storage)Knowledge Concentrator$(/l)$(li)$(l:thermal:technology/augments/rf_coil)Expanded RF Coil$(/l)$(li)$(l:thermal:technology/augments/rf_coil_storage)Stabilized RF Coil$(/l)$(li)$(l:thermal:technology/augments/rf_coil_xfer)High-Flux RF Coil$(/l)$(li)$(l:thermal:technology/augments/fluid_tank)Expanded Tank Construction$(/l)$(li)$(l:thermal:technology/augments/machine_speed)Flux Linkage Amplifier$(/l)$(li)$(l:thermal:technology/augments/machine_efficiency)Flux Efficiency$(/l)	$(li)$(l:thermal:technology/augments/integral_components)Интегральные компоненты$(/l)$(li)$(l:thermal:technology/augments/item_filter)Предметный фильтр$(/l)$(li)$(l:thermal:technology/augments/xp_storage)Концентратор знаний$(/l)$(li)$(l:thermal:technology/augments/rf_coil)Расширенная RF катушка$(/l)$(li)$(l:thermal:technology/augments/rf_coil_storage)Стабилизированная RF катушка$(/l)$(li)$(l:thermal:technology/augments/rf_coil_xfer)Многопоточная RF катушка$(/l)$(li)$(l:thermal:technology/augments/fluid_tank)Расширенная конструкция резервуара$(/l)$(li)$(l:thermal:technology/augments/machine_speed)Усилитель магнитной связи$(/l)$(li)$(l:thermal:technology/augments/machine_efficiency)Потоковая эффективность$(/l)	PASS		Смысл источника сохранён; текст достаточно простой, естественный и уместный в игровом интерфейсе.	215		
patchouli-json:thermal:guidebook:entries/technology/machines/bottler.json:/pages/2/title	sha256:dc3bece9b3ee08c20dc11957f9389c1c933c3d1f57867bd7c7cde6bb2e446d42	Augment Compatibility	Улучшения	PASS		Смысл источника сохранён; текст достаточно простой, естественный и уместный в игровом интерфейсе.	9		
patchouli-json:thermal:guidebook:entries/technology/machines/brewer.json:/name	sha256:25b32559c1da9fad56504f8219c210eb26b3826eacb2c0091f48b570f0a1f896	Alchemical Imbuer	Алхимическая зельеварка	PASS		Смысл источника сохранён; текст достаточно простой, естественный и уместный в игровом интерфейсе.	23		
patchouli-json:thermal:guidebook:entries/technology/machines/brewer.json:/pages/0/text	sha256:6e80b4b2a561afcac430e30b07242f4df7a735036007142edfdca58fee1293d3	The Alchemical Imbuer is a machine that brews potions. Creates $(l:thermal:technology/potion_fluid)potion fluid$(/l) as opposed to brewing directly in a bottle. One ingredient is enough to brew one potion bucket, which can fill 4 bottles.	Алхимическая зельеварка - это механизм, который варит зелья. Создаёт $(l:thermal:technology/potion_fluid)жидкие зелья$(/l), заваривая их не в бутылочке. Одного ингредиента достаточно, чтобы сварить одно ведро зелья, которым можно заполнить 4 бутылки.	PASS		Смысл источника сохранён; текст достаточно простой, естественный и уместный в игровом интерфейсе.	209		
patchouli-json:thermal:guidebook:entries/technology/machines/brewer.json:/pages/1/title	sha256:25b32559c1da9fad56504f8219c210eb26b3826eacb2c0091f48b570f0a1f896	Alchemical Imbuer	Алхимическая зельеварка	PASS		Смысл источника сохранён; текст достаточно простой, естественный и уместный в игровом интерфейсе.	23		
patchouli-json:thermal:guidebook:entries/technology/machines/brewer.json:/pages/2/text	sha256:af2198251088e8cf20e4d555b2f55e6225c7f5b7f4614a9089cabab2404b6d99	$(li)$(l:thermal:technology/augments/integral_components)Integral Components$(/l)$(li)$(l:thermal:technology/augments/item_filter)Item Filter$(/l)$(li)$(l:thermal:technology/augments/xp_storage)Knowledge Concentrator$(/l)$(li)$(l:thermal:technology/augments/rf_coil)Expanded RF Coil$(/l)$(li)$(l:thermal:technology/augments/rf_coil_storage)Stabilized RF Coil$(/l)$(li)$(l:thermal:technology/augments/rf_coil_xfer)High-Flux RF Coil$(/l)$(li)$(l:thermal:technology/augments/fluid_tank)Expanded Tank Construction$(/l)$(li)$(l:thermal:technology/augments/machine_speed)Flux Linkage Amplifier$(/l)$(li)$(l:thermal:technology/augments/machine_efficiency)Flux Efficiency$(/l)	$(li)$(l:thermal:technology/augments/integral_components)Интегральные компоненты$(/l)$(li)$(l:thermal:technology/augments/item_filter)Предметный фильтр$(/l)$(li)$(l:thermal:technology/augments/xp_storage)Концентратор знаний$(/l)$(li)$(l:thermal:technology/augments/rf_coil)Расширенная RF катушка$(/l)$(li)$(l:thermal:technology/augments/rf_coil_storage)Стабилизированная RF катушка$(/l)$(li)$(l:thermal:technology/augments/rf_coil_xfer)Многопоточная RF катушка$(/l)$(li)$(l:thermal:technology/augments/fluid_tank)Расширенная конструкция резервуара$(/l)$(li)$(l:thermal:technology/augments/machine_speed)Усилитель магнитной связи$(/l)$(li)$(l:thermal:technology/augments/machine_efficiency)Потоковая эффективность$(/l)	PASS		Смысл источника сохранён; текст достаточно простой, естественный и уместный в игровом интерфейсе.	215		
patchouli-json:thermal:guidebook:entries/technology/machines/brewer.json:/pages/2/title	sha256:dc3bece9b3ee08c20dc11957f9389c1c933c3d1f57867bd7c7cde6bb2e446d42	Augment Compatibility	Улучшения	PASS		Смысл источника сохранён; текст достаточно простой, естественный и уместный в игровом интерфейсе.	9		
patchouli-json:thermal:guidebook:entries/technology/machines/centrifuge.json:/name	sha256:0572ea46e59b1cd10663d1940852d8cad5c51f1ac9841958abf247efc2835b14	Centrifugal Separator	Центрифуга	PASS		Смысл источника сохранён; текст достаточно простой, естественный и уместный в игровом интерфейсе.	10		
patchouli-json:thermal:guidebook:entries/technology/machines/centrifuge.json:/pages/0/text	sha256:a045ed324decf46eb7237d9ffdc4b23ef39e2f5a29b94e2366cb2aa52ae31cc9	The Centrifugal Separator is a machine that separates items into their components. For example, alloy blends turn into their base metal dusts. It is also efficient at extracting dyes from flowers.	Центрифуга - это механизм, который разделяет предмет на его составляющие. Например, смесь на её составляющие основные металлы. Центрифуга также эффективна при извлечении красителей из цветков.	CHANGE	Центрифуга разделяет предметы на составляющие. Например, смеси сплавов превращаются в пыль исходных металлов. Также она эффективно извлекает красители из цветов.	Исправлены смысловое расхождение, калька или неестественная русская формулировка.	192	161	0.839
patchouli-json:thermal:guidebook:entries/technology/machines/centrifuge.json:/pages/1/title	sha256:0572ea46e59b1cd10663d1940852d8cad5c51f1ac9841958abf247efc2835b14	Centrifugal Separator	Центрифуга	PASS		Смысл источника сохранён; текст достаточно простой, естественный и уместный в игровом интерфейсе.	10		
patchouli-json:thermal:guidebook:entries/technology/machines/centrifuge.json:/pages/2/text	sha256:af2198251088e8cf20e4d555b2f55e6225c7f5b7f4614a9089cabab2404b6d99	$(li)$(l:thermal:technology/augments/integral_components)Integral Components$(/l)$(li)$(l:thermal:technology/augments/item_filter)Item Filter$(/l)$(li)$(l:thermal:technology/augments/xp_storage)Knowledge Concentrator$(/l)$(li)$(l:thermal:technology/augments/rf_coil)Expanded RF Coil$(/l)$(li)$(l:thermal:technology/augments/rf_coil_storage)Stabilized RF Coil$(/l)$(li)$(l:thermal:technology/augments/rf_coil_xfer)High-Flux RF Coil$(/l)$(li)$(l:thermal:technology/augments/fluid_tank)Expanded Tank Construction$(/l)$(li)$(l:thermal:technology/augments/machine_speed)Flux Linkage Amplifier$(/l)$(li)$(l:thermal:technology/augments/machine_efficiency)Flux Efficiency$(/l)	$(li)$(l:thermal:technology/augments/integral_components)Интегральные компоненты$(/l)$(li)$(l:thermal:technology/augments/item_filter)Предметный фильтр$(/l)$(li)$(l:thermal:technology/augments/xp_storage)Концентратор знаний$(/l)$(li)$(l:thermal:technology/augments/rf_coil)Расширенная RF катушка$(/l)$(li)$(l:thermal:technology/augments/rf_coil_storage)Стабилизированная RF катушка$(/l)$(li)$(l:thermal:technology/augments/rf_coil_xfer)Многопоточная RF катушка$(/l)$(li)$(l:thermal:technology/augments/fluid_tank)Расширенная конструкция резервуара$(/l)$(li)$(l:thermal:technology/augments/machine_speed)Усилитель магнитной связи$(/l)$(li)$(l:thermal:technology/augments/machine_efficiency)Потоковая эффективность$(/l)	PASS		Смысл источника сохранён; текст достаточно простой, естественный и уместный в игровом интерфейсе.	215		
patchouli-json:thermal:guidebook:entries/technology/machines/centrifuge.json:/pages/2/title	sha256:dc3bece9b3ee08c20dc11957f9389c1c933c3d1f57867bd7c7cde6bb2e446d42	Augment Compatibility	Улучшения	PASS		Смысл источника сохранён; текст достаточно простой, естественный и уместный в игровом интерфейсе.	9		
patchouli-json:thermal:guidebook:entries/technology/machines/chiller.json:/name	sha256:0aecbd2a8e8efb1909afb0be1aa80ffb92cc4ae02f3c28831ddfee446efcfd6e	Blast Chiller	Шоковый охладитель	PASS		Смысл источника сохранён; текст достаточно простой, естественный и уместный в игровом интерфейсе.	18		
patchouli-json:thermal:guidebook:entries/technology/machines/chiller.json:/pages/0/text	sha256:b4890f3bb5378062bca6ae13ec35d33514b16df049d7d83bc97fa4c8b750e4af	The Blast Chiller is a machine that cools down and crystallizes liquids such as water and molten metals into their solid forms. Accepts various casts to alter the shape of the end product.	Шоковый охладитель - это механизм, который охлаждает и кристаллизует жидкости, превращая воду или расплавленные металлы в их твёрдые формы. Допускает использование различных форм для изменения формы конечного продукта.	CHANGE	Шоковый охладитель охлаждает и кристаллизует жидкости, например превращает воду и расплавленные металлы в твёрдые материалы. Разные литейные формы меняют форму результата.	Исправлены смысловое расхождение, калька или неестественная русская формулировка.	218	171	0.784
patchouli-json:thermal:guidebook:entries/technology/machines/chiller.json:/pages/3/text	sha256:af2198251088e8cf20e4d555b2f55e6225c7f5b7f4614a9089cabab2404b6d99	$(li)$(l:thermal:technology/augments/integral_components)Integral Components$(/l)$(li)$(l:thermal:technology/augments/item_filter)Item Filter$(/l)$(li)$(l:thermal:technology/augments/xp_storage)Knowledge Concentrator$(/l)$(li)$(l:thermal:technology/augments/rf_coil)Expanded RF Coil$(/l)$(li)$(l:thermal:technology/augments/rf_coil_storage)Stabilized RF Coil$(/l)$(li)$(l:thermal:technology/augments/rf_coil_xfer)High-Flux RF Coil$(/l)$(li)$(l:thermal:technology/augments/fluid_tank)Expanded Tank Construction$(/l)$(li)$(l:thermal:technology/augments/machine_speed)Flux Linkage Amplifier$(/l)$(li)$(l:thermal:technology/augments/machine_efficiency)Flux Efficiency$(/l)	$(li)$(l:thermal:technology/augments/integral_components)Интегральные компоненты$(/l)$(li)$(l:thermal:technology/augments/item_filter)Предметный фильтр$(/l)$(li)$(l:thermal:technology/augments/xp_storage)Концентратор знаний$(/l)$(li)$(l:thermal:technology/augments/rf_coil)Расширенная RF катушка$(/l)$(li)$(l:thermal:technology/augments/rf_coil_storage)Стабилизированная RF катушка$(/l)$(li)$(l:thermal:technology/augments/rf_coil_xfer)Многопоточная RF катушка$(/l)$(li)$(l:thermal:technology/augments/fluid_tank)Расширенная конструкция резервуара$(/l)$(li)$(l:thermal:technology/augments/machine_speed)Усилитель магнитной связи$(/l)$(li)$(l:thermal:technology/augments/machine_efficiency)Потоковая эффективность$(/l)	PASS		Смысл источника сохранён; текст достаточно простой, естественный и уместный в игровом интерфейсе.	215		
patchouli-json:thermal:guidebook:entries/technology/machines/chiller.json:/pages/3/title	sha256:dc3bece9b3ee08c20dc11957f9389c1c933c3d1f57867bd7c7cde6bb2e446d42	Augment Compatibility	Улучшения	PASS		Смысл источника сохранён; текст достаточно простой, естественный и уместный в игровом интерфейсе.	9		
patchouli-json:thermal:guidebook:entries/technology/machines/crafter.json:/name	sha256:2ca5ae847138ada19e2342eff7e0c1a6c1596f5fcc1095caf0d047c9dd1b1c91	Sequential Fabricator	Авто-крафтер	PASS		Смысл источника сохранён; текст достаточно простой, естественный и уместный в игровом интерфейсе.	12		
patchouli-json:thermal:guidebook:entries/technology/machines/crafter.json:/pages/0/text	sha256:83dbe4455f7739a2185dd391ad35696b7741ecc9fa82720401e11afc40eb0fe4	The Sequential Fabricator is a machine that automatically crafts items. Once the recipe in the crafting grid is set, it will take items and liquids from its internal inventory and craft them. Recipes that take a bucket of a particular fluid and leave an empty bucket behind can be crafted using liquid from the internal tank instead.	Авто-крафтер - это механизм, который автоматически создаёт предметы. Как только рецепт указан, он начинает создавать предметы, используя предметы и жидкости из своего инвентаря. Рецепты, в которых требуется ведро определённой жидкости и при создании остается пустое ведро, создаются с использованием жидкости из внутреннего резервуара.	CHANGE	Авто-крафтер автоматически создаёт предметы. Задайте рецепт в сетке, и механизм будет брать предметы и жидкости из внутреннего инвентаря. В рецептах с ведром жидкости, после которых остаётся пустое ведро, можно использовать жидкость из внутреннего резервуара.	Исправлены смысловое расхождение, калька или неестественная русская формулировка.	335	259	0.773
patchouli-json:thermal:guidebook:entries/technology/machines/crafter.json:/pages/1/text	sha256:c2612b4c2fe52685c958159d54044ec51018e10a5552382ebf4de2174c7e1d13	Note that this machine currently has no ability to protect from overfilling with one particular ingredient! A batching device is coming with Thermal Dynamics, so stay tuned!	Обратите внимание, что в настоящее время крафтер не имеет возможности защитить инвентарь от переполнения одним конкретным ингредиентом! Дозирующее устройство поставляется с Thermal Dynamics, так что следите за обновлениями!	CHANGE	Учтите: сейчас механизм не умеет защищаться от переполнения одним ингредиентом! Дозирующее устройство появится в Thermal Dynamics — следите за новостями!	Исправлены смысловое расхождение, калька или неестественная русская формулировка.	223	153	0.686
patchouli-json:thermal:guidebook:entries/technology/machines/crafter.json:/pages/1/title	sha256:2ca5ae847138ada19e2342eff7e0c1a6c1596f5fcc1095caf0d047c9dd1b1c91	Sequential Fabricator	Авто-крафтер	PASS		Смысл источника сохранён; текст достаточно простой, естественный и уместный в игровом интерфейсе.	12		
patchouli-json:thermal:guidebook:entries/technology/machines/crafter.json:/pages/2/text	sha256:af2198251088e8cf20e4d555b2f55e6225c7f5b7f4614a9089cabab2404b6d99	$(li)$(l:thermal:technology/augments/integral_components)Integral Components$(/l)$(li)$(l:thermal:technology/augments/item_filter)Item Filter$(/l)$(li)$(l:thermal:technology/augments/xp_storage)Knowledge Concentrator$(/l)$(li)$(l:thermal:technology/augments/rf_coil)Expanded RF Coil$(/l)$(li)$(l:thermal:technology/augments/rf_coil_storage)Stabilized RF Coil$(/l)$(li)$(l:thermal:technology/augments/rf_coil_xfer)High-Flux RF Coil$(/l)$(li)$(l:thermal:technology/augments/fluid_tank)Expanded Tank Construction$(/l)$(li)$(l:thermal:technology/augments/machine_speed)Flux Linkage Amplifier$(/l)$(li)$(l:thermal:technology/augments/machine_efficiency)Flux Efficiency$(/l)	$(li)$(l:thermal:technology/augments/integral_components)Интегральные компоненты$(/l)$(li)$(l:thermal:technology/augments/item_filter)Предметный фильтр$(/l)$(li)$(l:thermal:technology/augments/xp_storage)Концентратор знаний$(/l)$(li)$(l:thermal:technology/augments/rf_coil)Расширенная RF катушка$(/l)$(li)$(l:thermal:technology/augments/rf_coil_storage)Стабилизированная RF катушка$(/l)$(li)$(l:thermal:technology/augments/rf_coil_xfer)Многопоточная RF катушка$(/l)$(li)$(l:thermal:technology/augments/fluid_tank)Расширенная конструкция резервуара$(/l)$(li)$(l:thermal:technology/augments/machine_speed)Усилитель магнитной связи$(/l)$(li)$(l:thermal:technology/augments/machine_efficiency)Потоковая эффективность$(/l)	PASS		Смысл источника сохранён; текст достаточно простой, естественный и уместный в игровом интерфейсе.	215		
patchouli-json:thermal:guidebook:entries/technology/machines/crafter.json:/pages/2/title	sha256:dc3bece9b3ee08c20dc11957f9389c1c933c3d1f57867bd7c7cde6bb2e446d42	Augment Compatibility	Улучшения	PASS		Смысл источника сохранён; текст достаточно простой, естественный и уместный в игровом интерфейсе.	9		
patchouli-json:thermal:guidebook:entries/technology/machines/crucible.json:/name	sha256:3581e73d9a03c17d53dd9af7832991d9690a72ee98096d20cf9b691d28ef2e88	Magma Crucible	Магмовый тигель	PASS		Смысл источника сохранён; текст достаточно простой, естественный и уместный в игровом интерфейсе.	15		
patchouli-json:thermal:guidebook:entries/technology/machines/crucible.json:/pages/0/text	sha256:54ec28e267d33db7ac6da5487fa5bc1181477598c823edc8a068b6e2ea3b9e41	The Magma Crucible is a machine that melts items into fluids.	Магмовый тигель - это механизм, который расплавляет предметы в жидкости.	PASS		Смысл источника сохранён; текст достаточно простой, естественный и уместный в игровом интерфейсе.	72		
patchouli-json:thermal:guidebook:entries/technology/machines/crucible.json:/pages/1/title	sha256:3581e73d9a03c17d53dd9af7832991d9690a72ee98096d20cf9b691d28ef2e88	Magma Crucible	Магмовый тигель	PASS		Смысл источника сохранён; текст достаточно простой, естественный и уместный в игровом интерфейсе.	15		
patchouli-json:thermal:guidebook:entries/technology/machines/crucible.json:/pages/2/text	sha256:af2198251088e8cf20e4d555b2f55e6225c7f5b7f4614a9089cabab2404b6d99	$(li)$(l:thermal:technology/augments/integral_components)Integral Components$(/l)$(li)$(l:thermal:technology/augments/item_filter)Item Filter$(/l)$(li)$(l:thermal:technology/augments/xp_storage)Knowledge Concentrator$(/l)$(li)$(l:thermal:technology/augments/rf_coil)Expanded RF Coil$(/l)$(li)$(l:thermal:technology/augments/rf_coil_storage)Stabilized RF Coil$(/l)$(li)$(l:thermal:technology/augments/rf_coil_xfer)High-Flux RF Coil$(/l)$(li)$(l:thermal:technology/augments/fluid_tank)Expanded Tank Construction$(/l)$(li)$(l:thermal:technology/augments/machine_speed)Flux Linkage Amplifier$(/l)$(li)$(l:thermal:technology/augments/machine_efficiency)Flux Efficiency$(/l)	$(li)$(l:thermal:technology/augments/integral_components)Интегральные компоненты$(/l)$(li)$(l:thermal:technology/augments/item_filter)Предметный фильтр$(/l)$(li)$(l:thermal:technology/augments/xp_storage)Концентратор знаний$(/l)$(li)$(l:thermal:technology/augments/rf_coil)Расширенная RF катушка$(/l)$(li)$(l:thermal:technology/augments/rf_coil_storage)Стабилизированная RF катушка$(/l)$(li)$(l:thermal:technology/augments/rf_coil_xfer)Многопоточная RF катушка$(/l)$(li)$(l:thermal:technology/augments/fluid_tank)Расширенная конструкция резервуара$(/l)$(li)$(l:thermal:technology/augments/machine_speed)Усилитель магнитной связи$(/l)$(li)$(l:thermal:technology/augments/machine_efficiency)Потоковая эффективность$(/l)	PASS		Смысл источника сохранён; текст достаточно простой, естественный и уместный в игровом интерфейсе.	215		
patchouli-json:thermal:guidebook:entries/technology/machines/crucible.json:/pages/2/title	sha256:dc3bece9b3ee08c20dc11957f9389c1c933c3d1f57867bd7c7cde6bb2e446d42	Augment Compatibility	Улучшения	PASS		Смысл источника сохранён; текст достаточно простой, естественный и уместный в игровом интерфейсе.	9		
patchouli-json:thermal:guidebook:entries/technology/machines/furnace.json:/name	sha256:21d8127fab87035ee924ce6d7aa4577940460efe254d93a8bf65d518ca5af766	Redstone Furnace	Редстоуновая печь	PASS		Смысл источника сохранён; текст достаточно простой, естественный и уместный в игровом интерфейсе.	17		
patchouli-json:thermal:guidebook:entries/technology/machines/furnace.json:/pages/0/text	sha256:0e4488a0d8a0eed5fbcf70616b225c3904ced37ab94bd362c6174dca6bd158cb	The Redstone Furnace is a machine that smelts your items like a traditional furnace.	Редстоуновая печь - это механизм, который переплавляет ваши предметы, также, как это делает традиционная печь.	CHANGE	Редстоуновая печь переплавляет предметы так же, как обычная печь.	Исправлены смысловое расхождение, калька или неестественная русская формулировка.	110	65	0.591
patchouli-json:thermal:guidebook:entries/technology/machines/furnace.json:/pages/1/title	sha256:21d8127fab87035ee924ce6d7aa4577940460efe254d93a8bf65d518ca5af766	Redstone Furnace	Редстоуновая печь	PASS		Смысл источника сохранён; текст достаточно простой, естественный и уместный в игровом интерфейсе.	17		
patchouli-json:thermal:guidebook:entries/technology/machines/furnace.json:/pages/2/text	sha256:91aee52e82e30d9f42747f1bd03bd3b86e9ff2492964f30ed59be1a4fbff00c7	$(li)$(l:thermal:technology/augments/integral_components)Integral Components$(/l)$(li)$(l:thermal:technology/augments/item_filter)Item Filter$(/l)$(li)$(l:thermal:technology/augments/xp_storage)Knowledge Concentrator$(/l)$(li)$(l:thermal:technology/augments/rf_coil)Expanded RF Coil$(/l)$(li)$(l:thermal:technology/augments/rf_coil_storage)Stabilized RF Coil$(/l)$(li)$(l:thermal:technology/augments/rf_coil_xfer)High-Flux RF Coil$(/l)$(li)$(l:thermal:technology/augments/machine_speed)Flux Linkage Amplifier$(/l)$(li)$(l:thermal:technology/augments/machine_efficiency)Flux Efficiency$(/l)	$(li)$(l:thermal:technology/augments/integral_components)Интегральные компоненты$(/l)$(li)$(l:thermal:technology/augments/item_filter)Предметный фильтр$(/l)$(li)$(l:thermal:technology/augments/xp_storage)Концентратор знаний$(/l)$(li)$(l:thermal:technology/augments/rf_coil)Расширенная RF катушка$(/l)$(li)$(l:thermal:technology/augments/rf_coil_storage)Стабилизированная RF катушка$(/l)$(li)$(l:thermal:technology/augments/rf_coil_xfer)Многопоточная RF катушка$(/l)$(li)$(l:thermal:technology/augments/machine_speed)Усилитель магнитной связи$(/l)$(li)$(l:thermal:technology/augments/machine_efficiency)Потоковая эффективность$(/l)	PASS		Смысл источника сохранён; текст достаточно простой, естественный и уместный в игровом интерфейсе.	181		
patchouli-json:thermal:guidebook:entries/technology/machines/furnace.json:/pages/2/title	sha256:dc3bece9b3ee08c20dc11957f9389c1c933c3d1f57867bd7c7cde6bb2e446d42	Augment Compatibility	Улучшения	PASS		Смысл источника сохранён; текст достаточно простой, естественный и уместный в игровом интерфейсе.	9		
patchouli-json:thermal:guidebook:entries/technology/machines/insolator.json:/name	sha256:0324f7a412e8f82f9e933d4e2c9033f1fc5d76e9dc385c85d3eac4168766d64a	Phytogenic Insolator	Фитогенный облучатель	PASS		Смысл источника сохранён; текст достаточно простой, естественный и уместный в игровом интерфейсе.	21		
patchouli-json:thermal:guidebook:entries/technology/machines/insolator.json:/pages/0/text	sha256:de63b1177bfc49a44ec73d32335985b57427b887b3244c42731cdcc00b8f86cf	The Phytogenic Insolator is a machine that uses RF, water, and $(l:thermal:world/materials/catalysts)optionally fertilizer$(/l) in order to grow crops, flowers, and trees.	Фитогенный облучатель - это механизм, который использует RF-энергию, воду и по желанию $(l:thermal:world/materials/catalysts)удобрение$(/l) для выращивания семян, цветов и деревьев.	PASS		Смысл источника сохранён; текст достаточно простой, естественный и уместный в игровом интерфейсе.	138		
patchouli-json:thermal:guidebook:entries/technology/machines/insolator.json:/pages/1/title	sha256:0324f7a412e8f82f9e933d4e2c9033f1fc5d76e9dc385c85d3eac4168766d64a	Phytogenic Insolator	Фитогенный облучатель	PASS		Смысл источника сохранён; текст достаточно простой, естественный и уместный в игровом интерфейсе.	21		
patchouli-json:thermal:guidebook:entries/technology/machines/insolator.json:/pages/2/text	sha256:abba28cec809b35ae783d75271a7535529987f2030b074b46efb21738b7a3dee	$(li)$(l:thermal:technology/augments/integral_components)Integral Components$(/l)$(li)$(l:thermal:technology/augments/item_filter)Item Filter$(/l)$(li)$(l:thermal:technology/augments/xp_storage)Knowledge Concentrator$(/l)$(li)$(l:thermal:technology/augments/rf_coil)Expanded RF Coil$(/l)$(li)$(l:thermal:technology/augments/rf_coil_storage)Stabilized RF Coil$(/l)$(li)$(l:thermal:technology/augments/rf_coil_xfer)High-Flux RF Coil$(/l)$(li)$(l:thermal:technology/augments/fluid_tank)Expanded Tank Construction$(/l)$(li)$(l:thermal:technology/augments/machine_speed)Flux Linkage Amplifier$(/l)$(li)$(l:thermal:technology/augments/machine_efficiency)Flux Efficiency$(/l)$(li)$(l:thermal:technology/augments/machine_output)Auxiliary Process Sieve$(/l)$(li)$(l:thermal:technology/augments/machine_null)Auxiliary Cactus$(/l)$(li)$(l:thermal:technology/augments/machine_catalyst)Catalytic Reclamation Chamber$(/l)$(li)$(l:thermal:technology/augments/machine_cycle)Cyclical Processing$(/l)	$(li)$(l:thermal:technology/augments/integral_components)Интегральные компоненты$(/l)$(li)$(l:thermal:technology/augments/item_filter)Предметный фильтр$(/l)$(li)$(l:thermal:technology/augments/xp_storage)Концентратор знаний$(/l)$(li)$(l:thermal:technology/augments/rf_coil)Расширенная RF катушка$(/l)$(li)$(l:thermal:technology/augments/rf_coil_storage)Стабилизир. RF катушка$(/l)$(li)$(l:thermal:technology/augments/rf_coil_xfer)Многопоточная RF катушка$(/l)$(li)$(l:thermal:technology/augments/fluid_tank)Расширенная конструкция резервуара$(/l)$(li)$(l:thermal:technology/augments/machine_speed)Усилитель магнитной связи$(/l)$(li)$(l:thermal:technology/augments/machine_efficiency)Потоковая эффективность$(/l)$(li)$(l:thermal:technology/augments/machine_output)Вспомогательное сито$(/l)$(li)$(l:thermal:technology/augments/machine_catalyst)Каталитическая мелиоративная камера$(/l)$(li)$(l:thermal:technology/augments/machine_cycle)Циклическая обработка$(/l)	CHANGE	$(li)$(l:thermal:technology/augments/integral_components)Интегральные компоненты$(/l)$(li)$(l:thermal:technology/augments/item_filter)Предметный фильтр$(/l)$(li)$(l:thermal:technology/augments/xp_storage)Концентратор знаний$(/l)$(li)$(l:thermal:technology/augments/rf_coil)Расширенная RF катушка$(/l)$(li)$(l:thermal:technology/augments/rf_coil_storage)Стабилизированная RF катушка$(/l)$(li)$(l:thermal:technology/augments/rf_coil_xfer)Многопоточная RF катушка$(/l)$(li)$(l:thermal:technology/augments/fluid_tank)Расширенная конструкция резервуара$(/l)$(li)$(l:thermal:technology/augments/machine_speed)Усилитель магнитной связи$(/l)$(li)$(l:thermal:technology/augments/machine_efficiency)Потоковая эффективность$(/l)$(li)$(l:thermal:technology/augments/machine_output)Вспомогательное сито$(/l)$(li)$(l:thermal:technology/augments/machine_null)Вспомогательный кактус$(/l)$(li)$(l:thermal:technology/augments/machine_catalyst)Каталитическая мелиоративная камера$(/l)$(li)$(l:thermal:technology/augments/machine_cycle)Циклическая обработка$(/l)	Исправлены смысловое расхождение, калька или неестественная русская формулировка.	285	313	1.098
patchouli-json:thermal:guidebook:entries/technology/machines/insolator.json:/pages/2/title	sha256:dc3bece9b3ee08c20dc11957f9389c1c933c3d1f57867bd7c7cde6bb2e446d42	Augment Compatibility	Улучшения	PASS		Смысл источника сохранён; текст достаточно простой, естественный и уместный в игровом интерфейсе.	9		
patchouli-json:thermal:guidebook:entries/technology/machines/introduction.json:/name	sha256:f7fe75ddc26ad4c98b334611d3a8f479a934ba5a198116c8df2e66360d5c8c73	Introduction - Machines	Введение - Механизмы	PASS		Смысл источника сохранён; текст достаточно простой, естественный и уместный в игровом интерфейсе.	20		
patchouli-json:thermal:guidebook:entries/technology/machines/introduction.json:/pages/0/text	sha256:ea45d978a932df5a2984d755cd84c66ac0cf0c2548890eb75aefde409caacb86	Machines use power, in the form of Redstone Flux (RF), to process items and/or fluids. The other entries in this chapter will provide detailed explanations on the function of each one. Brief descriptions are available in a collapsible panel in the GUI of each block. Unupgraded machines use up to 20 RF/t.	Механизмы используют энергию, в виде Redstone Flux (RF), для обработки предметов и/или жидкостей. В других статьях этой главы будут даны подробные объяснения функций каждого механизма. Краткие описания доступны во вкладках в интерфейсе каждого механизма. Базовые механизмы потребляют до 20 RF/т.	CHANGE	Механизмы расходуют Redstone Flux (RF), обрабатывая предметы и жидкости. Работа каждого механизма подробно описана в других статьях главы. Краткое описание есть на сворачиваемой панели интерфейса. Без улучшений механизмы потребляют до 20 RF/т.	Исправлены смысловое расхождение, калька или неестественная русская формулировка.	295	243	0.824
patchouli-json:thermal:guidebook:entries/technology/machines/introduction.json:/pages/1/text	sha256:ade0324b00eb10b5a8dc45d560863ea82715eecb794045bef51392ae3ee84f37	In order to improve or modify various aspects of their functionality, machines accept $(l:thermal:technology/augments/introduction)augments$(/l) in the 'Augment' panel. The 'Redstone Control' and 'Configuration' panels set the redstone behavior and side configuration of the machine. By default, machines will work regardless of redstone signal and come with a blank side configuration when first placed, meaning no sides will accept items or fluids.	Чтобы улучшить или изменить функциональность каждого механизма используются $(l:thermal:technology/augments/introduction)улучшения$(/l) во вкладке 'Улучшения'. Вкладки 'Управление' и 'Конфигурация' позволяют настроить реакцию на сигнал красного камня, и стороны механизма. По умолчанию механизмы будут игнорировать сигнал красного камня и не иметь конфигурации сторон, что означает, что никакие стороны не будут принимать/выдавать предметы или жидкости.	CHANGE	Для изменения возможностей механизмы принимают $(l:thermal:technology/augments/introduction)улучшения$(/l) на панели 'Улучшения'. Панели 'Управление красным камнем' и 'Конфигурация' задают реакцию на сигнал и настройку сторон. Изначально механизм работает при любом сигнале, но ни одна сторона не принимает предметы и жидкости.	Исправлены смысловое расхождение, калька или неестественная русская формулировка.	403	277	0.687
patchouli-json:thermal:guidebook:entries/technology/machines/introduction.json:/pages/2/text	sha256:7d75a6eaadc92013534c6113317de9f3887d48adee18791756fef661bd3bfdd7	In the 'Configuration' panel, each side of the block is represented by a square that will cycle through configurations when clicked. Blue and orange represent input and output, respectively. The arrow buttons configure automatic transfer to/from adjacent inventories. Black means that the side will accept in/outputs, but will not automatically transfer. Side configurations are saved when the block is picked up.	Во вкладке 'Конфигурация' каждая сторона блока представлена квадратиком, который будет циклически переключаться между режимами при нажатии на него. Синий и оранжевый цвета представляют входные и выходные стороны соответственно. Кнопки со стрелками включают/отключают автоматический вход/ выход. Чёрный цвет обозначает любое взаимодействие с этой стороной, но исключает автоматический вход/выход. Настройки сторон сохраняются при снятии.	CHANGE	На панели 'Конфигурация' каждой стороне соответствует квадрат, который по нажатию перебирает режимы. Синий означает ввод, оранжевый — вывод. Кнопки со стрелками задают автоматическую передачу в соседние инвентари или из них. Чёрная сторона принимает ввод и вывод, но не передаёт автоматически. Настройки сохраняются при снятии блока.	Исправлены смысловое расхождение, калька или неестественная русская формулировка.	436	333	0.764
patchouli-json:thermal:guidebook:entries/technology/machines/introduction.json:/pages/3/text	sha256:574203f0dac56bbdb23cfd0fd3e586ce38bb01a11291a290a18552adfe503acf	The 'Energy' panel offers RF information on the block, such as current RF usage. Every machine has a maximum rate it can use RF, and every recipe a certain RF cost associated with it. These two values, which may be affected by $(l:thermal:technology/augments/introduction)augments$(/l), can be divided to determine the speed a given recipe will be processed. In order to speed up a machine's operation, either the max RF usage can be increased using certain $(l:thermal:technology/augments/machine_speed)augments$(/l) or the RF needed for a recipe can be decreased using $(l:thermal:world/materials/catalysts)catalysts$(/l).	Вкладка 'Энергия' содержит информацию о эффективности работы и количестве используемой энергии. Все механизмы имеют максимальную скорость, с которой они могут использовать RF-энергию, и с каждым рецептом связано определённое количество энергии, эти значения можно разделить, чтобы определить скорость обработки конкретного рецепта. Для ускорения работы механизмов можно использовать $(l:thermal:technology/augments/machine_speed)улучшения$(/l) или уменьшить количество требуемой энергии используя $(l:thermal:world/materials/catalysts)катализаторы$(/l).	CHANGE	Панель 'Энергия' показывает сведения об RF, например текущее потребление. У каждого механизма есть предельное потребление RF, а у каждого рецепта — стоимость в RF. Разделив эти значения, можно определить скорость обработки. На оба влияют $(l:thermal:technology/augments/introduction)улучшения$(/l). Для ускорения повысьте предел $(l:thermal:technology/augments/machine_speed)улучшениями$(/l) или снизьте стоимость рецепта $(l:thermal:world/materials/catalysts)катализаторами$(/l).	Исправлены смысловое расхождение, калька или неестественная русская формулировка.	459	336	0.732
patchouli-json:thermal:guidebook:entries/technology/machines/introduction.json:/pages/4/text	sha256:c171f8fbdef7de7fa06b5511f03585cf55cf82ebf4ad814c052151f87f0af457	These pages contain recipes for common components in machines and devices.	На этих страницах содержатся рецепты компонентов для механизмов и устройств.	PASS		Смысл источника сохранён; текст достаточно простой, естественный и уместный в игровом интерфейсе.	76		
patchouli-json:thermal:guidebook:entries/technology/machines/press.json:/name	sha256:6f528205e6e5a98e91bdefb65215561e420c94419522956f7d4b488040c1a269	Multiservo Press	Мульти-серво пресс	PASS		Смысл источника сохранён; текст достаточно простой, естественный и уместный в игровом интерфейсе.	18		
patchouli-json:thermal:guidebook:entries/technology/machines/press.json:/pages/0/text	sha256:55bf920c2ee3cdd5e1af4132ba2dcdbe0cd3e731fffd1de0b3f64fc93c722f4e	The Multiservo Press is a machine that can accept a variety of dies in order to shape metals into different forms and (un)pack blocks and items.	Мульти-серво пресс - это механизм, который использует различные штампы для придания металлу определённых форм, а также для упаковки или распаковки предметов и блоков.	PASS		Смысл источника сохранён; текст достаточно простой, естественный и уместный в игровом интерфейсе.	166		
patchouli-json:thermal:guidebook:entries/technology/machines/press.json:/pages/1/title	sha256:6f528205e6e5a98e91bdefb65215561e420c94419522956f7d4b488040c1a269	Multiservo Press	Мульти-серво пресс	PASS		Смысл источника сохранён; текст достаточно простой, естественный и уместный в игровом интерфейсе.	18		
patchouli-json:thermal:guidebook:entries/technology/machines/press.json:/pages/4/text	sha256:91aee52e82e30d9f42747f1bd03bd3b86e9ff2492964f30ed59be1a4fbff00c7	$(li)$(l:thermal:technology/augments/integral_components)Integral Components$(/l)$(li)$(l:thermal:technology/augments/item_filter)Item Filter$(/l)$(li)$(l:thermal:technology/augments/xp_storage)Knowledge Concentrator$(/l)$(li)$(l:thermal:technology/augments/rf_coil)Expanded RF Coil$(/l)$(li)$(l:thermal:technology/augments/rf_coil_storage)Stabilized RF Coil$(/l)$(li)$(l:thermal:technology/augments/rf_coil_xfer)High-Flux RF Coil$(/l)$(li)$(l:thermal:technology/augments/machine_speed)Flux Linkage Amplifier$(/l)$(li)$(l:thermal:technology/augments/machine_efficiency)Flux Efficiency$(/l)	$(li)$(l:thermal:technology/augments/integral_components)Интегральные компоненты$(/l)$(li)$(l:thermal:technology/augments/item_filter)Предметный фильтр$(/l)$(li)$(l:thermal:technology/augments/xp_storage)Концентратор знаний$(/l)$(li)$(l:thermal:technology/augments/rf_coil)Расширенная RF катушка$(/l)$(li)$(l:thermal:technology/augments/rf_coil_storage)Стабилизированная RF катушка$(/l)$(li)$(l:thermal:technology/augments/rf_coil_xfer)Многопоточная RF катушка$(/l)$(li)$(l:thermal:technology/augments/machine_speed)Усилитель магнитной связи$(/l)$(li)$(l:thermal:technology/augments/machine_efficiency)Потоковая эффективность$(/l)	PASS		Смысл источника сохранён; текст достаточно простой, естественный и уместный в игровом интерфейсе.	181		
patchouli-json:thermal:guidebook:entries/technology/machines/press.json:/pages/4/title	sha256:dc3bece9b3ee08c20dc11957f9389c1c933c3d1f57867bd7c7cde6bb2e446d42	Augment Compatibility	Улучшения	PASS		Смысл источника сохранён; текст достаточно простой, естественный и уместный в игровом интерфейсе.	9		
patchouli-json:thermal:guidebook:entries/technology/machines/pulverizer.json:/name	sha256:0447aa1865e67df0582fba9af7dc97ddc98b02567251496ab3d298b0e9b24f14	Pulverizer	Измельчитель	PASS		Смысл источника сохранён; текст достаточно простой, естественный и уместный в игровом интерфейсе.	12		
patchouli-json:thermal:guidebook:entries/technology/machines/pulverizer.json:/pages/0/text	sha256:4babf36c69f26ecdd4fbeb45d625f9de971686c96cea677096342bb6fe000b3a	The Pulverizer is a machine that crushes items and ores. Improves ore yields, which can be further increased using augments and $(l:thermal:world/materials/catalysts)catalysts$(/l).	Измельчитель - это механизм который дробит различные предметы и руды. Для улучшения или увеличения выхода можно использовать улучшения и $(l:thermal:world/materials/catalysts)катализаторы$(/l).	CHANGE	Измельчитель дробит предметы и руды. Он повышает выход из руды, а улучшения и $(l:thermal:world/materials/catalysts)катализаторы$(/l) позволяют увеличить его ещё сильнее.	Исправлены смысловое расхождение, калька или неестественная русская формулировка.	150	127	0.847
patchouli-json:thermal:guidebook:entries/technology/machines/pulverizer.json:/pages/1/title	sha256:0447aa1865e67df0582fba9af7dc97ddc98b02567251496ab3d298b0e9b24f14	Pulverizer	Измельчитель	PASS		Смысл источника сохранён; текст достаточно простой, естественный и уместный в игровом интерфейсе.	12		
patchouli-json:thermal:guidebook:entries/technology/machines/pulverizer.json:/pages/2/text	sha256:bc8722c3cdf9d12d78284261a81f5099e00b0ebe8a0da306c248a06e18c0e8cc	$(li)$(l:thermal:technology/augments/integral_components)Integral Components$(/l)$(li)$(l:thermal:technology/augments/item_filter)Item Filter$(/l)$(li)$(l:thermal:technology/augments/xp_storage)Knowledge Concentrator$(/l)$(li)$(l:thermal:technology/augments/rf_coil)Expanded RF Coil$(/l)$(li)$(l:thermal:technology/augments/rf_coil_storage)Stabilized RF Coil$(/l)$(li)$(l:thermal:technology/augments/rf_coil_xfer)High-Flux RF Coil$(/l)$(li)$(l:thermal:technology/augments/machine_speed)Flux Linkage Amplifier$(/l)$(li)$(l:thermal:technology/augments/machine_efficiency)Flux Efficiency$(/l)$(li)$(l:thermal:technology/augments/machine_output)Auxiliary Process Sieve$(/l)$(li)$(l:thermal:technology/augments/machine_null)Auxiliary Cactus$(/l)$(li)$(l:thermal:technology/augments/machine_catalyst)Catalytic Reclamation Chamber$(/l)	$(li)$(l:thermal:technology/augments/integral_components)Интегральные компоненты$(/l)$(li)$(l:thermal:technology/augments/item_filter)Предметный фильтр$(/l)$(li)$(l:thermal:technology/augments/xp_storage)Концентратор знаний$(/l)$(li)$(l:thermal:technology/augments/rf_coil)Расширенная RF катушка$(/l)$(li)$(l:thermal:technology/augments/rf_coil_storage)Стабилизированная RF катушка$(/l)$(li)$(l:thermal:technology/augments/rf_coil_xfer)Многопоточная RF катушка$(/l)$(li)$(l:thermal:technology/augments/machine_speed)Усилитель магнитной связи$(/l)$(li)$(l:thermal:technology/augments/machine_efficiency)Потоковая эффективность$(/l)$(li)$(l:thermal:technology/augments/machine_output)Вспомогательное сито$(/l)$(li)$(l:thermal:technology/augments/machine_catalyst)Каталитическая мелиоративная камера$(/l)	CHANGE	$(li)$(l:thermal:technology/augments/integral_components)Интегральные компоненты$(/l)$(li)$(l:thermal:technology/augments/item_filter)Предметный фильтр$(/l)$(li)$(l:thermal:technology/augments/xp_storage)Концентратор знаний$(/l)$(li)$(l:thermal:technology/augments/rf_coil)Расширенная RF катушка$(/l)$(li)$(l:thermal:technology/augments/rf_coil_storage)Стабилизированная RF катушка$(/l)$(li)$(l:thermal:technology/augments/rf_coil_xfer)Многопоточная RF катушка$(/l)$(li)$(l:thermal:technology/augments/machine_speed)Усилитель магнитной связи$(/l)$(li)$(l:thermal:technology/augments/machine_efficiency)Потоковая эффективность$(/l)$(li)$(l:thermal:technology/augments/machine_output)Вспомогательное сито$(/l)$(li)$(l:thermal:technology/augments/machine_null)Вспомогательный кактус$(/l)$(li)$(l:thermal:technology/augments/machine_catalyst)Каталитическая мелиоративная камера$(/l)	Исправлены смысловое расхождение, калька или неестественная русская формулировка.	236	258	1.093
patchouli-json:thermal:guidebook:entries/technology/machines/pulverizer.json:/pages/2/title	sha256:dc3bece9b3ee08c20dc11957f9389c1c933c3d1f57867bd7c7cde6bb2e446d42	Augment Compatibility	Улучшения	PASS		Смысл источника сохранён; текст достаточно простой, естественный и уместный в игровом интерфейсе.	9		
patchouli-json:thermal:guidebook:entries/technology/machines/pyrolyzer.json:/name	sha256:d8804824bfcf90860169829fbad6b8f68ed001fb8169bdefda96302b5123a8d3	Pyrolyzer	Пиролизёр	PASS		Смысл источника сохранён; текст достаточно простой, естественный и уместный в игровом интерфейсе.	9		
patchouli-json:thermal:guidebook:entries/technology/machines/pyrolyzer.json:/pages/0/text	sha256:0c573d86e1fa2a2b4005d80e46bde4f08c93883181eb6d29ef92da8320a648e5	The Pyrolyzer is a machine that decomposes substances in a low-oxygen environment using heat. Typically used to convert organic matter and coal into cleaner, longer-lasting fuels.	Пиролизёр - это механизм, который разлагает вещества в среде с низким содержанием кислорода с использованием тепла. Обычно используется для преобразования органических веществ и угля в более чистое и долговечное топливо.	PASS		Смысл источника сохранён; текст достаточно простой, естественный и уместный в игровом интерфейсе.	220		
patchouli-json:thermal:guidebook:entries/technology/machines/pyrolyzer.json:/pages/1/title	sha256:d8804824bfcf90860169829fbad6b8f68ed001fb8169bdefda96302b5123a8d3	Pyrolyzer	Пиролизёр	PASS		Смысл источника сохранён; текст достаточно простой, естественный и уместный в игровом интерфейсе.	9		
patchouli-json:thermal:guidebook:entries/technology/machines/pyrolyzer.json:/pages/2/text	sha256:af2198251088e8cf20e4d555b2f55e6225c7f5b7f4614a9089cabab2404b6d99	$(li)$(l:thermal:technology/augments/integral_components)Integral Components$(/l)$(li)$(l:thermal:technology/augments/item_filter)Item Filter$(/l)$(li)$(l:thermal:technology/augments/xp_storage)Knowledge Concentrator$(/l)$(li)$(l:thermal:technology/augments/rf_coil)Expanded RF Coil$(/l)$(li)$(l:thermal:technology/augments/rf_coil_storage)Stabilized RF Coil$(/l)$(li)$(l:thermal:technology/augments/rf_coil_xfer)High-Flux RF Coil$(/l)$(li)$(l:thermal:technology/augments/fluid_tank)Expanded Tank Construction$(/l)$(li)$(l:thermal:technology/augments/machine_speed)Flux Linkage Amplifier$(/l)$(li)$(l:thermal:technology/augments/machine_efficiency)Flux Efficiency$(/l)	$(li)$(l:thermal:technology/augments/integral_components)Интегральные компоненты$(/l)$(li)$(l:thermal:technology/augments/item_filter)Предметный фильтр$(/l)$(li)$(l:thermal:technology/augments/xp_storage)Концентратор знаний$(/l)$(li)$(l:thermal:technology/augments/rf_coil)Расширенная RF катушка$(/l)$(li)$(l:thermal:technology/augments/rf_coil_storage)Стабилизированная RF катушка$(/l)$(li)$(l:thermal:technology/augments/rf_coil_xfer)Многопоточная RF катушка$(/l)$(li)$(l:thermal:technology/augments/fluid_tank)Расширенная конструкция резервуара$(/l)$(li)$(l:thermal:technology/augments/machine_speed)Усилитель магнитной связи$(/l)$(li)$(l:thermal:technology/augments/machine_efficiency)Потоковая эффективность$(/l)	PASS		Смысл источника сохранён; текст достаточно простой, естественный и уместный в игровом интерфейсе.	215		
patchouli-json:thermal:guidebook:entries/technology/machines/pyrolyzer.json:/pages/2/title	sha256:dc3bece9b3ee08c20dc11957f9389c1c933c3d1f57867bd7c7cde6bb2e446d42	Augment Compatibility	Улучшения	PASS		Смысл источника сохранён; текст достаточно простой, естественный и уместный в игровом интерфейсе.	9		
patchouli-json:thermal:guidebook:entries/technology/machines/refinery.json:/name	sha256:cfc9344c23e9eaea9eb794e3ebcb9b7b3cf594fef2649b63f7c27fd933d695c8	Fractionating Still	Дистиллятор	PASS		Смысл источника сохранён; текст достаточно простой, естественный и уместный в игровом интерфейсе.	11		
patchouli-json:thermal:guidebook:entries/technology/machines/refinery.json:/pages/0/text	sha256:f6bb8d516699ccf8fb391a5f9586ba90e5710f8c1bcd053da6a52b4ea2fb1132	The Fractionating Still is a machine refines fluids such as Resin and Sap.	Дистиллятор - это механизм для очистки таких жидкостей как смола и нефть.	CHANGE	Дистиллятор очищает жидкости, например смолу и древесный сок.	Исправлены смысловое расхождение, калька или неестественная русская формулировка.	73	61	0.836
patchouli-json:thermal:guidebook:entries/technology/machines/refinery.json:/pages/1/title	sha256:cfc9344c23e9eaea9eb794e3ebcb9b7b3cf594fef2649b63f7c27fd933d695c8	Fractionating Still	Дистиллятор	PASS		Смысл источника сохранён; текст достаточно простой, естественный и уместный в игровом интерфейсе.	11		
patchouli-json:thermal:guidebook:entries/technology/machines/refinery.json:/pages/2/text	sha256:d4db34aceb6afbaa1c818140eba560b374aeb2885328308469104e498a278729	$(li)$(l:thermal:technology/augments/integral_components)Integral Components$(/l)$(li)$(l:thermal:technology/augments/item_filter)Item Filter$(/l)$(li)$(l:thermal:technology/augments/xp_storage)Knowledge Concentrator$(/l)$(li)$(l:thermal:technology/augments/rf_coil)Expanded RF Coil$(/l)$(li)$(l:thermal:technology/augments/rf_coil_storage)Stabilized RF Coil$(/l)$(li)$(l:thermal:technology/augments/rf_coil_xfer)High-Flux RF Coil$(/l)$(li)$(l:thermal:technology/augments/fluid_tank)Expanded Tank Construction$(/l)$(li)$(l:thermal:technology/augments/machine_speed)Flux Linkage Amplifier$(/l)$(li)$(l:thermal:technology/augments/machine_efficiency)Flux Efficiency$(/l)$(li)$(l:thermal:technology/augments/machine_output)Auxiliary Process Sieve$(/l)$(li)$(l:thermal:technology/augments/machine_null)Auxiliary Cactus$(/l)	$(li)$(l:thermal:technology/augments/integral_components)Интегральные компоненты$(/l)$(li)$(l:thermal:technology/augments/item_filter)Предметный фильтр$(/l)$(li)$(l:thermal:technology/augments/xp_storage)Концентратор знаний$(/l)$(li)$(l:thermal:technology/augments/rf_coil)Расширенная RF катушка$(/l)$(li)$(l:thermal:technology/augments/rf_coil_storage)Стабилизированная RF катушка$(/l)$(li)$(l:thermal:technology/augments/rf_coil_xfer)Многопоточная RF катушка$(/l)$(li)$(l:thermal:technology/augments/fluid_tank)Расширенная конструкция резервуара$(/l)$(li)$(l:thermal:technology/augments/machine_speed)Усилитель магнитной связи$(/l)$(li)$(l:thermal:technology/augments/machine_efficiency)Потоковая эффективность$(/l)$(li)$(l:thermal:technology/augments/machine_output)Вспомогательное сито$(/l)	CHANGE	$(li)$(l:thermal:technology/augments/integral_components)Интегральные компоненты$(/l)$(li)$(l:thermal:technology/augments/item_filter)Предметный фильтр$(/l)$(li)$(l:thermal:technology/augments/xp_storage)Концентратор знаний$(/l)$(li)$(l:thermal:technology/augments/rf_coil)Расширенная RF катушка$(/l)$(li)$(l:thermal:technology/augments/rf_coil_storage)Стабилизированная RF катушка$(/l)$(li)$(l:thermal:technology/augments/rf_coil_xfer)Многопоточная RF катушка$(/l)$(li)$(l:thermal:technology/augments/fluid_tank)Расширенная конструкция резервуара$(/l)$(li)$(l:thermal:technology/augments/machine_speed)Усилитель магнитной связи$(/l)$(li)$(l:thermal:technology/augments/machine_efficiency)Потоковая эффективность$(/l)$(li)$(l:thermal:technology/augments/machine_output)Вспомогательное сито$(/l)$(li)$(l:thermal:technology/augments/machine_null)Вспомогательный кактус$(/l)	Исправлены смысловое расхождение, калька или неестественная русская формулировка.	235	257	1.094
patchouli-json:thermal:guidebook:entries/technology/machines/refinery.json:/pages/2/title	sha256:dc3bece9b3ee08c20dc11957f9389c1c933c3d1f57867bd7c7cde6bb2e446d42	Augment Compatibility	Улучшения	PASS		Смысл источника сохранён; текст достаточно простой, естественный и уместный в игровом интерфейсе.	9		
patchouli-json:thermal:guidebook:entries/technology/machines/sawmill.json:/name	sha256:122a0693c622c4fe9fcb05228961912d053f7cb66e3ffad513b624e44926a498	Sawmill	Лесопилка	PASS		Смысл источника сохранён; текст достаточно простой, естественный и уместный в игровом интерфейсе.	9		
patchouli-json:thermal:guidebook:entries/technology/machines/sawmill.json:/pages/0/text	sha256:8d1ba74acef87e557e06c225b01b5b583bd03238e70cfffb061e51b5600029db	The Sawmill is a machine that cuts logs into planks more efficiently than crafting. It produces $(l:thermal:world/plants/treeproducts)Sawdust$(/l) as a byproduct.	Лесопилка - это механизм, который разрезает древесину более эффективно, чем это происходит при крафте. При работе в качестве побочного продукта производит немного $(l:thermal:world/plants/treeproducts)опилок$(/l).	CHANGE	Лесопилка режет брёвна на доски эффективнее верстака и попутно производит $(l:thermal:world/plants/treeproducts)опилки$(/l).	Исправлены смысловое расхождение, калька или неестественная русская формулировка.	170	81	0.476
patchouli-json:thermal:guidebook:entries/technology/machines/sawmill.json:/pages/1/title	sha256:122a0693c622c4fe9fcb05228961912d053f7cb66e3ffad513b624e44926a498	Sawmill	Лесопилка	PASS		Смысл источника сохранён; текст достаточно простой, естественный и уместный в игровом интерфейсе.	9		
patchouli-json:thermal:guidebook:entries/technology/machines/sawmill.json:/pages/2/text	sha256:27d4e5285d16e049c30bd711bea01c3f163becad22f0823e9f62cb0c665b1c1f	$(li)$(l:thermal:technology/augments/integral_components)Integral Components$(/l)$(li)$(l:thermal:technology/augments/item_filter)Item Filter$(/l)$(li)$(l:thermal:technology/augments/xp_storage)Knowledge Concentrator$(/l)$(li)$(l:thermal:technology/augments/rf_coil)Expanded RF Coil$(/l)$(li)$(l:thermal:technology/augments/rf_coil_storage)Stabilized RF Coil$(/l)$(li)$(l:thermal:technology/augments/rf_coil_xfer)High-Flux RF Coil$(/l)$(li)$(l:thermal:technology/augments/machine_speed)Flux Linkage Amplifier$(/l)$(li)$(l:thermal:technology/augments/machine_efficiency)Flux Efficiency$(/l)$(li)$(l:thermal:technology/augments/machine_output)Auxiliary Process Sieve$(/l)$(li)$(l:thermal:technology/augments/machine_null)Auxiliary Cactus$(/l)	$(li)$(l:thermal:technology/augments/integral_components)Интегральные компоненты$(/l)$(li)$(l:thermal:technology/augments/item_filter)Предметный фильтр$(/l)$(li)$(l:thermal:technology/augments/xp_storage)Концентратор знаний$(/l)$(li)$(l:thermal:technology/augments/rf_coil)Расширенная RF катушка$(/l)$(li)$(l:thermal:technology/augments/rf_coil_storage)Стабилизированная RF катушка$(/l)$(li)$(l:thermal:technology/augments/rf_coil_xfer)Многопоточная RF катушка$(/l)$(li)$(l:thermal:technology/augments/machine_speed)Усилитель магнитной связи$(/l)$(li)$(l:thermal:technology/augments/machine_efficiency)Потоковая эффективность$(/l)$(li)$(l:thermal:technology/augments/machine_output)Вспомогательное сито$(/l)	LENGTH_EXCEPTION	$(li)$(l:thermal:technology/augments/integral_components)Интегральные компоненты$(/l)$(li)$(l:thermal:technology/augments/item_filter)Предметный фильтр$(/l)$(li)$(l:thermal:technology/augments/xp_storage)Концентратор знаний$(/l)$(li)$(l:thermal:technology/augments/rf_coil)Расширенная RF катушка$(/l)$(li)$(l:thermal:technology/augments/rf_coil_storage)Стабилизированная RF катушка$(/l)$(li)$(l:thermal:technology/augments/rf_coil_xfer)Многопоточная RF катушка$(/l)$(li)$(l:thermal:technology/augments/machine_speed)Усилитель магнитной связи$(/l)$(li)$(l:thermal:technology/augments/machine_efficiency)Потоковая эффективность$(/l)$(li)$(l:thermal:technology/augments/machine_output)Вспомогательное сито$(/l)$(li)$(l:thermal:technology/augments/machine_null)Вспомогательный кактус$(/l)	Исправлены смысловое расхождение, калька или неестественная русская формулировка. Естественный полный вариант превышает мягкий предел 110%.	201	223	1.109
patchouli-json:thermal:guidebook:entries/technology/machines/sawmill.json:/pages/2/title	sha256:dc3bece9b3ee08c20dc11957f9389c1c933c3d1f57867bd7c7cde6bb2e446d42	Augment Compatibility	Улучшения	PASS		Смысл источника сохранён; текст достаточно простой, естественный и уместный в игровом интерфейсе.	9		
patchouli-json:thermal:guidebook:entries/technology/machines/smelter.json:/name	sha256:e604608c41f2defb59996fd945e5bd4dcf707d58cbbb09bd892aef75f8d07a3f	Induction Smelter	Индукционная плавильня	PASS		Смысл источника сохранён; текст достаточно простой, естественный и уместный в игровом интерфейсе.	22		
patchouli-json:thermal:guidebook:entries/technology/machines/smelter.json:/pages/0/text	sha256:8e15049691d2d8ed7d925da6b45545fab272e8808b0522aa4c9abf6a81000909	The Induction Smelter is a machine that smelts multiple items together, producing alloys. It can also smelt ores into ingots and gems, which is affected by $(l:thermal:world/materials/catalysts)catalysts$(/l). Smelting ores has a chance to produce rich slag as a secondary output, which can be used as a catalyst or to make $(l:thermal:world/plants/phytogro)Phyto-Gro$(/l). Smelting gravel yields flint and slag.	Индукционная плавильня - это механизм который сплавляет несколько предметов вместе для получения сплавов. Он также выплавляет руду в слитки и драгоценности, на это влияют $(l:thermal:world/materials/catalysts)катализаторы$(/l). Переплавка руд даёт шанс получить обогащённый шлак, который можно использовать как катализатор для создания $(l:thermal:world/plants/phytogro)фито-гро$(/l). При плавке гравия образуются кремень и шлак.	CHANGE	Индукционная плавильня сплавляет несколько предметов и создаёт сплавы. Также она переплавляет руды в слитки и самоцветы; на выход влияют $(l:thermal:world/materials/catalysts)катализаторы$(/l). При плавке руд иногда получается обогащённый шлак: он служит катализатором или компонентом $(l:thermal:world/plants/phytogro)Фито-Гро$(/l). Из гравия получаются кремень и шлак.	Исправлены смысловое расхождение, калька или неестественная русская формулировка.	347	288	0.830
patchouli-json:thermal:guidebook:entries/technology/machines/smelter.json:/pages/0/title	sha256:e604608c41f2defb59996fd945e5bd4dcf707d58cbbb09bd892aef75f8d07a3f	Induction Smelter	Индукционная плавильня	PASS		Смысл источника сохранён; текст достаточно простой, естественный и уместный в игровом интерфейсе.	22		
patchouli-json:thermal:guidebook:entries/technology/machines/smelter.json:/pages/1/title	sha256:e604608c41f2defb59996fd945e5bd4dcf707d58cbbb09bd892aef75f8d07a3f	Induction Smelter	Индукционная плавильня	PASS		Смысл источника сохранён; текст достаточно простой, естественный и уместный в игровом интерфейсе.	22		
patchouli-json:thermal:guidebook:entries/technology/machines/smelter.json:/pages/2/text	sha256:bc8722c3cdf9d12d78284261a81f5099e00b0ebe8a0da306c248a06e18c0e8cc	$(li)$(l:thermal:technology/augments/integral_components)Integral Components$(/l)$(li)$(l:thermal:technology/augments/item_filter)Item Filter$(/l)$(li)$(l:thermal:technology/augments/xp_storage)Knowledge Concentrator$(/l)$(li)$(l:thermal:technology/augments/rf_coil)Expanded RF Coil$(/l)$(li)$(l:thermal:technology/augments/rf_coil_storage)Stabilized RF Coil$(/l)$(li)$(l:thermal:technology/augments/rf_coil_xfer)High-Flux RF Coil$(/l)$(li)$(l:thermal:technology/augments/machine_speed)Flux Linkage Amplifier$(/l)$(li)$(l:thermal:technology/augments/machine_efficiency)Flux Efficiency$(/l)$(li)$(l:thermal:technology/augments/machine_output)Auxiliary Process Sieve$(/l)$(li)$(l:thermal:technology/augments/machine_null)Auxiliary Cactus$(/l)$(li)$(l:thermal:technology/augments/machine_catalyst)Catalytic Reclamation Chamber$(/l)	$(li)$(l:thermal:technology/augments/integral_components)Интегральные компоненты$(/l)$(li)$(l:thermal:technology/augments/item_filter)Предметный фильтр$(/l)$(li)$(l:thermal:technology/augments/xp_storage)Концентратор знаний$(/l)$(li)$(l:thermal:technology/augments/rf_coil)Расширенная RF катушка$(/l)$(li)$(l:thermal:technology/augments/rf_coil_storage)Стабилизированная RF катушка$(/l)$(li)$(l:thermal:technology/augments/rf_coil_xfer)Многопоточная RF катушка$(/l)$(li)$(l:thermal:technology/augments/machine_speed)Усилитель магнитной связи$(/l)$(li)$(l:thermal:technology/augments/machine_efficiency)Потоковая эффективность$(/l)$(li)$(l:thermal:technology/augments/machine_output)Вспомогательное сито$(/l)$(li)$(l:thermal:technology/augments/machine_catalyst)Каталитическая мелиоративная камера$(/l)	CHANGE	$(li)$(l:thermal:technology/augments/integral_components)Интегральные компоненты$(/l)$(li)$(l:thermal:technology/augments/item_filter)Предметный фильтр$(/l)$(li)$(l:thermal:technology/augments/xp_storage)Концентратор знаний$(/l)$(li)$(l:thermal:technology/augments/rf_coil)Расширенная RF катушка$(/l)$(li)$(l:thermal:technology/augments/rf_coil_storage)Стабилизированная RF катушка$(/l)$(li)$(l:thermal:technology/augments/rf_coil_xfer)Многопоточная RF катушка$(/l)$(li)$(l:thermal:technology/augments/machine_speed)Усилитель магнитной связи$(/l)$(li)$(l:thermal:technology/augments/machine_efficiency)Потоковая эффективность$(/l)$(li)$(l:thermal:technology/augments/machine_output)Вспомогательное сито$(/l)$(li)$(l:thermal:technology/augments/machine_null)Вспомогательный кактус$(/l)$(li)$(l:thermal:technology/augments/machine_catalyst)Каталитическая мелиоративная камера$(/l)	Исправлены смысловое расхождение, калька или неестественная русская формулировка.	236	258	1.093
patchouli-json:thermal:guidebook:entries/technology/machines/smelter.json:/pages/2/title	sha256:dc3bece9b3ee08c20dc11957f9389c1c933c3d1f57867bd7c7cde6bb2e446d42	Augment Compatibility	Улучшения	PASS		Смысл источника сохранён; текст достаточно простой, естественный и уместный в игровом интерфейсе.	9		
patchouli-json:thermal:guidebook:entries/technology/potion_fluid.json:/name	sha256:458a35e313fee72e2e6360eee182a1f46c97f3e626e0ab5995c45e84cd47bf98	Potion Fluid	Жидкие зелья	PASS		Смысл источника сохранён; текст достаточно простой, естественный и уместный в игровом интерфейсе.	12		
patchouli-json:thermal:guidebook:entries/technology/potion_fluid.json:/pages/0/text	sha256:5cde8c8508740e3dce2c5bdaa6339a2ef507e9e041c641044a18d95c12e00076	Potion fluid is the fluid form of conventional Minecraft potions. Using a Minecraft potion bottle on a machine, device, or storage block that accepts potion fluids will fill the block with potion fluid and return an empty bottle.	Жидкие зелья - это жидкая форма обычных зелий. Использование бутылочки с зельем на механизме, устройстве или блоке хранения, который принимает жидкие зелья, заполнит блок жидким зельем и вернёт пустую бутылочку.	PASS		Смысл источника сохранён; текст достаточно простой, естественный и уместный в игровом интерфейсе.	211		
patchouli-json:thermal:guidebook:entries/technology/potion_fluid.json:/pages/1/text	sha256:bf51b5694c26fe1ded8302db93b51bf5fa25ee46dcadac800aaca0a9c399a8c3	Potion fluid is the fluid form of conventional Minecraft potions. It can be obtained directly by brewing potions in the $(l:thermal:technology/machines/brewer)Alchemical Imbuer$(/l). Using a Minecraft potion bottle on a machine, device, or storage block that accepts potion fluids will fill the block with potion fluid and return an empty bottle.	Жидкие зелья - это жидкая форма обычных зелий. Его можно получить непосредственно путём варки зелий в $(l:thermal:technology/machines/brewer)алхимической зельеварке$(/l). Использование бутылочки с зельем на механизме, устройстве или блоке хранения, который принимает жидкие зелья, заполнит блок жидким зельем и вернёт пустую бутылочку.	CHANGE	Жидкое зелье — жидкая форма обычного зелья Minecraft. Его можно получить напрямую, сварив зелье в $(l:thermal:technology/machines/brewer)алхимической зельеварке$(/l). Бутылочка зелья при использовании на механизме, устройстве или хранилище с поддержкой таких жидкостей заполнит блок и вернёт пустую бутылочку.	Исправлены смысловое расхождение, калька или неестественная русская формулировка.	291	265	0.911
patchouli-json:thermal:guidebook:entries/technology/potion_fluid.json:/pages/2/text	sha256:ced52f8fb2e5036f0a9e663c029de17feeccd80cf44098251ce976f2d60273de	Conversely, using an empty bottle on a block containing fluid potion will fill the bottle. 250mb of potion fluid is equivalent to one Minecraft potion bottle.	И наоборот, использование пустой бутылочки на блоке, содержащем жидкую часть, приведет к заполнению бутылочки. 250 мВ жидкости для приготовления зелий эквивалентны одной бутылочке с зельем.	CHANGE	И наоборот: пустая бутылочка при использовании на блоке с жидким зельем наполнится. 250 мВ жидкого зелья соответствуют одной обычной бутылочке зелья.	Исправлены смысловое расхождение, калька или неестественная русская формулировка.	189	149	0.788
patchouli-json:thermal:guidebook:entries/technology/redprint.json:/name	sha256:c693d10b24a428aa1546f1a7b57d6d96608518f1ce594debe7199f2b40dcb1a2	Redprint	Красная печать	PASS		Смысл источника сохранён; текст достаточно простой, естественный и уместный в игровом интерфейсе.	14		
patchouli-json:thermal:guidebook:entries/technology/redprint.json:/pages/0/text	sha256:44fe71a111855275c37dfe6f8c10163e22cf00a199ecd5104edc23a8c4163ea9	The redprint can copy and paste your block configurations with ease! To save a configuration, right click a configured block with a blank Redprint. Right click on other machines with a configured Redprint to paste the configuration. Shift-right click to clear a Redprint. Hold the Redprint in the offhand slot in order to automatically configure placed blocks.	Красная печать может с лёгкостью копировать и вставлять конфигурации ваших блоков! Чтобы сохранить конфигурацию, щёлкните ПКМ по сконфигурированному блоку пустой печатью. Щёлкните ПКМ на других блоках записанной красной печатью, чтобы вставить конфигурацию. Чтобы очистить красную печать, удерживая Shift нажмите ПКМ. Для автоматической конфигурации поставленных блоков держите красную печать в противоположной руке.	CHANGE	Красная печать легко копирует настройки блоков. Нажмите ПКМ пустой печатью по настроенному блоку, чтобы сохранить конфигурацию, а затем ПКМ по другим блокам — чтобы применить её. Shift+ПКМ очищает печать. Держите её во второй руке, чтобы автоматически настраивать устанавливаемые блоки.	Исправлены смысловое расхождение, калька или неестественная русская формулировка.	416	286	0.688
patchouli-json:thermal:guidebook:entries/technology/redprint.json:/pages/1/title	sha256:c693d10b24a428aa1546f1a7b57d6d96608518f1ce594debe7199f2b40dcb1a2	Redprint	Красная печать	PASS		Смысл источника сохранён; текст достаточно простой, естественный и уместный в игровом интерфейсе.	14		
patchouli-json:thermal:guidebook:entries/technology/slot_seal.json:/name	sha256:e447cef554933ac911efa224e2396cc1c2f02f8c38856be073119a150d007592	Slot Seal	Заглушка	PASS		Смысл источника сохранён; текст достаточно простой, естественный и уместный в игровом интерфейсе.	8		
patchouli-json:thermal:guidebook:entries/technology/slot_seal.json:/pages/0/text	sha256:bd0286088fd1b2ab4e22bb6f9841bd28317134d36ca9d52bed38c99f4cc7501e	Used to lock a slot and prevent items from entering it. Helpful for advanced machine logistics.	Используется для блокировки слота и предотвращения попадания в него предметов. Полезно для продвинутой логистики.	PASS		Смысл источника сохранён; текст достаточно простой, естественный и уместный в игровом интерфейсе.	113		
patchouli-json:thermal:guidebook:entries/technology/slot_seal.json:/pages/1/title	sha256:e447cef554933ac911efa224e2396cc1c2f02f8c38856be073119a150d007592	Slot Seal	Заглушка	PASS		Смысл источника сохранён; текст достаточно простой, естественный и уместный в игровом интерфейсе.	8		
patchouli-json:thermal:guidebook:entries/technology/tinker_bench.json:/name	sha256:6eee207cc4a94d24b1e129733fa78a60cab024e86af6cda9f87666c5da00c685	Tinker's Workbench	Верстак мастеров	PASS		Смысл источника сохранён; текст достаточно простой, естественный и уместный в игровом интерфейсе.	16		
patchouli-json:thermal:guidebook:entries/technology/tinker_bench.json:/pages/0/text	sha256:89ae02bc3ac281611cbc4452721f547446abc2c367d883c4b24e08d795aeb990	The Tinker's Workbench is a block that can charge, fill, and apply augments to tools and blocks. It has two modes, charge/refill and augment, which you can toggle between using the button below the item slot in the GUI. Augments are only fully installed when you toggle modes or take the tool/block out.	Верстак мастеров - это блок, который может заряжать, заполнять и устанавливать улучшения в блоки и инструменты. Он имеет два режима - зарядка/заполнение и совершенствование. Их можно менять нажатием кнопки под слотом для предметов в графическом интерфейсе. Улучшения полностью устанавливаются только при переключении режимов или извлечении инструмента/блока.	CHANGE	Верстак мастеров заряжает и наполняет инструменты и блоки, а также устанавливает в них улучшения. Кнопка под слотом предмета переключает режимы «Зарядка/Заполнение» и «Улучшение». Улучшения окончательно устанавливаются при смене режима или извлечении предмета.	Исправлены смысловое расхождение, калька или неестественная русская формулировка.	358	260	0.726
patchouli-json:thermal:guidebook:entries/technology/tinker_bench.json:/pages/1/title	sha256:6eee207cc4a94d24b1e129733fa78a60cab024e86af6cda9f87666c5da00c685	Tinker's Workbench	Верстак мастеров	PASS		Смысл источника сохранён; текст достаточно простой, естественный и уместный в игровом интерфейсе.	16		
patchouli-json:thermal:guidebook:entries/technology/tinker_bench.json:/pages/2/text	sha256:33f5091347799b86c15aaa278870dca68d17772bf0f19381693e62193d0ca162	$(li)$(l:thermal:technology/augments/integral_components)Integral Components$(/l)$(li)$(l:thermal:technology/augments/item_filter)Item Filter$(/l)$(li)$(l:thermal:technology/augments/rf_coil)Expanded RF Coil$(/l)$(li)$(l:thermal:technology/augments/rf_coil_storage)Stabilized RF Coil$(/l)$(li)$(l:thermal:technology/augments/rf_coil_xfer)High-Flux RF Coil$(/l)$(li)$(l:thermal:technology/augments/fluid_tank)Expanded Tank Construction$(/l)	$(li)$(l:thermal:technology/augments/integral_components)Интегральные компоненты$(/l)$(li)$(l:thermal:technology/augments/item_filter)Предметный фильтр$(/l)$(li)$(l:thermal:technology/augments/rf_coil)Расширенная RF катушка$(/l)$(li)$(l:thermal:technology/augments/rf_coil_storage)Стабилизированная RF катушка$(/l)$(li)$(l:thermal:technology/augments/rf_coil_xfer)Многопоточная RF катушка$(/l)$(li)$(l:thermal:technology/augments/fluid_tank)Расширенная конструкция резервуара$(/l)	PASS		Смысл источника сохранён; текст достаточно простой, естественный и уместный в игровом интерфейсе.	148		
patchouli-json:thermal:guidebook:entries/technology/tinker_bench.json:/pages/2/title	sha256:dc3bece9b3ee08c20dc11957f9389c1c933c3d1f57867bd7c7cde6bb2e446d42	Augment Compatibility	Улучшения	PASS		Смысл источника сохранён; текст достаточно простой, естественный и уместный в игровом интерфейсе.	9		
patchouli-json:thermal:guidebook:entries/world/holding.json:/name	sha256:d5cebce2d3282d803503e21d28efc0876d831f1126cb9662e95fe418f6214168	Holding	Удержание	PASS		Смысл источника сохранён; текст достаточно простой, естественный и уместный в игровом интерфейсе.	9		
patchouli-json:thermal:guidebook:entries/world/holding.json:/pages/0/text	sha256:588dbadf29215e427403033b57c39f019fbc95e21b09292043e84a0aeb82616b	Holding is an enchantment that can be applied to blocks and items that can store various things (such as Redstone Flux or Fluid). For every level, it increases capacity by 50%, up to +200% at Holding IV (3x). This stacks with other things that modify storage capacity, such as $(l:thermal:technology/augments/introduction)Augments$(/l). For example, if a machine has $(l:thermal:technology/augments/integral_components)Resonant Integral Components$(/l) and Holding IV, the RF storage will be multiplied by 12x.	CoFHCore добавляет зачарование Удержание, которое может быть применено к блокам и предметам, которые могут хранить различные вещи (например, RF или жидкость). Каждый уровень увеличивает ёмкость на 50 %, до 200 % при Удержании IV. Это сочетается с другими вещами, которые изменяют ёмкость хранилища, такими как $(l:thermal:technology/augments/introduction)улучшения$(/l). Например, если механизм имеет $(l:thermal:technology/augments/integral_components)резонирующие интегральные компоненты$(/l) и удержание IV, его ёмкость увеличится в 12 раз.	CHANGE	Удержание — зачарование для блоков и предметов, хранящих, например, Redstone Flux или жидкости. Каждый уровень увеличивает ёмкость на 50%, вплоть до +200% при Удержании IV (в 3 раза). Эффект сочетается с другими изменениями ёмкости, например $(l:thermal:technology/augments/introduction)улучшениями$(/l). Так, с $(l:thermal:technology/augments/integral_components)резонирующими интегральными компонентами$(/l) и Удержанием IV ёмкость RF вырастет в 12 раз.	Исправлены смысловое расхождение, калька или неестественная русская формулировка.	436	348	0.798
patchouli-json:thermal:guidebook:entries/world/materials/alloys.json:/name	sha256:07ab532e548449f84e6d9c97eea6bae883dcde9e38385d5e1474905024a66d63	Alloys	Сплавы	PASS		Смысл источника сохранён; текст достаточно простой, естественный и уместный в игровом интерфейсе.	6		
patchouli-json:thermal:guidebook:entries/world/materials/alloys.json:/pages/0/text	sha256:9800382cc7a903351af1f4a2fc57508b0723190c6de5b892d4f2ca58a18b2a4a	Thermal adds a variety of different alloys. They can be directly alloyed in an Induction Smelter. Alternatively, they can be crafted by combining their constituents with a Fire Charge as shown above.	Thermal добавляет множество различных сплавов. Их можно получить в индукционной плавильне. В качестве альтернативы, их можно изготовить, объединив их составляющие с огненным зарядом, как показано выше.	PASS		Смысл источника сохранён; текст достаточно простой, естественный и уместный в игровом интерфейсе.	201		
patchouli-json:thermal:guidebook:entries/world/materials/alloys.json:/pages/4/text	sha256:54b863c00b17584da44d8c498ef318ca90fa16ffd2d024a084877a486b5d7933	Resonates at any frequency.	Резонирует на любой частоте.	PASS		Смысл источника сохранён; текст достаточно простой, естественный и уместный в игровом интерфейсе.	28		
patchouli-json:thermal:guidebook:entries/world/materials/alloys.json:/pages/4/title	sha256:db1936dad5bfc76d61c9246895d33cda25f7f35abdc364fd98d9afd4c0eaa89b	Enderium	Эндерий	PASS		Смысл источника сохранён; текст достаточно простой, естественный и уместный в игровом интерфейсе.	7		
patchouli-json:thermal:guidebook:entries/world/materials/alloys.json:/pages/5/text	sha256:b5b5654f9fa5611ee0e62cb956778716de2978ed74212459481112ae3ff43eba	Thermal adds a variety of different alloys. They can be crafted by combining their constituents with a Fire Charge.	Thermal добавляет множество различных сплавов. Их можно создать, объединив их составляющие с огненным зарядом.	PASS		Смысл источника сохранён; текст достаточно простой, естественный и уместный в игровом интерфейсе.	110		
patchouli-json:thermal:guidebook:entries/world/materials/alloys.json:/pages/5/title	sha256:07ab532e548449f84e6d9c97eea6bae883dcde9e38385d5e1474905024a66d63	Alloys	Сплавы	PASS		Смысл источника сохранён; текст достаточно простой, естественный и уместный в игровом интерфейсе.	6		
patchouli-json:thermal:guidebook:entries/world/materials/bait.json:/name	sha256:e72dc8497729219809499ddb8aae3fda0fc5608c791b1314855a34be0832ca87	Bait	Приманка	PASS		Смысл источника сохранён; текст достаточно простой, естественный и уместный в игровом интерфейсе.	8		
patchouli-json:thermal:guidebook:entries/world/materials/bait.json:/pages/0/text	sha256:4f316ba114d1b5403c7cb6aecbbfb6301b4cb47d6e214b5e94be399034dbec5b	Various types of bait can be used in the $(l:thermal:technology/devices/fisher)Aquatic Entangler$(/l) to boost or alter its fish-catching capabilities.	Различные виды приманки могут быть использованы в $(l:thermal:technology/devices/fisher)рыболове$(/l) для увеличения или изменения улова.	CHANGE	Разные виды приманки используются в $(l:thermal:technology/devices/fisher)рыболове$(/l), чтобы повысить его эффективность или изменить улов.	Исправлены смысловое расхождение, калька или неестественная русская формулировка.	94	97	1.032
patchouli-json:thermal:guidebook:entries/world/materials/bait.json:/pages/1/text	sha256:5a60719c2ca0722096315e8e5147e3a00f748fee471fa26b2c5e984507e16524	Aqua-Chow is a unique blend of ingredients that fish can't resist; it boosts the natural catching abilities of the Entangler.	Приманка - это уникальная смесь ингредиентов, перед которой рыба не сможет устоять; она усиливает естественные способности рыболова.	PASS		Смысл источника сохранён; текст достаточно простой, естественный и уместный в игровом интерфейсе.	132		
patchouli-json:thermal:guidebook:entries/world/materials/bait.json:/pages/2/text	sha256:0c54de05807fceff838136c7bc03cffc28e167626c48d76f143c95b9c8f50e6a	Benthic Aqua-Chow helps the entangler catch stuff from deeper down, improving the chances for items such as pufferfish, kelp, prismarine, ink sacs, sponges, and occasionally even tridents.	Глубоководная приманка помогает ловить на большей глубине, повышая шансы на ловлю иглобрюха, ламинарии, призмарина, чернильных мешков, губок, а иногда даже трезубцев.	PASS		Смысл источника сохранён; текст достаточно простой, естественный и уместный в игровом интерфейсе.	166		
patchouli-json:thermal:guidebook:entries/world/materials/bait.json:/pages/3/text	sha256:8fcdff2f30be146a951e4d155fbd7d3f532bcdcec4b0870e2a612b5fa865c330	A Junk Net allows the entangler to collect junk items such as string, lily pads, bones, water bottles, and leather. As the adage goes, 'One treasure's trash is another trash man.' Or something like that.	Сеть для мусора позволяет рыболову ловить предметы, такие как нитки, кувшинки, кости, бутылочки с водой и кожу. Как гласит пословица: 'Мусор одного - сокровище другого'. Или что-то в этом роде.	PASS		Смысл источника сохранён; текст достаточно простой, естественный и уместный в игровом интерфейсе.	193		
patchouli-json:thermal:guidebook:entries/world/materials/catalysts.json:/name	sha256:a256a12c841cedb576c7fa0b7eba7bef2dd2ac422a07a9d292dc676db1a60847	Catalysts	Катализаторы	PASS		Смысл источника сохранён; текст достаточно простой, естественный и уместный в игровом интерфейсе.	12		
patchouli-json:thermal:guidebook:entries/world/materials/catalysts.json:/pages/0/text	sha256:1774c7a90e98ff2c4bd126c7f452a8c1d60049c23423c312523848e1de7d9ee0	Catalysts are optional items consumed to improve the yield of certain recipes. Machines and their catalysts are listed on the next page with multipliers. The main outputs of a recipe are scaled by Primary. Secondary outputs are scaled by Secondary. The energy per operation is scaled by Energy. Finally, the odds a catalyst is consumed in an operation is indicated by the Usage chance.	Катализаторы - это необязательные предметы, используемые для повышения выхода определённых рецептов. Механизмы и их катализаторы перечислены на следующей странице с множителями.	LENGTH_EXCEPTION	Катализаторы — необязательные расходуемые предметы, повышающие выход некоторых рецептов. Механизмы и катализаторы с множителями перечислены на следующей странице. Primary умножает основной результат, Secondary — вторичный, Energy — расход энергии на операцию, а Usage показывает вероятность расхода катализатора.	Исправлены смысловое расхождение, калька или неестественная русская формулировка. Естественный полный вариант превышает мягкий предел 110%.	177	312	1.763
patchouli-json:thermal:guidebook:entries/world/materials/hardened_glass.json:/name	sha256:6dcc1fd30869cdd2d54236928ce02e2f0f7a7327d8510ec0eaf932474c2f0de1	Hardened Glass	Укреплённое стекло	PASS		Смысл источника сохранён; текст достаточно простой, естественный и уместный в игровом интерфейсе.	18		
patchouli-json:thermal:guidebook:entries/world/materials/hardened_glass.json:/pages/0/text	sha256:f964ce048320b79a459537a91ed4f5e8e668b529d16718683fa31af1e77f5274	Hardened glass is blast-resistant glass used in various recipes. It can be lined with various metals to give it different properties. Like with $(l:thermal:world/materials/alloys)alloys$(/l), hardened glass and its variants can be crafted with their constituents and a Fire Charge in a crafting table, or directly in an Induction Smelter.	Укреплённое стекло - это взрывостойкое стекло, используемое в рецептах. Оно может быть укреплено различными металлами для придания ему различных свойств. Как и в случае со $(l:thermal:world/materials/alloys)сплавами$(/l), усиленное стекло и его разновидности могут быть изготовлены из его компонентов и огненного заряда на верстаке или непосредственно в индукционной плавильне.	CHANGE	Укреплённое стекло устойчиво к взрывам и используется в разных рецептах. Облицовка разными металлами придаёт ему особые свойства. Как и $(l:thermal:world/materials/alloys)сплавы$(/l), стекло и его варианты создаются из компонентов и огненного заряда на верстаке либо напрямую в индукционной плавильне.	Исправлены смысловое расхождение, калька или неестественная русская формулировка.	337	261	0.774
patchouli-json:thermal:guidebook:entries/world/materials/hardened_glass.json:/pages/3/text	sha256:7597243e1371aab7f42267ad63075b5acc43e42872922ddb71f8c2439597c3d2	Hardened glass is blast-resistant glass used in various recipes. It can be lined with various metals to give it different properties. Signalum glass emits a strong redstone signal. Lumium glass emits a strong light. Enderium glass allows you to flex on other players.	Укреплённое стекло - это взрывостойкое стекло, используемое в рецептах. Оно может быть укреплено различными металлами для придания ему различных свойств. Сигналовое стекло излучает сильный сигнал красного камня. Люмиевое стекло излучает сильный свет. Эндериевое стекло позволяет воздействовать на других игроков.	CHANGE	Укреплённое стекло устойчиво к взрывам и используется в разных рецептах. Облицовка разными металлами придаёт ему особые свойства. Сигналовое стекло даёт сильный сигнал красного камня, люмиевое — яркий свет, а эндериевое позволяет похвастаться перед другими игроками.	Исправлены смысловое расхождение, калька или неестественная русская формулировка.	312	266	0.853
patchouli-json:thermal:guidebook:entries/world/materials/metal_forms.json:/name	sha256:dfe79c04eeb28e5a35380df62c4519e526bbe56091e74866a88ec762712ab795	Gears, Coins, Dusts, etc.	Шестерни, монеты, и т. д.	PASS		Смысл источника сохранён; текст достаточно простой, естественный и уместный в игровом интерфейсе.	25		
patchouli-json:thermal:guidebook:entries/world/materials/metal_forms.json:/pages/0/text	sha256:61a9a5948a7aa0351ab02010ad58f98e0130ad6be9964704513fff7eeb49655a	Thermal adds multiple forms of metals and gems which are used in various recipes. Most basic are the metal nuggets, which work identically to vanilla iron and gold nuggets.	Thermal добавляет несколько форм металлов и драгоценностей, которые используются в различных рецептах. Самыми основными являются кусочки металла, которые работают так же, как кусочке железа и золота в оригинальной игре.	CHANGE	Thermal добавляет несколько форм металлов и самоцветов для разных рецептов. Самая простая форма — самородки металлов, которые работают как обычные железные и золотые самородки.	Исправлены смысловое расхождение, калька или неестественная русская формулировка.	219	176	0.804
patchouli-json:thermal:guidebook:entries/world/materials/metal_forms.json:/pages/0/title	sha256:dfe79c04eeb28e5a35380df62c4519e526bbe56091e74866a88ec762712ab795	Gears, Coins, Dusts, etc.	Шестерни, монеты, и т. д.	PASS		Смысл источника сохранён; текст достаточно простой, естественный и уместный в игровом интерфейсе.	25		
patchouli-json:thermal:guidebook:entries/world/materials/metal_forms.json:/pages/1/text	sha256:3c305887f7ffa472dc9a2737553c090b6276dc2f766975ded03449daece77659	Dusts can come from crafting ingots with $(l:thermal:equipment/charges/earth_charge)Earth Charges$(/l) and can be used in recipes (typically alloys) or smelted (metal dusts only). Gears can be crafted using an Iron Nugget surrounded by 4 ingots/gems of a particular material.	Пыль может быть получена при соединении слитков с $(l:thermal:equipment/charges/earth_charge)земляных зарядов$(/l) и может быть использована в рецептах (обычно сплавов) или выплавлена (только металлической пыли). Шестерни можно изготовить, используя железный самородок, окруженный 4 слитками/драгоценностями из определённого материала.	CHANGE	Пыль можно получить на верстаке из слитков и $(l:thermal:equipment/charges/earth_charge)земляных зарядов$(/l). Она используется в рецептах, обычно сплавов, а металлическую пыль можно переплавить. Шестерня создаётся из железного самородка и 4 окружающих его слитков или самоцветов нужного материала.	Исправлены смысловое расхождение, калька или неестественная русская формулировка.	287	250	0.871
patchouli-json:thermal:guidebook:entries/world/materials/metal_forms.json:/pages/2/text	sha256:dc7b23ce9b35dfc249e0c4fb64b64bea8aa0626db6c1d858cc6c920a96e83595	Dusts typically come from the $(l:thermal:technology/machines/pulverizer)Pulverizer$(/l) and can be used in recipes (typically alloys) or smelted (metal dusts only). Plates and coins are made exclusively in the $(l:thermal:technology/machines/press)Multiservo Press$(/l) and are used in various recipes. Gears can be crafted using an Iron Nugget surrounded by 4 ingots/gems of a particular material. Metal gears can also be created in the press for 4 ingots.	Обычно пыль производится в $(l:thermal:technology/machines/pulverizer)измельчителе$(/l) и может быть использована в рецептах (обычно сплавов) или выплавлена (только металлической пыли). Пластины и монеты изготавливаются исключительно в $(l:thermal:technology/machines/press)мулити-серво прессе$(/l) и используются в различных рецептах. Шестерни можно изготовить с помощью кусочка железа, окруженного 4 слитками/драгоценностями из определённого материала. Металлические шестерни также можно создать в прессе из 4 слитков.	CHANGE	Обычно пыль получают в $(l:thermal:technology/machines/pulverizer)измельчителе$(/l). Она используется в рецептах, обычно сплавов, а металлическую пыль можно переплавить. Пластины и монеты создаются только в $(l:thermal:technology/machines/press)мульти-серво прессе$(/l). Шестерня делается из железного самородка и 4 слитков или самоцветов; металлическую шестерню также можно выдавить из 4 слитков.	Исправлены смысловое расхождение, калька или неестественная русская формулировка.	429	306	0.713
patchouli-json:thermal:guidebook:entries/world/materials/ores.json:/name	sha256:fec36e9cbd1ef0c4b80cc606c8e1c886580dafa55d9c7dd3c912e7bced105faa	Ores	Руды	PASS		Смысл источника сохранён; текст достаточно простой, естественный и уместный в игровом интерфейсе.	4		
patchouli-json:thermal:guidebook:entries/world/materials/ores.json:/pages/0/text	sha256:6a5c7b5c2ae29ad62a76fdfa41a05d768e135d4c97339dafc841d026ee100deb	Ore generation is configurable, so amounts and Y-levels are not explained here as they can vary considerably between worlds.	Генерация руды настраивается, поэтому количество и Y-высота здесь не объясняются, так как они могут значительно отличаться в разных мирах.	CHANGE	Генерация руд настраивается, поэтому их количество и высота здесь не указаны: в разных мирах они могут сильно отличаться.	Исправлены смысловое расхождение, калька или неестественная русская формулировка.	138	121	0.877
patchouli-json:thermal:guidebook:entries/world/materials/ores.json:/pages/0/title	sha256:129c678fce59acee7ac6a6fdb67b63107a6fece4ff4dbbcaca8bb40bcc92874a	Disclaimer	Отказ от ответственности	PASS		Смысл источника сохранён; текст достаточно простой, естественный и уместный в игровом интерфейсе.	24		
patchouli-json:thermal:guidebook:entries/world/materials/rockwool.json:/name	sha256:f250c0795532dbd87e9e584e0002a4ede48fff31d9bb1ccf870d5d89340a3db5	Slag and Rockwool	Шлак и минеральная шерсть	PASS		Смысл источника сохранён; текст достаточно простой, естественный и уместный в игровом интерфейсе.	25		
patchouli-json:thermal:guidebook:entries/world/materials/rockwool.json:/pages/0/text	sha256:0dd5a72b0f94716b8640802fcc33f75698f6a272347a2bc20a5d23c39196136c	Slag is a mineral-rich substance produced by smelting Gravel in an $(l:thermal:technology/machines/smelter)Induction Smelter$(/l). Rockwool is a fibrous material created by spinning molten mineral materials, such as Slag, in a furnace. It is a flame-retardant, slightly more blast-resistant version of normal Wool.	Шлак - это богатое минералами вещество, образующееся при плавке гравия в $(l:thermal:technology/machines/smelter)индукционной плавильне$(/l). Минеральная шерсть - это волокнистый материал, созданный путём нагревания минеральных материалов, таких как шлак, в печи. Это огнестойкая, немного более взрывостойкая версия обычной шерсти.	CHANGE	Шлак — богатое минералами вещество, которое получается при плавке гравия в $(l:thermal:technology/machines/smelter)индукционной плавильне$(/l). Минеральную шерсть получают, вытягивая в печи волокна из расплавленных минералов, например шлака. Она не горит и немного лучше обычной шерсти выдерживает взрывы.	Исправлены смысловое расхождение, калька или неестественная русская формулировка.	286	260	0.909
patchouli-json:thermal:guidebook:entries/world/materials/rockwool.json:/pages/0/title	sha256:f250c0795532dbd87e9e584e0002a4ede48fff31d9bb1ccf870d5d89340a3db5	Slag and Rockwool	Шлак и минеральная шерсть	PASS		Смысл источника сохранён; текст достаточно простой, естественный и уместный в игровом интерфейсе.	25		
patchouli-json:thermal:guidebook:entries/world/materials/storage.json:/name	sha256:29514d41443984f20045bd31941a2678de38df03e60437b24e5570b74fac7e52	Material Storage	Хранение материалов	PASS		Смысл источника сохранён; текст достаточно простой, естественный и уместный в игровом интерфейсе.	19		
patchouli-json:thermal:guidebook:entries/world/materials/storage.json:/pages/0/text	sha256:42b0059625f492e432a430376096da8b4ce77c4ce64db6eb779ebe7010de33d2	Thermal adds storage blocks for all of its $(l:thermal:world/ores)ores$(/l) and $(l:thermal:materials/alloys)alloys$(/l), as well as gunpowder, slag, rich slag, and charcoal. With storage blocks from other mods, Thermal follows a convention where the center item in the crafting recipe determines which mod's storage block to craft. For example, surrounding a Thermal lead ingot with 8 Immersive Engineering lead ingots will craft a Thermal lead block.	Thermal добавляет блоки хранения для всех $(l:thermal:world/ores)руд$(/l) и $(l:thermal:materials/alloys)сплавов$(/l), а также для пороха, шлака, обогащённого шлака, и древесного угля. При использовании блоков хранения из других модов, Thermal следует соглашению, согласно которому центральный предмет в рецепте определяет, какой блок хранения из мода получится. Например, если окружить медный слиток из Thermal медными слитками из Immersive Engineering, то получится медный блок из Thermal.	CHANGE	Thermal добавляет блоки хранения для всех своих $(l:thermal:world/ores)руд$(/l) и $(l:thermal:materials/alloys)сплавов$(/l), а также пороха, шлака, обогащённого шлака и древесного угля. Если такие блоки есть в нескольких модах, мод результата определяет центральный предмет рецепта. Например, слиток свинца Thermal, окружённый 8 слитками свинца Immersive Engineering, даст блок свинца Thermal.	Исправлены смысловое расхождение, калька или неестественная русская формулировка.	429	331	0.772
patchouli-json:thermal:guidebook:entries/world/materials/storage.json:/pages/1/text	sha256:d93aeefe80c67c156f2725f0a8decd7ff84c7f52cdbbaf90e0efb2196fb275fa	Thermal adds storage blocks for all of its $(l:thermal:world/ores)ores$(/l) and $(l:thermal:materials/alloys)alloys$(/l), as well as gunpowder, slag, rich slag, and charcoal. These can be automatically packed/unpacked with the $(l:thermal:technology/machines/press)Multiservo Press$(/l).	Thermal добавляет блоки хранения для всех $(l:thermal:world/ores)руд$(/l) и $(l:thermal:materials/alloys)сплавов$(/l), а также для пороха, шлака, обогащённого шлака, и древесного угля. Они могут быть автоматически упакованы/распакованы $(l:thermal:technology/machines/press)мульти-серво прессом$(/l).	PASS		Смысл источника сохранён; текст достаточно простой, естественный и уместный в игровом интерфейсе.	195		
patchouli-json:thermal:guidebook:entries/world/materials/storage.json:/pages/2/text	sha256:e9fbc8c936ec3e09e8ea4c172fe85e2b9f6954d488fd449aaaee8cc61ce5d6cd	With storage blocks from other mods, Thermal follows a convention where the center item in the crafting recipe determines which mod's storage block to craft. For example, surrounding a Thermal lead ingot with 8 Immersive Engineering lead ingots will craft a Thermal lead block.	При использовании блоков хранения из других модов, Thermal следует соглашению, согласно которому центральный предмет в рецепте определяет, какой блок хранения из мода получится. Например, если окружить медный слиток из Thermal медными слитками из Immersive Engineering, то получится медный блок из Thermal.	CHANGE	Если блок хранения есть в нескольких модах, мод результата определяет центральный предмет рецепта. Например, слиток свинца Thermal, окружённый 8 слитками свинца Immersive Engineering, даст блок свинца Thermal.	Исправлены смысловое расхождение, калька или неестественная русская формулировка.	306	209	0.683
patchouli-json:thermal:guidebook:entries/world/mobs/basalz.json:/name	sha256:1a650d99228d2b1888d7a4b991dab2aeddad95a892544d6ea67b8d809daf53e0	Basalz	Базальц	PASS		Смысл источника сохранён; текст достаточно простой, естественный и уместный в игровом интерфейсе.	7		
patchouli-json:thermal:guidebook:entries/world/mobs/basalz.json:/pages/0/text	sha256:69df54316ffe014fe8c3cbed7b1103bf05b91956ebd0ed3045e0efdc3b3771f8	The Basalz is a mob that spawns in barren or mountainous biomes. It has 10 hearts and deals 4.0 hearts of damage at close range. It creates projectiles which deal 3.0 hearts of damage and apply the Sundered effect. It has a chance to drop Basalz Shards, which can be crafted or pulverized into Basalz Powder.	Базальц - это моб, который появляется в пустошах и горных биомах. Имеет 10 сердец здоровья и наносит урон в 4 сердца в ближнем бою. Создаёт снаряды, наносящие 3 сердца урона, и накладывающие эффект Разлука. При смерти базальца с небольшим шансом выпадают осколки базальца, которые можно пререкрафтить или измельчить для получения порошка базальца.	CHANGE	Базальц появляется в бесплодных и горных биомах. У него 10 сердец здоровья; вблизи он наносит 4,0 сердца урона. Его снаряды наносят 3,0 сердца урона и накладывают эффект «Разлука». Иногда из базальца выпадают осколки, из которых на верстаке или в измельчителе получают порошок базальца.	Исправлены смысловое расхождение, калька или неестественная русская формулировка.	347	286	0.824
patchouli-json:thermal:guidebook:entries/world/mobs/basalz.json:/pages/0/title	sha256:1a650d99228d2b1888d7a4b991dab2aeddad95a892544d6ea67b8d809daf53e0	Basalz	Базальц	PASS		Смысл источника сохранён; текст достаточно простой, естественный и уместный в игровом интерфейсе.	7		
patchouli-json:thermal:guidebook:entries/world/mobs/basalz.json:/pages/1/text	sha256:c5baa50433179548f1dc902479ec3767087e4e35df600db5332c250624719cca	Sundered: Decreases the efficacy of armor by 25% per level.	Разлука: Снижает эффективность брони на 25% за уровень.	PASS		Смысл источника сохранён; текст достаточно простой, естественный и уместный в игровом интерфейсе.	55		
patchouli-json:thermal:guidebook:entries/world/mobs/basalz.json:/pages/1/title	sha256:1a650d99228d2b1888d7a4b991dab2aeddad95a892544d6ea67b8d809daf53e0	Basalz	Базальц	PASS		Смысл источника сохранён; текст достаточно простой, естественный и уместный в игровом интерфейсе.	7		
patchouli-json:thermal:guidebook:entries/world/mobs/basalz.json:/pages/2/text	sha256:2affcd74cdb209ab6acaaa2b471d9d6f19bf285064e6e46b8c839d57c1afde5a	The Basalz is a bold elemental that specializes in close combat. It spawns 8 orbiting projectiles that hit anything unfortunate enough to get within a radius of 4 blocks. Each hit consumes one projectile. Once all projectiles are consumed, the Basalz retreats and takes 5 seconds to recharge 8 more projectiles.	Базальц - смелый элементаль, специализирующийся на ближнем бою. Он создаёт 8 орбитальных снарядов, которые поражают всё, что попадает в радиус 4 блоков. Каждое попадание расходует один снаряд. Как только все снаряды израсходованы, Базальц отступает на 5 секунд, чтобы перезарядиться.	CHANGE	Базальц — смелый элементаль ближнего боя. Вокруг него вращаются 8 снарядов, поражающих всё в радиусе 4 блоков. При каждом попадании исчезает один снаряд. Потратив все снаряды, базальц отступает и за 5 секунд создаёт ещё 8.	Исправлены смысловое расхождение, калька или неестественная русская формулировка.	283	222	0.784
patchouli-json:thermal:guidebook:entries/world/mobs/basalz.json:/pages/2/title	sha256:edf8d3f1781f32f09359cd09dfcf6ef8a0b8cffed76cb50ac52d2a4b8948b150	Behavior	Поведение	PASS		Смысл источника сохранён; текст достаточно простой, естественный и уместный в игровом интерфейсе.	9		
patchouli-json:thermal:guidebook:entries/world/mobs/basalz.json:/pages/3/text	sha256:f4218d223176d7ef6539454fe954ac1ea8651ef72e641fffc29783762e960f93	The easiest way to deal with the Basalz is with a ranged weapon. In melee situations, even armored players may have difficulty tanking all 8 projectiles because they apply Sundered. It is best to use a shield to absorb the impact of all 8 projectiles, then attack the Basalz while it's vulnerable. Alternatively, leading the Basalz to other mobs will let them take the damage.	Лучше всего использовать оружие дальнего боя. В ситуациях ближнего боя даже игроки с бронёй могут испытывать трудности с уничтожением всех 8 снарядов, потому что они атакуют разрозненно. Лучше всего использовать щит, чтобы поглотить удар всех 8 снарядов, а затем атаковать базальца, пока он уязвим. В качестве альтернативы, агр базальца на других мобов позволит им получить урон.	CHANGE	Проще всего победить базальца оружием дальнего боя. Вблизи даже бронированному игроку трудно выдержать все 8 снарядов из-за эффекта «Разлука». Лучше принять щитом удары всех 8, а затем атаковать уязвимого базальца. Можно также подвести его к другим мобам, чтобы удар достался им.	Исправлены смысловое расхождение, калька или неестественная русская формулировка.	379	279	0.736
patchouli-json:thermal:guidebook:entries/world/mobs/basalz.json:/pages/3/title	sha256:6b27710dfaafdcec2b06b7d3c6abe56d98162848b08a9da01e88863e2add413f	Strategy	Стратегия	PASS		Смысл источника сохранён; текст достаточно простой, естественный и уместный в игровом интерфейсе.	9		
patchouli-json:thermal:guidebook:entries/world/mobs/blitz.json:/name	sha256:ca6744f733d5782731f8489436fabcedb5b9b68f527e8edab51a0c587f242fca	Blitz	Блитц	PASS		Смысл источника сохранён; текст достаточно простой, естественный и уместный в игровом интерфейсе.	5		
patchouli-json:thermal:guidebook:entries/world/mobs/blitz.json:/pages/0/text	sha256:9717131d2c4fe38399e55d14564ec99d1fde7ebbb283c046027a13001a19e198	The Blitz is a mob that spawns in warm, dry biomes. It has 10 hearts and deals 1.5 hearts of damage at close range. It creates projectiles which deal 2.5 hearts of damage and apply the Shocked effect. It has a chance to drop Blitz Motes, which can be crafted or pulverized into Blitz Powder.	Блитц - это моб, который появляется в тёплых, засушливых биомах. Он имеет 10 сердец здоровья и наносит урон в 1,5 сердца в ближнем бою. Он создаёт снаряды, наносящие 2,5 сердца урона и накладывающие эффект Шок на 5 секунд. При смерти блитца с небольшим шансом выпадают пылинки блитца, которые можно пререкрафтить или измельчить для получения порошка блитца.	CHANGE	Блитц появляется в тёплых сухих биомах. У него 10 сердец здоровья; вблизи он наносит 1,5 сердца урона. Его снаряды наносят 2,5 сердца урона и накладывают эффект «Шок». Иногда из блитца выпадают пылинки, из которых на верстаке или в измельчителе получают порошок блитца.	Исправлены смысловое расхождение, калька или неестественная русская формулировка.	357	269	0.754
patchouli-json:thermal:guidebook:entries/world/mobs/blitz.json:/pages/0/title	sha256:ca6744f733d5782731f8489436fabcedb5b9b68f527e8edab51a0c587f242fca	Blitz	Блитц	PASS		Смысл источника сохранён; текст достаточно простой, естественный и уместный в игровом интерфейсе.	5		
patchouli-json:thermal:guidebook:entries/world/mobs/blitz.json:/pages/1/text	sha256:aaffa624d62d43943509f10e6a5807e9d90620977d48500cceb882eab86c3853	Shocked: Decreases attack damage by 3 hearts per level.	Шок: Уменьшает урон от атаки на 3 сердца за уровень.	PASS		Смысл источника сохранён; текст достаточно простой, естественный и уместный в игровом интерфейсе.	52		
patchouli-json:thermal:guidebook:entries/world/mobs/blitz.json:/pages/1/title	sha256:ca6744f733d5782731f8489436fabcedb5b9b68f527e8edab51a0c587f242fca	Blitz	Блитц	PASS		Смысл источника сохранён; текст достаточно простой, естественный и уместный в игровом интерфейсе.	5		
patchouli-json:thermal:guidebook:entries/world/mobs/blitz.json:/pages/2/text	sha256:44d4ee29e99398a5c5361241743585763890dc873d94744d848508d97e7115bf	The Blitz is a timid elemental that fires arcing projectiles from a distance. If it's within 24 blocks of its target, it will fire one projectile every second. If it's further away, it will move closer. If the target is closer than 20 approximately blocks, it will run away to maintain a distance.	Блитц - робкий элементаль, который стреляет дугообразными снарядами на расстоянии. Если он находится в пределах 24 блоков от своей цели, он будет выпускать по одному снаряду каждую секунду. Если он находится дальше, он будет двигаться ближе. Если цель находится ближе, чем на 20 блоков, он улетит, чтобы сохранить дистанцию.	PASS		Смысл источника сохранён; текст достаточно простой, естественный и уместный в игровом интерфейсе.	324		
patchouli-json:thermal:guidebook:entries/world/mobs/blitz.json:/pages/2/title	sha256:edf8d3f1781f32f09359cd09dfcf6ef8a0b8cffed76cb50ac52d2a4b8948b150	Behavior	Поведение	PASS		Смысл источника сохранён; текст достаточно простой, естественный и уместный в игровом интерфейсе.	9		
patchouli-json:thermal:guidebook:entries/world/mobs/blitz.json:/pages/3/text	sha256:42681d236652f866118ab30074ad653ae74a26ed4be83fa894a0065ae3b7cce2	The easiest way to deal with the Blitz is with a ranged weapon. Additionally, the projectiles have travel time, so they have a harder time hitting moving/strafing targets.	Самый простой способ справиться с блитцом - это использовать оружие дальнего боя. Кроме того, у снарядов есть время в пути, поэтому им труднее поражать движущиеся цели.	PASS		Смысл источника сохранён; текст достаточно простой, естественный и уместный в игровом интерфейсе.	168		
patchouli-json:thermal:guidebook:entries/world/mobs/blitz.json:/pages/3/title	sha256:6b27710dfaafdcec2b06b7d3c6abe56d98162848b08a9da01e88863e2add413f	Strategy	Стратегия	PASS		Смысл источника сохранён; текст достаточно простой, естественный и уместный в игровом интерфейсе.	9		
patchouli-json:thermal:guidebook:entries/world/mobs/blizz.json:/name	sha256:f4eb5818cb7a79486c5e0da85fc9034825d2821b5cd9bbad6e3d1d1058ccf711	Blizz	Близз	PASS		Смысл источника сохранён; текст достаточно простой, естественный и уместный в игровом интерфейсе.	5		
patchouli-json:thermal:guidebook:entries/world/mobs/blizz.json:/pages/0/text	sha256:e482e556af108b548e8941897d5b1a5b61d7042206ff92b9d7505c1d60c6742f	The Blizz is a mob that spawns in cold biomes. It has 10 hearts and deals 3.5 hearts of damage at close range. It shoots projectiles which deal 2.5 hearts of damage and apply the Chilled effect. It has a chance to drop Blizz Cubes, which can be crafted or pulverized into Blizz Powder.	Близз - это моб, который появляется в холодных биомах. Он имеет 10 сердец здоровья и наносит урон в 3,5 сердца в ближнем бою. Он стреляет снарядами, которые наносят 2,5 сердца урона и накладывает эффект Переохлаждение на 5 секунд. При смерти близза с небольшим шансом выпадают кубики близза, которые можно пререкрафтить или измельчить для получения порошка близза.	CHANGE	Близз появляется в холодных биомах. У него 10 сердец здоровья; вблизи он наносит 3,5 сердца урона. Его снаряды наносят 2,5 сердца урона и накладывают эффект «Переохлаждение». Иногда из близза выпадают кубики, из которых на верстаке или в измельчителе получают порошок близза.	Исправлены смысловое расхождение, калька или неестественная русская формулировка.	364	275	0.755
patchouli-json:thermal:guidebook:entries/world/mobs/blizz.json:/pages/0/title	sha256:f4eb5818cb7a79486c5e0da85fc9034825d2821b5cd9bbad6e3d1d1058ccf711	Blizz	Близз	PASS		Смысл источника сохранён; текст достаточно простой, естественный и уместный в игровом интерфейсе.	5		
patchouli-json:thermal:guidebook:entries/world/mobs/blizz.json:/pages/1/text	sha256:eb21dc698048deb2f89090fd13fc71501fb918a716792da8b59206de153f4a7f	Chilled: Decreases movement speed by 30% and attack speed by 0.4 seconds per level.	Переохлаждение: Уменьшает скорость передвижения на 30% и скорость атаки на 0,4 секунды за уровень.	PASS		Смысл источника сохранён; текст достаточно простой, естественный и уместный в игровом интерфейсе.	98		
patchouli-json:thermal:guidebook:entries/world/mobs/blizz.json:/pages/1/title	sha256:f4eb5818cb7a79486c5e0da85fc9034825d2821b5cd9bbad6e3d1d1058ccf711	Blizz	Близз	PASS		Смысл источника сохранён; текст достаточно простой, естественный и уместный в игровом интерфейсе.	5		
patchouli-json:thermal:guidebook:entries/world/mobs/blizz.json:/pages/2/text	sha256:8f10cfb4970f576df4d9319d0a8e2b2d8495d90c00efc409d9f835748f5286b5	The Blizz is a standoffish elemental that rains projectiles upon its foes. It will fly above its target and spawn falling projectiles in an area around it. If close enough, it will hover in circles above its target.	Близз - это сдержанный элементаль, который обрушивает на своих врагов дождь из снарядов. Он будет летать над своей целью и создавать падающие снаряды в области вокруг него. Если он будет достаточно близко, он будет кружить над своей целью.	PASS		Смысл источника сохранён; текст достаточно простой, естественный и уместный в игровом интерфейсе.	239		
patchouli-json:thermal:guidebook:entries/world/mobs/blizz.json:/pages/2/title	sha256:edf8d3f1781f32f09359cd09dfcf6ef8a0b8cffed76cb50ac52d2a4b8948b150	Behavior	Поведение	PASS		Смысл источника сохранён; текст достаточно простой, естественный и уместный в игровом интерфейсе.	9		
patchouli-json:thermal:guidebook:entries/world/mobs/blizz.json:/pages/3/text	sha256:6a134f8943b306c32ccb2402d049dca5eeca82997e234685a0b36e97bba020f5	The easiest way to deal with the Blizz is with a ranged weapon. In a melee fight, it is best to directly face the Blizz and tank the damage in order to get within melee range.	Самый простой способ справиться с близзом - это использовать оружие дальнего боя. В ближнем бою лучше всего стоять лицом к лицу с врагом и наносить урон танком, чтобы оказаться в пределах досягаемости ближнего боя.	CHANGE	Проще всего победить близза оружием дальнего боя. Если пришлось сражаться вблизи, идите прямо на него, выдерживая урон, пока не окажетесь на расстоянии удара.	Исправлены смысловое расхождение, калька или неестественная русская формулировка.	214	158	0.738
patchouli-json:thermal:guidebook:entries/world/mobs/blizz.json:/pages/3/title	sha256:6b27710dfaafdcec2b06b7d3c6abe56d98162848b08a9da01e88863e2add413f	Strategy	Стратегия	PASS		Смысл источника сохранён; текст достаточно простой, естественный и уместный в игровом интерфейсе.	9		
patchouli-json:thermal:guidebook:entries/world/plants/crops.json:/name	sha256:0abd7c58bd51c6144b4433cfafe23a65966dab4c77d250a1f281b1dc23240c5c	Crops	Культуры	PASS		Смысл источника сохранён; текст достаточно простой, естественный и уместный в игровом интерфейсе.	8		
patchouli-json:thermal:guidebook:entries/world/plants/crops.json:/pages/0/text	sha256:fdca2123045ac3247b87e67cdd2881431e640be02321d1a9e4fc910dffba3961	Thermal Cultivation adds a variety of crops, the seeds of which may be purchased from villagers. These crops can be harvested by right clicking with an empty hand. Mushroom crops may be planted on $(l:thermal:world/plants/phytogro)Phyto-Soil$(/l), Mycelium, or Podzol, but are unaffected by fertilizers such as Bone Meal. They are still affected by Phyto-Soil and $(l:thermal:equipment/tools/watering_can)Watering Can$(/l) growth bonuses.	Thermal Cultivation добавляет разнообразные культуры, семена которых можно приобрести у деревенских жителей. Эти культуры можно собрать, щёлкнув ПКМ пустой рукой. Грибные культуры могут быть посажены на $(l:thermal:world/plants/phytogro)фито-почву$(/l), мицелий, или подзол, но их рост невозможно ускорить костной мукой или фито-гро. Они всё ещё подвержены влиянию фито-почвы и $(l:thermal:equipment/tools/watering_can)лейки$(/l) ускоряя свой рост.	CHANGE	Thermal Cultivation добавляет разные культуры, семена которых продают жители. Урожай собирается ПКМ пустой рукой. Грибы растут на $(l:thermal:world/plants/phytogro)фито-почве$(/l), мицелии или подзоле, но удобрения вроде костной муки на них не действуют. Бонусы роста от фито-почвы и $(l:thermal:equipment/tools/watering_can)лейки$(/l) всё же работают.	Исправлены смысловое расхождение, калька или неестественная русская формулировка.	363	267	0.736
patchouli-json:thermal:guidebook:entries/world/plants/foods.json:/name	sha256:83aace864015121437b5749698b32cd991134b515b3e5bf2ee726ccb18ed41c4	Foods	Продукты	PASS		Смысл источника сохранён; текст достаточно простой, естественный и уместный в игровом интерфейсе.	8		
patchouli-json:thermal:guidebook:entries/world/plants/foods.json:/pages/0/text	sha256:7aaf296dc9f61bdb2a779f33b1d0e2061ef7c5d95853d54d1dcbb9753e9a6641	A cake carefully crafted with carrots, containing a copious quantity of carotene. Provides night vision when eaten.	Пирог, тщательно приготовленный из моркови, содержащий большое количество каротина. Накладывает ночное видение во время поедания.	CHANGE	Морковный пирог с огромным количеством каротина. После еды даёт ночное зрение.	Исправлены смысловое расхождение, калька или неестественная русская формулировка.	129	78	0.605
patchouli-json:thermal:guidebook:entries/world/plants/foods.json:/pages/1/text	sha256:0a1e32b9ecbd12fb602ef955e434c0e50d8a5c03482c49c9b25d71fc0a724457	A delightful, delectable dessert deserving decorous devotion. More satisfying than normal cake.	Деликатесный, восхитительный десерт, заслуживающий благопристойного отношения. Более сытный, чем обычный пирог.	CHANGE	Дивный и восхитительный десерт, достойный всяческих похвал. Сытнее обычного торта.	Исправлены смысловое расхождение, калька или неестественная русская формулировка.	111	82	0.739
patchouli-json:thermal:guidebook:entries/world/plants/foods.json:/pages/10/text	sha256:329db50324b7924cb23a8bf3951e818b30f05f1a7fc9ac12c66b26637c3420b2	Synthesized with the spoils of the spring season, sure to put a spring in your step. Boosts jump height when consumed.	Синтезированный с трофеями весеннего сезона, он обязательно добавит пружины в ваш шаг. Увеличивает высоту прыжка при употреблении.	CHANGE	Приготовлен из весенних даров и добавит пружины вашей походке. После еды повышает высоту прыжка.	Исправлены смысловое расхождение, калька или неестественная русская формулировка.	130	96	0.738
patchouli-json:thermal:guidebook:entries/world/plants/foods.json:/pages/11/text	sha256:83660eb24aabf344a7dbbd4f7c89582f9e1a1f6bbc17fb846bacedc4cbe9d6d2	A body-boosting broth brewed with bulbous produce. Increases maximum health when consumed.	Укрепляющий организм бульон, сваренный из луковичных продуктов. Увеличивает максимальное количество здоровья при употреблении.	CHANGE	Питательный бульон из клубнеплодов, укрепляющий организм. После еды увеличивает максимальное здоровье.	Исправлены смысловое расхождение, калька или неестественная русская формулировка.	126	102	0.810
patchouli-json:thermal:guidebook:entries/world/plants/foods.json:/pages/12/text	sha256:cc26ac80360bb9cdb69d7f8b9a666e0d0c7f98114fa031873cd8aaf5883c6e5f	An exhilarating eggplant elixir effervescing with exorbitant experience enhancements. Boosts experience gain when consumed.	Бодрящий эликсир из баклажанов, шипучий с непомерными улучшениями опыта. Даёт опыт при употреблении.	CHANGE	Бодрящий шипучий эликсир из баклажанов, усиливающий опыт. После употребления ускоряет его получение.	Исправлены смысловое расхождение, калька или неестественная русская формулировка.	100	100	1.000
patchouli-json:thermal:guidebook:entries/world/plants/foods.json:/pages/2/text	sha256:36b5419efc59684c0c04185862d98b9d6db5bb47d0ed7932146bd2b3e88de57b	A decoctive delight! Imbues the consumer with the effects of the potion used to bake it.	Декоративное наслаждение! Позволяет ощутить действие зелья, использованного для его приготовления.	CHANGE	Заварное наслаждение! Накладывает эффект зелья, использованного при выпечке.	Исправлены смысловое расхождение, калька или неестественная русская формулировка.	98	76	0.776
patchouli-json:thermal:guidebook:entries/world/plants/foods.json:/pages/3/text	sha256:912922a7325af253ab63ca9fe4c27fd9ae140cf1626c5030def596c66ece2bce	A satiating, scrumptious sweet synthesized from Sadiroot spices. Cleanses negative status effects when eaten.	Насыщающая, восхитительная сладость, синтезированная из сади-корня. Снимает негативные эффекты при употреблении в пищу.	CHANGE	Сытная и восхитительная сладость с пряностями из сади-корня. После еды снимает отрицательные эффекты.	Исправлены смысловое расхождение, калька или неестественная русская формулировка.	119	101	0.849
patchouli-json:thermal:guidebook:entries/world/plants/foods.json:/pages/4/text	sha256:b1f6d9262505a6c06070104a393b54466ad79545a8e06b8c76992e7156fc767e	A plump pumpkin packed with plentiful produce. Incredibly filling and there's just so much of it.	Пухлая тыква, наполненная большим количеством продуктов. Невероятно сытная и её просто очень много.	CHANGE	Пышная тыква, до краёв наполненная урожаем. Её очень много, и она невероятно сытная.	Исправлены смысловое расхождение, калька или неестественная русская формулировка.	99	84	0.848
patchouli-json:thermal:guidebook:entries/world/plants/foods.json:/pages/5/text	sha256:e712b1581d13c3feeda552b45744a870f58c78fed54f0dc55a372804a58e0b6d	Coagulated cream created by curdling its casein with chymosin. Who doesn't love cheese? Can be split into wedges.	Свернувшиеся сливки, созданные путем свёртывания казеина с химозином. Кто не любит сыр? Может быть разделён на кусочки.	CHANGE	Сливки, свёрнутые химозином по содержащемуся в них казеину. Кто не любит сыр? Его можно разделить на дольки.	Исправлены смысловое расхождение, калька или неестественная русская формулировка.	119	108	0.908
patchouli-json:thermal:guidebook:entries/world/plants/foods.json:/pages/6/text	sha256:71c84afcb76e84afcddcdf017c7bfa0053e3891960aa88b4ea5feae984bfe43d	A vast volume of varied vegetables. A classic harvest-time staple, in pie form.	Огромное количество разнообразных овощей. Классическое блюдо в форме пирога.	CHANGE	Целая гора разных овощей. Классическое блюдо урожайной поры в виде пирога.	Исправлены смысловое расхождение, калька или неестественная русская формулировка.	76	74	0.974
patchouli-json:thermal:guidebook:entries/world/plants/foods.json:/pages/7/text	sha256:51f0f37894a2a8009a785d37ec2c4bccd95caf01d92f176f4f8c05aaeb07fe64	Gluten grouped by gobs of gooey goodness. If there are any flavors which make a better pairing, they have not yet been discovered.	Глютен сгруппирован по кусочкам липкой вкуснятины. Если и есть какие-то ароматы, которые лучше сочетаются, то они еще не обнаружены.	CHANGE	Клейкая вкуснятина скрепляет клейковину. Лучшего сочетания вкусов пока не открыли.	Исправлены смысловое расхождение, калька или неестественная русская формулировка.	132	82	0.621
patchouli-json:thermal:guidebook:entries/world/plants/foods.json:/pages/8/text	sha256:d1580d8764c921fba4060237d1915fd086d293c344aa48ad8980e4484a10f3ad	A pepper packed with parmesan paired with prime meat. Incredibly filling and tasty!	Перец, посыпанный пармезаном, в сочетании с первоклассным мясом. Невероятно сытно и вкусно!	CHANGE	Перец с пармезаном и отборным мясом. Невероятно сытно и вкусно!	Исправлены смысловое расхождение, калька или неестественная русская формулировка.	91	63	0.692
patchouli-json:thermal:guidebook:entries/world/plants/foods.json:/pages/9/text	sha256:42796b03bb31996032af069c29910b1e32aa53f93a79232ab2f0e39171c9d478	Salted seafood surrounded with seaweed and short-grain rice, often served with soy sauce. Nutritious and quick to eat. Don't tell Direwolf20.	Соленые морепродукты, окруженные морскими водорослями и короткозернистым рисом, часто подаются с соевым соусом. Питательный и быстрый в употреблении. Не говори это Direwolf20.	CHANGE	Солёные морепродукты с водорослями и круглозёрным рисом, часто под соевым соусом. Питательно и быстро съедается. Только не говорите Direwolf20.	Исправлены смысловое расхождение, калька или неестественная русская формулировка.	175	143	0.817
patchouli-json:thermal:guidebook:entries/world/plants/phytogro.json:/name	sha256:fb6c359a9c1fca3df7e648dae4e7824469185ce101cd3e825cf44a5b03256091	Phyto-Gro	Фито-Гро	PASS		Смысл источника сохранён; текст достаточно простой, естественный и уместный в игровом интерфейсе.	8		
patchouli-json:thermal:guidebook:entries/world/plants/phytogro.json:/pages/0/text	sha256:52001013e1f924295ee0eb17ef99f9657caae20b34eedfa5e74d728ba7bfb7e5	Phyto-gro is fertilizer that is densely packed with all the nutrients plants need. It can be directly applied to plants or spread in an area with $(l:thermal:equipment/explosives/phyto_explosives)some explosives$(/l).	Фито-гро - это удобрение, насыщенное всеми питательными веществами, необходимыми растениям. Его можно наносить непосредственно на растения или разбрасывать на некоторой площади, совмещая с $(l:thermal:equipment/explosives/phyto_explosives)динамитом$(/l).	CHANGE	Фито-Гро — насыщенное всеми нужными растениям веществами удобрение. Его можно внести вручную или разбросать по площади с помощью $(l:thermal:equipment/explosives/phyto_explosives)взрывчатки$(/l).	Исправлены смысловое расхождение, калька или неестественная русская формулировка.	199	140	0.704
patchouli-json:thermal:guidebook:entries/world/plants/phytogro.json:/pages/1/text	sha256:7444b2d59cc880415718bb84b2c390e4c7843d09937cd4b83dd90d59a02ae98e	Phyto-gro is fertilizer that is densely packed with all the nutrients plants need. It can be directly applied to plants or used in machines as a $(l:thermal:world/materials/catalysts)catalyst$(/l).	Фито-гро - это удобрение, насыщенное всеми питательными веществами, необходимыми растениям. Его можно наносить непосредственно на растения или использовать в механизмах в качестве $(l:thermal:world/materials/catalysts)катализаторов$(/l).	CHANGE	Фито-Гро — насыщенное всеми нужными растениям веществами удобрение. Его можно внести вручную или использовать в механизмах как $(l:thermal:world/materials/catalysts)катализатор$(/l).	Исправлены смысловое расхождение, калька или неестественная русская формулировка.	194	139	0.716
patchouli-json:thermal:guidebook:entries/world/plants/phytogro.json:/pages/2/text	sha256:acf6623331f6cab9679987afa000251dca4796c4e91842b3be765324c0dbcdc3	Phyto-gro is fertilizer that is densely packed with all the nutrients plants need. It can be directly applied to plants, spread in an area with $(l:thermal:equipment/explosives/phyto_explosives)some explosives$(/l), or used in machines as a $(l:thermal:world/materials/catalysts)catalyst$(/l).	Фито-гро - это удобрение, насыщенное всеми питательными веществами, необходимыми растениям. Его можно наносить непосредственно на растения или разбрасывать на некоторой площади, совмещая с $(l:thermal:equipment/explosives/phyto_explosives)динамитом$(/l), или использовать в механизмах в качестве $(l:thermal:world/materials/catalysts)катализатора$(/l).	CHANGE	Фито-Гро — насыщенное всеми нужными растениям веществами удобрение. Его можно внести вручную, разбросать по площади с помощью $(l:thermal:equipment/explosives/phyto_explosives)взрывчатки$(/l) или использовать в механизмах как $(l:thermal:world/materials/catalysts)катализатор$(/l).	Исправлены смысловое расхождение, калька или неестественная русская формулировка.	254	183	0.720
patchouli-json:thermal:guidebook:entries/world/plants/phytogro.json:/pages/3/text	sha256:eb6dcec994ab3b0c33933647b7a43b5d0e48493e0ebbe6434b475f0076ffb14c	$(o)Village elders speak of a lost formula of Phyto-Gro that could be infused with sap and redstone flux in order to improve crop yields far beyond what could be considered natural. Unfortunately, all attempts to recreate it have ended with failure.$()	$(o)Старейшены говорят об утраченной формуле фито-гро, которую можно было бы настаивать на соку и Redstone Flux-е, чтобы повысить урожайность намного выше естественной. К сожалению, попытки воссоздать её закончились неудачей.$()	CHANGE	$(o)Старейшины рассказывают об утраченной формуле Фито-Гро, которое насыщали древесным соком и Redstone Flux, поднимая урожайность далеко за естественные пределы. Увы, все попытки воссоздать её провалились.$()	Исправлены смысловое расхождение, калька или неестественная русская формулировка.	221	202	0.914
patchouli-json:thermal:guidebook:entries/world/plants/phytogro.json:/pages/5/text	sha256:4eef934d8061c15b65b354d58a129c936140d18e6d7b6e314f5e970461a25ad3	Phyto-Soil is dirt infused with Phyto-Gro. It approximately doubles the growth rate of plants grown on it, which can be further improved to ~5x using a $(l:thermal:technology/devices/soil_infuser)Phyto-Soil Infuser$(/l). Just like normal soil, it must be tilled for crops to grow on it. Unlike normal farmland, tilled Phyto-Soil cannot be trampled and does not need water nearby to remain hydrated.	Фито-почва - это земля, пропитанная фито-гро, которая удваивает скорость роста растений, выращенных на ней. Скорость может быть дополнительно увеличена в примерно 5 раз с помощью $(l:thermal:technology/devices/soil_infuser)удобрителя$(/l). Как и обычная почва, она должна быть обработана, чтобы на ней росли сельскохозяйственные культуры. В отличие от обычных грядок, обработанная фито-почва не может быть вытоптана и не нуждается в воде поблизости, чтобы оставаться увлажнённой.	PASS		Смысл источника сохранён; текст достаточно простой, естественный и уместный в игровом интерфейсе.	430		
patchouli-json:thermal:guidebook:entries/world/plants/storage.json:/name	sha256:03ace5dae82a46650bb2c4ee31a401b6b9150494e6480333249b2e21a2cb71bc	Crop Storage	Хранение культур	PASS		Смысл источника сохранён; текст достаточно простой, естественный и уместный в игровом интерфейсе.	16		
patchouli-json:thermal:guidebook:entries/world/plants/storage.json:/pages/0/text	sha256:18f4f31e122f495c7f46f9632a235a5cc114f5e3c80a35d6fcdf2fa7752c4083	All crops have storage blocks associated with them, just like vanilla wheat and hay bales.	Все зерновые культуры имеют связанные с ними блоки для хранения, точно так же, как ванильная пшеница и тюки сена.	CHANGE	У каждой культуры есть блок хранения, как у обычной пшеницы есть тюк сена.	Исправлены смысловое расхождение, калька или неестественная русская формулировка.	113	74	0.655
patchouli-json:thermal:guidebook:entries/world/plants/storage.json:/pages/1/text	sha256:0c5a0d9580cb1b30f1f2c976731d0eda006d86bd7f9eb6a7ff1036e962264dc8	All crops have storage blocks associated with them, just like vanilla wheat and hay bales. These can be automatically packed/unpacked with the $(l:thermal:technology/machines/press)Multiservo Press$(/l).	Все зерновые культуры имеют связанные с ними блоки для хранения, точно так же, как ванильная пшеница и тюки сена. Они могут быть автоматически упакованы/ распакованы с помощью $(l:thermal:technology/machines/press)мульти-серво пресса$(/l).	CHANGE	У каждой культуры есть блок хранения, как у обычной пшеницы есть тюк сена. Такие блоки можно автоматически упаковывать и распаковывать в $(l:thermal:technology/machines/press)мульти-серво прессе$(/l).	Исправлены смысловое расхождение, калька или неестественная русская формулировка.	196	157	0.801
patchouli-json:thermal:guidebook:entries/world/plants/treeproducts.json:/name	sha256:9d2b706ab1d53fffb17465141f2c459d9a1251cee71302d136bb09d4598cc79f	Tree Products	Древесные продукты	PASS		Смысл источника сохранён; текст достаточно простой, естественный и уместный в игровом интерфейсе.	18		
patchouli-json:thermal:guidebook:entries/world/plants/treeproducts.json:/pages/1/text	sha256:416a7ca28ce777e3d2407ac50e74caa404c335e7534992bf5ed89f8e7262863b	A thick, milky emulsion of polymers that can be $(l:thermal:technology/devices/tree_extractor)harvested$(/l) from jungle and $(l:thermal:world/plants/trees)rubber$(/l) trees. Used primarily to make rubber.	Густая молочная эмульсия полимеров, $(l:thermal:technology/devices/tree_extractor)собираемая$(/l) с тропического дерева. Используется для создания резины.	CHANGE	Густая полимерная эмульсия, которую $(l:thermal:technology/devices/tree_extractor)добывают$(/l) из тропических и $(l:thermal:world/plants/trees)каучуковых$(/l) деревьев. Служит для резины.	Исправлены смысловое расхождение, калька или неестественная русская формулировка.	103	101	0.981
patchouli-json:thermal:guidebook:entries/world/plants/treeproducts.json:/pages/1/title	sha256:8b6d6f5fbf2fdb99661663e81dca7ccff48da663cea28864cc106d742bffbfc7	Latex	Латекс	PASS		Смысл источника сохранён; текст достаточно простой, естественный и уместный в игровом интерфейсе.	6		
patchouli-json:thermal:guidebook:entries/world/plants/treeproducts.json:/pages/2/title	sha256:a60f7b0cee08ea8a9a93528ee621fe2361555d1718ccc6875321f4e7a3392bec	Rubber	Резина	PASS		Смысл источника сохранён; текст достаточно простой, естественный и уместный в игровом интерфейсе.	6		
patchouli-json:thermal:guidebook:entries/world/plants/treeproducts.json:/pages/3/text	sha256:dfc960cfe36959597fdfba480db050c74c4d7b064d90621823eba7ae2b000d74	A stretchy, waterproof material derived from the coagulation of latex. It can be crafted from vines and dandelions. To improve its resilience and elasticity, rubber can be vulcanized in a furnace.	Эластичный, водонепроницаемый материал, полученный в результате коагуляции латекса. Её можно изготовить из лиан и одуванчиков. Чтобы повысить её упругость и эластичность, резину можно вулканизировать в печи.	CHANGE	Эластичный водостойкий материал, получаемый свёртыванием латекса. Также создаётся из лиан и одуванчиков. Для повышения прочности и упругости резину можно вулканизировать в печи.	Исправлены смысловое расхождение, калька или неестественная русская формулировка.	207	177	0.855
patchouli-json:thermal:guidebook:entries/world/plants/treeproducts.json:/pages/3/title	sha256:a60f7b0cee08ea8a9a93528ee621fe2361555d1718ccc6875321f4e7a3392bec	Rubber	Резина	PASS		Смысл источника сохранён; текст достаточно простой, естественный и уместный в игровом интерфейсе.	6		
patchouli-json:thermal:guidebook:entries/world/plants/treeproducts.json:/pages/4/title	sha256:a60f7b0cee08ea8a9a93528ee621fe2361555d1718ccc6875321f4e7a3392bec	Rubber	Резина	PASS		Смысл источника сохранён; текст достаточно простой, естественный и уместный в игровом интерфейсе.	6		
patchouli-json:thermal:guidebook:entries/world/plants/treeproducts.json:/pages/5/text	sha256:e0c859c424328d301b7bd140fd1a6a37d588cb3701a0eeefb3910cff1e0fadff	A stretchy, waterproof material derived from the coagulation of latex. It can be made by simply letting a latex bucket sit in a crafting table, or it can be crafted from vines and dandelions. To improve its resilience and elasticity, rubber can be vulcanized in a furnace.	Эластичный, водонепроницаемый материал, полученный в результате коагуляции латекса. Её можно сделать, просто переделав ведро латекса на верстаке, также её можно изготовить из лиан и одуванчиков. Чтобы повысить её упругость и эластичность, резину можно вулканизировать в печи или с серой в индукционной плавильне.	CHANGE	Эластичный водостойкий материал, получаемый свёртыванием латекса. Можно просто оставить ведро латекса на верстаке либо использовать лианы и одуванчики. Для повышения прочности и упругости резину можно вулканизировать в печи.	Исправлены смысловое расхождение, калька или неестественная русская формулировка.	312	224	0.718
patchouli-json:thermal:guidebook:entries/world/plants/treeproducts.json:/pages/6/text	sha256:060eeaee0cd25d994310a996e3c8d393db7d057001c0a57b678ac762fc24008a	A stretchy, waterproof material derived from the coagulation of latex. It can be made by simply letting a latex bucket sit in a crafting table, or it can be crafted from vines and dandelions. To improve its resilience and elasticity, rubber can be vulcanized in a furnace or with sulfur in an Induction Smelter.	Эластичный, водонепроницаемый материал, полученный в результате коагуляции латекса. Её можно сделать, просто переделав ведро латекса на верстаке, также её можно изготовить из лиан и одуванчиков. Чтобы повысить её упругость и эластичность, резину можно вулканизировать в печи или с серой в индукционной плавильне.	CHANGE	Эластичный водостойкий материал, получаемый свёртыванием латекса. Можно просто оставить ведро латекса на верстаке либо использовать лианы и одуванчики. Для повышения прочности и упругости резину вулканизируют в печи или с серой в индукционной плавильне.	Исправлены смысловое расхождение, калька или неестественная русская формулировка.	312	253	0.811
patchouli-json:thermal:guidebook:entries/world/plants/treeproducts.json:/pages/6/title	sha256:a60f7b0cee08ea8a9a93528ee621fe2361555d1718ccc6875321f4e7a3392bec	Rubber	Резина	PASS		Смысл источника сохранён; текст достаточно простой, естественный и уместный в игровом интерфейсе.	6		
patchouli-json:thermal:guidebook:templates/catalyst_page.json:/components/1/text	sha256:ab5df625bc76dbd4e163bed2dd888df828f90159bb93556525c31821b6541d46	...	...	PASS		Смысл источника сохранён; текст достаточно простой, естественный и уместный в игровом интерфейсе.	3		
patchouli-json:thermal:guidebook:templates/catalyst_page.json:/components/10/text	sha256:ab5df625bc76dbd4e163bed2dd888df828f90159bb93556525c31821b6541d46	...	...	PASS		Смысл источника сохранён; текст достаточно простой, естественный и уместный в игровом интерфейсе.	3		
patchouli-json:thermal:guidebook:templates/catalyst_page.json:/components/100/text	sha256:ab5df625bc76dbd4e163bed2dd888df828f90159bb93556525c31821b6541d46	...	...	PASS		Смысл источника сохранён; текст достаточно простой, естественный и уместный в игровом интерфейсе.	3		
patchouli-json:thermal:guidebook:templates/catalyst_page.json:/components/103/text	sha256:37dba22e716093af843b951d5f155acdf1d699dc0f7729483b9a06e07e7fc859	and$(br)more!	и$(br)больше!	CHANGE	и$(br)другие!	Исправлены смысловое расхождение, калька или неестественная русская формулировка.	8	8	1.000
patchouli-json:thermal:guidebook:templates/catalyst_page.json:/components/13/text	sha256:ab5df625bc76dbd4e163bed2dd888df828f90159bb93556525c31821b6541d46	...	...	PASS		Смысл источника сохранён; текст достаточно простой, естественный и уместный в игровом интерфейсе.	3		
patchouli-json:thermal:guidebook:templates/catalyst_page.json:/components/16/text	sha256:ab5df625bc76dbd4e163bed2dd888df828f90159bb93556525c31821b6541d46	...	...	PASS		Смысл источника сохранён; текст достаточно простой, естественный и уместный в игровом интерфейсе.	3		
patchouli-json:thermal:guidebook:templates/catalyst_page.json:/components/19/text	sha256:37dba22e716093af843b951d5f155acdf1d699dc0f7729483b9a06e07e7fc859	and$(br)more!	и$(br)больше!	CHANGE	и$(br)другие!	Исправлены смысловое расхождение, калька или неестественная русская формулировка.	8	8	1.000
patchouli-json:thermal:guidebook:templates/catalyst_page.json:/components/22/text	sha256:ab5df625bc76dbd4e163bed2dd888df828f90159bb93556525c31821b6541d46	...	...	PASS		Смысл источника сохранён; текст достаточно простой, естественный и уместный в игровом интерфейсе.	3		
patchouli-json:thermal:guidebook:templates/catalyst_page.json:/components/25/text	sha256:ab5df625bc76dbd4e163bed2dd888df828f90159bb93556525c31821b6541d46	...	...	PASS		Смысл источника сохранён; текст достаточно простой, естественный и уместный в игровом интерфейсе.	3		
patchouli-json:thermal:guidebook:templates/catalyst_page.json:/components/28/text	sha256:ab5df625bc76dbd4e163bed2dd888df828f90159bb93556525c31821b6541d46	...	...	PASS		Смысл источника сохранён; текст достаточно простой, естественный и уместный в игровом интерфейсе.	3		
patchouli-json:thermal:guidebook:templates/catalyst_page.json:/components/31/text	sha256:ab5df625bc76dbd4e163bed2dd888df828f90159bb93556525c31821b6541d46	...	...	PASS		Смысл источника сохранён; текст достаточно простой, естественный и уместный в игровом интерфейсе.	3		
patchouli-json:thermal:guidebook:templates/catalyst_page.json:/components/34/text	sha256:ab5df625bc76dbd4e163bed2dd888df828f90159bb93556525c31821b6541d46	...	...	PASS		Смысл источника сохранён; текст достаточно простой, естественный и уместный в игровом интерфейсе.	3		
patchouli-json:thermal:guidebook:templates/catalyst_page.json:/components/37/text	sha256:ab5df625bc76dbd4e163bed2dd888df828f90159bb93556525c31821b6541d46	...	...	PASS		Смысл источника сохранён; текст достаточно простой, естественный и уместный в игровом интерфейсе.	3		
patchouli-json:thermal:guidebook:templates/catalyst_page.json:/components/4/text	sha256:ab5df625bc76dbd4e163bed2dd888df828f90159bb93556525c31821b6541d46	...	...	PASS		Смысл источника сохранён; текст достаточно простой, естественный и уместный в игровом интерфейсе.	3		
patchouli-json:thermal:guidebook:templates/catalyst_page.json:/components/40/text	sha256:37dba22e716093af843b951d5f155acdf1d699dc0f7729483b9a06e07e7fc859	and$(br)more!	и$(br)больше!	CHANGE	и$(br)другие!	Исправлены смысловое расхождение, калька или неестественная русская формулировка.	8	8	1.000
patchouli-json:thermal:guidebook:templates/catalyst_page.json:/components/43/text	sha256:ab5df625bc76dbd4e163bed2dd888df828f90159bb93556525c31821b6541d46	...	...	PASS		Смысл источника сохранён; текст достаточно простой, естественный и уместный в игровом интерфейсе.	3		
patchouli-json:thermal:guidebook:templates/catalyst_page.json:/components/46/text	sha256:ab5df625bc76dbd4e163bed2dd888df828f90159bb93556525c31821b6541d46	...	...	PASS		Смысл источника сохранён; текст достаточно простой, естественный и уместный в игровом интерфейсе.	3		
patchouli-json:thermal:guidebook:templates/catalyst_page.json:/components/49/text	sha256:ab5df625bc76dbd4e163bed2dd888df828f90159bb93556525c31821b6541d46	...	...	PASS		Смысл источника сохранён; текст достаточно простой, естественный и уместный в игровом интерфейсе.	3		
patchouli-json:thermal:guidebook:templates/catalyst_page.json:/components/52/text	sha256:ab5df625bc76dbd4e163bed2dd888df828f90159bb93556525c31821b6541d46	...	...	PASS		Смысл источника сохранён; текст достаточно простой, естественный и уместный в игровом интерфейсе.	3		
patchouli-json:thermal:guidebook:templates/catalyst_page.json:/components/55/text	sha256:ab5df625bc76dbd4e163bed2dd888df828f90159bb93556525c31821b6541d46	...	...	PASS		Смысл источника сохранён; текст достаточно простой, естественный и уместный в игровом интерфейсе.	3		
patchouli-json:thermal:guidebook:templates/catalyst_page.json:/components/58/text	sha256:ab5df625bc76dbd4e163bed2dd888df828f90159bb93556525c31821b6541d46	...	...	PASS		Смысл источника сохранён; текст достаточно простой, естественный и уместный в игровом интерфейсе.	3		
patchouli-json:thermal:guidebook:templates/catalyst_page.json:/components/61/text	sha256:37dba22e716093af843b951d5f155acdf1d699dc0f7729483b9a06e07e7fc859	and$(br)more!	и$(br)больше!	CHANGE	и$(br)другие!	Исправлены смысловое расхождение, калька или неестественная русская формулировка.	8	8	1.000
patchouli-json:thermal:guidebook:templates/catalyst_page.json:/components/64/text	sha256:ab5df625bc76dbd4e163bed2dd888df828f90159bb93556525c31821b6541d46	...	...	PASS		Смысл источника сохранён; текст достаточно простой, естественный и уместный в игровом интерфейсе.	3		
patchouli-json:thermal:guidebook:templates/catalyst_page.json:/components/67/text	sha256:ab5df625bc76dbd4e163bed2dd888df828f90159bb93556525c31821b6541d46	...	...	PASS		Смысл источника сохранён; текст достаточно простой, естественный и уместный в игровом интерфейсе.	3		
patchouli-json:thermal:guidebook:templates/catalyst_page.json:/components/7/text	sha256:ab5df625bc76dbd4e163bed2dd888df828f90159bb93556525c31821b6541d46	...	...	PASS		Смысл источника сохранён; текст достаточно простой, естественный и уместный в игровом интерфейсе.	3		
patchouli-json:thermal:guidebook:templates/catalyst_page.json:/components/70/text	sha256:ab5df625bc76dbd4e163bed2dd888df828f90159bb93556525c31821b6541d46	...	...	PASS		Смысл источника сохранён; текст достаточно простой, естественный и уместный в игровом интерфейсе.	3		
patchouli-json:thermal:guidebook:templates/catalyst_page.json:/components/73/text	sha256:ab5df625bc76dbd4e163bed2dd888df828f90159bb93556525c31821b6541d46	...	...	PASS		Смысл источника сохранён; текст достаточно простой, естественный и уместный в игровом интерфейсе.	3		
patchouli-json:thermal:guidebook:templates/catalyst_page.json:/components/76/text	sha256:ab5df625bc76dbd4e163bed2dd888df828f90159bb93556525c31821b6541d46	...	...	PASS		Смысл источника сохранён; текст достаточно простой, естественный и уместный в игровом интерфейсе.	3		
patchouli-json:thermal:guidebook:templates/catalyst_page.json:/components/79/text	sha256:ab5df625bc76dbd4e163bed2dd888df828f90159bb93556525c31821b6541d46	...	...	PASS		Смысл источника сохранён; текст достаточно простой, естественный и уместный в игровом интерфейсе.	3		
patchouli-json:thermal:guidebook:templates/catalyst_page.json:/components/82/text	sha256:37dba22e716093af843b951d5f155acdf1d699dc0f7729483b9a06e07e7fc859	and$(br)more!	и$(br)больше!	CHANGE	и$(br)другие!	Исправлены смысловое расхождение, калька или неестественная русская формулировка.	8	8	1.000
patchouli-json:thermal:guidebook:templates/catalyst_page.json:/components/85/text	sha256:ab5df625bc76dbd4e163bed2dd888df828f90159bb93556525c31821b6541d46	...	...	PASS		Смысл источника сохранён; текст достаточно простой, естественный и уместный в игровом интерфейсе.	3		
patchouli-json:thermal:guidebook:templates/catalyst_page.json:/components/88/text	sha256:ab5df625bc76dbd4e163bed2dd888df828f90159bb93556525c31821b6541d46	...	...	PASS		Смысл источника сохранён; текст достаточно простой, естественный и уместный в игровом интерфейсе.	3		
patchouli-json:thermal:guidebook:templates/catalyst_page.json:/components/91/text	sha256:ab5df625bc76dbd4e163bed2dd888df828f90159bb93556525c31821b6541d46	...	...	PASS		Смысл источника сохранён; текст достаточно простой, естественный и уместный в игровом интерфейсе.	3		
patchouli-json:thermal:guidebook:templates/catalyst_page.json:/components/94/text	sha256:ab5df625bc76dbd4e163bed2dd888df828f90159bb93556525c31821b6541d46	...	...	PASS		Смысл источника сохранён; текст достаточно простой, естественный и уместный в игровом интерфейсе.	3		
patchouli-json:thermal:guidebook:templates/catalyst_page.json:/components/97/text	sha256:ab5df625bc76dbd4e163bed2dd888df828f90159bb93556525c31821b6541d46	...	...	PASS		Смысл источника сохранён; текст достаточно простой, естественный и уместный в игровом интерфейсе.	3		
patchouli-lang:actuallyadditions:booklet.actuallyadditions.chapter.empowerer	sha256:7a933c5548b8e3914213945a6121166ee957d38fd4afc71ee44709ff559db304	Empowerer	Усилитель	PASS		Термин точно передаёт назначение блока и естественно звучит по-русски.	9		
patchouli-lang:actuallyadditions:booklet.actuallyadditions.chapter.empowerer.text.1	sha256:d31f46992161368d51432671924f3f2d030978b972d5d5c17be6051a16b7bf95	The <item>Empowerer<r> is a mid-tier block that can be used to <imp>empower<r> crystals and other items. <n>To use it, items that should be empowered can be <imp>right-clicked onto the Empowerer<r>, and empowering items need to be placed on <item>Display Stands<r> that are <imp>two blocks away<r>, like seen in the <imp>picture on the next page<r>. <n>To then activate the process, <imp>every Display Stand needs to be powered with a lot of CF<r> that is then drained to empower the item on the Empowerer.	<item>Усилитель<r> - блок, который используется для <imp>усиления<r> кристаллов и других предметов. <n>Чтобы усилить предметы, <imp>нажмите ПКМ по усилителю<r>, а предметы подвергающиеся усилению, необходимо установить на <item>выставочном стэнде<r> который находится на расстоянии <imp>двух блоков<r>, как показано на <imp>изображении на следующей странице<r>. <n>Чтобы активировать процесс, <imp>каждый выставочный стэнд должен быть заряжен большим количеством CF<r> который будет поглощён дабы усилить предмет при помощи усилителя.	CHANGE	<item>Усилитель<r> — устройство средней стадии развития для <imp>усиления<r> кристаллов и других предметов. <n><imp>Щёлкните правой кнопкой мыши по усилителю<r> с усиливаемым предметом, а необходимые компоненты разместите на <item>выставочных стендах<r> <imp>в двух блоках от него<r>, как на <imp>следующей странице<r>. <n>Для запуска подайте <imp>много CF на каждый выставочный стенд<r>. Эта энергия уйдёт на усиление предмета в усилителе.	Исправлены грамматика и терминология, упрощены формулировки и сохранён полный порядок действий из источника.	470	376	0.800
patchouli-lang:actuallyadditions:booklet.actuallyadditions.chapter.empowerer.text.2	sha256:11096a8e5a0304eeaf075c1a0cbdcfa3a002a38e08bda468080dcbef1dc7dd1e	<i>The placement of the <item>Display Stands<r>	<i>Размещается рядом с <item>выставочным стэндом<r>	CHANGE	<i>Расположение <item>выставочных стендов<r>	Исправлены смысловое расхождение и орфография названия предмета.	39	32	0.821
patchouli-lang:actuallyadditions:booklet.actuallyadditions.chapter.empowerer.text.4	sha256:4c7a0a7b78b53be793bcda27997b4dac3c5fc24596c796a4c323899b6f1e116f	The <item>Display Stand<r> can also be used for other things! See the <imp>Blocks that use CF<r> section for more info about it!	<item>Выставочный стэнд<r> также может быть использован и для другого! Посмотрите секцию <imp>Блоки, использующие CF<r> для большей информации!	CHANGE	<item>Выставочный стенд<r> пригодится и для других целей! Подробнее — в разделе <imp>«Устройства, потребляющие CF»<r>.	Исправлены орфография и неестественные кальки; подсказка стала короче без потери смысла.	126	101	0.802
patchouli-lang:enderio:guidebook.enderio.book_title	sha256:f729197112fb9abf8aa84a95297b64ff884a6a18e1697a279b4f2fd6ef97a327	Book Title	Book Title	LENGTH_EXCEPTION	Руководство Ender IO	Штатная русская строка не переведена; предложен полный русский вариант. Естественный полный вариант превышает мягкий предел 110%.	10	20	2.000
patchouli-lang:enderio:guidebook.enderio.landing_text	sha256:d7ac78b6898f62d3c69d11146444d46f58aa0f01ceccf71c4f19ec23ebe11342	Landing Text	Landing Text	LENGTH_EXCEPTION	Руководство по Ender IO	Штатная русская строка не переведена; предложен полный русский вариант. Естественный полный вариант превышает мягкий предел 110%.	12	23	1.917
patchouli-lang:parcool:parcool.patchouli.guide.landingText	sha256:71818ef5592de0f5bbface00e44c19c74e9d8622c13a6e18198d2a065b450187	This is $(9)ParCool$()'s Tutorials Book!$(br)I recommend reading this first.$(br2) Also more detailed $(l:https://github.com/alRex-U/ParCool/blob/main/docs/parcool-guide-on-web-latest/introduction.md)ParCool Guide$() is available on web!	Это учебное пособие по $(9)ParCool$()! Рекомендуется к чтению.	LENGTH_EXCEPTION	Это учебник по $(9)ParCool$()!$(br)Советую начать с него.$(br2) Более подробное $(l:https://github.com/alRex-U/ParCool/blob/main/docs/parcool-guide-on-web-latest/introduction.md)руководство по ParCool$() есть в сети!	Восстановлена пропущенная ссылка на подробное веб-руководство; без неё смысл источника неполон, но текст длиннее лимита.	55	97	1.764
patchouli-lang:parcool:parcool.patchouli.guide.name	sha256:d422ab89c684130aa7293fba7ec6f202d428fd1b639d07736d1ead6dcd9ba6ac	ParCool Guide	Руководство ParCool	PASS		Смысл источника сохранён; текст достаточно простой, естественный и уместный в игровом интерфейсе.	19		
patchouli-lang:thermal:thermal.book.landing_text	sha256:4276c2565d536afe8d8669bb17359444ba16e8e709519601b62061e4329b8289	Welcome to the Thermal Series' guide book! From all of us who worked on it, we hope you enjoy.	Добро пожаловать в руководство по серии Thermal! От всех нас, кто работал над ним, мы надеемся, что вам понравится.	CHANGE	Добро пожаловать в руководство по серии Thermal! Надеемся, вам понравится наша работа.	Исправлены смысловое расхождение, калька или неестественная русская формулировка.	115	86	0.748
patchouli-lang:thermal:thermal.book.name	sha256:65344ec7df5196d2f96e7a1ad663b75f834c4be763efa71e91647dc406dc3825	Thermalpedia	Руководство Thermal	PASS		Смысл источника сохранён; текст достаточно простой, естественный и уместный в игровом интерфейсе.	19		
