id	source_hash	verdict	reviewer	method
block:block.neapolitan.adzuki_cake	sha256:6a0528574473e44a0221d2a6c9e77832249bb648ab5ae4f6a718f359334c17e6	PASS	/root/rescripted_registry_n_review	english_source_context_family_review
block:block.neapolitan.adzuki_candle_cake	sha256:5952ff725ea46e5f24e41eb6dc538054d00d011a55ab8a6dee1772615be32181	PASS	/root/rescripted_registry_n_review	english_source_context_family_review
block:block.neapolitan.adzuki_crate	sha256:a14268e4b7f952c2c04339b95d8264d1d23c4186b3654d2efd74732c863b2b6c	PASS	/root/rescripted_registry_n_review	english_source_context_family_review
block:block.neapolitan.adzuki_ice_cream_block	sha256:702d21d532a7f1bd1225a6ad74116409c6ca4159adadc0628e114310ade0ed14	PASS	/root/rescripted_registry_n_review	english_source_context_family_review
block:block.neapolitan.adzuki_milkshake_cauldron	sha256:5a89c1e36d89b4efca55691207b9591c6d8c322cc002a4258d9af18373e5236a	PASS	/root/rescripted_registry_n_review	english_source_context_family_review
block:block.neapolitan.adzuki_soil	sha256:70b7c59ad0c91741e6b14b3cd80e43e2b0f13c170fcc5b5f9779c721b93af354	PASS	/root/rescripted_registry_n_review	english_source_context_family_review
block:block.neapolitan.adzuki_sprouts	sha256:7ae06a3e09b26e9278ecef2d49f904c63d7882169511198be6b2bc5ae70ce35b	PASS	/root/rescripted_registry_n_review	english_source_context_family_review
block:block.neapolitan.banana_bundle	sha256:a861f8f00e43ab612d289b11e31b73a8ec1d7c59ff1fe22e84b3c82f1e5d2963	PASS	/root/rescripted_registry_n_review	english_source_context_family_review
block:block.neapolitan.banana_cake	sha256:b8def65498e84870c4031588e62006f5f2d0e09685ae4ea2862fc0905fc36054	PASS	/root/rescripted_registry_n_review	english_source_context_family_review
block:block.neapolitan.banana_candle_cake	sha256:79143aca468ebebf988c5cda2e33cba297fd7dd010bd8cdad3356319ac84d1a5	PASS	/root/rescripted_registry_n_review	english_source_context_family_review
block:block.neapolitan.banana_crate	sha256:dfeede1e89ea82eaa739e7c53ec74f0bb4719966a8d08d6e825d86a287eeb9aa	PASS	/root/rescripted_registry_n_review	english_source_context_family_review
block:block.neapolitan.banana_frond	sha256:a3e798b15f688ef89ee595da9edb75474460834229bdd56238fd225fccd303e5	PASS	/root/rescripted_registry_n_review	english_source_context_family_review
block:block.neapolitan.banana_ice_cream_block	sha256:c7b471638dfad038a46988ff7f1257f48c8b2ce19ef745c49e758b24af92b1ae	PASS	/root/rescripted_registry_n_review	english_source_context_family_review
block:block.neapolitan.banana_milkshake_cauldron	sha256:7a8f71cd73b414713984666e31be9433b4015449474c1a49c5fb29073fad81a7	PASS	/root/rescripted_registry_n_review	english_source_context_family_review
block:block.neapolitan.banana_stalk	sha256:2386ff2fc51154f005270f61bbb6b577a8c138270bc071b05eb7542714cb115e	PASS	/root/rescripted_registry_n_review	english_source_context_family_review
block:block.neapolitan.beanstalk	sha256:6a65119661a4581a61dabbae63ad47682c27879e77f525554d41bc19b730a17b	PASS	/root/rescripted_registry_n_review	english_source_context_family_review
block:block.neapolitan.beanstalk_thorns	sha256:a4c329e10a35bf71c988b985034a776e4e86dfc87a7f7618d437c11aea57bdcf	PASS	/root/rescripted_registry_n_review	english_source_context_family_review
block:block.neapolitan.black_adzuki_candle_cake	sha256:775b33321093d6d933b74c0571f8fcfd61988f4ad8ecb3a3d5e89aee98ad1ffb	CHANGE	/root/rescripted_registry_n_review	english_source_context_family_review
block:block.neapolitan.black_banana_candle_cake	sha256:fceea946a3ae6abb204cf116f45c71ef40819bf2c96ec493a0f89d7f5860fd66	CHANGE	/root/rescripted_registry_n_review	english_source_context_family_review
block:block.neapolitan.black_chocolate_candle_cake	sha256:943debdbbd4d6762061fdbba5a846b09ce910d1fa4bf0c32c1989e54878b9717	CHANGE	/root/rescripted_registry_n_review	english_source_context_family_review
block:block.neapolitan.black_mint_candle_cake	sha256:0c506429d79818b9395992e1a1206007046ddc94856c39a1982af8041353e91e	CHANGE	/root/rescripted_registry_n_review	english_source_context_family_review
block:block.neapolitan.black_strawberry_candle_cake	sha256:d0a5251fe40c57bdbf5cd32f7fae5ffbdf9c668cb133477c7adffe0f987d0062	CHANGE	/root/rescripted_registry_n_review	english_source_context_family_review
block:block.neapolitan.black_vanilla_candle_cake	sha256:0355a43230947cfa379eafaa7f2d3ff19cd44b54ae2e59f028ffdd931459bde6	CHANGE	/root/rescripted_registry_n_review	english_source_context_family_review
block:block.neapolitan.blue_adzuki_candle_cake	sha256:e7e0bd7775d08054be8f48b985c5a7f7cc08c1784d3f61089b6005dfdf801da0	CHANGE	/root/rescripted_registry_n_review	english_source_context_family_review
block:block.neapolitan.blue_banana_candle_cake	sha256:d6955461f48248543f56835e346b7b9e3ece31f560f5720649f9f74710c10d67	CHANGE	/root/rescripted_registry_n_review	english_source_context_family_review
block:block.neapolitan.blue_chocolate_candle_cake	sha256:bda91d3f8a35498b5fa1703db865c4c74dc84660021c2e2a79c149de0e4fb425	CHANGE	/root/rescripted_registry_n_review	english_source_context_family_review
block:block.neapolitan.blue_mint_candle_cake	sha256:6825ea58d6601d27d68b41dc4b1b843983efc4daf25b6e9dc28c58edff119e40	CHANGE	/root/rescripted_registry_n_review	english_source_context_family_review
block:block.neapolitan.blue_strawberry_candle_cake	sha256:4f8ff1ab84fdf0fd2a58dc9f1a443510cf4e2e27c2c1132f33335fe2f9ca61d6	CHANGE	/root/rescripted_registry_n_review	english_source_context_family_review
block:block.neapolitan.blue_vanilla_candle_cake	sha256:77120f6799cc891b6f4a9bb8870478a03ba9e16fee44d112fb05111e09db0736	CHANGE	/root/rescripted_registry_n_review	english_source_context_family_review
block:block.neapolitan.brown_adzuki_candle_cake	sha256:50463437a136355a755a9f1ae7004264b014a484c98cd2cdc0d08e28d0744c88	CHANGE	/root/rescripted_registry_n_review	english_source_context_family_review
block:block.neapolitan.brown_banana_candle_cake	sha256:96d3d3973b321682cc93065d0a5dc9f5e0f92a6ed03bc11a2d0a2a2a895d3d83	CHANGE	/root/rescripted_registry_n_review	english_source_context_family_review
block:block.neapolitan.brown_chocolate_candle_cake	sha256:fed45238f6344d4dc5189ed1446d90176b7329a43e41107a7bd7b47ea487149f	CHANGE	/root/rescripted_registry_n_review	english_source_context_family_review
block:block.neapolitan.brown_mint_candle_cake	sha256:65c0c685c651613f98c1f799198771e3889dda2410ac7c370ff6911afbcfb1c1	CHANGE	/root/rescripted_registry_n_review	english_source_context_family_review
block:block.neapolitan.brown_strawberry_candle_cake	sha256:1b2f0e124e61bba80e373d8edcd6fafd5ab87347cbd819e27c52d1a9b5d6dbfd	CHANGE	/root/rescripted_registry_n_review	english_source_context_family_review
block:block.neapolitan.brown_vanilla_candle_cake	sha256:8659e17b90caae93cbdc1f0bf5ac11443733719fc56236fd165969563975ebbf	CHANGE	/root/rescripted_registry_n_review	english_source_context_family_review
block:block.neapolitan.carved_banana_stalk	sha256:bd489bc3cd1d95b32c588abc183e39509c9e85c8efbaf2b88d5e796413b6cbdf	PASS	/root/rescripted_registry_n_review	english_source_context_family_review
block:block.neapolitan.chimpanzee_head	sha256:5d96bfe24cc6f4416db8654313f3ccc8de82761a6d400e6e4862072bca1be6a9	PASS	/root/rescripted_registry_n_review	english_source_context_family_review
block:block.neapolitan.chimpanzee_wall_head	sha256:71da5e527b51965c50f1726e637440f03ff81899f878befec64e58682297e7b8	PASS	/root/rescripted_registry_n_review	english_source_context_family_review
block:block.neapolitan.chiseled_chocolate_bricks	sha256:9311ea538eb77e4251088bdd65f9b9c677bdda93cb002a757e0d754b10d4d46a	PASS	/root/rescripted_registry_n_review	english_source_context_family_review
block:block.neapolitan.chocolate_block	sha256:10825cea77fe4d95c82417a1e328a4c3acb06de4c4049e38bd5d44448a1d3854	PASS	/root/rescripted_registry_n_review	english_source_context_family_review
block:block.neapolitan.chocolate_brick_slab	sha256:08a286698d6b17795c9e430f136b878dafa53c2981c8ae42311346f4f0038c7a	CHANGE	/root/rescripted_registry_n_review	english_source_context_family_review
block:block.neapolitan.chocolate_brick_stairs	sha256:12559afe6b7f33c7d99fb0559f0ef6184d70e78e13c6a1058cf64ea9a776a80d	PASS	/root/rescripted_registry_n_review	english_source_context_family_review
block:block.neapolitan.chocolate_brick_wall	sha256:2543e78319a29ac0acb97f7611138ce97c253872c07f2a9525d055e6632975e6	PASS	/root/rescripted_registry_n_review	english_source_context_family_review
block:block.neapolitan.chocolate_bricks	sha256:ede2c5ef0155e74097489a8aef4a9ba709c0933edaced63e0f794a037d544b16	PASS	/root/rescripted_registry_n_review	english_source_context_family_review
block:block.neapolitan.chocolate_cake	sha256:b2fbace58ecc2a29597367676beceafcb2895c26ca3767e6c3c281ac840ef3f8	PASS	/root/rescripted_registry_n_review	english_source_context_family_review
block:block.neapolitan.chocolate_candle_cake	sha256:4b68c9d38c1a832d782f00d4613a3ffdd6aaea142c4ec5f27afcf4f8d960e440	PASS	/root/rescripted_registry_n_review	english_source_context_family_review
block:block.neapolitan.chocolate_ice_cream_block	sha256:7519ffefe69abadbe4378cc9fe79d82ebd11151b482908732fe45d337eccb55f	PASS	/root/rescripted_registry_n_review	english_source_context_family_review
block:block.neapolitan.chocolate_milkshake_cauldron	sha256:5e789385393b67e5b61d5e2d4406778d55bcd590f717797a44ca6b5221d3dcb1	PASS	/root/rescripted_registry_n_review	english_source_context_family_review
block:block.neapolitan.chocolate_tile_slab	sha256:75c42d85e9009d0866b55c0543773ed47f078843d7f96e1c928cc5fabc4c24f6	PASS	/root/rescripted_registry_n_review	english_source_context_family_review
block:block.neapolitan.chocolate_tile_stairs	sha256:5ba3ac8f083458afd90d3414b19616bcf924ae982562296a57b91f9902fac69c	PASS	/root/rescripted_registry_n_review	english_source_context_family_review
block:block.neapolitan.chocolate_tile_wall	sha256:249864861e9f393a5019b5d4d2e14673824a5f4e7c2f049c847a75b3b490f44e	PASS	/root/rescripted_registry_n_review	english_source_context_family_review
block:block.neapolitan.chocolate_tiles	sha256:eb21bb8e214f1ec2adf16eec82275f8bfecd10f7e2716da736e7e1cb87ce538a	PASS	/root/rescripted_registry_n_review	english_source_context_family_review
block:block.neapolitan.cyan_adzuki_candle_cake	sha256:073375fd0b77f29f4e4be5b91e1334fa5dfdc67afb363ffdbeafbf8073d79397	CHANGE	/root/rescripted_registry_n_review	english_source_context_family_review
block:block.neapolitan.cyan_banana_candle_cake	sha256:7fef0f15857606b06828048b75cb156fd4f27b286d3d70ee4cd2ecd0460f322b	CHANGE	/root/rescripted_registry_n_review	english_source_context_family_review
block:block.neapolitan.cyan_chocolate_candle_cake	sha256:0d638a90c92ddc5076e2c66f0ef9121f7d62fbdac0f638ac786cbd6d0653db9e	CHANGE	/root/rescripted_registry_n_review	english_source_context_family_review
block:block.neapolitan.cyan_mint_candle_cake	sha256:8a4b4717eab5fd9b501f07f9074b5e98181b2ad98ea9054bb76169b924e5e292	CHANGE	/root/rescripted_registry_n_review	english_source_context_family_review
block:block.neapolitan.cyan_strawberry_candle_cake	sha256:00a91a471e02ab9f7ef0ce1f4be7e24ec15701d6a8ed839a91bb3fa2380c6c40	CHANGE	/root/rescripted_registry_n_review	english_source_context_family_review
block:block.neapolitan.cyan_vanilla_candle_cake	sha256:d709b2c4669e73faae72cabc6d009d3e7bf409766af1260cab6b2a2c513d03b4	CHANGE	/root/rescripted_registry_n_review	english_source_context_family_review
block:block.neapolitan.dried_vanilla_pod_block	sha256:7150b604cf4ffee109a29691a040575654519a0619cad1b99c2fcdf19561718b	PASS	/root/rescripted_registry_n_review	english_source_context_family_review
block:block.neapolitan.frond_thatch	sha256:c23a11146d5e5cedd32a840ddafa273579858c8227079f3fe68aba7b10659aa5	PASS	/root/rescripted_registry_n_review	english_source_context_family_review
block:block.neapolitan.frond_thatch_slab	sha256:1bf9c4f42fdf5b897f66ea9eafb48384085fb1a9948900fcce4d8a899f721398	PASS	/root/rescripted_registry_n_review	english_source_context_family_review
block:block.neapolitan.frond_thatch_stairs	sha256:077ce3a9696684972636697bf2587e590928f6fa8e23e652cb4657a87181c801	PASS	/root/rescripted_registry_n_review	english_source_context_family_review
block:block.neapolitan.gray_adzuki_candle_cake	sha256:82aef99a6f1a18efceb611d2106f27c5254d8171f97ecf426b9c19379e836e89	CHANGE	/root/rescripted_registry_n_review	english_source_context_family_review
block:block.neapolitan.gray_banana_candle_cake	sha256:74daa8f2e9773f79649f01218df270ee9e9625048d5fe68605fdaceaa69d36c5	CHANGE	/root/rescripted_registry_n_review	english_source_context_family_review
block:block.neapolitan.gray_chocolate_candle_cake	sha256:72ea5eec57af1d28b36406a827fd379379142fbbe1dc34e30447ae1c9b23defa	CHANGE	/root/rescripted_registry_n_review	english_source_context_family_review
block:block.neapolitan.gray_mint_candle_cake	sha256:6db66b50651268ae1195edf0f1ab4a9ef4d3ae161f569086fe7cf5588fc75c1f	CHANGE	/root/rescripted_registry_n_review	english_source_context_family_review
block:block.neapolitan.gray_strawberry_candle_cake	sha256:e1e2cdbcfb47ea1408a126e5cac4fe9d6d4e4b5d726dcd49077dc633b1c29c62	CHANGE	/root/rescripted_registry_n_review	english_source_context_family_review
block:block.neapolitan.gray_vanilla_candle_cake	sha256:3e690dcbc2aa03f500e6239c0b0f719ed9c775cfd97682f67043f83e492771fa	CHANGE	/root/rescripted_registry_n_review	english_source_context_family_review
block:block.neapolitan.green_adzuki_candle_cake	sha256:210b788a0d042f483d5fabc39f7db641ba4dd9de14bacbad6caff5d440f27f71	CHANGE	/root/rescripted_registry_n_review	english_source_context_family_review
block:block.neapolitan.green_banana_candle_cake	sha256:a31c4f307e2c0f879dda92376868c3fc65fbd0a7fd7f94f8311ef8a9165a9812	CHANGE	/root/rescripted_registry_n_review	english_source_context_family_review
block:block.neapolitan.green_chocolate_candle_cake	sha256:b82ff3d26fb0be5e426496bb89f8f32dc9cc05783e2b5cda7bc80989d0d6c5c6	CHANGE	/root/rescripted_registry_n_review	english_source_context_family_review
block:block.neapolitan.green_mint_candle_cake	sha256:85c2e215ede6b4276a3cd509e698c098799b77ae0c019e46c84bce6b999da46a	CHANGE	/root/rescripted_registry_n_review	english_source_context_family_review
block:block.neapolitan.green_strawberry_candle_cake	sha256:dfa0f07e4ce80cbb5b54e89d82ddc1ce08950c5bf20bebbe060a4fc863059b73	CHANGE	/root/rescripted_registry_n_review	english_source_context_family_review
block:block.neapolitan.green_vanilla_candle_cake	sha256:1be205007f11d0cf8b27c28bcaf23e68c81e57d9fb22c55bec0c7225651aff7d	CHANGE	/root/rescripted_registry_n_review	english_source_context_family_review
block:block.neapolitan.large_banana_frond	sha256:c73a78407d3e808c40fe7784b71bbe963a9b39f04af817ca5a7751a55621ba57	PASS	/root/rescripted_registry_n_review	english_source_context_family_review
block:block.neapolitan.light_blue_adzuki_candle_cake	sha256:835d92fb092c8c7a5c138cab4a923da33cc5a794be9db56e17b1871105ace2c9	CHANGE	/root/rescripted_registry_n_review	english_source_context_family_review
block:block.neapolitan.light_blue_banana_candle_cake	sha256:efb23347ae0fff0627af5db5264e807f5be1eb32dafd756f36bbf188376b47a6	CHANGE	/root/rescripted_registry_n_review	english_source_context_family_review
block:block.neapolitan.light_blue_chocolate_candle_cake	sha256:cc44e911dc6634f8041bfe0574e470f7ab3a3ad417502f31acf5d61f5a944c78	CHANGE	/root/rescripted_registry_n_review	english_source_context_family_review
block:block.neapolitan.light_blue_mint_candle_cake	sha256:38b35aad656f381e3d5c34877b8a71945d702be3556b397258137c9321da384b	CHANGE	/root/rescripted_registry_n_review	english_source_context_family_review
block:block.neapolitan.light_blue_strawberry_candle_cake	sha256:c8b8f3a94e41a7624d1fe90ec51aed2be698ccfc1cf98dff7ecd260e3233fc2f	CHANGE	/root/rescripted_registry_n_review	english_source_context_family_review
block:block.neapolitan.light_blue_vanilla_candle_cake	sha256:15b80b7f7805daf7b6335fb96075d776e33dc25114ac25332fc8ca1c17085037	CHANGE	/root/rescripted_registry_n_review	english_source_context_family_review
block:block.neapolitan.light_gray_adzuki_candle_cake	sha256:1bddfdf097079b6b9bd31dff87d420995056bc574694e4c0f03e3f1063b37bb3	PASS	/root/rescripted_registry_n_review	english_source_context_family_review
block:block.neapolitan.light_gray_banana_candle_cake	sha256:2cb08b5a4d22ef511fe846d831df85118e34bc97e2f8e156bf51af223a47a4d9	PASS	/root/rescripted_registry_n_review	english_source_context_family_review
block:block.neapolitan.light_gray_chocolate_candle_cake	sha256:efd443c44345e4bace8b954e519e2c73722a5ac3eca89b59b8741ffd5d9fbbcf	PASS	/root/rescripted_registry_n_review	english_source_context_family_review
block:block.neapolitan.light_gray_mint_candle_cake	sha256:00d0d7b30155275c3cb1b7bcedc3dd81c47bceafa30ae405a88b606e180e1ddf	PASS	/root/rescripted_registry_n_review	english_source_context_family_review
block:block.neapolitan.light_gray_strawberry_candle_cake	sha256:efdd51f47d5ca8f0eba1bf7682c7ff5d247a3c940ff93dbf7574e2478a421e62	PASS	/root/rescripted_registry_n_review	english_source_context_family_review
block:block.neapolitan.light_gray_vanilla_candle_cake	sha256:2e840c8f6d8b3ce7a8e95b67d898d5cd95fcb167cdc72f3dc19122727e9b4138	PASS	/root/rescripted_registry_n_review	english_source_context_family_review
block:block.neapolitan.lime_adzuki_candle_cake	sha256:44e7f0f85b04a7fbba79148a9b1b3d65d696012f93b6a001268ddd298d2f396f	CHANGE	/root/rescripted_registry_n_review	english_source_context_family_review
block:block.neapolitan.lime_banana_candle_cake	sha256:d476368b16ebf0004f520c1871a428d8276b285fe42bfa02face4cb98d7aaf25	CHANGE	/root/rescripted_registry_n_review	english_source_context_family_review
block:block.neapolitan.lime_chocolate_candle_cake	sha256:2044f788b87d8493641dc28bd7081e81b4e0f92527feb9ed692423b42083b1dc	CHANGE	/root/rescripted_registry_n_review	english_source_context_family_review
block:block.neapolitan.lime_mint_candle_cake	sha256:62e864160683f0c8f289dfb6948e97d23b2f926fd016c0046e5e5124b0ecb9e0	CHANGE	/root/rescripted_registry_n_review	english_source_context_family_review
block:block.neapolitan.lime_strawberry_candle_cake	sha256:e2431ec8bbd1a8f70eb82863aab02869f50ecdb381f4e20a64127564e293a5cb	CHANGE	/root/rescripted_registry_n_review	english_source_context_family_review
block:block.neapolitan.lime_vanilla_candle_cake	sha256:72d477d2854870f737658b02c839e3577f8a07fdbf3ae1b64de6d6ccdcec12c1	CHANGE	/root/rescripted_registry_n_review	english_source_context_family_review
block:block.neapolitan.magenta_adzuki_candle_cake	sha256:233b2e52edcd29e964d26cab90526c6b149813ddf3f8b4e536c1e4be1215e808	CHANGE	/root/rescripted_registry_n_review	english_source_context_family_review
block:block.neapolitan.magenta_banana_candle_cake	sha256:221086d972d3cca01406074b7744f27f63b89df5904be5554198da615afa6b30	CHANGE	/root/rescripted_registry_n_review	english_source_context_family_review
block:block.neapolitan.magenta_chocolate_candle_cake	sha256:bc61eb0d06d1ace8369be1345cc603db3e66aeb852b85e15f8e843f2714797d2	CHANGE	/root/rescripted_registry_n_review	english_source_context_family_review
block:block.neapolitan.magenta_mint_candle_cake	sha256:ad464cfd4991ab7accceeb2b9e9ff86b1c712258ce1d7e90ba7fd9aa46d914a0	CHANGE	/root/rescripted_registry_n_review	english_source_context_family_review
block:block.neapolitan.magenta_strawberry_candle_cake	sha256:6685a7d9e1ce87199dc4940b00f3ca40a3c55085f2dd04984d376451fcf3e7ff	CHANGE	/root/rescripted_registry_n_review	english_source_context_family_review
block:block.neapolitan.magenta_vanilla_candle_cake	sha256:62cd8a83c5ac8057ac69e8076fafb42fe1560e1a7b3fcec4ada4c625394a67f4	CHANGE	/root/rescripted_registry_n_review	english_source_context_family_review
block:block.neapolitan.magic_beans	sha256:24bcc992810f6a2dc4db2fbf03e969967014394e3345811f05232d04a2c84d2b	PASS	/root/rescripted_registry_n_review	english_source_context_family_review
block:block.neapolitan.milk_cauldron	sha256:853b9d8903a6b2a9bf662a2d19ec85d00248fd9d12c0b70bde7e11ad8b558d3a	PASS	/root/rescripted_registry_n_review	english_source_context_family_review
block:block.neapolitan.mint	sha256:ced97cc4a377b5b4386d9c67bc4f4e14febb561903a27409ce7a2886368b75bb	PASS	/root/rescripted_registry_n_review	english_source_context_family_review
block:block.neapolitan.mint_basket	sha256:53b77ca01d2eebc5d89ee6bbef23fd714304315b44694f1d08ab1c7fc9f53ac5	PASS	/root/rescripted_registry_n_review	english_source_context_family_review
block:block.neapolitan.mint_cake	sha256:05ec69aeb57e4bb9836e6c338c2f647c007006bc5d253f9f847e5be31f4f2eda	PASS	/root/rescripted_registry_n_review	english_source_context_family_review
block:block.neapolitan.mint_candle_cake	sha256:53654cb1ca486798b3a0df9432736033ec3aa6401808edba3826f165322e2fc5	PASS	/root/rescripted_registry_n_review	english_source_context_family_review
block:block.neapolitan.mint_ice_cream_block	sha256:30612e674964118845e9bb6f05255b5289abbfaca46efbf718d5414735f96f9a	PASS	/root/rescripted_registry_n_review	english_source_context_family_review
block:block.neapolitan.mint_milkshake_cauldron	sha256:8c706fc7ba50db696b7cab6b7bccb213b783456f9301b72a5705e498c03442f4	PASS	/root/rescripted_registry_n_review	english_source_context_family_review
block:block.neapolitan.orange_adzuki_candle_cake	sha256:0104e2d6a360c5a22b6e11fdda4c550a8e80edebf9ac0034aa742d3e27d42b38	CHANGE	/root/rescripted_registry_n_review	english_source_context_family_review
block:block.neapolitan.orange_banana_candle_cake	sha256:be5fd9a48fe4d0e44cc4c5a815e43a7627222d3acef4b4cb54eda1c037ad623e	CHANGE	/root/rescripted_registry_n_review	english_source_context_family_review
block:block.neapolitan.orange_chocolate_candle_cake	sha256:46c757ab6cb44d66bb5da9360d06fb6c91b9847f94a5dd5575a31b99c58b1318	CHANGE	/root/rescripted_registry_n_review	english_source_context_family_review
block:block.neapolitan.orange_mint_candle_cake	sha256:7af25fd8dff9025286fae450c473638eabebea85097dfb06cd965711652da968	CHANGE	/root/rescripted_registry_n_review	english_source_context_family_review
block:block.neapolitan.orange_strawberry_candle_cake	sha256:e311b089d658793d95a1f4491df24f1d915ab33418b67778e67493c487e6091f	CHANGE	/root/rescripted_registry_n_review	english_source_context_family_review
block:block.neapolitan.orange_vanilla_candle_cake	sha256:b487a6672d7c651da5c290ae842e13c65df11204bf310bf41607773b6edaa1dd	CHANGE	/root/rescripted_registry_n_review	english_source_context_family_review
block:block.neapolitan.pink_adzuki_candle_cake	sha256:bd67cb22d951779ae6e1593ab64aea20776a811004a1769d17432b0fec7fc159	CHANGE	/root/rescripted_registry_n_review	english_source_context_family_review
block:block.neapolitan.pink_banana_candle_cake	sha256:a37eff57d688b26d024ef5c8bff06bb009a2c425eb866377cfb2e882c38596de	CHANGE	/root/rescripted_registry_n_review	english_source_context_family_review
block:block.neapolitan.pink_chocolate_candle_cake	sha256:43e55f886ca79ea80097fe44aec07057ac18b51266979ef0d0bfe3721c242394	CHANGE	/root/rescripted_registry_n_review	english_source_context_family_review
block:block.neapolitan.pink_mint_candle_cake	sha256:45eaa366e0988b58df19017000288f7844698eec2f10ad509cead86f23bc8cde	CHANGE	/root/rescripted_registry_n_review	english_source_context_family_review
block:block.neapolitan.pink_strawberry_candle_cake	sha256:4d4077b5d838e0c4d5770e7e3b9cffd0af76777d4377e01c4ec631e01c36b225	CHANGE	/root/rescripted_registry_n_review	english_source_context_family_review
block:block.neapolitan.pink_vanilla_candle_cake	sha256:c58a306ac91503069abaec38d244f8ff1c03cc533413680814eb9f31232d60fd	CHANGE	/root/rescripted_registry_n_review	english_source_context_family_review
block:block.neapolitan.potted_banana_frond	sha256:0854c8f767b20e5a33f706a4214f235c3ac0e7d319106ea94d6e8799f015912e	PASS	/root/rescripted_registry_n_review	english_source_context_family_review
block:block.neapolitan.potted_mint	sha256:321d895a3b01c67e016e989cf936564f028df1829d3c676db674e73f7a72f8ab	PASS	/root/rescripted_registry_n_review	english_source_context_family_review
block:block.neapolitan.potted_vanilla_vine	sha256:63ff757bfd56fcb1b8cda71819c251d20e8f354870267a7b3ee789e57f8204f6	PASS	/root/rescripted_registry_n_review	english_source_context_family_review
block:block.neapolitan.purple_adzuki_candle_cake	sha256:64ca792ea1ad97b4a2c2bbdfc5b128ff7a8dccbc0b1356d4734cbd613fe41af8	CHANGE	/root/rescripted_registry_n_review	english_source_context_family_review
block:block.neapolitan.purple_banana_candle_cake	sha256:a9222914bf7799ebed0958912b90d62f97c28044150ea3b30e1a6af0ce7ed46b	CHANGE	/root/rescripted_registry_n_review	english_source_context_family_review
block:block.neapolitan.purple_chocolate_candle_cake	sha256:7ba34612595bb083c75bab91e20cacad254b737c9faed91f415fe74ac49b6380	CHANGE	/root/rescripted_registry_n_review	english_source_context_family_review
block:block.neapolitan.purple_mint_candle_cake	sha256:f16fd1fc9eb9f8cb881dbf41836073111f77450202bc4fa42261b0574a0b582b	CHANGE	/root/rescripted_registry_n_review	english_source_context_family_review
block:block.neapolitan.purple_strawberry_candle_cake	sha256:6c4269346af25d8ff42c2d781cb91821b4d56d0db5c22f0e0cac1101da3bdece	CHANGE	/root/rescripted_registry_n_review	english_source_context_family_review
block:block.neapolitan.purple_vanilla_candle_cake	sha256:a02093c34ca805fb45d4c8e1ea980e35ca11c68ee5fc49b7a45b10bb67bf6eb1	CHANGE	/root/rescripted_registry_n_review	english_source_context_family_review
block:block.neapolitan.red_adzuki_candle_cake	sha256:639d086e3c59d7aeda5e96cc0e33842c589717b5cc5c50378a11e9efa007e608	CHANGE	/root/rescripted_registry_n_review	english_source_context_family_review
block:block.neapolitan.red_banana_candle_cake	sha256:f8a6bb169a26a2012ff10549363ab09dde3347a5f48d1f17cd169074b546232f	CHANGE	/root/rescripted_registry_n_review	english_source_context_family_review
block:block.neapolitan.red_chocolate_candle_cake	sha256:d80f70105328448e7568c884b04e722846996e03d49faa9b4f300e3547468bd0	CHANGE	/root/rescripted_registry_n_review	english_source_context_family_review
block:block.neapolitan.red_mint_candle_cake	sha256:f7e01e86f4a34d824e0126c5b702a354003427a9d61086388cc2d8e5c34433a2	CHANGE	/root/rescripted_registry_n_review	english_source_context_family_review
block:block.neapolitan.red_strawberry_candle_cake	sha256:f8348c0e0939c4a3dec64b6b0b2028bcdb122468c2062f76753f019b3f7066bf	CHANGE	/root/rescripted_registry_n_review	english_source_context_family_review
block:block.neapolitan.red_vanilla_candle_cake	sha256:e9ac6c3a644655eda0d9a6d17b022190359fa32e7d158ea7431303ca780aad70	CHANGE	/root/rescripted_registry_n_review	english_source_context_family_review
block:block.neapolitan.roasted_adzuki_crate	sha256:9e3485f01b819c2f73d418987d1657c363f803cfb36b69a975c5f2657e4f2c6e	PASS	/root/rescripted_registry_n_review	english_source_context_family_review
block:block.neapolitan.small_banana_frond	sha256:b57f00cddae13764772d2b6b9b7276b7fe6d16e81584a223ac64caa0bf8f754d	PASS	/root/rescripted_registry_n_review	english_source_context_family_review
block:block.neapolitan.strawberry_basket	sha256:f29ed96ace39672206bfc7903841ff74d312fdca6def5b56e87cb563d294cb7a	PASS	/root/rescripted_registry_n_review	english_source_context_family_review
block:block.neapolitan.strawberry_bush	sha256:fef3551a5e2f0d26cd953102b103fc4e2d2e4d069b325357a4f80bd4c253e49c	PASS	/root/rescripted_registry_n_review	english_source_context_family_review
block:block.neapolitan.strawberry_cake	sha256:ce1572f0534e5299c4d3f35c5e8f82cfb2aaa3a0a07534d506281bf9aee7c803	PASS	/root/rescripted_registry_n_review	english_source_context_family_review
block:block.neapolitan.strawberry_candle_cake	sha256:ec7768480dc86081da745a402584ec661d4923c8f6fcbde3898914c1699dced4	PASS	/root/rescripted_registry_n_review	english_source_context_family_review
block:block.neapolitan.strawberry_ice_cream_block	sha256:473e8a18cf62f7c67786a699fae0e738371dd25cb9c566eb0396024e938d2a90	PASS	/root/rescripted_registry_n_review	english_source_context_family_review
block:block.neapolitan.strawberry_milkshake_cauldron	sha256:f7c3b9e0ea41fa30f0d36d599c0650f5eb332706f17e52d692fcaba658cc1f6a	PASS	/root/rescripted_registry_n_review	english_source_context_family_review
block:block.neapolitan.vanilla_cake	sha256:ef8117895ff601e8d3f28ab96e9561e85a4d6d257c07fe1910feb091927d3f37	PASS	/root/rescripted_registry_n_review	english_source_context_family_review
block:block.neapolitan.vanilla_candle_cake	sha256:877ae730560c4bb83bd0b8c7b77bda30c4395c07f7be12c584dbe6d3e2164348	PASS	/root/rescripted_registry_n_review	english_source_context_family_review
block:block.neapolitan.vanilla_ice_cream_block	sha256:31828e2b23a32d82c2ef9dec56ce20ac41c97f41d11cf0c1c95399b8047fdbbd	PASS	/root/rescripted_registry_n_review	english_source_context_family_review
block:block.neapolitan.vanilla_milkshake_cauldron	sha256:4867169b797fbbcee06673b0f7714ae1cd1abccfcdc6fafd3600ba241ef2295f	PASS	/root/rescripted_registry_n_review	english_source_context_family_review
block:block.neapolitan.vanilla_pod_block	sha256:61e9fac22e82d2760d462190fed041b7254640615f392ae5734e340d7c4a7e80	PASS	/root/rescripted_registry_n_review	english_source_context_family_review
block:block.neapolitan.vanilla_vine	sha256:c7efc42fee6a6aa42efb5a17a47c6ba5dc3f948faabfdae071ab231548a9bcec	PASS	/root/rescripted_registry_n_review	english_source_context_family_review
block:block.neapolitan.vanilla_vine_plant	sha256:c7efc42fee6a6aa42efb5a17a47c6ba5dc3f948faabfdae071ab231548a9bcec	PASS	/root/rescripted_registry_n_review	english_source_context_family_review
block:block.neapolitan.white_adzuki_candle_cake	sha256:c1e5a78d1e5a66bbf1443b619165e9231c19c2ea2cfc3780d38ce07a18577bda	CHANGE	/root/rescripted_registry_n_review	english_source_context_family_review
block:block.neapolitan.white_banana_candle_cake	sha256:1eace302100f332e94b4ba282e23bf369b6fe0c9be8a96ca107bc38c89d498f6	CHANGE	/root/rescripted_registry_n_review	english_source_context_family_review
block:block.neapolitan.white_chocolate_candle_cake	sha256:b797afb2719b33410c3da1adcd9f08823e7cf61d6039cb38e74dd0ff783c4d17	CHANGE	/root/rescripted_registry_n_review	english_source_context_family_review
block:block.neapolitan.white_mint_candle_cake	sha256:f6039dadcee97696e49a14496206dc2b929db60c3cee746689ea782e3c3dfbb4	CHANGE	/root/rescripted_registry_n_review	english_source_context_family_review
block:block.neapolitan.white_strawberry_basket	sha256:857ec281ce88ef6ae8ffdf73f3465b33db12b4eda6e1fdfc59ce4a604dfc7e34	PASS	/root/rescripted_registry_n_review	english_source_context_family_review
block:block.neapolitan.white_strawberry_candle_cake	sha256:34f4de9c420c509c6a7bb734743eeeb20b5213039994ffa1a3ad3a7180703fc6	CHANGE	/root/rescripted_registry_n_review	english_source_context_family_review
block:block.neapolitan.white_vanilla_candle_cake	sha256:bcf257e6a166348c4a6668a12e3ee558939ee89ab80888677830364befa5ec4c	CHANGE	/root/rescripted_registry_n_review	english_source_context_family_review
block:block.neapolitan.yellow_adzuki_candle_cake	sha256:4b019972b65cdbd7ddc902e85ccf31908c4f2fea2b3e65ee3ebb48e71a96b7dc	CHANGE	/root/rescripted_registry_n_review	english_source_context_family_review
block:block.neapolitan.yellow_banana_candle_cake	sha256:d06982a28dad6eb533d23615fcb6d4095b02a2273ba5c974ccc61b5012cf1550	CHANGE	/root/rescripted_registry_n_review	english_source_context_family_review
block:block.neapolitan.yellow_chocolate_candle_cake	sha256:0bf8d1df0538ffef5560ffc987139e9cf0d57d3b303fbc7ac9ea7b550d93425a	CHANGE	/root/rescripted_registry_n_review	english_source_context_family_review
block:block.neapolitan.yellow_mint_candle_cake	sha256:8ef5c2a65431805ecaacf99a2a7a9ace7dfe05fdb39ea3c0b5fbbd6137b556a5	CHANGE	/root/rescripted_registry_n_review	english_source_context_family_review
block:block.neapolitan.yellow_strawberry_candle_cake	sha256:b0ba5f56402296d4812fd39c4ad32612503e1f376e1a646b8ce4413820dbe559	CHANGE	/root/rescripted_registry_n_review	english_source_context_family_review
block:block.neapolitan.yellow_vanilla_candle_cake	sha256:d72964799f3202972838fcd57c8409cd986639796eda95aab75fee81c98d2710	CHANGE	/root/rescripted_registry_n_review	english_source_context_family_review
block:block.palegardenbackport.block_of_resin	sha256:da40cff5d17046939eb4ce85f4a7235025de6fbf291588c5993b9647f4142c00	PASS	/root/rescripted_registry_n_review	english_source_context_family_review
block:block.palegardenbackport.chiseled_resin_bricks	sha256:d54c5eb91fb82360afa1cc0c0f851ed2e7e5d1b72b9c26638c371878931f3509	PASS	/root/rescripted_registry_n_review	english_source_context_family_review
block:block.palegardenbackport.closed_eyeblossom	sha256:d72fe12bfca0825d52f254d3da3f34e71bc1907641d10bf8a16f60f90f602827	PASS	/root/rescripted_registry_n_review	english_source_context_family_review
block:block.palegardenbackport.creaking_heart	sha256:fe439d606eb5dba73e0326cec75fa15f192372f38a7294292db27674b41f2bbf	PASS	/root/rescripted_registry_n_review	english_source_context_family_review
block:block.palegardenbackport.open_eyeblossom	sha256:c90564c3ecbb7dc4ecabeaae0b857da8f466127e7f8684208f964867d37b8864	PASS	/root/rescripted_registry_n_review	english_source_context_family_review
block:block.palegardenbackport.pale_hanging_moss	sha256:dd00e53e2a80936c482671dba97a742fb4bef49bf91423fde2972a6283a09db2	PASS	/root/rescripted_registry_n_review	english_source_context_family_review
block:block.palegardenbackport.pale_hanging_moss_plant	sha256:22f26dc8d3937a1a110c0536b91a09f3054624a2bbfdcb158a17dcbe69ed3dbe	PASS	/root/rescripted_registry_n_review	english_source_context_family_review
block:block.palegardenbackport.pale_moss_block	sha256:65a93051784ef17e1503ff9636d062618cff8173f74817e03889a4776f9f464c	PASS	/root/rescripted_registry_n_review	english_source_context_family_review
block:block.palegardenbackport.pale_moss_carpet	sha256:bffe8c0e5c67d17d029b934899746438620e5c5103a61587c3acb80e35c5c4be	PASS	/root/rescripted_registry_n_review	english_source_context_family_review
block:block.palegardenbackport.pale_oak_button	sha256:21de6d66529be26888536c3c3b98ee7d0d30a77354871255972a995b810a9228	PASS	/root/rescripted_registry_n_review	english_source_context_family_review
block:block.palegardenbackport.pale_oak_door	sha256:5f214abba9f7e287d93cab0f7056cdb0dc940cbbef8dfd4115df23bd0030e811	PASS	/root/rescripted_registry_n_review	english_source_context_family_review
block:block.palegardenbackport.pale_oak_fence	sha256:3d0282f83887d4f243c4340db2ef4f629005a253cfac7b2d747e129a589fe730	PASS	/root/rescripted_registry_n_review	english_source_context_family_review
block:block.palegardenbackport.pale_oak_fence_gate	sha256:003c66132bf0f2eaf505765868bf92eb3f3c28b401fbe59b1ea893069406b6a3	PASS	/root/rescripted_registry_n_review	english_source_context_family_review
block:block.palegardenbackport.pale_oak_hanging_sign	sha256:dcf27596e43ffc80cb3c2626797e5bee34f1005d46098e6550df6f14302c4f1b	PASS	/root/rescripted_registry_n_review	english_source_context_family_review
block:block.palegardenbackport.pale_oak_hanging_wall_sign	sha256:55563def27a933e68dcaeec24c9c7349953d2a82cfb43de1455e9973661b2071	PASS	/root/rescripted_registry_n_review	english_source_context_family_review
block:block.palegardenbackport.pale_oak_leaves	sha256:cac3a3da1788c5c192057468908810a0b7f6322571ff675c875e706801ef7c02	PASS	/root/rescripted_registry_n_review	english_source_context_family_review
block:block.palegardenbackport.pale_oak_log	sha256:7eab896d7cadcd0c038f46a0bf26bcdb52232887023e6aa037c245915c28234c	PASS	/root/rescripted_registry_n_review	english_source_context_family_review
block:block.palegardenbackport.pale_oak_planks	sha256:68f13261d68d8c70a32c2f164279f1c565fe85e2af603463e105104fda7fb4f5	PASS	/root/rescripted_registry_n_review	english_source_context_family_review
block:block.palegardenbackport.pale_oak_pressure_plate	sha256:19204d275f8ef7e6586099cbc7429f0edda1b460456db8302ce98c50995ec32d	PASS	/root/rescripted_registry_n_review	english_source_context_family_review
block:block.palegardenbackport.pale_oak_sapling	sha256:ab945ec2e2ada31cdf1e9001b2f4120ec4d7177093910e859fb9cef37d436302	PASS	/root/rescripted_registry_n_review	english_source_context_family_review
block:block.palegardenbackport.pale_oak_sign	sha256:d7bacc2e99a2e66ebbc8783bbb06938e712ba89cddf40dd22192aeb703ffd289	PASS	/root/rescripted_registry_n_review	english_source_context_family_review
block:block.palegardenbackport.pale_oak_slab	sha256:c0ab81bfc8ce1f11754867513bfd855c600e4690965d52054ee9ae1ace8442e3	PASS	/root/rescripted_registry_n_review	english_source_context_family_review
block:block.palegardenbackport.pale_oak_stairs	sha256:dcfeee25e924e295a192a7fa09c243594770dc09de06794a4dc6cef31e466f86	PASS	/root/rescripted_registry_n_review	english_source_context_family_review
block:block.palegardenbackport.pale_oak_trapdoor	sha256:3ec73542ce4b7a0ed8f2e8a202fdf124527a06679f68019cbb788dfe755a770b	PASS	/root/rescripted_registry_n_review	english_source_context_family_review
block:block.palegardenbackport.pale_oak_wall_sign	sha256:06c417b1c71278e8bed296c0f8cb3aef4913c16d9f915d4406d1d04b6bd71d30	PASS	/root/rescripted_registry_n_review	english_source_context_family_review
block:block.palegardenbackport.pale_oak_wood	sha256:67bb0b50110051106e214dbd01b3ba1ed0ef979f5d7960ad7c9a7765d9047773	PASS	/root/rescripted_registry_n_review	english_source_context_family_review
block:block.palegardenbackport.potted_closed_eyeblossom	sha256:d39eb9983b903ec22bc1025f227c1eafe658f7c23fa7dc6e546087682d59cdb5	PASS	/root/rescripted_registry_n_review	english_source_context_family_review
block:block.palegardenbackport.potted_open_eyeblossom	sha256:57d2dc8c1889738aa8f0889916fc056d64604b72050506308baf357b4254a42d	PASS	/root/rescripted_registry_n_review	english_source_context_family_review
block:block.palegardenbackport.potted_pale_oak_sapling	sha256:72cc60cb589ee95f949727d5ae664eb8ef9a8ab41ac4ad437ba6b0d33208704c	PASS	/root/rescripted_registry_n_review	english_source_context_family_review
block:block.palegardenbackport.resin_brick_slab	sha256:31ffe5c701afaa63e934612549a8bfa9fef213aa8cfe489fbc5466d10f0601aa	PASS	/root/rescripted_registry_n_review	english_source_context_family_review
block:block.palegardenbackport.resin_brick_stairs	sha256:962f992270fbfd6211ca55e147283aec28d00a18d647956b5579416e46efb437	PASS	/root/rescripted_registry_n_review	english_source_context_family_review
block:block.palegardenbackport.resin_brick_wall	sha256:344ea4555308194b18eec823da575fdee12b8ffbeb9cc7d465cc7c825de5d772	PASS	/root/rescripted_registry_n_review	english_source_context_family_review
block:block.palegardenbackport.resin_bricks	sha256:a6b6e1590b55f7592b1f072df86951cea97d1ff9272ee0cfd519007a8ff120a7	PASS	/root/rescripted_registry_n_review	english_source_context_family_review
block:block.palegardenbackport.resin_clump	sha256:f2279a855699f88a5ed3358472b95706babc4bedf09230997e1931bdab35d6b3	PASS	/root/rescripted_registry_n_review	english_source_context_family_review
block:block.palegardenbackport.stripped_pale_oak_log	sha256:1cea123b7a7cd0b05e4210d96c12571949fb99221a11225c47e1fc7b298f138f	PASS	/root/rescripted_registry_n_review	english_source_context_family_review
block:block.palegardenbackport.stripped_pale_oak_wood	sha256:6c639497559f480aa04def137c3474b94bb81266a61878fff7d73c757593e978	PASS	/root/rescripted_registry_n_review	english_source_context_family_review
block:block.parcool.iron_zipline_hook	sha256:92c6bd7fad714deb350fcb88aaf1970be3ae88c636fab54660d841f8763f6a48	PASS	/root/rescripted_registry_n_review	english_source_context_family_review
block:block.parcool.wooden_zipline_hook	sha256:3a067364eb7207a99fae0e796c6aa12afe95daa3c95040030b7439acc2d6294c	PASS	/root/rescripted_registry_n_review	english_source_context_family_review
block:block.plushie_buddies.plushie_allay	sha256:cad8073519756d7c2880c3d3e31ce6d7b09d6f9c881f62e9280250636a07baa9	PASS	/root/rescripted_registry_n_review	english_source_context_family_review
block:block.plushie_buddies.plushie_armadillo	sha256:ba72e90c61f17d8fbca90b95cd120d317e99fec2838f3b90c7be5d868f379f7d	PASS	/root/rescripted_registry_n_review	english_source_context_family_review
block:block.plushie_buddies.plushie_axolotl	sha256:383901f67bff253ba4c19ebd249d4b1d3f32e6bbcc9338b876b119f1fbfccd26	PASS	/root/rescripted_registry_n_review	english_source_context_family_review
block:block.plushie_buddies.plushie_bat	sha256:0a5a01932bfb440ac383c0fbc56edd81e14daa8d2c0bf39b0569ab074f4268ac	PASS	/root/rescripted_registry_n_review	english_source_context_family_review
block:block.plushie_buddies.plushie_bee	sha256:e991f0ad564d972e8e6c53d86130eedbf5a4a7298d27c671378b2c9ec5d8cbb1	PASS	/root/rescripted_registry_n_review	english_source_context_family_review
block:block.plushie_buddies.plushie_blaze	sha256:07c657ea426e2b129b0ec3dd6cbed8caf9a7add760965cde21be6cd8ee5e53ae	PASS	/root/rescripted_registry_n_review	english_source_context_family_review
block:block.plushie_buddies.plushie_breeze	sha256:587010391af9841b73142eb7afea385bb677caa770e9729693028acf7edba81d	PASS	/root/rescripted_registry_n_review	english_source_context_family_review
block:block.plushie_buddies.plushie_camel	sha256:e80d982e80eae41b2e8283edde26857522bbbb4cfa63d0aad1bd0ea803197e9d	PASS	/root/rescripted_registry_n_review	english_source_context_family_review
block:block.plushie_buddies.plushie_cat	sha256:87a911bd2ccfb713dbef923fb8430246b0a583c2c448b02126518ddebb495a28	PASS	/root/rescripted_registry_n_review	english_source_context_family_review
block:block.plushie_buddies.plushie_cave_spider	sha256:6a2bad6148ff43d91e72254e74a8fd3f56a9edd831d23dc9f08d49fd65b904e6	PASS	/root/rescripted_registry_n_review	english_source_context_family_review
block:block.plushie_buddies.plushie_chewie	sha256:3c3752deeaad0b3868003b0a1a35985bf8003f8dfa38a90275a25894f543d0fd	PASS	/root/rescripted_registry_n_review	english_source_context_family_review
block:block.plushie_buddies.plushie_chicken	sha256:5a869db0f12db7364bd830f8eb97e574ca9d3b04e0c249395663a8f3d38e757a	PASS	/root/rescripted_registry_n_review	english_source_context_family_review
block:block.plushie_buddies.plushie_cow	sha256:0b29c18ef83bd9644f8cf45aac31c9de5b8833df474c2bcd8b3eb87eace2cde0	PASS	/root/rescripted_registry_n_review	english_source_context_family_review
block:block.plushie_buddies.plushie_creeper	sha256:9f7974301394a26511b6f74b2a992ddde4aeb61cd17ca2eb30d0a6805db901a6	PASS	/root/rescripted_registry_n_review	english_source_context_family_review
block:block.plushie_buddies.plushie_dan_rolo	sha256:189cee2783c2259739e4da8d62dc51e5677274ac25bd829aa30d9a1e692037e3	PASS	/root/rescripted_registry_n_review	english_source_context_family_review
block:block.plushie_buddies.plushie_dark_father	sha256:a48fd9c7e062275853ff3a449e6489d2054ec1741e2abd3c7c5e53966fb1aa57	PASS	/root/rescripted_registry_n_review	english_source_context_family_review
block:block.plushie_buddies.plushie_dolphin	sha256:c487d1493bb6333a0b20e22775cea841c0c83d9217fc6e7bd9e3fcf6a3df548b	PASS	/root/rescripted_registry_n_review	english_source_context_family_review
block:block.plushie_buddies.plushie_donkey	sha256:9df0d4023c243995814add087d075d19dfa1af82e4179fe1dd85ac3bb1901b4b	PASS	/root/rescripted_registry_n_review	english_source_context_family_review
block:block.plushie_buddies.plushie_drowned	sha256:3246da7f4d21868c4f57686822c41a2f1a4400df7ecb50fae1af58524d09d8a6	PASS	/root/rescripted_registry_n_review	english_source_context_family_review
block:block.plushie_buddies.plushie_elder_guardian	sha256:24fadf92708b469e7b9a7a1e409cae5ef25de9b81814fae6caf0c63deba636e6	PASS	/root/rescripted_registry_n_review	english_source_context_family_review
block:block.plushie_buddies.plushie_emperor	sha256:e782bb61c37bccbb2d7adcacae65b679c84c45a2285c43df124f1f3cb939d1d4	PASS	/root/rescripted_registry_n_review	english_source_context_family_review
block:block.plushie_buddies.plushie_enderdragon	sha256:427f6ad550c0eb30901c6f2cb8994d6c66ddc66da0f433455f5f45a32c493fbf	PASS	/root/rescripted_registry_n_review	english_source_context_family_review
block:block.plushie_buddies.plushie_enderman	sha256:100a6a6fef436582d6dee5533936d1124f50708017d1bfd185828bad628bb718	PASS	/root/rescripted_registry_n_review	english_source_context_family_review
block:block.plushie_buddies.plushie_evoker	sha256:bc3b93c5f28cffae4d0d1a5d641dbeae6fcab98b08a21f7b369d9ff27ef834dc	PASS	/root/rescripted_registry_n_review	english_source_context_family_review
block:block.plushie_buddies.plushie_fox	sha256:e9d247c10ca269d3673d722bed796192fce62a589515a0476f67463d89f34d18	PASS	/root/rescripted_registry_n_review	english_source_context_family_review
block:block.plushie_buddies.plushie_frog	sha256:e712d988094f64ef2c067251b935cb3f94ae6975706745d72de9e400ecddcf8c	PASS	/root/rescripted_registry_n_review	english_source_context_family_review
block:block.plushie_buddies.plushie_ghast	sha256:ac538521e43151b2b11cb1b23d97baefd026091c851ff53459977b6d68a998b9	PASS	/root/rescripted_registry_n_review	english_source_context_family_review
block:block.plushie_buddies.plushie_glow_squid	sha256:61dc73e4e0a070906aa1b53c089956dc61cf10e96634e0c82a981c867056dc5b	PASS	/root/rescripted_registry_n_review	english_source_context_family_review
block:block.plushie_buddies.plushie_goat	sha256:7dd62987b7f07dec6f089bd8bb1b697a5b996ec7bc6f9640347489c7ddc430a5	PASS	/root/rescripted_registry_n_review	english_source_context_family_review
block:block.plushie_buddies.plushie_guardian	sha256:d2c5f3318d791377388f2082d2a22bd162f36e1e155cf0cc4782c13d6ca9e75e	PASS	/root/rescripted_registry_n_review	english_source_context_family_review
block:block.plushie_buddies.plushie_hoglin	sha256:16647083d4653739e9514cb40f03601e9631efd2450d89afe0cfc01f6b8d9d8f	PASS	/root/rescripted_registry_n_review	english_source_context_family_review
block:block.plushie_buddies.plushie_horse	sha256:a937ea672eff306f8e7eaf4221b39c9f0804f37229b991eb592e3997f1b8f41c	PASS	/root/rescripted_registry_n_review	english_source_context_family_review
block:block.plushie_buddies.plushie_husk	sha256:dcf42ad0a33692338c8d07b8bb4b881ec4087a5284786f593d376c256898fe60	PASS	/root/rescripted_registry_n_review	english_source_context_family_review
block:block.plushie_buddies.plushie_iron_golem	sha256:521390c80e9669b77a87cc897f180aa88fd7e10241423e15c8192cd7937be955	PASS	/root/rescripted_registry_n_review	english_source_context_family_review
block:block.plushie_buddies.plushie_llama	sha256:29566b65f67fb49bffc325141e10b6a661cf39ddc5855de52d5f44eea2d08d37	PASS	/root/rescripted_registry_n_review	english_source_context_family_review
block:block.plushie_buddies.plushie_magma_cube	sha256:8b6addbfe61ea8b8b632b42332bab262772ca5bdc1f518f3b234bec58866f64f	PASS	/root/rescripted_registry_n_review	english_source_context_family_review
block:block.plushie_buddies.plushie_mooshroom	sha256:daa37115423280b15e3146bc44993df92e79580272824770d468b45ae1f5a33b	PASS	/root/rescripted_registry_n_review	english_source_context_family_review
block:block.plushie_buddies.plushie_mule	sha256:ebe997c67760cc1ca17b9ad6cf1050d0734f00d9688b84630c3b2c3bdda9a9d2	PASS	/root/rescripted_registry_n_review	english_source_context_family_review
block:block.plushie_buddies.plushie_panda	sha256:ace8abc8506f7f876d44f18740bc8471ce279a01cd0379fb574e7c86c381b433	PASS	/root/rescripted_registry_n_review	english_source_context_family_review
block:block.plushie_buddies.plushie_parrot	sha256:d4f7fed30aef2b96c4ce103035596803db2a439c1aa07c70ef533d14c304b5e9	PASS	/root/rescripted_registry_n_review	english_source_context_family_review
block:block.plushie_buddies.plushie_peter	sha256:55f8ecd09c344a82eec96f139377056404e32f38264120bd329b2dfa3fbca2c8	PASS	/root/rescripted_registry_n_review	english_source_context_family_review
block:block.plushie_buddies.plushie_phantom	sha256:172708dc1fcef6bbd7953228f5f65068c38bec2bb69491fc98bde61aad27dd4b	PASS	/root/rescripted_registry_n_review	english_source_context_family_review
block:block.plushie_buddies.plushie_pig	sha256:17830528e385539278106107a79fdfcfb039ef6bf1d4f5326480b3df08f3ffb0	PASS	/root/rescripted_registry_n_review	english_source_context_family_review
block:block.plushie_buddies.plushie_piglin	sha256:c7da22b46bb8ced8fe0c483c19362f0d1a033371729f4e928f73438e775ff8a8	PASS	/root/rescripted_registry_n_review	english_source_context_family_review
block:block.plushie_buddies.plushie_piglin_brute	sha256:c5c92b8e94f1a4db86d589f05bb182f4360776d6ace4dc292d4709c714191d6f	PASS	/root/rescripted_registry_n_review	english_source_context_family_review
block:block.plushie_buddies.plushie_pillager	sha256:3e9300cb69596bdd98b4032e75df17b70a601b7574fb91bfaff6eaf01a8647e2	PASS	/root/rescripted_registry_n_review	english_source_context_family_review
block:block.plushie_buddies.plushie_polar_bear	sha256:343560218d8e6be029ac6a4e54485ab94209975d5a7e9d3c4dea986fb7c3a39e	PASS	/root/rescripted_registry_n_review	english_source_context_family_review
block:block.plushie_buddies.plushie_pufferfish	sha256:c5c73de28cce46db6100c02d09a84ec2a4524d440d16af0ed9fdfad97679fb31	PASS	/root/rescripted_registry_n_review	english_source_context_family_review
block:block.plushie_buddies.plushie_rabbit	sha256:9a54e22a144c593cd15e245742dd06b6752ff00c5be714f094f6b34eedf0245e	PASS	/root/rescripted_registry_n_review	english_source_context_family_review
block:block.plushie_buddies.plushie_ravanger	sha256:14991bdbe07623e6f268e3aac46b914f1a2bd99ceb0944650730bacb6ae11e1e	PASS	/root/rescripted_registry_n_review	english_source_context_family_review
block:block.plushie_buddies.plushie_sheep	sha256:5cb91b77f378fe43ea13f4ce8ee2eea96d28aa04b1834638d210644b86536ef5	PASS	/root/rescripted_registry_n_review	english_source_context_family_review
block:block.plushie_buddies.plushie_shulker	sha256:9bfe998eea176d19099b04abb50026aa4b53f5faff5da273697cc5746c482435	PASS	/root/rescripted_registry_n_review	english_source_context_family_review
block:block.plushie_buddies.plushie_skeleton	sha256:34db910d921cdbadf4ca2a7093a8cb48b3587509c75620e19b3cb2bc9a1ac5a8	PASS	/root/rescripted_registry_n_review	english_source_context_family_review
block:block.plushie_buddies.plushie_skeleton_horse	sha256:d688c0d4de91d89aa76c0b3ad58031557868f2fc1a33a93c197de52d66de2945	PASS	/root/rescripted_registry_n_review	english_source_context_family_review
block:block.plushie_buddies.plushie_slime	sha256:1831d942df8e58e4fba6fcd392a6a86757ea782d2e35c2f76e1fd613f7fd0a47	PASS	/root/rescripted_registry_n_review	english_source_context_family_review
block:block.plushie_buddies.plushie_sniffer	sha256:9afbae351c0d991b3c56922ad7ba0d0768c913178bca843211a9127e54bee269	PASS	/root/rescripted_registry_n_review	english_source_context_family_review
block:block.plushie_buddies.plushie_spider	sha256:21acfa3553400ddd410372f8ca4b8f466725fae644395a173edd138813bb3bc2	PASS	/root/rescripted_registry_n_review	english_source_context_family_review
block:block.plushie_buddies.plushie_squid	sha256:bfb3e1e12b9e79b5e83637e78c7b9392a973ef06e5e2b8edd0d1d1a58c9927f1	PASS	/root/rescripted_registry_n_review	english_source_context_family_review
block:block.plushie_buddies.plushie_storm_soldier	sha256:b864c7cfc49c37ba7f5d5cd1b99a631366d441cd76388aeff5361566f71752cd	PASS	/root/rescripted_registry_n_review	english_source_context_family_review
block:block.plushie_buddies.plushie_stray	sha256:189fdb7ed667b7ebab832a8e85d5738dcfe263f27f28039982dd628da8fc22ee	PASS	/root/rescripted_registry_n_review	english_source_context_family_review
block:block.plushie_buddies.plushie_strider	sha256:34f106542ebf00de00fa6bfbb1291774dfb50678953d079426239025f21d23dd	PASS	/root/rescripted_registry_n_review	english_source_context_family_review
block:block.plushie_buddies.plushie_trader_lama	sha256:a8070edb2863c1c02eb99a8a800e52b9a7adf08f02f9d598fd5b8e0759c92b04	PASS	/root/rescripted_registry_n_review	english_source_context_family_review
block:block.plushie_buddies.plushie_turtle	sha256:16360fa8017289de8ab3710e3699c7d9af03cd133e4ec1bdf26833eabfa67a9a	PASS	/root/rescripted_registry_n_review	english_source_context_family_review
block:block.plushie_buddies.plushie_vex	sha256:f424e1346daf0608d45d906c61b0ee1a579b47d70f9e780bcb975e11fd73b366	PASS	/root/rescripted_registry_n_review	english_source_context_family_review
block:block.plushie_buddies.plushie_villager	sha256:8c4fbc1434ac24b1d6aff73fe4b4bdd104e6737fe58523abdbf90f6448085685	PASS	/root/rescripted_registry_n_review	english_source_context_family_review
block:block.plushie_buddies.plushie_vindicator	sha256:c7ca55511d2692626218d72b8d1157499a711377511f569d7f45cfacb5386774	PASS	/root/rescripted_registry_n_review	english_source_context_family_review
block:block.plushie_buddies.plushie_wandering_trader	sha256:dc00f8a885cc6c1884886dd7b39465b742211d5030b1939d5ae37ec7e2a41ca6	PASS	/root/rescripted_registry_n_review	english_source_context_family_review
block:block.plushie_buddies.plushie_warden	sha256:5eeff64370df230246441def6022602b5169363ba48a6df3c4edfa25b043bfdc	PASS	/root/rescripted_registry_n_review	english_source_context_family_review
block:block.plushie_buddies.plushie_witch	sha256:42af8154616cf07e960991fc6bb84d2be6d782b038b8870206639c51efc0058c	PASS	/root/rescripted_registry_n_review	english_source_context_family_review
block:block.plushie_buddies.plushie_wither	sha256:d780dbbb380537d74116b99eab2c1008d9513c1a7501c2074df521397469e408	PASS	/root/rescripted_registry_n_review	english_source_context_family_review
block:block.plushie_buddies.plushie_wither_skeleton	sha256:b3e736b015bb5a5df54864b869edd801b07f56b8691fff3c75b4ad2a6b50d512	PASS	/root/rescripted_registry_n_review	english_source_context_family_review
block:block.plushie_buddies.plushie_wolf	sha256:bbbe733c45876201b4ffd3bd35185fad1e263c001051b021da77739f930ddb9b	PASS	/root/rescripted_registry_n_review	english_source_context_family_review
block:block.plushie_buddies.plushie_yoga	sha256:4b05435289d13c6dfd086fc185f5fa3107a88f6e8a71bc98faa761f6357e92ca	PASS	/root/rescripted_registry_n_review	english_source_context_family_review
block:block.plushie_buddies.plushie_zoglin	sha256:7546dca62eb602b40f9c44bc9085026b2cd0caa121dc4995d10e35a92f08fcbf	PASS	/root/rescripted_registry_n_review	english_source_context_family_review
block:block.plushie_buddies.plushie_zombie	sha256:be64cc8ba470b7453ef1086b30f70466db809df53841389029117c76786c031d	PASS	/root/rescripted_registry_n_review	english_source_context_family_review
block:block.plushie_buddies.plushie_zombie_villager	sha256:f7ca7c28ea01aeb0bd7a78c5e6179553ece4e469c70e88f8898862c4a56b0b11	PASS	/root/rescripted_registry_n_review	english_source_context_family_review
block:block.plushie_buddies.plushie_zombified_piglin	sha256:1d5d0adc065304131e7d85d1a6d03922cc3d6ade6609af52334c3752c9067bde	PASS	/root/rescripted_registry_n_review	english_source_context_family_review
block:block.plushie_buddies.workbench	sha256:12a193c2d8c0512771d75d2d94a84323b987479e0cccfcbfc1a20b0881b7713c	PASS	/root/rescripted_registry_n_review	english_source_context_family_review
block:block.refurbished_furniture.acacia_basin	sha256:5be155d7c6193e284e99906d5089f858f47effcd4dbc003fbd0bdfc160a31b02	PASS	/root/rescripted_registry_n_review	english_source_context_family_review
block:block.refurbished_furniture.acacia_bath	sha256:fccbbc768c2664ec11bcb9466afde26dade8754651d0bb82b76ba594949f9258	PASS	/root/rescripted_registry_n_review	english_source_context_family_review
block:block.refurbished_furniture.acacia_chair	sha256:165041ab2dc7d71b2ffefca37a4584fa7014ebdfd274cdb7803d1a0b9b6a5198	PASS	/root/rescripted_registry_n_review	english_source_context_family_review
block:block.refurbished_furniture.acacia_crate	sha256:13a25b5849e25a54f14349b0f44ec143e80e0ad4a89d49ba4a0728f9f651e71a	PASS	/root/rescripted_registry_n_review	english_source_context_family_review
block:block.refurbished_furniture.acacia_cutting_board	sha256:b2e2b7aa15d009621cc86cbe33b2f8f7ba4970e89b13ef21b0b3b6bd2cba60b8	PASS	/root/rescripted_registry_n_review	english_source_context_family_review
block:block.refurbished_furniture.acacia_dark_ceiling_fan	sha256:b38da3cb1f78171dd3af2f8244fc1a4cf5f7d4e78f811adea95ca3948168337f	PASS	/root/rescripted_registry_n_review	english_source_context_family_review
block:block.refurbished_furniture.acacia_desk	sha256:d05891f9987fa08920f62368e6f38506eeccbc6d16854888f18b111e9d6b1a22	PASS	/root/rescripted_registry_n_review	english_source_context_family_review
block:block.refurbished_furniture.acacia_drawer	sha256:219c63a9497defc3778f02f414f8ece29eb09ec9027b428c7057095454a88930	PASS	/root/rescripted_registry_n_review	english_source_context_family_review
block:block.refurbished_furniture.acacia_hedge	sha256:422e5cbfc4c38d70fe8d8b950e7a9711598d52939e5500c4ed3958d0df48f6f7	PASS	/root/rescripted_registry_n_review	english_source_context_family_review
block:block.refurbished_furniture.acacia_kitchen_cabinetry	sha256:68349675e9eceec5d07db121ceb00712ddf31b580ed23b07ffe509ff278f0bd5	PASS	/root/rescripted_registry_n_review	english_source_context_family_review
block:block.refurbished_furniture.acacia_kitchen_drawer	sha256:5b4dd3ea12057b6da91f1c9ebdefe561d41b3f2fef7af5e8ae587f8c98ab08c5	PASS	/root/rescripted_registry_n_review	english_source_context_family_review
block:block.refurbished_furniture.acacia_kitchen_sink	sha256:674a0337d1ff04f03c0e3d3ab9074f9f5a2125b313c832b1eed8d41df639e5b2	PASS	/root/rescripted_registry_n_review	english_source_context_family_review
block:block.refurbished_furniture.acacia_kitchen_storage_cabinet	sha256:2f48f629ce95940231d0dc8c615a23479e896804af3612fbeff2781f5243881e	PASS	/root/rescripted_registry_n_review	english_source_context_family_review
block:block.refurbished_furniture.acacia_lattice_fence	sha256:9941356a601c70e94fc7824fa8a39104ab535ae1f518fe4689374ddb26af5f28	PASS	/root/rescripted_registry_n_review	english_source_context_family_review
block:block.refurbished_furniture.acacia_lattice_fence_gate	sha256:7444f4d23791d98b0835226ea8560670f1fa1396911d38033c589731887ac019	PASS	/root/rescripted_registry_n_review	english_source_context_family_review
block:block.refurbished_furniture.acacia_light_ceiling_fan	sha256:e0d52aef7f8ec1dd57b030ce4f871a3fc3062b358a7b3fb3cf48c1050465d4a0	PASS	/root/rescripted_registry_n_review	english_source_context_family_review
block:block.refurbished_furniture.acacia_mail_box	sha256:1edec782c00c9b796d3768da5687db55a2d4d5a4f4ddf9bda990333ce8d44f20	PASS	/root/rescripted_registry_n_review	english_source_context_family_review
block:block.refurbished_furniture.acacia_storage_cabinet	sha256:8b4015d82ae92374fccb09a9933cd9e6c17d2a18167ed11d9c08567cc1853bd5	PASS	/root/rescripted_registry_n_review	english_source_context_family_review
block:block.refurbished_furniture.acacia_storage_jar	sha256:eb6cbfa1b30ece8836b7619de1c825b158b991c6735006618c7d0ee631e757e4	PASS	/root/rescripted_registry_n_review	english_source_context_family_review
block:block.refurbished_furniture.acacia_table	sha256:a23b9e709f1113d9d35e51c351553b320e817c2349aac553670b9f69107cebe6	PASS	/root/rescripted_registry_n_review	english_source_context_family_review
block:block.refurbished_furniture.acacia_toilet	sha256:47e9d915d73f61b633995f80e53ed933def17bffda4425ec7392b157b38ae393	PASS	/root/rescripted_registry_n_review	english_source_context_family_review
block:block.refurbished_furniture.andesite_stepping_stones	sha256:f47d5623a29b9e36bc066f05a12c6002a190412bb5ce3ed0113883d22de57bb4	PASS	/root/rescripted_registry_n_review	english_source_context_family_review
block:block.refurbished_furniture.azalea_hedge	sha256:aae86d9d0001a94afb4bf3a616b5abb7fbea0bc039dcd91aded938acbc055c53	PASS	/root/rescripted_registry_n_review	english_source_context_family_review
block:block.refurbished_furniture.birch_basin	sha256:f30fabbb61d8b1218eea571716538348334877a3ca385c5ba355f7e1c6b54e44	PASS	/root/rescripted_registry_n_review	english_source_context_family_review
block:block.refurbished_furniture.birch_bath	sha256:59d23ce55d8a4b00a4e6202e14ff3c287780d1cab302a98a1c3e8b78bcb6ce8b	PASS	/root/rescripted_registry_n_review	english_source_context_family_review
block:block.refurbished_furniture.birch_chair	sha256:1cf891df1dd2b5bafa657796ad2c062b0acebe8cf4e6d288a7a6ee6dfa639e30	PASS	/root/rescripted_registry_n_review	english_source_context_family_review
block:block.refurbished_furniture.birch_crate	sha256:4eb5531d3e8c6ea2c3af16b82e787654fb96487628d986a6d08d7a5c97999288	PASS	/root/rescripted_registry_n_review	english_source_context_family_review
block:block.refurbished_furniture.birch_cutting_board	sha256:69fb173edf0de68c0d9acc5139c9b66ce942a55bedc9ed5f5e191db85200cd88	PASS	/root/rescripted_registry_n_review	english_source_context_family_review
block:block.refurbished_furniture.birch_dark_ceiling_fan	sha256:3846bb522f4a766bea81530bc4dead1bf4d65c0b00f72ea430a80e553e80dad2	PASS	/root/rescripted_registry_n_review	english_source_context_family_review
block:block.refurbished_furniture.birch_desk	sha256:47373244c3534f15e446414a948d1653b0c122eb374729e1d4d25d6b9db39fcf	PASS	/root/rescripted_registry_n_review	english_source_context_family_review
block:block.refurbished_furniture.birch_drawer	sha256:0d81e2dd3db6e664ea989d96a0e61eb9009c07e13986f4df9088862d29b31170	PASS	/root/rescripted_registry_n_review	english_source_context_family_review
block:block.refurbished_furniture.birch_hedge	sha256:279c21899d867c7eee09f56923a241e943435bb7c3394f95734a5e596a60cd5e	PASS	/root/rescripted_registry_n_review	english_source_context_family_review
block:block.refurbished_furniture.birch_kitchen_cabinetry	sha256:001ee7df44bae34c2b93b08a7ecef6742d71e6477bb876c5a30cb49c466d80c2	PASS	/root/rescripted_registry_n_review	english_source_context_family_review
block:block.refurbished_furniture.birch_kitchen_drawer	sha256:278ef3387f3b9357f2dc87670de32a1e50ccd6f3732259032ae237af79e28ff2	PASS	/root/rescripted_registry_n_review	english_source_context_family_review
block:block.refurbished_furniture.birch_kitchen_sink	sha256:273878857e96c63ef95baa6436847dbb6f03692a6fe43838254bdb69f4645057	PASS	/root/rescripted_registry_n_review	english_source_context_family_review
block:block.refurbished_furniture.birch_kitchen_storage_cabinet	sha256:139cca25bb7a80caa98bf96c8c855b7b6dccc923919c5f4d6d6bc9c6094949af	PASS	/root/rescripted_registry_n_review	english_source_context_family_review
block:block.refurbished_furniture.birch_lattice_fence	sha256:a633dd908ff65e9e75daa63c60bdf90194d68ca6e1273b40e8a11d28aeb96acf	PASS	/root/rescripted_registry_n_review	english_source_context_family_review
block:block.refurbished_furniture.birch_lattice_fence_gate	sha256:32ca70884215d0ed954270869b768dee03ac9691a3855e94d43310dc0c3e1c36	PASS	/root/rescripted_registry_n_review	english_source_context_family_review
block:block.refurbished_furniture.birch_light_ceiling_fan	sha256:aec2fe8a0ca42e9c88f0b552fec20ccfb87c650f58c34917a9201b353da82f6d	PASS	/root/rescripted_registry_n_review	english_source_context_family_review
block:block.refurbished_furniture.birch_mail_box	sha256:ebb22f811e030489158bb0426b17eada9d11a21214984a25b25ed0608720c04f	PASS	/root/rescripted_registry_n_review	english_source_context_family_review
block:block.refurbished_furniture.birch_storage_cabinet	sha256:887c4d9cc095011f031585ec011e1d949070fc082727b52759fd4b3497d6c878	PASS	/root/rescripted_registry_n_review	english_source_context_family_review
block:block.refurbished_furniture.birch_storage_jar	sha256:392b0f4fd424370bf12adcf65d92f561ae56be53d3c6a9381707dc0793b21e09	PASS	/root/rescripted_registry_n_review	english_source_context_family_review
block:block.refurbished_furniture.birch_table	sha256:6cd8d030cf05a22ef446acc8a79e4a6b8216427bf5158e7443202016336be237	PASS	/root/rescripted_registry_n_review	english_source_context_family_review
block:block.refurbished_furniture.birch_toilet	sha256:0f29206c7bbbe050b76945c124ec73b9c2f92128aabae63d5a630a551e95f61a	PASS	/root/rescripted_registry_n_review	english_source_context_family_review
block:block.refurbished_furniture.black_basin	sha256:63df1e7b1cd6e6727f74fa5afd90fa48e1d0518c09d591c867aab57d98fcd3fb	PASS	/root/rescripted_registry_n_review	english_source_context_family_review
block:block.refurbished_furniture.black_bath	sha256:de9111331afef5cbca5f2226deac122aecbc7e557e86ef23d0eabaf5338fe42d	PASS	/root/rescripted_registry_n_review	english_source_context_family_review
block:block.refurbished_furniture.black_cooler	sha256:7a06d340184bd81c2ffdbc6c79af1c79b3d49bcc7579d875c77174a0bc20b131	PASS	/root/rescripted_registry_n_review	english_source_context_family_review
block:block.refurbished_furniture.black_grill	sha256:8cbffbcd502bc9f1aeb2032bbfeaac3f04da4a22823a69c69ef42c48e63b6cb4	PASS	/root/rescripted_registry_n_review	english_source_context_family_review
block:block.refurbished_furniture.black_kitchen_cabinetry	sha256:9d599bd792638232bfaf359bfbec3b324325c4635e8d0724443d7320ae648956	PASS	/root/rescripted_registry_n_review	english_source_context_family_review
block:block.refurbished_furniture.black_kitchen_drawer	sha256:7a97457b8877ba0256046a280fc3e9b58c1e4bd2c69c51ad1d1f5f898482bbc2	PASS	/root/rescripted_registry_n_review	english_source_context_family_review
block:block.refurbished_furniture.black_kitchen_sink	sha256:9fcea2565c6e2682e283595ce0db6e7457ec38f4d4962ef906ff8afecff8296f	PASS	/root/rescripted_registry_n_review	english_source_context_family_review
block:block.refurbished_furniture.black_kitchen_storage_cabinet	sha256:b3369f7aa607e77ab7dfadffa3205b80fc1fe6577db9a18ffecf66597de3e3f2	PASS	/root/rescripted_registry_n_review	english_source_context_family_review
block:block.refurbished_furniture.black_lamp	sha256:9da415ce5ce2f1f259e1dd87cfc28d70ccd3489c29b34a698e4ba2dfdb627f60	PASS	/root/rescripted_registry_n_review	english_source_context_family_review
block:block.refurbished_furniture.black_sofa	sha256:f0fadbe05218980bc5b33117255673e612dba937c60efc2937a9685e09a1253e	PASS	/root/rescripted_registry_n_review	english_source_context_family_review
block:block.refurbished_furniture.black_stool	sha256:c2a9752ff75690576679dc6ef01a7f3d9249aa9b07140c9758f6138bceceea20	PASS	/root/rescripted_registry_n_review	english_source_context_family_review
block:block.refurbished_furniture.black_toilet	sha256:ea89c71b61872a5f449c47656f70fcc55f5aa536927ef2591b699f5340693df2	PASS	/root/rescripted_registry_n_review	english_source_context_family_review
block:block.refurbished_furniture.black_trampoline	sha256:9c315967da231cc14562718fedc98c9903473cb26e97d7680871498f00754bc4	PASS	/root/rescripted_registry_n_review	english_source_context_family_review
block:block.refurbished_furniture.blue_basin	sha256:24ae1df5bce6c50ca17bdbc3b5a9dfbd75d011289d66e0e1ef673c5792423f59	PASS	/root/rescripted_registry_n_review	english_source_context_family_review
block:block.refurbished_furniture.blue_bath	sha256:1aa7d3bc8fd88ee9a55b3482ec984d5e940e5944ea3e96d07e75fd27989297eb	PASS	/root/rescripted_registry_n_review	english_source_context_family_review
block:block.refurbished_furniture.blue_cooler	sha256:ac0b7a3ea1fef6deb2cbab9d7f1f2abdaaac42720f811456ed80619498e309ca	PASS	/root/rescripted_registry_n_review	english_source_context_family_review
block:block.refurbished_furniture.blue_grill	sha256:bba81b40bc49c87728a539fca6a8b6725763aa368c5a46ea8af33ec847452625	PASS	/root/rescripted_registry_n_review	english_source_context_family_review
block:block.refurbished_furniture.blue_kitchen_cabinetry	sha256:a8592d4ea4987484ca6e4edec9e315d5bf59cf83c7a6e5879eb44986c63ce2cd	PASS	/root/rescripted_registry_n_review	english_source_context_family_review
block:block.refurbished_furniture.blue_kitchen_drawer	sha256:0f25cc52d9f4ed386fe5cd2f08460b22fc93c68045c5cce8cebcb110f490b6e7	PASS	/root/rescripted_registry_n_review	english_source_context_family_review
block:block.refurbished_furniture.blue_kitchen_sink	sha256:f980ee31ef3dffa383cf70bd5f43feb3cdd9e6d71f6eaea0770109fcdb759fde	PASS	/root/rescripted_registry_n_review	english_source_context_family_review
block:block.refurbished_furniture.blue_kitchen_storage_cabinet	sha256:e701dcc0101072363ef336e0efaebcdd66e1efc9d3e610781360ecf577c3f209	PASS	/root/rescripted_registry_n_review	english_source_context_family_review
block:block.refurbished_furniture.blue_lamp	sha256:e2105d7e78df339c49a491f77e1affd1e86e645a48f046677466593a86275a98	PASS	/root/rescripted_registry_n_review	english_source_context_family_review
block:block.refurbished_furniture.blue_sofa	sha256:14b5adb4645b6ffd0ada95430fa17789ca4e02b1cef11187eccb7abeccb096d7	PASS	/root/rescripted_registry_n_review	english_source_context_family_review
block:block.refurbished_furniture.blue_stool	sha256:8b62eb82ed82472e14d9af7b20b6480602b021aa27e910f34887e1f6d75db85a	PASS	/root/rescripted_registry_n_review	english_source_context_family_review
block:block.refurbished_furniture.blue_toilet	sha256:04612d59985f92b87677b1eb7f88c7612a07cb81d919ad02b2fdd828035ea8d9	PASS	/root/rescripted_registry_n_review	english_source_context_family_review
block:block.refurbished_furniture.blue_trampoline	sha256:5611df68ea2962d8af34232d3ac9d66d3ad520f92190ee63c8c08f88df607542	PASS	/root/rescripted_registry_n_review	english_source_context_family_review
block:block.refurbished_furniture.brown_basin	sha256:a1a65ae7880c5877438c6a0bbb187d745c0a07f43205201c7c5969e3d9a6e13a	PASS	/root/rescripted_registry_n_review	english_source_context_family_review
block:block.refurbished_furniture.brown_bath	sha256:9a8d43187811e334a28e0620e9b5133e6c6e4699a3f3056af31357d7eb7aed83	PASS	/root/rescripted_registry_n_review	english_source_context_family_review
block:block.refurbished_furniture.brown_cooler	sha256:2784c42c19bde046602a5f3cea75bed40567f2668911bdf659a4f0604899f33b	PASS	/root/rescripted_registry_n_review	english_source_context_family_review
block:block.refurbished_furniture.brown_grill	sha256:2bcce20cb9a66e3a90bf8adf62a7a5f7372235e13f0ae68ac0aa7943c7962a4b	PASS	/root/rescripted_registry_n_review	english_source_context_family_review
block:block.refurbished_furniture.brown_kitchen_cabinetry	sha256:745ceda0efb3a1030bbd348bdb48054e8267d57e2309e0433a7cc469b062ec47	PASS	/root/rescripted_registry_n_review	english_source_context_family_review
block:block.refurbished_furniture.brown_kitchen_drawer	sha256:784bf9c52d6df4a4acb5ad4e8d7af9a67a4f5eb7555339bf55a85548c1480ba6	PASS	/root/rescripted_registry_n_review	english_source_context_family_review
block:block.refurbished_furniture.brown_kitchen_sink	sha256:f363215a38c745b86f97e181d9ca22371710250215ec66a0b6264543d9b0f722	PASS	/root/rescripted_registry_n_review	english_source_context_family_review
block:block.refurbished_furniture.brown_kitchen_storage_cabinet	sha256:742b7dc769e15b76a2da0f292c4881ea3ba05b990b5c66aaeefbfe9b33dad7e8	PASS	/root/rescripted_registry_n_review	english_source_context_family_review
block:block.refurbished_furniture.brown_lamp	sha256:53e3ff80ad34dca511fb9bf003bacabc4ef2be366e741b489fa927ede9c59fac	PASS	/root/rescripted_registry_n_review	english_source_context_family_review
block:block.refurbished_furniture.brown_sofa	sha256:0f1ab7cfd8276fa9050128eb58a104387bd359c280d22af51bf80a813f7089f0	PASS	/root/rescripted_registry_n_review	english_source_context_family_review
block:block.refurbished_furniture.brown_stool	sha256:4b88394f32597b9280ee210da27377c3ffe7fbd029d907d9c07085b61b421645	PASS	/root/rescripted_registry_n_review	english_source_context_family_review
block:block.refurbished_furniture.brown_toilet	sha256:f3ddd14e73c843de77908cb4cc77eddd0f2dec074d8020602ce8242649c38606	PASS	/root/rescripted_registry_n_review	english_source_context_family_review
block:block.refurbished_furniture.brown_trampoline	sha256:ff6f6131088a77f66c2e7c081fc99c45382ac7bdf5393f62cc96fccc21ddf041	PASS	/root/rescripted_registry_n_review	english_source_context_family_review
block:block.refurbished_furniture.cherry_basin	sha256:d5eb8f69edbb97af76a9beb317912c416a53661a3fcc01b4b79969e0fdba3b0b	PASS	/root/rescripted_registry_n_review	english_source_context_family_review
block:block.refurbished_furniture.cherry_bath	sha256:1668cd2b71525dc4fcf54c4af695cfd878d076ee988c8a044180cba1a93e3423	PASS	/root/rescripted_registry_n_review	english_source_context_family_review
block:block.refurbished_furniture.cherry_chair	sha256:c30229552baa002c5a8f8a10b247595fabf0b7a969d0d55412d38fa60468104f	PASS	/root/rescripted_registry_n_review	english_source_context_family_review
block:block.refurbished_furniture.cherry_crate	sha256:41709cdb3857f077807fd5a9aa7c36fc5ddb17f37e742a2c11a06dec648677da	PASS	/root/rescripted_registry_n_review	english_source_context_family_review
block:block.refurbished_furniture.cherry_cutting_board	sha256:76fc5887ebbc0b9751e3b1f0d277a1233c62ebc8a892ec4f3fc2e122b22081db	PASS	/root/rescripted_registry_n_review	english_source_context_family_review
block:block.refurbished_furniture.cherry_dark_ceiling_fan	sha256:fba56594c03f1feb430e76416b16d4aca1e4074aa8ec91a47029d4face9fa90f	PASS	/root/rescripted_registry_n_review	english_source_context_family_review
block:block.refurbished_furniture.cherry_desk	sha256:29f7d90fc8da9ca6a7a19995d64eceba74abd64282833c8ccd84f5207624d202	PASS	/root/rescripted_registry_n_review	english_source_context_family_review
block:block.refurbished_furniture.cherry_drawer	sha256:eb926c4158e8e9afa4b326e7923599e384f9f02571f6014f1e93ca566edffdd6	PASS	/root/rescripted_registry_n_review	english_source_context_family_review
block:block.refurbished_furniture.cherry_hedge	sha256:9391cca601ad38d762c8022e836cd8e455c0d4472b8bd6ca6f5592934d8b3b75	PASS	/root/rescripted_registry_n_review	english_source_context_family_review
block:block.refurbished_furniture.cherry_kitchen_cabinetry	sha256:b976ba1261c879366a2a55fbd5a4d02ffc542a186625f54c189135d4099017c4	PASS	/root/rescripted_registry_n_review	english_source_context_family_review
block:block.refurbished_furniture.cherry_kitchen_drawer	sha256:b2ba9dff8d82142cbdd8debebecc7e24d2eed06cb313d3e830f702d97bf6b748	PASS	/root/rescripted_registry_n_review	english_source_context_family_review
block:block.refurbished_furniture.cherry_kitchen_sink	sha256:5dfeac20c98feed6f4530fff329d8545f7ed78627e0adb4dce076168b4cd372a	PASS	/root/rescripted_registry_n_review	english_source_context_family_review
block:block.refurbished_furniture.cherry_kitchen_storage_cabinet	sha256:b152d37946d6b1c8474fc68348e40eb4b2b3281c64df8be9c4debd6674eee044	PASS	/root/rescripted_registry_n_review	english_source_context_family_review
block:block.refurbished_furniture.cherry_lattice_fence	sha256:f11bdf5123a98f3daeec3d0ea0802aa47a24c4e501f5812aa329634bd960967c	PASS	/root/rescripted_registry_n_review	english_source_context_family_review
block:block.refurbished_furniture.cherry_lattice_fence_gate	sha256:9b07405122cfad035547dcfd4fa0caaa8ee7fcab92b2904d03dc8571097eae18	PASS	/root/rescripted_registry_n_review	english_source_context_family_review
block:block.refurbished_furniture.cherry_light_ceiling_fan	sha256:4e89dc284eb2478f6130fe67a52f9644caef1c699ab8c3149457529628a5032b	PASS	/root/rescripted_registry_n_review	english_source_context_family_review
block:block.refurbished_furniture.cherry_mail_box	sha256:20fd92d8bacce26f8d78da738b852b3fe1fa1beb2b08133518cccf66a1a41c24	PASS	/root/rescripted_registry_n_review	english_source_context_family_review
block:block.refurbished_furniture.cherry_storage_cabinet	sha256:fbd414d09b0bb6358298cdd7f996938f076c1f2117c66fb37c9a6b4efea081cf	PASS	/root/rescripted_registry_n_review	english_source_context_family_review
block:block.refurbished_furniture.cherry_storage_jar	sha256:2cb7714a83f5f578c534f9060132fa9aef3f369fc13d819e8958b9eb4ebdf05b	PASS	/root/rescripted_registry_n_review	english_source_context_family_review
block:block.refurbished_furniture.cherry_table	sha256:a366ad9e5556a1539eda683875a841eb26ca16eda4d4fed20a54453fb1a56c47	PASS	/root/rescripted_registry_n_review	english_source_context_family_review
block:block.refurbished_furniture.cherry_toilet	sha256:c860e856cf95d18be37dfb25989d582cc4bb751ae8dae3af10e445d8e1a58a13	PASS	/root/rescripted_registry_n_review	english_source_context_family_review
block:block.refurbished_furniture.computer	sha256:76ed42d22129dc354362704eb4b54208041b68736f976932aada43bc0035f7c0	PASS	/root/rescripted_registry_n_review	english_source_context_family_review
block:block.refurbished_furniture.crimson_basin	sha256:4d23146e4a4486d979faa1f816bca6f53979c6975cd680be7dd35ac8adab2779	PASS	/root/rescripted_registry_n_review	english_source_context_family_review
block:block.refurbished_furniture.crimson_bath	sha256:21110573ddf7d8ed3a1f65bc2409298a8e6e769bceacf35155f4454d54110ca2	PASS	/root/rescripted_registry_n_review	english_source_context_family_review
block:block.refurbished_furniture.crimson_chair	sha256:7aa9672e8d23d4448a5e14b344de698ff30b27d6e81be602496262606fd68038	PASS	/root/rescripted_registry_n_review	english_source_context_family_review
block:block.refurbished_furniture.crimson_crate	sha256:5488893a6ea3e0e88819fc150b18e79c371174c2f2411ed62d3428429de17b0d	PASS	/root/rescripted_registry_n_review	english_source_context_family_review
block:block.refurbished_furniture.crimson_cutting_board	sha256:63aa24443d93fd8193bd7d2edd7f8bd9273c34853d27f657df7234dd6601e0cc	PASS	/root/rescripted_registry_n_review	english_source_context_family_review
block:block.refurbished_furniture.crimson_dark_ceiling_fan	sha256:51405d4b1b3e7bd2b14edfe0a52081c635e074d8285a77c79db609e9e3a85dfd	PASS	/root/rescripted_registry_n_review	english_source_context_family_review
block:block.refurbished_furniture.crimson_desk	sha256:21b6d691368359bc6834d59059dfd1c6572009325934eac00fb79bc98f4915dd	PASS	/root/rescripted_registry_n_review	english_source_context_family_review
block:block.refurbished_furniture.crimson_drawer	sha256:b3479d089db4a1a34ae9483579a5a3ca57265e7e3c84ef6efb15e8c96f7e21f0	PASS	/root/rescripted_registry_n_review	english_source_context_family_review
block:block.refurbished_furniture.crimson_kitchen_cabinetry	sha256:fea32cd666a089c01cb790b7d8cf33752adc4642ad7711d6a49758e679156a94	PASS	/root/rescripted_registry_n_review	english_source_context_family_review
block:block.refurbished_furniture.crimson_kitchen_drawer	sha256:b53bd2502806eaca0108a4e2bb931549a70c80c6ecc9119fb5794c7575d31516	PASS	/root/rescripted_registry_n_review	english_source_context_family_review
block:block.refurbished_furniture.crimson_kitchen_sink	sha256:3adbe7a1b36a9d015885801f294a79d9f42e63350408b11adad3ea69f1d3e08f	PASS	/root/rescripted_registry_n_review	english_source_context_family_review
block:block.refurbished_furniture.crimson_kitchen_storage_cabinet	sha256:01975f79bcfd82a6e6365d2622e66afe8227a092d573a0d4af083a8c4e39e18e	PASS	/root/rescripted_registry_n_review	english_source_context_family_review
block:block.refurbished_furniture.crimson_lattice_fence	sha256:bf4a9ee5dfa992d0fa01165e357f698a08b428aafe4760c69c464aa0da26974f	PASS	/root/rescripted_registry_n_review	english_source_context_family_review
block:block.refurbished_furniture.crimson_lattice_fence_gate	sha256:787fe293e89468fb36a88a7ca2de3a745ab1ca14f32c6809961d567e0aa07296	PASS	/root/rescripted_registry_n_review	english_source_context_family_review
block:block.refurbished_furniture.crimson_light_ceiling_fan	sha256:f558515bbd0fd1bbb1a065d7d74aaa619e18c99179df958d5a417c6ee0b86185	PASS	/root/rescripted_registry_n_review	english_source_context_family_review
block:block.refurbished_furniture.crimson_mail_box	sha256:959bfe71e4983074065fedac63c56b84ed21320d713bad594ce6fc6632bb6fe4	PASS	/root/rescripted_registry_n_review	english_source_context_family_review
block:block.refurbished_furniture.crimson_storage_cabinet	sha256:755cf16f35727443202516423b36cbb379176d5717085489d27a4242b5fa8a54	PASS	/root/rescripted_registry_n_review	english_source_context_family_review
block:block.refurbished_furniture.crimson_storage_jar	sha256:d628847ad5ee25f407b0aa1531067f3d150774862ead3bd31d73144c28270b9c	PASS	/root/rescripted_registry_n_review	english_source_context_family_review
block:block.refurbished_furniture.crimson_table	sha256:3fa9d9b9458f1d9c2b6d66ab098737de9ca62ece06f7b93f9b06140a0be9785c	PASS	/root/rescripted_registry_n_review	english_source_context_family_review
block:block.refurbished_furniture.crimson_toilet	sha256:30d4c4a90dcfd002dba4a529acb6d88cf06be992a126eed1a9af7d70037edff5	PASS	/root/rescripted_registry_n_review	english_source_context_family_review
block:block.refurbished_furniture.cyan_basin	sha256:7220947ec30ea0da3a884d85cf1cc677fbd69ab5b1a6143e259d0b0b626fff0d	PASS	/root/rescripted_registry_n_review	english_source_context_family_review
block:block.refurbished_furniture.cyan_bath	sha256:b96401434ce4aa2e74a4c4003292941a7958a0dc2db1e7f2dd3805948bf15b89	PASS	/root/rescripted_registry_n_review	english_source_context_family_review
block:block.refurbished_furniture.cyan_cooler	sha256:de87c17cb40f09e2e3bb94000152535e4c497008410192b0f59d535c79bd0e42	PASS	/root/rescripted_registry_n_review	english_source_context_family_review
block:block.refurbished_furniture.cyan_grill	sha256:23423d4c5ea07b0320592190c0add8950787756af63a11a4f8b1d644f7c7222d	PASS	/root/rescripted_registry_n_review	english_source_context_family_review
block:block.refurbished_furniture.cyan_kitchen_cabinetry	sha256:a03e76d86c2286070cdd6f101f7d78a8598490da967f1050e77c6b70b7f2a1d5	PASS	/root/rescripted_registry_n_review	english_source_context_family_review
block:block.refurbished_furniture.cyan_kitchen_drawer	sha256:83c53849bf6f5812e453758ff72b2ed44c8b07f6c0b853bf7602392be7e076fd	PASS	/root/rescripted_registry_n_review	english_source_context_family_review
block:block.refurbished_furniture.cyan_kitchen_sink	sha256:b6051a10d4a1e614f6e7dc35d33e495c87432fc9308bdba403ea4f70620f6801	PASS	/root/rescripted_registry_n_review	english_source_context_family_review
block:block.refurbished_furniture.cyan_kitchen_storage_cabinet	sha256:c4cd3c3facfc43a60834fdc69029ae73aff48b7f2c0e425b90d0199956a4cfd1	PASS	/root/rescripted_registry_n_review	english_source_context_family_review
block:block.refurbished_furniture.cyan_lamp	sha256:b1e2b47ecb024a7c0266b376bf3c34f94e61ff37728902806ce6369778317d48	PASS	/root/rescripted_registry_n_review	english_source_context_family_review
block:block.refurbished_furniture.cyan_sofa	sha256:2698d101b33ade5e1d9e56f2b964bde6264a9b8b0f7cfa91c10a1741d3f8187a	PASS	/root/rescripted_registry_n_review	english_source_context_family_review
block:block.refurbished_furniture.cyan_stool	sha256:dad54d61534cbcb94fe932485e62517c2533059cb2cc36b74467fbf2af9294a6	PASS	/root/rescripted_registry_n_review	english_source_context_family_review
block:block.refurbished_furniture.cyan_toilet	sha256:f9c491dcfa47f2414e385c174863c705ce76b3b57694948938613d30c24e00a2	PASS	/root/rescripted_registry_n_review	english_source_context_family_review
block:block.refurbished_furniture.cyan_trampoline	sha256:6e4226e5b0681ec1a29961c42f79a86a7dc1fa756c6ad67a7ab6368aae3c8b94	PASS	/root/rescripted_registry_n_review	english_source_context_family_review
block:block.refurbished_furniture.dark_ceiling_light	sha256:dc8e260dd4940336b627e24c47e0e4b9bbce9b4a494c3e748592416bc2e43d61	PASS	/root/rescripted_registry_n_review	english_source_context_family_review
block:block.refurbished_furniture.dark_electricity_generator	sha256:5d4740206eda827d7d0223919c1ebdc17ba467834438ae4670d9eaaff36c0a2b	PASS	/root/rescripted_registry_n_review	english_source_context_family_review
block:block.refurbished_furniture.dark_freezer	sha256:c0c916d4b01e507715dca70c3643aa5b0accfc83c40c8e39a661c81a7c37726f	PASS	/root/rescripted_registry_n_review	english_source_context_family_review
block:block.refurbished_furniture.dark_fridge	sha256:351a7f5069a634b538c9fc32fe93d3fa0e257cf672244cf9926368aa2a0e6ad2	PASS	/root/rescripted_registry_n_review	english_source_context_family_review
block:block.refurbished_furniture.dark_lightswitch	sha256:d6c36aeac0fb5a392129e53b0d64847c02069c3531f76e63b685ec6cde566783	PASS	/root/rescripted_registry_n_review	english_source_context_family_review
block:block.refurbished_furniture.dark_microwave	sha256:28afb4cf2f9d9952863980fa88931bfdd5d693deb42344d4ccd32af1314f6d2a	PASS	/root/rescripted_registry_n_review	english_source_context_family_review
block:block.refurbished_furniture.dark_oak_basin	sha256:300d6861d8024306b2309e993cc7cad24211f142ceb37c6d13cb8a9f8194cab8	PASS	/root/rescripted_registry_n_review	english_source_context_family_review
block:block.refurbished_furniture.dark_oak_bath	sha256:baf79eb759c4c74b8bde1b926c3b09b98daab3ff210ecb285fbb0b797e4a0624	PASS	/root/rescripted_registry_n_review	english_source_context_family_review
block:block.refurbished_furniture.dark_oak_chair	sha256:ca83d965c667cffa1eefb5c53bb6f7f91f8222b0acf9d9b5cd7ea15432ee7f6c	PASS	/root/rescripted_registry_n_review	english_source_context_family_review
block:block.refurbished_furniture.dark_oak_crate	sha256:875799ea7f10ffe36df4b9b947aaaa0a7530e6e2261f56a0f1ebc7e3fc7fffd3	PASS	/root/rescripted_registry_n_review	english_source_context_family_review
block:block.refurbished_furniture.dark_oak_cutting_board	sha256:61f0bbe59189b4d6292a2dcde64741a1212092ef4f735c59838887cabe1bbc29	PASS	/root/rescripted_registry_n_review	english_source_context_family_review
block:block.refurbished_furniture.dark_oak_dark_ceiling_fan	sha256:79cebd2a14ec9b674f67892df4340915c7e45e420ae0e27bc5595ae697520260	PASS	/root/rescripted_registry_n_review	english_source_context_family_review
block:block.refurbished_furniture.dark_oak_desk	sha256:756ce49414ce550fca34d3a89d863165a91f17a93656213ef38b0a2d3fc5dfea	PASS	/root/rescripted_registry_n_review	english_source_context_family_review
block:block.refurbished_furniture.dark_oak_drawer	sha256:65489311296e52fe3dd2d26c135cb8e56489c0e3a2445066dcbd1f9045388c9a	PASS	/root/rescripted_registry_n_review	english_source_context_family_review
block:block.refurbished_furniture.dark_oak_hedge	sha256:0c2e05d0104ab88be956a12836202cfe9b2fb19ff71955dc2b1177ebbb174a1c	PASS	/root/rescripted_registry_n_review	english_source_context_family_review
block:block.refurbished_furniture.dark_oak_kitchen_cabinetry	sha256:9e0c3c99f7cd2a97b3fbf87a20e7ea7dcb5a06b205bceb40306693afceef8ffb	PASS	/root/rescripted_registry_n_review	english_source_context_family_review
block:block.refurbished_furniture.dark_oak_kitchen_drawer	sha256:9a1eaa16110d73d4e99c73fc1f7bc3e37ee7d528277af5f985d3b09ab737f241	PASS	/root/rescripted_registry_n_review	english_source_context_family_review
block:block.refurbished_furniture.dark_oak_kitchen_sink	sha256:7060b7df5fa964a47c32c38955bfc4f0fb04d87d40e6de34f8ecee1547e517a1	PASS	/root/rescripted_registry_n_review	english_source_context_family_review
block:block.refurbished_furniture.dark_oak_kitchen_storage_cabinet	sha256:de1d94dd7800b75af80dfe4c4cb371f7881d27de51fbca3164840763931c741b	PASS	/root/rescripted_registry_n_review	english_source_context_family_review
block:block.refurbished_furniture.dark_oak_lattice_fence	sha256:e332ffb9d3449f283ff5d5fdaf06c6a9b5a108d540f47683290b2ee21c6d2a65	PASS	/root/rescripted_registry_n_review	english_source_context_family_review
block:block.refurbished_furniture.dark_oak_lattice_fence_gate	sha256:8b61e07e3c5f18899d7bd90862f53c565af3b5a42784ddfced3c994a2f28922f	PASS	/root/rescripted_registry_n_review	english_source_context_family_review
block:block.refurbished_furniture.dark_oak_light_ceiling_fan	sha256:1bef5680d0d3b9cf3937e9b439ae3156e782f823345ca2e42f05412b9ac09b31	PASS	/root/rescripted_registry_n_review	english_source_context_family_review
block:block.refurbished_furniture.dark_oak_mail_box	sha256:4bef29b83705d3d39f19cf62f82e6536b299b9bbede38516c9eaca85747ead1a	PASS	/root/rescripted_registry_n_review	english_source_context_family_review
block:block.refurbished_furniture.dark_oak_storage_cabinet	sha256:6cc45cb6c2e8611cde07e578c18f0dc3e6ad65fccf6bc11d29181175722b7070	PASS	/root/rescripted_registry_n_review	english_source_context_family_review
block:block.refurbished_furniture.dark_oak_storage_jar	sha256:31e1ad57716aa9e598ef4599f423937293a17820c39ec64dd5bb81eb0fdd7e1a	PASS	/root/rescripted_registry_n_review	english_source_context_family_review
block:block.refurbished_furniture.dark_oak_table	sha256:71ab3dbecde9b02c8b89d3d832ce386a290df906743fafe6860223001527e4f9	PASS	/root/rescripted_registry_n_review	english_source_context_family_review
block:block.refurbished_furniture.dark_oak_toilet	sha256:894939693d909ab7eec0830dbcb87f985060d4099427ac5c05fde040c858119b	PASS	/root/rescripted_registry_n_review	english_source_context_family_review
block:block.refurbished_furniture.dark_range_hood	sha256:c80f58e4101d83af6f74c058302ea8baa20cd4ab1378597b2c36d19bda50dc19	PASS	/root/rescripted_registry_n_review	english_source_context_family_review
block:block.refurbished_furniture.dark_stove	sha256:8027a05bed72d45f0c3fecc480cb5cbf2ba2fb7ea6d6a389a56c730938dede05	PASS	/root/rescripted_registry_n_review	english_source_context_family_review
block:block.refurbished_furniture.dark_toaster	sha256:a06e50dc8ae305ca8b650fa7643a5342bed5d78ba00cc25dc5e52ed63339808a	PASS	/root/rescripted_registry_n_review	english_source_context_family_review
block:block.refurbished_furniture.deepslate_stepping_stones	sha256:40e015ba3e408a68130f7c01193cfb06ddae7454e3da8ac96ac199babe70ed63	PASS	/root/rescripted_registry_n_review	english_source_context_family_review
block:block.refurbished_furniture.diorite_stepping_stones	sha256:69376bd28f9560cb0b8c3e332531f0bdf1d3781468b2b260201d91f9a8268c69	PASS	/root/rescripted_registry_n_review	english_source_context_family_review
block:block.refurbished_furniture.door_mat	sha256:ba9b527bee548ec4f0923c6f9f4dfac74d14f5b5c33164b8a9e2d67417665041	PASS	/root/rescripted_registry_n_review	english_source_context_family_review
block:block.refurbished_furniture.doorbell	sha256:3a3c26151978089ee8b5451030a54a5c7af6d504d16cfd4b3687150a97765ecd	PASS	/root/rescripted_registry_n_review	english_source_context_family_review
block:block.refurbished_furniture.frying_pan	sha256:8bb32662cca637dc0fc9c206d81ea8ad3b1833e89b15523392825af2938c276d	PASS	/root/rescripted_registry_n_review	english_source_context_family_review
block:block.refurbished_furniture.granite_stepping_stones	sha256:97a8caa8fb0227e9ae822c623e217a4ebc5ac65ce224971e99c176b9d04612bb	PASS	/root/rescripted_registry_n_review	english_source_context_family_review
block:block.refurbished_furniture.gray_basin	sha256:4f2ac46221bbbfe494296223230d1055a0ac2d5d6b2bcefcab4377d32f2101ad	PASS	/root/rescripted_registry_n_review	english_source_context_family_review
block:block.refurbished_furniture.gray_bath	sha256:07aaf317cf20ac73c63e355cf3ce38f6530ca5a3a8f23836ff810ea57133df11	PASS	/root/rescripted_registry_n_review	english_source_context_family_review
block:block.refurbished_furniture.gray_cooler	sha256:4f1733160134433c3f00ce1bacf994e6f475d180b6365dc90f022dc11b0ca535	PASS	/root/rescripted_registry_n_review	english_source_context_family_review
block:block.refurbished_furniture.gray_grill	sha256:a6480306b18e6e0015788b73680b18a64e23a07eb0a96e8391fbe4dc25fdcad5	PASS	/root/rescripted_registry_n_review	english_source_context_family_review
block:block.refurbished_furniture.gray_kitchen_cabinetry	sha256:326352104416c205e73dd4b855b7c13f33fc731b3b1b9ee0fdb5f0d47ce531fc	PASS	/root/rescripted_registry_n_review	english_source_context_family_review
block:block.refurbished_furniture.gray_kitchen_drawer	sha256:e995345b8fe5c4ae71b5c4ad3b57647f1245a1fd919b06b9d713a98ae26dafea	PASS	/root/rescripted_registry_n_review	english_source_context_family_review
block:block.refurbished_furniture.gray_kitchen_sink	sha256:a5b58ac24cab2aacd9de12c805790c1e3e0b64df0039cc3b3c2b6343eec0575b	PASS	/root/rescripted_registry_n_review	english_source_context_family_review
block:block.refurbished_furniture.gray_kitchen_storage_cabinet	sha256:d928e1bc87d1943795a25a8ec76732d44cfb28be4d99a818012acc34e1c8497f	PASS	/root/rescripted_registry_n_review	english_source_context_family_review
block:block.refurbished_furniture.gray_lamp	sha256:4837d1f7cf21fa4e13223165502c35c24bc98b500aaf8b8c517f822be8f3950e	PASS	/root/rescripted_registry_n_review	english_source_context_family_review
block:block.refurbished_furniture.gray_sofa	sha256:58a094e6c68314fb577ded397e5428ba9bf9d544b75599925f226e2f3c23c9df	PASS	/root/rescripted_registry_n_review	english_source_context_family_review
block:block.refurbished_furniture.gray_stool	sha256:334d90614c5b468ff00e4282f176b218ffdfa3f3c614f5a19f43c38509ddf4fd	PASS	/root/rescripted_registry_n_review	english_source_context_family_review
block:block.refurbished_furniture.gray_toilet	sha256:be351f266e313dc475ebc05baecb4acd251fd89083778a4267c2cff9205652d3	PASS	/root/rescripted_registry_n_review	english_source_context_family_review
block:block.refurbished_furniture.gray_trampoline	sha256:4e8a8b317725871a3005245ccfbc2b2db785399d26e624b0d05a7e6a05a033a8	PASS	/root/rescripted_registry_n_review	english_source_context_family_review
block:block.refurbished_furniture.green_basin	sha256:20e9bcb13a2119d6a83f9b866be296f4a43f1e89f32e80c957bf32e8a65b093c	PASS	/root/rescripted_registry_n_review	english_source_context_family_review
block:block.refurbished_furniture.green_bath	sha256:a99959bbf8b9702117fa964d2a682af11bc268e1f5b8eb92f8152585d6e4f353	PASS	/root/rescripted_registry_n_review	english_source_context_family_review
block:block.refurbished_furniture.green_cooler	sha256:fd2d0bf137c3cb15b192307a3f71dab2f66f9ad345d81b1c241b0076d11cc2a1	PASS	/root/rescripted_registry_n_review	english_source_context_family_review
block:block.refurbished_furniture.green_grill	sha256:a139ccf83f3e6bb468ec2927a9a35883eb9c0007efeded5fe5db365dd47294a0	PASS	/root/rescripted_registry_n_review	english_source_context_family_review
block:block.refurbished_furniture.green_kitchen_cabinetry	sha256:2723e061680f624cee57dc4d6c130bfbdf5174b1a3058b4b6bf408231e3fd497	PASS	/root/rescripted_registry_n_review	english_source_context_family_review
block:block.refurbished_furniture.green_kitchen_drawer	sha256:f45ada96cd0f72418387df0b396cc44cb9b241ae21b2519f16bf5a4f7faa67f1	PASS	/root/rescripted_registry_n_review	english_source_context_family_review
block:block.refurbished_furniture.green_kitchen_sink	sha256:aa3e71296e448e9960c905ad5c6284d2d73ec6bb94dd9f829045bc6d2771b8f0	PASS	/root/rescripted_registry_n_review	english_source_context_family_review
block:block.refurbished_furniture.green_kitchen_storage_cabinet	sha256:88250300bf3533037d24f6dd3a0caeec26cac8b2a5789e87095a6a038a1377f9	PASS	/root/rescripted_registry_n_review	english_source_context_family_review
block:block.refurbished_furniture.green_lamp	sha256:742fb335a48574b3c1288cf766f80278ec77b667d240578d8c3985af1456341f	PASS	/root/rescripted_registry_n_review	english_source_context_family_review
block:block.refurbished_furniture.green_sofa	sha256:a5e71479b53bc8f81f1991dd30c94c36db8a13b167852c1bcb9e679fe91f1cb4	PASS	/root/rescripted_registry_n_review	english_source_context_family_review
block:block.refurbished_furniture.green_stool	sha256:a16cf41b9f9652f04fd6f321655d7e8dc53b433d3f699e6b542d586c25732aad	PASS	/root/rescripted_registry_n_review	english_source_context_family_review
block:block.refurbished_furniture.green_toilet	sha256:8999afeec0c5c8d0eaa1e667ca85594607197ede6cc2e35ef4e747b331bc89ff	PASS	/root/rescripted_registry_n_review	english_source_context_family_review
block:block.refurbished_furniture.green_trampoline	sha256:13d6b0d2212873111af09874bc00b514d4b4578d0c4d95a2b4a6f8b4ba1abd86	PASS	/root/rescripted_registry_n_review	english_source_context_family_review
block:block.refurbished_furniture.jungle_basin	sha256:f26762eba52c0cfabc42dab5ec1e4423f9958d1841f2d0acec398064c08d611f	PASS	/root/rescripted_registry_n_review	english_source_context_family_review
block:block.refurbished_furniture.jungle_bath	sha256:cdbf6846cb9fd6af34038b39e158412424a560422b42ca068fe7c066bb996128	PASS	/root/rescripted_registry_n_review	english_source_context_family_review
block:block.refurbished_furniture.jungle_chair	sha256:9e1569371640397aaf1960c0b6f145a209bdd83726712728baacc36b2b7c9106	PASS	/root/rescripted_registry_n_review	english_source_context_family_review
block:block.refurbished_furniture.jungle_crate	sha256:ee82e5be846895eb7960991deae8ba6277a15ceb2245546d75a80423d540d26f	PASS	/root/rescripted_registry_n_review	english_source_context_family_review
block:block.refurbished_furniture.jungle_cutting_board	sha256:2f9d2813fe76de7d8b2f72376f31611e992151315926d9bf2e7d54b9480d9acd	PASS	/root/rescripted_registry_n_review	english_source_context_family_review
block:block.refurbished_furniture.jungle_dark_ceiling_fan	sha256:1915937a7cfbcc3c8f7c9e7f1f7f4fec365304af47443aeff59048f0713d32ba	PASS	/root/rescripted_registry_n_review	english_source_context_family_review
block:block.refurbished_furniture.jungle_desk	sha256:0edf852f3ca16ea43459933df5a5411f9f97b989603fb2261a68eacc466cd03b	PASS	/root/rescripted_registry_n_review	english_source_context_family_review
block:block.refurbished_furniture.jungle_drawer	sha256:701a6dc245821f239e1f09fa218995af29f27c88da672a225c70c6d14e2b8705	PASS	/root/rescripted_registry_n_review	english_source_context_family_review
block:block.refurbished_furniture.jungle_hedge	sha256:dc838f9c61c0989e20fec7e18f39f9c7dcd408b592aed4320a557d712be1f56b	PASS	/root/rescripted_registry_n_review	english_source_context_family_review
block:block.refurbished_furniture.jungle_kitchen_cabinetry	sha256:0666242b3b5c70d6e831e0c9e7b668f8ed85b45b4f1d14d4e2dc6a8d5e7342b5	PASS	/root/rescripted_registry_n_review	english_source_context_family_review
block:block.refurbished_furniture.jungle_kitchen_drawer	sha256:782ef64059c861d8a9ef1e23c509e69f93af1f5eea6b1d1f5ce43c9b630b6897	PASS	/root/rescripted_registry_n_review	english_source_context_family_review
block:block.refurbished_furniture.jungle_kitchen_sink	sha256:8d6363afd06fa40462bb100bfa6c87652e5c8877dad1cab0eccea33a4b605238	PASS	/root/rescripted_registry_n_review	english_source_context_family_review
block:block.refurbished_furniture.jungle_kitchen_storage_cabinet	sha256:18ffbd73a40fc6feff37cd489135366e63aa2ab44e407e5342ad12039fb7f1c3	PASS	/root/rescripted_registry_n_review	english_source_context_family_review
block:block.refurbished_furniture.jungle_lattice_fence	sha256:9d89e8b7a1666008b71c084c867cae0a493e7941e3de0549076cc8da39b4aba1	PASS	/root/rescripted_registry_n_review	english_source_context_family_review
block:block.refurbished_furniture.jungle_lattice_fence_gate	sha256:c60707ae8ff878262c754d6eea1910e84ef90d384543a062a6d1b15e1f74ac2f	PASS	/root/rescripted_registry_n_review	english_source_context_family_review
block:block.refurbished_furniture.jungle_light_ceiling_fan	sha256:5fe479503d572d8f27a235b486e58bef4db6cf80ae45c05bea994d689e1a5727	PASS	/root/rescripted_registry_n_review	english_source_context_family_review
block:block.refurbished_furniture.jungle_mail_box	sha256:9c78eeb6797994b6c6d12aed34aadf51478037b887e23f3e59a49fe47f06cb93	PASS	/root/rescripted_registry_n_review	english_source_context_family_review
block:block.refurbished_furniture.jungle_storage_cabinet	sha256:61131e91952ebe244f839e09c0ec1e1efdee4c4ba1e8e0884f9791327e34f7b4	PASS	/root/rescripted_registry_n_review	english_source_context_family_review
block:block.refurbished_furniture.jungle_storage_jar	sha256:20e7fbe8f9099560ce914cccc630d88bea2a7fed8d615b7a5e723278b99fb2af	PASS	/root/rescripted_registry_n_review	english_source_context_family_review
block:block.refurbished_furniture.jungle_table	sha256:f1b9d50310aef2aacd578a8143df569a3540fc8d2cb0600d18c2aa0990155c05	PASS	/root/rescripted_registry_n_review	english_source_context_family_review
block:block.refurbished_furniture.jungle_toilet	sha256:fb4b5f77da5b620a00fbc0dc6f1b83b4d0879ddb5f775dac4febf87790a61271	PASS	/root/rescripted_registry_n_review	english_source_context_family_review
block:block.refurbished_furniture.light_blue_basin	sha256:921466bf013fc4f23e13b7b221c15f09680473f38bc6a250adb6f945fb4d5dbe	PASS	/root/rescripted_registry_n_review	english_source_context_family_review
block:block.refurbished_furniture.light_blue_bath	sha256:a94e13860420ccb4e24c36453939177993b637d1ef224ef2d7ac127a422ee177	PASS	/root/rescripted_registry_n_review	english_source_context_family_review
block:block.refurbished_furniture.light_blue_cooler	sha256:e09aa91ef8ecae14f2b1575c03b80d12db4f1d97acb13e11f45d6d39f69a73d0	PASS	/root/rescripted_registry_n_review	english_source_context_family_review
block:block.refurbished_furniture.light_blue_grill	sha256:e0eda505b980511e0bae74d5baa6813a0413df5f65118ff00124da483585b9fa	PASS	/root/rescripted_registry_n_review	english_source_context_family_review
block:block.refurbished_furniture.light_blue_kitchen_cabinetry	sha256:ae1f207ac0231191bcfae3c26de428775a7c54e366a5d3df4dd4fcaca70a2342	PASS	/root/rescripted_registry_n_review	english_source_context_family_review
block:block.refurbished_furniture.light_blue_kitchen_drawer	sha256:37f7af8205fe28db77252c57398ab168852848e300f45634edb90442e5c36082	PASS	/root/rescripted_registry_n_review	english_source_context_family_review
block:block.refurbished_furniture.light_blue_kitchen_sink	sha256:e1045027c9029a5a8dc833de6e7d3cec451335fa9df9ef03a89c7eb176307f15	PASS	/root/rescripted_registry_n_review	english_source_context_family_review
block:block.refurbished_furniture.light_blue_kitchen_storage_cabinet	sha256:79d382b3d7ddd3268b1909a313574e9af6fd3e5a3bb0c4413510c7c2974ffa5e	PASS	/root/rescripted_registry_n_review	english_source_context_family_review
block:block.refurbished_furniture.light_blue_lamp	sha256:bc8c0e589597882685766a324263286f71a826d7309c1df807b1e90ba7de4b4e	PASS	/root/rescripted_registry_n_review	english_source_context_family_review
block:block.refurbished_furniture.light_blue_sofa	sha256:6eb57d70b7f518b657e45da3c24989822b8eb191274673d30384d06914643693	PASS	/root/rescripted_registry_n_review	english_source_context_family_review
block:block.refurbished_furniture.light_blue_stool	sha256:173360a4e4e4422a00bbc25688e6c5454b6fccdbc735878b0aaa408a5e11d2be	PASS	/root/rescripted_registry_n_review	english_source_context_family_review
block:block.refurbished_furniture.light_blue_toilet	sha256:910fa3b74be918be7ee06f9ffbe8385688a5c1af220f756bbc4d3de78dca744c	PASS	/root/rescripted_registry_n_review	english_source_context_family_review
block:block.refurbished_furniture.light_blue_trampoline	sha256:63f2bf6e58c7f87a8bb964bd03dbe60c794b2b1094fe2f0973177cbc81187366	PASS	/root/rescripted_registry_n_review	english_source_context_family_review
block:block.refurbished_furniture.light_ceiling_light	sha256:b2336e8104342780f57be543a545646aac16394c4872a5063dc5e4e496022ad8	PASS	/root/rescripted_registry_n_review	english_source_context_family_review
block:block.refurbished_furniture.light_electricity_generator	sha256:6054ba147c8c0d4183a5e2f30cdb668d9484723293f23405a611620bd6e689c7	PASS	/root/rescripted_registry_n_review	english_source_context_family_review
block:block.refurbished_furniture.light_freezer	sha256:53331f36ac5a89b3c02275f41f1eee2c4d78210cd600c176f1b5b2437df7b955	PASS	/root/rescripted_registry_n_review	english_source_context_family_review
block:block.refurbished_furniture.light_fridge	sha256:d4d3f9a90f6ac7517d67f336212df6d72cecad71b42402b16c0c4bcd5f633d33	PASS	/root/rescripted_registry_n_review	english_source_context_family_review
block:block.refurbished_furniture.light_gray_basin	sha256:b7ea2a3501346976f7b842d03b1a185bbc662832a7e13bd8a28191d8bdc3c820	PASS	/root/rescripted_registry_n_review	english_source_context_family_review
block:block.refurbished_furniture.light_gray_bath	sha256:785350bfad8fe7eb6e5cf433c4329eb4245651b7222429c413d00a8fd48715a0	PASS	/root/rescripted_registry_n_review	english_source_context_family_review
block:block.refurbished_furniture.light_gray_cooler	sha256:e5dc97b1301234188d0a1a4bf0bb122b1f5d6c1aef7c76b374941dff737393f5	PASS	/root/rescripted_registry_n_review	english_source_context_family_review
block:block.refurbished_furniture.light_gray_grill	sha256:d282ce2dcdecb14cd858dac49d05ed817abc2766d0b8dce091d1b6584cf4cef4	PASS	/root/rescripted_registry_n_review	english_source_context_family_review
block:block.refurbished_furniture.light_gray_kitchen_cabinetry	sha256:ff1aa1f551a8dc40aba2310251b30ea89aefb82ff19b9d7524ff3e019807ea44	PASS	/root/rescripted_registry_n_review	english_source_context_family_review
block:block.refurbished_furniture.light_gray_kitchen_drawer	sha256:75b972a51804e28b48694b3073bbe00d49539985c9c2892b9ee7270ed0492ea2	PASS	/root/rescripted_registry_n_review	english_source_context_family_review
block:block.refurbished_furniture.light_gray_kitchen_sink	sha256:90d24b1c16a7752060b64473884323b18e75bffd88ce59b3446c3b6fde39bff9	PASS	/root/rescripted_registry_n_review	english_source_context_family_review
block:block.refurbished_furniture.light_gray_kitchen_storage_cabinet	sha256:0d91c041e375ca29ffa97ae3967af52c9ea350582a418ff6cb753d8d8eca4298	PASS	/root/rescripted_registry_n_review	english_source_context_family_review
block:block.refurbished_furniture.light_gray_lamp	sha256:8b5a9c7191f67c84efc16c506e694ad5bc12e68a07f71257719c0d1c958f9583	PASS	/root/rescripted_registry_n_review	english_source_context_family_review
block:block.refurbished_furniture.light_gray_sofa	sha256:5eb9808669e0a87b7588c62724b705112f0d7fc11ccc86cc6e2525e62e3e9ba4	PASS	/root/rescripted_registry_n_review	english_source_context_family_review
block:block.refurbished_furniture.light_gray_stool	sha256:924c272c64b809c7895ffc96bf1d740e6cfc6599610024b4d4bf4282c4494dd3	PASS	/root/rescripted_registry_n_review	english_source_context_family_review
block:block.refurbished_furniture.light_gray_toilet	sha256:2c747e6de3cb3b171fd6e71ebdc7487ddac30655359ca6e82dca91a307ecbc7c	PASS	/root/rescripted_registry_n_review	english_source_context_family_review
block:block.refurbished_furniture.light_gray_trampoline	sha256:1ee1fa28dd0fa4d9b1839c1b516b8487d197cb3d7af9ba49bd004c7dedc882d7	PASS	/root/rescripted_registry_n_review	english_source_context_family_review
block:block.refurbished_furniture.light_lightswitch	sha256:5ee8deb35433c2c6d49ccad3f09679bd16c1b17c82629da30fde8ae4f1028cd5	PASS	/root/rescripted_registry_n_review	english_source_context_family_review
block:block.refurbished_furniture.light_microwave	sha256:ceb27e74c382e685445d00b927e2377131e38af5104306b9b3da6b55cc92383d	PASS	/root/rescripted_registry_n_review	english_source_context_family_review
block:block.refurbished_furniture.light_range_hood	sha256:e87fc6af815d02a32a943f268c7e1f32579565904eff62f31001f602292e25b4	PASS	/root/rescripted_registry_n_review	english_source_context_family_review
block:block.refurbished_furniture.light_stove	sha256:9a730c3441e634dd2194ca4e868bb7f3f2801dcbdaeb7820fe01ddbd8faa5c15	PASS	/root/rescripted_registry_n_review	english_source_context_family_review
block:block.refurbished_furniture.light_toaster	sha256:d2d9a1001024bd7040bfa1190bff4bfd0472109ef7a35e3e5473aa71fce2fd0a	PASS	/root/rescripted_registry_n_review	english_source_context_family_review
block:block.refurbished_furniture.lime_basin	sha256:0322c5f0d850f7d45777e941b78e594f5f4c8a56bc7fada2c725b33ec45437d3	PASS	/root/rescripted_registry_n_review	english_source_context_family_review
block:block.refurbished_furniture.lime_bath	sha256:d8b78cb6ff404898cc3966b0c07808587a3615d5838b4c424d6056a233a08027	PASS	/root/rescripted_registry_n_review	english_source_context_family_review
block:block.refurbished_furniture.lime_cooler	sha256:f496195a678eeea429371fae0b2a42afa2a010cf497a233023291c524c9d70cb	PASS	/root/rescripted_registry_n_review	english_source_context_family_review
block:block.refurbished_furniture.lime_grill	sha256:5606f87caf891e1126d55288c0288a992ba4b3ab6a752f831838c0700018b279	PASS	/root/rescripted_registry_n_review	english_source_context_family_review
block:block.refurbished_furniture.lime_kitchen_cabinetry	sha256:51bbe7c167ecab14b8ba1ab35e13f31f45f3f47437406c902fd359fd95c09bb7	PASS	/root/rescripted_registry_n_review	english_source_context_family_review
block:block.refurbished_furniture.lime_kitchen_drawer	sha256:1abb348ee19648efa3f237bebc0aa55ac891a58ff9439983b2c4ea29720045df	PASS	/root/rescripted_registry_n_review	english_source_context_family_review
block:block.refurbished_furniture.lime_kitchen_sink	sha256:e9622a9c67b8632f553cb6054f81a86bf6fbfc62234bc5358af858fcad45f30d	PASS	/root/rescripted_registry_n_review	english_source_context_family_review
block:block.refurbished_furniture.lime_kitchen_storage_cabinet	sha256:b3c2589cddd7a62ec61fb229235049144d975159203b849175ba10c26adcf255	PASS	/root/rescripted_registry_n_review	english_source_context_family_review
block:block.refurbished_furniture.lime_lamp	sha256:ac07233a06b1d25b778c4623d77a8e5df44065fdb2eaef5784c878579c3f0dc3	PASS	/root/rescripted_registry_n_review	english_source_context_family_review
block:block.refurbished_furniture.lime_sofa	sha256:b90c7608e143dbe82bc9597619104076deb5441c75c6cc9dc3d45186c9b8641a	PASS	/root/rescripted_registry_n_review	english_source_context_family_review
block:block.refurbished_furniture.lime_stool	sha256:6e293fe74099f076d3ecd9459564300f17e97116f2a81448b610e6e906ec7ace	PASS	/root/rescripted_registry_n_review	english_source_context_family_review
block:block.refurbished_furniture.lime_toilet	sha256:31e8c152e4bcc330afc2d91f8fff0e357286d3bf1a9402676715c8679e8922a8	PASS	/root/rescripted_registry_n_review	english_source_context_family_review
block:block.refurbished_furniture.lime_trampoline	sha256:ff7bf611aa065a58543d39d4262f739decc797e83d58009cd050701102e2bbf3	PASS	/root/rescripted_registry_n_review	english_source_context_family_review
block:block.refurbished_furniture.magenta_basin	sha256:6c379f20f787c135fbcf05f6f37af094d6a73a3676b72252163fd8b6f0c54fd9	PASS	/root/rescripted_registry_n_review	english_source_context_family_review
block:block.refurbished_furniture.magenta_bath	sha256:0c78314bccd09b1f36cb81dd0944b009aab3851fbe76522dd896b44c8966d1c2	PASS	/root/rescripted_registry_n_review	english_source_context_family_review
block:block.refurbished_furniture.magenta_cooler	sha256:dea5642b876fb4e3ca91b1c51f8b8eeda52386c33fd9ccbfe94f65cfbdb701ad	PASS	/root/rescripted_registry_n_review	english_source_context_family_review
block:block.refurbished_furniture.magenta_grill	sha256:0ca0c7c6548024005bc21a62a937aaed011f2b480b6977ffd01fec8740dab179	PASS	/root/rescripted_registry_n_review	english_source_context_family_review
block:block.refurbished_furniture.magenta_kitchen_cabinetry	sha256:8e9e0c2d32680b71b5bbe077e2912510961f72cb4a6f817b730f30142bc75f23	PASS	/root/rescripted_registry_n_review	english_source_context_family_review
block:block.refurbished_furniture.magenta_kitchen_drawer	sha256:ee8414efcb43ffaf9f19114c24fc3c8227b839b45d0992387aab1203bfdcfe03	PASS	/root/rescripted_registry_n_review	english_source_context_family_review
block:block.refurbished_furniture.magenta_kitchen_sink	sha256:d49902d626e6c11bab7dce7eb59748300e22e57bc5de2c90cb7d95488f827836	PASS	/root/rescripted_registry_n_review	english_source_context_family_review
block:block.refurbished_furniture.magenta_kitchen_storage_cabinet	sha256:df92ac5286a45fc130955200f2323c5725196aeaf5342392606d9853fbfb6996	PASS	/root/rescripted_registry_n_review	english_source_context_family_review
block:block.refurbished_furniture.magenta_lamp	sha256:621f87486bcabd5916ff99f84d32f2b27f76f7288f51634df5d78796c69a0cf1	PASS	/root/rescripted_registry_n_review	english_source_context_family_review
block:block.refurbished_furniture.magenta_sofa	sha256:65abb907f682c2e72dc457ce4cc8576d6fd5e056eae1d4a68e8e14980080bbc0	PASS	/root/rescripted_registry_n_review	english_source_context_family_review
block:block.refurbished_furniture.magenta_stool	sha256:ce20bff4bfc935acec5dc4716939466b9f10ad8bb41f7fd7988e72dce8c29698	PASS	/root/rescripted_registry_n_review	english_source_context_family_review
block:block.refurbished_furniture.magenta_toilet	sha256:ab6f231bad588683615f29108367a6f5b6c4e439b294780d4c3571f923a3403c	PASS	/root/rescripted_registry_n_review	english_source_context_family_review
block:block.refurbished_furniture.magenta_trampoline	sha256:dc3f3a526cd2c37286978b6762ccdc71ac3c71e9eb0c5f4f514cb80bad1d5abe	PASS	/root/rescripted_registry_n_review	english_source_context_family_review
block:block.refurbished_furniture.mangrove_basin	sha256:a3441be86274bc2f0a85cd840051495959acd13154ec187404b19e91c2e3ac90	PASS	/root/rescripted_registry_n_review	english_source_context_family_review
block:block.refurbished_furniture.mangrove_bath	sha256:dff7eb0e0ea6a82365c30cccf5d73d9477518028590e9e2a61c8e72290bf6195	PASS	/root/rescripted_registry_n_review	english_source_context_family_review
block:block.refurbished_furniture.mangrove_chair	sha256:ad69b5838272037ce69d46b820de87083323ba473fa7935377a75eab7339470a	PASS	/root/rescripted_registry_n_review	english_source_context_family_review
block:block.refurbished_furniture.mangrove_crate	sha256:8acfa87f048883f152a6e821de4b3d5367103340e12a1bf59db61ae7fa2717ce	PASS	/root/rescripted_registry_n_review	english_source_context_family_review
block:block.refurbished_furniture.mangrove_cutting_board	sha256:87f9dae04690e34c9b85f763b5b5fab182d356be6ee909985d255c3714f65e65	PASS	/root/rescripted_registry_n_review	english_source_context_family_review
block:block.refurbished_furniture.mangrove_dark_ceiling_fan	sha256:bc50d3f73990b5fbfc95c4028454c50e8fa6d235a6e618adbe78c36d41850cb7	PASS	/root/rescripted_registry_n_review	english_source_context_family_review
block:block.refurbished_furniture.mangrove_desk	sha256:2566233d349f50710209ede9d07a54ca329ccf12e939f5086ce3a14aa137d628	PASS	/root/rescripted_registry_n_review	english_source_context_family_review
block:block.refurbished_furniture.mangrove_drawer	sha256:a29e92e4818f6432c9e6e473f03cf11ec9d33c633d497c90ba66d68b36d475f1	PASS	/root/rescripted_registry_n_review	english_source_context_family_review
block:block.refurbished_furniture.mangrove_hedge	sha256:4e439e14a79c7027df634d9790307dd58627b548aca88faf12b4c88ae2d67933	PASS	/root/rescripted_registry_n_review	english_source_context_family_review
block:block.refurbished_furniture.mangrove_kitchen_cabinetry	sha256:a3718dabdd5d2549fbbba08c022d03dc3b0e46045d245bad9ee3cfef6eb4d771	PASS	/root/rescripted_registry_n_review	english_source_context_family_review
block:block.refurbished_furniture.mangrove_kitchen_drawer	sha256:88ce86c6a03ae06445b42acb886c6529de31108556ee4ade6be70b0339ad4770	PASS	/root/rescripted_registry_n_review	english_source_context_family_review
block:block.refurbished_furniture.mangrove_kitchen_sink	sha256:62496f6c76fab2c5a40e646d52e6ecaf549706db32be491a3e5ce6b2205848d8	PASS	/root/rescripted_registry_n_review	english_source_context_family_review
block:block.refurbished_furniture.mangrove_kitchen_storage_cabinet	sha256:d72a10fd97e81dcaf560330cf0c7c492b48c1b1819f7f7369848f5ee1289a1e9	PASS	/root/rescripted_registry_n_review	english_source_context_family_review
block:block.refurbished_furniture.mangrove_lattice_fence	sha256:cc2a21f7b6f33296377b49979d4a42d29481cda58be16bccaa2d3a1bf775bfb3	PASS	/root/rescripted_registry_n_review	english_source_context_family_review
block:block.refurbished_furniture.mangrove_lattice_fence_gate	sha256:47c0af0ff64a067c16ac5ba091dc25b684e7e5051a8e47bb48b77801e46a099b	PASS	/root/rescripted_registry_n_review	english_source_context_family_review
block:block.refurbished_furniture.mangrove_light_ceiling_fan	sha256:5eaed42e75cd7cd7711cf602a10fa9c5dd7a64684478fc84a99b83c80518cd41	PASS	/root/rescripted_registry_n_review	english_source_context_family_review
block:block.refurbished_furniture.mangrove_mail_box	sha256:ebb78472ae5483bfc9db5cbeede7bce840cbaddc050b4c2b6e81e83794184449	PASS	/root/rescripted_registry_n_review	english_source_context_family_review
block:block.refurbished_furniture.mangrove_storage_cabinet	sha256:0cfbf192092fe3608b0c9588fd12e292889e920d751a5e91c54aeefe275c1912	PASS	/root/rescripted_registry_n_review	english_source_context_family_review
block:block.refurbished_furniture.mangrove_storage_jar	sha256:345aa927a50883292602c2d14745432421f6d7f488bec4545de319da51736447	PASS	/root/rescripted_registry_n_review	english_source_context_family_review
block:block.refurbished_furniture.mangrove_table	sha256:11e0acaaf2829b38ded6c9251e4fb565fb75d5fe4c49ed0d18d04f26158ec6e6	PASS	/root/rescripted_registry_n_review	english_source_context_family_review
block:block.refurbished_furniture.mangrove_toilet	sha256:2e43c9dc7f83931afdf3146105c3327f2719e174d4f0376788c335d0194b5abb	PASS	/root/rescripted_registry_n_review	english_source_context_family_review
block:block.refurbished_furniture.oak_basin	sha256:456b865de5d2494795ed31c489d4e7b11bc2a83c58df22298ee9f63b8b3dc04e	PASS	/root/rescripted_registry_n_review	english_source_context_family_review
block:block.refurbished_furniture.oak_bath	sha256:a2ddbb440c49a25884b07304fb3ec91a1a28b93fee8e7ad644bc32cc403b5332	PASS	/root/rescripted_registry_n_review	english_source_context_family_review
block:block.refurbished_furniture.oak_chair	sha256:39fa07b481dece9b964414b5e9dc506782d2b767da7c67d99fcb414d963d4455	PASS	/root/rescripted_registry_n_review	english_source_context_family_review
block:block.refurbished_furniture.oak_crate	sha256:3428192b3ac8e0b557773cd61ce7500432f8d4342dfe51ecda3a36cea480e7c7	PASS	/root/rescripted_registry_n_review	english_source_context_family_review
block:block.refurbished_furniture.oak_cutting_board	sha256:2234c3fb8c1d4db2db20ea4f25e2fc937db3f976ee43a9a5dfda1b83355980ae	PASS	/root/rescripted_registry_n_review	english_source_context_family_review
block:block.refurbished_furniture.oak_dark_ceiling_fan	sha256:de70b09ce94ee2d1d4862996b06ca60fcf8068b6f94e7268631c7d2d3fa30d01	PASS	/root/rescripted_registry_n_review	english_source_context_family_review
block:block.refurbished_furniture.oak_desk	sha256:959a6af72ef4566fabe337971553503fd717a10a09b4334b59a9b4c5ae6895e4	PASS	/root/rescripted_registry_n_review	english_source_context_family_review
block:block.refurbished_furniture.oak_drawer	sha256:1afe764dcab0ebfb62f8539911c797f99403be7855c1091855d45c504a5cf67f	PASS	/root/rescripted_registry_n_review	english_source_context_family_review
block:block.refurbished_furniture.oak_hedge	sha256:613b1bb19b6af7dc606e6502ba7bf96ff92ef6c5fd27ba1f33861d4417a4a588	PASS	/root/rescripted_registry_n_review	english_source_context_family_review
block:block.refurbished_furniture.oak_kitchen_cabinetry	sha256:e21a6400805bfa61ca2a9ad0b89e725309eb42f73570037468231ae466bc4edd	PASS	/root/rescripted_registry_n_review	english_source_context_family_review
block:block.refurbished_furniture.oak_kitchen_drawer	sha256:891a83c0c850f9f080631ef6b305fb4f923317d1f0434c391fe6c0723db774a4	PASS	/root/rescripted_registry_n_review	english_source_context_family_review
block:block.refurbished_furniture.oak_kitchen_sink	sha256:fd9182214bb53badb811a68dce3f6c6e9efc5738219d5dce33a1b7df3247de4c	PASS	/root/rescripted_registry_n_review	english_source_context_family_review
block:block.refurbished_furniture.oak_kitchen_storage_cabinet	sha256:c62b31ea7c1acf34029db11695889b7b60ac58bd633fd3bb867a06910125513f	PASS	/root/rescripted_registry_n_review	english_source_context_family_review
block:block.refurbished_furniture.oak_lattice_fence	sha256:b9a00b06d1ec2d5ea6ac12849c3497748f5452ef6ce83968f0b4dacd533ea673	PASS	/root/rescripted_registry_n_review	english_source_context_family_review
block:block.refurbished_furniture.oak_lattice_fence_gate	sha256:9dba2bb2da48cba92e764d35f1db85deb38198430710cb65117c8ce3e09f19a2	PASS	/root/rescripted_registry_n_review	english_source_context_family_review
block:block.refurbished_furniture.oak_light_ceiling_fan	sha256:868bc3f9dd61da76f299d89b9b7f154bf16131a60b6798a7fa96df730ed9df62	PASS	/root/rescripted_registry_n_review	english_source_context_family_review
block:block.refurbished_furniture.oak_mail_box	sha256:cfebbc754cd519098b31f9ea3400750e4e1a0b2a9ef1e7c7f3a3fc9e1acfa14e	PASS	/root/rescripted_registry_n_review	english_source_context_family_review
block:block.refurbished_furniture.oak_storage_cabinet	sha256:e12e5321150496d8f23de3e062cbce05f783ab9fd02ac72c650768bff847c88f	PASS	/root/rescripted_registry_n_review	english_source_context_family_review
block:block.refurbished_furniture.oak_storage_jar	sha256:7eb3915d77eb29251d25ebf1665f1c98b2db18191412ca3cef94c1b258701b0d	PASS	/root/rescripted_registry_n_review	english_source_context_family_review
block:block.refurbished_furniture.oak_table	sha256:2f0860ac155512180cedbe95142b3fc44c05f0cdaab9480792a6b4806d569b74	PASS	/root/rescripted_registry_n_review	english_source_context_family_review
block:block.refurbished_furniture.oak_toilet	sha256:91c1e8392a2f896baa15285424d7871868ba6d5d578e15d9f71b121edf63e6b8	PASS	/root/rescripted_registry_n_review	english_source_context_family_review
block:block.refurbished_furniture.orange_basin	sha256:1f01b05d8221fb9bf327d0fe1d803e527632e3e6b26b24590b9217b6f18a69d9	PASS	/root/rescripted_registry_n_review	english_source_context_family_review
block:block.refurbished_furniture.orange_bath	sha256:a57baa871c613303cd9857c62645bbee34f7bccab2c6365b5691990177c00e36	PASS	/root/rescripted_registry_n_review	english_source_context_family_review
block:block.refurbished_furniture.orange_cooler	sha256:47a6475103a994d61577b4f19de436e86daf3ba7d00e2b95dd63cbebfc6b0e3b	PASS	/root/rescripted_registry_n_review	english_source_context_family_review
block:block.refurbished_furniture.orange_grill	sha256:5ba6f41b652b5af2513ac74e8c8f3e3f6cc133e5071f2ccd4c3e41ac69834542	PASS	/root/rescripted_registry_n_review	english_source_context_family_review
block:block.refurbished_furniture.orange_kitchen_cabinetry	sha256:f6a785d1bd9c88fc5aaef31f4705ccb64de65d772daf5a9bb417a2e95521d34a	PASS	/root/rescripted_registry_n_review	english_source_context_family_review
block:block.refurbished_furniture.orange_kitchen_drawer	sha256:c124ecc8b100ed9393b6659457240f9f46eea129f6aeed3c704768e442e03d05	PASS	/root/rescripted_registry_n_review	english_source_context_family_review
block:block.refurbished_furniture.orange_kitchen_sink	sha256:c72b7faab67dbbe740b916a50655c5d6270344ee5314e829120d002b9856169f	PASS	/root/rescripted_registry_n_review	english_source_context_family_review
block:block.refurbished_furniture.orange_kitchen_storage_cabinet	sha256:d0091e194619dc042cfda6d5fb2bff72bebc5b73e0debcb94c5014432e75b8ee	PASS	/root/rescripted_registry_n_review	english_source_context_family_review
block:block.refurbished_furniture.orange_lamp	sha256:7bd3d77a00ef392a11f02c78a5f63cfee11471ec5e2956f80da887caa548e946	PASS	/root/rescripted_registry_n_review	english_source_context_family_review
block:block.refurbished_furniture.orange_sofa	sha256:269fac1c0c3e1881bfee317f88b677a2c4d877eb28bb3568f8f3bdd25965f040	PASS	/root/rescripted_registry_n_review	english_source_context_family_review
block:block.refurbished_furniture.orange_stool	sha256:0351edbbc035b02eae061c1f211f33cf2f49e0f0dd510dbcb31969bcdbd721c2	PASS	/root/rescripted_registry_n_review	english_source_context_family_review
block:block.refurbished_furniture.orange_toilet	sha256:4696b48757e8e093a830f3a8f5b08ee84e31f53ccfeda1e075a831910361f91f	PASS	/root/rescripted_registry_n_review	english_source_context_family_review
block:block.refurbished_furniture.orange_trampoline	sha256:253ce110ba0734faf0107c4b195169700ac1446974a7482417590560a961059d	PASS	/root/rescripted_registry_n_review	english_source_context_family_review
block:block.refurbished_furniture.pink_basin	sha256:7093882950c009c875238fa74720dd1d4cfb12b4f69490f5c96677c1e9ffa8e0	PASS	/root/rescripted_registry_n_review	english_source_context_family_review
block:block.refurbished_furniture.pink_bath	sha256:d5ddb95bc0f7e3e19f816c38166d96e2caab6b351c6bcc8d80ec212a53974a38	PASS	/root/rescripted_registry_n_review	english_source_context_family_review
block:block.refurbished_furniture.pink_cooler	sha256:56df43e85e41666d4b9a17bd1678d8d1de9543d772eb1c93c36ebe3bf4a47ed7	PASS	/root/rescripted_registry_n_review	english_source_context_family_review
block:block.refurbished_furniture.pink_grill	sha256:429abcfd090e884ac9394275c79617e15feae6b92ec8ac63d224464aa22deea1	PASS	/root/rescripted_registry_n_review	english_source_context_family_review
block:block.refurbished_furniture.pink_kitchen_cabinetry	sha256:63735c45ab4b445c822034321daf1095bc360875589f1f595eed4041397184b7	PASS	/root/rescripted_registry_n_review	english_source_context_family_review
block:block.refurbished_furniture.pink_kitchen_drawer	sha256:b80781ec20a51e0058fc4f83276fba598853d69e74939bc082dbd92d1024fe55	PASS	/root/rescripted_registry_n_review	english_source_context_family_review
block:block.refurbished_furniture.pink_kitchen_sink	sha256:0a7af317e907bb9878659b64b4ee92f4437a4bcbf37882eef2588ccd5a4af934	PASS	/root/rescripted_registry_n_review	english_source_context_family_review
block:block.refurbished_furniture.pink_kitchen_storage_cabinet	sha256:e1351c52f61dbd0074a445403b0e0711a0124e52bff50cd1e7b0b6738e187a8c	PASS	/root/rescripted_registry_n_review	english_source_context_family_review
block:block.refurbished_furniture.pink_lamp	sha256:c14285309bab5f383152424ff8f02a05eaa087e5563fe9ead0a0e176d8a25770	PASS	/root/rescripted_registry_n_review	english_source_context_family_review
block:block.refurbished_furniture.pink_sofa	sha256:759ba119dba15c9134eb613da2237a295cde2495f2d5bfebab78cde8dc9b5e10	PASS	/root/rescripted_registry_n_review	english_source_context_family_review
block:block.refurbished_furniture.pink_stool	sha256:fda2304d6ce99cfb2ff1154a030c46d9d6fc5ddccff302af09cf8948bfb9dc4a	PASS	/root/rescripted_registry_n_review	english_source_context_family_review
block:block.refurbished_furniture.pink_toilet	sha256:bdde4cfb3fbe68ad7e995a79e00e26e1393c1d70316d480a1f879f68c9074f66	PASS	/root/rescripted_registry_n_review	english_source_context_family_review
block:block.refurbished_furniture.pink_trampoline	sha256:d375ff823cf4985908f0a9e3fff7daf5a75f81324bc1d09775db90e5cb475c7d	PASS	/root/rescripted_registry_n_review	english_source_context_family_review
block:block.refurbished_furniture.plate	sha256:a7cd5d8f8422554b5df4973ade2aad969d2fc92d45669d24ba56941158e27a1f	PASS	/root/rescripted_registry_n_review	english_source_context_family_review
block:block.refurbished_furniture.post_box	sha256:b93010bd7da3fd7a32b54ec9ee6e895638ad6550639271c0a0cab3548609ab74	PASS	/root/rescripted_registry_n_review	english_source_context_family_review
block:block.refurbished_furniture.purple_basin	sha256:70f6ed323aaf5dd4b2e08c46c0fa98ad63951fa06dfcda1cf709980df5bdd596	PASS	/root/rescripted_registry_n_review	english_source_context_family_review
block:block.refurbished_furniture.purple_bath	sha256:ca454bb2653bd245d02d1c6e503221e65799326e3d0f0ba4adb50b4f135d9cbb	PASS	/root/rescripted_registry_n_review	english_source_context_family_review
block:block.refurbished_furniture.purple_cooler	sha256:32012dd3797929346443f0e2a0ec193b9ae9709fad6a5007a9a7a2c3954c9a37	PASS	/root/rescripted_registry_n_review	english_source_context_family_review
block:block.refurbished_furniture.purple_grill	sha256:e3567a093f1b5a819455e328c8bac8e75da8278f463f646349a58be9e2e2b5e5	PASS	/root/rescripted_registry_n_review	english_source_context_family_review
block:block.refurbished_furniture.purple_kitchen_cabinetry	sha256:5893e08baeec304e0efa96e7763a4aaa39022455e9f125fa49eb740159732f21	PASS	/root/rescripted_registry_n_review	english_source_context_family_review
block:block.refurbished_furniture.purple_kitchen_drawer	sha256:44ebdc40624c0325be19fb670d8cbe23572ff40b35e97c3be40f0748fc826ac6	PASS	/root/rescripted_registry_n_review	english_source_context_family_review
block:block.refurbished_furniture.purple_kitchen_sink	sha256:c46b9838954bd632b0c0861134d1cdcc79934885b05f075a9d4627824018e160	PASS	/root/rescripted_registry_n_review	english_source_context_family_review
block:block.refurbished_furniture.purple_kitchen_storage_cabinet	sha256:3b7bfa7532a9208756959bb88560fd4ac06b8afcb18a2bb9066412f978c1a016	PASS	/root/rescripted_registry_n_review	english_source_context_family_review
block:block.refurbished_furniture.purple_lamp	sha256:0eea96a0ad3607f6345d44521a0213be5053fd423cf3670cf7c77ae7713c28ee	PASS	/root/rescripted_registry_n_review	english_source_context_family_review
block:block.refurbished_furniture.purple_sofa	sha256:4c5b6d19f092534d59daa2c5c46d4a230c32f25e0ce1583b422123c4d5d67bdf	PASS	/root/rescripted_registry_n_review	english_source_context_family_review
block:block.refurbished_furniture.purple_stool	sha256:c39697eca881be5e678a0b12c74cdd784fe8ee487f5851dcbc985f44c26915b0	PASS	/root/rescripted_registry_n_review	english_source_context_family_review
block:block.refurbished_furniture.purple_toilet	sha256:084db789b2350c4d4cf4b74d29bd9957a9ae2bc5d59d5b029da341ffc588cced	PASS	/root/rescripted_registry_n_review	english_source_context_family_review
block:block.refurbished_furniture.purple_trampoline	sha256:f5a6d0deed73ac79eb83ae1a646eb088bbd20e4be02149166810897d165c1142	PASS	/root/rescripted_registry_n_review	english_source_context_family_review
block:block.refurbished_furniture.recycle_bin	sha256:fa56abc468388b10ee540610f9f3727e3207a8ed25b240f2f18fac03c9da07ae	PASS	/root/rescripted_registry_n_review	english_source_context_family_review
block:block.refurbished_furniture.red_basin	sha256:6253d5130503c1d2f7547273767a92e13c2d9b5350f4fbc5eeb5d3baa1e740de	PASS	/root/rescripted_registry_n_review	english_source_context_family_review
block:block.refurbished_furniture.red_bath	sha256:f65e1fd3ae0ab61ab423c1fac857d149f2ece114ae662f1ba9d78bd3128c8640	PASS	/root/rescripted_registry_n_review	english_source_context_family_review
block:block.refurbished_furniture.red_cooler	sha256:c9cd681dad977dbb3b1b6b41c6f9228930b4863f370cebb019c2f5822643d58f	PASS	/root/rescripted_registry_n_review	english_source_context_family_review
block:block.refurbished_furniture.red_grill	sha256:a2cbcdbc3a5e4f7a934b01f00d120a98356608f06419c4a770c5e361839b8d89	PASS	/root/rescripted_registry_n_review	english_source_context_family_review
block:block.refurbished_furniture.red_kitchen_cabinetry	sha256:bcfaab744007a7bbe3f1904678533f34ce466518245baaddd9d3524061ddda87	PASS	/root/rescripted_registry_n_review	english_source_context_family_review
block:block.refurbished_furniture.red_kitchen_drawer	sha256:c7cf23cc9f2820ee6d2df73f9a5516ab847ed101fc82d90f43cf7b5fd4f552bf	PASS	/root/rescripted_registry_n_review	english_source_context_family_review
block:block.refurbished_furniture.red_kitchen_sink	sha256:8cd77c3a5dced08cfd9f4cbad92b88b3eb40b744cc7865a3d6bc27545090dfc2	PASS	/root/rescripted_registry_n_review	english_source_context_family_review
block:block.refurbished_furniture.red_kitchen_storage_cabinet	sha256:6d5bc930df9005c8f734f8bd344ca631466767c8e1fccda30a6dec57a1ba37d3	PASS	/root/rescripted_registry_n_review	english_source_context_family_review
block:block.refurbished_furniture.red_lamp	sha256:3cdbfe9374b394343fc79ae725ff73bb8ce65834a7a2a92f8b3a96ae5c89a41e	PASS	/root/rescripted_registry_n_review	english_source_context_family_review
block:block.refurbished_furniture.red_sofa	sha256:dad775a4691d3e2abbb8f9f93e1bc8f532db0cabaeb93d5e455e0ee4d34ef9ff	PASS	/root/rescripted_registry_n_review	english_source_context_family_review
block:block.refurbished_furniture.red_stool	sha256:6515672035ad51f2174ceccbf65abdbd4feb63ce7c1270a3213d3c139d3cca98	PASS	/root/rescripted_registry_n_review	english_source_context_family_review
block:block.refurbished_furniture.red_toilet	sha256:2d7209273b3f0d48042d5a156446cd4af4692044e6a7bf50e780b97f5cc6bfa0	PASS	/root/rescripted_registry_n_review	english_source_context_family_review
block:block.refurbished_furniture.red_trampoline	sha256:30011946803541346e35bfef70c86ea6a48d086c64ad4175b0f9ce781223a1d5	PASS	/root/rescripted_registry_n_review	english_source_context_family_review
block:block.refurbished_furniture.spruce_basin	sha256:87196ef7b2f2f648e67c5f8e140d62bae5da0be180a98aecf25e86d99581d5ee	PASS	/root/rescripted_registry_n_review	english_source_context_family_review
block:block.refurbished_furniture.spruce_bath	sha256:3011ba515d4b8d4b5b7fee75100eab78a9cb9d36c9ba1ab6026251135bce2b04	PASS	/root/rescripted_registry_n_review	english_source_context_family_review
block:block.refurbished_furniture.spruce_chair	sha256:210ec9a1dc978b5c0b253499cb7deef33a450074c3dcb2437fecc0a11e7c0dde	PASS	/root/rescripted_registry_n_review	english_source_context_family_review
block:block.refurbished_furniture.spruce_crate	sha256:17d445e2d728045a408bf2680bc6a97a969fda5ae4cd340fce74484ac80c80f1	PASS	/root/rescripted_registry_n_review	english_source_context_family_review
block:block.refurbished_furniture.spruce_cutting_board	sha256:79cca94b1b7b303fd84458a2d1c5e48357421023ad26d2198aa0bbe29240cb0d	PASS	/root/rescripted_registry_n_review	english_source_context_family_review
block:block.refurbished_furniture.spruce_dark_ceiling_fan	sha256:594498ba0dc27775967594a9bef6c5451cb6bda01e3ec464de950f5ac0f7c06b	PASS	/root/rescripted_registry_n_review	english_source_context_family_review
block:block.refurbished_furniture.spruce_desk	sha256:8f9e7ad62da27df725736fbf698c92cb38c3ef7bae50b9e0cf50c59ecd6db5f2	PASS	/root/rescripted_registry_n_review	english_source_context_family_review
block:block.refurbished_furniture.spruce_drawer	sha256:c2e6afca3d8211a1be00a6eea5c74ab11131c7849c6480e42e9a294ce05be8eb	PASS	/root/rescripted_registry_n_review	english_source_context_family_review
block:block.refurbished_furniture.spruce_hedge	sha256:53deba162330f0e99e87850bc6a350dd6567311f43973a2c0c8924f577b75426	PASS	/root/rescripted_registry_n_review	english_source_context_family_review
block:block.refurbished_furniture.spruce_kitchen_cabinetry	sha256:442c3f45411c93cf4a9bc2f00b82d02167527e2305ad807b7da3f0c82c358d51	PASS	/root/rescripted_registry_n_review	english_source_context_family_review
block:block.refurbished_furniture.spruce_kitchen_drawer	sha256:2bf2a3155d3d41b210bc422d6682357c2c043505ed9bc405d0d8f059da409931	PASS	/root/rescripted_registry_n_review	english_source_context_family_review
block:block.refurbished_furniture.spruce_kitchen_sink	sha256:a7c620741c108b2bbb58ba73a6ec83f80a97cf17d9e3a13370a80ebf52948ec0	PASS	/root/rescripted_registry_n_review	english_source_context_family_review
block:block.refurbished_furniture.spruce_kitchen_storage_cabinet	sha256:a04961d5c091482fca31081328200e8f2fbc58330f5e6b34d2002ea765ccad5d	PASS	/root/rescripted_registry_n_review	english_source_context_family_review
block:block.refurbished_furniture.spruce_lattice_fence	sha256:47e004e1a11b76950d19ad104c4eff003f84d09c7f5b263b655ac923dadc5f02	PASS	/root/rescripted_registry_n_review	english_source_context_family_review
block:block.refurbished_furniture.spruce_lattice_fence_gate	sha256:df6fb4c72250dd784372e06be3df6734ec1a857a4ee1d72009ef4015b3effc92	PASS	/root/rescripted_registry_n_review	english_source_context_family_review
block:block.refurbished_furniture.spruce_light_ceiling_fan	sha256:5b16b696060aefd4dc6b6e17515b73025173595b187e64ff9993e2e6e5e283ce	PASS	/root/rescripted_registry_n_review	english_source_context_family_review
block:block.refurbished_furniture.spruce_mail_box	sha256:9dc602d75e9bb3f0ea5d01c846b3f98386d23692bd2d7183e9e420c4e069dbf3	PASS	/root/rescripted_registry_n_review	english_source_context_family_review
block:block.refurbished_furniture.spruce_storage_cabinet	sha256:941f23c61e6ee6fe46581677fc70759558c14a7e1f4890d8a7431e0919142afb	PASS	/root/rescripted_registry_n_review	english_source_context_family_review
block:block.refurbished_furniture.spruce_storage_jar	sha256:9e627ee191e4097896286e619baac8ea2d041828d1e940b23fb613a69b2a2a40	PASS	/root/rescripted_registry_n_review	english_source_context_family_review
block:block.refurbished_furniture.spruce_table	sha256:ab81fa3704505af868f1269935a3b0302c9fe99fc1ad9cb96fdb87df9b46a442	PASS	/root/rescripted_registry_n_review	english_source_context_family_review
block:block.refurbished_furniture.spruce_toilet	sha256:16a6c0a463e13482a801373d7c92e81452ce2f0367a905865dac7b95dc60750a	PASS	/root/rescripted_registry_n_review	english_source_context_family_review
block:block.refurbished_furniture.stone_stepping_stones	sha256:80f32162bce604e1131ce5f8427d971a4c73b81a4aa3a8901ea2cfea05bd525a	PASS	/root/rescripted_registry_n_review	english_source_context_family_review
block:block.refurbished_furniture.television	sha256:7e7536a95dcfb769ac5b4d76bf4b3752745e3ac5235fb2decdf4443367b74765	PASS	/root/rescripted_registry_n_review	english_source_context_family_review
block:block.refurbished_furniture.warped_basin	sha256:7a62b520051da89dfaf14e5a0caf6611daf90bfcd5fe5d5bb7dc8d8fa146d182	PASS	/root/rescripted_registry_n_review	english_source_context_family_review
block:block.refurbished_furniture.warped_bath	sha256:b299efad7886cc33b9fab54f686c8261bc84859182a045d29b191790c1832dc3	PASS	/root/rescripted_registry_n_review	english_source_context_family_review
block:block.refurbished_furniture.warped_chair	sha256:081f75ec9e21e268904e5b3f053b7fd40e7dbb84c1954bdaa509e85e5c9070b3	PASS	/root/rescripted_registry_n_review	english_source_context_family_review
block:block.refurbished_furniture.warped_crate	sha256:367b8260eba1685322959d45e42f79fedf79a68cf9520bb8a422d0c8c41de65f	PASS	/root/rescripted_registry_n_review	english_source_context_family_review
block:block.refurbished_furniture.warped_cutting_board	sha256:8047936e5c11f12fb764c2ab8fa3b2dd95932de09e8ffed1a0c61880ab69ca88	PASS	/root/rescripted_registry_n_review	english_source_context_family_review
block:block.refurbished_furniture.warped_dark_ceiling_fan	sha256:af51d55d88675464f9d460f388e26f25d5b1a2b420c69a34eb83c35be61ae03d	PASS	/root/rescripted_registry_n_review	english_source_context_family_review
block:block.refurbished_furniture.warped_desk	sha256:b5faebb7c93ce1794652de0719a6f49fa4ecadaa2195757f4cd6230b1becb81d	PASS	/root/rescripted_registry_n_review	english_source_context_family_review
block:block.refurbished_furniture.warped_drawer	sha256:90a1329cef2a5c18bf81a96b7601d2e83b73967b67ed0d362776e8280789af84	PASS	/root/rescripted_registry_n_review	english_source_context_family_review
block:block.refurbished_furniture.warped_kitchen_cabinetry	sha256:5838be6ef0a7756d41cf6b1caafc2b8fe9a1cd7786cf58caffaae3898faf996f	PASS	/root/rescripted_registry_n_review	english_source_context_family_review
block:block.refurbished_furniture.warped_kitchen_drawer	sha256:d5594065b4f7aa17e5b2d7cc33a6c52bdd84fa706f05a6c5a42f70b6bb57b95e	PASS	/root/rescripted_registry_n_review	english_source_context_family_review
block:block.refurbished_furniture.warped_kitchen_sink	sha256:88cd1e7b4755f8bed4c4571be3f8ba8aec3f3dc625849e3dd595c4fa6ca37998	PASS	/root/rescripted_registry_n_review	english_source_context_family_review
block:block.refurbished_furniture.warped_kitchen_storage_cabinet	sha256:d9e4326243c9a3e11019a6925088a56283c9495491dcb1ab57258a0cf8d89db6	PASS	/root/rescripted_registry_n_review	english_source_context_family_review
block:block.refurbished_furniture.warped_lattice_fence	sha256:1829fec4ecb46bc74d6fcdcb4a3b251931b6928ecf2ec333b82be0e01f9cd52f	PASS	/root/rescripted_registry_n_review	english_source_context_family_review
block:block.refurbished_furniture.warped_lattice_fence_gate	sha256:2745f44eb451c49074171911ec6e60c15b6547212011de0de0d48b23ce168ed6	PASS	/root/rescripted_registry_n_review	english_source_context_family_review
block:block.refurbished_furniture.warped_light_ceiling_fan	sha256:4be3063abbf0a2ade7b85ef782cb7b4702be7b0fc3ea89f5869e54f43f164768	PASS	/root/rescripted_registry_n_review	english_source_context_family_review
block:block.refurbished_furniture.warped_mail_box	sha256:0aeeaed349f71673de5dbbbf54ea19f3f3fd9db8d2365ba922e6165b8148cb6b	PASS	/root/rescripted_registry_n_review	english_source_context_family_review
block:block.refurbished_furniture.warped_storage_cabinet	sha256:d4ace263aaf6ab49abbfa60198d1b41cb80c6874f5adb333a62e2b6c7a52e4db	PASS	/root/rescripted_registry_n_review	english_source_context_family_review
block:block.refurbished_furniture.warped_storage_jar	sha256:fb0e2974b837a23c0249ba99d431f9539de5e6c70224521ad9084ff99f380bd8	PASS	/root/rescripted_registry_n_review	english_source_context_family_review
block:block.refurbished_furniture.warped_table	sha256:e9d239a2e7b98984b3c0f978bdf3579302c13d8469265e99dff36538fbbbfd44	PASS	/root/rescripted_registry_n_review	english_source_context_family_review
block:block.refurbished_furniture.warped_toilet	sha256:d26f7a2c0f69ea6c0d9abcba678f79ab52277f381400c4d1fb73efef7b806f37	PASS	/root/rescripted_registry_n_review	english_source_context_family_review
block:block.refurbished_furniture.white_basin	sha256:1d5dedaa5f82622b837c55557f6820579aa25c309fb20e85566b36309c414709	PASS	/root/rescripted_registry_n_review	english_source_context_family_review
block:block.refurbished_furniture.white_bath	sha256:b82c55707ddeace052d78b9795f6a317c6f8fe91dc2b2a46f48014520442642b	PASS	/root/rescripted_registry_n_review	english_source_context_family_review
block:block.refurbished_furniture.white_cooler	sha256:ffcc21794b44e34ed49ee1866739be22a91a257af25e27658f22baf2068b2ed7	PASS	/root/rescripted_registry_n_review	english_source_context_family_review
block:block.refurbished_furniture.white_grill	sha256:a18a7231c4e2c97ad7d61545012a323b70fc220b4a0a1a6fc89f679dd754a9a8	PASS	/root/rescripted_registry_n_review	english_source_context_family_review
block:block.refurbished_furniture.white_kitchen_cabinetry	sha256:fe8c3597620f0fe790b18da62cb89097d6ba7d3ac087991e79024b612ba03e92	PASS	/root/rescripted_registry_n_review	english_source_context_family_review
block:block.refurbished_furniture.white_kitchen_drawer	sha256:4f94c8d4fcaf20078ccfc2a6b0e5b3405d52cbcde7a1c5b23be512d2e9b34c86	PASS	/root/rescripted_registry_n_review	english_source_context_family_review
block:block.refurbished_furniture.white_kitchen_sink	sha256:98267f6b7cdf0699686be43589c3ea2e232faba52368ac2010dd448494b96240	PASS	/root/rescripted_registry_n_review	english_source_context_family_review
block:block.refurbished_furniture.white_kitchen_storage_cabinet	sha256:b6e1fbb97f3300563130613f0282ed65aa260bef9faf1fafc5e0161391c1b66f	PASS	/root/rescripted_registry_n_review	english_source_context_family_review
block:block.refurbished_furniture.white_lamp	sha256:cc56ed20b735e03344ea2361e4c361411c216738bf294047e238a6a6179cb104	PASS	/root/rescripted_registry_n_review	english_source_context_family_review
block:block.refurbished_furniture.white_sofa	sha256:872d0d93365de5afc0e350f85d26ef3b5b4c92fc0c9d358c19981e615a8c04cd	PASS	/root/rescripted_registry_n_review	english_source_context_family_review
block:block.refurbished_furniture.white_stool	sha256:b814ed5975b0d16d8ac207b317b5062db64bb8c8008a37943cc68ae3d172d37b	PASS	/root/rescripted_registry_n_review	english_source_context_family_review
block:block.refurbished_furniture.white_toilet	sha256:eab6565ad8584a864dc789c2c7d8377fb63b15b12968dd3ded252d65d098124a	PASS	/root/rescripted_registry_n_review	english_source_context_family_review
block:block.refurbished_furniture.white_trampoline	sha256:14b34531fad74d6e46f8b3b07cfbcb851c5e68550b59e060575548b20d5cf83c	PASS	/root/rescripted_registry_n_review	english_source_context_family_review
block:block.refurbished_furniture.workbench	sha256:a4e733eebdd37c3ad6d3a0edc6fab8d8efd4487598fa42ec8cd1ee3e119914e3	PASS	/root/rescripted_registry_n_review	english_source_context_family_review
block:block.refurbished_furniture.yellow_basin	sha256:89df4859571d968ea79dfcd52dee9dc536a26bded987e65cad8ec5617bc41262	PASS	/root/rescripted_registry_n_review	english_source_context_family_review
block:block.refurbished_furniture.yellow_bath	sha256:067083cbdae4dd45631871495997b08351fdcff03808262e155756653200bea8	PASS	/root/rescripted_registry_n_review	english_source_context_family_review
block:block.refurbished_furniture.yellow_cooler	sha256:909a40b49d8f34f81f9428dd12d1cac02a8c0a2235c0b237386f2bc2e3e1b7de	PASS	/root/rescripted_registry_n_review	english_source_context_family_review
block:block.refurbished_furniture.yellow_grill	sha256:2fee092ad0d0321ce99c9ea689530e3a2dad73050ad8dcd10c040535763205a4	PASS	/root/rescripted_registry_n_review	english_source_context_family_review
block:block.refurbished_furniture.yellow_kitchen_cabinetry	sha256:512a07a542e14de1f66ffa06eb5aa817dff61bf7f9389f0d067b841b98734539	PASS	/root/rescripted_registry_n_review	english_source_context_family_review
block:block.refurbished_furniture.yellow_kitchen_drawer	sha256:bc5273af4af19112fefd52708ff78943c18d6b0d0180de42ef7266623f2ac213	PASS	/root/rescripted_registry_n_review	english_source_context_family_review
block:block.refurbished_furniture.yellow_kitchen_sink	sha256:05e22aef39478478c9673a413b32c9830ac8309926ca3b70b8abe6a8c0a4b2e7	PASS	/root/rescripted_registry_n_review	english_source_context_family_review
block:block.refurbished_furniture.yellow_kitchen_storage_cabinet	sha256:93eb8d9e8f5f892c218d3ffc61d3a0206ce1d03e947fe0226baa9cb55ef89912	PASS	/root/rescripted_registry_n_review	english_source_context_family_review
block:block.refurbished_furniture.yellow_lamp	sha256:65c6c89a7d65d31e846afc8379fdb0e09d8363b623d0076bf1425bb4914052c1	PASS	/root/rescripted_registry_n_review	english_source_context_family_review
block:block.refurbished_furniture.yellow_sofa	sha256:1cc84ea5825e1b88f5c6529c91e714911c10f2d160fe324a4ed4ba900604da5e	PASS	/root/rescripted_registry_n_review	english_source_context_family_review
block:block.refurbished_furniture.yellow_stool	sha256:86607b8dbe5b8632f7f148ffcd668b76700a577561da89e3125ff480ade2d643	PASS	/root/rescripted_registry_n_review	english_source_context_family_review
block:block.refurbished_furniture.yellow_toilet	sha256:ba63863c7e729ceaca672d0297f9bf95e506a70968b08bee4e410d2fbf2eb0a2	PASS	/root/rescripted_registry_n_review	english_source_context_family_review
block:block.refurbished_furniture.yellow_trampoline	sha256:85b1264ae7dc5490664a84e6b00301666c9ce2c63284260804d24cd7ac234edc	PASS	/root/rescripted_registry_n_review	english_source_context_family_review
block:block.simpleradio.antenna	sha256:7b2e6c058944a9a1bad39b014e68569fc9b97676e3f6d6220a2a38ced347fe99	PASS	/root/rescripted_registry_n_review	english_source_context_family_review
block:block.simpleradio.frequencer	sha256:38971bc9d7115cce46f3557ab69eece219a388507b85ece7b3490720b428f673	PASS	/root/rescripted_registry_n_review	english_source_context_family_review
block:block.simpleradio.insulator	sha256:c41984704627032f7803d53f0d975442d59d49158ad0a115bfdfd439890dbf7c	PASS	/root/rescripted_registry_n_review	english_source_context_family_review
block:block.simpleradio.microphone	sha256:186352a881d0550e2da1f74e5c317770702bc2a0f9c3da69a10e27c14a217bac	PASS	/root/rescripted_registry_n_review	english_source_context_family_review
block:block.simpleradio.radio	sha256:2a7dfeb2f2b018e5dae04497c0a281e7b22403057b91679046c9da52433894e1	PASS	/root/rescripted_registry_n_review	english_source_context_family_review
block:block.simpleradio.radiosmither	sha256:b2ff65036a44d3bfed32286954da67dd876c84a3586cc72bb65e82d2a421de41	PASS	/root/rescripted_registry_n_review	english_source_context_family_review
block:block.simpleradio.receiver	sha256:86cec081a5288000ddb804c24ac70de62a5060e5b4f4068b01a01f9f29dddacc	PASS	/root/rescripted_registry_n_review	english_source_context_family_review
block:block.simpleradio.speaker	sha256:a9e0c70585121f5f79e52330eaf56937d5088e388f0e8b0e14968d9891044f2c	PASS	/root/rescripted_registry_n_review	english_source_context_family_review
block:block.simpleradio.transmitter	sha256:e35e1d86195035d8fdd2de7693a3dba63ce341cc5f0e2475fa68b741a0e5086d	PASS	/root/rescripted_registry_n_review	english_source_context_family_review
block:block.snad.red_snad	sha256:feca14ffea1e8deb40cd71bb19fcd73a0232c7ce475daa9aeefc9c567b2f692c	PASS	/root/rescripted_registry_n_review	english_source_context_family_review
block:block.snad.snad	sha256:0bfe80031522ae9165a456ccadc2863353c4c4e3ccf5ff5cec7c04497632dc76	PASS	/root/rescripted_registry_n_review	english_source_context_family_review
block:block.snad.suol_snad	sha256:7cb09be67b5feee9653ecd752c991a308d11117a2b05d24c3c83001f475d08e0	PASS	/root/rescripted_registry_n_review	english_source_context_family_review
block:block.sophisticatedbackpacks.backpack	sha256:5118f76d9067edc593d6946b88693cefa6604c7e613111193db118166d4af589	PASS	/root/rescripted_registry_n_review	english_source_context_family_review
block:block.sophisticatedbackpacks.copper_backpack	sha256:0014dda4f47b898417bd6b2ac6c3184ebfdd5f0fb0e8c0c3fce878694b7f16c5	PASS	/root/rescripted_registry_n_review	english_source_context_family_review
block:block.sophisticatedbackpacks.diamond_backpack	sha256:d3f6077ebe6fd9e299b82a7ca842909ac34166adeaf2d2be8bd371ed00c85712	PASS	/root/rescripted_registry_n_review	english_source_context_family_review
block:block.sophisticatedbackpacks.gold_backpack	sha256:8b425063826d7eaabe7d8ead65341abb4ec9e7423b0871fe77789aed90e6c9cc	PASS	/root/rescripted_registry_n_review	english_source_context_family_review
block:block.sophisticatedbackpacks.iron_backpack	sha256:16dd335dccdc00c8c54ed7044af9ef3510d78769f106c7939b1b77a515eecb52	PASS	/root/rescripted_registry_n_review	english_source_context_family_review
block:block.sophisticatedbackpacks.netherite_backpack	sha256:d5d1e45f97ea78a04206d456bf315db9009c1c03bc76ba31cfa80b292dbb85d9	PASS	/root/rescripted_registry_n_review	english_source_context_family_review
block:block.storage_shelves.acacia_crafting_storage_shelf	sha256:e2181c38074ab48e8811190a3d20155770107a552dcc16b1a1288aa7b3d4db1b	PASS	/root/rescripted_registry_n_review	english_source_context_family_review
block:block.storage_shelves.acacia_storage_shelf	sha256:074768925f28de69064d34f8ca7f6e6ca5b7cb5324fa374c3f5b7f7c3298ce2b	PASS	/root/rescripted_registry_n_review	english_source_context_family_review
block:block.storage_shelves.acacia_storage_shelf_1	sha256:074768925f28de69064d34f8ca7f6e6ca5b7cb5324fa374c3f5b7f7c3298ce2b	PASS	/root/rescripted_registry_n_review	english_source_context_family_review
block:block.storage_shelves.acacia_storage_shelf_2	sha256:074768925f28de69064d34f8ca7f6e6ca5b7cb5324fa374c3f5b7f7c3298ce2b	PASS	/root/rescripted_registry_n_review	english_source_context_family_review
block:block.storage_shelves.acacia_storage_shelf_3	sha256:074768925f28de69064d34f8ca7f6e6ca5b7cb5324fa374c3f5b7f7c3298ce2b	PASS	/root/rescripted_registry_n_review	english_source_context_family_review
block:block.storage_shelves.acacia_storage_shelf_large	sha256:074768925f28de69064d34f8ca7f6e6ca5b7cb5324fa374c3f5b7f7c3298ce2b	PASS	/root/rescripted_registry_n_review	english_source_context_family_review
block:block.storage_shelves.bamboo_crafting_storage_shelf	sha256:b6d1b3b045d1a27ba891a916181e8e7a830c06b765267e51a8e5dfb87fe89f55	PASS	/root/rescripted_registry_n_review	english_source_context_family_review
block:block.storage_shelves.bamboo_storage_shelf	sha256:272d323be76a3ef75077cada711e8b1350fcf7fb146d14639e2724b0c48cdc52	PASS	/root/rescripted_registry_n_review	english_source_context_family_review
block:block.storage_shelves.bamboo_storage_shelf_1	sha256:272d323be76a3ef75077cada711e8b1350fcf7fb146d14639e2724b0c48cdc52	PASS	/root/rescripted_registry_n_review	english_source_context_family_review
block:block.storage_shelves.bamboo_storage_shelf_2	sha256:272d323be76a3ef75077cada711e8b1350fcf7fb146d14639e2724b0c48cdc52	PASS	/root/rescripted_registry_n_review	english_source_context_family_review
block:block.storage_shelves.bamboo_storage_shelf_3	sha256:272d323be76a3ef75077cada711e8b1350fcf7fb146d14639e2724b0c48cdc52	PASS	/root/rescripted_registry_n_review	english_source_context_family_review
block:block.storage_shelves.bamboo_storage_shelf_large	sha256:272d323be76a3ef75077cada711e8b1350fcf7fb146d14639e2724b0c48cdc52	PASS	/root/rescripted_registry_n_review	english_source_context_family_review
block:block.storage_shelves.birch_crafting_storage_shelf	sha256:c057a5bba28183cb417ea4207b8ebde3c1039d3627a347fc1f077590f4b0e180	PASS	/root/rescripted_registry_n_review	english_source_context_family_review
block:block.storage_shelves.birch_storage_shelf	sha256:c09f631885b970122013eae126bb40baf7e9b0f15a3d3f16973b14925fb542f6	PASS	/root/rescripted_registry_n_review	english_source_context_family_review
block:block.storage_shelves.birch_storage_shelf_1	sha256:c09f631885b970122013eae126bb40baf7e9b0f15a3d3f16973b14925fb542f6	PASS	/root/rescripted_registry_n_review	english_source_context_family_review
block:block.storage_shelves.birch_storage_shelf_2	sha256:c09f631885b970122013eae126bb40baf7e9b0f15a3d3f16973b14925fb542f6	PASS	/root/rescripted_registry_n_review	english_source_context_family_review
block:block.storage_shelves.birch_storage_shelf_3	sha256:c09f631885b970122013eae126bb40baf7e9b0f15a3d3f16973b14925fb542f6	PASS	/root/rescripted_registry_n_review	english_source_context_family_review
block:block.storage_shelves.birch_storage_shelf_large	sha256:c09f631885b970122013eae126bb40baf7e9b0f15a3d3f16973b14925fb542f6	PASS	/root/rescripted_registry_n_review	english_source_context_family_review
block:block.storage_shelves.cardboard_stack_1	sha256:64678ec1488f91cc0b95f690639f0a586db599537dfdfed2ed37859b813144d6	PASS	/root/rescripted_registry_n_review	english_source_context_family_review
block:block.storage_shelves.cardboard_stack_2	sha256:a629b415bb2f66e6a16145dcda0089473f8c6fb14fc22aa89e2168c71ed4e65b	PASS	/root/rescripted_registry_n_review	english_source_context_family_review
block:block.storage_shelves.cardboard_stack_3	sha256:96916f39b5195bc5533671ba7facc6517ed7534831231bbe7f2bd6510463b4d1	PASS	/root/rescripted_registry_n_review	english_source_context_family_review
block:block.storage_shelves.cherry_crafting_storage_shelf	sha256:cb086f9b0d08777b0ead5614d38981cadad22b17a86e678c21b43076e8856b3a	PASS	/root/rescripted_registry_n_review	english_source_context_family_review
block:block.storage_shelves.cherry_storage_shelf	sha256:de41591d96f3db691fe956f4741716026a63b77348f685e655329cf1d239908f	PASS	/root/rescripted_registry_n_review	english_source_context_family_review
block:block.storage_shelves.cherry_storage_shelf_1	sha256:de41591d96f3db691fe956f4741716026a63b77348f685e655329cf1d239908f	PASS	/root/rescripted_registry_n_review	english_source_context_family_review
block:block.storage_shelves.cherry_storage_shelf_2	sha256:de41591d96f3db691fe956f4741716026a63b77348f685e655329cf1d239908f	PASS	/root/rescripted_registry_n_review	english_source_context_family_review
block:block.storage_shelves.cherry_storage_shelf_3	sha256:de41591d96f3db691fe956f4741716026a63b77348f685e655329cf1d239908f	PASS	/root/rescripted_registry_n_review	english_source_context_family_review
block:block.storage_shelves.cherry_storage_shelf_large	sha256:de41591d96f3db691fe956f4741716026a63b77348f685e655329cf1d239908f	PASS	/root/rescripted_registry_n_review	english_source_context_family_review
block:block.storage_shelves.crimson_crafting_storage_shelf	sha256:ff213d14eb81633a2861dca9187ef22b2bf452dff3d6c134527b57af1c52745c	PASS	/root/rescripted_registry_n_review	english_source_context_family_review
block:block.storage_shelves.crimson_storage_shelf	sha256:fc1b0fe3d165315dd77e2bd477f9bc2af4708f5ae048c2d8885b360e1f0473d9	PASS	/root/rescripted_registry_n_review	english_source_context_family_review
block:block.storage_shelves.crimson_storage_shelf_1	sha256:fc1b0fe3d165315dd77e2bd477f9bc2af4708f5ae048c2d8885b360e1f0473d9	PASS	/root/rescripted_registry_n_review	english_source_context_family_review
block:block.storage_shelves.crimson_storage_shelf_2	sha256:fc1b0fe3d165315dd77e2bd477f9bc2af4708f5ae048c2d8885b360e1f0473d9	PASS	/root/rescripted_registry_n_review	english_source_context_family_review
block:block.storage_shelves.crimson_storage_shelf_3	sha256:fc1b0fe3d165315dd77e2bd477f9bc2af4708f5ae048c2d8885b360e1f0473d9	PASS	/root/rescripted_registry_n_review	english_source_context_family_review
block:block.storage_shelves.crimson_storage_shelf_large	sha256:fc1b0fe3d165315dd77e2bd477f9bc2af4708f5ae048c2d8885b360e1f0473d9	PASS	/root/rescripted_registry_n_review	english_source_context_family_review
block:block.storage_shelves.dark_oak_crafting_storage_shelf	sha256:71e446dd26ccd0cdb6d960e97a15cea9e83da4a153b387e1a8f3fddd8d7506ad	PASS	/root/rescripted_registry_n_review	english_source_context_family_review
block:block.storage_shelves.dark_oak_storage_shelf	sha256:0704e1e3ad243699085763aaf36f60386f6b15c19b8aa6e3ee2536df65f893cc	PASS	/root/rescripted_registry_n_review	english_source_context_family_review
block:block.storage_shelves.dark_oak_storage_shelf_1	sha256:0704e1e3ad243699085763aaf36f60386f6b15c19b8aa6e3ee2536df65f893cc	PASS	/root/rescripted_registry_n_review	english_source_context_family_review
block:block.storage_shelves.dark_oak_storage_shelf_2	sha256:0704e1e3ad243699085763aaf36f60386f6b15c19b8aa6e3ee2536df65f893cc	PASS	/root/rescripted_registry_n_review	english_source_context_family_review
block:block.storage_shelves.dark_oak_storage_shelf_3	sha256:0704e1e3ad243699085763aaf36f60386f6b15c19b8aa6e3ee2536df65f893cc	PASS	/root/rescripted_registry_n_review	english_source_context_family_review
block:block.storage_shelves.dark_oak_storage_shelf_large	sha256:0704e1e3ad243699085763aaf36f60386f6b15c19b8aa6e3ee2536df65f893cc	PASS	/root/rescripted_registry_n_review	english_source_context_family_review
block:block.storage_shelves.jungle_crafting_storage_shelf	sha256:f3f84880523674286f2aa2831509489b4d366323c671f0301c05e02f9056b455	PASS	/root/rescripted_registry_n_review	english_source_context_family_review
block:block.storage_shelves.jungle_storage_shelf	sha256:2d1cd2ad34ed2f78ae97203cd440690a8338b4ddb8184ac0e5b251776b2a73df	PASS	/root/rescripted_registry_n_review	english_source_context_family_review
block:block.storage_shelves.jungle_storage_shelf_1	sha256:2d1cd2ad34ed2f78ae97203cd440690a8338b4ddb8184ac0e5b251776b2a73df	PASS	/root/rescripted_registry_n_review	english_source_context_family_review
block:block.storage_shelves.jungle_storage_shelf_2	sha256:2d1cd2ad34ed2f78ae97203cd440690a8338b4ddb8184ac0e5b251776b2a73df	PASS	/root/rescripted_registry_n_review	english_source_context_family_review
block:block.storage_shelves.jungle_storage_shelf_3	sha256:2d1cd2ad34ed2f78ae97203cd440690a8338b4ddb8184ac0e5b251776b2a73df	PASS	/root/rescripted_registry_n_review	english_source_context_family_review
block:block.storage_shelves.jungle_storage_shelf_large	sha256:2d1cd2ad34ed2f78ae97203cd440690a8338b4ddb8184ac0e5b251776b2a73df	PASS	/root/rescripted_registry_n_review	english_source_context_family_review
block:block.storage_shelves.large_cardboard_box_stack	sha256:97dab13550e82bd7baf15d851c7ae58644aaea055dbe1e63c814abd426b790f2	PASS	/root/rescripted_registry_n_review	english_source_context_family_review
block:block.storage_shelves.mangrove_crafting_storage_shelf	sha256:5103d24cdd4ad9c14153c3b493a169bb0a156bafa1bc3db672805ac17feaddf9	PASS	/root/rescripted_registry_n_review	english_source_context_family_review
block:block.storage_shelves.mangrove_storage_shelf	sha256:04841913808f4f1a1caa3edfd6f46000b95287556a56e7573aa8eadfab748263	PASS	/root/rescripted_registry_n_review	english_source_context_family_review
block:block.storage_shelves.mangrove_storage_shelf_1	sha256:04841913808f4f1a1caa3edfd6f46000b95287556a56e7573aa8eadfab748263	PASS	/root/rescripted_registry_n_review	english_source_context_family_review
block:block.storage_shelves.mangrove_storage_shelf_2	sha256:04841913808f4f1a1caa3edfd6f46000b95287556a56e7573aa8eadfab748263	PASS	/root/rescripted_registry_n_review	english_source_context_family_review
block:block.storage_shelves.mangrove_storage_shelf_3	sha256:04841913808f4f1a1caa3edfd6f46000b95287556a56e7573aa8eadfab748263	PASS	/root/rescripted_registry_n_review	english_source_context_family_review
block:block.storage_shelves.mangrove_storage_shelf_large	sha256:04841913808f4f1a1caa3edfd6f46000b95287556a56e7573aa8eadfab748263	PASS	/root/rescripted_registry_n_review	english_source_context_family_review
block:block.storage_shelves.oak_crafting_storage_shelf	sha256:b18235d1bddd9782c734b3fbf89b82fc7e6228d38a004a8a1bc9543c576f542f	PASS	/root/rescripted_registry_n_review	english_source_context_family_review
block:block.storage_shelves.oak_storage_shelf	sha256:458e8e9a72d39cd6d2edfde305d8876b4abfc3001fcc1d8b8c0ddc965902194f	PASS	/root/rescripted_registry_n_review	english_source_context_family_review
block:block.storage_shelves.oak_storage_shelf_1	sha256:458e8e9a72d39cd6d2edfde305d8876b4abfc3001fcc1d8b8c0ddc965902194f	PASS	/root/rescripted_registry_n_review	english_source_context_family_review
block:block.storage_shelves.oak_storage_shelf_2	sha256:458e8e9a72d39cd6d2edfde305d8876b4abfc3001fcc1d8b8c0ddc965902194f	PASS	/root/rescripted_registry_n_review	english_source_context_family_review
block:block.storage_shelves.oak_storage_shelf_3	sha256:458e8e9a72d39cd6d2edfde305d8876b4abfc3001fcc1d8b8c0ddc965902194f	PASS	/root/rescripted_registry_n_review	english_source_context_family_review
block:block.storage_shelves.oak_storage_shelf_large	sha256:458e8e9a72d39cd6d2edfde305d8876b4abfc3001fcc1d8b8c0ddc965902194f	PASS	/root/rescripted_registry_n_review	english_source_context_family_review
block:block.storage_shelves.spruce_crafting_storage_shelf	sha256:bb084ae90177daa45db2d71c9d80f1debea54dde068abcbfb7be41df2f4aad03	PASS	/root/rescripted_registry_n_review	english_source_context_family_review
block:block.storage_shelves.spruce_storage_shelf	sha256:2fcbe6b1c171bcf43ec6fdc1676f2f83a4b4b7f60ae5786182fd625929a835c0	PASS	/root/rescripted_registry_n_review	english_source_context_family_review
block:block.storage_shelves.spruce_storage_shelf_1	sha256:2fcbe6b1c171bcf43ec6fdc1676f2f83a4b4b7f60ae5786182fd625929a835c0	PASS	/root/rescripted_registry_n_review	english_source_context_family_review
block:block.storage_shelves.spruce_storage_shelf_2	sha256:2fcbe6b1c171bcf43ec6fdc1676f2f83a4b4b7f60ae5786182fd625929a835c0	PASS	/root/rescripted_registry_n_review	english_source_context_family_review
block:block.storage_shelves.spruce_storage_shelf_3	sha256:2fcbe6b1c171bcf43ec6fdc1676f2f83a4b4b7f60ae5786182fd625929a835c0	PASS	/root/rescripted_registry_n_review	english_source_context_family_review
block:block.storage_shelves.spruce_storage_shelf_large	sha256:2fcbe6b1c171bcf43ec6fdc1676f2f83a4b4b7f60ae5786182fd625929a835c0	PASS	/root/rescripted_registry_n_review	english_source_context_family_review
block:block.storage_shelves.warped_crafting_storage_shelf	sha256:d4c1edea92b4a3fd3e2308f298dc925e7e27bcaf01802d53ec0e59282872e711	PASS	/root/rescripted_registry_n_review	english_source_context_family_review
block:block.storage_shelves.warped_storage_shelf	sha256:b4d2338ca604d516d5d60d605855c929ab88d6cb2cdd00add0db2ccb1358608b	PASS	/root/rescripted_registry_n_review	english_source_context_family_review
block:block.storage_shelves.warped_storage_shelf_1	sha256:b4d2338ca604d516d5d60d605855c929ab88d6cb2cdd00add0db2ccb1358608b	PASS	/root/rescripted_registry_n_review	english_source_context_family_review
block:block.storage_shelves.warped_storage_shelf_2	sha256:b4d2338ca604d516d5d60d605855c929ab88d6cb2cdd00add0db2ccb1358608b	PASS	/root/rescripted_registry_n_review	english_source_context_family_review
block:block.storage_shelves.warped_storage_shelf_3	sha256:b4d2338ca604d516d5d60d605855c929ab88d6cb2cdd00add0db2ccb1358608b	PASS	/root/rescripted_registry_n_review	english_source_context_family_review
block:block.storage_shelves.warped_storage_shelf_large	sha256:b4d2338ca604d516d5d60d605855c929ab88d6cb2cdd00add0db2ccb1358608b	PASS	/root/rescripted_registry_n_review	english_source_context_family_review
block:block.storagedrawers.acacia_full_drawers_1	sha256:ca9990b8d7c86eff1ef7a8f7697ba66807de2de341e8ef4609ae41cd65cc9542	PASS	/root/rescripted_registry_n_review	english_source_context_family_review
block:block.storagedrawers.acacia_full_drawers_2	sha256:d6b74f870602c44ecf2b69e3df29e51426c161696a04fcdca05d62edf092a19f	PASS	/root/rescripted_registry_n_review	english_source_context_family_review
block:block.storagedrawers.acacia_full_drawers_4	sha256:3a3da84ccc11c6cd91cd5ffa54dc08880ce2c22f864f48aa798387b7ad501772	PASS	/root/rescripted_registry_n_review	english_source_context_family_review
block:block.storagedrawers.acacia_half_drawers_1	sha256:cc2553ab6c149ab252807d1dc11551356daf23418b005f81211c01a2631dd880	PASS	/root/rescripted_registry_n_review	english_source_context_family_review
block:block.storagedrawers.acacia_half_drawers_2	sha256:d410fdc06f43b7c73da630f5618f7fa054b6bd35b2b04b0b9617d75de1a63e3a	PASS	/root/rescripted_registry_n_review	english_source_context_family_review
block:block.storagedrawers.acacia_half_drawers_4	sha256:cb353075d026fad9df05e577857fb5ba6f238309de1b8ba5c1192f95bff3a41f	PASS	/root/rescripted_registry_n_review	english_source_context_family_review
block:block.storagedrawers.acacia_trim	sha256:7626fc725f5cd1bbfa51b5d5f7b7127ef71ee6f287d0ed31b779d989272e9afb	PASS	/root/rescripted_registry_n_review	english_source_context_family_review
block:block.storagedrawers.bamboo_full_drawers_1	sha256:f3fc15e0d46ec75d05caf1dc057b8ca67161140b5368917cfefd129ec74806bb	PASS	/root/rescripted_registry_n_review	english_source_context_family_review
block:block.storagedrawers.bamboo_full_drawers_2	sha256:86aaba400a33c4107dfbb636ed2a016cc246d207d48036a1f62358395421d106	PASS	/root/rescripted_registry_n_review	english_source_context_family_review
block:block.storagedrawers.bamboo_full_drawers_4	sha256:dc41f10cb7aa64f67f9cd97c387c37f91d34c8570276cdb79d5aa758831b118e	PASS	/root/rescripted_registry_n_review	english_source_context_family_review
block:block.storagedrawers.bamboo_half_drawers_1	sha256:c957bd3e2b4f6fdb740a682e9d371df939c54bd1ff2140a86b618f987f882d25	PASS	/root/rescripted_registry_n_review	english_source_context_family_review
block:block.storagedrawers.bamboo_half_drawers_2	sha256:277eedac5a3a22f35c637c160e37c1b332b45e5b137b265ef969b573c2f61a4f	PASS	/root/rescripted_registry_n_review	english_source_context_family_review
block:block.storagedrawers.bamboo_half_drawers_4	sha256:b04e5d9cb7d18d3f2bb9f99375ff5366b760e4a7cf0515bcafa5bd6b1bb563d1	PASS	/root/rescripted_registry_n_review	english_source_context_family_review
block:block.storagedrawers.bamboo_trim	sha256:4eeabcd43bf1a25be9991b9fa2f639c1638210e4c1a7a4582106593c10876232	PASS	/root/rescripted_registry_n_review	english_source_context_family_review
block:block.storagedrawers.birch_full_drawers_1	sha256:77df7bf47811f572470292c9817f07aa9f2b866e1a915d7c31a779f0ddf1dda8	PASS	/root/rescripted_registry_n_review	english_source_context_family_review
block:block.storagedrawers.birch_full_drawers_2	sha256:ceeca4c688b938f9aa96e6fcc3f07a27aa2a627eb9c9f59c0f0b09bafecb1b3a	PASS	/root/rescripted_registry_n_review	english_source_context_family_review
block:block.storagedrawers.birch_full_drawers_4	sha256:ebf1a06d21e98edf0dee100c1ae53ce63bd17ca9373e9acc38a32e94ca427408	PASS	/root/rescripted_registry_n_review	english_source_context_family_review
block:block.storagedrawers.birch_half_drawers_1	sha256:b31c99111fa223cab2b8f52c775fd570a7e6b2d0c73e4f27837d99649f6a95d7	PASS	/root/rescripted_registry_n_review	english_source_context_family_review
block:block.storagedrawers.birch_half_drawers_2	sha256:6bb1c9409a7f91b32288de4825d5454382bffe0b0e1fbea3ea7a2f315ab20118	PASS	/root/rescripted_registry_n_review	english_source_context_family_review
block:block.storagedrawers.birch_half_drawers_4	sha256:7f716195fa451affd4798c95598466c5b0e84e0d573125ea68af2b4a8d7598c6	PASS	/root/rescripted_registry_n_review	english_source_context_family_review
block:block.storagedrawers.birch_trim	sha256:80021506054d319a93c9e055bf308341303f697dd1bd4b6e6db555e7a8bfee3d	PASS	/root/rescripted_registry_n_review	english_source_context_family_review
block:block.storagedrawers.cherry_full_drawers_1	sha256:a71624476387433171d8e42e1e64150d860efac9f6931fb58c19217af5d28100	PASS	/root/rescripted_registry_n_review	english_source_context_family_review
block:block.storagedrawers.cherry_full_drawers_2	sha256:9cee0b6c34ea29da247053944e6d070dc49845915ce07cb55fca61db76095d1e	PASS	/root/rescripted_registry_n_review	english_source_context_family_review
block:block.storagedrawers.cherry_full_drawers_4	sha256:6d12a25d5ba3a44e78fd965160aa6a70e6cc478889c9fd2f93d3c8d2162296a0	PASS	/root/rescripted_registry_n_review	english_source_context_family_review
block:block.storagedrawers.cherry_half_drawers_1	sha256:0b6a6eab2f5eb67503ec2297714ceb666289319aaaaf12c404359f375cb9eceb	PASS	/root/rescripted_registry_n_review	english_source_context_family_review
block:block.storagedrawers.cherry_half_drawers_2	sha256:ea3c40bd0beb77e583a3ef2189006a94a5a348b9a4739d6b45ba2c7a67e221d2	PASS	/root/rescripted_registry_n_review	english_source_context_family_review
block:block.storagedrawers.cherry_half_drawers_4	sha256:c71e5a9c2ddacd530cbe4909f97f240debab677c2055c02b7c40df9a44a63523	PASS	/root/rescripted_registry_n_review	english_source_context_family_review
block:block.storagedrawers.cherry_trim	sha256:389df621331c11c25ed42d62c7a5611e55baf4a237a112f470d85e18afe8174f	PASS	/root/rescripted_registry_n_review	english_source_context_family_review
block:block.storagedrawers.compacting_drawers_2	sha256:2faab2fe6dc80de996768abc6f6572cd6ed9f03575cc27b7fdd572d8e387a66f	CHANGE	/root/rescripted_registry_n_review	english_source_context_family_review
block:block.storagedrawers.compacting_drawers_3	sha256:b69feb61496b1949261e7c16a61e44c8dd5a963bcf4f4f27edb93377863f21dc	PASS	/root/rescripted_registry_n_review	english_source_context_family_review
block:block.storagedrawers.compacting_half_drawers_2	sha256:403f3380a15d662a6fd56bc45b485e11a72e00b0f727f6df3c396bf74ea0f03f	CHANGE	/root/rescripted_registry_n_review	english_source_context_family_review
block:block.storagedrawers.compacting_half_drawers_3	sha256:29f3f15809d02e08b0295d2914bbe9b2a5f4ea90bd1401d87a0966363cb6ef55	PASS	/root/rescripted_registry_n_review	english_source_context_family_review
block:block.storagedrawers.controller	sha256:8ad36c8476de21ba70ab8a61c268b7e05f71d528791bdfa986d8f1135a5dd1fc	PASS	/root/rescripted_registry_n_review	english_source_context_family_review
block:block.storagedrawers.controller_slave	sha256:0f3412b2c966e854f4a34afbed3d0b213557e909771a4a72f23fe5971eecefbc	PASS	/root/rescripted_registry_n_review	english_source_context_family_review
block:block.storagedrawers.crimson_full_drawers_1	sha256:0f27ca228973944ed24d02d70eb8b8291ecc357d8546abf6c058a0968cb74cf8	PASS	/root/rescripted_registry_n_review	english_source_context_family_review
block:block.storagedrawers.crimson_full_drawers_2	sha256:77f94040356cf57d4e56e6713213a22eb87e1696f430be8eaf24a70a043ad22a	PASS	/root/rescripted_registry_n_review	english_source_context_family_review
block:block.storagedrawers.crimson_full_drawers_4	sha256:05c8863886bf53e3e63d02722a403864a6f5afef3d5c078dbe2b7ae19466f5d6	PASS	/root/rescripted_registry_n_review	english_source_context_family_review
block:block.storagedrawers.crimson_half_drawers_1	sha256:ff87cbcc46adbd64b9c5467a084aa5df06268da6cf72b61aa8586c4b4fc61a32	PASS	/root/rescripted_registry_n_review	english_source_context_family_review
block:block.storagedrawers.crimson_half_drawers_2	sha256:2e9538107ed003ca8f510009eea87ad0b76f2a572308e18925d2292db5f53491	PASS	/root/rescripted_registry_n_review	english_source_context_family_review
block:block.storagedrawers.crimson_half_drawers_4	sha256:a84a0a175a4d599a0028f484e9fccef45b6f152e1bdcaadfd82ee031bb1c0bd9	PASS	/root/rescripted_registry_n_review	english_source_context_family_review
block:block.storagedrawers.crimson_trim	sha256:32341193a38694ad7da50665d03eed9e5dd667e72656a65820eb5bb495515e6f	PASS	/root/rescripted_registry_n_review	english_source_context_family_review
block:block.storagedrawers.dark_oak_full_drawers_1	sha256:d2b5de4c988dd8cd413ccc5a4a7e20373e6a6a7c2dd67413a08575422b2780af	PASS	/root/rescripted_registry_n_review	english_source_context_family_review
block:block.storagedrawers.dark_oak_full_drawers_2	sha256:988e211cebc4a6c26002e9be459a833b027df4db033bf59670e4dab18088b17f	PASS	/root/rescripted_registry_n_review	english_source_context_family_review
block:block.storagedrawers.dark_oak_full_drawers_4	sha256:861ac31b0f02eca7ad27f9428d7750803edda14161619c2174fd51325a648f03	PASS	/root/rescripted_registry_n_review	english_source_context_family_review
block:block.storagedrawers.dark_oak_half_drawers_1	sha256:3798504e2e8bb28efe4221972928d0167014e7e0b9b40ae2d6d5392e1ffe3337	PASS	/root/rescripted_registry_n_review	english_source_context_family_review
block:block.storagedrawers.dark_oak_half_drawers_2	sha256:6c4b6e6a9c1f87262ca13bf8b45d15dd22822d2772ea8d15655221d3a04c27a9	PASS	/root/rescripted_registry_n_review	english_source_context_family_review
block:block.storagedrawers.dark_oak_half_drawers_4	sha256:b4ee8a4db9c0e3ec6aec39587286f2f8d0f393a30cb117da9213c569874ecefc	PASS	/root/rescripted_registry_n_review	english_source_context_family_review
block:block.storagedrawers.dark_oak_trim	sha256:88c494808df8a2be236db1b34e30b79d2f260de1243dac3d5e6bc7ddaf9a1720	PASS	/root/rescripted_registry_n_review	english_source_context_family_review
block:block.storagedrawers.framed_compacting_drawers_2	sha256:a0089ce592789935ab66b775c74dff2d8718ba3520c187132765cc7af73632e6	PASS	/root/rescripted_registry_n_review	english_source_context_family_review
block:block.storagedrawers.framed_compacting_drawers_3	sha256:187e6c05911d4d57f23295f2d864252497d4b21840f12d2fa03522b00e6877fc	PASS	/root/rescripted_registry_n_review	english_source_context_family_review
block:block.storagedrawers.framed_compacting_half_drawers_2	sha256:c5246b64d02dfab04b4db45a162167fa3b0346228b193e10d085d661fdc90da3	CHANGE	/root/rescripted_registry_n_review	english_source_context_family_review
block:block.storagedrawers.framed_compacting_half_drawers_3	sha256:92fe1443acb6872bbe871e519ec32f45e748c6596e13d0e5277a3959f0f97c74	PASS	/root/rescripted_registry_n_review	english_source_context_family_review
block:block.storagedrawers.framed_controller	sha256:a06e51153c708eeb1c547973f6a3c5dcaaa6043c18e6d9bde0d0de6ef0083b08	PASS	/root/rescripted_registry_n_review	english_source_context_family_review
block:block.storagedrawers.framed_controller_io	sha256:ea2b466b4170830ca497851971f50325d94f265620b27f5700e2412726cfdd07	PASS	/root/rescripted_registry_n_review	english_source_context_family_review
block:block.storagedrawers.framed_full_drawers_1	sha256:7506f17b83ff35e2cf322f4088f3424199d450a9c1a1fdfa2d26d738f75558c3	PASS	/root/rescripted_registry_n_review	english_source_context_family_review
block:block.storagedrawers.framed_full_drawers_2	sha256:a54430f09d2e57d09197a4d11db5bfa00a35d3a8efb28e294ccca1cfbf05b993	PASS	/root/rescripted_registry_n_review	english_source_context_family_review
block:block.storagedrawers.framed_full_drawers_4	sha256:bf2e2d216b5fa617cfdb87276bb3a74f38a62927ecb6ee915baa8378e0abd237	PASS	/root/rescripted_registry_n_review	english_source_context_family_review
block:block.storagedrawers.framed_half_drawers_1	sha256:b47194033e18beb938c51d22fa1bfbfa3567688782b604f4536e7a2ed4095b73	PASS	/root/rescripted_registry_n_review	english_source_context_family_review
block:block.storagedrawers.framed_half_drawers_2	sha256:3244222c056bfc2480590b6bc3e45c301ce703628a5c34105036cf357e22b837	PASS	/root/rescripted_registry_n_review	english_source_context_family_review
block:block.storagedrawers.framed_half_drawers_4	sha256:ab2add57cd91b2f2eafb97fbc41cd98890e35cbb1d3165f9b5cf74472e458bae	PASS	/root/rescripted_registry_n_review	english_source_context_family_review
block:block.storagedrawers.framed_trim	sha256:83dd6e1402f867e0aed42ebf18ad06c284a0ee44f1155e442e014df9ad704d7a	PASS	/root/rescripted_registry_n_review	english_source_context_family_review
block:block.storagedrawers.framing_table	sha256:42e3b573fecff7897cfa3404567891cb301838e9d04eaa404df21bc58ec4ede1	PASS	/root/rescripted_registry_n_review	english_source_context_family_review
block:block.storagedrawers.jungle_full_drawers_1	sha256:af3e4f805396e27b00880303f63afa4e737b8291c56aff7c53c54b6db8a04444	PASS	/root/rescripted_registry_n_review	english_source_context_family_review
block:block.storagedrawers.jungle_full_drawers_2	sha256:57f4c951cff529dcba5393c68a1c9def5cf5bfa0c545634f2c917d74a526be6f	PASS	/root/rescripted_registry_n_review	english_source_context_family_review
block:block.storagedrawers.jungle_full_drawers_4	sha256:a3ec2adfd500c54fc068663381a11e3011966f0caaf0fe529e123c76eaaa5fa4	PASS	/root/rescripted_registry_n_review	english_source_context_family_review
block:block.storagedrawers.jungle_half_drawers_1	sha256:82f8e6ad2363df5694cb7528c14ea96b7723d911205cb18b48bd495020af4ed3	PASS	/root/rescripted_registry_n_review	english_source_context_family_review
block:block.storagedrawers.jungle_half_drawers_2	sha256:78a95b9b751530bab738048dad0376ebba5c93dc970e3658109c7ae1652e5be8	PASS	/root/rescripted_registry_n_review	english_source_context_family_review
block:block.storagedrawers.jungle_half_drawers_4	sha256:9bcb5b85fafeafcbd8ef24e498cdb493f922203c4b048ee6d6aa53cbd8d0d9ab	PASS	/root/rescripted_registry_n_review	english_source_context_family_review
block:block.storagedrawers.jungle_trim	sha256:179abb75acc679f816c7e8013b908b8d30298bcd41b05aa261a0234f3468fa08	PASS	/root/rescripted_registry_n_review	english_source_context_family_review
block:block.storagedrawers.keybutton_concealment	sha256:0f1970e429c309c9c453eaa0f44117aa6eb3cb0123ef121dbeb79fe130011b18	PASS	/root/rescripted_registry_n_review	english_source_context_family_review
block:block.storagedrawers.keybutton_drawer	sha256:396ce8858a74a3121ef76712df9ca7e3fa5439d932faeb89c80be4a4d07ca9df	PASS	/root/rescripted_registry_n_review	english_source_context_family_review
block:block.storagedrawers.keybutton_quantify	sha256:20c6be4ff5bad67ba0d1f6c4618d0eee812d019770496147a6bdb7967ceef2e4	PASS	/root/rescripted_registry_n_review	english_source_context_family_review
block:block.storagedrawers.mangrove_full_drawers_1	sha256:8c0f3f303bff7eff3f89fbdf31d3458e0e2578bc1589b89524550c6ff75c7be7	PASS	/root/rescripted_registry_n_review	english_source_context_family_review
block:block.storagedrawers.mangrove_full_drawers_2	sha256:6885c9dbf846ef06fc81f3eaa5a8bfa22a92061ccb0d51c28185a42e4cf62626	PASS	/root/rescripted_registry_n_review	english_source_context_family_review
block:block.storagedrawers.mangrove_full_drawers_4	sha256:d1554d39a7e083a89098b3d795106ec5defd24b7b0fbeb88173a2e0468f53248	PASS	/root/rescripted_registry_n_review	english_source_context_family_review
block:block.storagedrawers.mangrove_half_drawers_1	sha256:4d2fcf7415031333d67975797b00a8b30f15b642f75805c6c4f756dbe0ab1133	PASS	/root/rescripted_registry_n_review	english_source_context_family_review
block:block.storagedrawers.mangrove_half_drawers_2	sha256:50429afb1315088653dd1581abb1d6131b67c22a7cb64e33e8df4d074d593bdc	PASS	/root/rescripted_registry_n_review	english_source_context_family_review
block:block.storagedrawers.mangrove_half_drawers_4	sha256:87416071723ec04b13a10d6168590c215360fcc31a4119c7f9abbca2b2dee3ad	PASS	/root/rescripted_registry_n_review	english_source_context_family_review
block:block.storagedrawers.mangrove_trim	sha256:ec46ac639e9cb448ee4878d09365aad65642e8903eb3d144f2bb63178a8d2da8	PASS	/root/rescripted_registry_n_review	english_source_context_family_review
block:block.storagedrawers.meta_claimed	sha256:6d2c50767bb3999340f6cfdba35519e8c52121945c230de18e197f39823c588f	PASS	/root/rescripted_registry_n_review	english_source_context_family_review
block:block.storagedrawers.meta_comp_indicator	sha256:88750f20618064d8e10450a69f1c31ea448ce9856aeacba71d8234ba27b0df36	PASS	/root/rescripted_registry_n_review	english_source_context_family_review
block:block.storagedrawers.meta_framed_compdrawers_2_front	sha256:dd7a4dffd331e1ab9d2031ca438b689e6b6e38d320bb3228ab56807f09ea609d	PASS	/root/rescripted_registry_n_review	english_source_context_family_review
block:block.storagedrawers.meta_framed_compdrawers_2_shading	sha256:b76ac34de8fdf5538ecf36804790a581d398447d78c79294c38b51d4780a9b82	PASS	/root/rescripted_registry_n_review	english_source_context_family_review
block:block.storagedrawers.meta_framed_compdrawers_2_side	sha256:888f59fc7d6dad94851b07064c4e7b2288dbf888fb1f327498bfe82847272a75	PASS	/root/rescripted_registry_n_review	english_source_context_family_review
block:block.storagedrawers.meta_framed_compdrawers_2_trim	sha256:0a9d6aeb52eb6919a61461b5875246fb9de906bbd12feb5d492bfa32c0c9e569	PASS	/root/rescripted_registry_n_review	english_source_context_family_review
block:block.storagedrawers.meta_framed_compdrawers_3_front	sha256:6fc7d624db406f89d17900785feb325d0c3e9e74813a9f6af15ed4b06642c773	PASS	/root/rescripted_registry_n_review	english_source_context_family_review
block:block.storagedrawers.meta_framed_compdrawers_3_shading	sha256:e56625dbf0e2128745b9784fcb6f4943a5cc197ee1133605d393a155cd49ecd5	PASS	/root/rescripted_registry_n_review	english_source_context_family_review
block:block.storagedrawers.meta_framed_compdrawers_3_side	sha256:1f9daad130bd0d28b67094e4799eecc8903d97cd0bdaae9e41a4b1f9c58633a1	PASS	/root/rescripted_registry_n_review	english_source_context_family_review
block:block.storagedrawers.meta_framed_compdrawers_3_trim	sha256:c004d46709ccba1a256cf992f9a96547f95ff7316c5c0f68a4a3c5d3945cefa2	PASS	/root/rescripted_registry_n_review	english_source_context_family_review
block:block.storagedrawers.meta_framed_controller_front	sha256:a503a6737bfbe99fc4da4f22a53131c0d6b6c4aeb8c93ecd69f069d3a10b4d3f	PASS	/root/rescripted_registry_n_review	english_source_context_family_review
block:block.storagedrawers.meta_framed_controller_io_shading	sha256:9dafc36f67d0192b4611a3c65a4428070f45534600dab913d54a25228c45519a	PASS	/root/rescripted_registry_n_review	english_source_context_family_review
block:block.storagedrawers.meta_framed_controller_io_side	sha256:14997a19c52b24d166cc5701c984c2f47bb5ccf8f0dbaa30c583f3887dad6ed5	PASS	/root/rescripted_registry_n_review	english_source_context_family_review
block:block.storagedrawers.meta_framed_controller_io_trim	sha256:e584fbdefd3ee5bb66cbf1fec6db1cc3ba49e327e1cfdfc7ac1fde6767b6a701	PASS	/root/rescripted_registry_n_review	english_source_context_family_review
block:block.storagedrawers.meta_framed_controller_shading	sha256:35286ba90ac64ab9c4483a9c720acbe60a79ceac32aadedeb01214ab1b277eab	PASS	/root/rescripted_registry_n_review	english_source_context_family_review
block:block.storagedrawers.meta_framed_controller_side	sha256:c1b2378b916c077aca90128ef12ee360121f213a6391233abd869ce1e00dec26	PASS	/root/rescripted_registry_n_review	english_source_context_family_review
block:block.storagedrawers.meta_framed_controller_trim	sha256:aba3d91acc05466a0ce89ce37869ebd28e88e4583070c20eeb6cfb380c5e0321	PASS	/root/rescripted_registry_n_review	english_source_context_family_review
block:block.storagedrawers.meta_framed_drawers_front	sha256:d98c6ed3c87a893d2284108ee51ad110e81ecd63c8b4bf828b4bcf3af1ae4054	PASS	/root/rescripted_registry_n_review	english_source_context_family_review
block:block.storagedrawers.meta_framed_drawers_shading	sha256:73bf0be9f199e72e5ac14e9f923df5d13ebfb92261c89bfba42c4b9fb6fd6c3b	PASS	/root/rescripted_registry_n_review	english_source_context_family_review
block:block.storagedrawers.meta_framed_drawers_side	sha256:bfcfa2cb9f6aaff1e601dace4db304a3ae55792801ca2efa73925861741a662a	PASS	/root/rescripted_registry_n_review	english_source_context_family_review
block:block.storagedrawers.meta_framed_drawers_trim	sha256:b771013e3a0b45384883654a090aee51d3c708d2dc7ae9e1fe9a19917e107160	PASS	/root/rescripted_registry_n_review	english_source_context_family_review
block:block.storagedrawers.meta_framed_trim_side	sha256:614d75bd8a8d4f2bd09961a038dea1dc07b8314651b7ea92605cdd373e747e14	PASS	/root/rescripted_registry_n_review	english_source_context_family_review
block:block.storagedrawers.meta_framed_trim_trim	sha256:8160aaee395021ee01e97eb90c7eb3853a4c144a53a9697b01a9f57a4a2ff1ee	PASS	/root/rescripted_registry_n_review	english_source_context_family_review
block:block.storagedrawers.meta_indicator	sha256:04865fb9ffe4cfba5478e4df6b68f397e8d2d783b8b4939c98dfe68b437552c0	PASS	/root/rescripted_registry_n_review	english_source_context_family_review
block:block.storagedrawers.meta_locked	sha256:80370061f4c7143ab04dcb9d57500c4571313823c82601887632558a01bb238c	PASS	/root/rescripted_registry_n_review	english_source_context_family_review
block:block.storagedrawers.meta_locked_claimed	sha256:74927171d72ed598e689fcb472a5e8892b928f172ecc27e9b007007cf2bfbe84	PASS	/root/rescripted_registry_n_review	english_source_context_family_review
block:block.storagedrawers.meta_missing_slot_1_1	sha256:aa5b1ed8fd227eb267b48302e6f67a68bd8e16b6e0585caf26c1bf307579c6dc	PASS	/root/rescripted_registry_n_review	english_source_context_family_review
block:block.storagedrawers.meta_missing_slot_2_1	sha256:db8f388e8f7325cf909161925deaa7a90f3c969fabbd1bdde470d7190852dcb2	PASS	/root/rescripted_registry_n_review	english_source_context_family_review
block:block.storagedrawers.meta_missing_slot_2_2	sha256:51a4e5617f5c5ab0e5d6caae59959dfb772feebac27d6fe24bc481d930cb4e97	PASS	/root/rescripted_registry_n_review	english_source_context_family_review
block:block.storagedrawers.meta_missing_slot_4_1	sha256:d506cc446295c8d4086ae74f61912bf823754a65b532c2deffa0b58612956e45	PASS	/root/rescripted_registry_n_review	english_source_context_family_review
block:block.storagedrawers.meta_missing_slot_4_2	sha256:dab5ee3c707ac5705d14daa00a639ff68c35374a7cd10e1f1e780a231d17cede	PASS	/root/rescripted_registry_n_review	english_source_context_family_review
block:block.storagedrawers.meta_missing_slot_4_3	sha256:c4958b1dea21d5ab6b1e9b7b61b035779aaff95a32e8d25b732ba8d9d1e8569e	PASS	/root/rescripted_registry_n_review	english_source_context_family_review
block:block.storagedrawers.meta_missing_slot_4_4	sha256:fe90d6cd20a3b90e460c8c38a719478ea8059304bf33e31f6aa488f55ddca460	PASS	/root/rescripted_registry_n_review	english_source_context_family_review
block:block.storagedrawers.meta_priority_n1	sha256:5e76db6ae65b086a78cc42065bd740a517482fc6d8a9e7c4521898c992530f08	PASS	/root/rescripted_registry_n_review	english_source_context_family_review
block:block.storagedrawers.meta_priority_n2	sha256:358e84ff14d47349b9292562d82c474b7a6db9c6939ec01f8b86ff1e731743cc	PASS	/root/rescripted_registry_n_review	english_source_context_family_review
block:block.storagedrawers.meta_priority_p1	sha256:7fe9657fa204d4e2383a85958f9c66c33a6dd0f6c91eca7ece626f5a280d1f48	PASS	/root/rescripted_registry_n_review	english_source_context_family_review
block:block.storagedrawers.meta_priority_p2	sha256:dc781691a59cfd2c5589a6765ce933101c80a35c94a4cd08dd7ede4c09bf9426	PASS	/root/rescripted_registry_n_review	english_source_context_family_review
block:block.storagedrawers.meta_shroud	sha256:ebbff436df5c7ca76120ecf641847a4487b9e6260b48afd2ac915df028a7657a	PASS	/root/rescripted_registry_n_review	english_source_context_family_review
block:block.storagedrawers.meta_void	sha256:479992752085c5f3af88dec30f37b8d2d7d643d4756363e7765301758351f041	PASS	/root/rescripted_registry_n_review	english_source_context_family_review
block:block.storagedrawers.oak_full_drawers_1	sha256:77b76aee73fcbe353a751bf54a572a5e6a1d4497cc8a8e1f445c9ec3197626d4	PASS	/root/rescripted_registry_n_review	english_source_context_family_review
block:block.storagedrawers.oak_full_drawers_2	sha256:90b0f7dbfa47b6d13cc92c9379e1a3f7b37db8917c0086856c25743120717763	PASS	/root/rescripted_registry_n_review	english_source_context_family_review
block:block.storagedrawers.oak_full_drawers_4	sha256:b16967bd7863925a18d8d08aedf4e036883fb30c9308a7b3c2a7bf68570367de	PASS	/root/rescripted_registry_n_review	english_source_context_family_review
block:block.storagedrawers.oak_half_drawers_1	sha256:6042d565a39da3d6ec10c64e0a14193814d7346f2cff02fb73c16f49ba62b122	PASS	/root/rescripted_registry_n_review	english_source_context_family_review
block:block.storagedrawers.oak_half_drawers_2	sha256:dc5c90bee99e9b5416fa1a1e64bf43af2d1cef21d84ce14c3a9904fb38a35c7a	PASS	/root/rescripted_registry_n_review	english_source_context_family_review
block:block.storagedrawers.oak_half_drawers_4	sha256:64908aa9c534da469eaacfed05d5d0602c1df7353d41d97cb59fa2454e0ca3ba	PASS	/root/rescripted_registry_n_review	english_source_context_family_review
block:block.storagedrawers.oak_trim	sha256:7d8c83f2efde2e7c4d5756e8a64f4f8dcff67d31311dc30bd9eeca91d02dd5e1	PASS	/root/rescripted_registry_n_review	english_source_context_family_review
block:block.storagedrawers.spruce_full_drawers_1	sha256:577c1f209c16c6512fb7f53f67d4e44fed83550fb4c19e153991a70717d4d67c	PASS	/root/rescripted_registry_n_review	english_source_context_family_review
block:block.storagedrawers.spruce_full_drawers_2	sha256:56b7b39c11d5e3764de68e64c05a24176dbc83f878973c16840496aac1176567	PASS	/root/rescripted_registry_n_review	english_source_context_family_review
block:block.storagedrawers.spruce_full_drawers_4	sha256:b5aaf1cd7ee64bfae674faa0fa1a6bf70ae337b97d6a16d04807510e3ff0dc94	PASS	/root/rescripted_registry_n_review	english_source_context_family_review
block:block.storagedrawers.spruce_half_drawers_1	sha256:622a5b81dd6ff0f9a00a15d8d4016e11e87c4a524d004e2c040aa07dd9be99f7	PASS	/root/rescripted_registry_n_review	english_source_context_family_review
block:block.storagedrawers.spruce_half_drawers_2	sha256:dcf6ab275c3ddbd3cb396f6d0652868d222a491f3f6650de62534911b12638c8	PASS	/root/rescripted_registry_n_review	english_source_context_family_review
block:block.storagedrawers.spruce_half_drawers_4	sha256:781b309175866cc4acf5d4ecb9cc12e79e4990abc6c0df5a38436a3a0e377afe	PASS	/root/rescripted_registry_n_review	english_source_context_family_review
block:block.storagedrawers.spruce_trim	sha256:17d7439cb994df5ed0033c32b3dabd20796af7e425707a0b1289aac6eaa09a43	PASS	/root/rescripted_registry_n_review	english_source_context_family_review
block:block.storagedrawers.warped_full_drawers_1	sha256:845502d852906556363244012f153c027c15c90b342a26e9608b1bc70b0ceab1	PASS	/root/rescripted_registry_n_review	english_source_context_family_review
block:block.storagedrawers.warped_full_drawers_2	sha256:e084776ceae8927675364fd06115669ba69a6b49db25e2b22b359885b651bbed	PASS	/root/rescripted_registry_n_review	english_source_context_family_review
block:block.storagedrawers.warped_full_drawers_4	sha256:92dc210768d40c2768de311b23d6e295739ee65f3494eaedbf40feaf7218e9d8	PASS	/root/rescripted_registry_n_review	english_source_context_family_review
block:block.storagedrawers.warped_half_drawers_1	sha256:6498076a5e884500a959c3ad4be0628603d3b746856b214f281e077343670d8a	PASS	/root/rescripted_registry_n_review	english_source_context_family_review
block:block.storagedrawers.warped_half_drawers_2	sha256:18a3030fd90ec012318bc81bc060e662c0a466a81fbff76a8f005318c5ab4b3a	PASS	/root/rescripted_registry_n_review	english_source_context_family_review
block:block.storagedrawers.warped_half_drawers_4	sha256:d99967c5e8e15976b9605dcc864514703d104a6a497ea7237c34996e686cec8b	PASS	/root/rescripted_registry_n_review	english_source_context_family_review
block:block.storagedrawers.warped_trim	sha256:826618548500b08862460bb6734443195bd28f8684fbca569e57779739c87324	PASS	/root/rescripted_registry_n_review	english_source_context_family_review
block:block.supplementaries.ash	sha256:bda94d3dce78637e7e47c7ea19824b93a643d023947dbf12ab3afc7032bb2597	PASS	/root/rescripted_registry_n_review	english_source_context_family_review
block:block.supplementaries.ash_bricks	sha256:71f7861fb2de4021fd20c81951984e58e34a4fedc85c19176540df093d2e4d96	PASS	/root/rescripted_registry_n_review	english_source_context_family_review
block:block.supplementaries.ash_bricks_slab	sha256:bedfcd4ba88e4bf7b384cae5219ea23e353ad5f32063f344bf44248b6c91d840	PASS	/root/rescripted_registry_n_review	english_source_context_family_review
block:block.supplementaries.ash_bricks_stairs	sha256:da4d5936dcba1b370148fefec5eb44e698915091e888b26f55ddc82286b44aef	PASS	/root/rescripted_registry_n_review	english_source_context_family_review
block:block.supplementaries.ash_bricks_wall	sha256:e0ca4ddd1342cbf74a2329ecd5538d88a31c20fc3c477d025a5dbe9f3f909dfe	PASS	/root/rescripted_registry_n_review	english_source_context_family_review
block:block.supplementaries.ashen_basalt	sha256:35242e5505fb55132c4f39cceee047d0382c0e74878e6664772bbb86ff7b9479	PASS	/root/rescripted_registry_n_review	english_source_context_family_review
block:block.supplementaries.awning	sha256:a8597ba74ca2481d7bc17d1e03b418bc82d4bfa0760990b27a6580135af8e741	PASS	/root/rescripted_registry_n_review	english_source_context_family_review
block:block.supplementaries.awning_black	sha256:2d222989d38e5f8ea4446ae7ad30ca19970ef457f11978e4bdefea9b8aa5697d	PASS	/root/rescripted_registry_n_review	english_source_context_family_review
block:block.supplementaries.awning_blue	sha256:54e193e3c4a16270b4ab31d38d1a153e8a0f48829d6d500f1dce34e5dd9cff8b	PASS	/root/rescripted_registry_n_review	english_source_context_family_review
block:block.supplementaries.awning_brown	sha256:6c543bc36f120ba47e5294cd5001880a4ac8eb494c23e5bc5d5ad2082e56bafe	PASS	/root/rescripted_registry_n_review	english_source_context_family_review
block:block.supplementaries.awning_cyan	sha256:e6c5f29ff6f8a77f29d3dd8eb72c89fc4c93227737acfb9f52bfc954e21c1bb0	PASS	/root/rescripted_registry_n_review	english_source_context_family_review
block:block.supplementaries.awning_gray	sha256:c07880dc7b823082142ae20ad7b6b0a8aadf53150953df7139c016963892c7ca	PASS	/root/rescripted_registry_n_review	english_source_context_family_review
block:block.supplementaries.awning_green	sha256:1ff9c7b061963534234778bc4b6591410813c1090413eef65e356d3043a31965	PASS	/root/rescripted_registry_n_review	english_source_context_family_review
block:block.supplementaries.awning_light_blue	sha256:1ad7498bb24afac982ab922a5cc271f7dabf429f8e0ec947bf8f508652c87e08	PASS	/root/rescripted_registry_n_review	english_source_context_family_review
block:block.supplementaries.awning_light_gray	sha256:a4dad2372c033230d60d642a716b7b9f8f753065c7a82b902a5f4a578c55cdd4	PASS	/root/rescripted_registry_n_review	english_source_context_family_review
block:block.supplementaries.awning_lime	sha256:95f9a1a50d227888e5e11d9ae349e899a6d60bd4f787fddeb13dcaa46b91d5b4	PASS	/root/rescripted_registry_n_review	english_source_context_family_review
block:block.supplementaries.awning_magenta	sha256:bc996a5e86bef5f032d6d692c19d47d7008d51f78fcb7d90cb921c32d9172411	PASS	/root/rescripted_registry_n_review	english_source_context_family_review
block:block.supplementaries.awning_orange	sha256:52b135053530185a4a8827f814a0319fba8a77b945d781e03e9e4f76f8ad3fec	PASS	/root/rescripted_registry_n_review	english_source_context_family_review
block:block.supplementaries.awning_pink	sha256:748fc9df4cf92fbd714cfd22b5df650a9781c94b244c000133f9d792fbbf1240	PASS	/root/rescripted_registry_n_review	english_source_context_family_review
block:block.supplementaries.awning_purple	sha256:025b5259aff3ce0044df55f99d5c9ac28e496d6e3b53b778b88f56b2af9445a0	PASS	/root/rescripted_registry_n_review	english_source_context_family_review
block:block.supplementaries.awning_red	sha256:37a6b9ad68e3a423f0daaf80843cfada2870c5dfe4b7eeabf25f3eb8e4210d95	PASS	/root/rescripted_registry_n_review	english_source_context_family_review
block:block.supplementaries.awning_white	sha256:fbe1212bb9cef30908f10619cfd5a79f66bcde40224e4cb925574bb9b0c7b7f6	PASS	/root/rescripted_registry_n_review	english_source_context_family_review
block:block.supplementaries.awning_yellow	sha256:c59c74e3537a6f7ffdb170adc612d73abab6d5268497aba8abf33e1fa2f02d2c	PASS	/root/rescripted_registry_n_review	english_source_context_family_review
block:block.supplementaries.bamboo_spikes	sha256:69f0eadfed19afa60ac860b1cdb6b1b88d42816d053451baa4395a1c1bc8a012	PASS	/root/rescripted_registry_n_review	english_source_context_family_review
block:block.supplementaries.bellows	sha256:7b10e2358b701338941977a526ec667c4de03bba9823000254f3e4272276dcca	PASS	/root/rescripted_registry_n_review	english_source_context_family_review
block:block.supplementaries.blackboard	sha256:384b8fa5f401bdb96e928206fbc9179ff6e8f504e69a4b79b9a86eec461d5461	PASS	/root/rescripted_registry_n_review	english_source_context_family_review
block:block.supplementaries.blackstone_lamp	sha256:02cf3866f3b70a0ad4dfcbe7634a0d12dc5bfd2fd17cf826c9a75d3b3cecb933	PASS	/root/rescripted_registry_n_review	english_source_context_family_review
block:block.supplementaries.blackstone_tile	sha256:9386c79b4d2d2670b032b28993934b5c22fd7fa610d665a0399cd9b563551268	PASS	/root/rescripted_registry_n_review	english_source_context_family_review
block:block.supplementaries.blackstone_tile_slab	sha256:68899fb163c002810d0d37e3f902250b288a7d1b146a0e454020aedef50b37fb	PASS	/root/rescripted_registry_n_review	english_source_context_family_review
block:block.supplementaries.blackstone_tile_stairs	sha256:da2d3f8dfc8b1c20b2b895c4100076fd09682a57efb8d033c62b9c6b10602374	PASS	/root/rescripted_registry_n_review	english_source_context_family_review
block:block.supplementaries.blackstone_tile_wall	sha256:a4dee8e6670a8702cdad0338bb3e9cc48cabb8fd6925b21333313abd1a3ef4d5	PASS	/root/rescripted_registry_n_review	english_source_context_family_review
block:block.supplementaries.blaze_rod	sha256:136d0fa8d6d17d009185938b4cd304191df1ab2a19fc4cc7bd06e40a8afc3134	PASS	/root/rescripted_registry_n_review	english_source_context_family_review
block:block.supplementaries.block_generator	sha256:cd19d3fdacdca74c0dd206fdd9a4ef2af88d70b142126320475904b6ac2fc378	PASS	/root/rescripted_registry_n_review	english_source_context_family_review
block:block.supplementaries.book_pile	sha256:c30c3e2e34eb4527b78031a4fafbe7c297d543664b04e868de271525a189719e	PASS	/root/rescripted_registry_n_review	english_source_context_family_review
block:block.supplementaries.book_pile_horizontal	sha256:c30c3e2e34eb4527b78031a4fafbe7c297d543664b04e868de271525a189719e	PASS	/root/rescripted_registry_n_review	english_source_context_family_review
block:block.supplementaries.bubble_block	sha256:d59c989c170a849a27e2fad146c152e64f1da98e25c065f822aacf9305280a23	PASS	/root/rescripted_registry_n_review	english_source_context_family_review
block:block.supplementaries.cage	sha256:a126b42b062591c2dded4022bd551a241df7fccb8f078ee3b143613d8bb20c53	PASS	/root/rescripted_registry_n_review	english_source_context_family_review
block:block.supplementaries.candle_holder	sha256:493c068460dd360714054e7004032526de3fe84e6c9dd236297bc7d6278b1911	PASS	/root/rescripted_registry_n_review	english_source_context_family_review
block:block.supplementaries.candle_holder_black	sha256:b3fa00b96095835dd5f4977aa877b510815cde1d142095d71bb37bd564c668b8	PASS	/root/rescripted_registry_n_review	english_source_context_family_review
block:block.supplementaries.candle_holder_blue	sha256:324c71cf14f9d876580182d801c73ded605300a7487423aaa8c70f035eba7778	PASS	/root/rescripted_registry_n_review	english_source_context_family_review
block:block.supplementaries.candle_holder_brown	sha256:0469425500e4f45b7838fc9e9bd4c5b05611a84fed84c6a75a731c7d340c101d	PASS	/root/rescripted_registry_n_review	english_source_context_family_review
block:block.supplementaries.candle_holder_cyan	sha256:2f3f040e64f1a225223478f748cd215aefde4d45aad817be8ebdeabe0cafe77e	PASS	/root/rescripted_registry_n_review	english_source_context_family_review
block:block.supplementaries.candle_holder_gray	sha256:250b1993cb4e1d8f573e7aa949087c53bb5fa919c20706bd09440e2def3e7207	PASS	/root/rescripted_registry_n_review	english_source_context_family_review
block:block.supplementaries.candle_holder_green	sha256:d93e233d066842f0e4699150a82482484d3e89bd4a89a193be4924f50085a5e3	PASS	/root/rescripted_registry_n_review	english_source_context_family_review
block:block.supplementaries.candle_holder_light_blue	sha256:b7f2032c16859d74bb4f683e031726b6407b6671c4f5d6b268d67d001117780b	PASS	/root/rescripted_registry_n_review	english_source_context_family_review
block:block.supplementaries.candle_holder_light_gray	sha256:94ddf3d4b24c441ce7ef4342eb1f326c1a5371a425694b09531f65d108577bd4	PASS	/root/rescripted_registry_n_review	english_source_context_family_review
block:block.supplementaries.candle_holder_lime	sha256:1e80fa7a63d4bb462d275c5ee38e31d5234a618a0bad031a5c7bde9ed2b7def5	PASS	/root/rescripted_registry_n_review	english_source_context_family_review
block:block.supplementaries.candle_holder_magenta	sha256:32ccc86f988fc8f4a90046037cf23b2e154c860a556cd041617389c997fa06d0	PASS	/root/rescripted_registry_n_review	english_source_context_family_review
block:block.supplementaries.candle_holder_orange	sha256:c9892a0761cd27d652828b03713735f6ece61764cb2349d9b86b1d8d52f2c1f2	PASS	/root/rescripted_registry_n_review	english_source_context_family_review
block:block.supplementaries.candle_holder_pink	sha256:2f67cc81782864ff22c0360d2d72a8b33deebcb265638b2bf746f9764fb5a227	PASS	/root/rescripted_registry_n_review	english_source_context_family_review
block:block.supplementaries.candle_holder_purple	sha256:7dd08581edb6018365e258d2bcedac05de7b5c631ccc634822061e9032ddf8f7	PASS	/root/rescripted_registry_n_review	english_source_context_family_review
block:block.supplementaries.candle_holder_red	sha256:7dd687ca5fa073fe9d483e25accbc4661bdbc8576ce04b0e88ff55b577fecc2e	PASS	/root/rescripted_registry_n_review	english_source_context_family_review
block:block.supplementaries.candle_holder_white	sha256:206b0e8a142000dbf29e9d88adde3fe8413c06411586af22a35b7be82dffab91	PASS	/root/rescripted_registry_n_review	english_source_context_family_review
block:block.supplementaries.candle_holder_yellow	sha256:1c2299ff9c5bd3ad2386c3ecdb40cde4ab286c41f4d502cc775c9de3a84871b3	PASS	/root/rescripted_registry_n_review	english_source_context_family_review
block:block.supplementaries.cannon	sha256:23c237c85e6a130b512fbb81cb145360127cb8a3a7bfd0964e3249b43d70d792	PASS	/root/rescripted_registry_n_review	english_source_context_family_review
block:block.supplementaries.cannonball	sha256:63faebb494c84e362d8072c0b5f759b35e8de6e3ebe638882199ff43a7959684	PASS	/root/rescripted_registry_n_review	english_source_context_family_review
block:block.supplementaries.checker_block	sha256:2e8dd7ef94388e7301abc2aa86026435cd5621351b6067abda53536cecc56772	PASS	/root/rescripted_registry_n_review	english_source_context_family_review
block:block.supplementaries.checker_slab	sha256:183c6413d6aebb9adcfb74e8ff44f19c5ca5f99312a1db267b815ec0788e1fc9	PASS	/root/rescripted_registry_n_review	english_source_context_family_review
block:block.supplementaries.clock_block	sha256:010fe7ac29f40dc3b3882ae0be40d23de74e3c4217a7497576dbf1d0947d9253	PASS	/root/rescripted_registry_n_review	english_source_context_family_review
block:block.supplementaries.cog_block	sha256:2ebcedb83415d15c2e2fe85d400fcdadd15e7ace64b9e1eeb3b1b44daea3b764	PASS	/root/rescripted_registry_n_review	english_source_context_family_review
block:block.supplementaries.crank	sha256:6290fd22055bfb342f4b24b66fa43fba8899220c9b6f4a011593a3a2bc338b68	PASS	/root/rescripted_registry_n_review	english_source_context_family_review
block:block.supplementaries.crystal_display	sha256:988b919ade79fa181783a0d66d41f01f2d0121d61ce7e30f8007ada943ad27a8	PASS	/root/rescripted_registry_n_review	english_source_context_family_review
block:block.supplementaries.daub	sha256:6b553c71b63cdaac6a71314f9588c1130e3a3ea3449764305e8b8a2d15cdd215	PASS	/root/rescripted_registry_n_review	english_source_context_family_review
block:block.supplementaries.daub_brace	sha256:fc0241df15cc6fb25bd27c79be0333d0010cace4b70c8c5e172f223ea0322fe1	PASS	/root/rescripted_registry_n_review	english_source_context_family_review
block:block.supplementaries.daub_cross_brace	sha256:51daad886cce865580c8d3ee71848393007c96d713247ba63a9c06207b81f800	PASS	/root/rescripted_registry_n_review	english_source_context_family_review
block:block.supplementaries.daub_frame	sha256:1ee3dab9fd3342742514ebb2d2c5d42e04910b1560eb1be3ec7bcacd16e91c81	PASS	/root/rescripted_registry_n_review	english_source_context_family_review
block:block.supplementaries.deepslate_lamp	sha256:f3c21062555523da2fb885c0de1d9748da370b2f6c43007ed810d35fb59a7eaf	PASS	/root/rescripted_registry_n_review	english_source_context_family_review
block:block.supplementaries.doormat	sha256:dfbfcda726bd58fa1e466c126b1f622cb6ded57fdd60743d1cd33fd42bb277f5	PASS	/root/rescripted_registry_n_review	english_source_context_family_review
block:block.supplementaries.end_stone_lamp	sha256:a42f2599c50814173ed192df8f3810ce4fd55d8183ee6e4fe9af35c52231a748	PASS	/root/rescripted_registry_n_review	english_source_context_family_review
block:block.supplementaries.enderman_head	sha256:2afb159c44c55079d862fd565cefe35f241cd12dc4ac24874e96f992cbc0e47a	PASS	/root/rescripted_registry_n_review	english_source_context_family_review
block:block.supplementaries.enderman_wall_head	sha256:0f00fe5350731b7a42d51db16d5a9ac4aafc1e9ccaea4e57b4a41f0f1492fa37	PASS	/root/rescripted_registry_n_review	english_source_context_family_review
block:block.supplementaries.faucet	sha256:e00246bf259348b1a0697b160eac57d457931e02f59b506878aa6d00686e6d73	PASS	/root/rescripted_registry_n_review	english_source_context_family_review
block:block.supplementaries.feather_block	sha256:a826de68f218e479fa9e1ab49f61a7c31db8dd10762cb0970b4e6a4cb2c3ff5f	PASS	/root/rescripted_registry_n_review	english_source_context_family_review
block:block.supplementaries.fine_wood	sha256:823b8a5c7652d6ef13295cc1d3b8bfe37e82d2696d56ed309719b27fa07b8bc4	CHANGE	/root/rescripted_registry_n_review	english_source_context_family_review
block:block.supplementaries.fine_wood_slab	sha256:06bd83f4b7cfa2486000a0549ca8fed666546cdce393de28afcde23236227fc8	CHANGE	/root/rescripted_registry_n_review	english_source_context_family_review
block:block.supplementaries.fine_wood_stairs	sha256:958cae8f63846eac2552653314d4420a0f294409fbdb4a9b28cd0aa00cbc03ca	CHANGE	/root/rescripted_registry_n_review	english_source_context_family_review
block:block.supplementaries.fire_pit	sha256:ced9c85aec8c517d349e76274ceea6e888b92174042389662aeab169de65d443	PASS	/root/rescripted_registry_n_review	english_source_context_family_review
block:block.supplementaries.flag_black	sha256:20ae1fbe9bd5410694d9e46545366841b32f9a11a2c66bbd94a478c4bda9d28a	PASS	/root/rescripted_registry_n_review	english_source_context_family_review
block:block.supplementaries.flag_blue	sha256:6cf0cc3b7ce0a838ae3b8c17d439e22d403c6fad2cc5f25d1ea1ee709c4e081e	PASS	/root/rescripted_registry_n_review	english_source_context_family_review
block:block.supplementaries.flag_brown	sha256:5663a30ebc24ea812cc0c3b59530b1e0e6f34304a275ad7f0b71a8d1c0c7c64c	PASS	/root/rescripted_registry_n_review	english_source_context_family_review
block:block.supplementaries.flag_cyan	sha256:791c20e7500ec9c669207cfee24af1ed0aa89ca245ece1442c1ed4e40398e926	PASS	/root/rescripted_registry_n_review	english_source_context_family_review
block:block.supplementaries.flag_gray	sha256:8009c81490a8102007fd4b6b3024f1b298c811a772cd1904286ea4ed01b17a92	PASS	/root/rescripted_registry_n_review	english_source_context_family_review
block:block.supplementaries.flag_green	sha256:3510c24b833ddfaaf96141310d82e99a691b36c6f8652d5a81ef64fb68054b74	PASS	/root/rescripted_registry_n_review	english_source_context_family_review
block:block.supplementaries.flag_light_blue	sha256:c6b9e995c9aa1f85d83f2db54ae64cc1dd6d5a569fd8a310182bca2f2f00526b	PASS	/root/rescripted_registry_n_review	english_source_context_family_review
block:block.supplementaries.flag_light_gray	sha256:925cf621866d6431f5682fe1e7b6a89c6babd6fa2dba90a08811d882ce95ad26	PASS	/root/rescripted_registry_n_review	english_source_context_family_review
block:block.supplementaries.flag_lime	sha256:25cbbd1b3d26a45aed92f2862c0cc62c2f17517ea137b0f17142bb4997c40f76	PASS	/root/rescripted_registry_n_review	english_source_context_family_review
block:block.supplementaries.flag_magenta	sha256:aec50c9744a182cb14655f0a9d23d8c35afc81eb98bb192f45ac7beff2f229c4	PASS	/root/rescripted_registry_n_review	english_source_context_family_review
block:block.supplementaries.flag_orange	sha256:67e5701488b6d388935b9e97c88bfb5045e4fac95ba15d67395b4f088df68195	PASS	/root/rescripted_registry_n_review	english_source_context_family_review
block:block.supplementaries.flag_pink	sha256:6b55b255eb0a0a58a7f3b2040d7e6922e7f4f8ee0186110687882681409cb8b5	PASS	/root/rescripted_registry_n_review	english_source_context_family_review
block:block.supplementaries.flag_purple	sha256:e1e9b9d431c72e52e37522ab23f21734a81b76dfc3fd07111ae3ef55fae47ecf	PASS	/root/rescripted_registry_n_review	english_source_context_family_review
block:block.supplementaries.flag_red	sha256:65e66553b3d50b99e78aa22f5adda8321e1168b152e99769be9f74d169e6fbe6	PASS	/root/rescripted_registry_n_review	english_source_context_family_review
block:block.supplementaries.flag_white	sha256:8f92630ee8b25bf49710992e6e96643fb375243c740266bdb0d48e1ce5bb3fbe	PASS	/root/rescripted_registry_n_review	english_source_context_family_review
block:block.supplementaries.flag_yellow	sha256:64f8712576eaa74afd6ffb798345db89dc749ca9c9539dbe1b5628c632aac902	PASS	/root/rescripted_registry_n_review	english_source_context_family_review
block:block.supplementaries.flax	sha256:81629dd6f277eebecea6f4ebeab0eb3b3b2881ae37b939e106b4271946a6d481	PASS	/root/rescripted_registry_n_review	english_source_context_family_review
block:block.supplementaries.flax_block	sha256:0405234e295464ed29335ba710a2b1556754949aeb51bb2a6426bf60a5d720f5	PASS	/root/rescripted_registry_n_review	english_source_context_family_review
block:block.supplementaries.flint_block	sha256:0b0d531d012e5f36b23e0e387f43a6becc6590b5759aaed917bddb3ce20e35f8	PASS	/root/rescripted_registry_n_review	english_source_context_family_review
block:block.supplementaries.flower_box	sha256:14e895d68cd62740aed01519efb7ce421ee3fc4bfce46b48b1fe1f127a478e0b	PASS	/root/rescripted_registry_n_review	english_source_context_family_review
block:block.supplementaries.fodder	sha256:9c20f0b2860b7fcacc0ee042622b0f8932c473ea3181af677931e76183cc4a38	PASS	/root/rescripted_registry_n_review	english_source_context_family_review
block:block.supplementaries.globe	sha256:b565e65f5df7c2f5d58896eee0e8b16e2c03153aaa6b465c3a9a56157025b69a	PASS	/root/rescripted_registry_n_review	english_source_context_family_review
block:block.supplementaries.globe_sepia	sha256:cd67909b70018cfecb942bbf767418ef367d7d2583d70a422fb1ea9a035e839c	PASS	/root/rescripted_registry_n_review	english_source_context_family_review
block:block.supplementaries.goblet	sha256:0a52285b8ec7bca73fbcf154cbe068050b2f80cf4bfce016e542ef5275a87436	PASS	/root/rescripted_registry_n_review	english_source_context_family_review
block:block.supplementaries.gold_door	sha256:fe927692aa2953441844ccdc8c921bbcdc81bd6102e9b7a64d6b26a53a758db3	PASS	/root/rescripted_registry_n_review	english_source_context_family_review
block:block.supplementaries.gold_gate	sha256:a51ccf0ddfa0e4a261014485ee6101b93323ffbed7868ede280d89e58f6e6efa	PASS	/root/rescripted_registry_n_review	english_source_context_family_review
block:block.supplementaries.gold_trapdoor	sha256:40dfeb3470cc520bb4ae18fc99bb1efcd9da6c6d5d2f87b650509e457d0d536e	PASS	/root/rescripted_registry_n_review	english_source_context_family_review
block:block.supplementaries.gravel_bricks	sha256:ce01ec4ea143eac5e33ea1129e84c17df9308face41e3d91ded3a4e4dcacfe39	PASS	/root/rescripted_registry_n_review	english_source_context_family_review
block:block.supplementaries.gunpowder	sha256:ed9485dca097b7107f171beb207b125931b58e86fe121d335e7778bf31d95482	PASS	/root/rescripted_registry_n_review	english_source_context_family_review
block:block.supplementaries.hourglass	sha256:46594469a67f550056dfae58c1e2132452ea93e24bb37ccce99c8dc0cf1bb35a	PASS	/root/rescripted_registry_n_review	english_source_context_family_review
block:block.supplementaries.iron_gate	sha256:bfda0d32df3f0d9eeb8fdf63e651e8f5a18176f4e0a6f5327726851c6cecb1e0	PASS	/root/rescripted_registry_n_review	english_source_context_family_review
block:block.supplementaries.item_shelf	sha256:b566ddae75e34fec871ea1fb510941aa5ff24aafbcbf5eeba7577bc8257d4214	CHANGE	/root/rescripted_registry_n_review	english_source_context_family_review
block:block.supplementaries.jar	sha256:4d4734235e43f13c15233e18f2d4693d839e0b9eef39bb5f18e6eb87f9d665f6	PASS	/root/rescripted_registry_n_review	english_source_context_family_review
block:block.supplementaries.jar_boat	sha256:a6e98541ec58385a3f35f86fd8476e32558b07948ff74dbe58991005a3757f27	PASS	/root/rescripted_registry_n_review	english_source_context_family_review
block:block.supplementaries.lapis_bricks	sha256:1d020568253586cba5a3b4f9313e0cc2a92caa92eecfef0e7770dfcebe35d763	PASS	/root/rescripted_registry_n_review	english_source_context_family_review
block:block.supplementaries.lapis_bricks_slab	sha256:adf03f0a01eccfe03d8cd17017900721c16c0eaba632ef02fcddbe5de8c547fd	PASS	/root/rescripted_registry_n_review	english_source_context_family_review
block:block.supplementaries.lapis_bricks_stairs	sha256:ac19e1bec3f116501f5d30020d9b605267e0ae48a1203c84ab09eb7e7e2e5723	PASS	/root/rescripted_registry_n_review	english_source_context_family_review
block:block.supplementaries.lapis_bricks_wall	sha256:64f3f142e0acadc52b7c04ffdff3643ab1b058cae76fdad89c226ebf51ad0263	PASS	/root/rescripted_registry_n_review	english_source_context_family_review
block:block.supplementaries.lock_block	sha256:e0435eb046f18913ec2111e366d07d36729fbb3362bbc1d719bfbc7f398958da	PASS	/root/rescripted_registry_n_review	english_source_context_family_review
block:block.supplementaries.lumisene	sha256:6d8828fbed493a5c60a2f3cc8aa540251c769a242a3e86e6189d0ff1e1b6f0d1	PASS	/root/rescripted_registry_n_review	english_source_context_family_review
block:block.supplementaries.lunch_basket	sha256:6144fd6caaa5f2ffd6e99ad4f956cb360c604b4be913ed8691a8863dfc8efdb7	PASS	/root/rescripted_registry_n_review	english_source_context_family_review
block:block.supplementaries.moving_slidy_block	sha256:79851830ebcb79dc979d210dd6a90797f36195bbd9574d33abe641dcb7c63d3e	PASS	/root/rescripted_registry_n_review	english_source_context_family_review
block:block.supplementaries.moving_slidy_block_source	sha256:ab641d530377fae6e95189f32b5ad5619be63da2e404e415ed940bee55049510	PASS	/root/rescripted_registry_n_review	english_source_context_family_review
block:block.supplementaries.netherite_door	sha256:0409d41fec4cda8bf7a8fa2a340add882147ce3e9e641c6305d9017480cd3a7b	PASS	/root/rescripted_registry_n_review	english_source_context_family_review
block:block.supplementaries.netherite_trapdoor	sha256:66ffeaf500ab93675735d6f7748a49c6d787083c26ea583eb0993798ab32c58a	PASS	/root/rescripted_registry_n_review	english_source_context_family_review
block:block.supplementaries.notice_board	sha256:ab32817bf031e5e8d3f5a36b9b276e4966f674688672b08569fcb5897097a56b	PASS	/root/rescripted_registry_n_review	english_source_context_family_review
block:block.supplementaries.pancake	sha256:90710e8a3a0e7b87e3a7178c207e2c9b1348f0f399ffbd61a81b4a30f34be1cf	PASS	/root/rescripted_registry_n_review	english_source_context_family_review
block:block.supplementaries.pedestal	sha256:1aaf64e11962cbac9e3b6ebd065e3f4742c9b7dc2801f4dc20f7f4cd0e9da333	PASS	/root/rescripted_registry_n_review	english_source_context_family_review
block:block.supplementaries.planter	sha256:e6963a2eafb6428d2c17150a2f24943348f47a49535eb2e3ea99abd990c320d8	PASS	/root/rescripted_registry_n_review	english_source_context_family_review
block:block.supplementaries.potted_flax	sha256:340836c5fa2af2d80761d42d62cc004df2874ac3fb77a49dc1c7bc15d0842bf0	PASS	/root/rescripted_registry_n_review	english_source_context_family_review
block:block.supplementaries.present	sha256:43f9b89c0b9d22d8110ead813ea3949f20592a8bfc3c777d2d49e64da3b0cc9b	PASS	/root/rescripted_registry_n_review	english_source_context_family_review
block:block.supplementaries.present_black	sha256:1d13e9a6263ab79c29ecbf8984118c48ba89a34bee30472e8a787848afb88bdc	PASS	/root/rescripted_registry_n_review	english_source_context_family_review
block:block.supplementaries.present_blue	sha256:bad44af54e55004399ece42fae334a24b6d03d3058d84953d46583fef644739e	PASS	/root/rescripted_registry_n_review	english_source_context_family_review
block:block.supplementaries.present_brown	sha256:b9d33c27be4645dd3fc19aa9b0e190ebdd252d391aa28c2c3a570aec7ae5b9d3	PASS	/root/rescripted_registry_n_review	english_source_context_family_review
block:block.supplementaries.present_cyan	sha256:ef7d42b4e5a2b11fed2da33491564ec45c4f2c5e6c8847b0e548075c6f4dd6c5	PASS	/root/rescripted_registry_n_review	english_source_context_family_review
block:block.supplementaries.present_gray	sha256:d5723147ba77ed9164155a70e73a0b5e9b789b31e5ff5b570905274bcee095bc	PASS	/root/rescripted_registry_n_review	english_source_context_family_review
block:block.supplementaries.present_green	sha256:a94cfd22115e5a5b6a0407d94ffe8c5db2c0427d27149f0698068c3e84ee73c5	PASS	/root/rescripted_registry_n_review	english_source_context_family_review
block:block.supplementaries.present_light_blue	sha256:1a3fd3a5d67faf70b5ddc49c455e515596fa762887ec7f0c5740b13443b6a438	PASS	/root/rescripted_registry_n_review	english_source_context_family_review
block:block.supplementaries.present_light_gray	sha256:8bab776ef711b14d365836f3de1d9ef82bc181c628dbeada7bb8f28a93a58718	PASS	/root/rescripted_registry_n_review	english_source_context_family_review
block:block.supplementaries.present_lime	sha256:d5922c864362f7733b7240036487fde21e813584387d76efa8bdd409c847dbdb	PASS	/root/rescripted_registry_n_review	english_source_context_family_review
block:block.supplementaries.present_magenta	sha256:e15e95bf4c1ed4abaaab80733818d016e1bd81988d5efcb95f4fdf176c7248b0	PASS	/root/rescripted_registry_n_review	english_source_context_family_review
block:block.supplementaries.present_orange	sha256:badcca6e362d6f2a4cafa3ad2ba3907e042ff793815ce6e6d6001e252e78bb9f	PASS	/root/rescripted_registry_n_review	english_source_context_family_review
block:block.supplementaries.present_pink	sha256:7f5a4aee5f11d7789d7ab043d0eb100d81e6fe23ef75f0a7c832021f993676c4	PASS	/root/rescripted_registry_n_review	english_source_context_family_review
block:block.supplementaries.present_purple	sha256:9caf5f4de9225aa332d26552664932316aaa7ffb80aa210f1e4b8d35926b6557	PASS	/root/rescripted_registry_n_review	english_source_context_family_review
block:block.supplementaries.present_red	sha256:7d35d1e53e56427db6f41f8d9b668029929ad675bd9990698f95016475210b9f	PASS	/root/rescripted_registry_n_review	english_source_context_family_review
block:block.supplementaries.present_white	sha256:cdf9287e6b6db26b8fcd64c47c311e50d26186f088690784d5b7ddf3c337337b	PASS	/root/rescripted_registry_n_review	english_source_context_family_review
block:block.supplementaries.present_yellow	sha256:a7edd7adbba82a676f375fafac5f6cbfb7c3534eda87516849095ebaacc058ba	PASS	/root/rescripted_registry_n_review	english_source_context_family_review
block:block.supplementaries.pulley_block	sha256:646adcd41b18c975737a3b78ffc8689db0c6144bfff2288f6e1de9699a2843ec	PASS	/root/rescripted_registry_n_review	english_source_context_family_review
block:block.supplementaries.raked_gravel	sha256:51c3fd4f5f2edd3c45d67b9940fb2b1914c4662cca52e9312addd35cef0dd6c4	PASS	/root/rescripted_registry_n_review	english_source_context_family_review
block:block.supplementaries.redstone_illuminator	sha256:342c15c1568ae3f9f98d413f77f643446958bcf11351680b38b6f832ecb635f5	PASS	/root/rescripted_registry_n_review	english_source_context_family_review
block:block.supplementaries.relayer	sha256:fb0eb74b2ee21462cc9d1a911df094f4f86eff585bcec73b6a01ff5bcbd8a43d	PASS	/root/rescripted_registry_n_review	english_source_context_family_review
block:block.supplementaries.rope	sha256:b6337bdcf05e243e2e92750e7b156ae2d4a135f2cdcda2a8f1f5a37055af13a2	PASS	/root/rescripted_registry_n_review	english_source_context_family_review
block:block.supplementaries.rope_buntings	sha256:67a5fee6c3cdf64abd8535452c0c05a186785f299a8514ac6defcbd33d252cde	PASS	/root/rescripted_registry_n_review	english_source_context_family_review
block:block.supplementaries.rope_chandelier	sha256:602a56f27888d7f2cd9d36ee42482ee9852112cb59b3be406b85afb4908c324f	PASS	/root/rescripted_registry_n_review	english_source_context_family_review
block:block.supplementaries.rope_knot	sha256:8c61ee123cc46765ea82164dea3510807d0b6293fab4185c0ec52963eacca813	PASS	/root/rescripted_registry_n_review	english_source_context_family_review
block:block.supplementaries.rope_soul_chandelier	sha256:2bc765b528fbf157b01b27d079b1a50e59a6ca5e8e0659b928be4b8c48d5e423	PASS	/root/rescripted_registry_n_review	english_source_context_family_review
block:block.supplementaries.rope_tomatoes	sha256:93ac4c4e561688888e0a2c09545f4792f99174c6bcbcdd1ec4f16473457d355b	PASS	/root/rescripted_registry_n_review	english_source_context_family_review
block:block.supplementaries.sack	sha256:006a933c950f8356a5be8cc019e182f156b74dc5ddd9f1c7137f7c652214bd48	PASS	/root/rescripted_registry_n_review	english_source_context_family_review
block:block.supplementaries.safe	sha256:4f9f0dabcd26ae53ecb47f632b5fc4d82f35d4110e2b0fb1a3bad7fce0c5a898	PASS	/root/rescripted_registry_n_review	english_source_context_family_review
block:block.supplementaries.sconce	sha256:b5d49fc53623a568ae4f059fb0f8102c24f12efe2fc32d4699366176aeb47ab2	PASS	/root/rescripted_registry_n_review	english_source_context_family_review
block:block.supplementaries.sconce_green	sha256:0560d563c9beeac85b720df668aee1f556b6b6a96d82e733965b79a6ebbc60e0	PASS	/root/rescripted_registry_n_review	english_source_context_family_review
block:block.supplementaries.sconce_lever	sha256:2e73c68192596389ac95fc95b6d9a80582df1b8133297ab20ead27f7339732cf	PASS	/root/rescripted_registry_n_review	english_source_context_family_review
block:block.supplementaries.sconce_soul	sha256:5125ad5dfcae5c28da267aff695f970f9b4cdf329ee8aefc4a95e0e433adce41	PASS	/root/rescripted_registry_n_review	english_source_context_family_review
block:block.supplementaries.sconce_wall	sha256:b5d49fc53623a568ae4f059fb0f8102c24f12efe2fc32d4699366176aeb47ab2	PASS	/root/rescripted_registry_n_review	english_source_context_family_review
block:block.supplementaries.sconce_wall_green	sha256:c4daa129841842d48af139adda4b344d99b883efeb45425b1c2f942549512407	PASS	/root/rescripted_registry_n_review	english_source_context_family_review
block:block.supplementaries.sconce_wall_soul	sha256:a5bb308c38b271e5309ead1a7e57a0feabb64145f9ab361c3c16427c734ccff3	PASS	/root/rescripted_registry_n_review	english_source_context_family_review
block:block.supplementaries.sign_post	sha256:6dfde5c034aa0a283982827a3d970f79cf87c8d5a16e083a2d705c41e2eae40f	PASS	/root/rescripted_registry_n_review	english_source_context_family_review
block:block.supplementaries.sign_post_wall	sha256:e610e3b1f6ef6e5106a213e903a20f09b370f27bdd17e330716e9d7bb3f0776b	PASS	/root/rescripted_registry_n_review	english_source_context_family_review
block:block.supplementaries.slidy_block	sha256:07869e95c21b72e4152953b8d28fd4e1c483130cac022b54297be68608df0c17	PASS	/root/rescripted_registry_n_review	english_source_context_family_review
block:block.supplementaries.soap_block	sha256:df361356f6cdb600187e310f530d4f11ccd1f9ece45da86a297444af2a12e880	PASS	/root/rescripted_registry_n_review	english_source_context_family_review
block:block.supplementaries.speaker_block	sha256:638a8b4bfb0e09503a123f92faa26295040f4ece309d7547844095e1a4ebd98a	PASS	/root/rescripted_registry_n_review	english_source_context_family_review
block:block.supplementaries.spring_launcher	sha256:e9e08823947597aaf9a0c31b375cfc85f05ab3d38df45d54564a22dd31026799	PASS	/root/rescripted_registry_n_review	english_source_context_family_review
block:block.supplementaries.spring_launcher_arm	sha256:cdca058789be273cb71ce94f1ec9e2bab81f941d23fd65c61d4f64e30f64fd18	PASS	/root/rescripted_registry_n_review	english_source_context_family_review
block:block.supplementaries.spring_launcher_head	sha256:e9e08823947597aaf9a0c31b375cfc85f05ab3d38df45d54564a22dd31026799	PASS	/root/rescripted_registry_n_review	english_source_context_family_review
block:block.supplementaries.statue	sha256:b01e235a2869d5edfe1ad1402f38ffb795df8f6b439bc81ed27b712327e8f842	PASS	/root/rescripted_registry_n_review	english_source_context_family_review
block:block.supplementaries.stick	sha256:91f9a83a67761833c8c63aa3a9aaeecdd0d5a743e80b51e09e673fa2dfbc88be	PASS	/root/rescripted_registry_n_review	english_source_context_family_review
block:block.supplementaries.stick_tomatoes	sha256:707bd7c01dc62889ee8f4bd3811c20e01620666cd8a9ac04aaa78745cee1faa2	PASS	/root/rescripted_registry_n_review	english_source_context_family_review
block:block.supplementaries.stone_lamp	sha256:69225abdab083c6ea87f707c4ebdc37df1de12be3fa1611633c1252b9d6eae6d	PASS	/root/rescripted_registry_n_review	english_source_context_family_review
block:block.supplementaries.stone_tile	sha256:93734b20e3d17a4d643dfc950837206ceea5b7849fbacb89594b82c686deafdb	PASS	/root/rescripted_registry_n_review	english_source_context_family_review
block:block.supplementaries.stone_tile_slab	sha256:b11527d6d9ce5e4e7e51d58d24f84cc1a3c292ff2d149ca37c225908a4a8615c	PASS	/root/rescripted_registry_n_review	english_source_context_family_review
block:block.supplementaries.stone_tile_stairs	sha256:0764843990e3baaeff819ae04e546809bf6d8cd5fdd87de2820e9c00beaddf38	PASS	/root/rescripted_registry_n_review	english_source_context_family_review
block:block.supplementaries.stone_tile_wall	sha256:519c39784615894103f8ccc554b5f9291196ff47d7d3488c932993a4b908ae44	PASS	/root/rescripted_registry_n_review	english_source_context_family_review
block:block.supplementaries.structure_temp	sha256:5feceb66ffc86f38d952786c6d696c79c2dbc239dd4e91b46729d73a27fb57e9	PASS	/root/rescripted_registry_n_review	english_source_context_family_review
block:block.supplementaries.sugar_cube	sha256:f84e213e46e237737f23c9906fba537bd0590bf43bcbce512f9a3994b5cd33b1	PASS	/root/rescripted_registry_n_review	english_source_context_family_review
block:block.supplementaries.suspicious_gravel_bricks	sha256:1260db5ff82f081949d57d20d6cec9afefe755b2d62dcf53461d6537be2f7b91	PASS	/root/rescripted_registry_n_review	english_source_context_family_review
block:block.supplementaries.timber_brace	sha256:c0a784489210fc8d30eab8dc2a138718b8b26f90ebb27ddf778bf8a07fcca38b	PASS	/root/rescripted_registry_n_review	english_source_context_family_review
block:block.supplementaries.timber_cross_brace	sha256:2eeaf2b02bbd5e4ba0b7eda85b415a83f1e566c09f1a594446317d6b10d5edda	PASS	/root/rescripted_registry_n_review	english_source_context_family_review
block:block.supplementaries.timber_frame	sha256:ebbba06d4591eb9d1a4b1297abb953ebc21713f2b2c57d56f65e4ed3a3e03e81	PASS	/root/rescripted_registry_n_review	english_source_context_family_review
block:block.supplementaries.trapped_present	sha256:4e6593599c1d60246d100e2ac8fbc164dcc3c0535ee733e4b586ba6ecd8e291c	PASS	/root/rescripted_registry_n_review	english_source_context_family_review
block:block.supplementaries.trapped_present_black	sha256:dce6bbaef8ed0a12df8df40de1975ef68d1ae8e7311f4ba06d1f68a929812b22	PASS	/root/rescripted_registry_n_review	english_source_context_family_review
block:block.supplementaries.trapped_present_blue	sha256:335aac71850891a4babf46d9e2ae66f4a3dd1b12b412629fedd46ace350d3c69	PASS	/root/rescripted_registry_n_review	english_source_context_family_review
block:block.supplementaries.trapped_present_brown	sha256:7f95285c53dadda9601e6ce14b74e57d90aff1c720b354d6800cdb2fd121f012	PASS	/root/rescripted_registry_n_review	english_source_context_family_review
block:block.supplementaries.trapped_present_cyan	sha256:0650ab46df58de69d542369e82b57bff7f1934db802c1eacf0c46440b480ba67	PASS	/root/rescripted_registry_n_review	english_source_context_family_review
block:block.supplementaries.trapped_present_gray	sha256:004734bbb9f046dba2df12e4dbd0c1fc71a3798cc31ebdc7426d659b41acb4ef	PASS	/root/rescripted_registry_n_review	english_source_context_family_review
block:block.supplementaries.trapped_present_green	sha256:7f8bc76c04c15c8b2e3b8f71750e859a197b1527f42567441cd00748ec98610a	PASS	/root/rescripted_registry_n_review	english_source_context_family_review
block:block.supplementaries.trapped_present_light_blue	sha256:deab1c220af012185b556382b65d439426de1ef3cff3fe8354811013deb7b18c	PASS	/root/rescripted_registry_n_review	english_source_context_family_review
block:block.supplementaries.trapped_present_light_gray	sha256:1ab6b47094536bc52b6c01406a60fbd31f067af4288e877c93a32c2e5d66bb41	PASS	/root/rescripted_registry_n_review	english_source_context_family_review
block:block.supplementaries.trapped_present_lime	sha256:f7e0d7c53b867a69ee769f9e3fa07907ae1815db629dc0352ed1305f78b99b6c	PASS	/root/rescripted_registry_n_review	english_source_context_family_review
block:block.supplementaries.trapped_present_magenta	sha256:f5703ef70b827b99dcbdc0d269f6c7a2ce08dadeac44b345e6da5d6784bea632	PASS	/root/rescripted_registry_n_review	english_source_context_family_review
block:block.supplementaries.trapped_present_orange	sha256:768a5555097bb3bda365a7ca9deb81588aa934666eadce269659c3e5fe7bf415	PASS	/root/rescripted_registry_n_review	english_source_context_family_review
block:block.supplementaries.trapped_present_pink	sha256:c846bef70b039bf3ac81f39daeaef16e7aa3c5e0245a9149cb0ced7612a1f191	PASS	/root/rescripted_registry_n_review	english_source_context_family_review
block:block.supplementaries.trapped_present_purple	sha256:68b3b7d6f34d878e63ca955570ecf91b89e7470e7452ea83fc49e9ab94acdcb1	PASS	/root/rescripted_registry_n_review	english_source_context_family_review
block:block.supplementaries.trapped_present_red	sha256:a38b686a349d8976d0e3b18fcaa052b367e5fcb948f5a84ebb3772f2dd4677a7	PASS	/root/rescripted_registry_n_review	english_source_context_family_review
block:block.supplementaries.trapped_present_white	sha256:92dfd3c2721b42fec5f249524120c3e4f8d82ff00e54b1f65093ef0e65aa3bde	PASS	/root/rescripted_registry_n_review	english_source_context_family_review
block:block.supplementaries.trapped_present_yellow	sha256:ccae26e6ea0790f760aaabd7ac445adc3212ce218101e3f83c9b2b013d6a001f	PASS	/root/rescripted_registry_n_review	english_source_context_family_review
block:block.supplementaries.turn_table	sha256:5363678f41c4684ad2a3355109a43886bc617a16cf9cc7b86fc1b28ecb1cd98c	PASS	/root/rescripted_registry_n_review	english_source_context_family_review
block:block.supplementaries.urn	sha256:b29290b0d1da5403f280d86ea834620c095373a85b88495a4b8fe9b5a55cab26	PASS	/root/rescripted_registry_n_review	english_source_context_family_review
block:block.supplementaries.wicker_fence	sha256:9bf7a7e736c8f562a91c4ee30b3d84a8834aa06de5d842f3f0559f08ef9dee4a	PASS	/root/rescripted_registry_n_review	english_source_context_family_review
block:block.supplementaries.wild_flax	sha256:e95df1132f6e574a3f9449b104abc4f03c9ae58b1627194553d05d8cf596ada0	PASS	/root/rescripted_registry_n_review	english_source_context_family_review
block:block.supplementaries.wind_vane	sha256:0241e6140bee0a8ad26b421a637b80223034d6e39dd15a2519748aaf5c596492	PASS	/root/rescripted_registry_n_review	english_source_context_family_review
block:block.table_top_craft.acacia_chess	sha256:e7b5a92a2a6d0ef1ea71fccf87e58a85f0091d560d15a763d5464be0b0e8d9f7	PASS	/root/rescripted_registry_n_review	english_source_context_family_review
block:block.table_top_craft.acacia_chess_timer	sha256:f4ed5ceebab480395628ed1454b3591ed3d28b22512a1cc0c36770f5fabc7f1d	PASS	/root/rescripted_registry_n_review	english_source_context_family_review
block:block.table_top_craft.acacia_connect_four	sha256:41e406f5feebce8e7a3e714bca9114138b059b0310597962a023025a67d2577a	PASS	/root/rescripted_registry_n_review	english_source_context_family_review
block:block.table_top_craft.bamboo_chess	sha256:f2058ab61cbfce8fbffff2ad992168f45be7c1ba2ec1fd6a3c3256155bac1a05	PASS	/root/rescripted_registry_n_review	english_source_context_family_review
block:block.table_top_craft.bamboo_chess_timer	sha256:cfc782b3c874f0d2b9bd9f81883918698010c7ce1f0d72fb1e87d9dbbf86fb07	PASS	/root/rescripted_registry_n_review	english_source_context_family_review
block:block.table_top_craft.bamboo_connect_four	sha256:8252b9add64b123bbd8fba6b49866ea30bfac07d88ec6b50de007098ec1d479f	PASS	/root/rescripted_registry_n_review	english_source_context_family_review
block:block.table_top_craft.birch_chess	sha256:ef99b3406b80f14558c346c2b0dd86ff295622d84c1e09203cc28ff46cf14418	PASS	/root/rescripted_registry_n_review	english_source_context_family_review
block:block.table_top_craft.birch_chess_timer	sha256:b877f85b3a11544484d0c76520c398cfca6651ad1aea3f430bc5b0dae4bb9f2b	PASS	/root/rescripted_registry_n_review	english_source_context_family_review
block:block.table_top_craft.birch_connect_four	sha256:b727ab3131254dc526150465090cdfacb25eb3ef6382192144488c3c39b910d9	PASS	/root/rescripted_registry_n_review	english_source_context_family_review
block:block.table_top_craft.black_concrete_chess	sha256:700f7781b3fd8197185683f13495f23da8cf456c5e58541fda7f160beba366b0	PASS	/root/rescripted_registry_n_review	english_source_context_family_review
block:block.table_top_craft.black_concrete_chess_timer	sha256:0f12d71a68d30b091784021b2660e311a3c38f08fecec0fc9ec5e31249b03c63	PASS	/root/rescripted_registry_n_review	english_source_context_family_review
block:block.table_top_craft.black_concrete_connect_four	sha256:c6256518eaaa466fbdbe009410a2a8238e876fcd06c8c73c0024605db768c98c	PASS	/root/rescripted_registry_n_review	english_source_context_family_review
block:block.table_top_craft.black_terracotta_chess	sha256:d6dcb5f9f5ad6e1a18991b66ccc534509a01b0baaef723fe64c9d60a6b6fd326	PASS	/root/rescripted_registry_n_review	english_source_context_family_review
block:block.table_top_craft.black_terracotta_chess_timer	sha256:e0bbf2360952032e3b430f6c6ac77fc3026e7eb688bf10b5dc2f0dd917a886f7	PASS	/root/rescripted_registry_n_review	english_source_context_family_review
block:block.table_top_craft.black_terracotta_connect_four	sha256:209c3fc3f059167587b87734f18b80f7deaa3dbb2c89d7b094795a1c88bf7c8c	PASS	/root/rescripted_registry_n_review	english_source_context_family_review
block:block.table_top_craft.blue_concrete_chess	sha256:07e55a66f58f244745bf7ba4bf456d682f42a92746dc5167ad0a3e93909bae81	PASS	/root/rescripted_registry_n_review	english_source_context_family_review
block:block.table_top_craft.blue_concrete_chess_timer	sha256:44c783228a765125f3614779454e8ad3443b6c70096b7f446e3c5e564088e8bf	PASS	/root/rescripted_registry_n_review	english_source_context_family_review
block:block.table_top_craft.blue_concrete_connect_four	sha256:b3a3f657795bd58ff016a5431e0829ef2123fdf37f5aafecb4571ee3c939d9f6	PASS	/root/rescripted_registry_n_review	english_source_context_family_review
block:block.table_top_craft.blue_terracotta_chess	sha256:0785d72a010961a7ed7c35a48c31d607a353d80b1c118b0f778ac6bfce3964d3	PASS	/root/rescripted_registry_n_review	english_source_context_family_review
block:block.table_top_craft.blue_terracotta_chess_timer	sha256:0977ba216b5a4ad495c32daceb4a0f1b61c919da0bab31c9382ff169626e8a1e	PASS	/root/rescripted_registry_n_review	english_source_context_family_review
block:block.table_top_craft.blue_terracotta_connect_four	sha256:f57ad3c1cf5b9ea65ca8fe0517bfcf528c696f2b051de0ddfae562ca0d3a995d	PASS	/root/rescripted_registry_n_review	english_source_context_family_review
block:block.table_top_craft.brown_concrete_chess	sha256:9631625bda368674dfc547f675a7c6bbb8794c4ff0a0e1ec30ca9deb5dda4c4d	PASS	/root/rescripted_registry_n_review	english_source_context_family_review
block:block.table_top_craft.brown_concrete_chess_timer	sha256:b471425ce95fb9fced6e2b69326b7b8847c51891a70551413140aa0caac9c525	PASS	/root/rescripted_registry_n_review	english_source_context_family_review
block:block.table_top_craft.brown_concrete_connect_four	sha256:22933f6dc8b2334a3a1a72ead3947f089c3331b7c767e43f0782988a8610d0c9	PASS	/root/rescripted_registry_n_review	english_source_context_family_review
block:block.table_top_craft.brown_terracotta_chess	sha256:88881bb70a6cf090250d8186c689564d487811e8cfea86117172235ed72dd3f0	PASS	/root/rescripted_registry_n_review	english_source_context_family_review
block:block.table_top_craft.brown_terracotta_chess_timer	sha256:d072d05314f5b7edf714fd5acbb0d7acd92f2adaba6c558d0f19d39001891fe9	PASS	/root/rescripted_registry_n_review	english_source_context_family_review
block:block.table_top_craft.brown_terracotta_connect_four	sha256:53670cf3c89f420d660972d6142802d9a7e07fbdd1d0f45ff224ae259e770c93	PASS	/root/rescripted_registry_n_review	english_source_context_family_review
block:block.table_top_craft.cherry_chess	sha256:b96068fb4dd3f2eaa31b06a36bd72560cbe11768d14959d5115d5a4afbe06286	PASS	/root/rescripted_registry_n_review	english_source_context_family_review
block:block.table_top_craft.cherry_chess_timer	sha256:2bdd3795483b429438b2fe1b5d72300520061171c3862e2ace9cd60fade1154c	PASS	/root/rescripted_registry_n_review	english_source_context_family_review
block:block.table_top_craft.cherry_connect_four	sha256:bec9c9d151cbaf2d747c7a55369240eaae2e2559719cf636903112836d7abf19	PASS	/root/rescripted_registry_n_review	english_source_context_family_review
block:block.table_top_craft.chess_piece_figure	sha256:1947c1c4683edcd6b83dc47eb64144d9b3086b89fbaac84dde8947698fa1d836	PASS	/root/rescripted_registry_n_review	english_source_context_family_review
block:block.table_top_craft.crimson_chess	sha256:b5504a2f51b9b960a3a920e33b6c1c264ef6791a2625766c81ccf69bb3989dc3	PASS	/root/rescripted_registry_n_review	english_source_context_family_review
block:block.table_top_craft.crimson_chess_timer	sha256:f13dc7b81ac5fcc166a2db6f7f13d8682af5a33fe27aad598a5e212bbb63207b	PASS	/root/rescripted_registry_n_review	english_source_context_family_review
block:block.table_top_craft.crimson_connect_four	sha256:eeaff7ae02919aca61e33ff0b39731d73348c94d3721ca98abff8524e0af7726	PASS	/root/rescripted_registry_n_review	english_source_context_family_review
block:block.table_top_craft.cyan_concrete_chess	sha256:a2d7590343d58fe0ae2f1c244c0b176b2e2e8422b7d039cf5f331d5f2b19e52c	PASS	/root/rescripted_registry_n_review	english_source_context_family_review
block:block.table_top_craft.cyan_concrete_chess_timer	sha256:730ea414974da9c271a7cc6681d1cd4e79a1af139ea47c8beb1eb6351e571a04	PASS	/root/rescripted_registry_n_review	english_source_context_family_review
block:block.table_top_craft.cyan_concrete_connect_four	sha256:8b8fa1ae56b6cd0a6d90a07fcb478f9e85bf702b60e3192efcb7a2509c42128f	PASS	/root/rescripted_registry_n_review	english_source_context_family_review
block:block.table_top_craft.cyan_terracotta_chess	sha256:6092f50d6ff7f7880177eb04bb2b6a5147cc756420f67136acd37ac6e0866155	PASS	/root/rescripted_registry_n_review	english_source_context_family_review
block:block.table_top_craft.cyan_terracotta_chess_timer	sha256:7600722ae2384d4d73ddedc3be284e343c762453dfe8e695976c3bba4e9a208b	PASS	/root/rescripted_registry_n_review	english_source_context_family_review
block:block.table_top_craft.cyan_terracotta_connect_four	sha256:8e7707cd179abbaec39ff375399d6fa957a19c83efea7278332bda038376b53f	PASS	/root/rescripted_registry_n_review	english_source_context_family_review
block:block.table_top_craft.dark_oak_chess	sha256:4c9a41e24413174165a5ae513e9ded9b5625bd54f85db5da73e3422e28584d6e	PASS	/root/rescripted_registry_n_review	english_source_context_family_review
block:block.table_top_craft.dark_oak_chess_timer	sha256:f7032e17d0466373773e00a0bdb545e86d3367beabd18403cfd2fcb3a09162e2	PASS	/root/rescripted_registry_n_review	english_source_context_family_review
block:block.table_top_craft.dark_oak_connect_four	sha256:782ea4f58e2ba6c69692effc10fd254eeb34c725c1df6eab4a6cac2c9bdbf186	PASS	/root/rescripted_registry_n_review	english_source_context_family_review
block:block.table_top_craft.gray_concrete_chess	sha256:3ef692f7634cc0148bb8259e32fa2bc8653794393d41755d62602fe187129d8a	PASS	/root/rescripted_registry_n_review	english_source_context_family_review
block:block.table_top_craft.gray_concrete_chess_timer	sha256:7d1c9737aa4b00ae5b2dc1fca9a40e61204dc84f35e30c8dd1e1c14bf3d47265	PASS	/root/rescripted_registry_n_review	english_source_context_family_review
block:block.table_top_craft.gray_concrete_connect_four	sha256:5556cecc9fa29093065ab6b059391bff2942ebddd8f230d926f6165e8fbe716b	PASS	/root/rescripted_registry_n_review	english_source_context_family_review
block:block.table_top_craft.gray_terracotta_chess	sha256:1ae9dca97bd248f07b4e522d0ee245a632677fe9357869d03e9e14ba98a4ecd1	PASS	/root/rescripted_registry_n_review	english_source_context_family_review
block:block.table_top_craft.gray_terracotta_chess_timer	sha256:c719062898bfaf7d306b2cf0f5e7865e6f6533de59d71ca6a27be13b2b67c3e1	PASS	/root/rescripted_registry_n_review	english_source_context_family_review
block:block.table_top_craft.gray_terracotta_connect_four	sha256:3562b6f78eae4aae2323d03b698a99270be318506476d67d08e20cea8d96c097	PASS	/root/rescripted_registry_n_review	english_source_context_family_review
block:block.table_top_craft.green_concrete_chess	sha256:68466a0def545cab3cdcf61068fc044ce5d6cb168844b09b7c89d773b4c555c9	PASS	/root/rescripted_registry_n_review	english_source_context_family_review
block:block.table_top_craft.green_concrete_chess_timer	sha256:5a437ef6753b01873dbf7bae56c8717d6698e966271d11cc9cf0fae8d8e888ec	PASS	/root/rescripted_registry_n_review	english_source_context_family_review
block:block.table_top_craft.green_concrete_connect_four	sha256:f587cef3203acad3bcd963f365ea48459e8d7fe0fdcb7b36d19a37b02c6032c6	PASS	/root/rescripted_registry_n_review	english_source_context_family_review
block:block.table_top_craft.green_terracotta_chess	sha256:30ca6e3ac60b06e360d4855adeae8509e809777ccf258ad5f88959867eb80b6c	PASS	/root/rescripted_registry_n_review	english_source_context_family_review
block:block.table_top_craft.green_terracotta_chess_timer	sha256:c3fad402512ded4933e9be765f337761ef24b4555d4c784ddb45070801e0d91b	PASS	/root/rescripted_registry_n_review	english_source_context_family_review
block:block.table_top_craft.green_terracotta_connect_four	sha256:ee05fddcd80439d04e4434b911ecb9fd34760acf32e4f1dda21f70221a5c3348	PASS	/root/rescripted_registry_n_review	english_source_context_family_review
block:block.table_top_craft.jungle_chess	sha256:8fa01b7e69ceb37bbee401649ffb3b03f91a2ce8109ff0e9f19d217206d4229a	PASS	/root/rescripted_registry_n_review	english_source_context_family_review
block:block.table_top_craft.jungle_chess_timer	sha256:519794578112f753e3f8eb2e04ddd1e90c7d039b45ab4bc1138a7d39d1cef892	PASS	/root/rescripted_registry_n_review	english_source_context_family_review
block:block.table_top_craft.jungle_connect_four	sha256:df2fb450b436050974c8507818afc502b72429fc80c0244ad359ea860eb12a8e	PASS	/root/rescripted_registry_n_review	english_source_context_family_review
block:block.table_top_craft.light_blue_concrete_chess	sha256:4939c5a6c5cf185c0b60fc6dc52adf13c2b39986e35dd8774e351b893da4bdce	PASS	/root/rescripted_registry_n_review	english_source_context_family_review
block:block.table_top_craft.light_blue_concrete_chess_timer	sha256:6ff2421d914a5b1f8313a26485b8dae09477f4b30f4d6013f17f0b40535c5e7d	PASS	/root/rescripted_registry_n_review	english_source_context_family_review
block:block.table_top_craft.light_blue_concrete_connect_four	sha256:99a8070586a8ec619c9bc82914de26113c6950cbce083ea4f350cd672580664b	PASS	/root/rescripted_registry_n_review	english_source_context_family_review
block:block.table_top_craft.light_blue_terracotta_chess	sha256:8be9433ec5eae64af654ec63df6a2db3ef697038e8644ab8f608b47b14f43252	PASS	/root/rescripted_registry_n_review	english_source_context_family_review
block:block.table_top_craft.light_blue_terracotta_chess_timer	sha256:4286630042eaaaaed477bb46ef8d8265e201e22a32dead2a43bcfa5318506ce3	PASS	/root/rescripted_registry_n_review	english_source_context_family_review
block:block.table_top_craft.light_blue_terracotta_connect_four	sha256:b7913c3a7d582ba2dc5b4c0d657a58754e903e7a8ab6664b3afc38c9a6f0b4c5	PASS	/root/rescripted_registry_n_review	english_source_context_family_review
block:block.table_top_craft.light_gray_concrete_chess	sha256:6a94249280be6de53f922b1a6b5a0c39cc4d1dcc4287d8f698ca24109a77eea1	PASS	/root/rescripted_registry_n_review	english_source_context_family_review
block:block.table_top_craft.light_gray_concrete_chess_timer	sha256:ddf21a4120dc8f56226b6c0c579d1c28c0efb059dfb22baf7451271fba81dbff	PASS	/root/rescripted_registry_n_review	english_source_context_family_review
block:block.table_top_craft.light_gray_concrete_connect_four	sha256:1b67f57f6724818694e5cb2baeaeea8a835d4b903fe090cc51b36cd98aafb812	PASS	/root/rescripted_registry_n_review	english_source_context_family_review
block:block.table_top_craft.light_gray_terracotta_chess	sha256:8225c9109f4167fb0cd294ac6bbaaffee022635a770e7963eda0c7837342998a	PASS	/root/rescripted_registry_n_review	english_source_context_family_review
block:block.table_top_craft.light_gray_terracotta_chess_timer	sha256:a0253af58b038dedfb9480f1cd3e50d78848b7fbabce9614784c3eef7c9f8db5	PASS	/root/rescripted_registry_n_review	english_source_context_family_review
block:block.table_top_craft.light_gray_terracotta_connect_four	sha256:f929d1bb61289662c33d5d5facf924a2fabb2db54c5c8211c9a2f142414cf51c	PASS	/root/rescripted_registry_n_review	english_source_context_family_review
block:block.table_top_craft.lime_concrete_chess	sha256:d035ea0e7635fe4d4e20d944778bb3e62011355de0bedcc1e7ceae9572e1dac3	PASS	/root/rescripted_registry_n_review	english_source_context_family_review
block:block.table_top_craft.lime_concrete_chess_timer	sha256:983d265c0024792b93c99a9e135b17af62a9a4897d09bc3dd8755a02d70b0a59	PASS	/root/rescripted_registry_n_review	english_source_context_family_review
block:block.table_top_craft.lime_concrete_connect_four	sha256:a13410c6702350fe36beb53cef71e45e001259f4780d15930d3b097ca00a0999	PASS	/root/rescripted_registry_n_review	english_source_context_family_review
block:block.table_top_craft.lime_terracotta_chess	sha256:235841245fea216fb09cdc84fcef3694aa5490b5c0e57d00ef208b1cc5636bbc	PASS	/root/rescripted_registry_n_review	english_source_context_family_review
block:block.table_top_craft.lime_terracotta_chess_timer	sha256:7d3154fc01dd5ad833094146859ee09a8dfeea39514d9a40ced856aa54c54da0	PASS	/root/rescripted_registry_n_review	english_source_context_family_review
block:block.table_top_craft.lime_terracotta_connect_four	sha256:52dc9ed6066bf1384980bab0f419a02954b2ac41cdd468773b5f3978e78c979c	PASS	/root/rescripted_registry_n_review	english_source_context_family_review
block:block.table_top_craft.magenta_concrete_chess	sha256:1e16e0294015d89888df970f8ee6703bdb7e8eb1e5c7e319572d139503cf3ebe	PASS	/root/rescripted_registry_n_review	english_source_context_family_review
block:block.table_top_craft.magenta_concrete_chess_timer	sha256:6e48d4fc228c45fdb8660a19ab393afc94091268a99f9df3ac84b9a8d4743513	PASS	/root/rescripted_registry_n_review	english_source_context_family_review
block:block.table_top_craft.magenta_concrete_connect_four	sha256:b3e534dffffb26801792fed9d51bb7e38ffd00260d9386a52deaf44bae06bcb8	PASS	/root/rescripted_registry_n_review	english_source_context_family_review
block:block.table_top_craft.magenta_terracotta_chess	sha256:159512e53de86565a3d15a5127f7b011e69691a9cc5450b80fe984ab38f76c12	PASS	/root/rescripted_registry_n_review	english_source_context_family_review
block:block.table_top_craft.magenta_terracotta_chess_timer	sha256:ea8306d580afb5ace7b76950b3a15bf4b21657f5f0932a77c520e1b1dbc6ee8b	PASS	/root/rescripted_registry_n_review	english_source_context_family_review
block:block.table_top_craft.magenta_terracotta_connect_four	sha256:56f389ab67624c68056670b4283b2efa53a83d7a9b17dc160f33e1498c1b25b3	PASS	/root/rescripted_registry_n_review	english_source_context_family_review
block:block.table_top_craft.mangrove_chess	sha256:a4ffaaf331de0f0d10c5a33c804ca4210dde9595d7884ec1d5ede9aafe24fede	PASS	/root/rescripted_registry_n_review	english_source_context_family_review
block:block.table_top_craft.mangrove_chess_timer	sha256:3b438b85310711d4f077ca03ca5cdd9b1ae29362cd2f3291ed48f23edb94ff66	PASS	/root/rescripted_registry_n_review	english_source_context_family_review
block:block.table_top_craft.mangrove_connect_four	sha256:77e10506b218a3cc29bd548f9e49f8952728be90413003baf89eea68fc09a2fe	PASS	/root/rescripted_registry_n_review	english_source_context_family_review
block:block.table_top_craft.oak_chess	sha256:4cbb721a7c786f78dd38a6f97e5746db054b552a300b93eeddb80cb071534d36	PASS	/root/rescripted_registry_n_review	english_source_context_family_review
block:block.table_top_craft.oak_chess_timer	sha256:36db07f2c89d7bc2f0b9a0266fc0e9cef24aa98ad0f91c9d68c8bf52d4c3fd31	PASS	/root/rescripted_registry_n_review	english_source_context_family_review
block:block.table_top_craft.oak_connect_four	sha256:0d82b12ab0e3673c790908115c880031f404c38bd286b5c4a6ebc1c5c72d0415	PASS	/root/rescripted_registry_n_review	english_source_context_family_review
block:block.table_top_craft.orange_concrete_chess	sha256:1aca380d7efc6b7dd5855b296d0dded8ec949661d7ae78c70b2b70feb204349d	PASS	/root/rescripted_registry_n_review	english_source_context_family_review
block:block.table_top_craft.orange_concrete_chess_timer	sha256:002128d8ddcc21981ea95fe2ba33fe6dc02148963f02441c849f4f3eb7f544b9	PASS	/root/rescripted_registry_n_review	english_source_context_family_review
block:block.table_top_craft.orange_concrete_connect_four	sha256:f145ae6c766fdbd3ec1e95edf8c61ebcc12cf45d1f619152e6b6819eeb4d5931	PASS	/root/rescripted_registry_n_review	english_source_context_family_review
block:block.table_top_craft.orange_terracotta_chess	sha256:88735ff6de68aafe9b7fdb02e1ecb5073cb94ac0269fb0016ea5486853819408	PASS	/root/rescripted_registry_n_review	english_source_context_family_review
block:block.table_top_craft.orange_terracotta_chess_timer	sha256:8502093dfdb426909994cf4ab06e0b1e317d78ab58f2e75a3af31a56bfc4cdd7	PASS	/root/rescripted_registry_n_review	english_source_context_family_review
block:block.table_top_craft.orange_terracotta_connect_four	sha256:d50b7b63e59a42784104ffff749461645432ba8f2423c0ff1737b399dc24eafd	PASS	/root/rescripted_registry_n_review	english_source_context_family_review
block:block.table_top_craft.pink_concrete_chess	sha256:ba2aa1953efb0d835e9eca42f6776835b62d689c0fc5b82499ba73407a1da7e5	PASS	/root/rescripted_registry_n_review	english_source_context_family_review
block:block.table_top_craft.pink_concrete_chess_timer	sha256:892e36e1e195572c30c88dfcf8fcd455fe9111f259b8490f669a7843fd609ddc	PASS	/root/rescripted_registry_n_review	english_source_context_family_review
block:block.table_top_craft.pink_concrete_connect_four	sha256:6db59f42d29490ac2ffe94ad06261ffeac1a7f3d4bba9324979d1b6ee5d8d372	PASS	/root/rescripted_registry_n_review	english_source_context_family_review
block:block.table_top_craft.pink_terracotta_chess	sha256:1e76cc987446ae965a099f2fd4004785d9ad8a5646f864d364f90642c876ad99	PASS	/root/rescripted_registry_n_review	english_source_context_family_review
block:block.table_top_craft.pink_terracotta_chess_timer	sha256:ef56fb64ed03354fb83e378d4b7b70f494da0ed9a8caea875689b56acc53f2ac	PASS	/root/rescripted_registry_n_review	english_source_context_family_review
block:block.table_top_craft.pink_terracotta_connect_four	sha256:187acd4140abe966f1ba8be368a70a0b1511bf3e1765fef5c533824b549a63eb	PASS	/root/rescripted_registry_n_review	english_source_context_family_review
block:block.table_top_craft.purple_concrete_chess	sha256:bae7ae96a0065692b71c5697d228f4d8c8a8c2abfbcc0ba043e21320230d8c15	PASS	/root/rescripted_registry_n_review	english_source_context_family_review
block:block.table_top_craft.purple_concrete_chess_timer	sha256:ae67883a7fc7113ffedc84d3b8d703d9710e077897fa4f4cf04c6f8ab1e05841	PASS	/root/rescripted_registry_n_review	english_source_context_family_review
block:block.table_top_craft.purple_concrete_connect_four	sha256:38eeceaafd6ebbfcac5b5f8f504be7190dbb513197cc3582272273ebd27de8b0	PASS	/root/rescripted_registry_n_review	english_source_context_family_review
block:block.table_top_craft.purple_terracotta_chess	sha256:92d76b5a84ae3d0da6d5e4297239db21157b7ec089a7f5a60e8da37a9abb272b	PASS	/root/rescripted_registry_n_review	english_source_context_family_review
block:block.table_top_craft.purple_terracotta_chess_timer	sha256:0ed2aaad81ffc913de2556ef41683fc93bcc99c3d2eea0132564f30b956555aa	PASS	/root/rescripted_registry_n_review	english_source_context_family_review
block:block.table_top_craft.purple_terracotta_connect_four	sha256:5d6716c83870666a3eb1611a24522cdaf4e3ab74b2732ad42fd11b7e5c45a4ee	PASS	/root/rescripted_registry_n_review	english_source_context_family_review
block:block.table_top_craft.red_concrete_chess	sha256:c4a1b96246345bc9295d871c91f421dcfb27676c97de9705d4d36800fa2f2a64	PASS	/root/rescripted_registry_n_review	english_source_context_family_review
block:block.table_top_craft.red_concrete_chess_timer	sha256:577d7b3fc06f94c0b2fc31db548a031088659e03cfbeeef3bc1afa64e83e122c	PASS	/root/rescripted_registry_n_review	english_source_context_family_review
block:block.table_top_craft.red_concrete_connect_four	sha256:a9707741b954298e428ecea561deb7856a59bd0dc5c0c023eec932a042504902	PASS	/root/rescripted_registry_n_review	english_source_context_family_review
block:block.table_top_craft.red_terracotta_chess	sha256:5c576162749f9e91e76257a390ce5cbfe47b57908242dd98a39e05b8d91471fe	PASS	/root/rescripted_registry_n_review	english_source_context_family_review
block:block.table_top_craft.red_terracotta_chess_timer	sha256:4ce6ba235867eeaba1e8f2083e5ad5399b5bf0b98d113f6ce1eae133d4e7fbc9	PASS	/root/rescripted_registry_n_review	english_source_context_family_review
block:block.table_top_craft.red_terracotta_connect_four	sha256:40900837f5b8377b8b5a152e62f5d099451be4218ad8da292cd4ce60a8c493ed	PASS	/root/rescripted_registry_n_review	english_source_context_family_review
block:block.table_top_craft.spruce_chess	sha256:cef8d4c9852644bcfd81fa9b4d27598ac2e16f7a0992e46f7f5368b5e3dc5c51	PASS	/root/rescripted_registry_n_review	english_source_context_family_review
block:block.table_top_craft.spruce_chess_timer	sha256:30579645eeb82cc6dd087e3a995c6197fb955696f62b1d6f5b368ecf4f88cb39	PASS	/root/rescripted_registry_n_review	english_source_context_family_review
block:block.table_top_craft.spruce_connect_four	sha256:87ebf3b06e3138fca942505234afb27f9026b9b8288e24dfb7dff1a39561558e	PASS	/root/rescripted_registry_n_review	english_source_context_family_review
block:block.table_top_craft.tic_tac_toe	sha256:39a98390f34a0ab06b02b17bb88d70b316229fac0c8cbcdbee3dbf5dadf1071a	PASS	/root/rescripted_registry_n_review	english_source_context_family_review
block:block.table_top_craft.warped_chess	sha256:ae54e14f1a400fe75f4f0f5ff022191c82c9bac850a262fdb6e598f4f99bed14	PASS	/root/rescripted_registry_n_review	english_source_context_family_review
block:block.table_top_craft.warped_chess_timer	sha256:3ce6905336e97da8fcc7202e230e8074dbcb7330c26d5930ae92aa616f9cedca	PASS	/root/rescripted_registry_n_review	english_source_context_family_review
block:block.table_top_craft.warped_connect_four	sha256:bc63ff6297024da163c1ca8d3e6e4fcc65a851908c41df5946e215cbccd49053	PASS	/root/rescripted_registry_n_review	english_source_context_family_review
block:block.table_top_craft.white_concrete_chess	sha256:7ca85a245bd4e563a4415d72a698a783d740959f95d2ab74d28952bbfad4efa6	PASS	/root/rescripted_registry_n_review	english_source_context_family_review
block:block.table_top_craft.white_concrete_chess_timer	sha256:611e579e29fd3e226bbb6c250f1d314ed1b5efbdfd867abead29df89265099be	PASS	/root/rescripted_registry_n_review	english_source_context_family_review
block:block.table_top_craft.white_concrete_connect_four	sha256:dfecf8ae0e07df3ba90d62baf9d3a86e6ab5ac4392cc1763e3e0da5c7d1fa72e	PASS	/root/rescripted_registry_n_review	english_source_context_family_review
block:block.table_top_craft.white_terracotta_chess	sha256:6c0b9d56e94a820508b4870e25c7df4f833f6ebf39f0fe3fd84977ebefb2849d	PASS	/root/rescripted_registry_n_review	english_source_context_family_review
block:block.table_top_craft.white_terracotta_chess_timer	sha256:6df03fe180142f87daac52b74da08855db1ad4438e5145d7d8db6a858611448a	PASS	/root/rescripted_registry_n_review	english_source_context_family_review
block:block.table_top_craft.white_terracotta_connect_four	sha256:111c3f8420e51b733173c4ac7a3f37ea4b1a207280f8410e87c25b5d966cf2e3	PASS	/root/rescripted_registry_n_review	english_source_context_family_review
block:block.table_top_craft.yellow_concrete_chess	sha256:ba29d4b484eb4a675612ca423bf83acd8dc48e619eeba6a22ced101255ff322d	PASS	/root/rescripted_registry_n_review	english_source_context_family_review
block:block.table_top_craft.yellow_concrete_chess_timer	sha256:c96775d2a31f4328e9892bbec5a5a785c1325e0d66a4481c038e5b618b253091	PASS	/root/rescripted_registry_n_review	english_source_context_family_review
block:block.table_top_craft.yellow_concrete_connect_four	sha256:66b544c67028930e763bfff182efb8bc044bcc8f44276e52297b5dad9a371340	PASS	/root/rescripted_registry_n_review	english_source_context_family_review
block:block.table_top_craft.yellow_terracotta_chess	sha256:99265cbd318dd063ceca1cb98f72c7d2394f49b6bf51adc5eea7e6cbd18255ab	PASS	/root/rescripted_registry_n_review	english_source_context_family_review
block:block.table_top_craft.yellow_terracotta_chess_timer	sha256:3d85718d7a0b8827efb944af1101e03c9ee2d57892c2d5e6d2b60900f2fce5c2	PASS	/root/rescripted_registry_n_review	english_source_context_family_review
block:block.table_top_craft.yellow_terracotta_connect_four	sha256:41e4454e515b277dedd0d96fef048d11096ee1a2785b5ed5b54eef480f00e666	PASS	/root/rescripted_registry_n_review	english_source_context_family_review
block:block.tconstruct.amethyst_bronze_block	sha256:d2708d6dbfcd11a7c80df382ef533a46ca87e81ad7b0cc5f09cd0f00ff0ef492	PASS	/root/rescripted_registry_n_review	english_source_context_family_review
block:block.tconstruct.beetroot_soup_fluid	sha256:791591ca9cd3dbec2aa89fcb874ecf9d20223ab1dab6c8110ab7a9584b07ed46	PASS	/root/rescripted_registry_n_review	english_source_context_family_review
block:block.tconstruct.black_clear_stained_glass	sha256:8107af36e7e95fde89bd6abd5af1b8ef2a7233c0161ad0cb26bba9899e9229e8	PASS	/root/rescripted_registry_n_review	english_source_context_family_review
block:block.tconstruct.black_clear_stained_glass_pane	sha256:651c53b1d75a9140902b89d93060a05c35acbe2a570a3897f52a6bed5ec4546b	PASS	/root/rescripted_registry_n_review	english_source_context_family_review
block:block.tconstruct.blaze_head	sha256:9e7dbd5f8fbedc2e28cba848ba4e1a112bb033e379213a0b7274d4f80000cc82	PASS	/root/rescripted_registry_n_review	english_source_context_family_review
block:block.tconstruct.blaze_wall_head	sha256:0a2f7714cb6885d5ffd67f91a3f29ac01e9ccb592240f3f327813e092b693092	PASS	/root/rescripted_registry_n_review	english_source_context_family_review
block:block.tconstruct.blazewood	sha256:0c7c584e09271321277852ad959bd02126e99f2d086e985e12ca7b5d115982f4	PASS	/root/rescripted_registry_n_review	english_source_context_family_review
block:block.tconstruct.blazewood_fence	sha256:20d3259563060e7b35ee9c982713f7e7d2cfe1827e2bf576e71bb3bd754b8d7e	PASS	/root/rescripted_registry_n_review	english_source_context_family_review
block:block.tconstruct.blazewood_slab	sha256:ca0c3f8fe6ca3c6140b2b1cd5c45f9cfc75eaf5b8bbc3d335799ce310d4fbd5b	PASS	/root/rescripted_registry_n_review	english_source_context_family_review
block:block.tconstruct.blazewood_stairs	sha256:3944aa6f3c3998257ec6073cfdd94cef0bf27c2e81aebb1f748948b972ede5ea	PASS	/root/rescripted_registry_n_review	english_source_context_family_review
block:block.tconstruct.blazing_blood_fluid	sha256:109bd9bf373faa8ead17ab55c8a08a4b4f12b2bb1e937e28608594353d6e7357	PASS	/root/rescripted_registry_n_review	english_source_context_family_review
block:block.tconstruct.blood_cake	sha256:b7e54e7f163c2dddc889769a013717e732040d97e180225b342d4c64b218132c	PASS	/root/rescripted_registry_n_review	english_source_context_family_review
block:block.tconstruct.blood_earth_slime_grass	sha256:f9d4d06199e7954e4c4b66f1f986bbe36a8a3f5060138826d7bb5b457c815902	PASS	/root/rescripted_registry_n_review	english_source_context_family_review
block:block.tconstruct.blood_ender_slime_grass	sha256:f9d4d06199e7954e4c4b66f1f986bbe36a8a3f5060138826d7bb5b457c815902	PASS	/root/rescripted_registry_n_review	english_source_context_family_review
block:block.tconstruct.blood_ichor_slime_grass	sha256:f9d4d06199e7954e4c4b66f1f986bbe36a8a3f5060138826d7bb5b457c815902	PASS	/root/rescripted_registry_n_review	english_source_context_family_review
block:block.tconstruct.blood_sky_slime_grass	sha256:f9d4d06199e7954e4c4b66f1f986bbe36a8a3f5060138826d7bb5b457c815902	PASS	/root/rescripted_registry_n_review	english_source_context_family_review
block:block.tconstruct.blood_slime_fern	sha256:40898b276b2f800f3d8200550fc73575099a03c76f2c30b5aaceb121c29a2c9a	PASS	/root/rescripted_registry_n_review	english_source_context_family_review
block:block.tconstruct.blood_slime_leaves	sha256:31db7fe0d7d4cb737b74ba59e8844207dd6155f9ebe530dc1a41d671c36271da	PASS	/root/rescripted_registry_n_review	english_source_context_family_review
block:block.tconstruct.blood_slime_sapling	sha256:eee971a7908f2679c345f870cff0e88d0a739de6414334b8ba62813a281d74c9	PASS	/root/rescripted_registry_n_review	english_source_context_family_review
block:block.tconstruct.blood_slime_tall_grass	sha256:c5f9c3b313280d5bbb58aa40a479cb4c86aeea1ea460134606b364764328cc6c	PASS	/root/rescripted_registry_n_review	english_source_context_family_review
block:block.tconstruct.blood_vanilla_slime_grass	sha256:f9d4d06199e7954e4c4b66f1f986bbe36a8a3f5060138826d7bb5b457c815902	PASS	/root/rescripted_registry_n_review	english_source_context_family_review
block:block.tconstruct.bloodshroom_button	sha256:56ca307e594115c2c385b3b409d83de7173b781423854df4545111a65b7699d2	PASS	/root/rescripted_registry_n_review	english_source_context_family_review
block:block.tconstruct.bloodshroom_door	sha256:97e0542a3e21c13afa3e1e7f9ce90f817f9857086a5f1bd58e2eaa94812e4ffe	PASS	/root/rescripted_registry_n_review	english_source_context_family_review
block:block.tconstruct.bloodshroom_fence	sha256:ca4e03f38668766e04197003405645221c4e98765c49260863d16b6137d4981d	PASS	/root/rescripted_registry_n_review	english_source_context_family_review
block:block.tconstruct.bloodshroom_fence_gate	sha256:196e01c34ed93d2d39fa177cd2fe35feb9f40c37ff8e3ed3ce66852915bdf1e4	PASS	/root/rescripted_registry_n_review	english_source_context_family_review
block:block.tconstruct.bloodshroom_hanging_sign	sha256:13007c85e1ebdc26b11ae275be66605960283fd31f41ca9274fdd161271bf554	PASS	/root/rescripted_registry_n_review	english_source_context_family_review
block:block.tconstruct.bloodshroom_log	sha256:194e815f5be0d739094700dec6cf1110dcd9f5f38c96bfc0fb5a1c2eb34e81fd	PASS	/root/rescripted_registry_n_review	english_source_context_family_review
block:block.tconstruct.bloodshroom_planks	sha256:43f61d39bba2aee019d17853f75b9d7e8909ae3b8c029a241f6001e5400f1da2	PASS	/root/rescripted_registry_n_review	english_source_context_family_review
block:block.tconstruct.bloodshroom_planks_slab	sha256:57fb074484cbe9babd8039e35600f822fcc5214af1666200e80f77673956b9d9	PASS	/root/rescripted_registry_n_review	english_source_context_family_review
block:block.tconstruct.bloodshroom_planks_stairs	sha256:696e72a485d130032bc88d99c1bd3e910e5151d3f386d2508ce219c0d6861731	PASS	/root/rescripted_registry_n_review	english_source_context_family_review
block:block.tconstruct.bloodshroom_pressure_plate	sha256:284729ff8afb6ed3583e4e7ea9433f19272baf21d2879d57e865cf4822a5800d	PASS	/root/rescripted_registry_n_review	english_source_context_family_review
block:block.tconstruct.bloodshroom_sign	sha256:eaf55b015359c5aa5a874d1433a14f64361b47b93351a9fdcb8b01a836de6d2e	PASS	/root/rescripted_registry_n_review	english_source_context_family_review
block:block.tconstruct.bloodshroom_trapdoor	sha256:383734daddd2856a87f83371f1d667fe4344d4b48b53ddc9fc6add5df27c6e9d	PASS	/root/rescripted_registry_n_review	english_source_context_family_review
block:block.tconstruct.bloodshroom_wall_hanging_sign	sha256:13007c85e1ebdc26b11ae275be66605960283fd31f41ca9274fdd161271bf554	PASS	/root/rescripted_registry_n_review	english_source_context_family_review
block:block.tconstruct.bloodshroom_wall_sign	sha256:eaf55b015359c5aa5a874d1433a14f64361b47b93351a9fdcb8b01a836de6d2e	PASS	/root/rescripted_registry_n_review	english_source_context_family_review
block:block.tconstruct.bloodshroom_wood	sha256:f8fc7c38e2ac63c74567dc63f56c078b5f4633ac067a1a6fb8aa6cdfdab64b20	PASS	/root/rescripted_registry_n_review	english_source_context_family_review
block:block.tconstruct.blue_clear_stained_glass	sha256:2ebc3e2093c920313237dd2a820a7abb64eb8ad5308fc690c0ac616ae197edf2	PASS	/root/rescripted_registry_n_review	english_source_context_family_review
block:block.tconstruct.blue_clear_stained_glass_pane	sha256:280f470d6d99006529b2b7e97b6e25345240200d207b0e538eb5442f3472e05b	PASS	/root/rescripted_registry_n_review	english_source_context_family_review
block:block.tconstruct.brown_clear_stained_glass	sha256:0fe1643dfe9a1023a5cf344280f3ee683a0b2e200088f7bf4d1c6e1cada8fac3	PASS	/root/rescripted_registry_n_review	english_source_context_family_review
block:block.tconstruct.brown_clear_stained_glass_pane	sha256:0f3bac0079cd2a7c3200b45ff6ed2731b6a0abebea86f5bb6129e5418b651637	PASS	/root/rescripted_registry_n_review	english_source_context_family_review
block:block.tconstruct.budding_earth_slime_crystal	sha256:8e55930cf22906f546634be7afca99c861a69fcfcb9b434d10263a03bce69d49	PASS	/root/rescripted_registry_n_review	english_source_context_family_review
block:block.tconstruct.budding_ender_slime_crystal	sha256:3308f0c090bd4eed24fb4e1f56a457a4899e7bf57197edc396b0f7028e8d3c23	PASS	/root/rescripted_registry_n_review	english_source_context_family_review
block:block.tconstruct.budding_ichor_slime_crystal	sha256:bd9d14132141db6f69fdc647b0b8310647c5fbdd1cd52c9aae8e3218d5d0e5cb	PASS	/root/rescripted_registry_n_review	english_source_context_family_review
block:block.tconstruct.budding_sky_slime_crystal	sha256:ffab17b5b1a9aac8c2f900146fa7d18c2c72801b9b889970052910b9597e5526	PASS	/root/rescripted_registry_n_review	english_source_context_family_review
block:block.tconstruct.cast_chest	sha256:ebaef4f3250a9e70c7b5e3bf1ab51232d958fc850c0322ef1f7eeced2618d039	PASS	/root/rescripted_registry_n_review	english_source_context_family_review
block:block.tconstruct.cave_spider_head	sha256:21712f5d69bf4c5df29a8efb35f5b6c4df2551cf55c9172054783be2d624c737	PASS	/root/rescripted_registry_n_review	english_source_context_family_review
block:block.tconstruct.cave_spider_wall_head	sha256:007d976800a81d43fd8dce0fd618eb89f434088e9a7e43b67fd1751d254e1a56	PASS	/root/rescripted_registry_n_review	english_source_context_family_review
block:block.tconstruct.cheese_block	sha256:c8ab7f45f6105e9fbe771f4459c44eeb6255c92b1dc9117c2b966b040ff87c26	PASS	/root/rescripted_registry_n_review	english_source_context_family_review
block:block.tconstruct.chiseled_scorched_bricks	sha256:707ca270652eace79703cf45b6d8103ee698aab44e15993c8b2be31ab5740211	PASS	/root/rescripted_registry_n_review	english_source_context_family_review
block:block.tconstruct.cinderslime_block	sha256:9f1ce5a5d2d586b8ba7585507c4198c1c6d12d8c4b2d688a1e765a0d544f27c2	PASS	/root/rescripted_registry_n_review	english_source_context_family_review
block:block.tconstruct.clear_glass	sha256:71901687bc66bdfac0b3497a537f1800c98f4cdb2e56367328fce73c4a46d1de	PASS	/root/rescripted_registry_n_review	english_source_context_family_review
block:block.tconstruct.clear_glass_pane	sha256:65a67276874a42ed4c5c8bdf07ca333c21b02b9e525c81be746ac398a415d818	PASS	/root/rescripted_registry_n_review	english_source_context_family_review
block:block.tconstruct.clear_tinted_glass	sha256:46257ab2a85ae98fa5ab75411bcbcd0d6ac09f29d491ab3f0329fe1ebad9d3a8	PASS	/root/rescripted_registry_n_review	english_source_context_family_review
block:block.tconstruct.cobalt_block	sha256:da12821126d1563bfe5476d4b61be96e4281d10ea2a13b140987c2d7248698fa	PASS	/root/rescripted_registry_n_review	english_source_context_family_review
block:block.tconstruct.cobalt_ore	sha256:50c4721258790e91717635e65af7aa7c197fe6b8e2452ff2728fbb4f198c393f	PASS	/root/rescripted_registry_n_review	english_source_context_family_review
block:block.tconstruct.cobalt_platform	sha256:a643133afbb3cb76ec4893a754822295bcf7143a9f6dcae828afaefa02135a66	PASS	/root/rescripted_registry_n_review	english_source_context_family_review
block:block.tconstruct.copper_platform	sha256:77008c7eaa522930f99a81d1527b66e717123329850dcc8fdc7021d9bd597aec	PASS	/root/rescripted_registry_n_review	english_source_context_family_review
block:block.tconstruct.crafting_station	sha256:ac6e10365dc9c3bb853c93f741022070df7a5bac1542c099e06c67eed8b28d56	PASS	/root/rescripted_registry_n_review	english_source_context_family_review
block:block.tconstruct.cyan_clear_stained_glass	sha256:cb60a41543c6131a9bfe8c97b421d83f6f04172dcd2f06663577c5ab627dd3f7	PASS	/root/rescripted_registry_n_review	english_source_context_family_review
block:block.tconstruct.cyan_clear_stained_glass_pane	sha256:4e319d988048edee2f200b2e612073c55d4dc23fb086b2cedb9773ab54b300a5	PASS	/root/rescripted_registry_n_review	english_source_context_family_review
block:block.tconstruct.drowned_head	sha256:b134360eb66fc58db38355e119b6282bf566f6ce5dfc2a0eb2ab1f3a26df4ade	PASS	/root/rescripted_registry_n_review	english_source_context_family_review
block:block.tconstruct.drowned_wall_head	sha256:a0f49118bd5debe62d10a5dcbdcb7a11ff0feee1abd1b8da8af9b4784833c1f8	PASS	/root/rescripted_registry_n_review	english_source_context_family_review
block:block.tconstruct.earth_cake	sha256:9251103e1419be47dbd378779828b3555665562450c54b706a97b4a70364d8e7	PASS	/root/rescripted_registry_n_review	english_source_context_family_review
block:block.tconstruct.earth_congealed_slime	sha256:d645ee20764e40c540942466cdf7378e0cccf5aaf186d3762ccf7186014b0253	PASS	/root/rescripted_registry_n_review	english_source_context_family_review
block:block.tconstruct.earth_earth_slime_grass	sha256:95dbb9a3390b8bbf61b4763ee440fac6be90279df5abb2559cf48034c6ffe20c	PASS	/root/rescripted_registry_n_review	english_source_context_family_review
block:block.tconstruct.earth_ender_slime_grass	sha256:95dbb9a3390b8bbf61b4763ee440fac6be90279df5abb2559cf48034c6ffe20c	PASS	/root/rescripted_registry_n_review	english_source_context_family_review
block:block.tconstruct.earth_enderbark_roots	sha256:e7edb2c879ee752fdea85392eb64770a4e8f731ae175ef96310a68bcd641e109	PASS	/root/rescripted_registry_n_review	english_source_context_family_review
block:block.tconstruct.earth_ichor_slime_grass	sha256:95dbb9a3390b8bbf61b4763ee440fac6be90279df5abb2559cf48034c6ffe20c	PASS	/root/rescripted_registry_n_review	english_source_context_family_review
block:block.tconstruct.earth_sky_slime_grass	sha256:95dbb9a3390b8bbf61b4763ee440fac6be90279df5abb2559cf48034c6ffe20c	PASS	/root/rescripted_registry_n_review	english_source_context_family_review
block:block.tconstruct.earth_slime_crystal_block	sha256:8c4dba3ade24baccf5e5b3b6715b4e2fa35d1d2fb36ad3a78d9063848af1401b	PASS	/root/rescripted_registry_n_review	english_source_context_family_review
block:block.tconstruct.earth_slime_crystal_cluster	sha256:5cfa13fd53d68a744cf35c1ff4bd21a76b92412feb628ced3fbc3e6da2576ddf	PASS	/root/rescripted_registry_n_review	english_source_context_family_review
block:block.tconstruct.earth_slime_dirt	sha256:d2b16c357c5712774fe2ff19e927c673b18dc97c88bd677d184c247d1af63641	PASS	/root/rescripted_registry_n_review	english_source_context_family_review
block:block.tconstruct.earth_slime_fern	sha256:9179c29f6d1aa69249a92592e207ce6a625dd9d12b58208c2e0b50a9046e93ab	PASS	/root/rescripted_registry_n_review	english_source_context_family_review
block:block.tconstruct.earth_slime_fluid	sha256:3239e38d95b6c2c6d8cc003c8f127d0d6596d50f818c48ec12f23b882284d754	PASS	/root/rescripted_registry_n_review	english_source_context_family_review
block:block.tconstruct.earth_slime_leaves	sha256:4823eab1377d975b97d6ecf7526c092626f1ac690b93c67e5a2445a5e7e9ff98	PASS	/root/rescripted_registry_n_review	english_source_context_family_review
block:block.tconstruct.earth_slime_sapling	sha256:4eaeb4dfce078a12d56cf07cfe08083c7b5f408c3e5c2b5a73e16842ca8993d0	PASS	/root/rescripted_registry_n_review	english_source_context_family_review
block:block.tconstruct.earth_slime_tall_grass	sha256:838e4cfaf5e94836df3cc9d2eaf8bae68cd0b19705f20a8f85a5005e79839732	PASS	/root/rescripted_registry_n_review	english_source_context_family_review
block:block.tconstruct.earth_vanilla_slime_grass	sha256:95dbb9a3390b8bbf61b4763ee440fac6be90279df5abb2559cf48034c6ffe20c	PASS	/root/rescripted_registry_n_review	english_source_context_family_review
block:block.tconstruct.ender_cake	sha256:bd4fe90103d8ffa4033a4cdaafd6aece9c8c917e1b1fc687fc6add4c077d4bf8	PASS	/root/rescripted_registry_n_review	english_source_context_family_review
block:block.tconstruct.ender_congealed_slime	sha256:df55410a00e6705199b26f1b5575847ba5dd95a21caf4d0215c65fb6008eeb5b	PASS	/root/rescripted_registry_n_review	english_source_context_family_review
block:block.tconstruct.ender_earth_slime_grass	sha256:f3e149cff6922bcb852509f5614eb9cd80d2991b404d03c102f97b14f033d905	PASS	/root/rescripted_registry_n_review	english_source_context_family_review
block:block.tconstruct.ender_ender_slime_grass	sha256:f3e149cff6922bcb852509f5614eb9cd80d2991b404d03c102f97b14f033d905	PASS	/root/rescripted_registry_n_review	english_source_context_family_review
block:block.tconstruct.ender_enderbark_roots	sha256:e7edb2c879ee752fdea85392eb64770a4e8f731ae175ef96310a68bcd641e109	PASS	/root/rescripted_registry_n_review	english_source_context_family_review
block:block.tconstruct.ender_ichor_slime_grass	sha256:f3e149cff6922bcb852509f5614eb9cd80d2991b404d03c102f97b14f033d905	PASS	/root/rescripted_registry_n_review	english_source_context_family_review
block:block.tconstruct.ender_sky_slime_grass	sha256:f3e149cff6922bcb852509f5614eb9cd80d2991b404d03c102f97b14f033d905	PASS	/root/rescripted_registry_n_review	english_source_context_family_review
block:block.tconstruct.ender_slime	sha256:7194c374fea40f88665e6a1d67dd4496f4bc0e5562e3d383b86e477848571499	PASS	/root/rescripted_registry_n_review	english_source_context_family_review
block:block.tconstruct.ender_slime_crystal_block	sha256:65769758cfb344e37cd6a161578b34fa3e31353c4a3c4d8952a0f1b4cdc1eac7	PASS	/root/rescripted_registry_n_review	english_source_context_family_review
block:block.tconstruct.ender_slime_crystal_cluster	sha256:5a2ee6650ce9ba215eaeab9f31b7066d1991eef8215f0ba5dbcadbe06f380087	PASS	/root/rescripted_registry_n_review	english_source_context_family_review
block:block.tconstruct.ender_slime_dirt	sha256:354b7567129484d12df7bddd0a4e029840f84def5b95704a9c41bd4af35cd756	PASS	/root/rescripted_registry_n_review	english_source_context_family_review
block:block.tconstruct.ender_slime_fern	sha256:9179c29f6d1aa69249a92592e207ce6a625dd9d12b58208c2e0b50a9046e93ab	PASS	/root/rescripted_registry_n_review	english_source_context_family_review
block:block.tconstruct.ender_slime_fluid	sha256:91253b86e9d749e7d8640b6d9d6fb52fafc1a9fdd56d5355674b23c419ccd83d	PASS	/root/rescripted_registry_n_review	english_source_context_family_review
block:block.tconstruct.ender_slime_leaves	sha256:4823eab1377d975b97d6ecf7526c092626f1ac690b93c67e5a2445a5e7e9ff98	PASS	/root/rescripted_registry_n_review	english_source_context_family_review
block:block.tconstruct.ender_slime_sapling	sha256:7a4d9c17699344c78dd33f83545913f346dd61b9d43ded5bfe4e55c7df3f7f65	PASS	/root/rescripted_registry_n_review	english_source_context_family_review
block:block.tconstruct.ender_slime_tall_grass	sha256:838e4cfaf5e94836df3cc9d2eaf8bae68cd0b19705f20a8f85a5005e79839732	PASS	/root/rescripted_registry_n_review	english_source_context_family_review
block:block.tconstruct.ender_slime_vine	sha256:3c5452ab1a8b9048aca52ab4434688a8db999100dbc1c3b91e0a53bf689b8ed1	PASS	/root/rescripted_registry_n_review	english_source_context_family_review
block:block.tconstruct.ender_vanilla_slime_grass	sha256:f3e149cff6922bcb852509f5614eb9cd80d2991b404d03c102f97b14f033d905	PASS	/root/rescripted_registry_n_review	english_source_context_family_review
block:block.tconstruct.enderbark_button	sha256:1a405ccab95b4e88b23c1bd11f7d8893184f2275ce131d0c77b3daa5b02706fd	PASS	/root/rescripted_registry_n_review	english_source_context_family_review
block:block.tconstruct.enderbark_door	sha256:18d2e25e012385254aa0c9f85cfde980a67f1497fcfb93517d83e493a945fa03	PASS	/root/rescripted_registry_n_review	english_source_context_family_review
block:block.tconstruct.enderbark_fence	sha256:22add6d8844afdf8165d1f9d3882dbff794e99d7a64dc330ba9338544681524b	PASS	/root/rescripted_registry_n_review	english_source_context_family_review
block:block.tconstruct.enderbark_fence_gate	sha256:c6a868232423025ed51525d03211b62e031bdd32360dd002ef72e23682820616	PASS	/root/rescripted_registry_n_review	english_source_context_family_review
block:block.tconstruct.enderbark_hanging_sign	sha256:6a5845d150968aa357988322b9c764ec9ae7f7c84ed48b561b192fd5a5d1bef6	PASS	/root/rescripted_registry_n_review	english_source_context_family_review
block:block.tconstruct.enderbark_log	sha256:144b03799921b5111a91e89bc54c4e9775da6a300d568d4c70c720a3a2620604	PASS	/root/rescripted_registry_n_review	english_source_context_family_review
block:block.tconstruct.enderbark_planks	sha256:3d87c629b95036f26c1806b7fda58cf34d0ac04dd37ab6365d6f0f13a3e74845	PASS	/root/rescripted_registry_n_review	english_source_context_family_review
block:block.tconstruct.enderbark_planks_slab	sha256:613d567c20fca1f5bb6e8463af82fe42d5718e5b02477891553fa2b1076ef3a3	PASS	/root/rescripted_registry_n_review	english_source_context_family_review
block:block.tconstruct.enderbark_planks_stairs	sha256:a2740de65ed596a9fab3f3ac433f5e9abb54e698878d2884d08cd21630a68a2c	PASS	/root/rescripted_registry_n_review	english_source_context_family_review
block:block.tconstruct.enderbark_pressure_plate	sha256:0d063c763adc35e30611247527c54671399fe828ad7341c4570103e74efb8ecd	PASS	/root/rescripted_registry_n_review	english_source_context_family_review
block:block.tconstruct.enderbark_roots	sha256:fb950e81c762fcf843c38923d7c64098a1ea24169519c4f3a2714ad71077594c	PASS	/root/rescripted_registry_n_review	english_source_context_family_review
block:block.tconstruct.enderbark_sign	sha256:407d0584517fbf4e1af186c2c0b64d92253adaa283ff80aef7f354d4eff69de0	PASS	/root/rescripted_registry_n_review	english_source_context_family_review
block:block.tconstruct.enderbark_trapdoor	sha256:6c8e04bae9c852f481ff2bef6dbd9156f7dc55d810f26be70f359be203206c45	PASS	/root/rescripted_registry_n_review	english_source_context_family_review
block:block.tconstruct.enderbark_wall_hanging_sign	sha256:6a5845d150968aa357988322b9c764ec9ae7f7c84ed48b561b192fd5a5d1bef6	PASS	/root/rescripted_registry_n_review	english_source_context_family_review
block:block.tconstruct.enderbark_wall_sign	sha256:407d0584517fbf4e1af186c2c0b64d92253adaa283ff80aef7f354d4eff69de0	PASS	/root/rescripted_registry_n_review	english_source_context_family_review
block:block.tconstruct.enderbark_wood	sha256:19df56625f78907fa16cc00483212b3827730c9b2bb5bc8ae4c01239e3a211a0	PASS	/root/rescripted_registry_n_review	english_source_context_family_review
block:block.tconstruct.enderman_head	sha256:2afb159c44c55079d862fd565cefe35f241cd12dc4ac24874e96f992cbc0e47a	PASS	/root/rescripted_registry_n_review	english_source_context_family_review
block:block.tconstruct.enderman_wall_head	sha256:0f00fe5350731b7a42d51db16d5a9ac4aafc1e9ccaea4e57b4a41f0f1492fa37	PASS	/root/rescripted_registry_n_review	english_source_context_family_review
block:block.tconstruct.exposed_copper_platform	sha256:7067943364af5a630613b03ac6505370f5d86c6d2e1d99e509b68249e79bfbed	PASS	/root/rescripted_registry_n_review	english_source_context_family_review
block:block.tconstruct.foundry_controller	sha256:d8083f3260cbee149b2499d79faf43de9bee6cbb41b1588d2ba6ffd912a6e497	PASS	/root/rescripted_registry_n_review	english_source_context_family_review
block:block.tconstruct.glow	sha256:f534ed976dc8838f13bb15cd2eb51bb48099a845ad95089627072682a6ddbb54	PASS	/root/rescripted_registry_n_review	english_source_context_family_review
block:block.tconstruct.gold_bars	sha256:74aa9437a2d575f3b105463470f1c7911b8e37ff289ce635ddf6af4a881d3dd4	PASS	/root/rescripted_registry_n_review	english_source_context_family_review
block:block.tconstruct.gold_platform	sha256:41dbc923da32f45ec0a94a38fb43535e0a5377d8928ae3491c4bdd59ec188a7f	PASS	/root/rescripted_registry_n_review	english_source_context_family_review
block:block.tconstruct.gray_clear_stained_glass	sha256:fb0aecc64f18ca420020da1ae4eff47dc840cba435c3e363046a085feb79b250	PASS	/root/rescripted_registry_n_review	english_source_context_family_review
block:block.tconstruct.gray_clear_stained_glass_pane	sha256:4155eb85b3fcc6555f40ce60aad289390970ad3aabfb54a55304a017475b1c73	PASS	/root/rescripted_registry_n_review	english_source_context_family_review
block:block.tconstruct.green_clear_stained_glass	sha256:d1ded5aae1243adae1bb796a48a7449a70c1b2ff4099dfa78f12877d31d8c389	PASS	/root/rescripted_registry_n_review	english_source_context_family_review
block:block.tconstruct.green_clear_stained_glass_pane	sha256:0e4a051b5325b7bb6d413725750ef5e771d2c51711f49250d67be73a6ae77c24	PASS	/root/rescripted_registry_n_review	english_source_context_family_review
block:block.tconstruct.greenheart_button	sha256:f7ba8f0731056bc6e7d7c94391f2c91feff3a1610fc745ff51c39b9337eb86e4	PASS	/root/rescripted_registry_n_review	english_source_context_family_review
block:block.tconstruct.greenheart_door	sha256:000aa4f86f29b1ca9bf68485ca841cd660a3c8d85c217b7fc9fd804bd34b2abe	PASS	/root/rescripted_registry_n_review	english_source_context_family_review
block:block.tconstruct.greenheart_fence	sha256:c9c82e53b829a1006761df0f5041b22d4f71a608eb2875a447125ec2f37f635c	PASS	/root/rescripted_registry_n_review	english_source_context_family_review
block:block.tconstruct.greenheart_fence_gate	sha256:7137c839e6c551f1d52a02d1cde37cafa64d53f0782f4fddd3655709c1409fd6	PASS	/root/rescripted_registry_n_review	english_source_context_family_review
block:block.tconstruct.greenheart_hanging_sign	sha256:d09e82473ca5ea5393586ae1c96c9fefbf435ffa0823e0c37685f8b0c0f1b4e3	PASS	/root/rescripted_registry_n_review	english_source_context_family_review
block:block.tconstruct.greenheart_log	sha256:19b790f6dfd7b9387f37f671db01eb965573436dd28bf185dac955429c5aabb4	PASS	/root/rescripted_registry_n_review	english_source_context_family_review
block:block.tconstruct.greenheart_planks	sha256:8be8d3c270bc1de5741a0a7486c68f83268b6849d9cf12b793ae704199d8422f	PASS	/root/rescripted_registry_n_review	english_source_context_family_review
block:block.tconstruct.greenheart_planks_slab	sha256:ce65e6c07a79d0322383d9ee12c4011d0b42b08002e9e34a037b11a003105da5	CHANGE	/root/rescripted_registry_n_review	english_source_context_family_review
block:block.tconstruct.greenheart_planks_stairs	sha256:c74b3e922bb1f5317c6179ef122b7c204bee8230b1f4bd9ea86855d17cf52707	PASS	/root/rescripted_registry_n_review	english_source_context_family_review
block:block.tconstruct.greenheart_pressure_plate	sha256:b11d4882fa739b1dab2f217a7b8c61146d7cc6adf73e01c33c0474cd9ab3b3f5	PASS	/root/rescripted_registry_n_review	english_source_context_family_review
block:block.tconstruct.greenheart_sign	sha256:d5a1644b25c3ec1cd443ef1099901352a7d2711a03210639ead1fac171ede4c3	PASS	/root/rescripted_registry_n_review	english_source_context_family_review
block:block.tconstruct.greenheart_trapdoor	sha256:9d634d8d4b8dd8b24af8eec8a0eeb54968ae1812b476588f9dd6b05654c78cc1	PASS	/root/rescripted_registry_n_review	english_source_context_family_review
block:block.tconstruct.greenheart_wall_hanging_sign	sha256:d09e82473ca5ea5393586ae1c96c9fefbf435ffa0823e0c37685f8b0c0f1b4e3	PASS	/root/rescripted_registry_n_review	english_source_context_family_review
block:block.tconstruct.greenheart_wall_sign	sha256:d5a1644b25c3ec1cd443ef1099901352a7d2711a03210639ead1fac171ede4c3	PASS	/root/rescripted_registry_n_review	english_source_context_family_review
block:block.tconstruct.greenheart_wood	sha256:77d14525861be01fc1f873fb718aea6ac63d1a24bb9b922a51abf56735d00faf	PASS	/root/rescripted_registry_n_review	english_source_context_family_review
block:block.tconstruct.grout	sha256:4e21b9c50ce786a07a70b25d9fcd2d131d82476cea6f1db3d64a8a5af2669fe1	PASS	/root/rescripted_registry_n_review	english_source_context_family_review
block:block.tconstruct.hepatizon_block	sha256:192aa3db331179fbaf9e00150d34aa08b188610088c51570acae04ab32f06b1f	PASS	/root/rescripted_registry_n_review	english_source_context_family_review
block:block.tconstruct.honey_fluid	sha256:ebcf983695346eea63258d8ab772084bb91b6d51b529ae8b00121f2fa323831c	PASS	/root/rescripted_registry_n_review	english_source_context_family_review
block:block.tconstruct.husk_head	sha256:02e850cf9e33758ed10ba5f369d500f77a2dcc44f6d8144bade228bf1148c617	PASS	/root/rescripted_registry_n_review	english_source_context_family_review
block:block.tconstruct.husk_wall_head	sha256:0b2e3e56e2ef6e0f2be782384dc4de3b754a6411f82c5f40011b1f00de6e93ab	PASS	/root/rescripted_registry_n_review	english_source_context_family_review
block:block.tconstruct.ichor_cake	sha256:d2d2c172262da1773ffd9317ef641aead60c07277fd54a4bca0bb044531be2e2	PASS	/root/rescripted_registry_n_review	english_source_context_family_review
block:block.tconstruct.ichor_congealed_slime	sha256:72ec69a252ebd865529fd7c10355e860213b7c1ba79e421fa209c831e3c68a05	PASS	/root/rescripted_registry_n_review	english_source_context_family_review
block:block.tconstruct.ichor_earth_slime_grass	sha256:47751dcdaca09b1c45eeb536f3d238016d116a4d9c864210148928d7a77d1741	PASS	/root/rescripted_registry_n_review	english_source_context_family_review
block:block.tconstruct.ichor_ender_slime_grass	sha256:47751dcdaca09b1c45eeb536f3d238016d116a4d9c864210148928d7a77d1741	PASS	/root/rescripted_registry_n_review	english_source_context_family_review
block:block.tconstruct.ichor_enderbark_roots	sha256:e7edb2c879ee752fdea85392eb64770a4e8f731ae175ef96310a68bcd641e109	PASS	/root/rescripted_registry_n_review	english_source_context_family_review
block:block.tconstruct.ichor_ichor_slime_grass	sha256:47751dcdaca09b1c45eeb536f3d238016d116a4d9c864210148928d7a77d1741	PASS	/root/rescripted_registry_n_review	english_source_context_family_review
block:block.tconstruct.ichor_sky_slime_grass	sha256:47751dcdaca09b1c45eeb536f3d238016d116a4d9c864210148928d7a77d1741	PASS	/root/rescripted_registry_n_review	english_source_context_family_review
block:block.tconstruct.ichor_slime	sha256:3e4b48d1d6ff1e8a9d457b1094624ca6ef76b22b085fd31af55a53ceaeee6dd9	PASS	/root/rescripted_registry_n_review	english_source_context_family_review
block:block.tconstruct.ichor_slime_crystal_block	sha256:c639be9b45ff053e5c846712244c2dbb7ef12ba9d70e97b5ee1e637e4c978729	PASS	/root/rescripted_registry_n_review	english_source_context_family_review
block:block.tconstruct.ichor_slime_crystal_cluster	sha256:5eb8dfe01ac68bfe4d86a650a843d3986503ebd8ac6e0fe6955677569362e8eb	PASS	/root/rescripted_registry_n_review	english_source_context_family_review
block:block.tconstruct.ichor_slime_dirt	sha256:b1f10ccae29a0760a73a01202a72e561fde6abee3a1530ea1a402453b22fd731	PASS	/root/rescripted_registry_n_review	english_source_context_family_review
block:block.tconstruct.ichor_slime_fern	sha256:4c16d67333c0a7641b9aa2aad90f1f3a13dc0efe0592d5c1637aba6905145eb1	PASS	/root/rescripted_registry_n_review	english_source_context_family_review
block:block.tconstruct.ichor_slime_leaves	sha256:47812fc74f3d3d187a0e109340be534366f4fb2927659143000a5f0887936666	PASS	/root/rescripted_registry_n_review	english_source_context_family_review
block:block.tconstruct.ichor_slime_sapling	sha256:3d999a974dbf837e6df89c2f7dc89a9bd0843ec31da0862c83f1b827b9fef8f0	PASS	/root/rescripted_registry_n_review	english_source_context_family_review
block:block.tconstruct.ichor_slime_tall_grass	sha256:838e4cfaf5e94836df3cc9d2eaf8bae68cd0b19705f20a8f85a5005e79839732	PASS	/root/rescripted_registry_n_review	english_source_context_family_review
block:block.tconstruct.ichor_vanilla_slime_grass	sha256:47751dcdaca09b1c45eeb536f3d238016d116a4d9c864210148928d7a77d1741	PASS	/root/rescripted_registry_n_review	english_source_context_family_review
block:block.tconstruct.iron_platform	sha256:6edee60641cfd1b33fffd13e447cba122fa2ca4d97bbdfe298dbbca139020bf9	PASS	/root/rescripted_registry_n_review	english_source_context_family_review
block:block.tconstruct.knightslime_block	sha256:08e660228d010fed0fea0e02ee745462617fc8f9f922271544c2a8cd7d265c64	PASS	/root/rescripted_registry_n_review	english_source_context_family_review
block:block.tconstruct.large_earth_slime_crystal_bud	sha256:df48f0387f694d0f31b76f5855c906b7a160276b1152d2b85a4bd2dd67bafd0b	PASS	/root/rescripted_registry_n_review	english_source_context_family_review
block:block.tconstruct.large_ender_slime_crystal_bud	sha256:59e263caf1a76fb500e48a26a6bd8ac589860b1ec33cc78f587b9b60d1f1bf29	PASS	/root/rescripted_registry_n_review	english_source_context_family_review
block:block.tconstruct.large_ichor_slime_crystal_bud	sha256:2327d49039d4640378cea935d0f9b90521b459da70bac12a108ba5da82a08e4b	PASS	/root/rescripted_registry_n_review	english_source_context_family_review
block:block.tconstruct.large_sky_slime_crystal_bud	sha256:c53c95f76e1d4fb93450f599d95a4dcd51831753cf1d580c5fb284e6b2885c34	PASS	/root/rescripted_registry_n_review	english_source_context_family_review
block:block.tconstruct.light_blue_clear_stained_glass	sha256:c712570b6b112619d8f95c31125821378c7fe8c5ebb3e9f40e09bd359fa9546f	PASS	/root/rescripted_registry_n_review	english_source_context_family_review
block:block.tconstruct.light_blue_clear_stained_glass_pane	sha256:1fbacee87edf52bd9dc7bfb153a2cb108b1ec869593adc2eb7c0f5b3d89e179c	PASS	/root/rescripted_registry_n_review	english_source_context_family_review
block:block.tconstruct.light_gray_clear_stained_glass	sha256:22fc2ed57f01b30f651e832556b20b4613e8c06decbe7410efed8ac6e0a60bfa	PASS	/root/rescripted_registry_n_review	english_source_context_family_review
block:block.tconstruct.light_gray_clear_stained_glass_pane	sha256:58ff7dbe4919b26cdda73899552c96a5742c6c53a318dccde192e4a51c880b05	PASS	/root/rescripted_registry_n_review	english_source_context_family_review
block:block.tconstruct.lime_clear_stained_glass	sha256:5c101ada9a9463560e57dca8b0387c0f3715aca2de6a4d5255125f9a810836f4	PASS	/root/rescripted_registry_n_review	english_source_context_family_review
block:block.tconstruct.lime_clear_stained_glass_pane	sha256:6cda40d7fa002df046d57ab9d265725338e77797d8e7e01d9fde0e8acb9c93a2	PASS	/root/rescripted_registry_n_review	english_source_context_family_review
block:block.tconstruct.liquid_soul_fluid	sha256:6a9fcb91a54d8fc50b64965c06b2a6d7ccfa8c61d50e7adcbea0054d9c8b8a2e	PASS	/root/rescripted_registry_n_review	english_source_context_family_review
block:block.tconstruct.magenta_clear_stained_glass	sha256:614067db82a11f11deac71b50207a0d8aec1d6beab562550a53cd75bd34db255	PASS	/root/rescripted_registry_n_review	english_source_context_family_review
block:block.tconstruct.magenta_clear_stained_glass_pane	sha256:4235902d17fdf2e2a29223d88ff46b0a31f8412ab647599669578b4d9287168d	PASS	/root/rescripted_registry_n_review	english_source_context_family_review
block:block.tconstruct.magma_cake	sha256:7394f923aa0843650f9e47b8a9647a8abe3e3fad852e4cb3398513fbf0f882fa	PASS	/root/rescripted_registry_n_review	english_source_context_family_review
block:block.tconstruct.magma_fluid	sha256:4475ce64bb06e7a73fd4fc71bf4fdbfe531938d2b9d70ab23cc85a6929c485f3	PASS	/root/rescripted_registry_n_review	english_source_context_family_review
block:block.tconstruct.manyullyn_block	sha256:e8d5922db91185244db2cf275f7bdedc66c75b42ad399c76a6a56fefec8f1464	PASS	/root/rescripted_registry_n_review	english_source_context_family_review
block:block.tconstruct.meat_soup_fluid	sha256:060905aa32408a08a7f61080128caffb4f8661864d039f1e3546604c3fab27c8	PASS	/root/rescripted_registry_n_review	english_source_context_family_review
block:block.tconstruct.medium_earth_slime_crystal_bud	sha256:64a99da7e6f759e809e0b5f663f493edc2796bddfb05068e1081c67a467088ce	PASS	/root/rescripted_registry_n_review	english_source_context_family_review
block:block.tconstruct.medium_ender_slime_crystal_bud	sha256:c30c62d9c1c080f7204961e5df0f5dc82675259798f3f01f4f16dbabd3ab68b1	PASS	/root/rescripted_registry_n_review	english_source_context_family_review
block:block.tconstruct.medium_ichor_slime_crystal_bud	sha256:d57156e27ab5ec57ff361e7adc2e9bae9fd08315073e8a864e4842626d736626	PASS	/root/rescripted_registry_n_review	english_source_context_family_review
block:block.tconstruct.medium_sky_slime_crystal_bud	sha256:0884508e768fe78c0b653e13c0cd7bc3f279308e7639e0518bd684f0ce8c9807	PASS	/root/rescripted_registry_n_review	english_source_context_family_review
block:block.tconstruct.modifier_worktable	sha256:dead182429e72c29f4253a0767969055e98b75116c9f6c389cd4b19b51a56539	PASS	/root/rescripted_registry_n_review	english_source_context_family_review
block:block.tconstruct.molten_aluminum_fluid	sha256:e34e0ee4d01530e6fe2dc605d81a8d18f0c783c30b24612eff12f08b98d74454	PASS	/root/rescripted_registry_n_review	english_source_context_family_review
block:block.tconstruct.molten_amethyst_bronze_fluid	sha256:322982e59728202225f900064f4fb3dabb4d9684fffdd37986c6d683c90debc1	PASS	/root/rescripted_registry_n_review	english_source_context_family_review
block:block.tconstruct.molten_amethyst_fluid	sha256:9e8fa94a2daeb272104abe50e451925cc219d0575cd42bfc1081c575bc0d81c8	PASS	/root/rescripted_registry_n_review	english_source_context_family_review
block:block.tconstruct.molten_brass_fluid	sha256:92d3bd19c85b20650e862cbf496e7d6c569b90fadfa2a21faf80bb1b6459936d	PASS	/root/rescripted_registry_n_review	english_source_context_family_review
block:block.tconstruct.molten_bronze_fluid	sha256:00807335fd92ee5149dea60ed28b2e1a495dc00bdb81277f779c8727b53901dc	PASS	/root/rescripted_registry_n_review	english_source_context_family_review
block:block.tconstruct.molten_clay_fluid	sha256:de1f54b3ec3ebb057c66f9caa2acd5c951025094af282a1037a3a248f1505b8b	PASS	/root/rescripted_registry_n_review	english_source_context_family_review
block:block.tconstruct.molten_cobalt_fluid	sha256:0e2ddeb2cec319adf77e778587dace2c3ab9b04edab35cbd649ee95880260eef	PASS	/root/rescripted_registry_n_review	english_source_context_family_review
block:block.tconstruct.molten_constantan_fluid	sha256:6ff87bd6686010a0f091a029bfb51895c661fa024da150a8bc755be89ae855ce	PASS	/root/rescripted_registry_n_review	english_source_context_family_review
block:block.tconstruct.molten_copper_fluid	sha256:c3116a875c5589a5fb9b1497700960ed1365710a3972aa2024cffb194fd6a82b	PASS	/root/rescripted_registry_n_review	english_source_context_family_review
block:block.tconstruct.molten_debris_fluid	sha256:df25d3016fe6f9f16313d0aa376b83f4cfa440915aa4052fc7d94162ec4304ea	PASS	/root/rescripted_registry_n_review	english_source_context_family_review
block:block.tconstruct.molten_diamond_fluid	sha256:86e949fe6a41dd0d42ad9aa0cf33d432bec12bb7fc22351e70da50666e023f1b	PASS	/root/rescripted_registry_n_review	english_source_context_family_review
block:block.tconstruct.molten_electrum_fluid	sha256:9b5628c8bb96107586e0fdb7c9f75d91d4b3626b6da806beed03686366a28238	PASS	/root/rescripted_registry_n_review	english_source_context_family_review
block:block.tconstruct.molten_emerald_fluid	sha256:68c6e2b5a17ae74a405d9ed5dcf7483f0a24f2af373463def2976a9356b55a4a	PASS	/root/rescripted_registry_n_review	english_source_context_family_review
block:block.tconstruct.molten_ender_fluid	sha256:55b547802a27c66e3b8db39bb7f855e222ec12d30c7fe79a9a8b37d8b049943d	PASS	/root/rescripted_registry_n_review	english_source_context_family_review
block:block.tconstruct.molten_enderium_fluid	sha256:a78d067ebb3dc52baef38fcf9694e77bc10147035b2ec00a280eff8cc8501946	PASS	/root/rescripted_registry_n_review	english_source_context_family_review
block:block.tconstruct.molten_glass_fluid	sha256:396ffa28eb6c60ad3acb4674807b0dc413121b143344d3630061b52820804319	PASS	/root/rescripted_registry_n_review	english_source_context_family_review
block:block.tconstruct.molten_gold_fluid	sha256:23679fdde712080e73f347a00f98f2d4d55e11b0fa24d2117b2d06417e5f8470	PASS	/root/rescripted_registry_n_review	english_source_context_family_review
block:block.tconstruct.molten_hepatizon_fluid	sha256:d28be44c38f5813d01bb478b449ccf384aba4d2802bb7759f343ae0e4e79585e	PASS	/root/rescripted_registry_n_review	english_source_context_family_review
block:block.tconstruct.molten_invar_fluid	sha256:fef50605b6adbf29717b4ea28023576ed2812422ce39214bec4cfe8bf5e0ce56	PASS	/root/rescripted_registry_n_review	english_source_context_family_review
block:block.tconstruct.molten_iron_fluid	sha256:c4560fce48f9bfea8804f8980e26ab3502e45425a96ad4a78a68acba129c4088	PASS	/root/rescripted_registry_n_review	english_source_context_family_review
block:block.tconstruct.molten_knightslime_fluid	sha256:3954a81f6da49483cfafe308b46251cfc303681ce5d63c8c4f21b255ddabb10d	PASS	/root/rescripted_registry_n_review	english_source_context_family_review
block:block.tconstruct.molten_lead_fluid	sha256:aa89b8e0e095f10d64a478a56c060af8c38ab602f7a49dcedafd1dd86278e0b8	PASS	/root/rescripted_registry_n_review	english_source_context_family_review
block:block.tconstruct.molten_lumium_fluid	sha256:603dbf6bafa12fb1ff69c0eecb059629e2ec700d83f9be62ced2836ffce4da2b	PASS	/root/rescripted_registry_n_review	english_source_context_family_review
block:block.tconstruct.molten_manyullyn_fluid	sha256:2363a103566127c1bc7d5c02952acccad8a332cf8c8ac8575a38b31dbe6806ab	PASS	/root/rescripted_registry_n_review	english_source_context_family_review
block:block.tconstruct.molten_netherite_fluid	sha256:761e5b9e6319c12a7e2cfbe607c9edc5559dc8c611ffc57e27c0b98a74cfc43d	PASS	/root/rescripted_registry_n_review	english_source_context_family_review
block:block.tconstruct.molten_nickel_fluid	sha256:45d004a60824d7b531dd94d9793ae8d4d947bd163fcc18ae6c40b19a03e2a6ec	PASS	/root/rescripted_registry_n_review	english_source_context_family_review
block:block.tconstruct.molten_obsidian_fluid	sha256:05002e9a223c775af00b43f44e9939f40f666fe2ab4f5c5689d0ab6ab8260e71	PASS	/root/rescripted_registry_n_review	english_source_context_family_review
block:block.tconstruct.molten_osmium_fluid	sha256:ed44669df274970fa607d6608de9694107f89e23fb8c742c10cbe1828f39c8ce	PASS	/root/rescripted_registry_n_review	english_source_context_family_review
block:block.tconstruct.molten_pewter_fluid	sha256:6ee305836dc57aa79f69f1d9ed77328fa1f59d7ec033e3c03bd3bb848783ff06	PASS	/root/rescripted_registry_n_review	english_source_context_family_review
block:block.tconstruct.molten_pig_iron_fluid	sha256:ad3a46c74cafdfce5247b9ba5e49b00368fd811aa51f10a1f765767ded9b84b8	PASS	/root/rescripted_registry_n_review	english_source_context_family_review
block:block.tconstruct.molten_platinum_fluid	sha256:197beb3a2f690de25dd26bd287b7725b294424535656c8663eedab53101a4bad	PASS	/root/rescripted_registry_n_review	english_source_context_family_review
block:block.tconstruct.molten_porcelain_fluid	sha256:d5b2b3ecf5d42e940531611fa66452e21bf2edda5dca847a52448337625f18c3	PASS	/root/rescripted_registry_n_review	english_source_context_family_review
block:block.tconstruct.molten_quartz_fluid	sha256:8199f172d6122e069daf49de49bfe0074a2658eebbf8c57db129c83c5933cba1	PASS	/root/rescripted_registry_n_review	english_source_context_family_review
block:block.tconstruct.molten_queens_slime_fluid	sha256:6ceb53a9bb9dc8f9adb355d1947a142a7651488b97330f16dc1cb276b6260ab4	PASS	/root/rescripted_registry_n_review	english_source_context_family_review
block:block.tconstruct.molten_refined_glowstone_fluid	sha256:a1bf95e965d611d19f4b94e6e19907938623bb72b9d193e489c9609ae72d040c	PASS	/root/rescripted_registry_n_review	english_source_context_family_review
block:block.tconstruct.molten_refined_obsidian_fluid	sha256:c5290bd24b38f5f1fb1ede5e6ea0a228988d92ef9831e8034ab0e72c89be2463	PASS	/root/rescripted_registry_n_review	english_source_context_family_review
block:block.tconstruct.molten_rose_gold_fluid	sha256:9f92aa039878969fddcbae886e11da35dfec7c1e975316749fee29f2de92b26e	PASS	/root/rescripted_registry_n_review	english_source_context_family_review
block:block.tconstruct.molten_signalum_fluid	sha256:a797a1b0817142f841c8571b3443ddffc19c3b9974790178514e198f543ee00a	CHANGE	/root/rescripted_registry_n_review	english_source_context_family_review
block:block.tconstruct.molten_silver_fluid	sha256:e9f079b58b26a1a9b7479a7d041d24704f70212ca73fe168c2959668745ea4c7	PASS	/root/rescripted_registry_n_review	english_source_context_family_review
block:block.tconstruct.molten_slimesteel_fluid	sha256:5718707d8a764c3caf5e3de2e13eccbd5c02d49b8cb491874fe9c3ccf735161e	PASS	/root/rescripted_registry_n_review	english_source_context_family_review
block:block.tconstruct.molten_soulsteel_fluid	sha256:33a18a55e35dea2803bc6bf22a625bec867932ed31d80225c0d399a519b2bba5	PASS	/root/rescripted_registry_n_review	english_source_context_family_review
block:block.tconstruct.molten_steel_fluid	sha256:7967abb14902b5970002910b2cc9ce3013d7806ae84dd48ba27c03484cb887eb	PASS	/root/rescripted_registry_n_review	english_source_context_family_review
block:block.tconstruct.molten_tin_fluid	sha256:08107eeb04c53febbceb6f8894be4f4e7416d964f56151f04d31987a0a84ec24	PASS	/root/rescripted_registry_n_review	english_source_context_family_review
block:block.tconstruct.molten_tungsten_fluid	sha256:174905d4b268427674e18f3b348ae7c88e556a3a16eecc5779111802420a4bea	PASS	/root/rescripted_registry_n_review	english_source_context_family_review
block:block.tconstruct.molten_uranium_fluid	sha256:c9b080129fa2cd9d721f2c08ed736001408a0a2a55863c545e8804bb369e5b79	PASS	/root/rescripted_registry_n_review	english_source_context_family_review
block:block.tconstruct.molten_zinc_fluid	sha256:8c409a68b83e8bc02ebf988c27eaa741d4f13835f0b0006900fa0739ff30d8dd	PASS	/root/rescripted_registry_n_review	english_source_context_family_review
block:block.tconstruct.mushroom_stew_fluid	sha256:4490ebf456b9301c4d3618554175056eeec38d5a6032792bcd4a2dc738c8bdf6	PASS	/root/rescripted_registry_n_review	english_source_context_family_review
block:block.tconstruct.nahuatl	sha256:3ff69078f6b65b85c7ba2c02832d16e0ceb23db11465e9cb8e06a5483b311905	PASS	/root/rescripted_registry_n_review	english_source_context_family_review
block:block.tconstruct.nahuatl_fence	sha256:95b80e5b61155a4b93a3719e36fd7a9d3083016f647514b555ce27b78470311b	PASS	/root/rescripted_registry_n_review	english_source_context_family_review
block:block.tconstruct.nahuatl_slab	sha256:861a8873efadc7f9850c73e82fb289e74e3eeb5a59134f354f6ed4c0812ecfaf	PASS	/root/rescripted_registry_n_review	english_source_context_family_review
block:block.tconstruct.nahuatl_stairs	sha256:6571013727248608a4eaa29d9358dc3d45878f1f3b0d01efeb621e163b104fbd	PASS	/root/rescripted_registry_n_review	english_source_context_family_review
block:block.tconstruct.nether_grout	sha256:f7b3f53172ba0004dc9e375d9fb31f470f8589838929121ad3c4a5011f72033b	PASS	/root/rescripted_registry_n_review	english_source_context_family_review
block:block.tconstruct.obsidian_pane	sha256:d38dc8c8381599fbdf0d2323769c07237f28d907ee93e2a72fb4f4c70ca4296d	PASS	/root/rescripted_registry_n_review	english_source_context_family_review
block:block.tconstruct.orange_clear_stained_glass	sha256:c3c8b72ebcac77bbe169f574383e5b993fec2ebe1148e776e7b63533f1cdefcb	PASS	/root/rescripted_registry_n_review	english_source_context_family_review
block:block.tconstruct.orange_clear_stained_glass_pane	sha256:167167f8999f2c2c65e653f5df1ad48c2245bab945c50eb9b9cd3457f8487522	PASS	/root/rescripted_registry_n_review	english_source_context_family_review
block:block.tconstruct.oxidized_copper_platform	sha256:4e711ada92dd2ac9efbbe03651f0ccbccd3528ec20365e001c1844383661afcc	PASS	/root/rescripted_registry_n_review	english_source_context_family_review
block:block.tconstruct.part_builder	sha256:26fe0e643cd20294009fff026c8d94804356d3920010cfa6a9b9d301929596c4	PASS	/root/rescripted_registry_n_review	english_source_context_family_review
block:block.tconstruct.part_chest	sha256:fbcd53b33a745fe62017fe0691fe465c7b1c4f52d35cda63e3e4650ca7fe9aa7	PASS	/root/rescripted_registry_n_review	english_source_context_family_review
block:block.tconstruct.pig_iron_block	sha256:044c138b5c5d15f50d33da80562f730768987867b47fb87364295277cc47b1a3	PASS	/root/rescripted_registry_n_review	english_source_context_family_review
block:block.tconstruct.piglin_brute_head	sha256:379e371300390174d76e1b2a08e0a8f22f993174390a1075484133502c13234c	PASS	/root/rescripted_registry_n_review	english_source_context_family_review
block:block.tconstruct.piglin_brute_wall_head	sha256:d099b80b5ee0a42cce6624d8b90f5fe95372bce9ec7ddb8fe2c8b47d487152c9	PASS	/root/rescripted_registry_n_review	english_source_context_family_review
block:block.tconstruct.pink_clear_stained_glass	sha256:6f132bd4ee938095708baeaae8fe3849670d1f09109bb471eaef89dc7450b05c	PASS	/root/rescripted_registry_n_review	english_source_context_family_review
block:block.tconstruct.pink_clear_stained_glass_pane	sha256:5f45b763c3dd494c9fad0e15bcc3bb20abf94e9b53d4d3cf00883ead97494e03	PASS	/root/rescripted_registry_n_review	english_source_context_family_review
block:block.tconstruct.polished_scorched_stone	sha256:95a4d022831dc1980fdbbf1a42664eff0e8f39da852c51f3f8aef2041c56f35c	PASS	/root/rescripted_registry_n_review	english_source_context_family_review
block:block.tconstruct.potted_blood_slime_fern	sha256:b59a79433250eae4e0789608f6f362712c5819eedb9900f0c925eca99b4f3c97	PASS	/root/rescripted_registry_n_review	english_source_context_family_review
block:block.tconstruct.potted_blood_slime_sapling	sha256:2d896dafade84e21ce01b409a5459395d18046d7ed0fea507f9ac3c1aa27ed08	PASS	/root/rescripted_registry_n_review	english_source_context_family_review
block:block.tconstruct.potted_earth_slime_fern	sha256:1923ccbaccf32bc7dad367e9d547dfaeb29592eecdd9433f90fbd9fa8ef221c2	PASS	/root/rescripted_registry_n_review	english_source_context_family_review
block:block.tconstruct.potted_earth_slime_sapling	sha256:b3f3bda876dbd1966067f1238dfb5b4a39a9639492588276c100c4146210ea9f	PASS	/root/rescripted_registry_n_review	english_source_context_family_review
block:block.tconstruct.potted_ender_slime_fern	sha256:1923ccbaccf32bc7dad367e9d547dfaeb29592eecdd9433f90fbd9fa8ef221c2	PASS	/root/rescripted_registry_n_review	english_source_context_family_review
block:block.tconstruct.potted_ender_slime_sapling	sha256:85761ff9e850f9f9d4f498e6727b47b740845441fdad320802fcc1c531a5dca2	PASS	/root/rescripted_registry_n_review	english_source_context_family_review
block:block.tconstruct.potted_ichor_slime_fern	sha256:dc54f6bc36bf310435e6370526b59d58bb95f7e92b57314ee343a3f02c91b027	PASS	/root/rescripted_registry_n_review	english_source_context_family_review
block:block.tconstruct.potted_ichor_slime_sapling	sha256:ec0dfaf92385b36803377118ba7ddc7e5bf7383df20355574224326818c9dbb5	PASS	/root/rescripted_registry_n_review	english_source_context_family_review
block:block.tconstruct.potted_sky_slime_fern	sha256:1923ccbaccf32bc7dad367e9d547dfaeb29592eecdd9433f90fbd9fa8ef221c2	PASS	/root/rescripted_registry_n_review	english_source_context_family_review
block:block.tconstruct.potted_sky_slime_sapling	sha256:25eb3609f9f6b4b9fa9bf48c220123dd3b850e2a722588e7653568c4998fae6f	PASS	/root/rescripted_registry_n_review	english_source_context_family_review
block:block.tconstruct.punji	sha256:47635cd0c5f48b17ce6081578f0579e12149f5e9c636c0e7fcfc2575c54cd776	PASS	/root/rescripted_registry_n_review	english_source_context_family_review
block:block.tconstruct.purple_clear_stained_glass	sha256:2c90ef5ba5a35274f83a339a50324d4802f7366a0c6fdddc03ef5ac15279e776	PASS	/root/rescripted_registry_n_review	english_source_context_family_review
block:block.tconstruct.purple_clear_stained_glass_pane	sha256:9b14edd3d2bcacddf23548bf4256284a46191bd44065bd0ca874d561336f0ba1	PASS	/root/rescripted_registry_n_review	english_source_context_family_review
block:block.tconstruct.queens_slime_block	sha256:9f6cd30fb93c738280906a7dcbbc1c9da8b24ae8f045e85aaa02f0e0df28e7ad	PASS	/root/rescripted_registry_n_review	english_source_context_family_review
block:block.tconstruct.rabbit_stew_fluid	sha256:673b33c4c9eefc11a926b3a4f233fb0dad7fc600466b0f93b006d678c74649ad	PASS	/root/rescripted_registry_n_review	english_source_context_family_review
block:block.tconstruct.raw_cobalt_block	sha256:fdf6bef36261d50de53ec6bbc4c451c8a677ad202104045938356c7570e82dfe	PASS	/root/rescripted_registry_n_review	english_source_context_family_review
block:block.tconstruct.red_clear_stained_glass	sha256:b7c7527f532b4f5e3fde47890f316b52eb293fe0b94f0c9c8ade47378257a1d6	PASS	/root/rescripted_registry_n_review	english_source_context_family_review
block:block.tconstruct.red_clear_stained_glass_pane	sha256:74f31cfdf2d555d0ec8aa62bc35aa80af449ea58596e5f6d64293605c64c334b	PASS	/root/rescripted_registry_n_review	english_source_context_family_review
block:block.tconstruct.rose_gold_block	sha256:8c28ae53b3085a866185d876841905e1548f1cb53b9a4a12852c2cfd876f3c6f	PASS	/root/rescripted_registry_n_review	english_source_context_family_review
block:block.tconstruct.scorched_alloyer	sha256:57ed6e561239774a964af4798e76928e9b72335f40b6660ffc2c56e3ec08bb73	PASS	/root/rescripted_registry_n_review	english_source_context_family_review
block:block.tconstruct.scorched_anvil	sha256:da88409cee0aec1c063745aab730c0f62a875435b85afaca89bbeda1288fc4fe	PASS	/root/rescripted_registry_n_review	english_source_context_family_review
block:block.tconstruct.scorched_basin	sha256:43a8b468a5311a90880b00aa7cd36f5863120f5f51e8b18f385f8224ccf29741	PASS	/root/rescripted_registry_n_review	english_source_context_family_review
block:block.tconstruct.scorched_bricks	sha256:a36cadbf148abf5d3d29ae469122d02c85c769d46bd5b141d3cc1755593a5b59	PASS	/root/rescripted_registry_n_review	english_source_context_family_review
block:block.tconstruct.scorched_bricks_fence	sha256:d8c6b1f36db6d3d3f1d9803be9d3db6d87971204cbae489343a8023fcee50447	PASS	/root/rescripted_registry_n_review	english_source_context_family_review
block:block.tconstruct.scorched_bricks_slab	sha256:3eadbf5b4e0f6244af766bf4546c66545a33b4b0854a18969d57863cf5de2e4a	PASS	/root/rescripted_registry_n_review	english_source_context_family_review
block:block.tconstruct.scorched_bricks_stairs	sha256:2ecd17e3091972505dc162b9cc1a9ff153838b2a712c023a059b8ba1259a8745	PASS	/root/rescripted_registry_n_review	english_source_context_family_review
block:block.tconstruct.scorched_channel	sha256:8c557c73ad80754f8b7d91e12c279c3ab1126d5e43cfa2dae243b8ea9f5db868	PASS	/root/rescripted_registry_n_review	english_source_context_family_review
block:block.tconstruct.scorched_chute	sha256:aac56226964d7c64463688904a863989eda4b0e8a05a52827d70559ee2e7fbdb	PASS	/root/rescripted_registry_n_review	english_source_context_family_review
block:block.tconstruct.scorched_drain	sha256:170fd80b05f167f3dd0e6c87f90a6cbc5d6b17dcf94f0f2488d13ed2621b84c8	PASS	/root/rescripted_registry_n_review	english_source_context_family_review
block:block.tconstruct.scorched_duct	sha256:9774ab0cf0c2eeff128b84795629d67c7111d75bdbf4d00550d318127f2e11ab	PASS	/root/rescripted_registry_n_review	english_source_context_family_review
block:block.tconstruct.scorched_faucet	sha256:73e428f94f2fd69645899871c52af0cb35883ed340501032dd1eaaffa04e6c39	PASS	/root/rescripted_registry_n_review	english_source_context_family_review
block:block.tconstruct.scorched_fluid_cannon	sha256:8c3dbdff8217ea0f18b5f8631c0e355b771d97e31eaacdb1d3096eb4fb4ade45	PASS	/root/rescripted_registry_n_review	english_source_context_family_review
block:block.tconstruct.scorched_fuel_gauge	sha256:d71dbeb5e66ee5e61043c2b3299aaf5d841e98c66f5785a4a8c49fec9b2b0f80	PASS	/root/rescripted_registry_n_review	english_source_context_family_review
block:block.tconstruct.scorched_fuel_tank	sha256:00e6757be9b013399564c57b8a2277f5ed6ce46409793ea6389caa50f3adb614	PASS	/root/rescripted_registry_n_review	english_source_context_family_review
block:block.tconstruct.scorched_glass	sha256:59bccd07d50852d152474573cc5adb2871eff1033617ce5f9e517926efa25111	PASS	/root/rescripted_registry_n_review	english_source_context_family_review
block:block.tconstruct.scorched_glass_pane	sha256:ae211b7f5dc38a1d53eb4f4c550f739076b0225ba74655c0593d7f4102f210d7	PASS	/root/rescripted_registry_n_review	english_source_context_family_review
block:block.tconstruct.scorched_ingot_gauge	sha256:5aa888a63058e9dc38fee73c6c2c441de4c123ffc014c8c7272274c198e4720e	PASS	/root/rescripted_registry_n_review	english_source_context_family_review
block:block.tconstruct.scorched_ingot_tank	sha256:d84ffc540406665b922a6db40cd4bb38e001ed0548511a2ded1a353f5ab1f088	PASS	/root/rescripted_registry_n_review	english_source_context_family_review
block:block.tconstruct.scorched_ladder	sha256:3124464e7f597e7d98b37e67dbbcae123472c344bd267a199a155388dd88eb8a	PASS	/root/rescripted_registry_n_review	english_source_context_family_review
block:block.tconstruct.scorched_lantern	sha256:9c3374bbce4c02ffe605bb072082d01867b69e01f17276b720b3aebb8316ff79	PASS	/root/rescripted_registry_n_review	english_source_context_family_review
block:block.tconstruct.scorched_proxy_tank	sha256:acb278044265758bc1cedd5e5863b2946ed561cf5b627edd5976309c6788281a	PASS	/root/rescripted_registry_n_review	english_source_context_family_review
block:block.tconstruct.scorched_road	sha256:39d2b950c623cceb7031d6f399018a196a7922550ef0ebfd7adce8e6344620a4	CHANGE	/root/rescripted_registry_n_review	english_source_context_family_review
block:block.tconstruct.scorched_road_slab	sha256:fb1505474cb40d771e184f12b2405fed279d3e88d1fb8d701fb208e3cded5c89	PASS	/root/rescripted_registry_n_review	english_source_context_family_review
block:block.tconstruct.scorched_road_stairs	sha256:6ada6dbfa67e099a29f4715455cad6840b4745ce067d802a5f451541ed82f1d8	PASS	/root/rescripted_registry_n_review	english_source_context_family_review
block:block.tconstruct.scorched_soul_glass	sha256:6caaf985a04bdd404a20848679a9ab6061d3b286a53d2399396ab421bd4b1a5d	PASS	/root/rescripted_registry_n_review	english_source_context_family_review
block:block.tconstruct.scorched_soul_glass_pane	sha256:b44430430c5f84228d135e34d43e96c80bb8b569c8e03c6fbb07ae78435b74de	PASS	/root/rescripted_registry_n_review	english_source_context_family_review
block:block.tconstruct.scorched_stone	sha256:390a0afcd9591894741a73d26d01413a375895954a6de8b0d94278bfd26da073	PASS	/root/rescripted_registry_n_review	english_source_context_family_review
block:block.tconstruct.scorched_stone_fluid	sha256:390a0afcd9591894741a73d26d01413a375895954a6de8b0d94278bfd26da073	PASS	/root/rescripted_registry_n_review	english_source_context_family_review
block:block.tconstruct.scorched_table	sha256:54d30907c98e47597420016df9b4071c1887e3ae3a3ce48e3645d3c18fa2a14d	PASS	/root/rescripted_registry_n_review	english_source_context_family_review
block:block.tconstruct.scorched_tinted_glass	sha256:aa6b7b0b461c3404827afaeca6c99fbf3613aa80fe969e45bdb64186de7535b3	PASS	/root/rescripted_registry_n_review	english_source_context_family_review
block:block.tconstruct.seared_basin	sha256:9b0ebba895ffb1b899ea1ed58980d91ffdc575e0bf77f233ff0c2e474d8aa4e0	PASS	/root/rescripted_registry_n_review	english_source_context_family_review
block:block.tconstruct.seared_bricks	sha256:52543f3fc6edb0b98dd117169f3a9dc0e6f3954b5b220d52ff19db4e64a73ffb	PASS	/root/rescripted_registry_n_review	english_source_context_family_review
block:block.tconstruct.seared_bricks_slab	sha256:71699bcbce113e9f9f8e66b9aebc16674b747ed349494022575341e32e596761	PASS	/root/rescripted_registry_n_review	english_source_context_family_review
block:block.tconstruct.seared_bricks_stairs	sha256:5743e110a86bfc11fe3e4fda67e460aae8606d3b7c6a1d3b58c0db1325a0fb9a	PASS	/root/rescripted_registry_n_review	english_source_context_family_review
block:block.tconstruct.seared_bricks_wall	sha256:83303525e861abd8f2edeb5919d6fba8799cadd9b84627b7565b269189fa924a	PASS	/root/rescripted_registry_n_review	english_source_context_family_review
block:block.tconstruct.seared_casting_tank	sha256:5fca3cb3f7b1787a1788de0e6280b410db15c6cb3943dbb711a9e2a6a418bda5	PASS	/root/rescripted_registry_n_review	english_source_context_family_review
block:block.tconstruct.seared_channel	sha256:e53bf0e1a8e64fc7c27f7abc492069b0f47b63f638d00d60473b0d9f41ae5002	PASS	/root/rescripted_registry_n_review	english_source_context_family_review
block:block.tconstruct.seared_chute	sha256:8945c33aebc21cf035b1a39621c8574d76e3aba07c2547b0b1f6fbbe1941cd6b	PASS	/root/rescripted_registry_n_review	english_source_context_family_review
block:block.tconstruct.seared_cobble	sha256:e96f55602f38f5d2c5353e38d7582283f585485d02005e20fc57651c9ed96b0b	PASS	/root/rescripted_registry_n_review	english_source_context_family_review
block:block.tconstruct.seared_cobble_slab	sha256:be799ad61fd9ce6c755234c5fc3cb24078638c879512f21548d2d433c3f97c83	PASS	/root/rescripted_registry_n_review	english_source_context_family_review
block:block.tconstruct.seared_cobble_stairs	sha256:0ffd4994297cc2f0165292cb9fdc98522b2345ce232cdd1442459bd032f5e370	PASS	/root/rescripted_registry_n_review	english_source_context_family_review
block:block.tconstruct.seared_cobble_wall	sha256:0a2942e6e5081de46906ae104bec26112c2dc270a57ef925d81c01016239ec0b	PASS	/root/rescripted_registry_n_review	english_source_context_family_review
block:block.tconstruct.seared_cracked_bricks	sha256:5594bba770357fee9ae60aafba4847069d56e04e9525cfeb978c9f5afd61e2fb	PASS	/root/rescripted_registry_n_review	english_source_context_family_review
block:block.tconstruct.seared_drain	sha256:ffd2faa0e86cb60d36ac30abbbc6e1f6c7d8a9a7e4bbea9a1dddb9b175d97353	PASS	/root/rescripted_registry_n_review	english_source_context_family_review
block:block.tconstruct.seared_duct	sha256:a34c0d2fbcd0d298cfd7b4eed2580668a962c46b4a454b7b4046686ec425872c	PASS	/root/rescripted_registry_n_review	english_source_context_family_review
block:block.tconstruct.seared_fancy_bricks	sha256:2fccc09e2fbbaba2761b7597efd21b263d54869632c33dc1281fdc453d7e250b	PASS	/root/rescripted_registry_n_review	english_source_context_family_review
block:block.tconstruct.seared_faucet	sha256:65caec02a266a8cbbb314ebe8226165127319d4ad00783c6c225dd7d361ffd78	PASS	/root/rescripted_registry_n_review	english_source_context_family_review
block:block.tconstruct.seared_fluid_cannon	sha256:d36c056869f63358f3850fa2b3e01b71ea8faca42cdcbf054352229147eaed72	PASS	/root/rescripted_registry_n_review	english_source_context_family_review
block:block.tconstruct.seared_fuel_gauge	sha256:ae80a8220e74fafa9423c3e7f3a2a831d1feefa6e3930806696b82ad3bf4a60b	PASS	/root/rescripted_registry_n_review	english_source_context_family_review
block:block.tconstruct.seared_fuel_tank	sha256:300a5a39813820a72d7c2698d588207dc96fb153c85fc65cad610e02fbb4cb4a	PASS	/root/rescripted_registry_n_review	english_source_context_family_review
block:block.tconstruct.seared_glass	sha256:713f9418048d0112b166e2e09bf9d3308e493c7ca1d24918af40799b7a5e15fc	PASS	/root/rescripted_registry_n_review	english_source_context_family_review
block:block.tconstruct.seared_glass_pane	sha256:f095ebd5e3bb2d5d6be56bf7f1d07498a3ff2b62f28b1d3dc60ddc489f2b37d1	PASS	/root/rescripted_registry_n_review	english_source_context_family_review
block:block.tconstruct.seared_heater	sha256:e3e7aa68f16f56aecf1ac9d6ebf18d182963b7d9a80132faa7b1ed8afeeaef3d	PASS	/root/rescripted_registry_n_review	english_source_context_family_review
block:block.tconstruct.seared_ingot_gauge	sha256:319d0903eccca54a72c25e722615198b3b3db9590d5f3e490b51f375863a7507	PASS	/root/rescripted_registry_n_review	english_source_context_family_review
block:block.tconstruct.seared_ingot_tank	sha256:c3355dff81a773f4804fb9535b64cf75c7a32858ac437c72627a0f743f85b93c	PASS	/root/rescripted_registry_n_review	english_source_context_family_review
block:block.tconstruct.seared_ladder	sha256:8c73f2c585ada830c19cd67dfa5bb0aba887d6e1ae07eaf9cd5e156a24a6b0d8	PASS	/root/rescripted_registry_n_review	english_source_context_family_review
block:block.tconstruct.seared_lantern	sha256:eb70add0a642e6c89fa7cccb76cb548a9deb24355049a9679408cb17955fc561	PASS	/root/rescripted_registry_n_review	english_source_context_family_review
block:block.tconstruct.seared_melter	sha256:92ba1c5ba83aec7ae339d90e53a0780b64ba3462835574e2fe0fe0c4b8bb4c5e	PASS	/root/rescripted_registry_n_review	english_source_context_family_review
block:block.tconstruct.seared_paver	sha256:07741be5ab87e0bb85ce98f24832584febe34315e35a8673b4ce0ae0dc7bf3fe	PASS	/root/rescripted_registry_n_review	english_source_context_family_review
block:block.tconstruct.seared_paver_slab	sha256:ccf2d644ddd33e97f62dd0a2dd1a03e29ea2d9c0ae02718d57a8651cffdd389b	PASS	/root/rescripted_registry_n_review	english_source_context_family_review
block:block.tconstruct.seared_paver_stairs	sha256:bcfe5942353984596999c8d1bd85e4fd97e1d89d8b337ffedb878c548755ea85	PASS	/root/rescripted_registry_n_review	english_source_context_family_review
block:block.tconstruct.seared_soul_glass	sha256:b19d1a38af975695b0367e3b3c2a682f319c67b6059bd65cc22b1f1ac8e84be2	PASS	/root/rescripted_registry_n_review	english_source_context_family_review
block:block.tconstruct.seared_soul_glass_pane	sha256:c855d3f37eec9d1b053c41d9e77142751eff682c4a07793ef8bdf020be2c1cd2	PASS	/root/rescripted_registry_n_review	english_source_context_family_review
block:block.tconstruct.seared_stone	sha256:ba2653a86d6412a5769a010518dd94d41498eac2f7b2d19b406c95dab1584348	PASS	/root/rescripted_registry_n_review	english_source_context_family_review
block:block.tconstruct.seared_stone_fluid	sha256:ba2653a86d6412a5769a010518dd94d41498eac2f7b2d19b406c95dab1584348	PASS	/root/rescripted_registry_n_review	english_source_context_family_review
block:block.tconstruct.seared_stone_slab	sha256:1bc3121e566592d70fb2d6e76a2d5570e98d22ac98ee2fcbad66994431c710f7	PASS	/root/rescripted_registry_n_review	english_source_context_family_review
block:block.tconstruct.seared_stone_stairs	sha256:9c2b0103c5a9128ba006fb1d7e35ad0fcc50b109ddd183d145c592bf66cf0ccd	CHANGE	/root/rescripted_registry_n_review	english_source_context_family_review
block:block.tconstruct.seared_table	sha256:7a63d831f0a2e01ebac39b951a36a9654e675ffcc259cee98d1c0f990ce37510	PASS	/root/rescripted_registry_n_review	english_source_context_family_review
block:block.tconstruct.seared_tinted_glass	sha256:d3be3916d97de44ecfad8fcedd56b80803be97d0ebb180b0a00ddc118a604249	PASS	/root/rescripted_registry_n_review	english_source_context_family_review
block:block.tconstruct.seared_triangle_bricks	sha256:42bb12dd551e71ac36b43f27948a58a9b6df1a587d5d2f2645510fc794d6f8da	PASS	/root/rescripted_registry_n_review	english_source_context_family_review
block:block.tconstruct.silky_jewel_block	sha256:2160b44785417007c4cdf213a2b41a7e4f71e72ac1578b07841af5508fb6150e	PASS	/root/rescripted_registry_n_review	english_source_context_family_review
block:block.tconstruct.sky_cake	sha256:598e1c6e9100824bc005adf47dab34f978766aa602f97a71ad9442365b0333be	PASS	/root/rescripted_registry_n_review	english_source_context_family_review
block:block.tconstruct.sky_congealed_slime	sha256:ff94bda0d2c545358e297794eff35f25e1d011a296c7b3936de8e2cdc48e9f80	CHANGE	/root/rescripted_registry_n_review	english_source_context_family_review
block:block.tconstruct.sky_earth_slime_grass	sha256:d2c25e6d82f88412aa88d03d4c6c2bc899299c1b0957a6c12a123182cf2f2008	PASS	/root/rescripted_registry_n_review	english_source_context_family_review
block:block.tconstruct.sky_ender_slime_grass	sha256:d2c25e6d82f88412aa88d03d4c6c2bc899299c1b0957a6c12a123182cf2f2008	PASS	/root/rescripted_registry_n_review	english_source_context_family_review
block:block.tconstruct.sky_enderbark_roots	sha256:e7edb2c879ee752fdea85392eb64770a4e8f731ae175ef96310a68bcd641e109	PASS	/root/rescripted_registry_n_review	english_source_context_family_review
block:block.tconstruct.sky_ichor_slime_grass	sha256:d2c25e6d82f88412aa88d03d4c6c2bc899299c1b0957a6c12a123182cf2f2008	PASS	/root/rescripted_registry_n_review	english_source_context_family_review
block:block.tconstruct.sky_sky_slime_grass	sha256:d2c25e6d82f88412aa88d03d4c6c2bc899299c1b0957a6c12a123182cf2f2008	PASS	/root/rescripted_registry_n_review	english_source_context_family_review
block:block.tconstruct.sky_slime	sha256:43f6bb36162a580d02db5c5888fd3345789835075db2b6d153812c87e152a912	PASS	/root/rescripted_registry_n_review	english_source_context_family_review
block:block.tconstruct.sky_slime_crystal_block	sha256:36a38281d276b9cad06fe9b46f0c956eab2656676af5f79a66fda87f32d7989a	PASS	/root/rescripted_registry_n_review	english_source_context_family_review
block:block.tconstruct.sky_slime_crystal_cluster	sha256:b880ed6adca765b5dc1fe0686cdaf02ea536100517faff99e078d12fe8dbc3b0	PASS	/root/rescripted_registry_n_review	english_source_context_family_review
block:block.tconstruct.sky_slime_dirt	sha256:036b8ba877db2642528be0821c4e746fa4334f67058c63485bebaa3c903bb727	PASS	/root/rescripted_registry_n_review	english_source_context_family_review
block:block.tconstruct.sky_slime_fern	sha256:9179c29f6d1aa69249a92592e207ce6a625dd9d12b58208c2e0b50a9046e93ab	PASS	/root/rescripted_registry_n_review	english_source_context_family_review
block:block.tconstruct.sky_slime_fluid	sha256:cf11b25bd2405969b52b1286f269b7895887e284f79ebca4bf19f5e4473fd2eb	PASS	/root/rescripted_registry_n_review	english_source_context_family_review
block:block.tconstruct.sky_slime_leaves	sha256:4823eab1377d975b97d6ecf7526c092626f1ac690b93c67e5a2445a5e7e9ff98	PASS	/root/rescripted_registry_n_review	english_source_context_family_review
block:block.tconstruct.sky_slime_sapling	sha256:d95a03174e046fcd84270d673e5c838c7d0c668f5444d79f480390b9b623583e	PASS	/root/rescripted_registry_n_review	english_source_context_family_review
block:block.tconstruct.sky_slime_tall_grass	sha256:838e4cfaf5e94836df3cc9d2eaf8bae68cd0b19705f20a8f85a5005e79839732	PASS	/root/rescripted_registry_n_review	english_source_context_family_review
block:block.tconstruct.sky_slime_vine	sha256:3c5452ab1a8b9048aca52ab4434688a8db999100dbc1c3b91e0a53bf689b8ed1	PASS	/root/rescripted_registry_n_review	english_source_context_family_review
block:block.tconstruct.sky_vanilla_slime_grass	sha256:d2c25e6d82f88412aa88d03d4c6c2bc899299c1b0957a6c12a123182cf2f2008	PASS	/root/rescripted_registry_n_review	english_source_context_family_review
block:block.tconstruct.skyroot_button	sha256:e066038a8864160d2f1d91b8cc64b6b1355360ed36b23daeee1f4f20af730269	PASS	/root/rescripted_registry_n_review	english_source_context_family_review
block:block.tconstruct.skyroot_door	sha256:712bddc4842b9170905629c140d29d0306e40e56262fdd2281095a7a5007534d	PASS	/root/rescripted_registry_n_review	english_source_context_family_review
block:block.tconstruct.skyroot_fence	sha256:a27021790d8894419dfd1429d20e7e7106beb2b5a9affc10ef85f16691bcf816	PASS	/root/rescripted_registry_n_review	english_source_context_family_review
block:block.tconstruct.skyroot_fence_gate	sha256:8781bcaea9ecf6b60f21632a1c9f0ef6859443e2091b3300cc0480798d3c014d	PASS	/root/rescripted_registry_n_review	english_source_context_family_review
block:block.tconstruct.skyroot_hanging_sign	sha256:01ce05925417a75755f756d4591ae3a8b42bfaab0d252711957b8573a3411cdc	PASS	/root/rescripted_registry_n_review	english_source_context_family_review
block:block.tconstruct.skyroot_log	sha256:6132f1d8fd32a0ddfde61cc6a33ebad2dce9853a2a3c24cade40acab87653f01	PASS	/root/rescripted_registry_n_review	english_source_context_family_review
block:block.tconstruct.skyroot_planks	sha256:9e06806c4f44ba1941c9fc91ebe8951b2c39466f9e8bd686c879548d9e607008	PASS	/root/rescripted_registry_n_review	english_source_context_family_review
block:block.tconstruct.skyroot_planks_slab	sha256:91d4df99a856f440157664fc71d88d74b12a527763d70124905cca35a9ba8448	PASS	/root/rescripted_registry_n_review	english_source_context_family_review
block:block.tconstruct.skyroot_planks_stairs	sha256:e0ac307b8ce8713112a2149dc7433ac0d071eba31dccc71036061a0cd2541c0d	PASS	/root/rescripted_registry_n_review	english_source_context_family_review
block:block.tconstruct.skyroot_pressure_plate	sha256:09829196acad91d30284c23de23a4d2b9316bb0e524e572e35d1c06ab057e294	PASS	/root/rescripted_registry_n_review	english_source_context_family_review
block:block.tconstruct.skyroot_sign	sha256:f0dd08c4b27725c9d3fde4ab5f2671edab0bc98823fdf1367ae28e45e4585cc9	PASS	/root/rescripted_registry_n_review	english_source_context_family_review
block:block.tconstruct.skyroot_trapdoor	sha256:1f049878db85d7a270ce4f5a23112c3d1a274317958ca3368a7412714085b5b9	PASS	/root/rescripted_registry_n_review	english_source_context_family_review
block:block.tconstruct.skyroot_wall_hanging_sign	sha256:01ce05925417a75755f756d4591ae3a8b42bfaab0d252711957b8573a3411cdc	PASS	/root/rescripted_registry_n_review	english_source_context_family_review
block:block.tconstruct.skyroot_wall_sign	sha256:f0dd08c4b27725c9d3fde4ab5f2671edab0bc98823fdf1367ae28e45e4585cc9	PASS	/root/rescripted_registry_n_review	english_source_context_family_review
block:block.tconstruct.skyroot_wood	sha256:0bdb498bf713ebc2963783eaed1ce69d44996769afac673303a6b5f302df46c6	PASS	/root/rescripted_registry_n_review	english_source_context_family_review
block:block.tconstruct.slimesteel_block	sha256:29dbcf7289c26432691cf479554ab397df22143882cbf546af71759e8f73b378	PASS	/root/rescripted_registry_n_review	english_source_context_family_review
block:block.tconstruct.small_earth_slime_crystal_bud	sha256:6e7b3d290e976aa4c8ef313fcd46f06c85e67bb33d1c6558dadcf1345a88691c	PASS	/root/rescripted_registry_n_review	english_source_context_family_review
block:block.tconstruct.small_ender_slime_crystal_bud	sha256:8740c4889fcb42d359d0ffc98b801b047aed5b2c2bde45afd11f79a023563293	PASS	/root/rescripted_registry_n_review	english_source_context_family_review
block:block.tconstruct.small_ichor_slime_crystal_bud	sha256:a4a362dfd8adde429e11238aff273e84a4d511daad8d547903dcd21517b806ce	PASS	/root/rescripted_registry_n_review	english_source_context_family_review
block:block.tconstruct.small_sky_slime_crystal_bud	sha256:6961201c39895792feb21b0e05b1ea87b90cc6c2b7153f859e20936a125370ea	PASS	/root/rescripted_registry_n_review	english_source_context_family_review
block:block.tconstruct.smeltery_controller	sha256:bf155fa0d3372c5f9aa494a176264b0f7e340ce1a0ed1910075250aa239d05fe	PASS	/root/rescripted_registry_n_review	english_source_context_family_review
block:block.tconstruct.soul_glass	sha256:f929f6827606fd1c2a39edf5f995310378e5411c999866c066214e188f1aa257	PASS	/root/rescripted_registry_n_review	english_source_context_family_review
block:block.tconstruct.soul_glass_pane	sha256:4e12e041147c98ad2a6514e9f6ad46edcdfd6d4b00329dad598bd684d5e964c4	PASS	/root/rescripted_registry_n_review	english_source_context_family_review
block:block.tconstruct.soulsteel_block	sha256:5e5425e5482aafee423a86f47cac57c3c586b7113c98891c61d8e264ede45a19	PASS	/root/rescripted_registry_n_review	english_source_context_family_review
block:block.tconstruct.spider_head	sha256:7ef4447188950a5b1b77abf1c09ad5fce9bfe07e54c69d3ba25fb5458b1258c3	PASS	/root/rescripted_registry_n_review	english_source_context_family_review
block:block.tconstruct.spider_wall_head	sha256:f4a5316783653a6d6402de67cd267eab71e887d0e87899831eb577df6db0f8d9	PASS	/root/rescripted_registry_n_review	english_source_context_family_review
block:block.tconstruct.steel_block	sha256:092d833ceaecf5c3bd8d1fc5e7ad41d6669119c3b9ef151863e065140c3f52f2	PASS	/root/rescripted_registry_n_review	english_source_context_family_review
block:block.tconstruct.stray_head	sha256:22f5e266543a7a69adc0a494dd45ecba08b6ec04eeaee2f7888157d5f1d40ebf	PASS	/root/rescripted_registry_n_review	english_source_context_family_review
block:block.tconstruct.stray_wall_head	sha256:0b2ba403e64ebb502e371f1c891573774ce30a0a60fbd47cbadb35bfd026ef85	PASS	/root/rescripted_registry_n_review	english_source_context_family_review
block:block.tconstruct.stripped_bloodshroom_log	sha256:43de6f090a31e41b8c578f1bca82cb8e9c0c1de2c760cc635251a0394616d065	PASS	/root/rescripted_registry_n_review	english_source_context_family_review
block:block.tconstruct.stripped_bloodshroom_wood	sha256:02da05da15d66edf234a23ef77c4d0d8699fb83b779d47303fbf5ef116caedde	PASS	/root/rescripted_registry_n_review	english_source_context_family_review
block:block.tconstruct.stripped_enderbark_log	sha256:9c331d69735bc2af20cef3d37dbc583f604f00146b63ab4441114bda0fe80f25	PASS	/root/rescripted_registry_n_review	english_source_context_family_review
block:block.tconstruct.stripped_enderbark_wood	sha256:575060e467110c8b2f37928c493b9dae3c1cfb845af49ab7687d7824d805c45b	PASS	/root/rescripted_registry_n_review	english_source_context_family_review
block:block.tconstruct.stripped_greenheart_log	sha256:d33088d0d7a87cfdb6a5bb8604bc3efa22a0ebec454b65595249502153ffa9d1	PASS	/root/rescripted_registry_n_review	english_source_context_family_review
block:block.tconstruct.stripped_greenheart_wood	sha256:ef8dcfeacd1fb880b1992cde3b74870614b6dabe306a55f8f8e36f934e9c4d0e	PASS	/root/rescripted_registry_n_review	english_source_context_family_review
block:block.tconstruct.stripped_skyroot_log	sha256:74701e6f3937d00776e14cbe0e94a1afb1195385ba04702ca281b36dfec4be24	PASS	/root/rescripted_registry_n_review	english_source_context_family_review
block:block.tconstruct.stripped_skyroot_wood	sha256:b105498269258a468e90d28b70dac1d52b2fb79a2f717fb622ac54a490f69153	PASS	/root/rescripted_registry_n_review	english_source_context_family_review
block:block.tconstruct.tinker_station	sha256:03c4ffea20d7382bcd2c6bc7bc0fa787cb69afe4fd405ba818f6df2ce5d61bc7	PASS	/root/rescripted_registry_n_review	english_source_context_family_review
block:block.tconstruct.tinkers_anvil	sha256:da88409cee0aec1c063745aab730c0f62a875435b85afaca89bbeda1288fc4fe	PASS	/root/rescripted_registry_n_review	english_source_context_family_review
block:block.tconstruct.tinkers_chest	sha256:3d62daa02701fe0f77c57c812298cabc4e2a7653840692782b03a54e2dd3fbb7	PASS	/root/rescripted_registry_n_review	english_source_context_family_review
block:block.tconstruct.venom_fluid	sha256:393b688aa6d17c7554e96b953f16c5a865689b073d6cd60d5d798fe9b643cfd5	PASS	/root/rescripted_registry_n_review	english_source_context_family_review
block:block.tconstruct.waxed_copper_platform	sha256:1426b7faedb08d57f900964ad48d150c6d141f67aac11ee9dacfe3adc2034eaf	PASS	/root/rescripted_registry_n_review	english_source_context_family_review
block:block.tconstruct.waxed_exposed_copper_platform	sha256:164c8dd4391bc30182824f87b38f50bcae3765e66e111e173c5215753046ac1e	PASS	/root/rescripted_registry_n_review	english_source_context_family_review
block:block.tconstruct.waxed_oxidized_copper_platform	sha256:540fcc848a4fbef8bac8745d63866057a5982ea7751f29910315aff72ba5d755	PASS	/root/rescripted_registry_n_review	english_source_context_family_review
block:block.tconstruct.waxed_weathered_copper_platform	sha256:172a8d97cbe561d1aeff9205ea180ac6bcccd36a19ecbc5f73995f81dbdb0aa4	PASS	/root/rescripted_registry_n_review	english_source_context_family_review
block:block.tconstruct.weathered_copper_platform	sha256:65bda712ddc674509d06b3d270743728aa4aeaba885b5ad4f2e25ddad40c600c	PASS	/root/rescripted_registry_n_review	english_source_context_family_review
block:block.tconstruct.white_clear_stained_glass	sha256:c1a8c1cf427223cc316c7f215b630a7389095162f5083180edcae27c6b403a0a	PASS	/root/rescripted_registry_n_review	english_source_context_family_review
block:block.tconstruct.white_clear_stained_glass_pane	sha256:19595ace7977286820d700702ef1eec6af355fa7d5520aefed2dcd5b0083f50c	PASS	/root/rescripted_registry_n_review	english_source_context_family_review
block:block.tconstruct.yellow_clear_stained_glass	sha256:a94a5393daf488aff3073d06c2e9b3f0f644d1760dc7e5d0596c78d360250954	PASS	/root/rescripted_registry_n_review	english_source_context_family_review
block:block.tconstruct.yellow_clear_stained_glass_pane	sha256:0450e98b0d720c38ea37f7d5e174bb4b0c84ba89f47cfcfbe39d321979852d0f	PASS	/root/rescripted_registry_n_review	english_source_context_family_review
block:block.tconstruct.zombified_piglin_head	sha256:ee32dcbf832b515f802265d3d640079173e815eb3172d8bd80fb270fc4ca9452	PASS	/root/rescripted_registry_n_review	english_source_context_family_review
block:block.tconstruct.zombified_piglin_wall_head	sha256:f3b2b02562eb10acda18a987f8b22fdce8060a3a5e509c933136b04ffb1afb54	PASS	/root/rescripted_registry_n_review	english_source_context_family_review
block:block.thermal.amaranth	sha256:278b1ddec3d5f3e604e921810ae3a6f827099ff8343bf371864fa75c4099b8c4	PASS	/root/rescripted_registry_n_review	english_source_context_family_review
block:block.thermal.amaranth_block	sha256:5171c0a52691f35d0a552a7e7e3ffe483174ab9b329687c035bc70dc0ad15cd7	PASS	/root/rescripted_registry_n_review	english_source_context_family_review
block:block.thermal.apatite_block	sha256:2a06576e7f8ae8bf5f280c855a5db26c2cea334a3f8983be68736d8d7d3f5357	PASS	/root/rescripted_registry_n_review	english_source_context_family_review
block:block.thermal.apatite_ore	sha256:8cee155cd77ab5e5910cdfa78373ae4d2a90ab78371336776b10cb9425733890	PASS	/root/rescripted_registry_n_review	english_source_context_family_review
block:block.thermal.apple_block	sha256:c27d2476ae10fb0c3566fc86b7be68235f223c402545b6f3565d2acb3fe78ede	PASS	/root/rescripted_registry_n_review	english_source_context_family_review
block:block.thermal.barley	sha256:b904432b6de55a66c7f785bb5c62f8827df5ca7023eaf8b2941254fc7c9dbb94	PASS	/root/rescripted_registry_n_review	english_source_context_family_review
block:block.thermal.barley_block	sha256:49766e9aa3397f33162e721d4b16355fec6864fa26f697095c5ba4e4434f4adb	PASS	/root/rescripted_registry_n_review	english_source_context_family_review
block:block.thermal.beetroot_block	sha256:6e8bd433b5483ee744a30130bb483b9c6e4f5fb5c5a84b10334e94e080fa737c	PASS	/root/rescripted_registry_n_review	english_source_context_family_review
block:block.thermal.bell_pepper	sha256:6728ee5a8b8ce7662623d82792af935e46aabeda8d8fafa08ddd7ad5391b5701	PASS	/root/rescripted_registry_n_review	english_source_context_family_review
block:block.thermal.bell_pepper_block	sha256:cd1013c0b752594b74ab5c1fc6780264175b968e6bf1031a010fbaae86386932	PASS	/root/rescripted_registry_n_review	english_source_context_family_review
block:block.thermal.bitumen_block	sha256:75c75729d58b5226ccfefde7ab5ae39693454b98362632ad2c8cae76c2a2e99c	PASS	/root/rescripted_registry_n_review	english_source_context_family_review
block:block.thermal.black_rockwool	sha256:c61545121b0d1f5f8c015793e89f3a2ce924761fa448a8f0a052f57d91282d9a	PASS	/root/rescripted_registry_n_review	english_source_context_family_review
block:block.thermal.blue_rockwool	sha256:2f9b455b26bdfc6b428fd5cc40a74c56c748363f116e54a8c042b96df16f07f1	PASS	/root/rescripted_registry_n_review	english_source_context_family_review
block:block.thermal.bronze_block	sha256:fa22824afe5df655af75ea204d6f2ee5dedb104fec03c2782e9ebbfb68c00739	PASS	/root/rescripted_registry_n_review	english_source_context_family_review
block:block.thermal.brown_rockwool	sha256:31a19d5cd607ba5f4826622484ad7f013a7e7a77dc4c7a05a0200492ca03322a	PASS	/root/rescripted_registry_n_review	english_source_context_family_review
block:block.thermal.carrot_block	sha256:6df5334acb2e4ed4e2b1e52b4819580bc48aacdd1187448aeba38420226a7930	PASS	/root/rescripted_registry_n_review	english_source_context_family_review
block:block.thermal.carrot_cake	sha256:1cc369ece0aa2f8565dd39590126bf97dc3cbd5ad40ddd4c36438458adb7ef07	PASS	/root/rescripted_registry_n_review	english_source_context_family_review
block:block.thermal.charcoal_block	sha256:2b78e9927f7f9d5c55aa20759a43d78a851e37f914c7c42849cdb45ef507e90f	PASS	/root/rescripted_registry_n_review	english_source_context_family_review
block:block.thermal.charge_bench	sha256:96486e8146f887b039350aac37be22778d4d7f7cf788b81c63595d3cf3fc80ac	PASS	/root/rescripted_registry_n_review	english_source_context_family_review
block:block.thermal.cheese_wheel	sha256:3a36a8ff2734d9af03e13c73750d3f98ef73b50b34413528f0e34e92a680ecb3	PASS	/root/rescripted_registry_n_review	english_source_context_family_review
block:block.thermal.chiseled_rich_slag	sha256:6f85f1c636c491308401396f7c6c08b6a6ae36c62fa90763d3628ca5c3b9791b	PASS	/root/rescripted_registry_n_review	english_source_context_family_review
block:block.thermal.chiseled_slag	sha256:b2eae1b8dab1b8e60b817dcd023db507c60a7903259bdadc6e75bfd29fe699d8	PASS	/root/rescripted_registry_n_review	english_source_context_family_review
block:block.thermal.chocolate_cake	sha256:b2fbace58ecc2a29597367676beceafcb2895c26ca3767e6c3c281ac840ef3f8	PASS	/root/rescripted_registry_n_review	english_source_context_family_review
block:block.thermal.cinnabar_block	sha256:4fd3102eac099ae7dc9020fe0eefaa0e7bf8bce370893af31907567137f1172b	PASS	/root/rescripted_registry_n_review	english_source_context_family_review
block:block.thermal.cinnabar_ore	sha256:9eec4227f7a7f85f0e2325644a1eccf88d2478a7dc9b88358dc0fa0bd0bdb5cf	PASS	/root/rescripted_registry_n_review	english_source_context_family_review
block:block.thermal.coal_coke_block	sha256:cfff12e6f144336b44d9d2d8e15eaa99324cf4ce50661d70fb29606346c01d6c	PASS	/root/rescripted_registry_n_review	english_source_context_family_review
block:block.thermal.coffee	sha256:b0e1f06cf1e7d466ee3048ebef45d85b2d1d31d6164a9b92a6fd0887ba8ffe89	PASS	/root/rescripted_registry_n_review	english_source_context_family_review
block:block.thermal.coffee_block	sha256:a22d1bacb94723d4da69326522740b4b798758dc19d8828aa0fc994eaf59224d	PASS	/root/rescripted_registry_n_review	english_source_context_family_review
block:block.thermal.constantan_block	sha256:cab2610a756191a45272212eb19d24432cdc92cc01dc5ecbe921365d9dbcf82d	PASS	/root/rescripted_registry_n_review	english_source_context_family_review
block:block.thermal.corn	sha256:540647ba037b42dabeea5ed7a53f8d4cd7304a118957472d751d3811f1d76d31	PASS	/root/rescripted_registry_n_review	english_source_context_family_review
block:block.thermal.corn_block	sha256:2327d2f496dd0dbbb424174714addb4ee5fcdb756e223bf671bbb99d946bb96c	PASS	/root/rescripted_registry_n_review	english_source_context_family_review
block:block.thermal.cracked_rich_slag_bricks	sha256:f4c057e19a3366948c489595a29a220e591e4a7b8e630b05633d4b268a31a394	PASS	/root/rescripted_registry_n_review	english_source_context_family_review
block:block.thermal.cracked_slag_bricks	sha256:8a01775c0d738423a0e0838208653d533f52f3d3cb923434a128e40b79c0fd5b	PASS	/root/rescripted_registry_n_review	english_source_context_family_review
block:block.thermal.crude_oil_fluid	sha256:2d7fa5a83014153f3b6a938df040d4440df2a5748431e51664c0a8d4fa277028	PASS	/root/rescripted_registry_n_review	english_source_context_family_review
block:block.thermal.cured_rubber_block	sha256:106da0968b7d33d14da25ae52f29e8521942d241b4e6aa95093e0ac08ccafc02	PASS	/root/rescripted_registry_n_review	english_source_context_family_review
block:block.thermal.cyan_rockwool	sha256:0c958e48bf41e2f603e4183e18ea11556ca1922e4b37cda94448634bec45688c	PASS	/root/rescripted_registry_n_review	english_source_context_family_review
block:block.thermal.deepslate_apatite_ore	sha256:e2d790eabc38b5c99b8939f3f1ec28307af06f2200c70f2151d3513a8cffe1e2	PASS	/root/rescripted_registry_n_review	english_source_context_family_review
block:block.thermal.deepslate_cinnabar_ore	sha256:5a83b2ebf6043be7b72d06f07cbb84f109f93f9e890ff5eacf010a0185612f39	PASS	/root/rescripted_registry_n_review	english_source_context_family_review
block:block.thermal.deepslate_lead_ore	sha256:fe68088db8d382c332b5270e9154e7d85d32c84bad4450c91d1291028695848e	PASS	/root/rescripted_registry_n_review	english_source_context_family_review
block:block.thermal.deepslate_nickel_ore	sha256:6f2757fac8f89a42b0693e40d276cc5aee29d231c7a2e98692da935f0e29c38e	PASS	/root/rescripted_registry_n_review	english_source_context_family_review
block:block.thermal.deepslate_niter_ore	sha256:d79a21396c8a073e985421bdcbed4ed8a8d3f6a9510560ed159c2b97b9239c01	PASS	/root/rescripted_registry_n_review	english_source_context_family_review
block:block.thermal.deepslate_ruby_ore	sha256:359e992c5b9f875935855ed7ffa0158d4b03572ac786bfaa24fa69aae6743107	PASS	/root/rescripted_registry_n_review	english_source_context_family_review
block:block.thermal.deepslate_sapphire_ore	sha256:0baa55e52227714f10bf5135646fe717962f60e91c455a2c5fd32d2ed7b21ebc	PASS	/root/rescripted_registry_n_review	english_source_context_family_review
block:block.thermal.deepslate_silver_ore	sha256:8c624dc88e7b9a0d9bcd8ec05034d4be2132fa518b009511aeaadf1dc2fc79f3	PASS	/root/rescripted_registry_n_review	english_source_context_family_review
block:block.thermal.deepslate_sulfur_ore	sha256:a04a1a73639a249a100ec3d2301d4dfea5adca4ea0a3f8af229f5edd827c5ce9	PASS	/root/rescripted_registry_n_review	english_source_context_family_review
block:block.thermal.deepslate_tin_ore	sha256:2b5725dec128dcd41e3310dcff011c097eeb305227cfd548585bce9f43314fcf	PASS	/root/rescripted_registry_n_review	english_source_context_family_review
block:block.thermal.device_collector	sha256:5213df0e7400028f575a8fa1b1935fe2ee2714b3ead262c7e6defefa84d9476b	PASS	/root/rescripted_registry_n_review	english_source_context_family_review
block:block.thermal.device_composter	sha256:90222b39828c77b0eb523e5d2c929b25d34fa1ff29b77fc651ed6a70d7fa7070	PASS	/root/rescripted_registry_n_review	english_source_context_family_review
block:block.thermal.device_fisher	sha256:8be9b566d7c403353f6064d3a74095e83b28487e619c2b2ac3f42366997e5b90	PASS	/root/rescripted_registry_n_review	english_source_context_family_review
block:block.thermal.device_hive_extractor	sha256:c11c6810d77d8cbcb035354d1d3093e252931e8677da64b337d2ef564e6dd61b	PASS	/root/rescripted_registry_n_review	english_source_context_family_review
block:block.thermal.device_nullifier	sha256:81628e223cbcb58054627a022b7734068b13d38a71a14a18bef159543226d95a	PASS	/root/rescripted_registry_n_review	english_source_context_family_review
block:block.thermal.device_potion_diffuser	sha256:91b9eaf98c3f3143e1353b8842cb104994fecffd428a629d52fad8f4745ba4bb	PASS	/root/rescripted_registry_n_review	english_source_context_family_review
block:block.thermal.device_rock_gen	sha256:004ee83dee5201887cc30d29a5656e17c57601271f5e32298de6525151b8640f	PASS	/root/rescripted_registry_n_review	english_source_context_family_review
block:block.thermal.device_soil_infuser	sha256:93ba7a50294b765f7e5f6a886aae1a54c32887c4a8cf3a1ee253081e859c7451	PASS	/root/rescripted_registry_n_review	english_source_context_family_review
block:block.thermal.device_tree_extractor	sha256:2fcbbe7a7d10ff7c99a8e321ba4c9b765e8a40da7e344c75c7734eed6a82bbdc	PASS	/root/rescripted_registry_n_review	english_source_context_family_review
block:block.thermal.device_water_gen	sha256:abcf1a2052b4e48e83d6d20afd0fc5e3e7acca749d1d69e76f9c3c6b9d4f6de2	PASS	/root/rescripted_registry_n_review	english_source_context_family_review
block:block.thermal.device_xp_condenser	sha256:d44a3f71400af5e83d19b2dcb45d60d104cc0fe5ad4f0489c6016faa26034d11	PASS	/root/rescripted_registry_n_review	english_source_context_family_review
block:block.thermal.dynamo_compression	sha256:524a0335794f5a7f7f6179331ea0b925ed75aee6d3c9e3d7e9d31288af6bf461	PASS	/root/rescripted_registry_n_review	english_source_context_family_review
block:block.thermal.dynamo_disenchantment	sha256:f98a0a026f345da96235dfa349e14669cb85f4faca968cf6435a5c6ec28c6fe6	PASS	/root/rescripted_registry_n_review	english_source_context_family_review
block:block.thermal.dynamo_gourmand	sha256:f666f9c61007eed4dd3217c32acc0268993d9c3595420d50ea39f1aa317821db	PASS	/root/rescripted_registry_n_review	english_source_context_family_review
block:block.thermal.dynamo_lapidary	sha256:c618a651adfe00cab559e0b1428f630c3ce5b0619cf3777cba7c3aafb550bd9c	CHANGE	/root/rescripted_registry_n_review	english_source_context_family_review
block:block.thermal.dynamo_magmatic	sha256:d49674402450448ef30bc40aa33eebaa200266383b365112bc9f65faaa7cc46e	PASS	/root/rescripted_registry_n_review	english_source_context_family_review
block:block.thermal.dynamo_numismatic	sha256:05d5dc10aaa83a0983099cf0f0c179e5ce8b2cc077b9e4a18fce0f8a0311e006	PASS	/root/rescripted_registry_n_review	english_source_context_family_review
block:block.thermal.dynamo_stirling	sha256:883d02d3e7c6fa490a173d1b9d2ea3bcf43f69d5d48cb49ba2234ddbdb49161e	CHANGE	/root/rescripted_registry_n_review	english_source_context_family_review
block:block.thermal.earth_tnt	sha256:a8c148cd08444db2f0dd6a1485e6d146655d7132749819536242ee6941aa0e93	PASS	/root/rescripted_registry_n_review	english_source_context_family_review
block:block.thermal.eggplant	sha256:84247c8aaf6dd96fb2878483cb0140c23e3c12aba8cc987306d0a77986286526	PASS	/root/rescripted_registry_n_review	english_source_context_family_review
block:block.thermal.eggplant_block	sha256:b6f7451a43362d4027ec87280dd8b2ea5bd7ae2223565ddba0047cb2fa960c34	PASS	/root/rescripted_registry_n_review	english_source_context_family_review
block:block.thermal.electrum_block	sha256:d4f79e9d65fef823401f5a2043a2de4641a72d9c5e3acc1947e9de21f99f7cc1	PASS	/root/rescripted_registry_n_review	english_source_context_family_review
block:block.thermal.ender_fluid	sha256:9d2941fdbbf489f8ba2cb54df1fb5be66347a0b9fabbab8bace700bf7df520ba	PASS	/root/rescripted_registry_n_review	english_source_context_family_review
block:block.thermal.ender_tnt	sha256:9cd10af48dede02ac5d99a3dc7ff727756bc3016ad610b12421a1dd89180fc31	PASS	/root/rescripted_registry_n_review	english_source_context_family_review
block:block.thermal.enderium_block	sha256:10596aca450d1214b9174ff7625d5b6c233abedcec03257012028c704baf69d9	PASS	/root/rescripted_registry_n_review	english_source_context_family_review
block:block.thermal.enderium_glass	sha256:5b622f05c6a6acb4f6f193f06fc8bd62ba02e320ff04bf7d5bdf1f57749d5a32	PASS	/root/rescripted_registry_n_review	english_source_context_family_review
block:block.thermal.energy_cell	sha256:e4d0cc3071c0c42b22a980d948dbff585d47f353100692885a93fb92d26510fe	PASS	/root/rescripted_registry_n_review	english_source_context_family_review
block:block.thermal.energy_cell_frame	sha256:0eadafd7e5a50f122565599f1152ec8844f8f1f30c93686b843ac6f330340930	PASS	/root/rescripted_registry_n_review	english_source_context_family_review
block:block.thermal.energy_duct	sha256:d1b90599aec5fb241f3fe7fb250e4d6f18b8b21085c6ffdc3bc135144f310ad6	PASS	/root/rescripted_registry_n_review	english_source_context_family_review
block:block.thermal.fire_tnt	sha256:956258506cc0ec0b339bc82c5914f4e5c39f033acc3fa8a59ae6ae7c19079cb4	PASS	/root/rescripted_registry_n_review	english_source_context_family_review
block:block.thermal.flax	sha256:81629dd6f277eebecea6f4ebeab0eb3b3b2881ae37b939e106b4271946a6d481	PASS	/root/rescripted_registry_n_review	english_source_context_family_review
block:block.thermal.flax_block	sha256:0405234e295464ed29335ba710a2b1556754949aeb51bb2a6426bf60a5d720f5	PASS	/root/rescripted_registry_n_review	english_source_context_family_review
block:block.thermal.fluid_cell	sha256:21f80ad1c959f3749719d4e3aea028ae95b900f4d2ccc59ae6c968334d4c5bf4	PASS	/root/rescripted_registry_n_review	english_source_context_family_review
block:block.thermal.fluid_cell_frame	sha256:7e24c6a38ca165bfd9b9f26c35585962dbf7a0ada777ca627b203e3fe59df293	PASS	/root/rescripted_registry_n_review	english_source_context_family_review
block:block.thermal.fluid_duct	sha256:7b05358af924461d69cf900476511dffd499cc4df04063d26afc262b60312d1c	PASS	/root/rescripted_registry_n_review	english_source_context_family_review
block:block.thermal.fluid_duct_windowed	sha256:ce25a931fb2d3daa1a7c0064046af8db3ae78750a0982ee054a87d309e208cb1	PASS	/root/rescripted_registry_n_review	english_source_context_family_review
block:block.thermal.frost_melon	sha256:8a4fda01246a9bdc103d17be5e43fc003f35310b71b3f9789f5797087628088f	PASS	/root/rescripted_registry_n_review	english_source_context_family_review
block:block.thermal.frost_melon_stem	sha256:eedeb75c6913bbdfd4373d54873f0a903b881cdae089ce81c581f133b17d2102	PASS	/root/rescripted_registry_n_review	english_source_context_family_review
block:block.thermal.frost_melon_stem_attached	sha256:cc19926493f6d988354a35235dcc8c65d5a35e01a37a0af62f5f1e7bfb036708	PASS	/root/rescripted_registry_n_review	english_source_context_family_review
block:block.thermal.glowstone_mushroom	sha256:0e22109e38783fb284fa850e65697504526901d77f1f8355c9551425bb4afbf4	PASS	/root/rescripted_registry_n_review	english_source_context_family_review
block:block.thermal.glowstone_tnt	sha256:9b1eb0aec2fcb96ebbc24efbab321babaa17189501d88e2308b24251b08cb5d9	PASS	/root/rescripted_registry_n_review	english_source_context_family_review
block:block.thermal.gray_rockwool	sha256:9d82b9c8159bf2ce12cd75cf0437529674f10e024147a99f955795a8a9ecfe7f	PASS	/root/rescripted_registry_n_review	english_source_context_family_review
block:block.thermal.green_bean	sha256:6ed4cb948e2880ea94f044b27cacd34e00dfbd4c1ccc39c8c2f5513ab0f9ec5c	PASS	/root/rescripted_registry_n_review	english_source_context_family_review
block:block.thermal.green_bean_block	sha256:4e163dbceb4ebc5bb9c8890b2cdb6a1fc5bfce88834036b6ed8bc2468a724d0e	PASS	/root/rescripted_registry_n_review	english_source_context_family_review
block:block.thermal.green_rockwool	sha256:297fac40b04fb0275af7a84952b91af3c8ab2fbfa34067c5814e168221942385	PASS	/root/rescripted_registry_n_review	english_source_context_family_review
block:block.thermal.gunpowder_block	sha256:497edca1efd93e9d018b1f3486d7426323ddc9e69f075ba66e1b6a1967094032	PASS	/root/rescripted_registry_n_review	english_source_context_family_review
block:block.thermal.gunpowder_mushroom	sha256:8b37d6b37620c1d198378c47ddc0c0393011173219fe3df18d525ebe2b84f8ec	PASS	/root/rescripted_registry_n_review	english_source_context_family_review
block:block.thermal.hops_block	sha256:722434b036f598a4e9a92c590aca008ff42d6788797edf81da54cdfa05582fff	PASS	/root/rescripted_registry_n_review	english_source_context_family_review
block:block.thermal.ice_tnt	sha256:3c2af6d9e14b8f56e9a521a1ec002dfb0e84f7828edcbcf76c7d81a75b5fab14	PASS	/root/rescripted_registry_n_review	english_source_context_family_review
block:block.thermal.invar_block	sha256:28aa3a432fe4311cadc1a81a38bcf90c84b15a3e7f64a3cded948c937bd420e8	PASS	/root/rescripted_registry_n_review	english_source_context_family_review
block:block.thermal.item_buffer	sha256:2d58749ef8d359e2374ffc839e65593890a160953183d42054358bd9266c4d0a	PASS	/root/rescripted_registry_n_review	english_source_context_family_review
block:block.thermal.lead_block	sha256:c23a5d32c63406077d3892da57c4076e9b57111ea631b2c9b75a2c9ba43d7453	PASS	/root/rescripted_registry_n_review	english_source_context_family_review
block:block.thermal.lead_ore	sha256:682a5444e9d64dc5ab742665379f51b456133c1e741f207fb55b2fbd0dbe90d2	PASS	/root/rescripted_registry_n_review	english_source_context_family_review
block:block.thermal.light_blue_rockwool	sha256:6ed5cc6c7170edcace918d948b3e228422731bb6f487155dde055ae72d9c8803	PASS	/root/rescripted_registry_n_review	english_source_context_family_review
block:block.thermal.light_gray_rockwool	sha256:a399cbc1dd8083313e3ce1b30f0bda9b569ec9b81084bfa96724892f4c7c2778	PASS	/root/rescripted_registry_n_review	english_source_context_family_review
block:block.thermal.lightning_tnt	sha256:ba1f8c220e1e7cfacfe513d50b2ba12c69d9eabbb328de0978b3232ca18f0e68	PASS	/root/rescripted_registry_n_review	english_source_context_family_review
block:block.thermal.lime_rockwool	sha256:1867efd57f2582ee17934b870ceb76b719f2c238b368edaaef0b8e32b006b0cc	PASS	/root/rescripted_registry_n_review	english_source_context_family_review
block:block.thermal.lumium_block	sha256:d0349bad361105df5020e80c5c8d71f7d65262de63375730a99b9ced6829ea5c	PASS	/root/rescripted_registry_n_review	english_source_context_family_review
block:block.thermal.lumium_glass	sha256:cb05fd3fb33bdaddc4013e091ff374f6ddeb92c6fba8a193f3ed39777fbfe3c5	PASS	/root/rescripted_registry_n_review	english_source_context_family_review
block:block.thermal.machine_bottler	sha256:c0cca346895c4b5cee956e1bf48d5947d144d641e5e852e53181e0bcd82fc028	PASS	/root/rescripted_registry_n_review	english_source_context_family_review
block:block.thermal.machine_brewer	sha256:25b32559c1da9fad56504f8219c210eb26b3826eacb2c0091f48b570f0a1f896	PASS	/root/rescripted_registry_n_review	english_source_context_family_review
block:block.thermal.machine_centrifuge	sha256:0572ea46e59b1cd10663d1940852d8cad5c51f1ac9841958abf247efc2835b14	PASS	/root/rescripted_registry_n_review	english_source_context_family_review
block:block.thermal.machine_chiller	sha256:0aecbd2a8e8efb1909afb0be1aa80ffb92cc4ae02f3c28831ddfee446efcfd6e	PASS	/root/rescripted_registry_n_review	english_source_context_family_review
block:block.thermal.machine_crafter	sha256:2ca5ae847138ada19e2342eff7e0c1a6c1596f5fcc1095caf0d047c9dd1b1c91	PASS	/root/rescripted_registry_n_review	english_source_context_family_review
block:block.thermal.machine_crucible	sha256:3581e73d9a03c17d53dd9af7832991d9690a72ee98096d20cf9b691d28ef2e88	PASS	/root/rescripted_registry_n_review	english_source_context_family_review
block:block.thermal.machine_crystallizer	sha256:383ebf6c5740d634add48a50f143e359ba621e4b9a92db526d4dc3b2c092a50d	PASS	/root/rescripted_registry_n_review	english_source_context_family_review
block:block.thermal.machine_frame	sha256:1652fd51c2604f3f5e140df0ef0f2aa19fb9e43c03b2670c4c8cc7e2cc2b9983	PASS	/root/rescripted_registry_n_review	english_source_context_family_review
block:block.thermal.machine_furnace	sha256:21d8127fab87035ee924ce6d7aa4577940460efe254d93a8bf65d518ca5af766	PASS	/root/rescripted_registry_n_review	english_source_context_family_review
block:block.thermal.machine_insolator	sha256:0324f7a412e8f82f9e933d4e2c9033f1fc5d76e9dc385c85d3eac4168766d64a	PASS	/root/rescripted_registry_n_review	english_source_context_family_review
block:block.thermal.machine_press	sha256:6f528205e6e5a98e91bdefb65215561e420c94419522956f7d4b488040c1a269	PASS	/root/rescripted_registry_n_review	english_source_context_family_review
block:block.thermal.machine_pulverizer	sha256:0447aa1865e67df0582fba9af7dc97ddc98b02567251496ab3d298b0e9b24f14	PASS	/root/rescripted_registry_n_review	english_source_context_family_review
block:block.thermal.machine_pyrolyzer	sha256:d8804824bfcf90860169829fbad6b8f68ed001fb8169bdefda96302b5123a8d3	PASS	/root/rescripted_registry_n_review	english_source_context_family_review
block:block.thermal.machine_refinery	sha256:cfc9344c23e9eaea9eb794e3ebcb9b7b3cf594fef2649b63f7c27fd933d695c8	PASS	/root/rescripted_registry_n_review	english_source_context_family_review
block:block.thermal.machine_sawmill	sha256:122a0693c622c4fe9fcb05228961912d053f7cb66e3ffad513b624e44926a498	PASS	/root/rescripted_registry_n_review	english_source_context_family_review
block:block.thermal.machine_smelter	sha256:e604608c41f2defb59996fd945e5bd4dcf707d58cbbb09bd892aef75f8d07a3f	PASS	/root/rescripted_registry_n_review	english_source_context_family_review
block:block.thermal.magenta_rockwool	sha256:d985652f30b8602517e1100bdf083d46e00cf0a4cd7800ab0f5ec0166acd7ac3	PASS	/root/rescripted_registry_n_review	english_source_context_family_review
block:block.thermal.nickel_block	sha256:24c6dfc767ea02d61e95f40c392daa0e3ed14b276dcafaf1d8e738ee8f6ac6d6	PASS	/root/rescripted_registry_n_review	english_source_context_family_review
block:block.thermal.nickel_ore	sha256:7e01cd20228a365fce7cccc6406cca5c177f5ca64ca9d4550dbf6d2de941f8c6	PASS	/root/rescripted_registry_n_review	english_source_context_family_review
block:block.thermal.niter_block	sha256:853e695ec85fd18c9d08908d17692c63cdd40be469e0a21234ccfe2fe6a47be6	PASS	/root/rescripted_registry_n_review	english_source_context_family_review
block:block.thermal.niter_ore	sha256:bdaba9a19f7073f9d978d400b53cf35e588357e51fad8cfc2dfbb3aebcab1993	PASS	/root/rescripted_registry_n_review	english_source_context_family_review
block:block.thermal.nuke_tnt	sha256:1fab5433cb5e90472d7629e2af6246a4eb948847a77e1bb5ff868b797f0287fe	PASS	/root/rescripted_registry_n_review	english_source_context_family_review
block:block.thermal.obsidian_glass	sha256:6dcc1fd30869cdd2d54236928ce02e2f0f7a7327d8510ec0eaf932474c2f0de1	PASS	/root/rescripted_registry_n_review	english_source_context_family_review
block:block.thermal.oil_red_sand	sha256:0c19389a328ad7c026988a03579bfbba000b5c7c6280cee9f2b6938b6dcd5cba	PASS	/root/rescripted_registry_n_review	english_source_context_family_review
block:block.thermal.oil_sand	sha256:3dbaa9ed1bdefe0a883667b6906930ab26f9c23e794e9db9b11725172031948f	PASS	/root/rescripted_registry_n_review	english_source_context_family_review
block:block.thermal.onion	sha256:dd5edb7b5776459d3143dc4f45f36371410db1a1738a9a034aa00b5234197226	PASS	/root/rescripted_registry_n_review	english_source_context_family_review
block:block.thermal.onion_block	sha256:bfc39d8b8d57a2ba725ad938c4b7599b622f320e8b0de8b811a749371f0d73ec	PASS	/root/rescripted_registry_n_review	english_source_context_family_review
block:block.thermal.orange_rockwool	sha256:a78589e031b2d36e84c06bb01a7e24e5a7cf7d0513f468c99f1d72b3dbf4a8e5	PASS	/root/rescripted_registry_n_review	english_source_context_family_review
block:block.thermal.peanut	sha256:7a52c8845b7d2cc114fe651084b48e35ae20bde56df01737ddc5f50f2b428259	PASS	/root/rescripted_registry_n_review	english_source_context_family_review
block:block.thermal.peanut_block	sha256:ff359782c7d3952adaa83d97a413d96280b73033be4be16697ca62e6c18dfb99	PASS	/root/rescripted_registry_n_review	english_source_context_family_review
block:block.thermal.phyto_tnt	sha256:86d78d6566218054d98b783576a6b628f4cf8095469ab40cd3a820d6987b6552	PASS	/root/rescripted_registry_n_review	english_source_context_family_review
block:block.thermal.phytosoil	sha256:04c7755b6677b649732386bc0d377b6472794f2fe7051a1d0bd4c02140ba5ae2	PASS	/root/rescripted_registry_n_review	english_source_context_family_review
block:block.thermal.phytosoil_tilled	sha256:b017117eb231c1fb02a2f1a54750fc3432b31d7ccbf3750d69897d4290ba2401	PASS	/root/rescripted_registry_n_review	english_source_context_family_review
block:block.thermal.pink_rockwool	sha256:c5cf30fe7c841ea6a28ac14a3fc819b8e2a663fc6cab873259fb3b0653c1b06a	PASS	/root/rescripted_registry_n_review	english_source_context_family_review
block:block.thermal.polished_rich_slag	sha256:289babb434669c2dbffa775c6f73434efb2546ae9b5bce166804555b6e3de9ba	PASS	/root/rescripted_registry_n_review	english_source_context_family_review
block:block.thermal.polished_slag	sha256:04242790c663cd5e17756648a4054dc855b5da366386d42be7f3cda2d11312e1	PASS	/root/rescripted_registry_n_review	english_source_context_family_review
block:block.thermal.potato_block	sha256:d575f0d5f8826e518ddeb8f02bb7615dd3ee9a2fa9175d0121c8c174b4bc411c	PASS	/root/rescripted_registry_n_review	english_source_context_family_review
block:block.thermal.potion_cake	sha256:c411af209f42d90b8637442bbaebe44dabbee160b6df2295ed3cf9d355368c41	PASS	/root/rescripted_registry_n_review	english_source_context_family_review
block:block.thermal.potted_rubberwood_sapling	sha256:fb2ced9223899093747cf5c6c104adbb7f1e408252659e71ed06fdb1ba8454d4	PASS	/root/rescripted_registry_n_review	english_source_context_family_review
block:block.thermal.purple_rockwool	sha256:4e93937584b512b65c7e811ec240a32dc4c207e426b9033c25e1f80a968c1c44	PASS	/root/rescripted_registry_n_review	english_source_context_family_review
block:block.thermal.radish	sha256:fb56c2b5e92844be14b6f01cc765cba60a102357ec201e451d00217d7b18f3aa	PASS	/root/rescripted_registry_n_review	english_source_context_family_review
block:block.thermal.radish_block	sha256:ee54b1192a8ebe8b9ffa3bb16fae749466f1496cdfa22336825315c425f6ebae	PASS	/root/rescripted_registry_n_review	english_source_context_family_review
block:block.thermal.raw_lead_block	sha256:39b993131d70da73e9dec0adc06cdbd0ed428dcfaa117ae831e7483999fa4445	PASS	/root/rescripted_registry_n_review	english_source_context_family_review
block:block.thermal.raw_nickel_block	sha256:d5c2fcbcb7f9e5467847ac7e6e61a4dc029abcc597ff8452b6ae890f955d6fef	PASS	/root/rescripted_registry_n_review	english_source_context_family_review
block:block.thermal.raw_silver_block	sha256:d725c03aa3fc98dd835ef28925373ddf836b5e7a63285e05e147e29230af56cd	PASS	/root/rescripted_registry_n_review	english_source_context_family_review
block:block.thermal.raw_tin_block	sha256:615b7e7908fe98d7bd46b5fd6ba5046a95267720dee0ed7d449c3646f42b4238	PASS	/root/rescripted_registry_n_review	english_source_context_family_review
block:block.thermal.red_rockwool	sha256:67aad1106a2c00681ac8233f164f69556955bbf9cffe8e8c63aefaaa088d9deb	PASS	/root/rescripted_registry_n_review	english_source_context_family_review
block:block.thermal.redstone_fluid	sha256:c4834323d9cfec48fd97b09759cb0890757ebc696aa3523bcc1c9a71638cf27f	PASS	/root/rescripted_registry_n_review	english_source_context_family_review
block:block.thermal.redstone_mushroom	sha256:b4c96d2b38bc55724e6d07d7acf85bf11d097063d97e10056e51db92b0365c58	PASS	/root/rescripted_registry_n_review	english_source_context_family_review
block:block.thermal.redstone_tnt	sha256:a3854060ceb7d6344f368977af0e78387b48ee89ca1dace935e3f8ac6af3786c	PASS	/root/rescripted_registry_n_review	english_source_context_family_review
block:block.thermal.rice	sha256:1b9bc7b7376e6c5c0f1042dfdd42ac68017d8cee72988967d7c670d40c466c85	PASS	/root/rescripted_registry_n_review	english_source_context_family_review
block:block.thermal.rice_block	sha256:eb9897c4f29ae8a09a4f59f7d340e8057c104a170907d966b07d5534ffdaa430	PASS	/root/rescripted_registry_n_review	english_source_context_family_review
block:block.thermal.rich_slag_block	sha256:0df074c18f0f569ad6e6fb3525d103b77e14b292c4e799a9956c7e8c1eb709c3	PASS	/root/rescripted_registry_n_review	english_source_context_family_review
block:block.thermal.rich_slag_bricks	sha256:cbc823f8562832e6a8d0dcf9f08dd27a28519fd230522a0cdb29218f8078b8cc	PASS	/root/rescripted_registry_n_review	english_source_context_family_review
block:block.thermal.rosin_block	sha256:149e0c9772dbd522305a0c30b79811f4f2a7679eafe2307e8869bfc1b9e55d78	PASS	/root/rescripted_registry_n_review	english_source_context_family_review
block:block.thermal.rubber_block	sha256:74d3f98305b6185ac4e4b2d26b6cc0ef93c1926f9c6a70de45d31dd13890228b	PASS	/root/rescripted_registry_n_review	english_source_context_family_review
block:block.thermal.rubberwood_button	sha256:746a889114c51de4d57c55b655b012ba0b8c00f1914e01ed052609527a0907b5	PASS	/root/rescripted_registry_n_review	english_source_context_family_review
block:block.thermal.rubberwood_door	sha256:676dcd475b67aefc430ccd72989a85035630fa1a182e8e0b83f1ed52f1748cc6	PASS	/root/rescripted_registry_n_review	english_source_context_family_review
block:block.thermal.rubberwood_fence	sha256:d8241d8c650529ebb564ee24b4aee7543a4518c650dd6c880c79db713c3983ed	PASS	/root/rescripted_registry_n_review	english_source_context_family_review
block:block.thermal.rubberwood_fence_gate	sha256:f9f3ab9963b1d6c782a948fa6d60648291bf2e1b9df13c8e91fa2ed250796fcb	PASS	/root/rescripted_registry_n_review	english_source_context_family_review
block:block.thermal.rubberwood_hanging_sign	sha256:3198218091adf3bc83298d12dae395c7ef8091d16d6c19a843f1fe00b1f42e0f	PASS	/root/rescripted_registry_n_review	english_source_context_family_review
block:block.thermal.rubberwood_leaves	sha256:8df9f685b2933085b8d3f0fb59e9bb80be5cda4d2551cb216f4ef0e809c92f04	PASS	/root/rescripted_registry_n_review	english_source_context_family_review
block:block.thermal.rubberwood_log	sha256:870bcc19ff5fcbb5dadcd265744b67da56b907abd56c3cc2a8b82e81ea716451	PASS	/root/rescripted_registry_n_review	english_source_context_family_review
block:block.thermal.rubberwood_planks	sha256:ea8ed784c4a3ce5c92ca31b8112df196478385e00e5d9200b4975cd8a13d1fe1	PASS	/root/rescripted_registry_n_review	english_source_context_family_review
block:block.thermal.rubberwood_pressure_plate	sha256:2621904b429f8cec0385e0f5af86e1e51c82f2845f18519f35c03179f5eca736	PASS	/root/rescripted_registry_n_review	english_source_context_family_review
block:block.thermal.rubberwood_sapling	sha256:1275a2f4d3bcc6e7ae4dd51bcf7d50de3bb5aa0960ad5e2847540c016d1629c4	PASS	/root/rescripted_registry_n_review	english_source_context_family_review
block:block.thermal.rubberwood_sign	sha256:c25d5eb2c45b7975df92ba47eb36aae9b6575928e4f05a3e2218bd5e08fa2a17	PASS	/root/rescripted_registry_n_review	english_source_context_family_review
block:block.thermal.rubberwood_slab	sha256:82463f4624ac99e4d53c9e51b329667aca7c81918c82c2585093dabdf3c70921	PASS	/root/rescripted_registry_n_review	english_source_context_family_review
block:block.thermal.rubberwood_stairs	sha256:3fa21b8eb26c207158c2c35a0380ea2070c8bcbcd2054149c183e981f2e41bcb	PASS	/root/rescripted_registry_n_review	english_source_context_family_review
block:block.thermal.rubberwood_trapdoor	sha256:14772ad4e720b5b02565f062427415bb6a28b74246b7367e01d6bc92608e020a	PASS	/root/rescripted_registry_n_review	english_source_context_family_review
block:block.thermal.rubberwood_wall_hanging_sign	sha256:84feed22be28db741a111a87e9699f85db13ba2faab8ea83e2e1facf8f3cbd59	CHANGE	/root/rescripted_registry_n_review	english_source_context_family_review
block:block.thermal.rubberwood_wall_sign	sha256:a5d4ef49eba41c534d8946ecb9d80e638d891f3b41201869e65267a113d88b09	CHANGE	/root/rescripted_registry_n_review	english_source_context_family_review
block:block.thermal.rubberwood_wood	sha256:a458664c09711b9c49180e3206660b730417ce9092bc98681ec682f47892b537	PASS	/root/rescripted_registry_n_review	english_source_context_family_review
block:block.thermal.ruby_block	sha256:7f67f17c262e484d5506567115a94e8066867cab30a47960589c2b012cf0d4bf	PASS	/root/rescripted_registry_n_review	english_source_context_family_review
block:block.thermal.ruby_ore	sha256:0e1fa8bc3331e26c0090c1a8d53c0f94720e683b55888313bc80fb81ecbe41c8	PASS	/root/rescripted_registry_n_review	english_source_context_family_review
block:block.thermal.sadiroot	sha256:32fcc8b694d1c20f00c584bedd4c6d7388a4cdebdb7d4964971185078a78c312	PASS	/root/rescripted_registry_n_review	english_source_context_family_review
block:block.thermal.sadiroot_block	sha256:413a605d71843a8a7d1258c0c099c937ba768d1d22df1c9b270c94e12b0ccf53	PASS	/root/rescripted_registry_n_review	english_source_context_family_review
block:block.thermal.sapphire_block	sha256:fe3d1f87562fe260c7658c92e9543721b3696181b39529546010ab945b8f8afe	PASS	/root/rescripted_registry_n_review	english_source_context_family_review
block:block.thermal.sapphire_ore	sha256:59eb8ed7d1e17f8eb7f62388b46e6ba0d024f69214c56dd7e639fc4b62145ae9	PASS	/root/rescripted_registry_n_review	english_source_context_family_review
block:block.thermal.sawdust_block	sha256:0d56120196d422c2bd9f36994d22fd822aa94a33b16d2dc8ca05edd55699e0c9	PASS	/root/rescripted_registry_n_review	english_source_context_family_review
block:block.thermal.signalum_block	sha256:81be3fa3ee8e14f789c35910ccf67cd980b5a752c9ba021d78880e70dda98835	CHANGE	/root/rescripted_registry_n_review	english_source_context_family_review
block:block.thermal.signalum_glass	sha256:ae513cfe916747c4feb1569e351dc1d4dbb0d31cfd34bddec40cf2230061cf40	PASS	/root/rescripted_registry_n_review	english_source_context_family_review
block:block.thermal.silver_block	sha256:57537bc6c2bafee86395f7a9efa6512256f72083ba857e4d5dbab54ac5b5e89d	PASS	/root/rescripted_registry_n_review	english_source_context_family_review
block:block.thermal.silver_ore	sha256:740bef9b70abc6fbb5b50b4a5db529a757a58c59f2b72c5888b121d72086e1dc	PASS	/root/rescripted_registry_n_review	english_source_context_family_review
block:block.thermal.slag_block	sha256:d777a2d7572fd5f695447bd5b6bcd5c48954546a0e5d273d08606dd38623490c	PASS	/root/rescripted_registry_n_review	english_source_context_family_review
block:block.thermal.slag_bricks	sha256:47ba04555a18f4a581e9e4203d5a0c9c8796aa8d7746841098a4c42c9cfcaaae	PASS	/root/rescripted_registry_n_review	english_source_context_family_review
block:block.thermal.slime_mushroom	sha256:b834b235b9dd1ebe6a1b7e1f0b76f22cde4f40fa3b87080b4442fdc3e3826b85	PASS	/root/rescripted_registry_n_review	english_source_context_family_review
block:block.thermal.slime_tnt	sha256:97c583e2735289ab98d00b61cc105737d8bbf7792c257b252545ce78d77d5c87	PASS	/root/rescripted_registry_n_review	english_source_context_family_review
block:block.thermal.spice_cake	sha256:8faea3e4e72afa2c677bfe75e348b003749ce377d628a56e1889ab7f976a2564	PASS	/root/rescripted_registry_n_review	english_source_context_family_review
block:block.thermal.spinach	sha256:115848bd1b625cfe983273f195922a7553f0a63022873a97c8c9966d1cbcad47	PASS	/root/rescripted_registry_n_review	english_source_context_family_review
block:block.thermal.spinach_block	sha256:26acc7634f70f5cf688da0537adb4cc8b1726ab81a30fade70dcb069952f9267	PASS	/root/rescripted_registry_n_review	english_source_context_family_review
block:block.thermal.strawberry	sha256:387fe3ba020da494f6b919b38f5af6690effc79ed9108c9dee7956db9e269281	PASS	/root/rescripted_registry_n_review	english_source_context_family_review
block:block.thermal.strawberry_block	sha256:04820b1ca52cc9810a7d46c0a0b99b8ea15b8847b49e542e45da2474efc4bc9f	PASS	/root/rescripted_registry_n_review	english_source_context_family_review
block:block.thermal.stripped_rubberwood_log	sha256:ef65db2256f3d2b0af16ed48fee85b129dd0b4c1cbad51655a69de58f30e661d	PASS	/root/rescripted_registry_n_review	english_source_context_family_review
block:block.thermal.stripped_rubberwood_wood	sha256:1bc0f1f3524c093321b2d431a2d55a47f6cad039140f8a7381450cf18b8614d6	PASS	/root/rescripted_registry_n_review	english_source_context_family_review
block:block.thermal.stuffed_pumpkin	sha256:376b4e455fa246f8f4fa1ab4f3615a42130c87dbe87ce1ef12358fec43ef14be	PASS	/root/rescripted_registry_n_review	english_source_context_family_review
block:block.thermal.sugar_cane_block	sha256:ce73133802c6f678a0e85f835a852bb9a2db9dce508385993d89a58593ca7369	PASS	/root/rescripted_registry_n_review	english_source_context_family_review
block:block.thermal.sulfur_block	sha256:9f0b6861168fd9dd78c900b9aa319b6587508f099d2a76ebfe6181528f6a9bc7	PASS	/root/rescripted_registry_n_review	english_source_context_family_review
block:block.thermal.sulfur_ore	sha256:0766bb2dc2b08fe10dc386e261185b3fac95793e7a6387d73e91ca95c4c31231	PASS	/root/rescripted_registry_n_review	english_source_context_family_review
block:block.thermal.tar_block	sha256:16094870d9a5f526c4d8387852b6b910784dc9c93d328992b00ff442b556e12d	CHANGE	/root/rescripted_registry_n_review	english_source_context_family_review
block:block.thermal.tea	sha256:017979e8299034d8c481af1f282eb32af0ca7e39553664ba27289257b01d49c1	PASS	/root/rescripted_registry_n_review	english_source_context_family_review
block:block.thermal.tea_block	sha256:bf8961390b53d33b368a552693a6d5a897a9121f58af77b1f79c7df1aac85789	PASS	/root/rescripted_registry_n_review	english_source_context_family_review
block:block.thermal.tin_block	sha256:9a3aea2730949b1c5036268f2175d8e9f6b1f4139a6b464b3bbdee229c529b1a	PASS	/root/rescripted_registry_n_review	english_source_context_family_review
block:block.thermal.tin_ore	sha256:46ac202422dae22c8171aa95329e78a38b25713b20e75d0bf61a11efbd01d188	PASS	/root/rescripted_registry_n_review	english_source_context_family_review
block:block.thermal.tinker_bench	sha256:6eee207cc4a94d24b1e129733fa78a60cab024e86af6cda9f87666c5da00c685	PASS	/root/rescripted_registry_n_review	english_source_context_family_review
block:block.thermal.tomato	sha256:8289a9844fd5125f9ecc55b600da78766f44f8477d0a908e2962fbd77eb78372	PASS	/root/rescripted_registry_n_review	english_source_context_family_review
block:block.thermal.tomato_block	sha256:33c13209165d317be55913b51f75f58cb29f18d25e63679f89e8fb997bd782e8	PASS	/root/rescripted_registry_n_review	english_source_context_family_review
block:block.thermal.white_rockwool	sha256:353f3cb46472a47db4dcf065593d3abc87aee0a1fcba01fbf51444f3a5791f25	PASS	/root/rescripted_registry_n_review	english_source_context_family_review
block:block.thermal.yellow_rockwool	sha256:9bf4a21edddca2b74900e6c9d88e4cdfb2f3173454798eb5a0cd672ee3dc5b9f	PASS	/root/rescripted_registry_n_review	english_source_context_family_review
block:block.uppers.upper	sha256:ada6d7a662f03a9ad858d482acae6970b3bb3c9bc9012582508abe191679b452	PASS	/root/rescripted_registry_n_review	english_source_context_family_review
block:block.waystones.black_sharestone	sha256:87280ab3ef0e4247c5f968af9dd7d8657847f2c8b750426880bfed1e79bfe8e5	PASS	/root/rescripted_registry_n_review	english_source_context_family_review
block:block.waystones.blackstone_waystone	sha256:71b4c804fdb222a7e5dab1ad8d75d6c7fc66c9dd99a85d3f144e745be62d7deb	PASS	/root/rescripted_registry_n_review	english_source_context_family_review
block:block.waystones.blue_sharestone	sha256:15ee69d264a181d4c2b6a923dd114302e6aba34d4e3f9ec3695faa5c1e201838	PASS	/root/rescripted_registry_n_review	english_source_context_family_review
block:block.waystones.brown_sharestone	sha256:fd93ddefb42b76378b97278c4e2e90b23ce65ba6c4aa99a3142cb4abff6aeb02	PASS	/root/rescripted_registry_n_review	english_source_context_family_review
block:block.waystones.cyan_sharestone	sha256:8c89067a611a7d05dd2f142b249c899d721d1cabd13c4e1b3e380b1f8b76ffc4	PASS	/root/rescripted_registry_n_review	english_source_context_family_review
block:block.waystones.deepslate_waystone	sha256:3c7b2fc3ae9f9093f2226850f83b2f461b81af1113ecefadbef2df82fab0a9b4	PASS	/root/rescripted_registry_n_review	english_source_context_family_review
block:block.waystones.end_stone_waystone	sha256:4175cb10ee8e0f7bf0d1680072f2332879a7d5407520ab35db13d0b0e69fbd79	PASS	/root/rescripted_registry_n_review	english_source_context_family_review
block:block.waystones.gray_sharestone	sha256:774be0ced7366b7502e8ee245d56fe2312be9551275fe9df45510cbfab865acc	PASS	/root/rescripted_registry_n_review	english_source_context_family_review
block:block.waystones.green_sharestone	sha256:ee8df16667da9b377b7cacf0075fd1921916c3ad282d09b3c6f34ab1da1e2f45	PASS	/root/rescripted_registry_n_review	english_source_context_family_review
block:block.waystones.light_blue_sharestone	sha256:022460dd09fedc96ee4bf53f6d3b7df14a820679f1f34d76f13b4e16951a07e2	PASS	/root/rescripted_registry_n_review	english_source_context_family_review
block:block.waystones.light_gray_sharestone	sha256:4eaeb64a8d70d1603a1f321f5dd9caad09555fdcbae6c62efad143258f8c3994	PASS	/root/rescripted_registry_n_review	english_source_context_family_review
block:block.waystones.lime_sharestone	sha256:0ec65b821a27bae5d44c3c36ba539d6bf9c12a277c7c091591b579a8d81f2349	PASS	/root/rescripted_registry_n_review	english_source_context_family_review
block:block.waystones.magenta_sharestone	sha256:2f4431224143099cd7a9ef0e585eae3e43dc3f496d775bd7bedd0f6fc19b686e	PASS	/root/rescripted_registry_n_review	english_source_context_family_review
block:block.waystones.mossy_waystone	sha256:66122828ca9db2f0eb2f407d19e339ea92e0b49fffbdbd1aa48572b5c3279045	PASS	/root/rescripted_registry_n_review	english_source_context_family_review
block:block.waystones.orange_sharestone	sha256:b2b9f2d6b00cbcca9dc73a3717364651b8ea624141cf6bea481c302e137e056d	PASS	/root/rescripted_registry_n_review	english_source_context_family_review
block:block.waystones.pink_sharestone	sha256:dcadfa545c8a63178e04cfe8eaf86e1736b5c4fe8585e532fa42e9dcc2c5f4e9	PASS	/root/rescripted_registry_n_review	english_source_context_family_review
block:block.waystones.portstone	sha256:158088b633425b3e73e7ff5e666aa7a9a630de417556f96bbf7a3114ad88b3ef	PASS	/root/rescripted_registry_n_review	english_source_context_family_review
block:block.waystones.purple_sharestone	sha256:e6123689b93781550d1728be634a29f733f6fd75f8d95370311e19f62a3d1e2a	PASS	/root/rescripted_registry_n_review	english_source_context_family_review
block:block.waystones.red_sharestone	sha256:b395d120519e7604058a88a58e89eed55c777be631cbc2148722c27e7ee876b5	PASS	/root/rescripted_registry_n_review	english_source_context_family_review
block:block.waystones.sandy_waystone	sha256:c4768ab5500be401ff87523586e6af43b77637740cfda2d35723c172d7329ddb	PASS	/root/rescripted_registry_n_review	english_source_context_family_review
block:block.waystones.sharestone	sha256:6b1f3f496284d8b6cb63d3f5ee2dacf6c6cc3e9c9af6a8c3f970a9bc5828d41a	PASS	/root/rescripted_registry_n_review	english_source_context_family_review
block:block.waystones.warp_plate	sha256:16558b9152ee34bcf948c2cafebf5d6192518a73efd8dcb5caa0a8b755719b27	PASS	/root/rescripted_registry_n_review	english_source_context_family_review
block:block.waystones.waystone	sha256:884280e58b8a42184870c13b4d913e4b3d3cee9abaaf464187a8319bc33fdb88	PASS	/root/rescripted_registry_n_review	english_source_context_family_review
block:block.waystones.white_sharestone	sha256:6333ac5e74b3dc710f80055c541837ebf5e44c052a696faaedca7f62a3c6f539	PASS	/root/rescripted_registry_n_review	english_source_context_family_review
block:block.waystones.yellow_sharestone	sha256:f93ee7f9cff3cbeace79a532674443ff420ff2632885d08ea826a24dcd7f8f9c	PASS	/root/rescripted_registry_n_review	english_source_context_family_review
block:block.woodenhopper.wooden_hopper	sha256:cdb8d65a974d8920d9c4e51ad94fa95970089bb79b7c44f50a84e6e440c61c9f	PASS	/root/rescripted_registry_n_review	english_source_context_family_review
item:block.neapolitan.adzuki_cake	sha256:6a0528574473e44a0221d2a6c9e77832249bb648ab5ae4f6a718f359334c17e6	PASS	/root/rescripted_registry_n_review	english_source_context_family_review
item:block.neapolitan.adzuki_crate	sha256:a14268e4b7f952c2c04339b95d8264d1d23c4186b3654d2efd74732c863b2b6c	PASS	/root/rescripted_registry_n_review	english_source_context_family_review
item:block.neapolitan.adzuki_ice_cream_block	sha256:702d21d532a7f1bd1225a6ad74116409c6ca4159adadc0628e114310ade0ed14	PASS	/root/rescripted_registry_n_review	english_source_context_family_review
item:block.neapolitan.adzuki_soil	sha256:70b7c59ad0c91741e6b14b3cd80e43e2b0f13c170fcc5b5f9779c721b93af354	PASS	/root/rescripted_registry_n_review	english_source_context_family_review
item:block.neapolitan.banana_bundle	sha256:a861f8f00e43ab612d289b11e31b73a8ec1d7c59ff1fe22e84b3c82f1e5d2963	PASS	/root/rescripted_registry_n_review	english_source_context_family_review
item:block.neapolitan.banana_cake	sha256:b8def65498e84870c4031588e62006f5f2d0e09685ae4ea2862fc0905fc36054	PASS	/root/rescripted_registry_n_review	english_source_context_family_review
item:block.neapolitan.banana_crate	sha256:dfeede1e89ea82eaa739e7c53ec74f0bb4719966a8d08d6e825d86a287eeb9aa	PASS	/root/rescripted_registry_n_review	english_source_context_family_review
item:block.neapolitan.banana_ice_cream_block	sha256:c7b471638dfad038a46988ff7f1257f48c8b2ce19ef745c49e758b24af92b1ae	PASS	/root/rescripted_registry_n_review	english_source_context_family_review
item:block.neapolitan.banana_stalk	sha256:2386ff2fc51154f005270f61bbb6b577a8c138270bc071b05eb7542714cb115e	PASS	/root/rescripted_registry_n_review	english_source_context_family_review
item:block.neapolitan.beanstalk	sha256:6a65119661a4581a61dabbae63ad47682c27879e77f525554d41bc19b730a17b	PASS	/root/rescripted_registry_n_review	english_source_context_family_review
item:block.neapolitan.beanstalk_thorns	sha256:a4c329e10a35bf71c988b985034a776e4e86dfc87a7f7618d437c11aea57bdcf	PASS	/root/rescripted_registry_n_review	english_source_context_family_review
item:block.neapolitan.carved_banana_stalk	sha256:bd489bc3cd1d95b32c588abc183e39509c9e85c8efbaf2b88d5e796413b6cbdf	PASS	/root/rescripted_registry_n_review	english_source_context_family_review
item:block.neapolitan.chimpanzee_head	sha256:5d96bfe24cc6f4416db8654313f3ccc8de82761a6d400e6e4862072bca1be6a9	PASS	/root/rescripted_registry_n_review	english_source_context_family_review
item:block.neapolitan.chiseled_chocolate_bricks	sha256:9311ea538eb77e4251088bdd65f9b9c677bdda93cb002a757e0d754b10d4d46a	PASS	/root/rescripted_registry_n_review	english_source_context_family_review
item:block.neapolitan.chocolate_block	sha256:10825cea77fe4d95c82417a1e328a4c3acb06de4c4049e38bd5d44448a1d3854	PASS	/root/rescripted_registry_n_review	english_source_context_family_review
item:block.neapolitan.chocolate_brick_slab	sha256:08a286698d6b17795c9e430f136b878dafa53c2981c8ae42311346f4f0038c7a	CHANGE	/root/rescripted_registry_n_review	english_source_context_family_review
item:block.neapolitan.chocolate_brick_stairs	sha256:12559afe6b7f33c7d99fb0559f0ef6184d70e78e13c6a1058cf64ea9a776a80d	PASS	/root/rescripted_registry_n_review	english_source_context_family_review
item:block.neapolitan.chocolate_brick_wall	sha256:2543e78319a29ac0acb97f7611138ce97c253872c07f2a9525d055e6632975e6	PASS	/root/rescripted_registry_n_review	english_source_context_family_review
item:block.neapolitan.chocolate_bricks	sha256:ede2c5ef0155e74097489a8aef4a9ba709c0933edaced63e0f794a037d544b16	PASS	/root/rescripted_registry_n_review	english_source_context_family_review
item:block.neapolitan.chocolate_cake	sha256:b2fbace58ecc2a29597367676beceafcb2895c26ca3767e6c3c281ac840ef3f8	PASS	/root/rescripted_registry_n_review	english_source_context_family_review
item:block.neapolitan.chocolate_ice_cream_block	sha256:7519ffefe69abadbe4378cc9fe79d82ebd11151b482908732fe45d337eccb55f	PASS	/root/rescripted_registry_n_review	english_source_context_family_review
item:block.neapolitan.chocolate_tile_slab	sha256:75c42d85e9009d0866b55c0543773ed47f078843d7f96e1c928cc5fabc4c24f6	PASS	/root/rescripted_registry_n_review	english_source_context_family_review
item:block.neapolitan.chocolate_tile_stairs	sha256:5ba3ac8f083458afd90d3414b19616bcf924ae982562296a57b91f9902fac69c	PASS	/root/rescripted_registry_n_review	english_source_context_family_review
item:block.neapolitan.chocolate_tile_wall	sha256:249864861e9f393a5019b5d4d2e14673824a5f4e7c2f049c847a75b3b490f44e	PASS	/root/rescripted_registry_n_review	english_source_context_family_review
item:block.neapolitan.chocolate_tiles	sha256:eb21bb8e214f1ec2adf16eec82275f8bfecd10f7e2716da736e7e1cb87ce538a	PASS	/root/rescripted_registry_n_review	english_source_context_family_review
item:block.neapolitan.dried_vanilla_pod_block	sha256:7150b604cf4ffee109a29691a040575654519a0619cad1b99c2fcdf19561718b	PASS	/root/rescripted_registry_n_review	english_source_context_family_review
item:block.neapolitan.frond_thatch	sha256:c23a11146d5e5cedd32a840ddafa273579858c8227079f3fe68aba7b10659aa5	PASS	/root/rescripted_registry_n_review	english_source_context_family_review
item:block.neapolitan.frond_thatch_slab	sha256:1bf9c4f42fdf5b897f66ea9eafb48384085fb1a9948900fcce4d8a899f721398	PASS	/root/rescripted_registry_n_review	english_source_context_family_review
item:block.neapolitan.frond_thatch_stairs	sha256:077ce3a9696684972636697bf2587e590928f6fa8e23e652cb4657a87181c801	PASS	/root/rescripted_registry_n_review	english_source_context_family_review
item:block.neapolitan.mint_basket	sha256:53b77ca01d2eebc5d89ee6bbef23fd714304315b44694f1d08ab1c7fc9f53ac5	PASS	/root/rescripted_registry_n_review	english_source_context_family_review
item:block.neapolitan.mint_cake	sha256:05ec69aeb57e4bb9836e6c338c2f647c007006bc5d253f9f847e5be31f4f2eda	PASS	/root/rescripted_registry_n_review	english_source_context_family_review
item:block.neapolitan.mint_ice_cream_block	sha256:30612e674964118845e9bb6f05255b5289abbfaca46efbf718d5414735f96f9a	PASS	/root/rescripted_registry_n_review	english_source_context_family_review
item:block.neapolitan.roasted_adzuki_crate	sha256:9e3485f01b819c2f73d418987d1657c363f803cfb36b69a975c5f2657e4f2c6e	PASS	/root/rescripted_registry_n_review	english_source_context_family_review
item:block.neapolitan.strawberry_basket	sha256:f29ed96ace39672206bfc7903841ff74d312fdca6def5b56e87cb563d294cb7a	PASS	/root/rescripted_registry_n_review	english_source_context_family_review
item:block.neapolitan.strawberry_cake	sha256:ce1572f0534e5299c4d3f35c5e8f82cfb2aaa3a0a07534d506281bf9aee7c803	PASS	/root/rescripted_registry_n_review	english_source_context_family_review
item:block.neapolitan.strawberry_ice_cream_block	sha256:473e8a18cf62f7c67786a699fae0e738371dd25cb9c566eb0396024e938d2a90	PASS	/root/rescripted_registry_n_review	english_source_context_family_review
item:block.neapolitan.vanilla_cake	sha256:ef8117895ff601e8d3f28ab96e9561e85a4d6d257c07fe1910feb091927d3f37	PASS	/root/rescripted_registry_n_review	english_source_context_family_review
item:block.neapolitan.vanilla_ice_cream_block	sha256:31828e2b23a32d82c2ef9dec56ce20ac41c97f41d11cf0c1c95399b8047fdbbd	PASS	/root/rescripted_registry_n_review	english_source_context_family_review
item:block.neapolitan.vanilla_pod_block	sha256:61e9fac22e82d2760d462190fed041b7254640615f392ae5734e340d7c4a7e80	PASS	/root/rescripted_registry_n_review	english_source_context_family_review
item:block.neapolitan.white_strawberry_basket	sha256:857ec281ce88ef6ae8ffdf73f3465b33db12b4eda6e1fdfc59ce4a604dfc7e34	PASS	/root/rescripted_registry_n_review	english_source_context_family_review
item:block.palegardenbackport.block_of_resin	sha256:da40cff5d17046939eb4ce85f4a7235025de6fbf291588c5993b9647f4142c00	PASS	/root/rescripted_registry_n_review	english_source_context_family_review
item:block.palegardenbackport.chiseled_resin_bricks	sha256:d54c5eb91fb82360afa1cc0c0f851ed2e7e5d1b72b9c26638c371878931f3509	PASS	/root/rescripted_registry_n_review	english_source_context_family_review
item:block.palegardenbackport.closed_eyeblossom	sha256:d72fe12bfca0825d52f254d3da3f34e71bc1907641d10bf8a16f60f90f602827	PASS	/root/rescripted_registry_n_review	english_source_context_family_review
item:block.palegardenbackport.creaking_heart	sha256:fe439d606eb5dba73e0326cec75fa15f192372f38a7294292db27674b41f2bbf	PASS	/root/rescripted_registry_n_review	english_source_context_family_review
item:block.palegardenbackport.open_eyeblossom	sha256:c90564c3ecbb7dc4ecabeaae0b857da8f466127e7f8684208f964867d37b8864	PASS	/root/rescripted_registry_n_review	english_source_context_family_review
item:block.palegardenbackport.pale_hanging_moss	sha256:dd00e53e2a80936c482671dba97a742fb4bef49bf91423fde2972a6283a09db2	PASS	/root/rescripted_registry_n_review	english_source_context_family_review
item:block.palegardenbackport.pale_moss_block	sha256:65a93051784ef17e1503ff9636d062618cff8173f74817e03889a4776f9f464c	PASS	/root/rescripted_registry_n_review	english_source_context_family_review
item:block.palegardenbackport.pale_moss_carpet	sha256:bffe8c0e5c67d17d029b934899746438620e5c5103a61587c3acb80e35c5c4be	PASS	/root/rescripted_registry_n_review	english_source_context_family_review
item:block.palegardenbackport.pale_oak_button	sha256:21de6d66529be26888536c3c3b98ee7d0d30a77354871255972a995b810a9228	PASS	/root/rescripted_registry_n_review	english_source_context_family_review
item:block.palegardenbackport.pale_oak_door	sha256:5f214abba9f7e287d93cab0f7056cdb0dc940cbbef8dfd4115df23bd0030e811	PASS	/root/rescripted_registry_n_review	english_source_context_family_review
item:block.palegardenbackport.pale_oak_fence	sha256:3d0282f83887d4f243c4340db2ef4f629005a253cfac7b2d747e129a589fe730	PASS	/root/rescripted_registry_n_review	english_source_context_family_review
item:block.palegardenbackport.pale_oak_fence_gate	sha256:003c66132bf0f2eaf505765868bf92eb3f3c28b401fbe59b1ea893069406b6a3	PASS	/root/rescripted_registry_n_review	english_source_context_family_review
item:block.palegardenbackport.pale_oak_hanging_sign	sha256:dcf27596e43ffc80cb3c2626797e5bee34f1005d46098e6550df6f14302c4f1b	PASS	/root/rescripted_registry_n_review	english_source_context_family_review
item:block.palegardenbackport.pale_oak_leaves	sha256:cac3a3da1788c5c192057468908810a0b7f6322571ff675c875e706801ef7c02	PASS	/root/rescripted_registry_n_review	english_source_context_family_review
item:block.palegardenbackport.pale_oak_log	sha256:7eab896d7cadcd0c038f46a0bf26bcdb52232887023e6aa037c245915c28234c	PASS	/root/rescripted_registry_n_review	english_source_context_family_review
item:block.palegardenbackport.pale_oak_planks	sha256:68f13261d68d8c70a32c2f164279f1c565fe85e2af603463e105104fda7fb4f5	PASS	/root/rescripted_registry_n_review	english_source_context_family_review
item:block.palegardenbackport.pale_oak_pressure_plate	sha256:19204d275f8ef7e6586099cbc7429f0edda1b460456db8302ce98c50995ec32d	PASS	/root/rescripted_registry_n_review	english_source_context_family_review
item:block.palegardenbackport.pale_oak_sapling	sha256:ab945ec2e2ada31cdf1e9001b2f4120ec4d7177093910e859fb9cef37d436302	PASS	/root/rescripted_registry_n_review	english_source_context_family_review
item:block.palegardenbackport.pale_oak_sign	sha256:d7bacc2e99a2e66ebbc8783bbb06938e712ba89cddf40dd22192aeb703ffd289	PASS	/root/rescripted_registry_n_review	english_source_context_family_review
item:block.palegardenbackport.pale_oak_slab	sha256:c0ab81bfc8ce1f11754867513bfd855c600e4690965d52054ee9ae1ace8442e3	PASS	/root/rescripted_registry_n_review	english_source_context_family_review
item:block.palegardenbackport.pale_oak_stairs	sha256:dcfeee25e924e295a192a7fa09c243594770dc09de06794a4dc6cef31e466f86	PASS	/root/rescripted_registry_n_review	english_source_context_family_review
item:block.palegardenbackport.pale_oak_trapdoor	sha256:3ec73542ce4b7a0ed8f2e8a202fdf124527a06679f68019cbb788dfe755a770b	PASS	/root/rescripted_registry_n_review	english_source_context_family_review
item:block.palegardenbackport.pale_oak_wood	sha256:67bb0b50110051106e214dbd01b3ba1ed0ef979f5d7960ad7c9a7765d9047773	PASS	/root/rescripted_registry_n_review	english_source_context_family_review
item:block.palegardenbackport.resin_brick_slab	sha256:31ffe5c701afaa63e934612549a8bfa9fef213aa8cfe489fbc5466d10f0601aa	PASS	/root/rescripted_registry_n_review	english_source_context_family_review
item:block.palegardenbackport.resin_brick_stairs	sha256:962f992270fbfd6211ca55e147283aec28d00a18d647956b5579416e46efb437	PASS	/root/rescripted_registry_n_review	english_source_context_family_review
item:block.palegardenbackport.resin_brick_wall	sha256:344ea4555308194b18eec823da575fdee12b8ffbeb9cc7d465cc7c825de5d772	PASS	/root/rescripted_registry_n_review	english_source_context_family_review
item:block.palegardenbackport.resin_bricks	sha256:a6b6e1590b55f7592b1f072df86951cea97d1ff9272ee0cfd519007a8ff120a7	PASS	/root/rescripted_registry_n_review	english_source_context_family_review
item:block.palegardenbackport.resin_clump	sha256:f2279a855699f88a5ed3358472b95706babc4bedf09230997e1931bdab35d6b3	PASS	/root/rescripted_registry_n_review	english_source_context_family_review
item:block.palegardenbackport.stripped_pale_oak_log	sha256:1cea123b7a7cd0b05e4210d96c12571949fb99221a11225c47e1fc7b298f138f	PASS	/root/rescripted_registry_n_review	english_source_context_family_review
item:block.palegardenbackport.stripped_pale_oak_wood	sha256:6c639497559f480aa04def137c3474b94bb81266a61878fff7d73c757593e978	PASS	/root/rescripted_registry_n_review	english_source_context_family_review
item:block.parcool.iron_zipline_hook	sha256:92c6bd7fad714deb350fcb88aaf1970be3ae88c636fab54660d841f8763f6a48	PASS	/root/rescripted_registry_n_review	english_source_context_family_review
item:block.parcool.wooden_zipline_hook	sha256:3a067364eb7207a99fae0e796c6aa12afe95daa3c95040030b7439acc2d6294c	PASS	/root/rescripted_registry_n_review	english_source_context_family_review
item:block.plushie_buddies.plushie_allay	sha256:cad8073519756d7c2880c3d3e31ce6d7b09d6f9c881f62e9280250636a07baa9	PASS	/root/rescripted_registry_n_review	english_source_context_family_review
item:block.plushie_buddies.plushie_armadillo	sha256:ba72e90c61f17d8fbca90b95cd120d317e99fec2838f3b90c7be5d868f379f7d	PASS	/root/rescripted_registry_n_review	english_source_context_family_review
item:block.plushie_buddies.plushie_axolotl	sha256:383901f67bff253ba4c19ebd249d4b1d3f32e6bbcc9338b876b119f1fbfccd26	PASS	/root/rescripted_registry_n_review	english_source_context_family_review
item:block.plushie_buddies.plushie_bat	sha256:0a5a01932bfb440ac383c0fbc56edd81e14daa8d2c0bf39b0569ab074f4268ac	PASS	/root/rescripted_registry_n_review	english_source_context_family_review
item:block.plushie_buddies.plushie_bee	sha256:e991f0ad564d972e8e6c53d86130eedbf5a4a7298d27c671378b2c9ec5d8cbb1	PASS	/root/rescripted_registry_n_review	english_source_context_family_review
item:block.plushie_buddies.plushie_blaze	sha256:07c657ea426e2b129b0ec3dd6cbed8caf9a7add760965cde21be6cd8ee5e53ae	PASS	/root/rescripted_registry_n_review	english_source_context_family_review
item:block.plushie_buddies.plushie_breeze	sha256:587010391af9841b73142eb7afea385bb677caa770e9729693028acf7edba81d	PASS	/root/rescripted_registry_n_review	english_source_context_family_review
item:block.plushie_buddies.plushie_camel	sha256:e80d982e80eae41b2e8283edde26857522bbbb4cfa63d0aad1bd0ea803197e9d	PASS	/root/rescripted_registry_n_review	english_source_context_family_review
item:block.plushie_buddies.plushie_cat	sha256:87a911bd2ccfb713dbef923fb8430246b0a583c2c448b02126518ddebb495a28	PASS	/root/rescripted_registry_n_review	english_source_context_family_review
item:block.plushie_buddies.plushie_cave_spider	sha256:6a2bad6148ff43d91e72254e74a8fd3f56a9edd831d23dc9f08d49fd65b904e6	PASS	/root/rescripted_registry_n_review	english_source_context_family_review
item:block.plushie_buddies.plushie_chewie	sha256:3c3752deeaad0b3868003b0a1a35985bf8003f8dfa38a90275a25894f543d0fd	PASS	/root/rescripted_registry_n_review	english_source_context_family_review
item:block.plushie_buddies.plushie_chicken	sha256:5a869db0f12db7364bd830f8eb97e574ca9d3b04e0c249395663a8f3d38e757a	PASS	/root/rescripted_registry_n_review	english_source_context_family_review
item:block.plushie_buddies.plushie_cow	sha256:0b29c18ef83bd9644f8cf45aac31c9de5b8833df474c2bcd8b3eb87eace2cde0	PASS	/root/rescripted_registry_n_review	english_source_context_family_review
item:block.plushie_buddies.plushie_creeper	sha256:9f7974301394a26511b6f74b2a992ddde4aeb61cd17ca2eb30d0a6805db901a6	PASS	/root/rescripted_registry_n_review	english_source_context_family_review
item:block.plushie_buddies.plushie_dan_rolo	sha256:189cee2783c2259739e4da8d62dc51e5677274ac25bd829aa30d9a1e692037e3	PASS	/root/rescripted_registry_n_review	english_source_context_family_review
item:block.plushie_buddies.plushie_dark_father	sha256:a48fd9c7e062275853ff3a449e6489d2054ec1741e2abd3c7c5e53966fb1aa57	PASS	/root/rescripted_registry_n_review	english_source_context_family_review
item:block.plushie_buddies.plushie_dolphin	sha256:c487d1493bb6333a0b20e22775cea841c0c83d9217fc6e7bd9e3fcf6a3df548b	PASS	/root/rescripted_registry_n_review	english_source_context_family_review
item:block.plushie_buddies.plushie_donkey	sha256:9df0d4023c243995814add087d075d19dfa1af82e4179fe1dd85ac3bb1901b4b	PASS	/root/rescripted_registry_n_review	english_source_context_family_review
item:block.plushie_buddies.plushie_drowned	sha256:3246da7f4d21868c4f57686822c41a2f1a4400df7ecb50fae1af58524d09d8a6	PASS	/root/rescripted_registry_n_review	english_source_context_family_review
item:block.plushie_buddies.plushie_elder_guardian	sha256:24fadf92708b469e7b9a7a1e409cae5ef25de9b81814fae6caf0c63deba636e6	PASS	/root/rescripted_registry_n_review	english_source_context_family_review
item:block.plushie_buddies.plushie_emperor	sha256:e782bb61c37bccbb2d7adcacae65b679c84c45a2285c43df124f1f3cb939d1d4	PASS	/root/rescripted_registry_n_review	english_source_context_family_review
item:block.plushie_buddies.plushie_enderdragon	sha256:427f6ad550c0eb30901c6f2cb8994d6c66ddc66da0f433455f5f45a32c493fbf	PASS	/root/rescripted_registry_n_review	english_source_context_family_review
item:block.plushie_buddies.plushie_enderman	sha256:100a6a6fef436582d6dee5533936d1124f50708017d1bfd185828bad628bb718	PASS	/root/rescripted_registry_n_review	english_source_context_family_review
item:block.plushie_buddies.plushie_evoker	sha256:bc3b93c5f28cffae4d0d1a5d641dbeae6fcab98b08a21f7b369d9ff27ef834dc	PASS	/root/rescripted_registry_n_review	english_source_context_family_review
item:block.plushie_buddies.plushie_fox	sha256:e9d247c10ca269d3673d722bed796192fce62a589515a0476f67463d89f34d18	PASS	/root/rescripted_registry_n_review	english_source_context_family_review
item:block.plushie_buddies.plushie_frog	sha256:e712d988094f64ef2c067251b935cb3f94ae6975706745d72de9e400ecddcf8c	PASS	/root/rescripted_registry_n_review	english_source_context_family_review
item:block.plushie_buddies.plushie_ghast	sha256:ac538521e43151b2b11cb1b23d97baefd026091c851ff53459977b6d68a998b9	PASS	/root/rescripted_registry_n_review	english_source_context_family_review
item:block.plushie_buddies.plushie_glow_squid	sha256:61dc73e4e0a070906aa1b53c089956dc61cf10e96634e0c82a981c867056dc5b	PASS	/root/rescripted_registry_n_review	english_source_context_family_review
item:block.plushie_buddies.plushie_goat	sha256:7dd62987b7f07dec6f089bd8bb1b697a5b996ec7bc6f9640347489c7ddc430a5	PASS	/root/rescripted_registry_n_review	english_source_context_family_review
item:block.plushie_buddies.plushie_guardian	sha256:d2c5f3318d791377388f2082d2a22bd162f36e1e155cf0cc4782c13d6ca9e75e	PASS	/root/rescripted_registry_n_review	english_source_context_family_review
item:block.plushie_buddies.plushie_hoglin	sha256:16647083d4653739e9514cb40f03601e9631efd2450d89afe0cfc01f6b8d9d8f	PASS	/root/rescripted_registry_n_review	english_source_context_family_review
item:block.plushie_buddies.plushie_horse	sha256:a937ea672eff306f8e7eaf4221b39c9f0804f37229b991eb592e3997f1b8f41c	PASS	/root/rescripted_registry_n_review	english_source_context_family_review
item:block.plushie_buddies.plushie_husk	sha256:dcf42ad0a33692338c8d07b8bb4b881ec4087a5284786f593d376c256898fe60	PASS	/root/rescripted_registry_n_review	english_source_context_family_review
item:block.plushie_buddies.plushie_iron_golem	sha256:521390c80e9669b77a87cc897f180aa88fd7e10241423e15c8192cd7937be955	PASS	/root/rescripted_registry_n_review	english_source_context_family_review
item:block.plushie_buddies.plushie_llama	sha256:29566b65f67fb49bffc325141e10b6a661cf39ddc5855de52d5f44eea2d08d37	PASS	/root/rescripted_registry_n_review	english_source_context_family_review
item:block.plushie_buddies.plushie_magma_cube	sha256:8b6addbfe61ea8b8b632b42332bab262772ca5bdc1f518f3b234bec58866f64f	PASS	/root/rescripted_registry_n_review	english_source_context_family_review
item:block.plushie_buddies.plushie_mooshroom	sha256:daa37115423280b15e3146bc44993df92e79580272824770d468b45ae1f5a33b	PASS	/root/rescripted_registry_n_review	english_source_context_family_review
item:block.plushie_buddies.plushie_mule	sha256:ebe997c67760cc1ca17b9ad6cf1050d0734f00d9688b84630c3b2c3bdda9a9d2	PASS	/root/rescripted_registry_n_review	english_source_context_family_review
item:block.plushie_buddies.plushie_panda	sha256:ace8abc8506f7f876d44f18740bc8471ce279a01cd0379fb574e7c86c381b433	PASS	/root/rescripted_registry_n_review	english_source_context_family_review
item:block.plushie_buddies.plushie_parrot	sha256:d4f7fed30aef2b96c4ce103035596803db2a439c1aa07c70ef533d14c304b5e9	PASS	/root/rescripted_registry_n_review	english_source_context_family_review
item:block.plushie_buddies.plushie_peter	sha256:55f8ecd09c344a82eec96f139377056404e32f38264120bd329b2dfa3fbca2c8	PASS	/root/rescripted_registry_n_review	english_source_context_family_review
item:block.plushie_buddies.plushie_phantom	sha256:172708dc1fcef6bbd7953228f5f65068c38bec2bb69491fc98bde61aad27dd4b	PASS	/root/rescripted_registry_n_review	english_source_context_family_review
item:block.plushie_buddies.plushie_pig	sha256:17830528e385539278106107a79fdfcfb039ef6bf1d4f5326480b3df08f3ffb0	PASS	/root/rescripted_registry_n_review	english_source_context_family_review
item:block.plushie_buddies.plushie_piglin	sha256:c7da22b46bb8ced8fe0c483c19362f0d1a033371729f4e928f73438e775ff8a8	PASS	/root/rescripted_registry_n_review	english_source_context_family_review
item:block.plushie_buddies.plushie_piglin_brute	sha256:c5c92b8e94f1a4db86d589f05bb182f4360776d6ace4dc292d4709c714191d6f	PASS	/root/rescripted_registry_n_review	english_source_context_family_review
item:block.plushie_buddies.plushie_pillager	sha256:3e9300cb69596bdd98b4032e75df17b70a601b7574fb91bfaff6eaf01a8647e2	PASS	/root/rescripted_registry_n_review	english_source_context_family_review
item:block.plushie_buddies.plushie_polar_bear	sha256:343560218d8e6be029ac6a4e54485ab94209975d5a7e9d3c4dea986fb7c3a39e	PASS	/root/rescripted_registry_n_review	english_source_context_family_review
item:block.plushie_buddies.plushie_pufferfish	sha256:c5c73de28cce46db6100c02d09a84ec2a4524d440d16af0ed9fdfad97679fb31	PASS	/root/rescripted_registry_n_review	english_source_context_family_review
item:block.plushie_buddies.plushie_rabbit	sha256:9a54e22a144c593cd15e245742dd06b6752ff00c5be714f094f6b34eedf0245e	PASS	/root/rescripted_registry_n_review	english_source_context_family_review
item:block.plushie_buddies.plushie_ravanger	sha256:14991bdbe07623e6f268e3aac46b914f1a2bd99ceb0944650730bacb6ae11e1e	PASS	/root/rescripted_registry_n_review	english_source_context_family_review
item:block.plushie_buddies.plushie_sheep	sha256:5cb91b77f378fe43ea13f4ce8ee2eea96d28aa04b1834638d210644b86536ef5	PASS	/root/rescripted_registry_n_review	english_source_context_family_review
item:block.plushie_buddies.plushie_shulker	sha256:9bfe998eea176d19099b04abb50026aa4b53f5faff5da273697cc5746c482435	PASS	/root/rescripted_registry_n_review	english_source_context_family_review
item:block.plushie_buddies.plushie_skeleton	sha256:34db910d921cdbadf4ca2a7093a8cb48b3587509c75620e19b3cb2bc9a1ac5a8	PASS	/root/rescripted_registry_n_review	english_source_context_family_review
item:block.plushie_buddies.plushie_skeleton_horse	sha256:d688c0d4de91d89aa76c0b3ad58031557868f2fc1a33a93c197de52d66de2945	PASS	/root/rescripted_registry_n_review	english_source_context_family_review
item:block.plushie_buddies.plushie_slime	sha256:1831d942df8e58e4fba6fcd392a6a86757ea782d2e35c2f76e1fd613f7fd0a47	PASS	/root/rescripted_registry_n_review	english_source_context_family_review
item:block.plushie_buddies.plushie_sniffer	sha256:9afbae351c0d991b3c56922ad7ba0d0768c913178bca843211a9127e54bee269	PASS	/root/rescripted_registry_n_review	english_source_context_family_review
item:block.plushie_buddies.plushie_spider	sha256:21acfa3553400ddd410372f8ca4b8f466725fae644395a173edd138813bb3bc2	PASS	/root/rescripted_registry_n_review	english_source_context_family_review
item:block.plushie_buddies.plushie_squid	sha256:bfb3e1e12b9e79b5e83637e78c7b9392a973ef06e5e2b8edd0d1d1a58c9927f1	PASS	/root/rescripted_registry_n_review	english_source_context_family_review
item:block.plushie_buddies.plushie_storm_soldier	sha256:b864c7cfc49c37ba7f5d5cd1b99a631366d441cd76388aeff5361566f71752cd	PASS	/root/rescripted_registry_n_review	english_source_context_family_review
item:block.plushie_buddies.plushie_stray	sha256:189fdb7ed667b7ebab832a8e85d5738dcfe263f27f28039982dd628da8fc22ee	PASS	/root/rescripted_registry_n_review	english_source_context_family_review
item:block.plushie_buddies.plushie_strider	sha256:34f106542ebf00de00fa6bfbb1291774dfb50678953d079426239025f21d23dd	PASS	/root/rescripted_registry_n_review	english_source_context_family_review
item:block.plushie_buddies.plushie_trader_lama	sha256:a8070edb2863c1c02eb99a8a800e52b9a7adf08f02f9d598fd5b8e0759c92b04	PASS	/root/rescripted_registry_n_review	english_source_context_family_review
item:block.plushie_buddies.plushie_turtle	sha256:16360fa8017289de8ab3710e3699c7d9af03cd133e4ec1bdf26833eabfa67a9a	PASS	/root/rescripted_registry_n_review	english_source_context_family_review
item:block.plushie_buddies.plushie_vex	sha256:f424e1346daf0608d45d906c61b0ee1a579b47d70f9e780bcb975e11fd73b366	PASS	/root/rescripted_registry_n_review	english_source_context_family_review
item:block.plushie_buddies.plushie_villager	sha256:8c4fbc1434ac24b1d6aff73fe4b4bdd104e6737fe58523abdbf90f6448085685	PASS	/root/rescripted_registry_n_review	english_source_context_family_review
item:block.plushie_buddies.plushie_vindicator	sha256:c7ca55511d2692626218d72b8d1157499a711377511f569d7f45cfacb5386774	PASS	/root/rescripted_registry_n_review	english_source_context_family_review
item:block.plushie_buddies.plushie_wandering_trader	sha256:dc00f8a885cc6c1884886dd7b39465b742211d5030b1939d5ae37ec7e2a41ca6	PASS	/root/rescripted_registry_n_review	english_source_context_family_review
item:block.plushie_buddies.plushie_warden	sha256:5eeff64370df230246441def6022602b5169363ba48a6df3c4edfa25b043bfdc	PASS	/root/rescripted_registry_n_review	english_source_context_family_review
item:block.plushie_buddies.plushie_witch	sha256:42af8154616cf07e960991fc6bb84d2be6d782b038b8870206639c51efc0058c	PASS	/root/rescripted_registry_n_review	english_source_context_family_review
item:block.plushie_buddies.plushie_wither	sha256:d780dbbb380537d74116b99eab2c1008d9513c1a7501c2074df521397469e408	PASS	/root/rescripted_registry_n_review	english_source_context_family_review
item:block.plushie_buddies.plushie_wither_skeleton	sha256:b3e736b015bb5a5df54864b869edd801b07f56b8691fff3c75b4ad2a6b50d512	PASS	/root/rescripted_registry_n_review	english_source_context_family_review
item:block.plushie_buddies.plushie_wolf	sha256:bbbe733c45876201b4ffd3bd35185fad1e263c001051b021da77739f930ddb9b	PASS	/root/rescripted_registry_n_review	english_source_context_family_review
item:block.plushie_buddies.plushie_yoga	sha256:4b05435289d13c6dfd086fc185f5fa3107a88f6e8a71bc98faa761f6357e92ca	PASS	/root/rescripted_registry_n_review	english_source_context_family_review
item:block.plushie_buddies.plushie_zoglin	sha256:7546dca62eb602b40f9c44bc9085026b2cd0caa121dc4995d10e35a92f08fcbf	PASS	/root/rescripted_registry_n_review	english_source_context_family_review
item:block.plushie_buddies.plushie_zombie	sha256:be64cc8ba470b7453ef1086b30f70466db809df53841389029117c76786c031d	PASS	/root/rescripted_registry_n_review	english_source_context_family_review
item:block.plushie_buddies.plushie_zombie_villager	sha256:f7ca7c28ea01aeb0bd7a78c5e6179553ece4e469c70e88f8898862c4a56b0b11	PASS	/root/rescripted_registry_n_review	english_source_context_family_review
item:block.plushie_buddies.plushie_zombified_piglin	sha256:1d5d0adc065304131e7d85d1a6d03922cc3d6ade6609af52334c3752c9067bde	PASS	/root/rescripted_registry_n_review	english_source_context_family_review
item:block.plushie_buddies.workbench	sha256:12a193c2d8c0512771d75d2d94a84323b987479e0cccfcbfc1a20b0881b7713c	PASS	/root/rescripted_registry_n_review	english_source_context_family_review
item:block.refurbished_furniture.acacia_basin	sha256:5be155d7c6193e284e99906d5089f858f47effcd4dbc003fbd0bdfc160a31b02	PASS	/root/rescripted_registry_n_review	english_source_context_family_review
item:block.refurbished_furniture.acacia_bath	sha256:fccbbc768c2664ec11bcb9466afde26dade8754651d0bb82b76ba594949f9258	PASS	/root/rescripted_registry_n_review	english_source_context_family_review
item:block.refurbished_furniture.acacia_chair	sha256:165041ab2dc7d71b2ffefca37a4584fa7014ebdfd274cdb7803d1a0b9b6a5198	PASS	/root/rescripted_registry_n_review	english_source_context_family_review
item:block.refurbished_furniture.acacia_crate	sha256:13a25b5849e25a54f14349b0f44ec143e80e0ad4a89d49ba4a0728f9f651e71a	PASS	/root/rescripted_registry_n_review	english_source_context_family_review
item:block.refurbished_furniture.acacia_cutting_board	sha256:b2e2b7aa15d009621cc86cbe33b2f8f7ba4970e89b13ef21b0b3b6bd2cba60b8	PASS	/root/rescripted_registry_n_review	english_source_context_family_review
item:block.refurbished_furniture.acacia_dark_ceiling_fan	sha256:b38da3cb1f78171dd3af2f8244fc1a4cf5f7d4e78f811adea95ca3948168337f	PASS	/root/rescripted_registry_n_review	english_source_context_family_review
item:block.refurbished_furniture.acacia_desk	sha256:d05891f9987fa08920f62368e6f38506eeccbc6d16854888f18b111e9d6b1a22	PASS	/root/rescripted_registry_n_review	english_source_context_family_review
item:block.refurbished_furniture.acacia_drawer	sha256:219c63a9497defc3778f02f414f8ece29eb09ec9027b428c7057095454a88930	PASS	/root/rescripted_registry_n_review	english_source_context_family_review
item:block.refurbished_furniture.acacia_hedge	sha256:422e5cbfc4c38d70fe8d8b950e7a9711598d52939e5500c4ed3958d0df48f6f7	PASS	/root/rescripted_registry_n_review	english_source_context_family_review
item:block.refurbished_furniture.acacia_kitchen_cabinetry	sha256:68349675e9eceec5d07db121ceb00712ddf31b580ed23b07ffe509ff278f0bd5	PASS	/root/rescripted_registry_n_review	english_source_context_family_review
item:block.refurbished_furniture.acacia_kitchen_drawer	sha256:5b4dd3ea12057b6da91f1c9ebdefe561d41b3f2fef7af5e8ae587f8c98ab08c5	PASS	/root/rescripted_registry_n_review	english_source_context_family_review
item:block.refurbished_furniture.acacia_kitchen_sink	sha256:674a0337d1ff04f03c0e3d3ab9074f9f5a2125b313c832b1eed8d41df639e5b2	PASS	/root/rescripted_registry_n_review	english_source_context_family_review
item:block.refurbished_furniture.acacia_kitchen_storage_cabinet	sha256:2f48f629ce95940231d0dc8c615a23479e896804af3612fbeff2781f5243881e	PASS	/root/rescripted_registry_n_review	english_source_context_family_review
item:block.refurbished_furniture.acacia_lattice_fence	sha256:9941356a601c70e94fc7824fa8a39104ab535ae1f518fe4689374ddb26af5f28	PASS	/root/rescripted_registry_n_review	english_source_context_family_review
item:block.refurbished_furniture.acacia_lattice_fence_gate	sha256:7444f4d23791d98b0835226ea8560670f1fa1396911d38033c589731887ac019	PASS	/root/rescripted_registry_n_review	english_source_context_family_review
item:block.refurbished_furniture.acacia_light_ceiling_fan	sha256:e0d52aef7f8ec1dd57b030ce4f871a3fc3062b358a7b3fb3cf48c1050465d4a0	PASS	/root/rescripted_registry_n_review	english_source_context_family_review
item:block.refurbished_furniture.acacia_mail_box	sha256:1edec782c00c9b796d3768da5687db55a2d4d5a4f4ddf9bda990333ce8d44f20	PASS	/root/rescripted_registry_n_review	english_source_context_family_review
item:block.refurbished_furniture.acacia_storage_cabinet	sha256:8b4015d82ae92374fccb09a9933cd9e6c17d2a18167ed11d9c08567cc1853bd5	PASS	/root/rescripted_registry_n_review	english_source_context_family_review
item:block.refurbished_furniture.acacia_storage_jar	sha256:eb6cbfa1b30ece8836b7619de1c825b158b991c6735006618c7d0ee631e757e4	PASS	/root/rescripted_registry_n_review	english_source_context_family_review
item:block.refurbished_furniture.acacia_table	sha256:a23b9e709f1113d9d35e51c351553b320e817c2349aac553670b9f69107cebe6	PASS	/root/rescripted_registry_n_review	english_source_context_family_review
item:block.refurbished_furniture.acacia_toilet	sha256:47e9d915d73f61b633995f80e53ed933def17bffda4425ec7392b157b38ae393	PASS	/root/rescripted_registry_n_review	english_source_context_family_review
item:block.refurbished_furniture.andesite_stepping_stones	sha256:f47d5623a29b9e36bc066f05a12c6002a190412bb5ce3ed0113883d22de57bb4	PASS	/root/rescripted_registry_n_review	english_source_context_family_review
item:block.refurbished_furniture.azalea_hedge	sha256:aae86d9d0001a94afb4bf3a616b5abb7fbea0bc039dcd91aded938acbc055c53	PASS	/root/rescripted_registry_n_review	english_source_context_family_review
item:block.refurbished_furniture.birch_basin	sha256:f30fabbb61d8b1218eea571716538348334877a3ca385c5ba355f7e1c6b54e44	PASS	/root/rescripted_registry_n_review	english_source_context_family_review
item:block.refurbished_furniture.birch_bath	sha256:59d23ce55d8a4b00a4e6202e14ff3c287780d1cab302a98a1c3e8b78bcb6ce8b	PASS	/root/rescripted_registry_n_review	english_source_context_family_review
item:block.refurbished_furniture.birch_chair	sha256:1cf891df1dd2b5bafa657796ad2c062b0acebe8cf4e6d288a7a6ee6dfa639e30	PASS	/root/rescripted_registry_n_review	english_source_context_family_review
item:block.refurbished_furniture.birch_crate	sha256:4eb5531d3e8c6ea2c3af16b82e787654fb96487628d986a6d08d7a5c97999288	PASS	/root/rescripted_registry_n_review	english_source_context_family_review
item:block.refurbished_furniture.birch_cutting_board	sha256:69fb173edf0de68c0d9acc5139c9b66ce942a55bedc9ed5f5e191db85200cd88	PASS	/root/rescripted_registry_n_review	english_source_context_family_review
item:block.refurbished_furniture.birch_dark_ceiling_fan	sha256:3846bb522f4a766bea81530bc4dead1bf4d65c0b00f72ea430a80e553e80dad2	PASS	/root/rescripted_registry_n_review	english_source_context_family_review
item:block.refurbished_furniture.birch_desk	sha256:47373244c3534f15e446414a948d1653b0c122eb374729e1d4d25d6b9db39fcf	PASS	/root/rescripted_registry_n_review	english_source_context_family_review
item:block.refurbished_furniture.birch_drawer	sha256:0d81e2dd3db6e664ea989d96a0e61eb9009c07e13986f4df9088862d29b31170	PASS	/root/rescripted_registry_n_review	english_source_context_family_review
item:block.refurbished_furniture.birch_hedge	sha256:279c21899d867c7eee09f56923a241e943435bb7c3394f95734a5e596a60cd5e	PASS	/root/rescripted_registry_n_review	english_source_context_family_review
item:block.refurbished_furniture.birch_kitchen_cabinetry	sha256:001ee7df44bae34c2b93b08a7ecef6742d71e6477bb876c5a30cb49c466d80c2	PASS	/root/rescripted_registry_n_review	english_source_context_family_review
item:block.refurbished_furniture.birch_kitchen_drawer	sha256:278ef3387f3b9357f2dc87670de32a1e50ccd6f3732259032ae237af79e28ff2	PASS	/root/rescripted_registry_n_review	english_source_context_family_review
item:block.refurbished_furniture.birch_kitchen_sink	sha256:273878857e96c63ef95baa6436847dbb6f03692a6fe43838254bdb69f4645057	PASS	/root/rescripted_registry_n_review	english_source_context_family_review
item:block.refurbished_furniture.birch_kitchen_storage_cabinet	sha256:139cca25bb7a80caa98bf96c8c855b7b6dccc923919c5f4d6d6bc9c6094949af	PASS	/root/rescripted_registry_n_review	english_source_context_family_review
item:block.refurbished_furniture.birch_lattice_fence	sha256:a633dd908ff65e9e75daa63c60bdf90194d68ca6e1273b40e8a11d28aeb96acf	PASS	/root/rescripted_registry_n_review	english_source_context_family_review
item:block.refurbished_furniture.birch_lattice_fence_gate	sha256:32ca70884215d0ed954270869b768dee03ac9691a3855e94d43310dc0c3e1c36	PASS	/root/rescripted_registry_n_review	english_source_context_family_review
item:block.refurbished_furniture.birch_light_ceiling_fan	sha256:aec2fe8a0ca42e9c88f0b552fec20ccfb87c650f58c34917a9201b353da82f6d	PASS	/root/rescripted_registry_n_review	english_source_context_family_review
item:block.refurbished_furniture.birch_mail_box	sha256:ebb22f811e030489158bb0426b17eada9d11a21214984a25b25ed0608720c04f	PASS	/root/rescripted_registry_n_review	english_source_context_family_review
item:block.refurbished_furniture.birch_storage_cabinet	sha256:887c4d9cc095011f031585ec011e1d949070fc082727b52759fd4b3497d6c878	PASS	/root/rescripted_registry_n_review	english_source_context_family_review
item:block.refurbished_furniture.birch_storage_jar	sha256:392b0f4fd424370bf12adcf65d92f561ae56be53d3c6a9381707dc0793b21e09	PASS	/root/rescripted_registry_n_review	english_source_context_family_review
item:block.refurbished_furniture.birch_table	sha256:6cd8d030cf05a22ef446acc8a79e4a6b8216427bf5158e7443202016336be237	PASS	/root/rescripted_registry_n_review	english_source_context_family_review
item:block.refurbished_furniture.birch_toilet	sha256:0f29206c7bbbe050b76945c124ec73b9c2f92128aabae63d5a630a551e95f61a	PASS	/root/rescripted_registry_n_review	english_source_context_family_review
item:block.refurbished_furniture.black_basin	sha256:63df1e7b1cd6e6727f74fa5afd90fa48e1d0518c09d591c867aab57d98fcd3fb	PASS	/root/rescripted_registry_n_review	english_source_context_family_review
item:block.refurbished_furniture.black_bath	sha256:de9111331afef5cbca5f2226deac122aecbc7e557e86ef23d0eabaf5338fe42d	PASS	/root/rescripted_registry_n_review	english_source_context_family_review
item:block.refurbished_furniture.black_cooler	sha256:7a06d340184bd81c2ffdbc6c79af1c79b3d49bcc7579d875c77174a0bc20b131	PASS	/root/rescripted_registry_n_review	english_source_context_family_review
item:block.refurbished_furniture.black_grill	sha256:8cbffbcd502bc9f1aeb2032bbfeaac3f04da4a22823a69c69ef42c48e63b6cb4	PASS	/root/rescripted_registry_n_review	english_source_context_family_review
item:block.refurbished_furniture.black_kitchen_cabinetry	sha256:9d599bd792638232bfaf359bfbec3b324325c4635e8d0724443d7320ae648956	PASS	/root/rescripted_registry_n_review	english_source_context_family_review
item:block.refurbished_furniture.black_kitchen_drawer	sha256:7a97457b8877ba0256046a280fc3e9b58c1e4bd2c69c51ad1d1f5f898482bbc2	PASS	/root/rescripted_registry_n_review	english_source_context_family_review
item:block.refurbished_furniture.black_kitchen_sink	sha256:9fcea2565c6e2682e283595ce0db6e7457ec38f4d4962ef906ff8afecff8296f	PASS	/root/rescripted_registry_n_review	english_source_context_family_review
item:block.refurbished_furniture.black_kitchen_storage_cabinet	sha256:b3369f7aa607e77ab7dfadffa3205b80fc1fe6577db9a18ffecf66597de3e3f2	PASS	/root/rescripted_registry_n_review	english_source_context_family_review
item:block.refurbished_furniture.black_lamp	sha256:9da415ce5ce2f1f259e1dd87cfc28d70ccd3489c29b34a698e4ba2dfdb627f60	PASS	/root/rescripted_registry_n_review	english_source_context_family_review
item:block.refurbished_furniture.black_sofa	sha256:f0fadbe05218980bc5b33117255673e612dba937c60efc2937a9685e09a1253e	PASS	/root/rescripted_registry_n_review	english_source_context_family_review
item:block.refurbished_furniture.black_stool	sha256:c2a9752ff75690576679dc6ef01a7f3d9249aa9b07140c9758f6138bceceea20	PASS	/root/rescripted_registry_n_review	english_source_context_family_review
item:block.refurbished_furniture.black_toilet	sha256:ea89c71b61872a5f449c47656f70fcc55f5aa536927ef2591b699f5340693df2	PASS	/root/rescripted_registry_n_review	english_source_context_family_review
item:block.refurbished_furniture.black_trampoline	sha256:9c315967da231cc14562718fedc98c9903473cb26e97d7680871498f00754bc4	PASS	/root/rescripted_registry_n_review	english_source_context_family_review
item:block.refurbished_furniture.blue_basin	sha256:24ae1df5bce6c50ca17bdbc3b5a9dfbd75d011289d66e0e1ef673c5792423f59	PASS	/root/rescripted_registry_n_review	english_source_context_family_review
item:block.refurbished_furniture.blue_bath	sha256:1aa7d3bc8fd88ee9a55b3482ec984d5e940e5944ea3e96d07e75fd27989297eb	PASS	/root/rescripted_registry_n_review	english_source_context_family_review
item:block.refurbished_furniture.blue_cooler	sha256:ac0b7a3ea1fef6deb2cbab9d7f1f2abdaaac42720f811456ed80619498e309ca	PASS	/root/rescripted_registry_n_review	english_source_context_family_review
item:block.refurbished_furniture.blue_grill	sha256:bba81b40bc49c87728a539fca6a8b6725763aa368c5a46ea8af33ec847452625	PASS	/root/rescripted_registry_n_review	english_source_context_family_review
item:block.refurbished_furniture.blue_kitchen_cabinetry	sha256:a8592d4ea4987484ca6e4edec9e315d5bf59cf83c7a6e5879eb44986c63ce2cd	PASS	/root/rescripted_registry_n_review	english_source_context_family_review
item:block.refurbished_furniture.blue_kitchen_drawer	sha256:0f25cc52d9f4ed386fe5cd2f08460b22fc93c68045c5cce8cebcb110f490b6e7	PASS	/root/rescripted_registry_n_review	english_source_context_family_review
item:block.refurbished_furniture.blue_kitchen_sink	sha256:f980ee31ef3dffa383cf70bd5f43feb3cdd9e6d71f6eaea0770109fcdb759fde	PASS	/root/rescripted_registry_n_review	english_source_context_family_review
item:block.refurbished_furniture.blue_kitchen_storage_cabinet	sha256:e701dcc0101072363ef336e0efaebcdd66e1efc9d3e610781360ecf577c3f209	PASS	/root/rescripted_registry_n_review	english_source_context_family_review
item:block.refurbished_furniture.blue_lamp	sha256:e2105d7e78df339c49a491f77e1affd1e86e645a48f046677466593a86275a98	PASS	/root/rescripted_registry_n_review	english_source_context_family_review
item:block.refurbished_furniture.blue_sofa	sha256:14b5adb4645b6ffd0ada95430fa17789ca4e02b1cef11187eccb7abeccb096d7	PASS	/root/rescripted_registry_n_review	english_source_context_family_review
item:block.refurbished_furniture.blue_stool	sha256:8b62eb82ed82472e14d9af7b20b6480602b021aa27e910f34887e1f6d75db85a	PASS	/root/rescripted_registry_n_review	english_source_context_family_review
item:block.refurbished_furniture.blue_toilet	sha256:04612d59985f92b87677b1eb7f88c7612a07cb81d919ad02b2fdd828035ea8d9	PASS	/root/rescripted_registry_n_review	english_source_context_family_review
item:block.refurbished_furniture.blue_trampoline	sha256:5611df68ea2962d8af34232d3ac9d66d3ad520f92190ee63c8c08f88df607542	PASS	/root/rescripted_registry_n_review	english_source_context_family_review
item:block.refurbished_furniture.brown_basin	sha256:a1a65ae7880c5877438c6a0bbb187d745c0a07f43205201c7c5969e3d9a6e13a	PASS	/root/rescripted_registry_n_review	english_source_context_family_review
item:block.refurbished_furniture.brown_bath	sha256:9a8d43187811e334a28e0620e9b5133e6c6e4699a3f3056af31357d7eb7aed83	PASS	/root/rescripted_registry_n_review	english_source_context_family_review
item:block.refurbished_furniture.brown_cooler	sha256:2784c42c19bde046602a5f3cea75bed40567f2668911bdf659a4f0604899f33b	PASS	/root/rescripted_registry_n_review	english_source_context_family_review
item:block.refurbished_furniture.brown_grill	sha256:2bcce20cb9a66e3a90bf8adf62a7a5f7372235e13f0ae68ac0aa7943c7962a4b	PASS	/root/rescripted_registry_n_review	english_source_context_family_review
item:block.refurbished_furniture.brown_kitchen_cabinetry	sha256:745ceda0efb3a1030bbd348bdb48054e8267d57e2309e0433a7cc469b062ec47	PASS	/root/rescripted_registry_n_review	english_source_context_family_review
item:block.refurbished_furniture.brown_kitchen_drawer	sha256:784bf9c52d6df4a4acb5ad4e8d7af9a67a4f5eb7555339bf55a85548c1480ba6	PASS	/root/rescripted_registry_n_review	english_source_context_family_review
item:block.refurbished_furniture.brown_kitchen_sink	sha256:f363215a38c745b86f97e181d9ca22371710250215ec66a0b6264543d9b0f722	PASS	/root/rescripted_registry_n_review	english_source_context_family_review
item:block.refurbished_furniture.brown_kitchen_storage_cabinet	sha256:742b7dc769e15b76a2da0f292c4881ea3ba05b990b5c66aaeefbfe9b33dad7e8	PASS	/root/rescripted_registry_n_review	english_source_context_family_review
item:block.refurbished_furniture.brown_lamp	sha256:53e3ff80ad34dca511fb9bf003bacabc4ef2be366e741b489fa927ede9c59fac	PASS	/root/rescripted_registry_n_review	english_source_context_family_review
item:block.refurbished_furniture.brown_sofa	sha256:0f1ab7cfd8276fa9050128eb58a104387bd359c280d22af51bf80a813f7089f0	PASS	/root/rescripted_registry_n_review	english_source_context_family_review
item:block.refurbished_furniture.brown_stool	sha256:4b88394f32597b9280ee210da27377c3ffe7fbd029d907d9c07085b61b421645	PASS	/root/rescripted_registry_n_review	english_source_context_family_review
item:block.refurbished_furniture.brown_toilet	sha256:f3ddd14e73c843de77908cb4cc77eddd0f2dec074d8020602ce8242649c38606	PASS	/root/rescripted_registry_n_review	english_source_context_family_review
item:block.refurbished_furniture.brown_trampoline	sha256:ff6f6131088a77f66c2e7c081fc99c45382ac7bdf5393f62cc96fccc21ddf041	PASS	/root/rescripted_registry_n_review	english_source_context_family_review
item:block.refurbished_furniture.cherry_basin	sha256:d5eb8f69edbb97af76a9beb317912c416a53661a3fcc01b4b79969e0fdba3b0b	PASS	/root/rescripted_registry_n_review	english_source_context_family_review
item:block.refurbished_furniture.cherry_bath	sha256:1668cd2b71525dc4fcf54c4af695cfd878d076ee988c8a044180cba1a93e3423	PASS	/root/rescripted_registry_n_review	english_source_context_family_review
item:block.refurbished_furniture.cherry_chair	sha256:c30229552baa002c5a8f8a10b247595fabf0b7a969d0d55412d38fa60468104f	PASS	/root/rescripted_registry_n_review	english_source_context_family_review
item:block.refurbished_furniture.cherry_crate	sha256:41709cdb3857f077807fd5a9aa7c36fc5ddb17f37e742a2c11a06dec648677da	PASS	/root/rescripted_registry_n_review	english_source_context_family_review
item:block.refurbished_furniture.cherry_cutting_board	sha256:76fc5887ebbc0b9751e3b1f0d277a1233c62ebc8a892ec4f3fc2e122b22081db	PASS	/root/rescripted_registry_n_review	english_source_context_family_review
item:block.refurbished_furniture.cherry_dark_ceiling_fan	sha256:fba56594c03f1feb430e76416b16d4aca1e4074aa8ec91a47029d4face9fa90f	PASS	/root/rescripted_registry_n_review	english_source_context_family_review
item:block.refurbished_furniture.cherry_desk	sha256:29f7d90fc8da9ca6a7a19995d64eceba74abd64282833c8ccd84f5207624d202	PASS	/root/rescripted_registry_n_review	english_source_context_family_review
item:block.refurbished_furniture.cherry_drawer	sha256:eb926c4158e8e9afa4b326e7923599e384f9f02571f6014f1e93ca566edffdd6	PASS	/root/rescripted_registry_n_review	english_source_context_family_review
item:block.refurbished_furniture.cherry_hedge	sha256:9391cca601ad38d762c8022e836cd8e455c0d4472b8bd6ca6f5592934d8b3b75	PASS	/root/rescripted_registry_n_review	english_source_context_family_review
item:block.refurbished_furniture.cherry_kitchen_cabinetry	sha256:b976ba1261c879366a2a55fbd5a4d02ffc542a186625f54c189135d4099017c4	PASS	/root/rescripted_registry_n_review	english_source_context_family_review
item:block.refurbished_furniture.cherry_kitchen_drawer	sha256:b2ba9dff8d82142cbdd8debebecc7e24d2eed06cb313d3e830f702d97bf6b748	PASS	/root/rescripted_registry_n_review	english_source_context_family_review
item:block.refurbished_furniture.cherry_kitchen_sink	sha256:5dfeac20c98feed6f4530fff329d8545f7ed78627e0adb4dce076168b4cd372a	PASS	/root/rescripted_registry_n_review	english_source_context_family_review
item:block.refurbished_furniture.cherry_kitchen_storage_cabinet	sha256:b152d37946d6b1c8474fc68348e40eb4b2b3281c64df8be9c4debd6674eee044	PASS	/root/rescripted_registry_n_review	english_source_context_family_review
item:block.refurbished_furniture.cherry_lattice_fence	sha256:f11bdf5123a98f3daeec3d0ea0802aa47a24c4e501f5812aa329634bd960967c	PASS	/root/rescripted_registry_n_review	english_source_context_family_review
item:block.refurbished_furniture.cherry_lattice_fence_gate	sha256:9b07405122cfad035547dcfd4fa0caaa8ee7fcab92b2904d03dc8571097eae18	PASS	/root/rescripted_registry_n_review	english_source_context_family_review
item:block.refurbished_furniture.cherry_light_ceiling_fan	sha256:4e89dc284eb2478f6130fe67a52f9644caef1c699ab8c3149457529628a5032b	PASS	/root/rescripted_registry_n_review	english_source_context_family_review
item:block.refurbished_furniture.cherry_mail_box	sha256:20fd92d8bacce26f8d78da738b852b3fe1fa1beb2b08133518cccf66a1a41c24	PASS	/root/rescripted_registry_n_review	english_source_context_family_review
item:block.refurbished_furniture.cherry_storage_cabinet	sha256:fbd414d09b0bb6358298cdd7f996938f076c1f2117c66fb37c9a6b4efea081cf	PASS	/root/rescripted_registry_n_review	english_source_context_family_review
item:block.refurbished_furniture.cherry_storage_jar	sha256:2cb7714a83f5f578c534f9060132fa9aef3f369fc13d819e8958b9eb4ebdf05b	PASS	/root/rescripted_registry_n_review	english_source_context_family_review
item:block.refurbished_furniture.cherry_table	sha256:a366ad9e5556a1539eda683875a841eb26ca16eda4d4fed20a54453fb1a56c47	PASS	/root/rescripted_registry_n_review	english_source_context_family_review
item:block.refurbished_furniture.cherry_toilet	sha256:c860e856cf95d18be37dfb25989d582cc4bb751ae8dae3af10e445d8e1a58a13	PASS	/root/rescripted_registry_n_review	english_source_context_family_review
item:block.refurbished_furniture.computer	sha256:76ed42d22129dc354362704eb4b54208041b68736f976932aada43bc0035f7c0	PASS	/root/rescripted_registry_n_review	english_source_context_family_review
item:block.refurbished_furniture.crimson_basin	sha256:4d23146e4a4486d979faa1f816bca6f53979c6975cd680be7dd35ac8adab2779	PASS	/root/rescripted_registry_n_review	english_source_context_family_review
item:block.refurbished_furniture.crimson_bath	sha256:21110573ddf7d8ed3a1f65bc2409298a8e6e769bceacf35155f4454d54110ca2	PASS	/root/rescripted_registry_n_review	english_source_context_family_review
item:block.refurbished_furniture.crimson_chair	sha256:7aa9672e8d23d4448a5e14b344de698ff30b27d6e81be602496262606fd68038	PASS	/root/rescripted_registry_n_review	english_source_context_family_review
item:block.refurbished_furniture.crimson_crate	sha256:5488893a6ea3e0e88819fc150b18e79c371174c2f2411ed62d3428429de17b0d	PASS	/root/rescripted_registry_n_review	english_source_context_family_review
item:block.refurbished_furniture.crimson_cutting_board	sha256:63aa24443d93fd8193bd7d2edd7f8bd9273c34853d27f657df7234dd6601e0cc	PASS	/root/rescripted_registry_n_review	english_source_context_family_review
item:block.refurbished_furniture.crimson_dark_ceiling_fan	sha256:51405d4b1b3e7bd2b14edfe0a52081c635e074d8285a77c79db609e9e3a85dfd	PASS	/root/rescripted_registry_n_review	english_source_context_family_review
item:block.refurbished_furniture.crimson_desk	sha256:21b6d691368359bc6834d59059dfd1c6572009325934eac00fb79bc98f4915dd	PASS	/root/rescripted_registry_n_review	english_source_context_family_review
item:block.refurbished_furniture.crimson_drawer	sha256:b3479d089db4a1a34ae9483579a5a3ca57265e7e3c84ef6efb15e8c96f7e21f0	PASS	/root/rescripted_registry_n_review	english_source_context_family_review
item:block.refurbished_furniture.crimson_kitchen_cabinetry	sha256:fea32cd666a089c01cb790b7d8cf33752adc4642ad7711d6a49758e679156a94	PASS	/root/rescripted_registry_n_review	english_source_context_family_review
item:block.refurbished_furniture.crimson_kitchen_drawer	sha256:b53bd2502806eaca0108a4e2bb931549a70c80c6ecc9119fb5794c7575d31516	PASS	/root/rescripted_registry_n_review	english_source_context_family_review
item:block.refurbished_furniture.crimson_kitchen_sink	sha256:3adbe7a1b36a9d015885801f294a79d9f42e63350408b11adad3ea69f1d3e08f	PASS	/root/rescripted_registry_n_review	english_source_context_family_review
item:block.refurbished_furniture.crimson_kitchen_storage_cabinet	sha256:01975f79bcfd82a6e6365d2622e66afe8227a092d573a0d4af083a8c4e39e18e	PASS	/root/rescripted_registry_n_review	english_source_context_family_review
item:block.refurbished_furniture.crimson_lattice_fence	sha256:bf4a9ee5dfa992d0fa01165e357f698a08b428aafe4760c69c464aa0da26974f	PASS	/root/rescripted_registry_n_review	english_source_context_family_review
item:block.refurbished_furniture.crimson_lattice_fence_gate	sha256:787fe293e89468fb36a88a7ca2de3a745ab1ca14f32c6809961d567e0aa07296	PASS	/root/rescripted_registry_n_review	english_source_context_family_review
item:block.refurbished_furniture.crimson_light_ceiling_fan	sha256:f558515bbd0fd1bbb1a065d7d74aaa619e18c99179df958d5a417c6ee0b86185	PASS	/root/rescripted_registry_n_review	english_source_context_family_review
item:block.refurbished_furniture.crimson_mail_box	sha256:959bfe71e4983074065fedac63c56b84ed21320d713bad594ce6fc6632bb6fe4	PASS	/root/rescripted_registry_n_review	english_source_context_family_review
item:block.refurbished_furniture.crimson_storage_cabinet	sha256:755cf16f35727443202516423b36cbb379176d5717085489d27a4242b5fa8a54	PASS	/root/rescripted_registry_n_review	english_source_context_family_review
item:block.refurbished_furniture.crimson_storage_jar	sha256:d628847ad5ee25f407b0aa1531067f3d150774862ead3bd31d73144c28270b9c	PASS	/root/rescripted_registry_n_review	english_source_context_family_review
item:block.refurbished_furniture.crimson_table	sha256:3fa9d9b9458f1d9c2b6d66ab098737de9ca62ece06f7b93f9b06140a0be9785c	PASS	/root/rescripted_registry_n_review	english_source_context_family_review
item:block.refurbished_furniture.crimson_toilet	sha256:30d4c4a90dcfd002dba4a529acb6d88cf06be992a126eed1a9af7d70037edff5	PASS	/root/rescripted_registry_n_review	english_source_context_family_review
item:block.refurbished_furniture.cyan_basin	sha256:7220947ec30ea0da3a884d85cf1cc677fbd69ab5b1a6143e259d0b0b626fff0d	PASS	/root/rescripted_registry_n_review	english_source_context_family_review
item:block.refurbished_furniture.cyan_bath	sha256:b96401434ce4aa2e74a4c4003292941a7958a0dc2db1e7f2dd3805948bf15b89	PASS	/root/rescripted_registry_n_review	english_source_context_family_review
item:block.refurbished_furniture.cyan_cooler	sha256:de87c17cb40f09e2e3bb94000152535e4c497008410192b0f59d535c79bd0e42	PASS	/root/rescripted_registry_n_review	english_source_context_family_review
item:block.refurbished_furniture.cyan_grill	sha256:23423d4c5ea07b0320592190c0add8950787756af63a11a4f8b1d644f7c7222d	PASS	/root/rescripted_registry_n_review	english_source_context_family_review
item:block.refurbished_furniture.cyan_kitchen_cabinetry	sha256:a03e76d86c2286070cdd6f101f7d78a8598490da967f1050e77c6b70b7f2a1d5	PASS	/root/rescripted_registry_n_review	english_source_context_family_review
item:block.refurbished_furniture.cyan_kitchen_drawer	sha256:83c53849bf6f5812e453758ff72b2ed44c8b07f6c0b853bf7602392be7e076fd	PASS	/root/rescripted_registry_n_review	english_source_context_family_review
item:block.refurbished_furniture.cyan_kitchen_sink	sha256:b6051a10d4a1e614f6e7dc35d33e495c87432fc9308bdba403ea4f70620f6801	PASS	/root/rescripted_registry_n_review	english_source_context_family_review
item:block.refurbished_furniture.cyan_kitchen_storage_cabinet	sha256:c4cd3c3facfc43a60834fdc69029ae73aff48b7f2c0e425b90d0199956a4cfd1	PASS	/root/rescripted_registry_n_review	english_source_context_family_review
item:block.refurbished_furniture.cyan_lamp	sha256:b1e2b47ecb024a7c0266b376bf3c34f94e61ff37728902806ce6369778317d48	PASS	/root/rescripted_registry_n_review	english_source_context_family_review
item:block.refurbished_furniture.cyan_sofa	sha256:2698d101b33ade5e1d9e56f2b964bde6264a9b8b0f7cfa91c10a1741d3f8187a	PASS	/root/rescripted_registry_n_review	english_source_context_family_review
item:block.refurbished_furniture.cyan_stool	sha256:dad54d61534cbcb94fe932485e62517c2533059cb2cc36b74467fbf2af9294a6	PASS	/root/rescripted_registry_n_review	english_source_context_family_review
item:block.refurbished_furniture.cyan_toilet	sha256:f9c491dcfa47f2414e385c174863c705ce76b3b57694948938613d30c24e00a2	PASS	/root/rescripted_registry_n_review	english_source_context_family_review
item:block.refurbished_furniture.cyan_trampoline	sha256:6e4226e5b0681ec1a29961c42f79a86a7dc1fa756c6ad67a7ab6368aae3c8b94	PASS	/root/rescripted_registry_n_review	english_source_context_family_review
item:block.refurbished_furniture.dark_ceiling_light	sha256:dc8e260dd4940336b627e24c47e0e4b9bbce9b4a494c3e748592416bc2e43d61	PASS	/root/rescripted_registry_n_review	english_source_context_family_review
item:block.refurbished_furniture.dark_electricity_generator	sha256:5d4740206eda827d7d0223919c1ebdc17ba467834438ae4670d9eaaff36c0a2b	PASS	/root/rescripted_registry_n_review	english_source_context_family_review
item:block.refurbished_furniture.dark_lightswitch	sha256:d6c36aeac0fb5a392129e53b0d64847c02069c3531f76e63b685ec6cde566783	PASS	/root/rescripted_registry_n_review	english_source_context_family_review
item:block.refurbished_furniture.dark_microwave	sha256:28afb4cf2f9d9952863980fa88931bfdd5d693deb42344d4ccd32af1314f6d2a	PASS	/root/rescripted_registry_n_review	english_source_context_family_review
item:block.refurbished_furniture.dark_oak_basin	sha256:300d6861d8024306b2309e993cc7cad24211f142ceb37c6d13cb8a9f8194cab8	PASS	/root/rescripted_registry_n_review	english_source_context_family_review
item:block.refurbished_furniture.dark_oak_bath	sha256:baf79eb759c4c74b8bde1b926c3b09b98daab3ff210ecb285fbb0b797e4a0624	PASS	/root/rescripted_registry_n_review	english_source_context_family_review
item:block.refurbished_furniture.dark_oak_chair	sha256:ca83d965c667cffa1eefb5c53bb6f7f91f8222b0acf9d9b5cd7ea15432ee7f6c	PASS	/root/rescripted_registry_n_review	english_source_context_family_review
item:block.refurbished_furniture.dark_oak_crate	sha256:875799ea7f10ffe36df4b9b947aaaa0a7530e6e2261f56a0f1ebc7e3fc7fffd3	PASS	/root/rescripted_registry_n_review	english_source_context_family_review
item:block.refurbished_furniture.dark_oak_cutting_board	sha256:61f0bbe59189b4d6292a2dcde64741a1212092ef4f735c59838887cabe1bbc29	PASS	/root/rescripted_registry_n_review	english_source_context_family_review
item:block.refurbished_furniture.dark_oak_dark_ceiling_fan	sha256:79cebd2a14ec9b674f67892df4340915c7e45e420ae0e27bc5595ae697520260	PASS	/root/rescripted_registry_n_review	english_source_context_family_review
item:block.refurbished_furniture.dark_oak_desk	sha256:756ce49414ce550fca34d3a89d863165a91f17a93656213ef38b0a2d3fc5dfea	PASS	/root/rescripted_registry_n_review	english_source_context_family_review
item:block.refurbished_furniture.dark_oak_drawer	sha256:65489311296e52fe3dd2d26c135cb8e56489c0e3a2445066dcbd1f9045388c9a	PASS	/root/rescripted_registry_n_review	english_source_context_family_review
item:block.refurbished_furniture.dark_oak_hedge	sha256:0c2e05d0104ab88be956a12836202cfe9b2fb19ff71955dc2b1177ebbb174a1c	PASS	/root/rescripted_registry_n_review	english_source_context_family_review
item:block.refurbished_furniture.dark_oak_kitchen_cabinetry	sha256:9e0c3c99f7cd2a97b3fbf87a20e7ea7dcb5a06b205bceb40306693afceef8ffb	PASS	/root/rescripted_registry_n_review	english_source_context_family_review
item:block.refurbished_furniture.dark_oak_kitchen_drawer	sha256:9a1eaa16110d73d4e99c73fc1f7bc3e37ee7d528277af5f985d3b09ab737f241	PASS	/root/rescripted_registry_n_review	english_source_context_family_review
item:block.refurbished_furniture.dark_oak_kitchen_sink	sha256:7060b7df5fa964a47c32c38955bfc4f0fb04d87d40e6de34f8ecee1547e517a1	PASS	/root/rescripted_registry_n_review	english_source_context_family_review
item:block.refurbished_furniture.dark_oak_kitchen_storage_cabinet	sha256:de1d94dd7800b75af80dfe4c4cb371f7881d27de51fbca3164840763931c741b	PASS	/root/rescripted_registry_n_review	english_source_context_family_review
item:block.refurbished_furniture.dark_oak_lattice_fence	sha256:e332ffb9d3449f283ff5d5fdaf06c6a9b5a108d540f47683290b2ee21c6d2a65	PASS	/root/rescripted_registry_n_review	english_source_context_family_review
item:block.refurbished_furniture.dark_oak_lattice_fence_gate	sha256:8b61e07e3c5f18899d7bd90862f53c565af3b5a42784ddfced3c994a2f28922f	PASS	/root/rescripted_registry_n_review	english_source_context_family_review
item:block.refurbished_furniture.dark_oak_light_ceiling_fan	sha256:1bef5680d0d3b9cf3937e9b439ae3156e782f823345ca2e42f05412b9ac09b31	PASS	/root/rescripted_registry_n_review	english_source_context_family_review
item:block.refurbished_furniture.dark_oak_mail_box	sha256:4bef29b83705d3d39f19cf62f82e6536b299b9bbede38516c9eaca85747ead1a	PASS	/root/rescripted_registry_n_review	english_source_context_family_review
item:block.refurbished_furniture.dark_oak_storage_cabinet	sha256:6cc45cb6c2e8611cde07e578c18f0dc3e6ad65fccf6bc11d29181175722b7070	PASS	/root/rescripted_registry_n_review	english_source_context_family_review
item:block.refurbished_furniture.dark_oak_storage_jar	sha256:31e1ad57716aa9e598ef4599f423937293a17820c39ec64dd5bb81eb0fdd7e1a	PASS	/root/rescripted_registry_n_review	english_source_context_family_review
item:block.refurbished_furniture.dark_oak_table	sha256:71ab3dbecde9b02c8b89d3d832ce386a290df906743fafe6860223001527e4f9	PASS	/root/rescripted_registry_n_review	english_source_context_family_review
item:block.refurbished_furniture.dark_oak_toilet	sha256:894939693d909ab7eec0830dbcb87f985060d4099427ac5c05fde040c858119b	PASS	/root/rescripted_registry_n_review	english_source_context_family_review
item:block.refurbished_furniture.dark_range_hood	sha256:c80f58e4101d83af6f74c058302ea8baa20cd4ab1378597b2c36d19bda50dc19	PASS	/root/rescripted_registry_n_review	english_source_context_family_review
item:block.refurbished_furniture.dark_stove	sha256:8027a05bed72d45f0c3fecc480cb5cbf2ba2fb7ea6d6a389a56c730938dede05	PASS	/root/rescripted_registry_n_review	english_source_context_family_review
item:block.refurbished_furniture.dark_toaster	sha256:a06e50dc8ae305ca8b650fa7643a5342bed5d78ba00cc25dc5e52ed63339808a	PASS	/root/rescripted_registry_n_review	english_source_context_family_review
item:block.refurbished_furniture.deepslate_stepping_stones	sha256:40e015ba3e408a68130f7c01193cfb06ddae7454e3da8ac96ac199babe70ed63	PASS	/root/rescripted_registry_n_review	english_source_context_family_review
item:block.refurbished_furniture.diorite_stepping_stones	sha256:69376bd28f9560cb0b8c3e332531f0bdf1d3781468b2b260201d91f9a8268c69	PASS	/root/rescripted_registry_n_review	english_source_context_family_review
item:block.refurbished_furniture.door_mat	sha256:ba9b527bee548ec4f0923c6f9f4dfac74d14f5b5c33164b8a9e2d67417665041	PASS	/root/rescripted_registry_n_review	english_source_context_family_review
item:block.refurbished_furniture.doorbell	sha256:3a3c26151978089ee8b5451030a54a5c7af6d504d16cfd4b3687150a97765ecd	PASS	/root/rescripted_registry_n_review	english_source_context_family_review
item:block.refurbished_furniture.frying_pan	sha256:8bb32662cca637dc0fc9c206d81ea8ad3b1833e89b15523392825af2938c276d	PASS	/root/rescripted_registry_n_review	english_source_context_family_review
item:block.refurbished_furniture.granite_stepping_stones	sha256:97a8caa8fb0227e9ae822c623e217a4ebc5ac65ce224971e99c176b9d04612bb	PASS	/root/rescripted_registry_n_review	english_source_context_family_review
item:block.refurbished_furniture.gray_basin	sha256:4f2ac46221bbbfe494296223230d1055a0ac2d5d6b2bcefcab4377d32f2101ad	PASS	/root/rescripted_registry_n_review	english_source_context_family_review
item:block.refurbished_furniture.gray_bath	sha256:07aaf317cf20ac73c63e355cf3ce38f6530ca5a3a8f23836ff810ea57133df11	PASS	/root/rescripted_registry_n_review	english_source_context_family_review
item:block.refurbished_furniture.gray_cooler	sha256:4f1733160134433c3f00ce1bacf994e6f475d180b6365dc90f022dc11b0ca535	PASS	/root/rescripted_registry_n_review	english_source_context_family_review
item:block.refurbished_furniture.gray_grill	sha256:a6480306b18e6e0015788b73680b18a64e23a07eb0a96e8391fbe4dc25fdcad5	PASS	/root/rescripted_registry_n_review	english_source_context_family_review
item:block.refurbished_furniture.gray_kitchen_cabinetry	sha256:326352104416c205e73dd4b855b7c13f33fc731b3b1b9ee0fdb5f0d47ce531fc	PASS	/root/rescripted_registry_n_review	english_source_context_family_review
item:block.refurbished_furniture.gray_kitchen_drawer	sha256:e995345b8fe5c4ae71b5c4ad3b57647f1245a1fd919b06b9d713a98ae26dafea	PASS	/root/rescripted_registry_n_review	english_source_context_family_review
item:block.refurbished_furniture.gray_kitchen_sink	sha256:a5b58ac24cab2aacd9de12c805790c1e3e0b64df0039cc3b3c2b6343eec0575b	PASS	/root/rescripted_registry_n_review	english_source_context_family_review
item:block.refurbished_furniture.gray_kitchen_storage_cabinet	sha256:d928e1bc87d1943795a25a8ec76732d44cfb28be4d99a818012acc34e1c8497f	PASS	/root/rescripted_registry_n_review	english_source_context_family_review
item:block.refurbished_furniture.gray_lamp	sha256:4837d1f7cf21fa4e13223165502c35c24bc98b500aaf8b8c517f822be8f3950e	PASS	/root/rescripted_registry_n_review	english_source_context_family_review
item:block.refurbished_furniture.gray_sofa	sha256:58a094e6c68314fb577ded397e5428ba9bf9d544b75599925f226e2f3c23c9df	PASS	/root/rescripted_registry_n_review	english_source_context_family_review
item:block.refurbished_furniture.gray_stool	sha256:334d90614c5b468ff00e4282f176b218ffdfa3f3c614f5a19f43c38509ddf4fd	PASS	/root/rescripted_registry_n_review	english_source_context_family_review
item:block.refurbished_furniture.gray_toilet	sha256:be351f266e313dc475ebc05baecb4acd251fd89083778a4267c2cff9205652d3	PASS	/root/rescripted_registry_n_review	english_source_context_family_review
item:block.refurbished_furniture.gray_trampoline	sha256:4e8a8b317725871a3005245ccfbc2b2db785399d26e624b0d05a7e6a05a033a8	PASS	/root/rescripted_registry_n_review	english_source_context_family_review
item:block.refurbished_furniture.green_basin	sha256:20e9bcb13a2119d6a83f9b866be296f4a43f1e89f32e80c957bf32e8a65b093c	PASS	/root/rescripted_registry_n_review	english_source_context_family_review
item:block.refurbished_furniture.green_bath	sha256:a99959bbf8b9702117fa964d2a682af11bc268e1f5b8eb92f8152585d6e4f353	PASS	/root/rescripted_registry_n_review	english_source_context_family_review
item:block.refurbished_furniture.green_cooler	sha256:fd2d0bf137c3cb15b192307a3f71dab2f66f9ad345d81b1c241b0076d11cc2a1	PASS	/root/rescripted_registry_n_review	english_source_context_family_review
item:block.refurbished_furniture.green_grill	sha256:a139ccf83f3e6bb468ec2927a9a35883eb9c0007efeded5fe5db365dd47294a0	PASS	/root/rescripted_registry_n_review	english_source_context_family_review
item:block.refurbished_furniture.green_kitchen_cabinetry	sha256:2723e061680f624cee57dc4d6c130bfbdf5174b1a3058b4b6bf408231e3fd497	PASS	/root/rescripted_registry_n_review	english_source_context_family_review
item:block.refurbished_furniture.green_kitchen_drawer	sha256:f45ada96cd0f72418387df0b396cc44cb9b241ae21b2519f16bf5a4f7faa67f1	PASS	/root/rescripted_registry_n_review	english_source_context_family_review
item:block.refurbished_furniture.green_kitchen_sink	sha256:aa3e71296e448e9960c905ad5c6284d2d73ec6bb94dd9f829045bc6d2771b8f0	PASS	/root/rescripted_registry_n_review	english_source_context_family_review
item:block.refurbished_furniture.green_kitchen_storage_cabinet	sha256:88250300bf3533037d24f6dd3a0caeec26cac8b2a5789e87095a6a038a1377f9	PASS	/root/rescripted_registry_n_review	english_source_context_family_review
item:block.refurbished_furniture.green_lamp	sha256:742fb335a48574b3c1288cf766f80278ec77b667d240578d8c3985af1456341f	PASS	/root/rescripted_registry_n_review	english_source_context_family_review
item:block.refurbished_furniture.green_sofa	sha256:a5e71479b53bc8f81f1991dd30c94c36db8a13b167852c1bcb9e679fe91f1cb4	PASS	/root/rescripted_registry_n_review	english_source_context_family_review
item:block.refurbished_furniture.green_stool	sha256:a16cf41b9f9652f04fd6f321655d7e8dc53b433d3f699e6b542d586c25732aad	PASS	/root/rescripted_registry_n_review	english_source_context_family_review
item:block.refurbished_furniture.green_toilet	sha256:8999afeec0c5c8d0eaa1e667ca85594607197ede6cc2e35ef4e747b331bc89ff	PASS	/root/rescripted_registry_n_review	english_source_context_family_review
item:block.refurbished_furniture.green_trampoline	sha256:13d6b0d2212873111af09874bc00b514d4b4578d0c4d95a2b4a6f8b4ba1abd86	PASS	/root/rescripted_registry_n_review	english_source_context_family_review
item:block.refurbished_furniture.jungle_basin	sha256:f26762eba52c0cfabc42dab5ec1e4423f9958d1841f2d0acec398064c08d611f	PASS	/root/rescripted_registry_n_review	english_source_context_family_review
item:block.refurbished_furniture.jungle_bath	sha256:cdbf6846cb9fd6af34038b39e158412424a560422b42ca068fe7c066bb996128	PASS	/root/rescripted_registry_n_review	english_source_context_family_review
item:block.refurbished_furniture.jungle_chair	sha256:9e1569371640397aaf1960c0b6f145a209bdd83726712728baacc36b2b7c9106	PASS	/root/rescripted_registry_n_review	english_source_context_family_review
item:block.refurbished_furniture.jungle_crate	sha256:ee82e5be846895eb7960991deae8ba6277a15ceb2245546d75a80423d540d26f	PASS	/root/rescripted_registry_n_review	english_source_context_family_review
item:block.refurbished_furniture.jungle_cutting_board	sha256:2f9d2813fe76de7d8b2f72376f31611e992151315926d9bf2e7d54b9480d9acd	PASS	/root/rescripted_registry_n_review	english_source_context_family_review
item:block.refurbished_furniture.jungle_dark_ceiling_fan	sha256:1915937a7cfbcc3c8f7c9e7f1f7f4fec365304af47443aeff59048f0713d32ba	PASS	/root/rescripted_registry_n_review	english_source_context_family_review
item:block.refurbished_furniture.jungle_desk	sha256:0edf852f3ca16ea43459933df5a5411f9f97b989603fb2261a68eacc466cd03b	PASS	/root/rescripted_registry_n_review	english_source_context_family_review
item:block.refurbished_furniture.jungle_drawer	sha256:701a6dc245821f239e1f09fa218995af29f27c88da672a225c70c6d14e2b8705	PASS	/root/rescripted_registry_n_review	english_source_context_family_review
item:block.refurbished_furniture.jungle_hedge	sha256:dc838f9c61c0989e20fec7e18f39f9c7dcd408b592aed4320a557d712be1f56b	PASS	/root/rescripted_registry_n_review	english_source_context_family_review
item:block.refurbished_furniture.jungle_kitchen_cabinetry	sha256:0666242b3b5c70d6e831e0c9e7b668f8ed85b45b4f1d14d4e2dc6a8d5e7342b5	PASS	/root/rescripted_registry_n_review	english_source_context_family_review
item:block.refurbished_furniture.jungle_kitchen_drawer	sha256:782ef64059c861d8a9ef1e23c509e69f93af1f5eea6b1d1f5ce43c9b630b6897	PASS	/root/rescripted_registry_n_review	english_source_context_family_review
item:block.refurbished_furniture.jungle_kitchen_sink	sha256:8d6363afd06fa40462bb100bfa6c87652e5c8877dad1cab0eccea33a4b605238	PASS	/root/rescripted_registry_n_review	english_source_context_family_review
item:block.refurbished_furniture.jungle_kitchen_storage_cabinet	sha256:18ffbd73a40fc6feff37cd489135366e63aa2ab44e407e5342ad12039fb7f1c3	PASS	/root/rescripted_registry_n_review	english_source_context_family_review
item:block.refurbished_furniture.jungle_lattice_fence	sha256:9d89e8b7a1666008b71c084c867cae0a493e7941e3de0549076cc8da39b4aba1	PASS	/root/rescripted_registry_n_review	english_source_context_family_review
item:block.refurbished_furniture.jungle_lattice_fence_gate	sha256:c60707ae8ff878262c754d6eea1910e84ef90d384543a062a6d1b15e1f74ac2f	PASS	/root/rescripted_registry_n_review	english_source_context_family_review
item:block.refurbished_furniture.jungle_light_ceiling_fan	sha256:5fe479503d572d8f27a235b486e58bef4db6cf80ae45c05bea994d689e1a5727	PASS	/root/rescripted_registry_n_review	english_source_context_family_review
item:block.refurbished_furniture.jungle_mail_box	sha256:9c78eeb6797994b6c6d12aed34aadf51478037b887e23f3e59a49fe47f06cb93	PASS	/root/rescripted_registry_n_review	english_source_context_family_review
item:block.refurbished_furniture.jungle_storage_cabinet	sha256:61131e91952ebe244f839e09c0ec1e1efdee4c4ba1e8e0884f9791327e34f7b4	PASS	/root/rescripted_registry_n_review	english_source_context_family_review
item:block.refurbished_furniture.jungle_storage_jar	sha256:20e7fbe8f9099560ce914cccc630d88bea2a7fed8d615b7a5e723278b99fb2af	PASS	/root/rescripted_registry_n_review	english_source_context_family_review
item:block.refurbished_furniture.jungle_table	sha256:f1b9d50310aef2aacd578a8143df569a3540fc8d2cb0600d18c2aa0990155c05	PASS	/root/rescripted_registry_n_review	english_source_context_family_review
item:block.refurbished_furniture.jungle_toilet	sha256:fb4b5f77da5b620a00fbc0dc6f1b83b4d0879ddb5f775dac4febf87790a61271	PASS	/root/rescripted_registry_n_review	english_source_context_family_review
item:block.refurbished_furniture.light_blue_basin	sha256:921466bf013fc4f23e13b7b221c15f09680473f38bc6a250adb6f945fb4d5dbe	PASS	/root/rescripted_registry_n_review	english_source_context_family_review
item:block.refurbished_furniture.light_blue_bath	sha256:a94e13860420ccb4e24c36453939177993b637d1ef224ef2d7ac127a422ee177	PASS	/root/rescripted_registry_n_review	english_source_context_family_review
item:block.refurbished_furniture.light_blue_cooler	sha256:e09aa91ef8ecae14f2b1575c03b80d12db4f1d97acb13e11f45d6d39f69a73d0	PASS	/root/rescripted_registry_n_review	english_source_context_family_review
item:block.refurbished_furniture.light_blue_grill	sha256:e0eda505b980511e0bae74d5baa6813a0413df5f65118ff00124da483585b9fa	PASS	/root/rescripted_registry_n_review	english_source_context_family_review
item:block.refurbished_furniture.light_blue_kitchen_cabinetry	sha256:ae1f207ac0231191bcfae3c26de428775a7c54e366a5d3df4dd4fcaca70a2342	PASS	/root/rescripted_registry_n_review	english_source_context_family_review
item:block.refurbished_furniture.light_blue_kitchen_drawer	sha256:37f7af8205fe28db77252c57398ab168852848e300f45634edb90442e5c36082	PASS	/root/rescripted_registry_n_review	english_source_context_family_review
item:block.refurbished_furniture.light_blue_kitchen_sink	sha256:e1045027c9029a5a8dc833de6e7d3cec451335fa9df9ef03a89c7eb176307f15	PASS	/root/rescripted_registry_n_review	english_source_context_family_review
item:block.refurbished_furniture.light_blue_kitchen_storage_cabinet	sha256:79d382b3d7ddd3268b1909a313574e9af6fd3e5a3bb0c4413510c7c2974ffa5e	PASS	/root/rescripted_registry_n_review	english_source_context_family_review
item:block.refurbished_furniture.light_blue_lamp	sha256:bc8c0e589597882685766a324263286f71a826d7309c1df807b1e90ba7de4b4e	PASS	/root/rescripted_registry_n_review	english_source_context_family_review
item:block.refurbished_furniture.light_blue_sofa	sha256:6eb57d70b7f518b657e45da3c24989822b8eb191274673d30384d06914643693	PASS	/root/rescripted_registry_n_review	english_source_context_family_review
item:block.refurbished_furniture.light_blue_stool	sha256:173360a4e4e4422a00bbc25688e6c5454b6fccdbc735878b0aaa408a5e11d2be	PASS	/root/rescripted_registry_n_review	english_source_context_family_review
item:block.refurbished_furniture.light_blue_toilet	sha256:910fa3b74be918be7ee06f9ffbe8385688a5c1af220f756bbc4d3de78dca744c	PASS	/root/rescripted_registry_n_review	english_source_context_family_review
item:block.refurbished_furniture.light_blue_trampoline	sha256:63f2bf6e58c7f87a8bb964bd03dbe60c794b2b1094fe2f0973177cbc81187366	PASS	/root/rescripted_registry_n_review	english_source_context_family_review
item:block.refurbished_furniture.light_ceiling_light	sha256:b2336e8104342780f57be543a545646aac16394c4872a5063dc5e4e496022ad8	PASS	/root/rescripted_registry_n_review	english_source_context_family_review
item:block.refurbished_furniture.light_electricity_generator	sha256:6054ba147c8c0d4183a5e2f30cdb668d9484723293f23405a611620bd6e689c7	PASS	/root/rescripted_registry_n_review	english_source_context_family_review
item:block.refurbished_furniture.light_gray_basin	sha256:b7ea2a3501346976f7b842d03b1a185bbc662832a7e13bd8a28191d8bdc3c820	PASS	/root/rescripted_registry_n_review	english_source_context_family_review
item:block.refurbished_furniture.light_gray_bath	sha256:785350bfad8fe7eb6e5cf433c4329eb4245651b7222429c413d00a8fd48715a0	PASS	/root/rescripted_registry_n_review	english_source_context_family_review
item:block.refurbished_furniture.light_gray_cooler	sha256:e5dc97b1301234188d0a1a4bf0bb122b1f5d6c1aef7c76b374941dff737393f5	PASS	/root/rescripted_registry_n_review	english_source_context_family_review
item:block.refurbished_furniture.light_gray_grill	sha256:d282ce2dcdecb14cd858dac49d05ed817abc2766d0b8dce091d1b6584cf4cef4	PASS	/root/rescripted_registry_n_review	english_source_context_family_review
item:block.refurbished_furniture.light_gray_kitchen_cabinetry	sha256:ff1aa1f551a8dc40aba2310251b30ea89aefb82ff19b9d7524ff3e019807ea44	PASS	/root/rescripted_registry_n_review	english_source_context_family_review
item:block.refurbished_furniture.light_gray_kitchen_drawer	sha256:75b972a51804e28b48694b3073bbe00d49539985c9c2892b9ee7270ed0492ea2	PASS	/root/rescripted_registry_n_review	english_source_context_family_review
item:block.refurbished_furniture.light_gray_kitchen_sink	sha256:90d24b1c16a7752060b64473884323b18e75bffd88ce59b3446c3b6fde39bff9	PASS	/root/rescripted_registry_n_review	english_source_context_family_review
item:block.refurbished_furniture.light_gray_kitchen_storage_cabinet	sha256:0d91c041e375ca29ffa97ae3967af52c9ea350582a418ff6cb753d8d8eca4298	PASS	/root/rescripted_registry_n_review	english_source_context_family_review
item:block.refurbished_furniture.light_gray_lamp	sha256:8b5a9c7191f67c84efc16c506e694ad5bc12e68a07f71257719c0d1c958f9583	PASS	/root/rescripted_registry_n_review	english_source_context_family_review
item:block.refurbished_furniture.light_gray_sofa	sha256:5eb9808669e0a87b7588c62724b705112f0d7fc11ccc86cc6e2525e62e3e9ba4	PASS	/root/rescripted_registry_n_review	english_source_context_family_review
item:block.refurbished_furniture.light_gray_stool	sha256:924c272c64b809c7895ffc96bf1d740e6cfc6599610024b4d4bf4282c4494dd3	PASS	/root/rescripted_registry_n_review	english_source_context_family_review
item:block.refurbished_furniture.light_gray_toilet	sha256:2c747e6de3cb3b171fd6e71ebdc7487ddac30655359ca6e82dca91a307ecbc7c	PASS	/root/rescripted_registry_n_review	english_source_context_family_review
item:block.refurbished_furniture.light_gray_trampoline	sha256:1ee1fa28dd0fa4d9b1839c1b516b8487d197cb3d7af9ba49bd004c7dedc882d7	PASS	/root/rescripted_registry_n_review	english_source_context_family_review
item:block.refurbished_furniture.light_lightswitch	sha256:5ee8deb35433c2c6d49ccad3f09679bd16c1b17c82629da30fde8ae4f1028cd5	PASS	/root/rescripted_registry_n_review	english_source_context_family_review
item:block.refurbished_furniture.light_microwave	sha256:ceb27e74c382e685445d00b927e2377131e38af5104306b9b3da6b55cc92383d	PASS	/root/rescripted_registry_n_review	english_source_context_family_review
item:block.refurbished_furniture.light_range_hood	sha256:e87fc6af815d02a32a943f268c7e1f32579565904eff62f31001f602292e25b4	PASS	/root/rescripted_registry_n_review	english_source_context_family_review
item:block.refurbished_furniture.light_stove	sha256:9a730c3441e634dd2194ca4e868bb7f3f2801dcbdaeb7820fe01ddbd8faa5c15	PASS	/root/rescripted_registry_n_review	english_source_context_family_review
item:block.refurbished_furniture.light_toaster	sha256:d2d9a1001024bd7040bfa1190bff4bfd0472109ef7a35e3e5473aa71fce2fd0a	PASS	/root/rescripted_registry_n_review	english_source_context_family_review
item:block.refurbished_furniture.lime_basin	sha256:0322c5f0d850f7d45777e941b78e594f5f4c8a56bc7fada2c725b33ec45437d3	PASS	/root/rescripted_registry_n_review	english_source_context_family_review
item:block.refurbished_furniture.lime_bath	sha256:d8b78cb6ff404898cc3966b0c07808587a3615d5838b4c424d6056a233a08027	PASS	/root/rescripted_registry_n_review	english_source_context_family_review
item:block.refurbished_furniture.lime_cooler	sha256:f496195a678eeea429371fae0b2a42afa2a010cf497a233023291c524c9d70cb	PASS	/root/rescripted_registry_n_review	english_source_context_family_review
item:block.refurbished_furniture.lime_grill	sha256:5606f87caf891e1126d55288c0288a992ba4b3ab6a752f831838c0700018b279	PASS	/root/rescripted_registry_n_review	english_source_context_family_review
item:block.refurbished_furniture.lime_kitchen_cabinetry	sha256:51bbe7c167ecab14b8ba1ab35e13f31f45f3f47437406c902fd359fd95c09bb7	PASS	/root/rescripted_registry_n_review	english_source_context_family_review
item:block.refurbished_furniture.lime_kitchen_drawer	sha256:1abb348ee19648efa3f237bebc0aa55ac891a58ff9439983b2c4ea29720045df	PASS	/root/rescripted_registry_n_review	english_source_context_family_review
item:block.refurbished_furniture.lime_kitchen_sink	sha256:e9622a9c67b8632f553cb6054f81a86bf6fbfc62234bc5358af858fcad45f30d	PASS	/root/rescripted_registry_n_review	english_source_context_family_review
item:block.refurbished_furniture.lime_kitchen_storage_cabinet	sha256:b3c2589cddd7a62ec61fb229235049144d975159203b849175ba10c26adcf255	PASS	/root/rescripted_registry_n_review	english_source_context_family_review
item:block.refurbished_furniture.lime_lamp	sha256:ac07233a06b1d25b778c4623d77a8e5df44065fdb2eaef5784c878579c3f0dc3	PASS	/root/rescripted_registry_n_review	english_source_context_family_review
item:block.refurbished_furniture.lime_sofa	sha256:b90c7608e143dbe82bc9597619104076deb5441c75c6cc9dc3d45186c9b8641a	PASS	/root/rescripted_registry_n_review	english_source_context_family_review
item:block.refurbished_furniture.lime_stool	sha256:6e293fe74099f076d3ecd9459564300f17e97116f2a81448b610e6e906ec7ace	PASS	/root/rescripted_registry_n_review	english_source_context_family_review
item:block.refurbished_furniture.lime_toilet	sha256:31e8c152e4bcc330afc2d91f8fff0e357286d3bf1a9402676715c8679e8922a8	PASS	/root/rescripted_registry_n_review	english_source_context_family_review
item:block.refurbished_furniture.lime_trampoline	sha256:ff7bf611aa065a58543d39d4262f739decc797e83d58009cd050701102e2bbf3	PASS	/root/rescripted_registry_n_review	english_source_context_family_review
item:block.refurbished_furniture.magenta_basin	sha256:6c379f20f787c135fbcf05f6f37af094d6a73a3676b72252163fd8b6f0c54fd9	PASS	/root/rescripted_registry_n_review	english_source_context_family_review
item:block.refurbished_furniture.magenta_bath	sha256:0c78314bccd09b1f36cb81dd0944b009aab3851fbe76522dd896b44c8966d1c2	PASS	/root/rescripted_registry_n_review	english_source_context_family_review
item:block.refurbished_furniture.magenta_cooler	sha256:dea5642b876fb4e3ca91b1c51f8b8eeda52386c33fd9ccbfe94f65cfbdb701ad	PASS	/root/rescripted_registry_n_review	english_source_context_family_review
item:block.refurbished_furniture.magenta_grill	sha256:0ca0c7c6548024005bc21a62a937aaed011f2b480b6977ffd01fec8740dab179	PASS	/root/rescripted_registry_n_review	english_source_context_family_review
item:block.refurbished_furniture.magenta_kitchen_cabinetry	sha256:8e9e0c2d32680b71b5bbe077e2912510961f72cb4a6f817b730f30142bc75f23	PASS	/root/rescripted_registry_n_review	english_source_context_family_review
item:block.refurbished_furniture.magenta_kitchen_drawer	sha256:ee8414efcb43ffaf9f19114c24fc3c8227b839b45d0992387aab1203bfdcfe03	PASS	/root/rescripted_registry_n_review	english_source_context_family_review
item:block.refurbished_furniture.magenta_kitchen_sink	sha256:d49902d626e6c11bab7dce7eb59748300e22e57bc5de2c90cb7d95488f827836	PASS	/root/rescripted_registry_n_review	english_source_context_family_review
item:block.refurbished_furniture.magenta_kitchen_storage_cabinet	sha256:df92ac5286a45fc130955200f2323c5725196aeaf5342392606d9853fbfb6996	PASS	/root/rescripted_registry_n_review	english_source_context_family_review
item:block.refurbished_furniture.magenta_lamp	sha256:621f87486bcabd5916ff99f84d32f2b27f76f7288f51634df5d78796c69a0cf1	PASS	/root/rescripted_registry_n_review	english_source_context_family_review
item:block.refurbished_furniture.magenta_sofa	sha256:65abb907f682c2e72dc457ce4cc8576d6fd5e056eae1d4a68e8e14980080bbc0	PASS	/root/rescripted_registry_n_review	english_source_context_family_review
item:block.refurbished_furniture.magenta_stool	sha256:ce20bff4bfc935acec5dc4716939466b9f10ad8bb41f7fd7988e72dce8c29698	PASS	/root/rescripted_registry_n_review	english_source_context_family_review
item:block.refurbished_furniture.magenta_toilet	sha256:ab6f231bad588683615f29108367a6f5b6c4e439b294780d4c3571f923a3403c	PASS	/root/rescripted_registry_n_review	english_source_context_family_review
item:block.refurbished_furniture.magenta_trampoline	sha256:dc3f3a526cd2c37286978b6762ccdc71ac3c71e9eb0c5f4f514cb80bad1d5abe	PASS	/root/rescripted_registry_n_review	english_source_context_family_review
item:block.refurbished_furniture.mangrove_basin	sha256:a3441be86274bc2f0a85cd840051495959acd13154ec187404b19e91c2e3ac90	PASS	/root/rescripted_registry_n_review	english_source_context_family_review
item:block.refurbished_furniture.mangrove_bath	sha256:dff7eb0e0ea6a82365c30cccf5d73d9477518028590e9e2a61c8e72290bf6195	PASS	/root/rescripted_registry_n_review	english_source_context_family_review
item:block.refurbished_furniture.mangrove_chair	sha256:ad69b5838272037ce69d46b820de87083323ba473fa7935377a75eab7339470a	PASS	/root/rescripted_registry_n_review	english_source_context_family_review
item:block.refurbished_furniture.mangrove_crate	sha256:8acfa87f048883f152a6e821de4b3d5367103340e12a1bf59db61ae7fa2717ce	PASS	/root/rescripted_registry_n_review	english_source_context_family_review
item:block.refurbished_furniture.mangrove_cutting_board	sha256:87f9dae04690e34c9b85f763b5b5fab182d356be6ee909985d255c3714f65e65	PASS	/root/rescripted_registry_n_review	english_source_context_family_review
item:block.refurbished_furniture.mangrove_dark_ceiling_fan	sha256:bc50d3f73990b5fbfc95c4028454c50e8fa6d235a6e618adbe78c36d41850cb7	PASS	/root/rescripted_registry_n_review	english_source_context_family_review
item:block.refurbished_furniture.mangrove_desk	sha256:2566233d349f50710209ede9d07a54ca329ccf12e939f5086ce3a14aa137d628	PASS	/root/rescripted_registry_n_review	english_source_context_family_review
item:block.refurbished_furniture.mangrove_drawer	sha256:a29e92e4818f6432c9e6e473f03cf11ec9d33c633d497c90ba66d68b36d475f1	PASS	/root/rescripted_registry_n_review	english_source_context_family_review
item:block.refurbished_furniture.mangrove_hedge	sha256:4e439e14a79c7027df634d9790307dd58627b548aca88faf12b4c88ae2d67933	PASS	/root/rescripted_registry_n_review	english_source_context_family_review
item:block.refurbished_furniture.mangrove_kitchen_cabinetry	sha256:a3718dabdd5d2549fbbba08c022d03dc3b0e46045d245bad9ee3cfef6eb4d771	PASS	/root/rescripted_registry_n_review	english_source_context_family_review
item:block.refurbished_furniture.mangrove_kitchen_drawer	sha256:88ce86c6a03ae06445b42acb886c6529de31108556ee4ade6be70b0339ad4770	PASS	/root/rescripted_registry_n_review	english_source_context_family_review
item:block.refurbished_furniture.mangrove_kitchen_sink	sha256:62496f6c76fab2c5a40e646d52e6ecaf549706db32be491a3e5ce6b2205848d8	PASS	/root/rescripted_registry_n_review	english_source_context_family_review
item:block.refurbished_furniture.mangrove_kitchen_storage_cabinet	sha256:d72a10fd97e81dcaf560330cf0c7c492b48c1b1819f7f7369848f5ee1289a1e9	PASS	/root/rescripted_registry_n_review	english_source_context_family_review
item:block.refurbished_furniture.mangrove_lattice_fence	sha256:cc2a21f7b6f33296377b49979d4a42d29481cda58be16bccaa2d3a1bf775bfb3	PASS	/root/rescripted_registry_n_review	english_source_context_family_review
item:block.refurbished_furniture.mangrove_lattice_fence_gate	sha256:47c0af0ff64a067c16ac5ba091dc25b684e7e5051a8e47bb48b77801e46a099b	PASS	/root/rescripted_registry_n_review	english_source_context_family_review
item:block.refurbished_furniture.mangrove_light_ceiling_fan	sha256:5eaed42e75cd7cd7711cf602a10fa9c5dd7a64684478fc84a99b83c80518cd41	PASS	/root/rescripted_registry_n_review	english_source_context_family_review
item:block.refurbished_furniture.mangrove_mail_box	sha256:ebb78472ae5483bfc9db5cbeede7bce840cbaddc050b4c2b6e81e83794184449	PASS	/root/rescripted_registry_n_review	english_source_context_family_review
item:block.refurbished_furniture.mangrove_storage_cabinet	sha256:0cfbf192092fe3608b0c9588fd12e292889e920d751a5e91c54aeefe275c1912	PASS	/root/rescripted_registry_n_review	english_source_context_family_review
item:block.refurbished_furniture.mangrove_storage_jar	sha256:345aa927a50883292602c2d14745432421f6d7f488bec4545de319da51736447	PASS	/root/rescripted_registry_n_review	english_source_context_family_review
item:block.refurbished_furniture.mangrove_table	sha256:11e0acaaf2829b38ded6c9251e4fb565fb75d5fe4c49ed0d18d04f26158ec6e6	PASS	/root/rescripted_registry_n_review	english_source_context_family_review
item:block.refurbished_furniture.mangrove_toilet	sha256:2e43c9dc7f83931afdf3146105c3327f2719e174d4f0376788c335d0194b5abb	PASS	/root/rescripted_registry_n_review	english_source_context_family_review
item:block.refurbished_furniture.oak_basin	sha256:456b865de5d2494795ed31c489d4e7b11bc2a83c58df22298ee9f63b8b3dc04e	PASS	/root/rescripted_registry_n_review	english_source_context_family_review
item:block.refurbished_furniture.oak_bath	sha256:a2ddbb440c49a25884b07304fb3ec91a1a28b93fee8e7ad644bc32cc403b5332	PASS	/root/rescripted_registry_n_review	english_source_context_family_review
item:block.refurbished_furniture.oak_chair	sha256:39fa07b481dece9b964414b5e9dc506782d2b767da7c67d99fcb414d963d4455	PASS	/root/rescripted_registry_n_review	english_source_context_family_review
item:block.refurbished_furniture.oak_crate	sha256:3428192b3ac8e0b557773cd61ce7500432f8d4342dfe51ecda3a36cea480e7c7	PASS	/root/rescripted_registry_n_review	english_source_context_family_review
item:block.refurbished_furniture.oak_cutting_board	sha256:2234c3fb8c1d4db2db20ea4f25e2fc937db3f976ee43a9a5dfda1b83355980ae	PASS	/root/rescripted_registry_n_review	english_source_context_family_review
item:block.refurbished_furniture.oak_dark_ceiling_fan	sha256:de70b09ce94ee2d1d4862996b06ca60fcf8068b6f94e7268631c7d2d3fa30d01	PASS	/root/rescripted_registry_n_review	english_source_context_family_review
item:block.refurbished_furniture.oak_desk	sha256:959a6af72ef4566fabe337971553503fd717a10a09b4334b59a9b4c5ae6895e4	PASS	/root/rescripted_registry_n_review	english_source_context_family_review
item:block.refurbished_furniture.oak_drawer	sha256:1afe764dcab0ebfb62f8539911c797f99403be7855c1091855d45c504a5cf67f	PASS	/root/rescripted_registry_n_review	english_source_context_family_review
item:block.refurbished_furniture.oak_hedge	sha256:613b1bb19b6af7dc606e6502ba7bf96ff92ef6c5fd27ba1f33861d4417a4a588	PASS	/root/rescripted_registry_n_review	english_source_context_family_review
item:block.refurbished_furniture.oak_kitchen_cabinetry	sha256:e21a6400805bfa61ca2a9ad0b89e725309eb42f73570037468231ae466bc4edd	PASS	/root/rescripted_registry_n_review	english_source_context_family_review
item:block.refurbished_furniture.oak_kitchen_drawer	sha256:891a83c0c850f9f080631ef6b305fb4f923317d1f0434c391fe6c0723db774a4	PASS	/root/rescripted_registry_n_review	english_source_context_family_review
item:block.refurbished_furniture.oak_kitchen_sink	sha256:fd9182214bb53badb811a68dce3f6c6e9efc5738219d5dce33a1b7df3247de4c	PASS	/root/rescripted_registry_n_review	english_source_context_family_review
item:block.refurbished_furniture.oak_kitchen_storage_cabinet	sha256:c62b31ea7c1acf34029db11695889b7b60ac58bd633fd3bb867a06910125513f	PASS	/root/rescripted_registry_n_review	english_source_context_family_review
item:block.refurbished_furniture.oak_lattice_fence	sha256:b9a00b06d1ec2d5ea6ac12849c3497748f5452ef6ce83968f0b4dacd533ea673	PASS	/root/rescripted_registry_n_review	english_source_context_family_review
item:block.refurbished_furniture.oak_lattice_fence_gate	sha256:9dba2bb2da48cba92e764d35f1db85deb38198430710cb65117c8ce3e09f19a2	PASS	/root/rescripted_registry_n_review	english_source_context_family_review
item:block.refurbished_furniture.oak_light_ceiling_fan	sha256:868bc3f9dd61da76f299d89b9b7f154bf16131a60b6798a7fa96df730ed9df62	PASS	/root/rescripted_registry_n_review	english_source_context_family_review
item:block.refurbished_furniture.oak_mail_box	sha256:cfebbc754cd519098b31f9ea3400750e4e1a0b2a9ef1e7c7f3a3fc9e1acfa14e	PASS	/root/rescripted_registry_n_review	english_source_context_family_review
item:block.refurbished_furniture.oak_storage_cabinet	sha256:e12e5321150496d8f23de3e062cbce05f783ab9fd02ac72c650768bff847c88f	PASS	/root/rescripted_registry_n_review	english_source_context_family_review
item:block.refurbished_furniture.oak_storage_jar	sha256:7eb3915d77eb29251d25ebf1665f1c98b2db18191412ca3cef94c1b258701b0d	PASS	/root/rescripted_registry_n_review	english_source_context_family_review
item:block.refurbished_furniture.oak_table	sha256:2f0860ac155512180cedbe95142b3fc44c05f0cdaab9480792a6b4806d569b74	PASS	/root/rescripted_registry_n_review	english_source_context_family_review
item:block.refurbished_furniture.oak_toilet	sha256:91c1e8392a2f896baa15285424d7871868ba6d5d578e15d9f71b121edf63e6b8	PASS	/root/rescripted_registry_n_review	english_source_context_family_review
item:block.refurbished_furniture.orange_basin	sha256:1f01b05d8221fb9bf327d0fe1d803e527632e3e6b26b24590b9217b6f18a69d9	PASS	/root/rescripted_registry_n_review	english_source_context_family_review
item:block.refurbished_furniture.orange_bath	sha256:a57baa871c613303cd9857c62645bbee34f7bccab2c6365b5691990177c00e36	PASS	/root/rescripted_registry_n_review	english_source_context_family_review
item:block.refurbished_furniture.orange_cooler	sha256:47a6475103a994d61577b4f19de436e86daf3ba7d00e2b95dd63cbebfc6b0e3b	PASS	/root/rescripted_registry_n_review	english_source_context_family_review
item:block.refurbished_furniture.orange_grill	sha256:5ba6f41b652b5af2513ac74e8c8f3e3f6cc133e5071f2ccd4c3e41ac69834542	PASS	/root/rescripted_registry_n_review	english_source_context_family_review
item:block.refurbished_furniture.orange_kitchen_cabinetry	sha256:f6a785d1bd9c88fc5aaef31f4705ccb64de65d772daf5a9bb417a2e95521d34a	PASS	/root/rescripted_registry_n_review	english_source_context_family_review
item:block.refurbished_furniture.orange_kitchen_drawer	sha256:c124ecc8b100ed9393b6659457240f9f46eea129f6aeed3c704768e442e03d05	PASS	/root/rescripted_registry_n_review	english_source_context_family_review
item:block.refurbished_furniture.orange_kitchen_sink	sha256:c72b7faab67dbbe740b916a50655c5d6270344ee5314e829120d002b9856169f	PASS	/root/rescripted_registry_n_review	english_source_context_family_review
item:block.refurbished_furniture.orange_kitchen_storage_cabinet	sha256:d0091e194619dc042cfda6d5fb2bff72bebc5b73e0debcb94c5014432e75b8ee	PASS	/root/rescripted_registry_n_review	english_source_context_family_review
item:block.refurbished_furniture.orange_lamp	sha256:7bd3d77a00ef392a11f02c78a5f63cfee11471ec5e2956f80da887caa548e946	PASS	/root/rescripted_registry_n_review	english_source_context_family_review
item:block.refurbished_furniture.orange_sofa	sha256:269fac1c0c3e1881bfee317f88b677a2c4d877eb28bb3568f8f3bdd25965f040	PASS	/root/rescripted_registry_n_review	english_source_context_family_review
item:block.refurbished_furniture.orange_stool	sha256:0351edbbc035b02eae061c1f211f33cf2f49e0f0dd510dbcb31969bcdbd721c2	PASS	/root/rescripted_registry_n_review	english_source_context_family_review
item:block.refurbished_furniture.orange_toilet	sha256:4696b48757e8e093a830f3a8f5b08ee84e31f53ccfeda1e075a831910361f91f	PASS	/root/rescripted_registry_n_review	english_source_context_family_review
item:block.refurbished_furniture.orange_trampoline	sha256:253ce110ba0734faf0107c4b195169700ac1446974a7482417590560a961059d	PASS	/root/rescripted_registry_n_review	english_source_context_family_review
item:block.refurbished_furniture.pink_basin	sha256:7093882950c009c875238fa74720dd1d4cfb12b4f69490f5c96677c1e9ffa8e0	PASS	/root/rescripted_registry_n_review	english_source_context_family_review
item:block.refurbished_furniture.pink_bath	sha256:d5ddb95bc0f7e3e19f816c38166d96e2caab6b351c6bcc8d80ec212a53974a38	PASS	/root/rescripted_registry_n_review	english_source_context_family_review
item:block.refurbished_furniture.pink_cooler	sha256:56df43e85e41666d4b9a17bd1678d8d1de9543d772eb1c93c36ebe3bf4a47ed7	PASS	/root/rescripted_registry_n_review	english_source_context_family_review
item:block.refurbished_furniture.pink_grill	sha256:429abcfd090e884ac9394275c79617e15feae6b92ec8ac63d224464aa22deea1	PASS	/root/rescripted_registry_n_review	english_source_context_family_review
item:block.refurbished_furniture.pink_kitchen_cabinetry	sha256:63735c45ab4b445c822034321daf1095bc360875589f1f595eed4041397184b7	PASS	/root/rescripted_registry_n_review	english_source_context_family_review
item:block.refurbished_furniture.pink_kitchen_drawer	sha256:b80781ec20a51e0058fc4f83276fba598853d69e74939bc082dbd92d1024fe55	PASS	/root/rescripted_registry_n_review	english_source_context_family_review
item:block.refurbished_furniture.pink_kitchen_sink	sha256:0a7af317e907bb9878659b64b4ee92f4437a4bcbf37882eef2588ccd5a4af934	PASS	/root/rescripted_registry_n_review	english_source_context_family_review
item:block.refurbished_furniture.pink_kitchen_storage_cabinet	sha256:e1351c52f61dbd0074a445403b0e0711a0124e52bff50cd1e7b0b6738e187a8c	PASS	/root/rescripted_registry_n_review	english_source_context_family_review
item:block.refurbished_furniture.pink_lamp	sha256:c14285309bab5f383152424ff8f02a05eaa087e5563fe9ead0a0e176d8a25770	PASS	/root/rescripted_registry_n_review	english_source_context_family_review
item:block.refurbished_furniture.pink_sofa	sha256:759ba119dba15c9134eb613da2237a295cde2495f2d5bfebab78cde8dc9b5e10	PASS	/root/rescripted_registry_n_review	english_source_context_family_review
item:block.refurbished_furniture.pink_stool	sha256:fda2304d6ce99cfb2ff1154a030c46d9d6fc5ddccff302af09cf8948bfb9dc4a	PASS	/root/rescripted_registry_n_review	english_source_context_family_review
item:block.refurbished_furniture.pink_toilet	sha256:bdde4cfb3fbe68ad7e995a79e00e26e1393c1d70316d480a1f879f68c9074f66	PASS	/root/rescripted_registry_n_review	english_source_context_family_review
item:block.refurbished_furniture.pink_trampoline	sha256:d375ff823cf4985908f0a9e3fff7daf5a75f81324bc1d09775db90e5cb475c7d	PASS	/root/rescripted_registry_n_review	english_source_context_family_review
item:block.refurbished_furniture.plate	sha256:a7cd5d8f8422554b5df4973ade2aad969d2fc92d45669d24ba56941158e27a1f	PASS	/root/rescripted_registry_n_review	english_source_context_family_review
item:block.refurbished_furniture.post_box	sha256:b93010bd7da3fd7a32b54ec9ee6e895638ad6550639271c0a0cab3548609ab74	PASS	/root/rescripted_registry_n_review	english_source_context_family_review
item:block.refurbished_furniture.purple_basin	sha256:70f6ed323aaf5dd4b2e08c46c0fa98ad63951fa06dfcda1cf709980df5bdd596	PASS	/root/rescripted_registry_n_review	english_source_context_family_review
item:block.refurbished_furniture.purple_bath	sha256:ca454bb2653bd245d02d1c6e503221e65799326e3d0f0ba4adb50b4f135d9cbb	PASS	/root/rescripted_registry_n_review	english_source_context_family_review
item:block.refurbished_furniture.purple_cooler	sha256:32012dd3797929346443f0e2a0ec193b9ae9709fad6a5007a9a7a2c3954c9a37	PASS	/root/rescripted_registry_n_review	english_source_context_family_review
item:block.refurbished_furniture.purple_grill	sha256:e3567a093f1b5a819455e328c8bac8e75da8278f463f646349a58be9e2e2b5e5	PASS	/root/rescripted_registry_n_review	english_source_context_family_review
item:block.refurbished_furniture.purple_kitchen_cabinetry	sha256:5893e08baeec304e0efa96e7763a4aaa39022455e9f125fa49eb740159732f21	PASS	/root/rescripted_registry_n_review	english_source_context_family_review
item:block.refurbished_furniture.purple_kitchen_drawer	sha256:44ebdc40624c0325be19fb670d8cbe23572ff40b35e97c3be40f0748fc826ac6	PASS	/root/rescripted_registry_n_review	english_source_context_family_review
item:block.refurbished_furniture.purple_kitchen_sink	sha256:c46b9838954bd632b0c0861134d1cdcc79934885b05f075a9d4627824018e160	PASS	/root/rescripted_registry_n_review	english_source_context_family_review
item:block.refurbished_furniture.purple_kitchen_storage_cabinet	sha256:3b7bfa7532a9208756959bb88560fd4ac06b8afcb18a2bb9066412f978c1a016	PASS	/root/rescripted_registry_n_review	english_source_context_family_review
item:block.refurbished_furniture.purple_lamp	sha256:0eea96a0ad3607f6345d44521a0213be5053fd423cf3670cf7c77ae7713c28ee	PASS	/root/rescripted_registry_n_review	english_source_context_family_review
item:block.refurbished_furniture.purple_sofa	sha256:4c5b6d19f092534d59daa2c5c46d4a230c32f25e0ce1583b422123c4d5d67bdf	PASS	/root/rescripted_registry_n_review	english_source_context_family_review
item:block.refurbished_furniture.purple_stool	sha256:c39697eca881be5e678a0b12c74cdd784fe8ee487f5851dcbc985f44c26915b0	PASS	/root/rescripted_registry_n_review	english_source_context_family_review
item:block.refurbished_furniture.purple_toilet	sha256:084db789b2350c4d4cf4b74d29bd9957a9ae2bc5d59d5b029da341ffc588cced	PASS	/root/rescripted_registry_n_review	english_source_context_family_review
item:block.refurbished_furniture.purple_trampoline	sha256:f5a6d0deed73ac79eb83ae1a646eb088bbd20e4be02149166810897d165c1142	PASS	/root/rescripted_registry_n_review	english_source_context_family_review
item:block.refurbished_furniture.recycle_bin	sha256:fa56abc468388b10ee540610f9f3727e3207a8ed25b240f2f18fac03c9da07ae	PASS	/root/rescripted_registry_n_review	english_source_context_family_review
item:block.refurbished_furniture.red_basin	sha256:6253d5130503c1d2f7547273767a92e13c2d9b5350f4fbc5eeb5d3baa1e740de	PASS	/root/rescripted_registry_n_review	english_source_context_family_review
item:block.refurbished_furniture.red_bath	sha256:f65e1fd3ae0ab61ab423c1fac857d149f2ece114ae662f1ba9d78bd3128c8640	PASS	/root/rescripted_registry_n_review	english_source_context_family_review
item:block.refurbished_furniture.red_cooler	sha256:c9cd681dad977dbb3b1b6b41c6f9228930b4863f370cebb019c2f5822643d58f	PASS	/root/rescripted_registry_n_review	english_source_context_family_review
item:block.refurbished_furniture.red_grill	sha256:a2cbcdbc3a5e4f7a934b01f00d120a98356608f06419c4a770c5e361839b8d89	PASS	/root/rescripted_registry_n_review	english_source_context_family_review
item:block.refurbished_furniture.red_kitchen_cabinetry	sha256:bcfaab744007a7bbe3f1904678533f34ce466518245baaddd9d3524061ddda87	PASS	/root/rescripted_registry_n_review	english_source_context_family_review
item:block.refurbished_furniture.red_kitchen_drawer	sha256:c7cf23cc9f2820ee6d2df73f9a5516ab847ed101fc82d90f43cf7b5fd4f552bf	PASS	/root/rescripted_registry_n_review	english_source_context_family_review
item:block.refurbished_furniture.red_kitchen_sink	sha256:8cd77c3a5dced08cfd9f4cbad92b88b3eb40b744cc7865a3d6bc27545090dfc2	PASS	/root/rescripted_registry_n_review	english_source_context_family_review
item:block.refurbished_furniture.red_kitchen_storage_cabinet	sha256:6d5bc930df9005c8f734f8bd344ca631466767c8e1fccda30a6dec57a1ba37d3	PASS	/root/rescripted_registry_n_review	english_source_context_family_review
item:block.refurbished_furniture.red_lamp	sha256:3cdbfe9374b394343fc79ae725ff73bb8ce65834a7a2a92f8b3a96ae5c89a41e	PASS	/root/rescripted_registry_n_review	english_source_context_family_review
item:block.refurbished_furniture.red_sofa	sha256:dad775a4691d3e2abbb8f9f93e1bc8f532db0cabaeb93d5e455e0ee4d34ef9ff	PASS	/root/rescripted_registry_n_review	english_source_context_family_review
item:block.refurbished_furniture.red_stool	sha256:6515672035ad51f2174ceccbf65abdbd4feb63ce7c1270a3213d3c139d3cca98	PASS	/root/rescripted_registry_n_review	english_source_context_family_review
item:block.refurbished_furniture.red_toilet	sha256:2d7209273b3f0d48042d5a156446cd4af4692044e6a7bf50e780b97f5cc6bfa0	PASS	/root/rescripted_registry_n_review	english_source_context_family_review
item:block.refurbished_furniture.red_trampoline	sha256:30011946803541346e35bfef70c86ea6a48d086c64ad4175b0f9ce781223a1d5	PASS	/root/rescripted_registry_n_review	english_source_context_family_review
item:block.refurbished_furniture.spruce_basin	sha256:87196ef7b2f2f648e67c5f8e140d62bae5da0be180a98aecf25e86d99581d5ee	PASS	/root/rescripted_registry_n_review	english_source_context_family_review
item:block.refurbished_furniture.spruce_bath	sha256:3011ba515d4b8d4b5b7fee75100eab78a9cb9d36c9ba1ab6026251135bce2b04	PASS	/root/rescripted_registry_n_review	english_source_context_family_review
item:block.refurbished_furniture.spruce_chair	sha256:210ec9a1dc978b5c0b253499cb7deef33a450074c3dcb2437fecc0a11e7c0dde	PASS	/root/rescripted_registry_n_review	english_source_context_family_review
item:block.refurbished_furniture.spruce_crate	sha256:17d445e2d728045a408bf2680bc6a97a969fda5ae4cd340fce74484ac80c80f1	PASS	/root/rescripted_registry_n_review	english_source_context_family_review
item:block.refurbished_furniture.spruce_cutting_board	sha256:79cca94b1b7b303fd84458a2d1c5e48357421023ad26d2198aa0bbe29240cb0d	PASS	/root/rescripted_registry_n_review	english_source_context_family_review
item:block.refurbished_furniture.spruce_dark_ceiling_fan	sha256:594498ba0dc27775967594a9bef6c5451cb6bda01e3ec464de950f5ac0f7c06b	PASS	/root/rescripted_registry_n_review	english_source_context_family_review
item:block.refurbished_furniture.spruce_desk	sha256:8f9e7ad62da27df725736fbf698c92cb38c3ef7bae50b9e0cf50c59ecd6db5f2	PASS	/root/rescripted_registry_n_review	english_source_context_family_review
item:block.refurbished_furniture.spruce_drawer	sha256:c2e6afca3d8211a1be00a6eea5c74ab11131c7849c6480e42e9a294ce05be8eb	PASS	/root/rescripted_registry_n_review	english_source_context_family_review
item:block.refurbished_furniture.spruce_hedge	sha256:53deba162330f0e99e87850bc6a350dd6567311f43973a2c0c8924f577b75426	PASS	/root/rescripted_registry_n_review	english_source_context_family_review
item:block.refurbished_furniture.spruce_kitchen_cabinetry	sha256:442c3f45411c93cf4a9bc2f00b82d02167527e2305ad807b7da3f0c82c358d51	PASS	/root/rescripted_registry_n_review	english_source_context_family_review
item:block.refurbished_furniture.spruce_kitchen_drawer	sha256:2bf2a3155d3d41b210bc422d6682357c2c043505ed9bc405d0d8f059da409931	PASS	/root/rescripted_registry_n_review	english_source_context_family_review
item:block.refurbished_furniture.spruce_kitchen_sink	sha256:a7c620741c108b2bbb58ba73a6ec83f80a97cf17d9e3a13370a80ebf52948ec0	PASS	/root/rescripted_registry_n_review	english_source_context_family_review
item:block.refurbished_furniture.spruce_kitchen_storage_cabinet	sha256:a04961d5c091482fca31081328200e8f2fbc58330f5e6b34d2002ea765ccad5d	PASS	/root/rescripted_registry_n_review	english_source_context_family_review
item:block.refurbished_furniture.spruce_lattice_fence	sha256:47e004e1a11b76950d19ad104c4eff003f84d09c7f5b263b655ac923dadc5f02	PASS	/root/rescripted_registry_n_review	english_source_context_family_review
item:block.refurbished_furniture.spruce_lattice_fence_gate	sha256:df6fb4c72250dd784372e06be3df6734ec1a857a4ee1d72009ef4015b3effc92	PASS	/root/rescripted_registry_n_review	english_source_context_family_review
item:block.refurbished_furniture.spruce_light_ceiling_fan	sha256:5b16b696060aefd4dc6b6e17515b73025173595b187e64ff9993e2e6e5e283ce	PASS	/root/rescripted_registry_n_review	english_source_context_family_review
item:block.refurbished_furniture.spruce_mail_box	sha256:9dc602d75e9bb3f0ea5d01c846b3f98386d23692bd2d7183e9e420c4e069dbf3	PASS	/root/rescripted_registry_n_review	english_source_context_family_review
item:block.refurbished_furniture.spruce_storage_cabinet	sha256:941f23c61e6ee6fe46581677fc70759558c14a7e1f4890d8a7431e0919142afb	PASS	/root/rescripted_registry_n_review	english_source_context_family_review
item:block.refurbished_furniture.spruce_storage_jar	sha256:9e627ee191e4097896286e619baac8ea2d041828d1e940b23fb613a69b2a2a40	PASS	/root/rescripted_registry_n_review	english_source_context_family_review
item:block.refurbished_furniture.spruce_table	sha256:ab81fa3704505af868f1269935a3b0302c9fe99fc1ad9cb96fdb87df9b46a442	PASS	/root/rescripted_registry_n_review	english_source_context_family_review
item:block.refurbished_furniture.spruce_toilet	sha256:16a6c0a463e13482a801373d7c92e81452ce2f0367a905865dac7b95dc60750a	PASS	/root/rescripted_registry_n_review	english_source_context_family_review
item:block.refurbished_furniture.stone_stepping_stones	sha256:80f32162bce604e1131ce5f8427d971a4c73b81a4aa3a8901ea2cfea05bd525a	PASS	/root/rescripted_registry_n_review	english_source_context_family_review
item:block.refurbished_furniture.television	sha256:7e7536a95dcfb769ac5b4d76bf4b3752745e3ac5235fb2decdf4443367b74765	PASS	/root/rescripted_registry_n_review	english_source_context_family_review
item:block.refurbished_furniture.warped_basin	sha256:7a62b520051da89dfaf14e5a0caf6611daf90bfcd5fe5d5bb7dc8d8fa146d182	PASS	/root/rescripted_registry_n_review	english_source_context_family_review
item:block.refurbished_furniture.warped_bath	sha256:b299efad7886cc33b9fab54f686c8261bc84859182a045d29b191790c1832dc3	PASS	/root/rescripted_registry_n_review	english_source_context_family_review
item:block.refurbished_furniture.warped_chair	sha256:081f75ec9e21e268904e5b3f053b7fd40e7dbb84c1954bdaa509e85e5c9070b3	PASS	/root/rescripted_registry_n_review	english_source_context_family_review
item:block.refurbished_furniture.warped_crate	sha256:367b8260eba1685322959d45e42f79fedf79a68cf9520bb8a422d0c8c41de65f	PASS	/root/rescripted_registry_n_review	english_source_context_family_review
item:block.refurbished_furniture.warped_cutting_board	sha256:8047936e5c11f12fb764c2ab8fa3b2dd95932de09e8ffed1a0c61880ab69ca88	PASS	/root/rescripted_registry_n_review	english_source_context_family_review
item:block.refurbished_furniture.warped_dark_ceiling_fan	sha256:af51d55d88675464f9d460f388e26f25d5b1a2b420c69a34eb83c35be61ae03d	PASS	/root/rescripted_registry_n_review	english_source_context_family_review
item:block.refurbished_furniture.warped_desk	sha256:b5faebb7c93ce1794652de0719a6f49fa4ecadaa2195757f4cd6230b1becb81d	PASS	/root/rescripted_registry_n_review	english_source_context_family_review
item:block.refurbished_furniture.warped_drawer	sha256:90a1329cef2a5c18bf81a96b7601d2e83b73967b67ed0d362776e8280789af84	PASS	/root/rescripted_registry_n_review	english_source_context_family_review
item:block.refurbished_furniture.warped_kitchen_cabinetry	sha256:5838be6ef0a7756d41cf6b1caafc2b8fe9a1cd7786cf58caffaae3898faf996f	PASS	/root/rescripted_registry_n_review	english_source_context_family_review
item:block.refurbished_furniture.warped_kitchen_drawer	sha256:d5594065b4f7aa17e5b2d7cc33a6c52bdd84fa706f05a6c5a42f70b6bb57b95e	PASS	/root/rescripted_registry_n_review	english_source_context_family_review
item:block.refurbished_furniture.warped_kitchen_sink	sha256:88cd1e7b4755f8bed4c4571be3f8ba8aec3f3dc625849e3dd595c4fa6ca37998	PASS	/root/rescripted_registry_n_review	english_source_context_family_review
item:block.refurbished_furniture.warped_kitchen_storage_cabinet	sha256:d9e4326243c9a3e11019a6925088a56283c9495491dcb1ab57258a0cf8d89db6	PASS	/root/rescripted_registry_n_review	english_source_context_family_review
item:block.refurbished_furniture.warped_lattice_fence	sha256:1829fec4ecb46bc74d6fcdcb4a3b251931b6928ecf2ec333b82be0e01f9cd52f	PASS	/root/rescripted_registry_n_review	english_source_context_family_review
item:block.refurbished_furniture.warped_lattice_fence_gate	sha256:2745f44eb451c49074171911ec6e60c15b6547212011de0de0d48b23ce168ed6	PASS	/root/rescripted_registry_n_review	english_source_context_family_review
item:block.refurbished_furniture.warped_light_ceiling_fan	sha256:4be3063abbf0a2ade7b85ef782cb7b4702be7b0fc3ea89f5869e54f43f164768	PASS	/root/rescripted_registry_n_review	english_source_context_family_review
item:block.refurbished_furniture.warped_mail_box	sha256:0aeeaed349f71673de5dbbbf54ea19f3f3fd9db8d2365ba922e6165b8148cb6b	PASS	/root/rescripted_registry_n_review	english_source_context_family_review
item:block.refurbished_furniture.warped_storage_cabinet	sha256:d4ace263aaf6ab49abbfa60198d1b41cb80c6874f5adb333a62e2b6c7a52e4db	PASS	/root/rescripted_registry_n_review	english_source_context_family_review
item:block.refurbished_furniture.warped_storage_jar	sha256:fb0e2974b837a23c0249ba99d431f9539de5e6c70224521ad9084ff99f380bd8	PASS	/root/rescripted_registry_n_review	english_source_context_family_review
item:block.refurbished_furniture.warped_table	sha256:e9d239a2e7b98984b3c0f978bdf3579302c13d8469265e99dff36538fbbbfd44	PASS	/root/rescripted_registry_n_review	english_source_context_family_review
item:block.refurbished_furniture.warped_toilet	sha256:d26f7a2c0f69ea6c0d9abcba678f79ab52277f381400c4d1fb73efef7b806f37	PASS	/root/rescripted_registry_n_review	english_source_context_family_review
item:block.refurbished_furniture.white_basin	sha256:1d5dedaa5f82622b837c55557f6820579aa25c309fb20e85566b36309c414709	PASS	/root/rescripted_registry_n_review	english_source_context_family_review
item:block.refurbished_furniture.white_bath	sha256:b82c55707ddeace052d78b9795f6a317c6f8fe91dc2b2a46f48014520442642b	PASS	/root/rescripted_registry_n_review	english_source_context_family_review
item:block.refurbished_furniture.white_cooler	sha256:ffcc21794b44e34ed49ee1866739be22a91a257af25e27658f22baf2068b2ed7	PASS	/root/rescripted_registry_n_review	english_source_context_family_review
item:block.refurbished_furniture.white_grill	sha256:a18a7231c4e2c97ad7d61545012a323b70fc220b4a0a1a6fc89f679dd754a9a8	PASS	/root/rescripted_registry_n_review	english_source_context_family_review
item:block.refurbished_furniture.white_kitchen_cabinetry	sha256:fe8c3597620f0fe790b18da62cb89097d6ba7d3ac087991e79024b612ba03e92	PASS	/root/rescripted_registry_n_review	english_source_context_family_review
item:block.refurbished_furniture.white_kitchen_drawer	sha256:4f94c8d4fcaf20078ccfc2a6b0e5b3405d52cbcde7a1c5b23be512d2e9b34c86	PASS	/root/rescripted_registry_n_review	english_source_context_family_review
item:block.refurbished_furniture.white_kitchen_sink	sha256:98267f6b7cdf0699686be43589c3ea2e232faba52368ac2010dd448494b96240	PASS	/root/rescripted_registry_n_review	english_source_context_family_review
item:block.refurbished_furniture.white_kitchen_storage_cabinet	sha256:b6e1fbb97f3300563130613f0282ed65aa260bef9faf1fafc5e0161391c1b66f	PASS	/root/rescripted_registry_n_review	english_source_context_family_review
item:block.refurbished_furniture.white_lamp	sha256:cc56ed20b735e03344ea2361e4c361411c216738bf294047e238a6a6179cb104	PASS	/root/rescripted_registry_n_review	english_source_context_family_review
item:block.refurbished_furniture.white_sofa	sha256:872d0d93365de5afc0e350f85d26ef3b5b4c92fc0c9d358c19981e615a8c04cd	PASS	/root/rescripted_registry_n_review	english_source_context_family_review
item:block.refurbished_furniture.white_stool	sha256:b814ed5975b0d16d8ac207b317b5062db64bb8c8008a37943cc68ae3d172d37b	PASS	/root/rescripted_registry_n_review	english_source_context_family_review
item:block.refurbished_furniture.white_toilet	sha256:eab6565ad8584a864dc789c2c7d8377fb63b15b12968dd3ded252d65d098124a	PASS	/root/rescripted_registry_n_review	english_source_context_family_review
item:block.refurbished_furniture.white_trampoline	sha256:14b34531fad74d6e46f8b3b07cfbcb851c5e68550b59e060575548b20d5cf83c	PASS	/root/rescripted_registry_n_review	english_source_context_family_review
item:block.refurbished_furniture.workbench	sha256:a4e733eebdd37c3ad6d3a0edc6fab8d8efd4487598fa42ec8cd1ee3e119914e3	PASS	/root/rescripted_registry_n_review	english_source_context_family_review
item:block.refurbished_furniture.yellow_basin	sha256:89df4859571d968ea79dfcd52dee9dc536a26bded987e65cad8ec5617bc41262	PASS	/root/rescripted_registry_n_review	english_source_context_family_review
item:block.refurbished_furniture.yellow_bath	sha256:067083cbdae4dd45631871495997b08351fdcff03808262e155756653200bea8	PASS	/root/rescripted_registry_n_review	english_source_context_family_review
item:block.refurbished_furniture.yellow_cooler	sha256:909a40b49d8f34f81f9428dd12d1cac02a8c0a2235c0b237386f2bc2e3e1b7de	PASS	/root/rescripted_registry_n_review	english_source_context_family_review
item:block.refurbished_furniture.yellow_grill	sha256:2fee092ad0d0321ce99c9ea689530e3a2dad73050ad8dcd10c040535763205a4	PASS	/root/rescripted_registry_n_review	english_source_context_family_review
item:block.refurbished_furniture.yellow_kitchen_cabinetry	sha256:512a07a542e14de1f66ffa06eb5aa817dff61bf7f9389f0d067b841b98734539	PASS	/root/rescripted_registry_n_review	english_source_context_family_review
item:block.refurbished_furniture.yellow_kitchen_drawer	sha256:bc5273af4af19112fefd52708ff78943c18d6b0d0180de42ef7266623f2ac213	PASS	/root/rescripted_registry_n_review	english_source_context_family_review
item:block.refurbished_furniture.yellow_kitchen_sink	sha256:05e22aef39478478c9673a413b32c9830ac8309926ca3b70b8abe6a8c0a4b2e7	PASS	/root/rescripted_registry_n_review	english_source_context_family_review
item:block.refurbished_furniture.yellow_kitchen_storage_cabinet	sha256:93eb8d9e8f5f892c218d3ffc61d3a0206ce1d03e947fe0226baa9cb55ef89912	PASS	/root/rescripted_registry_n_review	english_source_context_family_review
item:block.refurbished_furniture.yellow_lamp	sha256:65c6c89a7d65d31e846afc8379fdb0e09d8363b623d0076bf1425bb4914052c1	PASS	/root/rescripted_registry_n_review	english_source_context_family_review
item:block.refurbished_furniture.yellow_sofa	sha256:1cc84ea5825e1b88f5c6529c91e714911c10f2d160fe324a4ed4ba900604da5e	PASS	/root/rescripted_registry_n_review	english_source_context_family_review
item:block.refurbished_furniture.yellow_stool	sha256:86607b8dbe5b8632f7f148ffcd668b76700a577561da89e3125ff480ade2d643	PASS	/root/rescripted_registry_n_review	english_source_context_family_review
item:block.refurbished_furniture.yellow_toilet	sha256:ba63863c7e729ceaca672d0297f9bf95e506a70968b08bee4e410d2fbf2eb0a2	PASS	/root/rescripted_registry_n_review	english_source_context_family_review
item:block.refurbished_furniture.yellow_trampoline	sha256:85b1264ae7dc5490664a84e6b00301666c9ce2c63284260804d24cd7ac234edc	PASS	/root/rescripted_registry_n_review	english_source_context_family_review
item:block.simpleradio.antenna	sha256:7b2e6c058944a9a1bad39b014e68569fc9b97676e3f6d6220a2a38ced347fe99	PASS	/root/rescripted_registry_n_review	english_source_context_family_review
item:block.simpleradio.frequencer	sha256:38971bc9d7115cce46f3557ab69eece219a388507b85ece7b3490720b428f673	PASS	/root/rescripted_registry_n_review	english_source_context_family_review
item:block.simpleradio.insulator	sha256:c41984704627032f7803d53f0d975442d59d49158ad0a115bfdfd439890dbf7c	PASS	/root/rescripted_registry_n_review	english_source_context_family_review
item:block.simpleradio.microphone	sha256:186352a881d0550e2da1f74e5c317770702bc2a0f9c3da69a10e27c14a217bac	PASS	/root/rescripted_registry_n_review	english_source_context_family_review
item:block.simpleradio.radio	sha256:2a7dfeb2f2b018e5dae04497c0a281e7b22403057b91679046c9da52433894e1	PASS	/root/rescripted_registry_n_review	english_source_context_family_review
item:block.simpleradio.radiosmither	sha256:b2ff65036a44d3bfed32286954da67dd876c84a3586cc72bb65e82d2a421de41	PASS	/root/rescripted_registry_n_review	english_source_context_family_review
item:block.simpleradio.receiver	sha256:86cec081a5288000ddb804c24ac70de62a5060e5b4f4068b01a01f9f29dddacc	PASS	/root/rescripted_registry_n_review	english_source_context_family_review
item:block.simpleradio.speaker	sha256:a9e0c70585121f5f79e52330eaf56937d5088e388f0e8b0e14968d9891044f2c	PASS	/root/rescripted_registry_n_review	english_source_context_family_review
item:block.simpleradio.transmitter	sha256:e35e1d86195035d8fdd2de7693a3dba63ce341cc5f0e2475fa68b741a0e5086d	PASS	/root/rescripted_registry_n_review	english_source_context_family_review
item:block.snad.red_snad	sha256:feca14ffea1e8deb40cd71bb19fcd73a0232c7ce475daa9aeefc9c567b2f692c	PASS	/root/rescripted_registry_n_review	english_source_context_family_review
item:block.snad.snad	sha256:0bfe80031522ae9165a456ccadc2863353c4c4e3ccf5ff5cec7c04497632dc76	PASS	/root/rescripted_registry_n_review	english_source_context_family_review
item:block.snad.suol_snad	sha256:7cb09be67b5feee9653ecd752c991a308d11117a2b05d24c3c83001f475d08e0	PASS	/root/rescripted_registry_n_review	english_source_context_family_review
item:block.storage_shelves.acacia_crafting_storage_shelf	sha256:e2181c38074ab48e8811190a3d20155770107a552dcc16b1a1288aa7b3d4db1b	PASS	/root/rescripted_registry_n_review	english_source_context_family_review
item:block.storage_shelves.acacia_storage_shelf	sha256:074768925f28de69064d34f8ca7f6e6ca5b7cb5324fa374c3f5b7f7c3298ce2b	PASS	/root/rescripted_registry_n_review	english_source_context_family_review
item:block.storage_shelves.acacia_storage_shelf_1	sha256:074768925f28de69064d34f8ca7f6e6ca5b7cb5324fa374c3f5b7f7c3298ce2b	PASS	/root/rescripted_registry_n_review	english_source_context_family_review
item:block.storage_shelves.acacia_storage_shelf_2	sha256:074768925f28de69064d34f8ca7f6e6ca5b7cb5324fa374c3f5b7f7c3298ce2b	PASS	/root/rescripted_registry_n_review	english_source_context_family_review
item:block.storage_shelves.acacia_storage_shelf_3	sha256:074768925f28de69064d34f8ca7f6e6ca5b7cb5324fa374c3f5b7f7c3298ce2b	PASS	/root/rescripted_registry_n_review	english_source_context_family_review
item:block.storage_shelves.acacia_storage_shelf_large	sha256:074768925f28de69064d34f8ca7f6e6ca5b7cb5324fa374c3f5b7f7c3298ce2b	PASS	/root/rescripted_registry_n_review	english_source_context_family_review
item:block.storage_shelves.bamboo_crafting_storage_shelf	sha256:b6d1b3b045d1a27ba891a916181e8e7a830c06b765267e51a8e5dfb87fe89f55	PASS	/root/rescripted_registry_n_review	english_source_context_family_review
item:block.storage_shelves.bamboo_storage_shelf	sha256:272d323be76a3ef75077cada711e8b1350fcf7fb146d14639e2724b0c48cdc52	PASS	/root/rescripted_registry_n_review	english_source_context_family_review
item:block.storage_shelves.bamboo_storage_shelf_1	sha256:272d323be76a3ef75077cada711e8b1350fcf7fb146d14639e2724b0c48cdc52	PASS	/root/rescripted_registry_n_review	english_source_context_family_review
item:block.storage_shelves.bamboo_storage_shelf_2	sha256:272d323be76a3ef75077cada711e8b1350fcf7fb146d14639e2724b0c48cdc52	PASS	/root/rescripted_registry_n_review	english_source_context_family_review
item:block.storage_shelves.bamboo_storage_shelf_3	sha256:272d323be76a3ef75077cada711e8b1350fcf7fb146d14639e2724b0c48cdc52	PASS	/root/rescripted_registry_n_review	english_source_context_family_review
item:block.storage_shelves.bamboo_storage_shelf_large	sha256:272d323be76a3ef75077cada711e8b1350fcf7fb146d14639e2724b0c48cdc52	PASS	/root/rescripted_registry_n_review	english_source_context_family_review
item:block.storage_shelves.birch_crafting_storage_shelf	sha256:c057a5bba28183cb417ea4207b8ebde3c1039d3627a347fc1f077590f4b0e180	PASS	/root/rescripted_registry_n_review	english_source_context_family_review
item:block.storage_shelves.birch_storage_shelf	sha256:c09f631885b970122013eae126bb40baf7e9b0f15a3d3f16973b14925fb542f6	PASS	/root/rescripted_registry_n_review	english_source_context_family_review
item:block.storage_shelves.birch_storage_shelf_1	sha256:c09f631885b970122013eae126bb40baf7e9b0f15a3d3f16973b14925fb542f6	PASS	/root/rescripted_registry_n_review	english_source_context_family_review
item:block.storage_shelves.birch_storage_shelf_2	sha256:c09f631885b970122013eae126bb40baf7e9b0f15a3d3f16973b14925fb542f6	PASS	/root/rescripted_registry_n_review	english_source_context_family_review
item:block.storage_shelves.birch_storage_shelf_3	sha256:c09f631885b970122013eae126bb40baf7e9b0f15a3d3f16973b14925fb542f6	PASS	/root/rescripted_registry_n_review	english_source_context_family_review
item:block.storage_shelves.birch_storage_shelf_large	sha256:c09f631885b970122013eae126bb40baf7e9b0f15a3d3f16973b14925fb542f6	PASS	/root/rescripted_registry_n_review	english_source_context_family_review
item:block.storage_shelves.cardboard_stack_1	sha256:64678ec1488f91cc0b95f690639f0a586db599537dfdfed2ed37859b813144d6	PASS	/root/rescripted_registry_n_review	english_source_context_family_review
item:block.storage_shelves.cardboard_stack_2	sha256:a629b415bb2f66e6a16145dcda0089473f8c6fb14fc22aa89e2168c71ed4e65b	PASS	/root/rescripted_registry_n_review	english_source_context_family_review
item:block.storage_shelves.cardboard_stack_3	sha256:96916f39b5195bc5533671ba7facc6517ed7534831231bbe7f2bd6510463b4d1	PASS	/root/rescripted_registry_n_review	english_source_context_family_review
item:block.storage_shelves.cherry_crafting_storage_shelf	sha256:cb086f9b0d08777b0ead5614d38981cadad22b17a86e678c21b43076e8856b3a	PASS	/root/rescripted_registry_n_review	english_source_context_family_review
item:block.storage_shelves.cherry_storage_shelf	sha256:de41591d96f3db691fe956f4741716026a63b77348f685e655329cf1d239908f	PASS	/root/rescripted_registry_n_review	english_source_context_family_review
item:block.storage_shelves.cherry_storage_shelf_1	sha256:de41591d96f3db691fe956f4741716026a63b77348f685e655329cf1d239908f	PASS	/root/rescripted_registry_n_review	english_source_context_family_review
item:block.storage_shelves.cherry_storage_shelf_2	sha256:de41591d96f3db691fe956f4741716026a63b77348f685e655329cf1d239908f	PASS	/root/rescripted_registry_n_review	english_source_context_family_review
item:block.storage_shelves.cherry_storage_shelf_3	sha256:de41591d96f3db691fe956f4741716026a63b77348f685e655329cf1d239908f	PASS	/root/rescripted_registry_n_review	english_source_context_family_review
item:block.storage_shelves.cherry_storage_shelf_large	sha256:de41591d96f3db691fe956f4741716026a63b77348f685e655329cf1d239908f	PASS	/root/rescripted_registry_n_review	english_source_context_family_review
item:block.storage_shelves.crimson_crafting_storage_shelf	sha256:ff213d14eb81633a2861dca9187ef22b2bf452dff3d6c134527b57af1c52745c	PASS	/root/rescripted_registry_n_review	english_source_context_family_review
item:block.storage_shelves.crimson_storage_shelf	sha256:fc1b0fe3d165315dd77e2bd477f9bc2af4708f5ae048c2d8885b360e1f0473d9	PASS	/root/rescripted_registry_n_review	english_source_context_family_review
item:block.storage_shelves.crimson_storage_shelf_1	sha256:fc1b0fe3d165315dd77e2bd477f9bc2af4708f5ae048c2d8885b360e1f0473d9	PASS	/root/rescripted_registry_n_review	english_source_context_family_review
item:block.storage_shelves.crimson_storage_shelf_2	sha256:fc1b0fe3d165315dd77e2bd477f9bc2af4708f5ae048c2d8885b360e1f0473d9	PASS	/root/rescripted_registry_n_review	english_source_context_family_review
item:block.storage_shelves.crimson_storage_shelf_3	sha256:fc1b0fe3d165315dd77e2bd477f9bc2af4708f5ae048c2d8885b360e1f0473d9	PASS	/root/rescripted_registry_n_review	english_source_context_family_review
item:block.storage_shelves.crimson_storage_shelf_large	sha256:fc1b0fe3d165315dd77e2bd477f9bc2af4708f5ae048c2d8885b360e1f0473d9	PASS	/root/rescripted_registry_n_review	english_source_context_family_review
item:block.storage_shelves.dark_oak_crafting_storage_shelf	sha256:71e446dd26ccd0cdb6d960e97a15cea9e83da4a153b387e1a8f3fddd8d7506ad	PASS	/root/rescripted_registry_n_review	english_source_context_family_review
item:block.storage_shelves.dark_oak_storage_shelf	sha256:0704e1e3ad243699085763aaf36f60386f6b15c19b8aa6e3ee2536df65f893cc	PASS	/root/rescripted_registry_n_review	english_source_context_family_review
item:block.storage_shelves.dark_oak_storage_shelf_1	sha256:0704e1e3ad243699085763aaf36f60386f6b15c19b8aa6e3ee2536df65f893cc	PASS	/root/rescripted_registry_n_review	english_source_context_family_review
item:block.storage_shelves.dark_oak_storage_shelf_2	sha256:0704e1e3ad243699085763aaf36f60386f6b15c19b8aa6e3ee2536df65f893cc	PASS	/root/rescripted_registry_n_review	english_source_context_family_review
item:block.storage_shelves.dark_oak_storage_shelf_3	sha256:0704e1e3ad243699085763aaf36f60386f6b15c19b8aa6e3ee2536df65f893cc	PASS	/root/rescripted_registry_n_review	english_source_context_family_review
item:block.storage_shelves.dark_oak_storage_shelf_large	sha256:0704e1e3ad243699085763aaf36f60386f6b15c19b8aa6e3ee2536df65f893cc	PASS	/root/rescripted_registry_n_review	english_source_context_family_review
item:block.storage_shelves.jungle_crafting_storage_shelf	sha256:f3f84880523674286f2aa2831509489b4d366323c671f0301c05e02f9056b455	PASS	/root/rescripted_registry_n_review	english_source_context_family_review
item:block.storage_shelves.jungle_storage_shelf	sha256:2d1cd2ad34ed2f78ae97203cd440690a8338b4ddb8184ac0e5b251776b2a73df	PASS	/root/rescripted_registry_n_review	english_source_context_family_review
item:block.storage_shelves.jungle_storage_shelf_1	sha256:2d1cd2ad34ed2f78ae97203cd440690a8338b4ddb8184ac0e5b251776b2a73df	PASS	/root/rescripted_registry_n_review	english_source_context_family_review
item:block.storage_shelves.jungle_storage_shelf_2	sha256:2d1cd2ad34ed2f78ae97203cd440690a8338b4ddb8184ac0e5b251776b2a73df	PASS	/root/rescripted_registry_n_review	english_source_context_family_review
item:block.storage_shelves.jungle_storage_shelf_3	sha256:2d1cd2ad34ed2f78ae97203cd440690a8338b4ddb8184ac0e5b251776b2a73df	PASS	/root/rescripted_registry_n_review	english_source_context_family_review
item:block.storage_shelves.jungle_storage_shelf_large	sha256:2d1cd2ad34ed2f78ae97203cd440690a8338b4ddb8184ac0e5b251776b2a73df	PASS	/root/rescripted_registry_n_review	english_source_context_family_review
item:block.storage_shelves.large_cardboard_box_stack	sha256:97dab13550e82bd7baf15d851c7ae58644aaea055dbe1e63c814abd426b790f2	PASS	/root/rescripted_registry_n_review	english_source_context_family_review
item:block.storage_shelves.mangrove_crafting_storage_shelf	sha256:5103d24cdd4ad9c14153c3b493a169bb0a156bafa1bc3db672805ac17feaddf9	PASS	/root/rescripted_registry_n_review	english_source_context_family_review
item:block.storage_shelves.mangrove_storage_shelf	sha256:04841913808f4f1a1caa3edfd6f46000b95287556a56e7573aa8eadfab748263	PASS	/root/rescripted_registry_n_review	english_source_context_family_review
item:block.storage_shelves.mangrove_storage_shelf_1	sha256:04841913808f4f1a1caa3edfd6f46000b95287556a56e7573aa8eadfab748263	PASS	/root/rescripted_registry_n_review	english_source_context_family_review
item:block.storage_shelves.mangrove_storage_shelf_2	sha256:04841913808f4f1a1caa3edfd6f46000b95287556a56e7573aa8eadfab748263	PASS	/root/rescripted_registry_n_review	english_source_context_family_review
item:block.storage_shelves.mangrove_storage_shelf_3	sha256:04841913808f4f1a1caa3edfd6f46000b95287556a56e7573aa8eadfab748263	PASS	/root/rescripted_registry_n_review	english_source_context_family_review
item:block.storage_shelves.mangrove_storage_shelf_large	sha256:04841913808f4f1a1caa3edfd6f46000b95287556a56e7573aa8eadfab748263	PASS	/root/rescripted_registry_n_review	english_source_context_family_review
item:block.storage_shelves.oak_crafting_storage_shelf	sha256:b18235d1bddd9782c734b3fbf89b82fc7e6228d38a004a8a1bc9543c576f542f	PASS	/root/rescripted_registry_n_review	english_source_context_family_review
item:block.storage_shelves.oak_storage_shelf	sha256:458e8e9a72d39cd6d2edfde305d8876b4abfc3001fcc1d8b8c0ddc965902194f	PASS	/root/rescripted_registry_n_review	english_source_context_family_review
item:block.storage_shelves.oak_storage_shelf_1	sha256:458e8e9a72d39cd6d2edfde305d8876b4abfc3001fcc1d8b8c0ddc965902194f	PASS	/root/rescripted_registry_n_review	english_source_context_family_review
item:block.storage_shelves.oak_storage_shelf_2	sha256:458e8e9a72d39cd6d2edfde305d8876b4abfc3001fcc1d8b8c0ddc965902194f	PASS	/root/rescripted_registry_n_review	english_source_context_family_review
item:block.storage_shelves.oak_storage_shelf_3	sha256:458e8e9a72d39cd6d2edfde305d8876b4abfc3001fcc1d8b8c0ddc965902194f	PASS	/root/rescripted_registry_n_review	english_source_context_family_review
item:block.storage_shelves.oak_storage_shelf_large	sha256:458e8e9a72d39cd6d2edfde305d8876b4abfc3001fcc1d8b8c0ddc965902194f	PASS	/root/rescripted_registry_n_review	english_source_context_family_review
item:block.storage_shelves.spruce_crafting_storage_shelf	sha256:bb084ae90177daa45db2d71c9d80f1debea54dde068abcbfb7be41df2f4aad03	PASS	/root/rescripted_registry_n_review	english_source_context_family_review
item:block.storage_shelves.spruce_storage_shelf	sha256:2fcbe6b1c171bcf43ec6fdc1676f2f83a4b4b7f60ae5786182fd625929a835c0	PASS	/root/rescripted_registry_n_review	english_source_context_family_review
item:block.storage_shelves.spruce_storage_shelf_1	sha256:2fcbe6b1c171bcf43ec6fdc1676f2f83a4b4b7f60ae5786182fd625929a835c0	PASS	/root/rescripted_registry_n_review	english_source_context_family_review
item:block.storage_shelves.spruce_storage_shelf_2	sha256:2fcbe6b1c171bcf43ec6fdc1676f2f83a4b4b7f60ae5786182fd625929a835c0	PASS	/root/rescripted_registry_n_review	english_source_context_family_review
item:block.storage_shelves.spruce_storage_shelf_3	sha256:2fcbe6b1c171bcf43ec6fdc1676f2f83a4b4b7f60ae5786182fd625929a835c0	PASS	/root/rescripted_registry_n_review	english_source_context_family_review
item:block.storage_shelves.spruce_storage_shelf_large	sha256:2fcbe6b1c171bcf43ec6fdc1676f2f83a4b4b7f60ae5786182fd625929a835c0	PASS	/root/rescripted_registry_n_review	english_source_context_family_review
item:block.storage_shelves.warped_crafting_storage_shelf	sha256:d4c1edea92b4a3fd3e2308f298dc925e7e27bcaf01802d53ec0e59282872e711	PASS	/root/rescripted_registry_n_review	english_source_context_family_review
item:block.storage_shelves.warped_storage_shelf	sha256:b4d2338ca604d516d5d60d605855c929ab88d6cb2cdd00add0db2ccb1358608b	PASS	/root/rescripted_registry_n_review	english_source_context_family_review
item:block.storage_shelves.warped_storage_shelf_1	sha256:b4d2338ca604d516d5d60d605855c929ab88d6cb2cdd00add0db2ccb1358608b	PASS	/root/rescripted_registry_n_review	english_source_context_family_review
item:block.storage_shelves.warped_storage_shelf_2	sha256:b4d2338ca604d516d5d60d605855c929ab88d6cb2cdd00add0db2ccb1358608b	PASS	/root/rescripted_registry_n_review	english_source_context_family_review
item:block.storage_shelves.warped_storage_shelf_3	sha256:b4d2338ca604d516d5d60d605855c929ab88d6cb2cdd00add0db2ccb1358608b	PASS	/root/rescripted_registry_n_review	english_source_context_family_review
item:block.storage_shelves.warped_storage_shelf_large	sha256:b4d2338ca604d516d5d60d605855c929ab88d6cb2cdd00add0db2ccb1358608b	PASS	/root/rescripted_registry_n_review	english_source_context_family_review
item:block.storagedrawers.compacting_drawers_2	sha256:2faab2fe6dc80de996768abc6f6572cd6ed9f03575cc27b7fdd572d8e387a66f	CHANGE	/root/rescripted_registry_n_review	english_source_context_family_review
item:block.storagedrawers.compacting_drawers_3	sha256:b69feb61496b1949261e7c16a61e44c8dd5a963bcf4f4f27edb93377863f21dc	PASS	/root/rescripted_registry_n_review	english_source_context_family_review
item:block.storagedrawers.compacting_half_drawers_2	sha256:403f3380a15d662a6fd56bc45b485e11a72e00b0f727f6df3c396bf74ea0f03f	CHANGE	/root/rescripted_registry_n_review	english_source_context_family_review
item:block.storagedrawers.compacting_half_drawers_3	sha256:29f3f15809d02e08b0295d2914bbe9b2a5f4ea90bd1401d87a0966363cb6ef55	PASS	/root/rescripted_registry_n_review	english_source_context_family_review
item:block.storagedrawers.controller	sha256:8ad36c8476de21ba70ab8a61c268b7e05f71d528791bdfa986d8f1135a5dd1fc	PASS	/root/rescripted_registry_n_review	english_source_context_family_review
item:block.storagedrawers.framed_compacting_drawers_2	sha256:a0089ce592789935ab66b775c74dff2d8718ba3520c187132765cc7af73632e6	PASS	/root/rescripted_registry_n_review	english_source_context_family_review
item:block.storagedrawers.framed_compacting_drawers_3	sha256:187e6c05911d4d57f23295f2d864252497d4b21840f12d2fa03522b00e6877fc	PASS	/root/rescripted_registry_n_review	english_source_context_family_review
item:block.storagedrawers.framed_compacting_half_drawers_2	sha256:c5246b64d02dfab04b4db45a162167fa3b0346228b193e10d085d661fdc90da3	CHANGE	/root/rescripted_registry_n_review	english_source_context_family_review
item:block.storagedrawers.framed_compacting_half_drawers_3	sha256:92fe1443acb6872bbe871e519ec32f45e748c6596e13d0e5277a3959f0f97c74	PASS	/root/rescripted_registry_n_review	english_source_context_family_review
item:block.storagedrawers.framed_controller	sha256:a06e51153c708eeb1c547973f6a3c5dcaaa6043c18e6d9bde0d0de6ef0083b08	PASS	/root/rescripted_registry_n_review	english_source_context_family_review
item:block.storagedrawers.framed_controller_io	sha256:ea2b466b4170830ca497851971f50325d94f265620b27f5700e2412726cfdd07	PASS	/root/rescripted_registry_n_review	english_source_context_family_review
item:block.storagedrawers.framing_table	sha256:42e3b573fecff7897cfa3404567891cb301838e9d04eaa404df21bc58ec4ede1	PASS	/root/rescripted_registry_n_review	english_source_context_family_review
item:block.storagedrawers.keybutton_concealment	sha256:0f1970e429c309c9c453eaa0f44117aa6eb3cb0123ef121dbeb79fe130011b18	PASS	/root/rescripted_registry_n_review	english_source_context_family_review
item:block.storagedrawers.keybutton_drawer	sha256:396ce8858a74a3121ef76712df9ca7e3fa5439d932faeb89c80be4a4d07ca9df	PASS	/root/rescripted_registry_n_review	english_source_context_family_review
item:block.storagedrawers.keybutton_quantify	sha256:20c6be4ff5bad67ba0d1f6c4618d0eee812d019770496147a6bdb7967ceef2e4	PASS	/root/rescripted_registry_n_review	english_source_context_family_review
item:block.supplementaries.ash_bricks	sha256:71f7861fb2de4021fd20c81951984e58e34a4fedc85c19176540df093d2e4d96	PASS	/root/rescripted_registry_n_review	english_source_context_family_review
item:block.supplementaries.ash_bricks_slab	sha256:bedfcd4ba88e4bf7b384cae5219ea23e353ad5f32063f344bf44248b6c91d840	PASS	/root/rescripted_registry_n_review	english_source_context_family_review
item:block.supplementaries.ash_bricks_stairs	sha256:da4d5936dcba1b370148fefec5eb44e698915091e888b26f55ddc82286b44aef	PASS	/root/rescripted_registry_n_review	english_source_context_family_review
item:block.supplementaries.ash_bricks_wall	sha256:e0ca4ddd1342cbf74a2329ecd5538d88a31c20fc3c477d025a5dbe9f3f909dfe	PASS	/root/rescripted_registry_n_review	english_source_context_family_review
item:block.supplementaries.awning	sha256:a8597ba74ca2481d7bc17d1e03b418bc82d4bfa0760990b27a6580135af8e741	PASS	/root/rescripted_registry_n_review	english_source_context_family_review
item:block.supplementaries.awning_black	sha256:2d222989d38e5f8ea4446ae7ad30ca19970ef457f11978e4bdefea9b8aa5697d	PASS	/root/rescripted_registry_n_review	english_source_context_family_review
item:block.supplementaries.awning_blue	sha256:54e193e3c4a16270b4ab31d38d1a153e8a0f48829d6d500f1dce34e5dd9cff8b	PASS	/root/rescripted_registry_n_review	english_source_context_family_review
item:block.supplementaries.awning_brown	sha256:6c543bc36f120ba47e5294cd5001880a4ac8eb494c23e5bc5d5ad2082e56bafe	PASS	/root/rescripted_registry_n_review	english_source_context_family_review
item:block.supplementaries.awning_cyan	sha256:e6c5f29ff6f8a77f29d3dd8eb72c89fc4c93227737acfb9f52bfc954e21c1bb0	PASS	/root/rescripted_registry_n_review	english_source_context_family_review
item:block.supplementaries.awning_gray	sha256:c07880dc7b823082142ae20ad7b6b0a8aadf53150953df7139c016963892c7ca	PASS	/root/rescripted_registry_n_review	english_source_context_family_review
item:block.supplementaries.awning_green	sha256:1ff9c7b061963534234778bc4b6591410813c1090413eef65e356d3043a31965	PASS	/root/rescripted_registry_n_review	english_source_context_family_review
item:block.supplementaries.awning_light_blue	sha256:1ad7498bb24afac982ab922a5cc271f7dabf429f8e0ec947bf8f508652c87e08	PASS	/root/rescripted_registry_n_review	english_source_context_family_review
item:block.supplementaries.awning_light_gray	sha256:a4dad2372c033230d60d642a716b7b9f8f753065c7a82b902a5f4a578c55cdd4	PASS	/root/rescripted_registry_n_review	english_source_context_family_review
item:block.supplementaries.awning_lime	sha256:95f9a1a50d227888e5e11d9ae349e899a6d60bd4f787fddeb13dcaa46b91d5b4	PASS	/root/rescripted_registry_n_review	english_source_context_family_review
item:block.supplementaries.awning_magenta	sha256:bc996a5e86bef5f032d6d692c19d47d7008d51f78fcb7d90cb921c32d9172411	PASS	/root/rescripted_registry_n_review	english_source_context_family_review
item:block.supplementaries.awning_orange	sha256:52b135053530185a4a8827f814a0319fba8a77b945d781e03e9e4f76f8ad3fec	PASS	/root/rescripted_registry_n_review	english_source_context_family_review
item:block.supplementaries.awning_pink	sha256:748fc9df4cf92fbd714cfd22b5df650a9781c94b244c000133f9d792fbbf1240	PASS	/root/rescripted_registry_n_review	english_source_context_family_review
item:block.supplementaries.awning_purple	sha256:025b5259aff3ce0044df55f99d5c9ac28e496d6e3b53b778b88f56b2af9445a0	PASS	/root/rescripted_registry_n_review	english_source_context_family_review
item:block.supplementaries.awning_red	sha256:37a6b9ad68e3a423f0daaf80843cfada2870c5dfe4b7eeabf25f3eb8e4210d95	PASS	/root/rescripted_registry_n_review	english_source_context_family_review
item:block.supplementaries.awning_white	sha256:fbe1212bb9cef30908f10619cfd5a79f66bcde40224e4cb925574bb9b0c7b7f6	PASS	/root/rescripted_registry_n_review	english_source_context_family_review
item:block.supplementaries.awning_yellow	sha256:c59c74e3537a6f7ffdb170adc612d73abab6d5268497aba8abf33e1fa2f02d2c	PASS	/root/rescripted_registry_n_review	english_source_context_family_review
item:block.supplementaries.bamboo_spikes	sha256:69f0eadfed19afa60ac860b1cdb6b1b88d42816d053451baa4395a1c1bc8a012	PASS	/root/rescripted_registry_n_review	english_source_context_family_review
item:block.supplementaries.bellows	sha256:7b10e2358b701338941977a526ec667c4de03bba9823000254f3e4272276dcca	PASS	/root/rescripted_registry_n_review	english_source_context_family_review
item:block.supplementaries.blackboard	sha256:384b8fa5f401bdb96e928206fbc9179ff6e8f504e69a4b79b9a86eec461d5461	PASS	/root/rescripted_registry_n_review	english_source_context_family_review
item:block.supplementaries.blackstone_lamp	sha256:02cf3866f3b70a0ad4dfcbe7634a0d12dc5bfd2fd17cf826c9a75d3b3cecb933	PASS	/root/rescripted_registry_n_review	english_source_context_family_review
item:block.supplementaries.blackstone_tile	sha256:9386c79b4d2d2670b032b28993934b5c22fd7fa610d665a0399cd9b563551268	PASS	/root/rescripted_registry_n_review	english_source_context_family_review
item:block.supplementaries.blackstone_tile_slab	sha256:68899fb163c002810d0d37e3f902250b288a7d1b146a0e454020aedef50b37fb	PASS	/root/rescripted_registry_n_review	english_source_context_family_review
item:block.supplementaries.blackstone_tile_stairs	sha256:da2d3f8dfc8b1c20b2b895c4100076fd09682a57efb8d033c62b9c6b10602374	PASS	/root/rescripted_registry_n_review	english_source_context_family_review
item:block.supplementaries.blackstone_tile_wall	sha256:a4dee8e6670a8702cdad0338bb3e9cc48cabb8fd6925b21333313abd1a3ef4d5	PASS	/root/rescripted_registry_n_review	english_source_context_family_review
item:block.supplementaries.bubble_block	sha256:d59c989c170a849a27e2fad146c152e64f1da98e25c065f822aacf9305280a23	PASS	/root/rescripted_registry_n_review	english_source_context_family_review
item:block.supplementaries.cage	sha256:a126b42b062591c2dded4022bd551a241df7fccb8f078ee3b143613d8bb20c53	PASS	/root/rescripted_registry_n_review	english_source_context_family_review
item:block.supplementaries.candle_holder	sha256:493c068460dd360714054e7004032526de3fe84e6c9dd236297bc7d6278b1911	PASS	/root/rescripted_registry_n_review	english_source_context_family_review
item:block.supplementaries.candle_holder_black	sha256:b3fa00b96095835dd5f4977aa877b510815cde1d142095d71bb37bd564c668b8	PASS	/root/rescripted_registry_n_review	english_source_context_family_review
item:block.supplementaries.candle_holder_blue	sha256:324c71cf14f9d876580182d801c73ded605300a7487423aaa8c70f035eba7778	PASS	/root/rescripted_registry_n_review	english_source_context_family_review
item:block.supplementaries.candle_holder_brown	sha256:0469425500e4f45b7838fc9e9bd4c5b05611a84fed84c6a75a731c7d340c101d	PASS	/root/rescripted_registry_n_review	english_source_context_family_review
item:block.supplementaries.candle_holder_cyan	sha256:2f3f040e64f1a225223478f748cd215aefde4d45aad817be8ebdeabe0cafe77e	PASS	/root/rescripted_registry_n_review	english_source_context_family_review
item:block.supplementaries.candle_holder_gray	sha256:250b1993cb4e1d8f573e7aa949087c53bb5fa919c20706bd09440e2def3e7207	PASS	/root/rescripted_registry_n_review	english_source_context_family_review
item:block.supplementaries.candle_holder_green	sha256:d93e233d066842f0e4699150a82482484d3e89bd4a89a193be4924f50085a5e3	PASS	/root/rescripted_registry_n_review	english_source_context_family_review
item:block.supplementaries.candle_holder_light_blue	sha256:b7f2032c16859d74bb4f683e031726b6407b6671c4f5d6b268d67d001117780b	PASS	/root/rescripted_registry_n_review	english_source_context_family_review
item:block.supplementaries.candle_holder_light_gray	sha256:94ddf3d4b24c441ce7ef4342eb1f326c1a5371a425694b09531f65d108577bd4	PASS	/root/rescripted_registry_n_review	english_source_context_family_review
item:block.supplementaries.candle_holder_lime	sha256:1e80fa7a63d4bb462d275c5ee38e31d5234a618a0bad031a5c7bde9ed2b7def5	PASS	/root/rescripted_registry_n_review	english_source_context_family_review
item:block.supplementaries.candle_holder_magenta	sha256:32ccc86f988fc8f4a90046037cf23b2e154c860a556cd041617389c997fa06d0	PASS	/root/rescripted_registry_n_review	english_source_context_family_review
item:block.supplementaries.candle_holder_orange	sha256:c9892a0761cd27d652828b03713735f6ece61764cb2349d9b86b1d8d52f2c1f2	PASS	/root/rescripted_registry_n_review	english_source_context_family_review
item:block.supplementaries.candle_holder_pink	sha256:2f67cc81782864ff22c0360d2d72a8b33deebcb265638b2bf746f9764fb5a227	PASS	/root/rescripted_registry_n_review	english_source_context_family_review
item:block.supplementaries.candle_holder_purple	sha256:7dd08581edb6018365e258d2bcedac05de7b5c631ccc634822061e9032ddf8f7	PASS	/root/rescripted_registry_n_review	english_source_context_family_review
item:block.supplementaries.candle_holder_red	sha256:7dd687ca5fa073fe9d483e25accbc4661bdbc8576ce04b0e88ff55b577fecc2e	PASS	/root/rescripted_registry_n_review	english_source_context_family_review
item:block.supplementaries.candle_holder_white	sha256:206b0e8a142000dbf29e9d88adde3fe8413c06411586af22a35b7be82dffab91	PASS	/root/rescripted_registry_n_review	english_source_context_family_review
item:block.supplementaries.candle_holder_yellow	sha256:1c2299ff9c5bd3ad2386c3ecdb40cde4ab286c41f4d502cc775c9de3a84871b3	PASS	/root/rescripted_registry_n_review	english_source_context_family_review
item:block.supplementaries.cannon	sha256:23c237c85e6a130b512fbb81cb145360127cb8a3a7bfd0964e3249b43d70d792	PASS	/root/rescripted_registry_n_review	english_source_context_family_review
item:block.supplementaries.cannonball	sha256:63faebb494c84e362d8072c0b5f759b35e8de6e3ebe638882199ff43a7959684	PASS	/root/rescripted_registry_n_review	english_source_context_family_review
item:block.supplementaries.checker_block	sha256:2e8dd7ef94388e7301abc2aa86026435cd5621351b6067abda53536cecc56772	PASS	/root/rescripted_registry_n_review	english_source_context_family_review
item:block.supplementaries.checker_slab	sha256:183c6413d6aebb9adcfb74e8ff44f19c5ca5f99312a1db267b815ec0788e1fc9	PASS	/root/rescripted_registry_n_review	english_source_context_family_review
item:block.supplementaries.clock_block	sha256:010fe7ac29f40dc3b3882ae0be40d23de74e3c4217a7497576dbf1d0947d9253	PASS	/root/rescripted_registry_n_review	english_source_context_family_review
item:block.supplementaries.cog_block	sha256:2ebcedb83415d15c2e2fe85d400fcdadd15e7ace64b9e1eeb3b1b44daea3b764	PASS	/root/rescripted_registry_n_review	english_source_context_family_review
item:block.supplementaries.crank	sha256:6290fd22055bfb342f4b24b66fa43fba8899220c9b6f4a011593a3a2bc338b68	PASS	/root/rescripted_registry_n_review	english_source_context_family_review
item:block.supplementaries.crystal_display	sha256:988b919ade79fa181783a0d66d41f01f2d0121d61ce7e30f8007ada943ad27a8	PASS	/root/rescripted_registry_n_review	english_source_context_family_review
item:block.supplementaries.daub	sha256:6b553c71b63cdaac6a71314f9588c1130e3a3ea3449764305e8b8a2d15cdd215	PASS	/root/rescripted_registry_n_review	english_source_context_family_review
item:block.supplementaries.daub_brace	sha256:fc0241df15cc6fb25bd27c79be0333d0010cace4b70c8c5e172f223ea0322fe1	PASS	/root/rescripted_registry_n_review	english_source_context_family_review
item:block.supplementaries.daub_cross_brace	sha256:51daad886cce865580c8d3ee71848393007c96d713247ba63a9c06207b81f800	PASS	/root/rescripted_registry_n_review	english_source_context_family_review
item:block.supplementaries.daub_frame	sha256:1ee3dab9fd3342742514ebb2d2c5d42e04910b1560eb1be3ec7bcacd16e91c81	PASS	/root/rescripted_registry_n_review	english_source_context_family_review
item:block.supplementaries.deepslate_lamp	sha256:f3c21062555523da2fb885c0de1d9748da370b2f6c43007ed810d35fb59a7eaf	PASS	/root/rescripted_registry_n_review	english_source_context_family_review
item:block.supplementaries.doormat	sha256:dfbfcda726bd58fa1e466c126b1f622cb6ded57fdd60743d1cd33fd42bb277f5	PASS	/root/rescripted_registry_n_review	english_source_context_family_review
item:block.supplementaries.end_stone_lamp	sha256:a42f2599c50814173ed192df8f3810ce4fd55d8183ee6e4fe9af35c52231a748	PASS	/root/rescripted_registry_n_review	english_source_context_family_review
item:block.supplementaries.enderman_head	sha256:2afb159c44c55079d862fd565cefe35f241cd12dc4ac24874e96f992cbc0e47a	PASS	/root/rescripted_registry_n_review	english_source_context_family_review
item:block.supplementaries.faucet	sha256:e00246bf259348b1a0697b160eac57d457931e02f59b506878aa6d00686e6d73	PASS	/root/rescripted_registry_n_review	english_source_context_family_review
item:block.supplementaries.feather_block	sha256:a826de68f218e479fa9e1ab49f61a7c31db8dd10762cb0970b4e6a4cb2c3ff5f	PASS	/root/rescripted_registry_n_review	english_source_context_family_review
item:block.supplementaries.fine_wood	sha256:823b8a5c7652d6ef13295cc1d3b8bfe37e82d2696d56ed309719b27fa07b8bc4	CHANGE	/root/rescripted_registry_n_review	english_source_context_family_review
item:block.supplementaries.fine_wood_slab	sha256:06bd83f4b7cfa2486000a0549ca8fed666546cdce393de28afcde23236227fc8	CHANGE	/root/rescripted_registry_n_review	english_source_context_family_review
item:block.supplementaries.fine_wood_stairs	sha256:958cae8f63846eac2552653314d4420a0f294409fbdb4a9b28cd0aa00cbc03ca	CHANGE	/root/rescripted_registry_n_review	english_source_context_family_review
item:block.supplementaries.fire_pit	sha256:ced9c85aec8c517d349e76274ceea6e888b92174042389662aeab169de65d443	PASS	/root/rescripted_registry_n_review	english_source_context_family_review
item:block.supplementaries.flag_black	sha256:20ae1fbe9bd5410694d9e46545366841b32f9a11a2c66bbd94a478c4bda9d28a	PASS	/root/rescripted_registry_n_review	english_source_context_family_review
item:block.supplementaries.flag_blue	sha256:6cf0cc3b7ce0a838ae3b8c17d439e22d403c6fad2cc5f25d1ea1ee709c4e081e	PASS	/root/rescripted_registry_n_review	english_source_context_family_review
item:block.supplementaries.flag_brown	sha256:5663a30ebc24ea812cc0c3b59530b1e0e6f34304a275ad7f0b71a8d1c0c7c64c	PASS	/root/rescripted_registry_n_review	english_source_context_family_review
item:block.supplementaries.flag_cyan	sha256:791c20e7500ec9c669207cfee24af1ed0aa89ca245ece1442c1ed4e40398e926	PASS	/root/rescripted_registry_n_review	english_source_context_family_review
item:block.supplementaries.flag_gray	sha256:8009c81490a8102007fd4b6b3024f1b298c811a772cd1904286ea4ed01b17a92	PASS	/root/rescripted_registry_n_review	english_source_context_family_review
item:block.supplementaries.flag_green	sha256:3510c24b833ddfaaf96141310d82e99a691b36c6f8652d5a81ef64fb68054b74	PASS	/root/rescripted_registry_n_review	english_source_context_family_review
item:block.supplementaries.flag_light_blue	sha256:c6b9e995c9aa1f85d83f2db54ae64cc1dd6d5a569fd8a310182bca2f2f00526b	PASS	/root/rescripted_registry_n_review	english_source_context_family_review
item:block.supplementaries.flag_light_gray	sha256:925cf621866d6431f5682fe1e7b6a89c6babd6fa2dba90a08811d882ce95ad26	PASS	/root/rescripted_registry_n_review	english_source_context_family_review
item:block.supplementaries.flag_lime	sha256:25cbbd1b3d26a45aed92f2862c0cc62c2f17517ea137b0f17142bb4997c40f76	PASS	/root/rescripted_registry_n_review	english_source_context_family_review
item:block.supplementaries.flag_magenta	sha256:aec50c9744a182cb14655f0a9d23d8c35afc81eb98bb192f45ac7beff2f229c4	PASS	/root/rescripted_registry_n_review	english_source_context_family_review
item:block.supplementaries.flag_orange	sha256:67e5701488b6d388935b9e97c88bfb5045e4fac95ba15d67395b4f088df68195	PASS	/root/rescripted_registry_n_review	english_source_context_family_review
item:block.supplementaries.flag_pink	sha256:6b55b255eb0a0a58a7f3b2040d7e6922e7f4f8ee0186110687882681409cb8b5	PASS	/root/rescripted_registry_n_review	english_source_context_family_review
item:block.supplementaries.flag_purple	sha256:e1e9b9d431c72e52e37522ab23f21734a81b76dfc3fd07111ae3ef55fae47ecf	PASS	/root/rescripted_registry_n_review	english_source_context_family_review
item:block.supplementaries.flag_red	sha256:65e66553b3d50b99e78aa22f5adda8321e1168b152e99769be9f74d169e6fbe6	PASS	/root/rescripted_registry_n_review	english_source_context_family_review
item:block.supplementaries.flag_white	sha256:8f92630ee8b25bf49710992e6e96643fb375243c740266bdb0d48e1ce5bb3fbe	PASS	/root/rescripted_registry_n_review	english_source_context_family_review
item:block.supplementaries.flag_yellow	sha256:64f8712576eaa74afd6ffb798345db89dc749ca9c9539dbe1b5628c632aac902	PASS	/root/rescripted_registry_n_review	english_source_context_family_review
item:block.supplementaries.flax_block	sha256:0405234e295464ed29335ba710a2b1556754949aeb51bb2a6426bf60a5d720f5	PASS	/root/rescripted_registry_n_review	english_source_context_family_review
item:block.supplementaries.flint_block	sha256:0b0d531d012e5f36b23e0e387f43a6becc6590b5759aaed917bddb3ce20e35f8	PASS	/root/rescripted_registry_n_review	english_source_context_family_review
item:block.supplementaries.flower_box	sha256:14e895d68cd62740aed01519efb7ce421ee3fc4bfce46b48b1fe1f127a478e0b	PASS	/root/rescripted_registry_n_review	english_source_context_family_review
item:block.supplementaries.fodder	sha256:9c20f0b2860b7fcacc0ee042622b0f8932c473ea3181af677931e76183cc4a38	PASS	/root/rescripted_registry_n_review	english_source_context_family_review
item:block.supplementaries.globe	sha256:b565e65f5df7c2f5d58896eee0e8b16e2c03153aaa6b465c3a9a56157025b69a	PASS	/root/rescripted_registry_n_review	english_source_context_family_review
item:block.supplementaries.globe_sepia	sha256:cd67909b70018cfecb942bbf767418ef367d7d2583d70a422fb1ea9a035e839c	PASS	/root/rescripted_registry_n_review	english_source_context_family_review
item:block.supplementaries.goblet	sha256:0a52285b8ec7bca73fbcf154cbe068050b2f80cf4bfce016e542ef5275a87436	PASS	/root/rescripted_registry_n_review	english_source_context_family_review
item:block.supplementaries.gold_door	sha256:fe927692aa2953441844ccdc8c921bbcdc81bd6102e9b7a64d6b26a53a758db3	PASS	/root/rescripted_registry_n_review	english_source_context_family_review
item:block.supplementaries.gold_gate	sha256:a51ccf0ddfa0e4a261014485ee6101b93323ffbed7868ede280d89e58f6e6efa	PASS	/root/rescripted_registry_n_review	english_source_context_family_review
item:block.supplementaries.gold_trapdoor	sha256:40dfeb3470cc520bb4ae18fc99bb1efcd9da6c6d5d2f87b650509e457d0d536e	PASS	/root/rescripted_registry_n_review	english_source_context_family_review
item:block.supplementaries.gravel_bricks	sha256:ce01ec4ea143eac5e33ea1129e84c17df9308face41e3d91ded3a4e4dcacfe39	PASS	/root/rescripted_registry_n_review	english_source_context_family_review
item:block.supplementaries.hourglass	sha256:46594469a67f550056dfae58c1e2132452ea93e24bb37ccce99c8dc0cf1bb35a	PASS	/root/rescripted_registry_n_review	english_source_context_family_review
item:block.supplementaries.iron_gate	sha256:bfda0d32df3f0d9eeb8fdf63e651e8f5a18176f4e0a6f5327726851c6cecb1e0	PASS	/root/rescripted_registry_n_review	english_source_context_family_review
item:block.supplementaries.item_shelf	sha256:b566ddae75e34fec871ea1fb510941aa5ff24aafbcbf5eeba7577bc8257d4214	CHANGE	/root/rescripted_registry_n_review	english_source_context_family_review
item:block.supplementaries.jar	sha256:4d4734235e43f13c15233e18f2d4693d839e0b9eef39bb5f18e6eb87f9d665f6	PASS	/root/rescripted_registry_n_review	english_source_context_family_review
item:block.supplementaries.jar_boat	sha256:a6e98541ec58385a3f35f86fd8476e32558b07948ff74dbe58991005a3757f27	PASS	/root/rescripted_registry_n_review	english_source_context_family_review
item:block.supplementaries.lapis_bricks	sha256:1d020568253586cba5a3b4f9313e0cc2a92caa92eecfef0e7770dfcebe35d763	PASS	/root/rescripted_registry_n_review	english_source_context_family_review
item:block.supplementaries.lapis_bricks_slab	sha256:adf03f0a01eccfe03d8cd17017900721c16c0eaba632ef02fcddbe5de8c547fd	PASS	/root/rescripted_registry_n_review	english_source_context_family_review
item:block.supplementaries.lapis_bricks_stairs	sha256:ac19e1bec3f116501f5d30020d9b605267e0ae48a1203c84ab09eb7e7e2e5723	PASS	/root/rescripted_registry_n_review	english_source_context_family_review
item:block.supplementaries.lapis_bricks_wall	sha256:64f3f142e0acadc52b7c04ffdff3643ab1b058cae76fdad89c226ebf51ad0263	PASS	/root/rescripted_registry_n_review	english_source_context_family_review
item:block.supplementaries.lock_block	sha256:e0435eb046f18913ec2111e366d07d36729fbb3362bbc1d719bfbc7f398958da	PASS	/root/rescripted_registry_n_review	english_source_context_family_review
item:block.supplementaries.netherite_door	sha256:0409d41fec4cda8bf7a8fa2a340add882147ce3e9e641c6305d9017480cd3a7b	PASS	/root/rescripted_registry_n_review	english_source_context_family_review
item:block.supplementaries.netherite_trapdoor	sha256:66ffeaf500ab93675735d6f7748a49c6d787083c26ea583eb0993798ab32c58a	PASS	/root/rescripted_registry_n_review	english_source_context_family_review
item:block.supplementaries.notice_board	sha256:ab32817bf031e5e8d3f5a36b9b276e4966f674688672b08569fcb5897097a56b	PASS	/root/rescripted_registry_n_review	english_source_context_family_review
item:block.supplementaries.pancake	sha256:90710e8a3a0e7b87e3a7178c207e2c9b1348f0f399ffbd61a81b4a30f34be1cf	PASS	/root/rescripted_registry_n_review	english_source_context_family_review
item:block.supplementaries.pedestal	sha256:1aaf64e11962cbac9e3b6ebd065e3f4742c9b7dc2801f4dc20f7f4cd0e9da333	PASS	/root/rescripted_registry_n_review	english_source_context_family_review
item:block.supplementaries.planter	sha256:e6963a2eafb6428d2c17150a2f24943348f47a49535eb2e3ea99abd990c320d8	PASS	/root/rescripted_registry_n_review	english_source_context_family_review
item:block.supplementaries.present	sha256:43f9b89c0b9d22d8110ead813ea3949f20592a8bfc3c777d2d49e64da3b0cc9b	PASS	/root/rescripted_registry_n_review	english_source_context_family_review
item:block.supplementaries.present_black	sha256:1d13e9a6263ab79c29ecbf8984118c48ba89a34bee30472e8a787848afb88bdc	PASS	/root/rescripted_registry_n_review	english_source_context_family_review
item:block.supplementaries.present_blue	sha256:bad44af54e55004399ece42fae334a24b6d03d3058d84953d46583fef644739e	PASS	/root/rescripted_registry_n_review	english_source_context_family_review
item:block.supplementaries.present_brown	sha256:b9d33c27be4645dd3fc19aa9b0e190ebdd252d391aa28c2c3a570aec7ae5b9d3	PASS	/root/rescripted_registry_n_review	english_source_context_family_review
item:block.supplementaries.present_cyan	sha256:ef7d42b4e5a2b11fed2da33491564ec45c4f2c5e6c8847b0e548075c6f4dd6c5	PASS	/root/rescripted_registry_n_review	english_source_context_family_review
item:block.supplementaries.present_gray	sha256:d5723147ba77ed9164155a70e73a0b5e9b789b31e5ff5b570905274bcee095bc	PASS	/root/rescripted_registry_n_review	english_source_context_family_review
item:block.supplementaries.present_green	sha256:a94cfd22115e5a5b6a0407d94ffe8c5db2c0427d27149f0698068c3e84ee73c5	PASS	/root/rescripted_registry_n_review	english_source_context_family_review
item:block.supplementaries.present_light_blue	sha256:1a3fd3a5d67faf70b5ddc49c455e515596fa762887ec7f0c5740b13443b6a438	PASS	/root/rescripted_registry_n_review	english_source_context_family_review
item:block.supplementaries.present_light_gray	sha256:8bab776ef711b14d365836f3de1d9ef82bc181c628dbeada7bb8f28a93a58718	PASS	/root/rescripted_registry_n_review	english_source_context_family_review
item:block.supplementaries.present_lime	sha256:d5922c864362f7733b7240036487fde21e813584387d76efa8bdd409c847dbdb	PASS	/root/rescripted_registry_n_review	english_source_context_family_review
item:block.supplementaries.present_magenta	sha256:e15e95bf4c1ed4abaaab80733818d016e1bd81988d5efcb95f4fdf176c7248b0	PASS	/root/rescripted_registry_n_review	english_source_context_family_review
item:block.supplementaries.present_orange	sha256:badcca6e362d6f2a4cafa3ad2ba3907e042ff793815ce6e6d6001e252e78bb9f	PASS	/root/rescripted_registry_n_review	english_source_context_family_review
item:block.supplementaries.present_pink	sha256:7f5a4aee5f11d7789d7ab043d0eb100d81e6fe23ef75f0a7c832021f993676c4	PASS	/root/rescripted_registry_n_review	english_source_context_family_review
item:block.supplementaries.present_purple	sha256:9caf5f4de9225aa332d26552664932316aaa7ffb80aa210f1e4b8d35926b6557	PASS	/root/rescripted_registry_n_review	english_source_context_family_review
item:block.supplementaries.present_red	sha256:7d35d1e53e56427db6f41f8d9b668029929ad675bd9990698f95016475210b9f	PASS	/root/rescripted_registry_n_review	english_source_context_family_review
item:block.supplementaries.present_white	sha256:cdf9287e6b6db26b8fcd64c47c311e50d26186f088690784d5b7ddf3c337337b	PASS	/root/rescripted_registry_n_review	english_source_context_family_review
item:block.supplementaries.present_yellow	sha256:a7edd7adbba82a676f375fafac5f6cbfb7c3534eda87516849095ebaacc058ba	PASS	/root/rescripted_registry_n_review	english_source_context_family_review
item:block.supplementaries.pulley_block	sha256:646adcd41b18c975737a3b78ffc8689db0c6144bfff2288f6e1de9699a2843ec	PASS	/root/rescripted_registry_n_review	english_source_context_family_review
item:block.supplementaries.raked_gravel	sha256:51c3fd4f5f2edd3c45d67b9940fb2b1914c4662cca52e9312addd35cef0dd6c4	PASS	/root/rescripted_registry_n_review	english_source_context_family_review
item:block.supplementaries.redstone_illuminator	sha256:342c15c1568ae3f9f98d413f77f643446958bcf11351680b38b6f832ecb635f5	PASS	/root/rescripted_registry_n_review	english_source_context_family_review
item:block.supplementaries.relayer	sha256:fb0eb74b2ee21462cc9d1a911df094f4f86eff585bcec73b6a01ff5bcbd8a43d	PASS	/root/rescripted_registry_n_review	english_source_context_family_review
item:block.supplementaries.rope	sha256:b6337bdcf05e243e2e92750e7b156ae2d4a135f2cdcda2a8f1f5a37055af13a2	PASS	/root/rescripted_registry_n_review	english_source_context_family_review
item:block.supplementaries.sack	sha256:006a933c950f8356a5be8cc019e182f156b74dc5ddd9f1c7137f7c652214bd48	PASS	/root/rescripted_registry_n_review	english_source_context_family_review
item:block.supplementaries.safe	sha256:4f9f0dabcd26ae53ecb47f632b5fc4d82f35d4110e2b0fb1a3bad7fce0c5a898	PASS	/root/rescripted_registry_n_review	english_source_context_family_review
item:block.supplementaries.sconce	sha256:b5d49fc53623a568ae4f059fb0f8102c24f12efe2fc32d4699366176aeb47ab2	PASS	/root/rescripted_registry_n_review	english_source_context_family_review
item:block.supplementaries.sconce_green	sha256:0560d563c9beeac85b720df668aee1f556b6b6a96d82e733965b79a6ebbc60e0	PASS	/root/rescripted_registry_n_review	english_source_context_family_review
item:block.supplementaries.sconce_lever	sha256:2e73c68192596389ac95fc95b6d9a80582df1b8133297ab20ead27f7339732cf	PASS	/root/rescripted_registry_n_review	english_source_context_family_review
item:block.supplementaries.sconce_soul	sha256:5125ad5dfcae5c28da267aff695f970f9b4cdf329ee8aefc4a95e0e433adce41	PASS	/root/rescripted_registry_n_review	english_source_context_family_review
item:block.supplementaries.slidy_block	sha256:07869e95c21b72e4152953b8d28fd4e1c483130cac022b54297be68608df0c17	PASS	/root/rescripted_registry_n_review	english_source_context_family_review
item:block.supplementaries.soap_block	sha256:df361356f6cdb600187e310f530d4f11ccd1f9ece45da86a297444af2a12e880	PASS	/root/rescripted_registry_n_review	english_source_context_family_review
item:block.supplementaries.speaker_block	sha256:638a8b4bfb0e09503a123f92faa26295040f4ece309d7547844095e1a4ebd98a	PASS	/root/rescripted_registry_n_review	english_source_context_family_review
item:block.supplementaries.spring_launcher	sha256:e9e08823947597aaf9a0c31b375cfc85f05ab3d38df45d54564a22dd31026799	PASS	/root/rescripted_registry_n_review	english_source_context_family_review
item:block.supplementaries.statue	sha256:b01e235a2869d5edfe1ad1402f38ffb795df8f6b439bc81ed27b712327e8f842	PASS	/root/rescripted_registry_n_review	english_source_context_family_review
item:block.supplementaries.stone_lamp	sha256:69225abdab083c6ea87f707c4ebdc37df1de12be3fa1611633c1252b9d6eae6d	PASS	/root/rescripted_registry_n_review	english_source_context_family_review
item:block.supplementaries.stone_tile	sha256:93734b20e3d17a4d643dfc950837206ceea5b7849fbacb89594b82c686deafdb	PASS	/root/rescripted_registry_n_review	english_source_context_family_review
item:block.supplementaries.stone_tile_slab	sha256:b11527d6d9ce5e4e7e51d58d24f84cc1a3c292ff2d149ca37c225908a4a8615c	PASS	/root/rescripted_registry_n_review	english_source_context_family_review
item:block.supplementaries.stone_tile_stairs	sha256:0764843990e3baaeff819ae04e546809bf6d8cd5fdd87de2820e9c00beaddf38	PASS	/root/rescripted_registry_n_review	english_source_context_family_review
item:block.supplementaries.stone_tile_wall	sha256:519c39784615894103f8ccc554b5f9291196ff47d7d3488c932993a4b908ae44	PASS	/root/rescripted_registry_n_review	english_source_context_family_review
item:block.supplementaries.sugar_cube	sha256:f84e213e46e237737f23c9906fba537bd0590bf43bcbce512f9a3994b5cd33b1	PASS	/root/rescripted_registry_n_review	english_source_context_family_review
item:block.supplementaries.suspicious_gravel_bricks	sha256:1260db5ff82f081949d57d20d6cec9afefe755b2d62dcf53461d6537be2f7b91	PASS	/root/rescripted_registry_n_review	english_source_context_family_review
item:block.supplementaries.timber_brace	sha256:c0a784489210fc8d30eab8dc2a138718b8b26f90ebb27ddf778bf8a07fcca38b	PASS	/root/rescripted_registry_n_review	english_source_context_family_review
item:block.supplementaries.timber_cross_brace	sha256:2eeaf2b02bbd5e4ba0b7eda85b415a83f1e566c09f1a594446317d6b10d5edda	PASS	/root/rescripted_registry_n_review	english_source_context_family_review
item:block.supplementaries.timber_frame	sha256:ebbba06d4591eb9d1a4b1297abb953ebc21713f2b2c57d56f65e4ed3a3e03e81	PASS	/root/rescripted_registry_n_review	english_source_context_family_review
item:block.supplementaries.trapped_present	sha256:4e6593599c1d60246d100e2ac8fbc164dcc3c0535ee733e4b586ba6ecd8e291c	PASS	/root/rescripted_registry_n_review	english_source_context_family_review
item:block.supplementaries.trapped_present_black	sha256:dce6bbaef8ed0a12df8df40de1975ef68d1ae8e7311f4ba06d1f68a929812b22	PASS	/root/rescripted_registry_n_review	english_source_context_family_review
item:block.supplementaries.trapped_present_blue	sha256:335aac71850891a4babf46d9e2ae66f4a3dd1b12b412629fedd46ace350d3c69	PASS	/root/rescripted_registry_n_review	english_source_context_family_review
item:block.supplementaries.trapped_present_brown	sha256:7f95285c53dadda9601e6ce14b74e57d90aff1c720b354d6800cdb2fd121f012	PASS	/root/rescripted_registry_n_review	english_source_context_family_review
item:block.supplementaries.trapped_present_cyan	sha256:0650ab46df58de69d542369e82b57bff7f1934db802c1eacf0c46440b480ba67	PASS	/root/rescripted_registry_n_review	english_source_context_family_review
item:block.supplementaries.trapped_present_gray	sha256:004734bbb9f046dba2df12e4dbd0c1fc71a3798cc31ebdc7426d659b41acb4ef	PASS	/root/rescripted_registry_n_review	english_source_context_family_review
item:block.supplementaries.trapped_present_green	sha256:7f8bc76c04c15c8b2e3b8f71750e859a197b1527f42567441cd00748ec98610a	PASS	/root/rescripted_registry_n_review	english_source_context_family_review
item:block.supplementaries.trapped_present_light_blue	sha256:deab1c220af012185b556382b65d439426de1ef3cff3fe8354811013deb7b18c	PASS	/root/rescripted_registry_n_review	english_source_context_family_review
item:block.supplementaries.trapped_present_light_gray	sha256:1ab6b47094536bc52b6c01406a60fbd31f067af4288e877c93a32c2e5d66bb41	PASS	/root/rescripted_registry_n_review	english_source_context_family_review
item:block.supplementaries.trapped_present_lime	sha256:f7e0d7c53b867a69ee769f9e3fa07907ae1815db629dc0352ed1305f78b99b6c	PASS	/root/rescripted_registry_n_review	english_source_context_family_review
item:block.supplementaries.trapped_present_magenta	sha256:f5703ef70b827b99dcbdc0d269f6c7a2ce08dadeac44b345e6da5d6784bea632	PASS	/root/rescripted_registry_n_review	english_source_context_family_review
item:block.supplementaries.trapped_present_orange	sha256:768a5555097bb3bda365a7ca9deb81588aa934666eadce269659c3e5fe7bf415	PASS	/root/rescripted_registry_n_review	english_source_context_family_review
item:block.supplementaries.trapped_present_pink	sha256:c846bef70b039bf3ac81f39daeaef16e7aa3c5e0245a9149cb0ced7612a1f191	PASS	/root/rescripted_registry_n_review	english_source_context_family_review
item:block.supplementaries.trapped_present_purple	sha256:68b3b7d6f34d878e63ca955570ecf91b89e7470e7452ea83fc49e9ab94acdcb1	PASS	/root/rescripted_registry_n_review	english_source_context_family_review
item:block.supplementaries.trapped_present_red	sha256:a38b686a349d8976d0e3b18fcaa052b367e5fcb948f5a84ebb3772f2dd4677a7	PASS	/root/rescripted_registry_n_review	english_source_context_family_review
item:block.supplementaries.trapped_present_white	sha256:92dfd3c2721b42fec5f249524120c3e4f8d82ff00e54b1f65093ef0e65aa3bde	PASS	/root/rescripted_registry_n_review	english_source_context_family_review
item:block.supplementaries.trapped_present_yellow	sha256:ccae26e6ea0790f760aaabd7ac445adc3212ce218101e3f83c9b2b013d6a001f	PASS	/root/rescripted_registry_n_review	english_source_context_family_review
item:block.supplementaries.turn_table	sha256:5363678f41c4684ad2a3355109a43886bc617a16cf9cc7b86fc1b28ecb1cd98c	PASS	/root/rescripted_registry_n_review	english_source_context_family_review
item:block.supplementaries.urn	sha256:b29290b0d1da5403f280d86ea834620c095373a85b88495a4b8fe9b5a55cab26	PASS	/root/rescripted_registry_n_review	english_source_context_family_review
item:block.supplementaries.wicker_fence	sha256:9bf7a7e736c8f562a91c4ee30b3d84a8834aa06de5d842f3f0559f08ef9dee4a	PASS	/root/rescripted_registry_n_review	english_source_context_family_review
item:block.supplementaries.wild_flax	sha256:e95df1132f6e574a3f9449b104abc4f03c9ae58b1627194553d05d8cf596ada0	PASS	/root/rescripted_registry_n_review	english_source_context_family_review
item:block.supplementaries.wind_vane	sha256:0241e6140bee0a8ad26b421a637b80223034d6e39dd15a2519748aaf5c596492	PASS	/root/rescripted_registry_n_review	english_source_context_family_review
item:block.table_top_craft.acacia_chess	sha256:e7b5a92a2a6d0ef1ea71fccf87e58a85f0091d560d15a763d5464be0b0e8d9f7	PASS	/root/rescripted_registry_n_review	english_source_context_family_review
item:block.table_top_craft.acacia_chess_timer	sha256:f4ed5ceebab480395628ed1454b3591ed3d28b22512a1cc0c36770f5fabc7f1d	PASS	/root/rescripted_registry_n_review	english_source_context_family_review
item:block.table_top_craft.acacia_connect_four	sha256:41e406f5feebce8e7a3e714bca9114138b059b0310597962a023025a67d2577a	PASS	/root/rescripted_registry_n_review	english_source_context_family_review
item:block.table_top_craft.bamboo_chess	sha256:f2058ab61cbfce8fbffff2ad992168f45be7c1ba2ec1fd6a3c3256155bac1a05	PASS	/root/rescripted_registry_n_review	english_source_context_family_review
item:block.table_top_craft.bamboo_chess_timer	sha256:cfc782b3c874f0d2b9bd9f81883918698010c7ce1f0d72fb1e87d9dbbf86fb07	PASS	/root/rescripted_registry_n_review	english_source_context_family_review
item:block.table_top_craft.bamboo_connect_four	sha256:8252b9add64b123bbd8fba6b49866ea30bfac07d88ec6b50de007098ec1d479f	PASS	/root/rescripted_registry_n_review	english_source_context_family_review
item:block.table_top_craft.birch_chess	sha256:ef99b3406b80f14558c346c2b0dd86ff295622d84c1e09203cc28ff46cf14418	PASS	/root/rescripted_registry_n_review	english_source_context_family_review
item:block.table_top_craft.birch_chess_timer	sha256:b877f85b3a11544484d0c76520c398cfca6651ad1aea3f430bc5b0dae4bb9f2b	PASS	/root/rescripted_registry_n_review	english_source_context_family_review
item:block.table_top_craft.birch_connect_four	sha256:b727ab3131254dc526150465090cdfacb25eb3ef6382192144488c3c39b910d9	PASS	/root/rescripted_registry_n_review	english_source_context_family_review
item:block.table_top_craft.black_concrete_chess	sha256:700f7781b3fd8197185683f13495f23da8cf456c5e58541fda7f160beba366b0	PASS	/root/rescripted_registry_n_review	english_source_context_family_review
item:block.table_top_craft.black_concrete_chess_timer	sha256:0f12d71a68d30b091784021b2660e311a3c38f08fecec0fc9ec5e31249b03c63	PASS	/root/rescripted_registry_n_review	english_source_context_family_review
item:block.table_top_craft.black_concrete_connect_four	sha256:c6256518eaaa466fbdbe009410a2a8238e876fcd06c8c73c0024605db768c98c	PASS	/root/rescripted_registry_n_review	english_source_context_family_review
item:block.table_top_craft.black_terracotta_chess	sha256:d6dcb5f9f5ad6e1a18991b66ccc534509a01b0baaef723fe64c9d60a6b6fd326	PASS	/root/rescripted_registry_n_review	english_source_context_family_review
item:block.table_top_craft.black_terracotta_chess_timer	sha256:e0bbf2360952032e3b430f6c6ac77fc3026e7eb688bf10b5dc2f0dd917a886f7	PASS	/root/rescripted_registry_n_review	english_source_context_family_review
item:block.table_top_craft.black_terracotta_connect_four	sha256:209c3fc3f059167587b87734f18b80f7deaa3dbb2c89d7b094795a1c88bf7c8c	PASS	/root/rescripted_registry_n_review	english_source_context_family_review
item:block.table_top_craft.blue_concrete_chess	sha256:07e55a66f58f244745bf7ba4bf456d682f42a92746dc5167ad0a3e93909bae81	PASS	/root/rescripted_registry_n_review	english_source_context_family_review
item:block.table_top_craft.blue_concrete_chess_timer	sha256:44c783228a765125f3614779454e8ad3443b6c70096b7f446e3c5e564088e8bf	PASS	/root/rescripted_registry_n_review	english_source_context_family_review
item:block.table_top_craft.blue_concrete_connect_four	sha256:b3a3f657795bd58ff016a5431e0829ef2123fdf37f5aafecb4571ee3c939d9f6	PASS	/root/rescripted_registry_n_review	english_source_context_family_review
item:block.table_top_craft.blue_terracotta_chess	sha256:0785d72a010961a7ed7c35a48c31d607a353d80b1c118b0f778ac6bfce3964d3	PASS	/root/rescripted_registry_n_review	english_source_context_family_review
item:block.table_top_craft.blue_terracotta_chess_timer	sha256:0977ba216b5a4ad495c32daceb4a0f1b61c919da0bab31c9382ff169626e8a1e	PASS	/root/rescripted_registry_n_review	english_source_context_family_review
item:block.table_top_craft.blue_terracotta_connect_four	sha256:f57ad3c1cf5b9ea65ca8fe0517bfcf528c696f2b051de0ddfae562ca0d3a995d	PASS	/root/rescripted_registry_n_review	english_source_context_family_review
item:block.table_top_craft.brown_concrete_chess	sha256:9631625bda368674dfc547f675a7c6bbb8794c4ff0a0e1ec30ca9deb5dda4c4d	PASS	/root/rescripted_registry_n_review	english_source_context_family_review
item:block.table_top_craft.brown_concrete_chess_timer	sha256:b471425ce95fb9fced6e2b69326b7b8847c51891a70551413140aa0caac9c525	PASS	/root/rescripted_registry_n_review	english_source_context_family_review
item:block.table_top_craft.brown_concrete_connect_four	sha256:22933f6dc8b2334a3a1a72ead3947f089c3331b7c767e43f0782988a8610d0c9	PASS	/root/rescripted_registry_n_review	english_source_context_family_review
item:block.table_top_craft.brown_terracotta_chess	sha256:88881bb70a6cf090250d8186c689564d487811e8cfea86117172235ed72dd3f0	PASS	/root/rescripted_registry_n_review	english_source_context_family_review
item:block.table_top_craft.brown_terracotta_chess_timer	sha256:d072d05314f5b7edf714fd5acbb0d7acd92f2adaba6c558d0f19d39001891fe9	PASS	/root/rescripted_registry_n_review	english_source_context_family_review
item:block.table_top_craft.brown_terracotta_connect_four	sha256:53670cf3c89f420d660972d6142802d9a7e07fbdd1d0f45ff224ae259e770c93	PASS	/root/rescripted_registry_n_review	english_source_context_family_review
item:block.table_top_craft.cherry_chess	sha256:b96068fb4dd3f2eaa31b06a36bd72560cbe11768d14959d5115d5a4afbe06286	PASS	/root/rescripted_registry_n_review	english_source_context_family_review
item:block.table_top_craft.cherry_chess_timer	sha256:2bdd3795483b429438b2fe1b5d72300520061171c3862e2ace9cd60fade1154c	PASS	/root/rescripted_registry_n_review	english_source_context_family_review
item:block.table_top_craft.cherry_connect_four	sha256:bec9c9d151cbaf2d747c7a55369240eaae2e2559719cf636903112836d7abf19	PASS	/root/rescripted_registry_n_review	english_source_context_family_review
item:block.table_top_craft.chess_piece_figure	sha256:1947c1c4683edcd6b83dc47eb64144d9b3086b89fbaac84dde8947698fa1d836	PASS	/root/rescripted_registry_n_review	english_source_context_family_review
item:block.table_top_craft.crimson_chess	sha256:b5504a2f51b9b960a3a920e33b6c1c264ef6791a2625766c81ccf69bb3989dc3	PASS	/root/rescripted_registry_n_review	english_source_context_family_review
item:block.table_top_craft.crimson_chess_timer	sha256:f13dc7b81ac5fcc166a2db6f7f13d8682af5a33fe27aad598a5e212bbb63207b	PASS	/root/rescripted_registry_n_review	english_source_context_family_review
item:block.table_top_craft.crimson_connect_four	sha256:eeaff7ae02919aca61e33ff0b39731d73348c94d3721ca98abff8524e0af7726	PASS	/root/rescripted_registry_n_review	english_source_context_family_review
item:block.table_top_craft.cyan_concrete_chess	sha256:a2d7590343d58fe0ae2f1c244c0b176b2e2e8422b7d039cf5f331d5f2b19e52c	PASS	/root/rescripted_registry_n_review	english_source_context_family_review
item:block.table_top_craft.cyan_concrete_chess_timer	sha256:730ea414974da9c271a7cc6681d1cd4e79a1af139ea47c8beb1eb6351e571a04	PASS	/root/rescripted_registry_n_review	english_source_context_family_review
item:block.table_top_craft.cyan_concrete_connect_four	sha256:8b8fa1ae56b6cd0a6d90a07fcb478f9e85bf702b60e3192efcb7a2509c42128f	PASS	/root/rescripted_registry_n_review	english_source_context_family_review
item:block.table_top_craft.cyan_terracotta_chess	sha256:6092f50d6ff7f7880177eb04bb2b6a5147cc756420f67136acd37ac6e0866155	PASS	/root/rescripted_registry_n_review	english_source_context_family_review
item:block.table_top_craft.cyan_terracotta_chess_timer	sha256:7600722ae2384d4d73ddedc3be284e343c762453dfe8e695976c3bba4e9a208b	PASS	/root/rescripted_registry_n_review	english_source_context_family_review
item:block.table_top_craft.cyan_terracotta_connect_four	sha256:8e7707cd179abbaec39ff375399d6fa957a19c83efea7278332bda038376b53f	PASS	/root/rescripted_registry_n_review	english_source_context_family_review
item:block.table_top_craft.dark_oak_chess	sha256:4c9a41e24413174165a5ae513e9ded9b5625bd54f85db5da73e3422e28584d6e	PASS	/root/rescripted_registry_n_review	english_source_context_family_review
item:block.table_top_craft.dark_oak_chess_timer	sha256:f7032e17d0466373773e00a0bdb545e86d3367beabd18403cfd2fcb3a09162e2	PASS	/root/rescripted_registry_n_review	english_source_context_family_review
item:block.table_top_craft.dark_oak_connect_four	sha256:782ea4f58e2ba6c69692effc10fd254eeb34c725c1df6eab4a6cac2c9bdbf186	PASS	/root/rescripted_registry_n_review	english_source_context_family_review
item:block.table_top_craft.gray_concrete_chess	sha256:3ef692f7634cc0148bb8259e32fa2bc8653794393d41755d62602fe187129d8a	PASS	/root/rescripted_registry_n_review	english_source_context_family_review
item:block.table_top_craft.gray_concrete_chess_timer	sha256:7d1c9737aa4b00ae5b2dc1fca9a40e61204dc84f35e30c8dd1e1c14bf3d47265	PASS	/root/rescripted_registry_n_review	english_source_context_family_review
item:block.table_top_craft.gray_concrete_connect_four	sha256:5556cecc9fa29093065ab6b059391bff2942ebddd8f230d926f6165e8fbe716b	PASS	/root/rescripted_registry_n_review	english_source_context_family_review
item:block.table_top_craft.gray_terracotta_chess	sha256:1ae9dca97bd248f07b4e522d0ee245a632677fe9357869d03e9e14ba98a4ecd1	PASS	/root/rescripted_registry_n_review	english_source_context_family_review
item:block.table_top_craft.gray_terracotta_chess_timer	sha256:c719062898bfaf7d306b2cf0f5e7865e6f6533de59d71ca6a27be13b2b67c3e1	PASS	/root/rescripted_registry_n_review	english_source_context_family_review
item:block.table_top_craft.gray_terracotta_connect_four	sha256:3562b6f78eae4aae2323d03b698a99270be318506476d67d08e20cea8d96c097	PASS	/root/rescripted_registry_n_review	english_source_context_family_review
item:block.table_top_craft.green_concrete_chess	sha256:68466a0def545cab3cdcf61068fc044ce5d6cb168844b09b7c89d773b4c555c9	PASS	/root/rescripted_registry_n_review	english_source_context_family_review
item:block.table_top_craft.green_concrete_chess_timer	sha256:5a437ef6753b01873dbf7bae56c8717d6698e966271d11cc9cf0fae8d8e888ec	PASS	/root/rescripted_registry_n_review	english_source_context_family_review
item:block.table_top_craft.green_concrete_connect_four	sha256:f587cef3203acad3bcd963f365ea48459e8d7fe0fdcb7b36d19a37b02c6032c6	PASS	/root/rescripted_registry_n_review	english_source_context_family_review
item:block.table_top_craft.green_terracotta_chess	sha256:30ca6e3ac60b06e360d4855adeae8509e809777ccf258ad5f88959867eb80b6c	PASS	/root/rescripted_registry_n_review	english_source_context_family_review
item:block.table_top_craft.green_terracotta_chess_timer	sha256:c3fad402512ded4933e9be765f337761ef24b4555d4c784ddb45070801e0d91b	PASS	/root/rescripted_registry_n_review	english_source_context_family_review
item:block.table_top_craft.green_terracotta_connect_four	sha256:ee05fddcd80439d04e4434b911ecb9fd34760acf32e4f1dda21f70221a5c3348	PASS	/root/rescripted_registry_n_review	english_source_context_family_review
item:block.table_top_craft.jungle_chess	sha256:8fa01b7e69ceb37bbee401649ffb3b03f91a2ce8109ff0e9f19d217206d4229a	PASS	/root/rescripted_registry_n_review	english_source_context_family_review
item:block.table_top_craft.jungle_chess_timer	sha256:519794578112f753e3f8eb2e04ddd1e90c7d039b45ab4bc1138a7d39d1cef892	PASS	/root/rescripted_registry_n_review	english_source_context_family_review
item:block.table_top_craft.jungle_connect_four	sha256:df2fb450b436050974c8507818afc502b72429fc80c0244ad359ea860eb12a8e	PASS	/root/rescripted_registry_n_review	english_source_context_family_review
item:block.table_top_craft.light_blue_concrete_chess	sha256:4939c5a6c5cf185c0b60fc6dc52adf13c2b39986e35dd8774e351b893da4bdce	PASS	/root/rescripted_registry_n_review	english_source_context_family_review
item:block.table_top_craft.light_blue_concrete_chess_timer	sha256:6ff2421d914a5b1f8313a26485b8dae09477f4b30f4d6013f17f0b40535c5e7d	PASS	/root/rescripted_registry_n_review	english_source_context_family_review
item:block.table_top_craft.light_blue_concrete_connect_four	sha256:99a8070586a8ec619c9bc82914de26113c6950cbce083ea4f350cd672580664b	PASS	/root/rescripted_registry_n_review	english_source_context_family_review
item:block.table_top_craft.light_blue_terracotta_chess	sha256:8be9433ec5eae64af654ec63df6a2db3ef697038e8644ab8f608b47b14f43252	PASS	/root/rescripted_registry_n_review	english_source_context_family_review
item:block.table_top_craft.light_blue_terracotta_chess_timer	sha256:4286630042eaaaaed477bb46ef8d8265e201e22a32dead2a43bcfa5318506ce3	PASS	/root/rescripted_registry_n_review	english_source_context_family_review
item:block.table_top_craft.light_blue_terracotta_connect_four	sha256:b7913c3a7d582ba2dc5b4c0d657a58754e903e7a8ab6664b3afc38c9a6f0b4c5	PASS	/root/rescripted_registry_n_review	english_source_context_family_review
item:block.table_top_craft.light_gray_concrete_chess	sha256:6a94249280be6de53f922b1a6b5a0c39cc4d1dcc4287d8f698ca24109a77eea1	PASS	/root/rescripted_registry_n_review	english_source_context_family_review
item:block.table_top_craft.light_gray_concrete_chess_timer	sha256:ddf21a4120dc8f56226b6c0c579d1c28c0efb059dfb22baf7451271fba81dbff	PASS	/root/rescripted_registry_n_review	english_source_context_family_review
item:block.table_top_craft.light_gray_concrete_connect_four	sha256:1b67f57f6724818694e5cb2baeaeea8a835d4b903fe090cc51b36cd98aafb812	PASS	/root/rescripted_registry_n_review	english_source_context_family_review
item:block.table_top_craft.light_gray_terracotta_chess	sha256:8225c9109f4167fb0cd294ac6bbaaffee022635a770e7963eda0c7837342998a	PASS	/root/rescripted_registry_n_review	english_source_context_family_review
item:block.table_top_craft.light_gray_terracotta_chess_timer	sha256:a0253af58b038dedfb9480f1cd3e50d78848b7fbabce9614784c3eef7c9f8db5	PASS	/root/rescripted_registry_n_review	english_source_context_family_review
item:block.table_top_craft.light_gray_terracotta_connect_four	sha256:f929d1bb61289662c33d5d5facf924a2fabb2db54c5c8211c9a2f142414cf51c	PASS	/root/rescripted_registry_n_review	english_source_context_family_review
item:block.table_top_craft.lime_concrete_chess	sha256:d035ea0e7635fe4d4e20d944778bb3e62011355de0bedcc1e7ceae9572e1dac3	PASS	/root/rescripted_registry_n_review	english_source_context_family_review
item:block.table_top_craft.lime_concrete_chess_timer	sha256:983d265c0024792b93c99a9e135b17af62a9a4897d09bc3dd8755a02d70b0a59	PASS	/root/rescripted_registry_n_review	english_source_context_family_review
item:block.table_top_craft.lime_concrete_connect_four	sha256:a13410c6702350fe36beb53cef71e45e001259f4780d15930d3b097ca00a0999	PASS	/root/rescripted_registry_n_review	english_source_context_family_review
item:block.table_top_craft.lime_terracotta_chess	sha256:235841245fea216fb09cdc84fcef3694aa5490b5c0e57d00ef208b1cc5636bbc	PASS	/root/rescripted_registry_n_review	english_source_context_family_review
item:block.table_top_craft.lime_terracotta_chess_timer	sha256:7d3154fc01dd5ad833094146859ee09a8dfeea39514d9a40ced856aa54c54da0	PASS	/root/rescripted_registry_n_review	english_source_context_family_review
item:block.table_top_craft.lime_terracotta_connect_four	sha256:52dc9ed6066bf1384980bab0f419a02954b2ac41cdd468773b5f3978e78c979c	PASS	/root/rescripted_registry_n_review	english_source_context_family_review
item:block.table_top_craft.magenta_concrete_chess	sha256:1e16e0294015d89888df970f8ee6703bdb7e8eb1e5c7e319572d139503cf3ebe	PASS	/root/rescripted_registry_n_review	english_source_context_family_review
item:block.table_top_craft.magenta_concrete_chess_timer	sha256:6e48d4fc228c45fdb8660a19ab393afc94091268a99f9df3ac84b9a8d4743513	PASS	/root/rescripted_registry_n_review	english_source_context_family_review
item:block.table_top_craft.magenta_concrete_connect_four	sha256:b3e534dffffb26801792fed9d51bb7e38ffd00260d9386a52deaf44bae06bcb8	PASS	/root/rescripted_registry_n_review	english_source_context_family_review
item:block.table_top_craft.magenta_terracotta_chess	sha256:159512e53de86565a3d15a5127f7b011e69691a9cc5450b80fe984ab38f76c12	PASS	/root/rescripted_registry_n_review	english_source_context_family_review
item:block.table_top_craft.magenta_terracotta_chess_timer	sha256:ea8306d580afb5ace7b76950b3a15bf4b21657f5f0932a77c520e1b1dbc6ee8b	PASS	/root/rescripted_registry_n_review	english_source_context_family_review
item:block.table_top_craft.magenta_terracotta_connect_four	sha256:56f389ab67624c68056670b4283b2efa53a83d7a9b17dc160f33e1498c1b25b3	PASS	/root/rescripted_registry_n_review	english_source_context_family_review
item:block.table_top_craft.mangrove_chess	sha256:a4ffaaf331de0f0d10c5a33c804ca4210dde9595d7884ec1d5ede9aafe24fede	PASS	/root/rescripted_registry_n_review	english_source_context_family_review
item:block.table_top_craft.mangrove_chess_timer	sha256:3b438b85310711d4f077ca03ca5cdd9b1ae29362cd2f3291ed48f23edb94ff66	PASS	/root/rescripted_registry_n_review	english_source_context_family_review
item:block.table_top_craft.mangrove_connect_four	sha256:77e10506b218a3cc29bd548f9e49f8952728be90413003baf89eea68fc09a2fe	PASS	/root/rescripted_registry_n_review	english_source_context_family_review
item:block.table_top_craft.oak_chess	sha256:4cbb721a7c786f78dd38a6f97e5746db054b552a300b93eeddb80cb071534d36	PASS	/root/rescripted_registry_n_review	english_source_context_family_review
item:block.table_top_craft.oak_chess_timer	sha256:36db07f2c89d7bc2f0b9a0266fc0e9cef24aa98ad0f91c9d68c8bf52d4c3fd31	PASS	/root/rescripted_registry_n_review	english_source_context_family_review
item:block.table_top_craft.oak_connect_four	sha256:0d82b12ab0e3673c790908115c880031f404c38bd286b5c4a6ebc1c5c72d0415	PASS	/root/rescripted_registry_n_review	english_source_context_family_review
item:block.table_top_craft.orange_concrete_chess	sha256:1aca380d7efc6b7dd5855b296d0dded8ec949661d7ae78c70b2b70feb204349d	PASS	/root/rescripted_registry_n_review	english_source_context_family_review
item:block.table_top_craft.orange_concrete_chess_timer	sha256:002128d8ddcc21981ea95fe2ba33fe6dc02148963f02441c849f4f3eb7f544b9	PASS	/root/rescripted_registry_n_review	english_source_context_family_review
item:block.table_top_craft.orange_concrete_connect_four	sha256:f145ae6c766fdbd3ec1e95edf8c61ebcc12cf45d1f619152e6b6819eeb4d5931	PASS	/root/rescripted_registry_n_review	english_source_context_family_review
item:block.table_top_craft.orange_terracotta_chess	sha256:88735ff6de68aafe9b7fdb02e1ecb5073cb94ac0269fb0016ea5486853819408	PASS	/root/rescripted_registry_n_review	english_source_context_family_review
item:block.table_top_craft.orange_terracotta_chess_timer	sha256:8502093dfdb426909994cf4ab06e0b1e317d78ab58f2e75a3af31a56bfc4cdd7	PASS	/root/rescripted_registry_n_review	english_source_context_family_review
item:block.table_top_craft.orange_terracotta_connect_four	sha256:d50b7b63e59a42784104ffff749461645432ba8f2423c0ff1737b399dc24eafd	PASS	/root/rescripted_registry_n_review	english_source_context_family_review
item:block.table_top_craft.pink_concrete_chess	sha256:ba2aa1953efb0d835e9eca42f6776835b62d689c0fc5b82499ba73407a1da7e5	PASS	/root/rescripted_registry_n_review	english_source_context_family_review
item:block.table_top_craft.pink_concrete_chess_timer	sha256:892e36e1e195572c30c88dfcf8fcd455fe9111f259b8490f669a7843fd609ddc	PASS	/root/rescripted_registry_n_review	english_source_context_family_review
item:block.table_top_craft.pink_concrete_connect_four	sha256:6db59f42d29490ac2ffe94ad06261ffeac1a7f3d4bba9324979d1b6ee5d8d372	PASS	/root/rescripted_registry_n_review	english_source_context_family_review
item:block.table_top_craft.pink_terracotta_chess	sha256:1e76cc987446ae965a099f2fd4004785d9ad8a5646f864d364f90642c876ad99	PASS	/root/rescripted_registry_n_review	english_source_context_family_review
item:block.table_top_craft.pink_terracotta_chess_timer	sha256:ef56fb64ed03354fb83e378d4b7b70f494da0ed9a8caea875689b56acc53f2ac	PASS	/root/rescripted_registry_n_review	english_source_context_family_review
item:block.table_top_craft.pink_terracotta_connect_four	sha256:187acd4140abe966f1ba8be368a70a0b1511bf3e1765fef5c533824b549a63eb	PASS	/root/rescripted_registry_n_review	english_source_context_family_review
item:block.table_top_craft.purple_concrete_chess	sha256:bae7ae96a0065692b71c5697d228f4d8c8a8c2abfbcc0ba043e21320230d8c15	PASS	/root/rescripted_registry_n_review	english_source_context_family_review
item:block.table_top_craft.purple_concrete_chess_timer	sha256:ae67883a7fc7113ffedc84d3b8d703d9710e077897fa4f4cf04c6f8ab1e05841	PASS	/root/rescripted_registry_n_review	english_source_context_family_review
item:block.table_top_craft.purple_concrete_connect_four	sha256:38eeceaafd6ebbfcac5b5f8f504be7190dbb513197cc3582272273ebd27de8b0	PASS	/root/rescripted_registry_n_review	english_source_context_family_review
item:block.table_top_craft.purple_terracotta_chess	sha256:92d76b5a84ae3d0da6d5e4297239db21157b7ec089a7f5a60e8da37a9abb272b	PASS	/root/rescripted_registry_n_review	english_source_context_family_review
item:block.table_top_craft.purple_terracotta_chess_timer	sha256:0ed2aaad81ffc913de2556ef41683fc93bcc99c3d2eea0132564f30b956555aa	PASS	/root/rescripted_registry_n_review	english_source_context_family_review
item:block.table_top_craft.purple_terracotta_connect_four	sha256:5d6716c83870666a3eb1611a24522cdaf4e3ab74b2732ad42fd11b7e5c45a4ee	PASS	/root/rescripted_registry_n_review	english_source_context_family_review
item:block.table_top_craft.red_concrete_chess	sha256:c4a1b96246345bc9295d871c91f421dcfb27676c97de9705d4d36800fa2f2a64	PASS	/root/rescripted_registry_n_review	english_source_context_family_review
item:block.table_top_craft.red_concrete_chess_timer	sha256:577d7b3fc06f94c0b2fc31db548a031088659e03cfbeeef3bc1afa64e83e122c	PASS	/root/rescripted_registry_n_review	english_source_context_family_review
item:block.table_top_craft.red_concrete_connect_four	sha256:a9707741b954298e428ecea561deb7856a59bd0dc5c0c023eec932a042504902	PASS	/root/rescripted_registry_n_review	english_source_context_family_review
item:block.table_top_craft.red_terracotta_chess	sha256:5c576162749f9e91e76257a390ce5cbfe47b57908242dd98a39e05b8d91471fe	PASS	/root/rescripted_registry_n_review	english_source_context_family_review
item:block.table_top_craft.red_terracotta_chess_timer	sha256:4ce6ba235867eeaba1e8f2083e5ad5399b5bf0b98d113f6ce1eae133d4e7fbc9	PASS	/root/rescripted_registry_n_review	english_source_context_family_review
item:block.table_top_craft.red_terracotta_connect_four	sha256:40900837f5b8377b8b5a152e62f5d099451be4218ad8da292cd4ce60a8c493ed	PASS	/root/rescripted_registry_n_review	english_source_context_family_review
item:block.table_top_craft.spruce_chess	sha256:cef8d4c9852644bcfd81fa9b4d27598ac2e16f7a0992e46f7f5368b5e3dc5c51	PASS	/root/rescripted_registry_n_review	english_source_context_family_review
item:block.table_top_craft.spruce_chess_timer	sha256:30579645eeb82cc6dd087e3a995c6197fb955696f62b1d6f5b368ecf4f88cb39	PASS	/root/rescripted_registry_n_review	english_source_context_family_review
item:block.table_top_craft.spruce_connect_four	sha256:87ebf3b06e3138fca942505234afb27f9026b9b8288e24dfb7dff1a39561558e	PASS	/root/rescripted_registry_n_review	english_source_context_family_review
item:block.table_top_craft.tic_tac_toe	sha256:39a98390f34a0ab06b02b17bb88d70b316229fac0c8cbcdbee3dbf5dadf1071a	PASS	/root/rescripted_registry_n_review	english_source_context_family_review
item:block.table_top_craft.warped_chess	sha256:ae54e14f1a400fe75f4f0f5ff022191c82c9bac850a262fdb6e598f4f99bed14	PASS	/root/rescripted_registry_n_review	english_source_context_family_review
item:block.table_top_craft.warped_chess_timer	sha256:3ce6905336e97da8fcc7202e230e8074dbcb7330c26d5930ae92aa616f9cedca	PASS	/root/rescripted_registry_n_review	english_source_context_family_review
item:block.table_top_craft.warped_connect_four	sha256:bc63ff6297024da163c1ca8d3e6e4fcc65a851908c41df5946e215cbccd49053	PASS	/root/rescripted_registry_n_review	english_source_context_family_review
item:block.table_top_craft.white_concrete_chess	sha256:7ca85a245bd4e563a4415d72a698a783d740959f95d2ab74d28952bbfad4efa6	PASS	/root/rescripted_registry_n_review	english_source_context_family_review
item:block.table_top_craft.white_concrete_chess_timer	sha256:611e579e29fd3e226bbb6c250f1d314ed1b5efbdfd867abead29df89265099be	PASS	/root/rescripted_registry_n_review	english_source_context_family_review
item:block.table_top_craft.white_concrete_connect_four	sha256:dfecf8ae0e07df3ba90d62baf9d3a86e6ab5ac4392cc1763e3e0da5c7d1fa72e	PASS	/root/rescripted_registry_n_review	english_source_context_family_review
item:block.table_top_craft.white_terracotta_chess	sha256:6c0b9d56e94a820508b4870e25c7df4f833f6ebf39f0fe3fd84977ebefb2849d	PASS	/root/rescripted_registry_n_review	english_source_context_family_review
item:block.table_top_craft.white_terracotta_chess_timer	sha256:6df03fe180142f87daac52b74da08855db1ad4438e5145d7d8db6a858611448a	PASS	/root/rescripted_registry_n_review	english_source_context_family_review
item:block.table_top_craft.white_terracotta_connect_four	sha256:111c3f8420e51b733173c4ac7a3f37ea4b1a207280f8410e87c25b5d966cf2e3	PASS	/root/rescripted_registry_n_review	english_source_context_family_review
item:block.table_top_craft.yellow_concrete_chess	sha256:ba29d4b484eb4a675612ca423bf83acd8dc48e619eeba6a22ced101255ff322d	PASS	/root/rescripted_registry_n_review	english_source_context_family_review
item:block.table_top_craft.yellow_concrete_chess_timer	sha256:c96775d2a31f4328e9892bbec5a5a785c1325e0d66a4481c038e5b618b253091	PASS	/root/rescripted_registry_n_review	english_source_context_family_review
item:block.table_top_craft.yellow_concrete_connect_four	sha256:66b544c67028930e763bfff182efb8bc044bcc8f44276e52297b5dad9a371340	PASS	/root/rescripted_registry_n_review	english_source_context_family_review
item:block.table_top_craft.yellow_terracotta_chess	sha256:99265cbd318dd063ceca1cb98f72c7d2394f49b6bf51adc5eea7e6cbd18255ab	PASS	/root/rescripted_registry_n_review	english_source_context_family_review
item:block.table_top_craft.yellow_terracotta_chess_timer	sha256:3d85718d7a0b8827efb944af1101e03c9ee2d57892c2d5e6d2b60900f2fce5c2	PASS	/root/rescripted_registry_n_review	english_source_context_family_review
item:block.table_top_craft.yellow_terracotta_connect_four	sha256:41e4454e515b277dedd0d96fef048d11096ee1a2785b5ed5b54eef480f00e666	PASS	/root/rescripted_registry_n_review	english_source_context_family_review
item:block.tconstruct.amethyst_bronze_block	sha256:d2708d6dbfcd11a7c80df382ef533a46ca87e81ad7b0cc5f09cd0f00ff0ef492	PASS	/root/rescripted_registry_n_review	english_source_context_family_review
item:block.tconstruct.black_clear_stained_glass	sha256:8107af36e7e95fde89bd6abd5af1b8ef2a7233c0161ad0cb26bba9899e9229e8	PASS	/root/rescripted_registry_n_review	english_source_context_family_review
item:block.tconstruct.black_clear_stained_glass_pane	sha256:651c53b1d75a9140902b89d93060a05c35acbe2a570a3897f52a6bed5ec4546b	PASS	/root/rescripted_registry_n_review	english_source_context_family_review
item:block.tconstruct.blaze_head	sha256:9e7dbd5f8fbedc2e28cba848ba4e1a112bb033e379213a0b7274d4f80000cc82	PASS	/root/rescripted_registry_n_review	english_source_context_family_review
item:block.tconstruct.blazewood	sha256:0c7c584e09271321277852ad959bd02126e99f2d086e985e12ca7b5d115982f4	PASS	/root/rescripted_registry_n_review	english_source_context_family_review
item:block.tconstruct.blazewood_fence	sha256:20d3259563060e7b35ee9c982713f7e7d2cfe1827e2bf576e71bb3bd754b8d7e	PASS	/root/rescripted_registry_n_review	english_source_context_family_review
item:block.tconstruct.blazewood_slab	sha256:ca0c3f8fe6ca3c6140b2b1cd5c45f9cfc75eaf5b8bbc3d335799ce310d4fbd5b	PASS	/root/rescripted_registry_n_review	english_source_context_family_review
item:block.tconstruct.blazewood_stairs	sha256:3944aa6f3c3998257ec6073cfdd94cef0bf27c2e81aebb1f748948b972ede5ea	PASS	/root/rescripted_registry_n_review	english_source_context_family_review
item:block.tconstruct.blood_cake	sha256:b7e54e7f163c2dddc889769a013717e732040d97e180225b342d4c64b218132c	PASS	/root/rescripted_registry_n_review	english_source_context_family_review
item:block.tconstruct.blood_earth_slime_grass	sha256:f9d4d06199e7954e4c4b66f1f986bbe36a8a3f5060138826d7bb5b457c815902	PASS	/root/rescripted_registry_n_review	english_source_context_family_review
item:block.tconstruct.blood_ender_slime_grass	sha256:f9d4d06199e7954e4c4b66f1f986bbe36a8a3f5060138826d7bb5b457c815902	PASS	/root/rescripted_registry_n_review	english_source_context_family_review
item:block.tconstruct.blood_ichor_slime_grass	sha256:f9d4d06199e7954e4c4b66f1f986bbe36a8a3f5060138826d7bb5b457c815902	PASS	/root/rescripted_registry_n_review	english_source_context_family_review
item:block.tconstruct.blood_sky_slime_grass	sha256:f9d4d06199e7954e4c4b66f1f986bbe36a8a3f5060138826d7bb5b457c815902	PASS	/root/rescripted_registry_n_review	english_source_context_family_review
item:block.tconstruct.blood_slime_fern	sha256:40898b276b2f800f3d8200550fc73575099a03c76f2c30b5aaceb121c29a2c9a	PASS	/root/rescripted_registry_n_review	english_source_context_family_review
item:block.tconstruct.blood_slime_leaves	sha256:31db7fe0d7d4cb737b74ba59e8844207dd6155f9ebe530dc1a41d671c36271da	PASS	/root/rescripted_registry_n_review	english_source_context_family_review
item:block.tconstruct.blood_slime_sapling	sha256:eee971a7908f2679c345f870cff0e88d0a739de6414334b8ba62813a281d74c9	PASS	/root/rescripted_registry_n_review	english_source_context_family_review
item:block.tconstruct.blood_slime_tall_grass	sha256:c5f9c3b313280d5bbb58aa40a479cb4c86aeea1ea460134606b364764328cc6c	PASS	/root/rescripted_registry_n_review	english_source_context_family_review
item:block.tconstruct.blood_vanilla_slime_grass	sha256:f9d4d06199e7954e4c4b66f1f986bbe36a8a3f5060138826d7bb5b457c815902	PASS	/root/rescripted_registry_n_review	english_source_context_family_review
item:block.tconstruct.bloodshroom_button	sha256:56ca307e594115c2c385b3b409d83de7173b781423854df4545111a65b7699d2	PASS	/root/rescripted_registry_n_review	english_source_context_family_review
item:block.tconstruct.bloodshroom_door	sha256:97e0542a3e21c13afa3e1e7f9ce90f817f9857086a5f1bd58e2eaa94812e4ffe	PASS	/root/rescripted_registry_n_review	english_source_context_family_review
item:block.tconstruct.bloodshroom_fence	sha256:ca4e03f38668766e04197003405645221c4e98765c49260863d16b6137d4981d	PASS	/root/rescripted_registry_n_review	english_source_context_family_review
item:block.tconstruct.bloodshroom_fence_gate	sha256:196e01c34ed93d2d39fa177cd2fe35feb9f40c37ff8e3ed3ce66852915bdf1e4	PASS	/root/rescripted_registry_n_review	english_source_context_family_review
item:block.tconstruct.bloodshroom_hanging_sign	sha256:13007c85e1ebdc26b11ae275be66605960283fd31f41ca9274fdd161271bf554	PASS	/root/rescripted_registry_n_review	english_source_context_family_review
item:block.tconstruct.bloodshroom_log	sha256:194e815f5be0d739094700dec6cf1110dcd9f5f38c96bfc0fb5a1c2eb34e81fd	PASS	/root/rescripted_registry_n_review	english_source_context_family_review
item:block.tconstruct.bloodshroom_planks	sha256:43f61d39bba2aee019d17853f75b9d7e8909ae3b8c029a241f6001e5400f1da2	PASS	/root/rescripted_registry_n_review	english_source_context_family_review
item:block.tconstruct.bloodshroom_planks_slab	sha256:57fb074484cbe9babd8039e35600f822fcc5214af1666200e80f77673956b9d9	PASS	/root/rescripted_registry_n_review	english_source_context_family_review
item:block.tconstruct.bloodshroom_planks_stairs	sha256:696e72a485d130032bc88d99c1bd3e910e5151d3f386d2508ce219c0d6861731	PASS	/root/rescripted_registry_n_review	english_source_context_family_review
item:block.tconstruct.bloodshroom_pressure_plate	sha256:284729ff8afb6ed3583e4e7ea9433f19272baf21d2879d57e865cf4822a5800d	PASS	/root/rescripted_registry_n_review	english_source_context_family_review
item:block.tconstruct.bloodshroom_sign	sha256:eaf55b015359c5aa5a874d1433a14f64361b47b93351a9fdcb8b01a836de6d2e	PASS	/root/rescripted_registry_n_review	english_source_context_family_review
item:block.tconstruct.bloodshroom_trapdoor	sha256:383734daddd2856a87f83371f1d667fe4344d4b48b53ddc9fc6add5df27c6e9d	PASS	/root/rescripted_registry_n_review	english_source_context_family_review
item:block.tconstruct.bloodshroom_wood	sha256:f8fc7c38e2ac63c74567dc63f56c078b5f4633ac067a1a6fb8aa6cdfdab64b20	PASS	/root/rescripted_registry_n_review	english_source_context_family_review
item:block.tconstruct.blue_clear_stained_glass	sha256:2ebc3e2093c920313237dd2a820a7abb64eb8ad5308fc690c0ac616ae197edf2	PASS	/root/rescripted_registry_n_review	english_source_context_family_review
item:block.tconstruct.blue_clear_stained_glass_pane	sha256:280f470d6d99006529b2b7e97b6e25345240200d207b0e538eb5442f3472e05b	PASS	/root/rescripted_registry_n_review	english_source_context_family_review
item:block.tconstruct.brown_clear_stained_glass	sha256:0fe1643dfe9a1023a5cf344280f3ee683a0b2e200088f7bf4d1c6e1cada8fac3	PASS	/root/rescripted_registry_n_review	english_source_context_family_review
item:block.tconstruct.brown_clear_stained_glass_pane	sha256:0f3bac0079cd2a7c3200b45ff6ed2731b6a0abebea86f5bb6129e5418b651637	PASS	/root/rescripted_registry_n_review	english_source_context_family_review
item:block.tconstruct.budding_earth_slime_crystal	sha256:8e55930cf22906f546634be7afca99c861a69fcfcb9b434d10263a03bce69d49	PASS	/root/rescripted_registry_n_review	english_source_context_family_review
item:block.tconstruct.budding_ender_slime_crystal	sha256:3308f0c090bd4eed24fb4e1f56a457a4899e7bf57197edc396b0f7028e8d3c23	PASS	/root/rescripted_registry_n_review	english_source_context_family_review
item:block.tconstruct.budding_ichor_slime_crystal	sha256:bd9d14132141db6f69fdc647b0b8310647c5fbdd1cd52c9aae8e3218d5d0e5cb	PASS	/root/rescripted_registry_n_review	english_source_context_family_review
item:block.tconstruct.budding_sky_slime_crystal	sha256:ffab17b5b1a9aac8c2f900146fa7d18c2c72801b9b889970052910b9597e5526	PASS	/root/rescripted_registry_n_review	english_source_context_family_review
item:block.tconstruct.cast_chest	sha256:ebaef4f3250a9e70c7b5e3bf1ab51232d958fc850c0322ef1f7eeced2618d039	PASS	/root/rescripted_registry_n_review	english_source_context_family_review
item:block.tconstruct.cave_spider_head	sha256:21712f5d69bf4c5df29a8efb35f5b6c4df2551cf55c9172054783be2d624c737	PASS	/root/rescripted_registry_n_review	english_source_context_family_review
item:block.tconstruct.cheese_block	sha256:c8ab7f45f6105e9fbe771f4459c44eeb6255c92b1dc9117c2b966b040ff87c26	PASS	/root/rescripted_registry_n_review	english_source_context_family_review
item:block.tconstruct.chiseled_scorched_bricks	sha256:707ca270652eace79703cf45b6d8103ee698aab44e15993c8b2be31ab5740211	PASS	/root/rescripted_registry_n_review	english_source_context_family_review
item:block.tconstruct.cinderslime_block	sha256:9f1ce5a5d2d586b8ba7585507c4198c1c6d12d8c4b2d688a1e765a0d544f27c2	PASS	/root/rescripted_registry_n_review	english_source_context_family_review
item:block.tconstruct.clear_glass	sha256:71901687bc66bdfac0b3497a537f1800c98f4cdb2e56367328fce73c4a46d1de	PASS	/root/rescripted_registry_n_review	english_source_context_family_review
item:block.tconstruct.clear_glass_pane	sha256:65a67276874a42ed4c5c8bdf07ca333c21b02b9e525c81be746ac398a415d818	PASS	/root/rescripted_registry_n_review	english_source_context_family_review
item:block.tconstruct.clear_tinted_glass	sha256:46257ab2a85ae98fa5ab75411bcbcd0d6ac09f29d491ab3f0329fe1ebad9d3a8	PASS	/root/rescripted_registry_n_review	english_source_context_family_review
item:block.tconstruct.cobalt_block	sha256:da12821126d1563bfe5476d4b61be96e4281d10ea2a13b140987c2d7248698fa	PASS	/root/rescripted_registry_n_review	english_source_context_family_review
item:block.tconstruct.cobalt_ore	sha256:50c4721258790e91717635e65af7aa7c197fe6b8e2452ff2728fbb4f198c393f	PASS	/root/rescripted_registry_n_review	english_source_context_family_review
item:block.tconstruct.cobalt_platform	sha256:a643133afbb3cb76ec4893a754822295bcf7143a9f6dcae828afaefa02135a66	PASS	/root/rescripted_registry_n_review	english_source_context_family_review
item:block.tconstruct.copper_platform	sha256:77008c7eaa522930f99a81d1527b66e717123329850dcc8fdc7021d9bd597aec	PASS	/root/rescripted_registry_n_review	english_source_context_family_review
item:block.tconstruct.crafting_station	sha256:ac6e10365dc9c3bb853c93f741022070df7a5bac1542c099e06c67eed8b28d56	PASS	/root/rescripted_registry_n_review	english_source_context_family_review
item:block.tconstruct.cyan_clear_stained_glass	sha256:cb60a41543c6131a9bfe8c97b421d83f6f04172dcd2f06663577c5ab627dd3f7	PASS	/root/rescripted_registry_n_review	english_source_context_family_review
item:block.tconstruct.cyan_clear_stained_glass_pane	sha256:4e319d988048edee2f200b2e612073c55d4dc23fb086b2cedb9773ab54b300a5	PASS	/root/rescripted_registry_n_review	english_source_context_family_review
item:block.tconstruct.drowned_head	sha256:b134360eb66fc58db38355e119b6282bf566f6ce5dfc2a0eb2ab1f3a26df4ade	PASS	/root/rescripted_registry_n_review	english_source_context_family_review
item:block.tconstruct.earth_cake	sha256:9251103e1419be47dbd378779828b3555665562450c54b706a97b4a70364d8e7	PASS	/root/rescripted_registry_n_review	english_source_context_family_review
item:block.tconstruct.earth_congealed_slime	sha256:d645ee20764e40c540942466cdf7378e0cccf5aaf186d3762ccf7186014b0253	PASS	/root/rescripted_registry_n_review	english_source_context_family_review
item:block.tconstruct.earth_earth_slime_grass	sha256:95dbb9a3390b8bbf61b4763ee440fac6be90279df5abb2559cf48034c6ffe20c	PASS	/root/rescripted_registry_n_review	english_source_context_family_review
item:block.tconstruct.earth_ender_slime_grass	sha256:95dbb9a3390b8bbf61b4763ee440fac6be90279df5abb2559cf48034c6ffe20c	PASS	/root/rescripted_registry_n_review	english_source_context_family_review
item:block.tconstruct.earth_enderbark_roots	sha256:e7edb2c879ee752fdea85392eb64770a4e8f731ae175ef96310a68bcd641e109	PASS	/root/rescripted_registry_n_review	english_source_context_family_review
item:block.tconstruct.earth_ichor_slime_grass	sha256:95dbb9a3390b8bbf61b4763ee440fac6be90279df5abb2559cf48034c6ffe20c	PASS	/root/rescripted_registry_n_review	english_source_context_family_review
item:block.tconstruct.earth_sky_slime_grass	sha256:95dbb9a3390b8bbf61b4763ee440fac6be90279df5abb2559cf48034c6ffe20c	PASS	/root/rescripted_registry_n_review	english_source_context_family_review
item:block.tconstruct.earth_slime_crystal_block	sha256:8c4dba3ade24baccf5e5b3b6715b4e2fa35d1d2fb36ad3a78d9063848af1401b	PASS	/root/rescripted_registry_n_review	english_source_context_family_review
item:block.tconstruct.earth_slime_crystal_cluster	sha256:5cfa13fd53d68a744cf35c1ff4bd21a76b92412feb628ced3fbc3e6da2576ddf	PASS	/root/rescripted_registry_n_review	english_source_context_family_review
item:block.tconstruct.earth_slime_dirt	sha256:d2b16c357c5712774fe2ff19e927c673b18dc97c88bd677d184c247d1af63641	PASS	/root/rescripted_registry_n_review	english_source_context_family_review
item:block.tconstruct.earth_slime_fern	sha256:9179c29f6d1aa69249a92592e207ce6a625dd9d12b58208c2e0b50a9046e93ab	PASS	/root/rescripted_registry_n_review	english_source_context_family_review
item:block.tconstruct.earth_slime_leaves	sha256:4823eab1377d975b97d6ecf7526c092626f1ac690b93c67e5a2445a5e7e9ff98	PASS	/root/rescripted_registry_n_review	english_source_context_family_review
item:block.tconstruct.earth_slime_sapling	sha256:4eaeb4dfce078a12d56cf07cfe08083c7b5f408c3e5c2b5a73e16842ca8993d0	PASS	/root/rescripted_registry_n_review	english_source_context_family_review
item:block.tconstruct.earth_slime_tall_grass	sha256:838e4cfaf5e94836df3cc9d2eaf8bae68cd0b19705f20a8f85a5005e79839732	PASS	/root/rescripted_registry_n_review	english_source_context_family_review
item:block.tconstruct.earth_vanilla_slime_grass	sha256:95dbb9a3390b8bbf61b4763ee440fac6be90279df5abb2559cf48034c6ffe20c	PASS	/root/rescripted_registry_n_review	english_source_context_family_review
item:block.tconstruct.ender_cake	sha256:bd4fe90103d8ffa4033a4cdaafd6aece9c8c917e1b1fc687fc6add4c077d4bf8	PASS	/root/rescripted_registry_n_review	english_source_context_family_review
item:block.tconstruct.ender_congealed_slime	sha256:df55410a00e6705199b26f1b5575847ba5dd95a21caf4d0215c65fb6008eeb5b	PASS	/root/rescripted_registry_n_review	english_source_context_family_review
item:block.tconstruct.ender_earth_slime_grass	sha256:f3e149cff6922bcb852509f5614eb9cd80d2991b404d03c102f97b14f033d905	PASS	/root/rescripted_registry_n_review	english_source_context_family_review
item:block.tconstruct.ender_ender_slime_grass	sha256:f3e149cff6922bcb852509f5614eb9cd80d2991b404d03c102f97b14f033d905	PASS	/root/rescripted_registry_n_review	english_source_context_family_review
item:block.tconstruct.ender_enderbark_roots	sha256:e7edb2c879ee752fdea85392eb64770a4e8f731ae175ef96310a68bcd641e109	PASS	/root/rescripted_registry_n_review	english_source_context_family_review
item:block.tconstruct.ender_ichor_slime_grass	sha256:f3e149cff6922bcb852509f5614eb9cd80d2991b404d03c102f97b14f033d905	PASS	/root/rescripted_registry_n_review	english_source_context_family_review
item:block.tconstruct.ender_sky_slime_grass	sha256:f3e149cff6922bcb852509f5614eb9cd80d2991b404d03c102f97b14f033d905	PASS	/root/rescripted_registry_n_review	english_source_context_family_review
item:block.tconstruct.ender_slime	sha256:7194c374fea40f88665e6a1d67dd4496f4bc0e5562e3d383b86e477848571499	PASS	/root/rescripted_registry_n_review	english_source_context_family_review
item:block.tconstruct.ender_slime_crystal_block	sha256:65769758cfb344e37cd6a161578b34fa3e31353c4a3c4d8952a0f1b4cdc1eac7	PASS	/root/rescripted_registry_n_review	english_source_context_family_review
item:block.tconstruct.ender_slime_crystal_cluster	sha256:5a2ee6650ce9ba215eaeab9f31b7066d1991eef8215f0ba5dbcadbe06f380087	PASS	/root/rescripted_registry_n_review	english_source_context_family_review
item:block.tconstruct.ender_slime_dirt	sha256:354b7567129484d12df7bddd0a4e029840f84def5b95704a9c41bd4af35cd756	PASS	/root/rescripted_registry_n_review	english_source_context_family_review
item:block.tconstruct.ender_slime_fern	sha256:9179c29f6d1aa69249a92592e207ce6a625dd9d12b58208c2e0b50a9046e93ab	PASS	/root/rescripted_registry_n_review	english_source_context_family_review
item:block.tconstruct.ender_slime_leaves	sha256:4823eab1377d975b97d6ecf7526c092626f1ac690b93c67e5a2445a5e7e9ff98	PASS	/root/rescripted_registry_n_review	english_source_context_family_review
item:block.tconstruct.ender_slime_sapling	sha256:7a4d9c17699344c78dd33f83545913f346dd61b9d43ded5bfe4e55c7df3f7f65	PASS	/root/rescripted_registry_n_review	english_source_context_family_review
item:block.tconstruct.ender_slime_tall_grass	sha256:838e4cfaf5e94836df3cc9d2eaf8bae68cd0b19705f20a8f85a5005e79839732	PASS	/root/rescripted_registry_n_review	english_source_context_family_review
item:block.tconstruct.ender_slime_vine	sha256:3c5452ab1a8b9048aca52ab4434688a8db999100dbc1c3b91e0a53bf689b8ed1	PASS	/root/rescripted_registry_n_review	english_source_context_family_review
item:block.tconstruct.ender_vanilla_slime_grass	sha256:f3e149cff6922bcb852509f5614eb9cd80d2991b404d03c102f97b14f033d905	PASS	/root/rescripted_registry_n_review	english_source_context_family_review
item:block.tconstruct.enderbark_button	sha256:1a405ccab95b4e88b23c1bd11f7d8893184f2275ce131d0c77b3daa5b02706fd	PASS	/root/rescripted_registry_n_review	english_source_context_family_review
item:block.tconstruct.enderbark_door	sha256:18d2e25e012385254aa0c9f85cfde980a67f1497fcfb93517d83e493a945fa03	PASS	/root/rescripted_registry_n_review	english_source_context_family_review
item:block.tconstruct.enderbark_fence	sha256:22add6d8844afdf8165d1f9d3882dbff794e99d7a64dc330ba9338544681524b	PASS	/root/rescripted_registry_n_review	english_source_context_family_review
item:block.tconstruct.enderbark_fence_gate	sha256:c6a868232423025ed51525d03211b62e031bdd32360dd002ef72e23682820616	PASS	/root/rescripted_registry_n_review	english_source_context_family_review
item:block.tconstruct.enderbark_hanging_sign	sha256:6a5845d150968aa357988322b9c764ec9ae7f7c84ed48b561b192fd5a5d1bef6	PASS	/root/rescripted_registry_n_review	english_source_context_family_review
item:block.tconstruct.enderbark_log	sha256:144b03799921b5111a91e89bc54c4e9775da6a300d568d4c70c720a3a2620604	PASS	/root/rescripted_registry_n_review	english_source_context_family_review
item:block.tconstruct.enderbark_planks	sha256:3d87c629b95036f26c1806b7fda58cf34d0ac04dd37ab6365d6f0f13a3e74845	PASS	/root/rescripted_registry_n_review	english_source_context_family_review
item:block.tconstruct.enderbark_planks_slab	sha256:613d567c20fca1f5bb6e8463af82fe42d5718e5b02477891553fa2b1076ef3a3	PASS	/root/rescripted_registry_n_review	english_source_context_family_review
item:block.tconstruct.enderbark_planks_stairs	sha256:a2740de65ed596a9fab3f3ac433f5e9abb54e698878d2884d08cd21630a68a2c	PASS	/root/rescripted_registry_n_review	english_source_context_family_review
item:block.tconstruct.enderbark_pressure_plate	sha256:0d063c763adc35e30611247527c54671399fe828ad7341c4570103e74efb8ecd	PASS	/root/rescripted_registry_n_review	english_source_context_family_review
item:block.tconstruct.enderbark_roots	sha256:fb950e81c762fcf843c38923d7c64098a1ea24169519c4f3a2714ad71077594c	PASS	/root/rescripted_registry_n_review	english_source_context_family_review
item:block.tconstruct.enderbark_sign	sha256:407d0584517fbf4e1af186c2c0b64d92253adaa283ff80aef7f354d4eff69de0	PASS	/root/rescripted_registry_n_review	english_source_context_family_review
item:block.tconstruct.enderbark_trapdoor	sha256:6c8e04bae9c852f481ff2bef6dbd9156f7dc55d810f26be70f359be203206c45	PASS	/root/rescripted_registry_n_review	english_source_context_family_review
item:block.tconstruct.enderbark_wood	sha256:19df56625f78907fa16cc00483212b3827730c9b2bb5bc8ae4c01239e3a211a0	PASS	/root/rescripted_registry_n_review	english_source_context_family_review
item:block.tconstruct.enderman_head	sha256:2afb159c44c55079d862fd565cefe35f241cd12dc4ac24874e96f992cbc0e47a	PASS	/root/rescripted_registry_n_review	english_source_context_family_review
item:block.tconstruct.exposed_copper_platform	sha256:7067943364af5a630613b03ac6505370f5d86c6d2e1d99e509b68249e79bfbed	PASS	/root/rescripted_registry_n_review	english_source_context_family_review
item:block.tconstruct.foundry_controller	sha256:d8083f3260cbee149b2499d79faf43de9bee6cbb41b1588d2ba6ffd912a6e497	PASS	/root/rescripted_registry_n_review	english_source_context_family_review
item:block.tconstruct.gold_bars	sha256:74aa9437a2d575f3b105463470f1c7911b8e37ff289ce635ddf6af4a881d3dd4	PASS	/root/rescripted_registry_n_review	english_source_context_family_review
item:block.tconstruct.gold_platform	sha256:41dbc923da32f45ec0a94a38fb43535e0a5377d8928ae3491c4bdd59ec188a7f	PASS	/root/rescripted_registry_n_review	english_source_context_family_review
item:block.tconstruct.gray_clear_stained_glass	sha256:fb0aecc64f18ca420020da1ae4eff47dc840cba435c3e363046a085feb79b250	PASS	/root/rescripted_registry_n_review	english_source_context_family_review
item:block.tconstruct.gray_clear_stained_glass_pane	sha256:4155eb85b3fcc6555f40ce60aad289390970ad3aabfb54a55304a017475b1c73	PASS	/root/rescripted_registry_n_review	english_source_context_family_review
item:block.tconstruct.green_clear_stained_glass	sha256:d1ded5aae1243adae1bb796a48a7449a70c1b2ff4099dfa78f12877d31d8c389	PASS	/root/rescripted_registry_n_review	english_source_context_family_review
item:block.tconstruct.green_clear_stained_glass_pane	sha256:0e4a051b5325b7bb6d413725750ef5e771d2c51711f49250d67be73a6ae77c24	PASS	/root/rescripted_registry_n_review	english_source_context_family_review
item:block.tconstruct.greenheart_button	sha256:f7ba8f0731056bc6e7d7c94391f2c91feff3a1610fc745ff51c39b9337eb86e4	PASS	/root/rescripted_registry_n_review	english_source_context_family_review
item:block.tconstruct.greenheart_door	sha256:000aa4f86f29b1ca9bf68485ca841cd660a3c8d85c217b7fc9fd804bd34b2abe	PASS	/root/rescripted_registry_n_review	english_source_context_family_review
item:block.tconstruct.greenheart_fence	sha256:c9c82e53b829a1006761df0f5041b22d4f71a608eb2875a447125ec2f37f635c	PASS	/root/rescripted_registry_n_review	english_source_context_family_review
item:block.tconstruct.greenheart_fence_gate	sha256:7137c839e6c551f1d52a02d1cde37cafa64d53f0782f4fddd3655709c1409fd6	PASS	/root/rescripted_registry_n_review	english_source_context_family_review
item:block.tconstruct.greenheart_hanging_sign	sha256:d09e82473ca5ea5393586ae1c96c9fefbf435ffa0823e0c37685f8b0c0f1b4e3	PASS	/root/rescripted_registry_n_review	english_source_context_family_review
item:block.tconstruct.greenheart_log	sha256:19b790f6dfd7b9387f37f671db01eb965573436dd28bf185dac955429c5aabb4	PASS	/root/rescripted_registry_n_review	english_source_context_family_review
item:block.tconstruct.greenheart_planks	sha256:8be8d3c270bc1de5741a0a7486c68f83268b6849d9cf12b793ae704199d8422f	PASS	/root/rescripted_registry_n_review	english_source_context_family_review
item:block.tconstruct.greenheart_planks_slab	sha256:ce65e6c07a79d0322383d9ee12c4011d0b42b08002e9e34a037b11a003105da5	CHANGE	/root/rescripted_registry_n_review	english_source_context_family_review
item:block.tconstruct.greenheart_planks_stairs	sha256:c74b3e922bb1f5317c6179ef122b7c204bee8230b1f4bd9ea86855d17cf52707	PASS	/root/rescripted_registry_n_review	english_source_context_family_review
item:block.tconstruct.greenheart_pressure_plate	sha256:b11d4882fa739b1dab2f217a7b8c61146d7cc6adf73e01c33c0474cd9ab3b3f5	PASS	/root/rescripted_registry_n_review	english_source_context_family_review
item:block.tconstruct.greenheart_sign	sha256:d5a1644b25c3ec1cd443ef1099901352a7d2711a03210639ead1fac171ede4c3	PASS	/root/rescripted_registry_n_review	english_source_context_family_review
item:block.tconstruct.greenheart_trapdoor	sha256:9d634d8d4b8dd8b24af8eec8a0eeb54968ae1812b476588f9dd6b05654c78cc1	PASS	/root/rescripted_registry_n_review	english_source_context_family_review
item:block.tconstruct.greenheart_wood	sha256:77d14525861be01fc1f873fb718aea6ac63d1a24bb9b922a51abf56735d00faf	PASS	/root/rescripted_registry_n_review	english_source_context_family_review
item:block.tconstruct.grout	sha256:4e21b9c50ce786a07a70b25d9fcd2d131d82476cea6f1db3d64a8a5af2669fe1	PASS	/root/rescripted_registry_n_review	english_source_context_family_review
item:block.tconstruct.hepatizon_block	sha256:192aa3db331179fbaf9e00150d34aa08b188610088c51570acae04ab32f06b1f	PASS	/root/rescripted_registry_n_review	english_source_context_family_review
item:block.tconstruct.husk_head	sha256:02e850cf9e33758ed10ba5f369d500f77a2dcc44f6d8144bade228bf1148c617	PASS	/root/rescripted_registry_n_review	english_source_context_family_review
item:block.tconstruct.ichor_cake	sha256:d2d2c172262da1773ffd9317ef641aead60c07277fd54a4bca0bb044531be2e2	PASS	/root/rescripted_registry_n_review	english_source_context_family_review
item:block.tconstruct.ichor_congealed_slime	sha256:72ec69a252ebd865529fd7c10355e860213b7c1ba79e421fa209c831e3c68a05	PASS	/root/rescripted_registry_n_review	english_source_context_family_review
item:block.tconstruct.ichor_earth_slime_grass	sha256:47751dcdaca09b1c45eeb536f3d238016d116a4d9c864210148928d7a77d1741	PASS	/root/rescripted_registry_n_review	english_source_context_family_review
item:block.tconstruct.ichor_ender_slime_grass	sha256:47751dcdaca09b1c45eeb536f3d238016d116a4d9c864210148928d7a77d1741	PASS	/root/rescripted_registry_n_review	english_source_context_family_review
item:block.tconstruct.ichor_enderbark_roots	sha256:e7edb2c879ee752fdea85392eb64770a4e8f731ae175ef96310a68bcd641e109	PASS	/root/rescripted_registry_n_review	english_source_context_family_review
item:block.tconstruct.ichor_ichor_slime_grass	sha256:47751dcdaca09b1c45eeb536f3d238016d116a4d9c864210148928d7a77d1741	PASS	/root/rescripted_registry_n_review	english_source_context_family_review
item:block.tconstruct.ichor_sky_slime_grass	sha256:47751dcdaca09b1c45eeb536f3d238016d116a4d9c864210148928d7a77d1741	PASS	/root/rescripted_registry_n_review	english_source_context_family_review
item:block.tconstruct.ichor_slime	sha256:3e4b48d1d6ff1e8a9d457b1094624ca6ef76b22b085fd31af55a53ceaeee6dd9	PASS	/root/rescripted_registry_n_review	english_source_context_family_review
item:block.tconstruct.ichor_slime_crystal_block	sha256:c639be9b45ff053e5c846712244c2dbb7ef12ba9d70e97b5ee1e637e4c978729	PASS	/root/rescripted_registry_n_review	english_source_context_family_review
item:block.tconstruct.ichor_slime_crystal_cluster	sha256:5eb8dfe01ac68bfe4d86a650a843d3986503ebd8ac6e0fe6955677569362e8eb	PASS	/root/rescripted_registry_n_review	english_source_context_family_review
item:block.tconstruct.ichor_slime_dirt	sha256:b1f10ccae29a0760a73a01202a72e561fde6abee3a1530ea1a402453b22fd731	PASS	/root/rescripted_registry_n_review	english_source_context_family_review
item:block.tconstruct.ichor_slime_fern	sha256:4c16d67333c0a7641b9aa2aad90f1f3a13dc0efe0592d5c1637aba6905145eb1	PASS	/root/rescripted_registry_n_review	english_source_context_family_review
item:block.tconstruct.ichor_slime_leaves	sha256:47812fc74f3d3d187a0e109340be534366f4fb2927659143000a5f0887936666	PASS	/root/rescripted_registry_n_review	english_source_context_family_review
item:block.tconstruct.ichor_slime_sapling	sha256:3d999a974dbf837e6df89c2f7dc89a9bd0843ec31da0862c83f1b827b9fef8f0	PASS	/root/rescripted_registry_n_review	english_source_context_family_review
item:block.tconstruct.ichor_slime_tall_grass	sha256:838e4cfaf5e94836df3cc9d2eaf8bae68cd0b19705f20a8f85a5005e79839732	PASS	/root/rescripted_registry_n_review	english_source_context_family_review
item:block.tconstruct.ichor_vanilla_slime_grass	sha256:47751dcdaca09b1c45eeb536f3d238016d116a4d9c864210148928d7a77d1741	PASS	/root/rescripted_registry_n_review	english_source_context_family_review
item:block.tconstruct.iron_platform	sha256:6edee60641cfd1b33fffd13e447cba122fa2ca4d97bbdfe298dbbca139020bf9	PASS	/root/rescripted_registry_n_review	english_source_context_family_review
item:block.tconstruct.knightslime_block	sha256:08e660228d010fed0fea0e02ee745462617fc8f9f922271544c2a8cd7d265c64	PASS	/root/rescripted_registry_n_review	english_source_context_family_review
item:block.tconstruct.large_earth_slime_crystal_bud	sha256:df48f0387f694d0f31b76f5855c906b7a160276b1152d2b85a4bd2dd67bafd0b	PASS	/root/rescripted_registry_n_review	english_source_context_family_review
item:block.tconstruct.large_ender_slime_crystal_bud	sha256:59e263caf1a76fb500e48a26a6bd8ac589860b1ec33cc78f587b9b60d1f1bf29	PASS	/root/rescripted_registry_n_review	english_source_context_family_review
item:block.tconstruct.large_ichor_slime_crystal_bud	sha256:2327d49039d4640378cea935d0f9b90521b459da70bac12a108ba5da82a08e4b	PASS	/root/rescripted_registry_n_review	english_source_context_family_review
item:block.tconstruct.large_sky_slime_crystal_bud	sha256:c53c95f76e1d4fb93450f599d95a4dcd51831753cf1d580c5fb284e6b2885c34	PASS	/root/rescripted_registry_n_review	english_source_context_family_review
item:block.tconstruct.light_blue_clear_stained_glass	sha256:c712570b6b112619d8f95c31125821378c7fe8c5ebb3e9f40e09bd359fa9546f	PASS	/root/rescripted_registry_n_review	english_source_context_family_review
item:block.tconstruct.light_blue_clear_stained_glass_pane	sha256:1fbacee87edf52bd9dc7bfb153a2cb108b1ec869593adc2eb7c0f5b3d89e179c	PASS	/root/rescripted_registry_n_review	english_source_context_family_review
item:block.tconstruct.light_gray_clear_stained_glass	sha256:22fc2ed57f01b30f651e832556b20b4613e8c06decbe7410efed8ac6e0a60bfa	PASS	/root/rescripted_registry_n_review	english_source_context_family_review
item:block.tconstruct.light_gray_clear_stained_glass_pane	sha256:58ff7dbe4919b26cdda73899552c96a5742c6c53a318dccde192e4a51c880b05	PASS	/root/rescripted_registry_n_review	english_source_context_family_review
item:block.tconstruct.lime_clear_stained_glass	sha256:5c101ada9a9463560e57dca8b0387c0f3715aca2de6a4d5255125f9a810836f4	PASS	/root/rescripted_registry_n_review	english_source_context_family_review
item:block.tconstruct.lime_clear_stained_glass_pane	sha256:6cda40d7fa002df046d57ab9d265725338e77797d8e7e01d9fde0e8acb9c93a2	PASS	/root/rescripted_registry_n_review	english_source_context_family_review
item:block.tconstruct.magenta_clear_stained_glass	sha256:614067db82a11f11deac71b50207a0d8aec1d6beab562550a53cd75bd34db255	PASS	/root/rescripted_registry_n_review	english_source_context_family_review
item:block.tconstruct.magenta_clear_stained_glass_pane	sha256:4235902d17fdf2e2a29223d88ff46b0a31f8412ab647599669578b4d9287168d	PASS	/root/rescripted_registry_n_review	english_source_context_family_review
item:block.tconstruct.magma_cake	sha256:7394f923aa0843650f9e47b8a9647a8abe3e3fad852e4cb3398513fbf0f882fa	PASS	/root/rescripted_registry_n_review	english_source_context_family_review
item:block.tconstruct.manyullyn_block	sha256:e8d5922db91185244db2cf275f7bdedc66c75b42ad399c76a6a56fefec8f1464	PASS	/root/rescripted_registry_n_review	english_source_context_family_review
item:block.tconstruct.medium_earth_slime_crystal_bud	sha256:64a99da7e6f759e809e0b5f663f493edc2796bddfb05068e1081c67a467088ce	PASS	/root/rescripted_registry_n_review	english_source_context_family_review
item:block.tconstruct.medium_ender_slime_crystal_bud	sha256:c30c62d9c1c080f7204961e5df0f5dc82675259798f3f01f4f16dbabd3ab68b1	PASS	/root/rescripted_registry_n_review	english_source_context_family_review
item:block.tconstruct.medium_ichor_slime_crystal_bud	sha256:d57156e27ab5ec57ff361e7adc2e9bae9fd08315073e8a864e4842626d736626	PASS	/root/rescripted_registry_n_review	english_source_context_family_review
item:block.tconstruct.medium_sky_slime_crystal_bud	sha256:0884508e768fe78c0b653e13c0cd7bc3f279308e7639e0518bd684f0ce8c9807	PASS	/root/rescripted_registry_n_review	english_source_context_family_review
item:block.tconstruct.modifier_worktable	sha256:dead182429e72c29f4253a0767969055e98b75116c9f6c389cd4b19b51a56539	PASS	/root/rescripted_registry_n_review	english_source_context_family_review
item:block.tconstruct.nahuatl	sha256:3ff69078f6b65b85c7ba2c02832d16e0ceb23db11465e9cb8e06a5483b311905	PASS	/root/rescripted_registry_n_review	english_source_context_family_review
item:block.tconstruct.nahuatl_fence	sha256:95b80e5b61155a4b93a3719e36fd7a9d3083016f647514b555ce27b78470311b	PASS	/root/rescripted_registry_n_review	english_source_context_family_review
item:block.tconstruct.nahuatl_slab	sha256:861a8873efadc7f9850c73e82fb289e74e3eeb5a59134f354f6ed4c0812ecfaf	PASS	/root/rescripted_registry_n_review	english_source_context_family_review
item:block.tconstruct.nahuatl_stairs	sha256:6571013727248608a4eaa29d9358dc3d45878f1f3b0d01efeb621e163b104fbd	PASS	/root/rescripted_registry_n_review	english_source_context_family_review
item:block.tconstruct.nether_grout	sha256:f7b3f53172ba0004dc9e375d9fb31f470f8589838929121ad3c4a5011f72033b	PASS	/root/rescripted_registry_n_review	english_source_context_family_review
item:block.tconstruct.obsidian_pane	sha256:d38dc8c8381599fbdf0d2323769c07237f28d907ee93e2a72fb4f4c70ca4296d	PASS	/root/rescripted_registry_n_review	english_source_context_family_review
item:block.tconstruct.orange_clear_stained_glass	sha256:c3c8b72ebcac77bbe169f574383e5b993fec2ebe1148e776e7b63533f1cdefcb	PASS	/root/rescripted_registry_n_review	english_source_context_family_review
item:block.tconstruct.orange_clear_stained_glass_pane	sha256:167167f8999f2c2c65e653f5df1ad48c2245bab945c50eb9b9cd3457f8487522	PASS	/root/rescripted_registry_n_review	english_source_context_family_review
item:block.tconstruct.oxidized_copper_platform	sha256:4e711ada92dd2ac9efbbe03651f0ccbccd3528ec20365e001c1844383661afcc	PASS	/root/rescripted_registry_n_review	english_source_context_family_review
item:block.tconstruct.part_builder	sha256:26fe0e643cd20294009fff026c8d94804356d3920010cfa6a9b9d301929596c4	PASS	/root/rescripted_registry_n_review	english_source_context_family_review
item:block.tconstruct.part_chest	sha256:fbcd53b33a745fe62017fe0691fe465c7b1c4f52d35cda63e3e4650ca7fe9aa7	PASS	/root/rescripted_registry_n_review	english_source_context_family_review
item:block.tconstruct.pig_iron_block	sha256:044c138b5c5d15f50d33da80562f730768987867b47fb87364295277cc47b1a3	PASS	/root/rescripted_registry_n_review	english_source_context_family_review
item:block.tconstruct.piglin_brute_head	sha256:379e371300390174d76e1b2a08e0a8f22f993174390a1075484133502c13234c	PASS	/root/rescripted_registry_n_review	english_source_context_family_review
item:block.tconstruct.pink_clear_stained_glass	sha256:6f132bd4ee938095708baeaae8fe3849670d1f09109bb471eaef89dc7450b05c	PASS	/root/rescripted_registry_n_review	english_source_context_family_review
item:block.tconstruct.pink_clear_stained_glass_pane	sha256:5f45b763c3dd494c9fad0e15bcc3bb20abf94e9b53d4d3cf00883ead97494e03	PASS	/root/rescripted_registry_n_review	english_source_context_family_review
item:block.tconstruct.polished_scorched_stone	sha256:95a4d022831dc1980fdbbf1a42664eff0e8f39da852c51f3f8aef2041c56f35c	PASS	/root/rescripted_registry_n_review	english_source_context_family_review
item:block.tconstruct.punji	sha256:47635cd0c5f48b17ce6081578f0579e12149f5e9c636c0e7fcfc2575c54cd776	PASS	/root/rescripted_registry_n_review	english_source_context_family_review
item:block.tconstruct.purple_clear_stained_glass	sha256:2c90ef5ba5a35274f83a339a50324d4802f7366a0c6fdddc03ef5ac15279e776	PASS	/root/rescripted_registry_n_review	english_source_context_family_review
item:block.tconstruct.purple_clear_stained_glass_pane	sha256:9b14edd3d2bcacddf23548bf4256284a46191bd44065bd0ca874d561336f0ba1	PASS	/root/rescripted_registry_n_review	english_source_context_family_review
item:block.tconstruct.queens_slime_block	sha256:9f6cd30fb93c738280906a7dcbbc1c9da8b24ae8f045e85aaa02f0e0df28e7ad	PASS	/root/rescripted_registry_n_review	english_source_context_family_review
item:block.tconstruct.raw_cobalt_block	sha256:fdf6bef36261d50de53ec6bbc4c451c8a677ad202104045938356c7570e82dfe	PASS	/root/rescripted_registry_n_review	english_source_context_family_review
item:block.tconstruct.red_clear_stained_glass	sha256:b7c7527f532b4f5e3fde47890f316b52eb293fe0b94f0c9c8ade47378257a1d6	PASS	/root/rescripted_registry_n_review	english_source_context_family_review
item:block.tconstruct.red_clear_stained_glass_pane	sha256:74f31cfdf2d555d0ec8aa62bc35aa80af449ea58596e5f6d64293605c64c334b	PASS	/root/rescripted_registry_n_review	english_source_context_family_review
item:block.tconstruct.rose_gold_block	sha256:8c28ae53b3085a866185d876841905e1548f1cb53b9a4a12852c2cfd876f3c6f	PASS	/root/rescripted_registry_n_review	english_source_context_family_review
item:block.tconstruct.scorched_alloyer	sha256:57ed6e561239774a964af4798e76928e9b72335f40b6660ffc2c56e3ec08bb73	PASS	/root/rescripted_registry_n_review	english_source_context_family_review
item:block.tconstruct.scorched_anvil	sha256:da88409cee0aec1c063745aab730c0f62a875435b85afaca89bbeda1288fc4fe	PASS	/root/rescripted_registry_n_review	english_source_context_family_review
item:block.tconstruct.scorched_basin	sha256:43a8b468a5311a90880b00aa7cd36f5863120f5f51e8b18f385f8224ccf29741	PASS	/root/rescripted_registry_n_review	english_source_context_family_review
item:block.tconstruct.scorched_bricks	sha256:a36cadbf148abf5d3d29ae469122d02c85c769d46bd5b141d3cc1755593a5b59	PASS	/root/rescripted_registry_n_review	english_source_context_family_review
item:block.tconstruct.scorched_bricks_fence	sha256:d8c6b1f36db6d3d3f1d9803be9d3db6d87971204cbae489343a8023fcee50447	PASS	/root/rescripted_registry_n_review	english_source_context_family_review
item:block.tconstruct.scorched_bricks_slab	sha256:3eadbf5b4e0f6244af766bf4546c66545a33b4b0854a18969d57863cf5de2e4a	PASS	/root/rescripted_registry_n_review	english_source_context_family_review
item:block.tconstruct.scorched_bricks_stairs	sha256:2ecd17e3091972505dc162b9cc1a9ff153838b2a712c023a059b8ba1259a8745	PASS	/root/rescripted_registry_n_review	english_source_context_family_review
item:block.tconstruct.scorched_channel	sha256:8c557c73ad80754f8b7d91e12c279c3ab1126d5e43cfa2dae243b8ea9f5db868	PASS	/root/rescripted_registry_n_review	english_source_context_family_review
item:block.tconstruct.scorched_chute	sha256:aac56226964d7c64463688904a863989eda4b0e8a05a52827d70559ee2e7fbdb	PASS	/root/rescripted_registry_n_review	english_source_context_family_review
item:block.tconstruct.scorched_drain	sha256:170fd80b05f167f3dd0e6c87f90a6cbc5d6b17dcf94f0f2488d13ed2621b84c8	PASS	/root/rescripted_registry_n_review	english_source_context_family_review
item:block.tconstruct.scorched_duct	sha256:9774ab0cf0c2eeff128b84795629d67c7111d75bdbf4d00550d318127f2e11ab	PASS	/root/rescripted_registry_n_review	english_source_context_family_review
item:block.tconstruct.scorched_faucet	sha256:73e428f94f2fd69645899871c52af0cb35883ed340501032dd1eaaffa04e6c39	PASS	/root/rescripted_registry_n_review	english_source_context_family_review
item:block.tconstruct.scorched_fluid_cannon	sha256:8c3dbdff8217ea0f18b5f8631c0e355b771d97e31eaacdb1d3096eb4fb4ade45	PASS	/root/rescripted_registry_n_review	english_source_context_family_review
item:block.tconstruct.scorched_fuel_gauge	sha256:d71dbeb5e66ee5e61043c2b3299aaf5d841e98c66f5785a4a8c49fec9b2b0f80	PASS	/root/rescripted_registry_n_review	english_source_context_family_review
item:block.tconstruct.scorched_fuel_tank	sha256:00e6757be9b013399564c57b8a2277f5ed6ce46409793ea6389caa50f3adb614	PASS	/root/rescripted_registry_n_review	english_source_context_family_review
item:block.tconstruct.scorched_glass	sha256:59bccd07d50852d152474573cc5adb2871eff1033617ce5f9e517926efa25111	PASS	/root/rescripted_registry_n_review	english_source_context_family_review
item:block.tconstruct.scorched_glass_pane	sha256:ae211b7f5dc38a1d53eb4f4c550f739076b0225ba74655c0593d7f4102f210d7	PASS	/root/rescripted_registry_n_review	english_source_context_family_review
item:block.tconstruct.scorched_ingot_gauge	sha256:5aa888a63058e9dc38fee73c6c2c441de4c123ffc014c8c7272274c198e4720e	PASS	/root/rescripted_registry_n_review	english_source_context_family_review
item:block.tconstruct.scorched_ingot_tank	sha256:d84ffc540406665b922a6db40cd4bb38e001ed0548511a2ded1a353f5ab1f088	PASS	/root/rescripted_registry_n_review	english_source_context_family_review
item:block.tconstruct.scorched_ladder	sha256:3124464e7f597e7d98b37e67dbbcae123472c344bd267a199a155388dd88eb8a	PASS	/root/rescripted_registry_n_review	english_source_context_family_review
item:block.tconstruct.scorched_lantern	sha256:9c3374bbce4c02ffe605bb072082d01867b69e01f17276b720b3aebb8316ff79	PASS	/root/rescripted_registry_n_review	english_source_context_family_review
item:block.tconstruct.scorched_proxy_tank	sha256:acb278044265758bc1cedd5e5863b2946ed561cf5b627edd5976309c6788281a	PASS	/root/rescripted_registry_n_review	english_source_context_family_review
item:block.tconstruct.scorched_road	sha256:39d2b950c623cceb7031d6f399018a196a7922550ef0ebfd7adce8e6344620a4	CHANGE	/root/rescripted_registry_n_review	english_source_context_family_review
item:block.tconstruct.scorched_road_slab	sha256:fb1505474cb40d771e184f12b2405fed279d3e88d1fb8d701fb208e3cded5c89	PASS	/root/rescripted_registry_n_review	english_source_context_family_review
item:block.tconstruct.scorched_road_stairs	sha256:6ada6dbfa67e099a29f4715455cad6840b4745ce067d802a5f451541ed82f1d8	PASS	/root/rescripted_registry_n_review	english_source_context_family_review
item:block.tconstruct.scorched_soul_glass	sha256:6caaf985a04bdd404a20848679a9ab6061d3b286a53d2399396ab421bd4b1a5d	PASS	/root/rescripted_registry_n_review	english_source_context_family_review
item:block.tconstruct.scorched_soul_glass_pane	sha256:b44430430c5f84228d135e34d43e96c80bb8b569c8e03c6fbb07ae78435b74de	PASS	/root/rescripted_registry_n_review	english_source_context_family_review
item:block.tconstruct.scorched_stone	sha256:390a0afcd9591894741a73d26d01413a375895954a6de8b0d94278bfd26da073	PASS	/root/rescripted_registry_n_review	english_source_context_family_review
item:block.tconstruct.scorched_table	sha256:54d30907c98e47597420016df9b4071c1887e3ae3a3ce48e3645d3c18fa2a14d	PASS	/root/rescripted_registry_n_review	english_source_context_family_review
item:block.tconstruct.scorched_tinted_glass	sha256:aa6b7b0b461c3404827afaeca6c99fbf3613aa80fe969e45bdb64186de7535b3	PASS	/root/rescripted_registry_n_review	english_source_context_family_review
item:block.tconstruct.seared_basin	sha256:9b0ebba895ffb1b899ea1ed58980d91ffdc575e0bf77f233ff0c2e474d8aa4e0	PASS	/root/rescripted_registry_n_review	english_source_context_family_review
item:block.tconstruct.seared_bricks	sha256:52543f3fc6edb0b98dd117169f3a9dc0e6f3954b5b220d52ff19db4e64a73ffb	PASS	/root/rescripted_registry_n_review	english_source_context_family_review
item:block.tconstruct.seared_bricks_slab	sha256:71699bcbce113e9f9f8e66b9aebc16674b747ed349494022575341e32e596761	PASS	/root/rescripted_registry_n_review	english_source_context_family_review
item:block.tconstruct.seared_bricks_stairs	sha256:5743e110a86bfc11fe3e4fda67e460aae8606d3b7c6a1d3b58c0db1325a0fb9a	PASS	/root/rescripted_registry_n_review	english_source_context_family_review
item:block.tconstruct.seared_bricks_wall	sha256:83303525e861abd8f2edeb5919d6fba8799cadd9b84627b7565b269189fa924a	PASS	/root/rescripted_registry_n_review	english_source_context_family_review
item:block.tconstruct.seared_casting_tank	sha256:5fca3cb3f7b1787a1788de0e6280b410db15c6cb3943dbb711a9e2a6a418bda5	PASS	/root/rescripted_registry_n_review	english_source_context_family_review
item:block.tconstruct.seared_channel	sha256:e53bf0e1a8e64fc7c27f7abc492069b0f47b63f638d00d60473b0d9f41ae5002	PASS	/root/rescripted_registry_n_review	english_source_context_family_review
item:block.tconstruct.seared_chute	sha256:8945c33aebc21cf035b1a39621c8574d76e3aba07c2547b0b1f6fbbe1941cd6b	PASS	/root/rescripted_registry_n_review	english_source_context_family_review
item:block.tconstruct.seared_cobble	sha256:e96f55602f38f5d2c5353e38d7582283f585485d02005e20fc57651c9ed96b0b	PASS	/root/rescripted_registry_n_review	english_source_context_family_review
item:block.tconstruct.seared_cobble_slab	sha256:be799ad61fd9ce6c755234c5fc3cb24078638c879512f21548d2d433c3f97c83	PASS	/root/rescripted_registry_n_review	english_source_context_family_review
item:block.tconstruct.seared_cobble_stairs	sha256:0ffd4994297cc2f0165292cb9fdc98522b2345ce232cdd1442459bd032f5e370	PASS	/root/rescripted_registry_n_review	english_source_context_family_review
item:block.tconstruct.seared_cobble_wall	sha256:0a2942e6e5081de46906ae104bec26112c2dc270a57ef925d81c01016239ec0b	PASS	/root/rescripted_registry_n_review	english_source_context_family_review
item:block.tconstruct.seared_cracked_bricks	sha256:5594bba770357fee9ae60aafba4847069d56e04e9525cfeb978c9f5afd61e2fb	PASS	/root/rescripted_registry_n_review	english_source_context_family_review
item:block.tconstruct.seared_drain	sha256:ffd2faa0e86cb60d36ac30abbbc6e1f6c7d8a9a7e4bbea9a1dddb9b175d97353	PASS	/root/rescripted_registry_n_review	english_source_context_family_review
item:block.tconstruct.seared_duct	sha256:a34c0d2fbcd0d298cfd7b4eed2580668a962c46b4a454b7b4046686ec425872c	PASS	/root/rescripted_registry_n_review	english_source_context_family_review
item:block.tconstruct.seared_fancy_bricks	sha256:2fccc09e2fbbaba2761b7597efd21b263d54869632c33dc1281fdc453d7e250b	PASS	/root/rescripted_registry_n_review	english_source_context_family_review
item:block.tconstruct.seared_faucet	sha256:65caec02a266a8cbbb314ebe8226165127319d4ad00783c6c225dd7d361ffd78	PASS	/root/rescripted_registry_n_review	english_source_context_family_review
item:block.tconstruct.seared_fluid_cannon	sha256:d36c056869f63358f3850fa2b3e01b71ea8faca42cdcbf054352229147eaed72	PASS	/root/rescripted_registry_n_review	english_source_context_family_review
item:block.tconstruct.seared_fuel_gauge	sha256:ae80a8220e74fafa9423c3e7f3a2a831d1feefa6e3930806696b82ad3bf4a60b	PASS	/root/rescripted_registry_n_review	english_source_context_family_review
item:block.tconstruct.seared_fuel_tank	sha256:300a5a39813820a72d7c2698d588207dc96fb153c85fc65cad610e02fbb4cb4a	PASS	/root/rescripted_registry_n_review	english_source_context_family_review
item:block.tconstruct.seared_glass	sha256:713f9418048d0112b166e2e09bf9d3308e493c7ca1d24918af40799b7a5e15fc	PASS	/root/rescripted_registry_n_review	english_source_context_family_review
item:block.tconstruct.seared_glass_pane	sha256:f095ebd5e3bb2d5d6be56bf7f1d07498a3ff2b62f28b1d3dc60ddc489f2b37d1	PASS	/root/rescripted_registry_n_review	english_source_context_family_review
item:block.tconstruct.seared_heater	sha256:e3e7aa68f16f56aecf1ac9d6ebf18d182963b7d9a80132faa7b1ed8afeeaef3d	PASS	/root/rescripted_registry_n_review	english_source_context_family_review
item:block.tconstruct.seared_ingot_gauge	sha256:319d0903eccca54a72c25e722615198b3b3db9590d5f3e490b51f375863a7507	PASS	/root/rescripted_registry_n_review	english_source_context_family_review
item:block.tconstruct.seared_ingot_tank	sha256:c3355dff81a773f4804fb9535b64cf75c7a32858ac437c72627a0f743f85b93c	PASS	/root/rescripted_registry_n_review	english_source_context_family_review
item:block.tconstruct.seared_ladder	sha256:8c73f2c585ada830c19cd67dfa5bb0aba887d6e1ae07eaf9cd5e156a24a6b0d8	PASS	/root/rescripted_registry_n_review	english_source_context_family_review
item:block.tconstruct.seared_lantern	sha256:eb70add0a642e6c89fa7cccb76cb548a9deb24355049a9679408cb17955fc561	PASS	/root/rescripted_registry_n_review	english_source_context_family_review
item:block.tconstruct.seared_melter	sha256:92ba1c5ba83aec7ae339d90e53a0780b64ba3462835574e2fe0fe0c4b8bb4c5e	PASS	/root/rescripted_registry_n_review	english_source_context_family_review
item:block.tconstruct.seared_paver	sha256:07741be5ab87e0bb85ce98f24832584febe34315e35a8673b4ce0ae0dc7bf3fe	PASS	/root/rescripted_registry_n_review	english_source_context_family_review
item:block.tconstruct.seared_paver_slab	sha256:ccf2d644ddd33e97f62dd0a2dd1a03e29ea2d9c0ae02718d57a8651cffdd389b	PASS	/root/rescripted_registry_n_review	english_source_context_family_review
item:block.tconstruct.seared_paver_stairs	sha256:bcfe5942353984596999c8d1bd85e4fd97e1d89d8b337ffedb878c548755ea85	PASS	/root/rescripted_registry_n_review	english_source_context_family_review
item:block.tconstruct.seared_soul_glass	sha256:b19d1a38af975695b0367e3b3c2a682f319c67b6059bd65cc22b1f1ac8e84be2	PASS	/root/rescripted_registry_n_review	english_source_context_family_review
item:block.tconstruct.seared_soul_glass_pane	sha256:c855d3f37eec9d1b053c41d9e77142751eff682c4a07793ef8bdf020be2c1cd2	PASS	/root/rescripted_registry_n_review	english_source_context_family_review
item:block.tconstruct.seared_stone	sha256:ba2653a86d6412a5769a010518dd94d41498eac2f7b2d19b406c95dab1584348	PASS	/root/rescripted_registry_n_review	english_source_context_family_review
item:block.tconstruct.seared_stone_slab	sha256:1bc3121e566592d70fb2d6e76a2d5570e98d22ac98ee2fcbad66994431c710f7	PASS	/root/rescripted_registry_n_review	english_source_context_family_review
item:block.tconstruct.seared_stone_stairs	sha256:9c2b0103c5a9128ba006fb1d7e35ad0fcc50b109ddd183d145c592bf66cf0ccd	CHANGE	/root/rescripted_registry_n_review	english_source_context_family_review
item:block.tconstruct.seared_table	sha256:7a63d831f0a2e01ebac39b951a36a9654e675ffcc259cee98d1c0f990ce37510	PASS	/root/rescripted_registry_n_review	english_source_context_family_review
item:block.tconstruct.seared_tinted_glass	sha256:d3be3916d97de44ecfad8fcedd56b80803be97d0ebb180b0a00ddc118a604249	PASS	/root/rescripted_registry_n_review	english_source_context_family_review
item:block.tconstruct.seared_triangle_bricks	sha256:42bb12dd551e71ac36b43f27948a58a9b6df1a587d5d2f2645510fc794d6f8da	PASS	/root/rescripted_registry_n_review	english_source_context_family_review
item:block.tconstruct.silky_jewel_block	sha256:2160b44785417007c4cdf213a2b41a7e4f71e72ac1578b07841af5508fb6150e	PASS	/root/rescripted_registry_n_review	english_source_context_family_review
item:block.tconstruct.sky_cake	sha256:598e1c6e9100824bc005adf47dab34f978766aa602f97a71ad9442365b0333be	PASS	/root/rescripted_registry_n_review	english_source_context_family_review
item:block.tconstruct.sky_congealed_slime	sha256:ff94bda0d2c545358e297794eff35f25e1d011a296c7b3936de8e2cdc48e9f80	CHANGE	/root/rescripted_registry_n_review	english_source_context_family_review
item:block.tconstruct.sky_earth_slime_grass	sha256:d2c25e6d82f88412aa88d03d4c6c2bc899299c1b0957a6c12a123182cf2f2008	PASS	/root/rescripted_registry_n_review	english_source_context_family_review
item:block.tconstruct.sky_ender_slime_grass	sha256:d2c25e6d82f88412aa88d03d4c6c2bc899299c1b0957a6c12a123182cf2f2008	PASS	/root/rescripted_registry_n_review	english_source_context_family_review
item:block.tconstruct.sky_enderbark_roots	sha256:e7edb2c879ee752fdea85392eb64770a4e8f731ae175ef96310a68bcd641e109	PASS	/root/rescripted_registry_n_review	english_source_context_family_review
item:block.tconstruct.sky_ichor_slime_grass	sha256:d2c25e6d82f88412aa88d03d4c6c2bc899299c1b0957a6c12a123182cf2f2008	PASS	/root/rescripted_registry_n_review	english_source_context_family_review
item:block.tconstruct.sky_sky_slime_grass	sha256:d2c25e6d82f88412aa88d03d4c6c2bc899299c1b0957a6c12a123182cf2f2008	PASS	/root/rescripted_registry_n_review	english_source_context_family_review
item:block.tconstruct.sky_slime	sha256:43f6bb36162a580d02db5c5888fd3345789835075db2b6d153812c87e152a912	PASS	/root/rescripted_registry_n_review	english_source_context_family_review
item:block.tconstruct.sky_slime_crystal_block	sha256:36a38281d276b9cad06fe9b46f0c956eab2656676af5f79a66fda87f32d7989a	PASS	/root/rescripted_registry_n_review	english_source_context_family_review
item:block.tconstruct.sky_slime_crystal_cluster	sha256:b880ed6adca765b5dc1fe0686cdaf02ea536100517faff99e078d12fe8dbc3b0	PASS	/root/rescripted_registry_n_review	english_source_context_family_review
item:block.tconstruct.sky_slime_dirt	sha256:036b8ba877db2642528be0821c4e746fa4334f67058c63485bebaa3c903bb727	PASS	/root/rescripted_registry_n_review	english_source_context_family_review
item:block.tconstruct.sky_slime_fern	sha256:9179c29f6d1aa69249a92592e207ce6a625dd9d12b58208c2e0b50a9046e93ab	PASS	/root/rescripted_registry_n_review	english_source_context_family_review
item:block.tconstruct.sky_slime_leaves	sha256:4823eab1377d975b97d6ecf7526c092626f1ac690b93c67e5a2445a5e7e9ff98	PASS	/root/rescripted_registry_n_review	english_source_context_family_review
item:block.tconstruct.sky_slime_sapling	sha256:d95a03174e046fcd84270d673e5c838c7d0c668f5444d79f480390b9b623583e	PASS	/root/rescripted_registry_n_review	english_source_context_family_review
item:block.tconstruct.sky_slime_tall_grass	sha256:838e4cfaf5e94836df3cc9d2eaf8bae68cd0b19705f20a8f85a5005e79839732	PASS	/root/rescripted_registry_n_review	english_source_context_family_review
item:block.tconstruct.sky_slime_vine	sha256:3c5452ab1a8b9048aca52ab4434688a8db999100dbc1c3b91e0a53bf689b8ed1	PASS	/root/rescripted_registry_n_review	english_source_context_family_review
item:block.tconstruct.sky_vanilla_slime_grass	sha256:d2c25e6d82f88412aa88d03d4c6c2bc899299c1b0957a6c12a123182cf2f2008	PASS	/root/rescripted_registry_n_review	english_source_context_family_review
item:block.tconstruct.skyroot_button	sha256:e066038a8864160d2f1d91b8cc64b6b1355360ed36b23daeee1f4f20af730269	PASS	/root/rescripted_registry_n_review	english_source_context_family_review
item:block.tconstruct.skyroot_door	sha256:712bddc4842b9170905629c140d29d0306e40e56262fdd2281095a7a5007534d	PASS	/root/rescripted_registry_n_review	english_source_context_family_review
item:block.tconstruct.skyroot_fence	sha256:a27021790d8894419dfd1429d20e7e7106beb2b5a9affc10ef85f16691bcf816	PASS	/root/rescripted_registry_n_review	english_source_context_family_review
item:block.tconstruct.skyroot_fence_gate	sha256:8781bcaea9ecf6b60f21632a1c9f0ef6859443e2091b3300cc0480798d3c014d	PASS	/root/rescripted_registry_n_review	english_source_context_family_review
item:block.tconstruct.skyroot_hanging_sign	sha256:01ce05925417a75755f756d4591ae3a8b42bfaab0d252711957b8573a3411cdc	PASS	/root/rescripted_registry_n_review	english_source_context_family_review
item:block.tconstruct.skyroot_log	sha256:6132f1d8fd32a0ddfde61cc6a33ebad2dce9853a2a3c24cade40acab87653f01	PASS	/root/rescripted_registry_n_review	english_source_context_family_review
item:block.tconstruct.skyroot_planks	sha256:9e06806c4f44ba1941c9fc91ebe8951b2c39466f9e8bd686c879548d9e607008	PASS	/root/rescripted_registry_n_review	english_source_context_family_review
item:block.tconstruct.skyroot_planks_slab	sha256:91d4df99a856f440157664fc71d88d74b12a527763d70124905cca35a9ba8448	PASS	/root/rescripted_registry_n_review	english_source_context_family_review
item:block.tconstruct.skyroot_planks_stairs	sha256:e0ac307b8ce8713112a2149dc7433ac0d071eba31dccc71036061a0cd2541c0d	PASS	/root/rescripted_registry_n_review	english_source_context_family_review
item:block.tconstruct.skyroot_pressure_plate	sha256:09829196acad91d30284c23de23a4d2b9316bb0e524e572e35d1c06ab057e294	PASS	/root/rescripted_registry_n_review	english_source_context_family_review
item:block.tconstruct.skyroot_sign	sha256:f0dd08c4b27725c9d3fde4ab5f2671edab0bc98823fdf1367ae28e45e4585cc9	PASS	/root/rescripted_registry_n_review	english_source_context_family_review
item:block.tconstruct.skyroot_trapdoor	sha256:1f049878db85d7a270ce4f5a23112c3d1a274317958ca3368a7412714085b5b9	PASS	/root/rescripted_registry_n_review	english_source_context_family_review
item:block.tconstruct.skyroot_wood	sha256:0bdb498bf713ebc2963783eaed1ce69d44996769afac673303a6b5f302df46c6	PASS	/root/rescripted_registry_n_review	english_source_context_family_review
item:block.tconstruct.slimesteel_block	sha256:29dbcf7289c26432691cf479554ab397df22143882cbf546af71759e8f73b378	PASS	/root/rescripted_registry_n_review	english_source_context_family_review
item:block.tconstruct.small_earth_slime_crystal_bud	sha256:6e7b3d290e976aa4c8ef313fcd46f06c85e67bb33d1c6558dadcf1345a88691c	PASS	/root/rescripted_registry_n_review	english_source_context_family_review
item:block.tconstruct.small_ender_slime_crystal_bud	sha256:8740c4889fcb42d359d0ffc98b801b047aed5b2c2bde45afd11f79a023563293	PASS	/root/rescripted_registry_n_review	english_source_context_family_review
item:block.tconstruct.small_ichor_slime_crystal_bud	sha256:a4a362dfd8adde429e11238aff273e84a4d511daad8d547903dcd21517b806ce	PASS	/root/rescripted_registry_n_review	english_source_context_family_review
item:block.tconstruct.small_sky_slime_crystal_bud	sha256:6961201c39895792feb21b0e05b1ea87b90cc6c2b7153f859e20936a125370ea	PASS	/root/rescripted_registry_n_review	english_source_context_family_review
item:block.tconstruct.smeltery_controller	sha256:bf155fa0d3372c5f9aa494a176264b0f7e340ce1a0ed1910075250aa239d05fe	PASS	/root/rescripted_registry_n_review	english_source_context_family_review
item:block.tconstruct.soul_glass	sha256:f929f6827606fd1c2a39edf5f995310378e5411c999866c066214e188f1aa257	PASS	/root/rescripted_registry_n_review	english_source_context_family_review
item:block.tconstruct.soul_glass_pane	sha256:4e12e041147c98ad2a6514e9f6ad46edcdfd6d4b00329dad598bd684d5e964c4	PASS	/root/rescripted_registry_n_review	english_source_context_family_review
item:block.tconstruct.soulsteel_block	sha256:5e5425e5482aafee423a86f47cac57c3c586b7113c98891c61d8e264ede45a19	PASS	/root/rescripted_registry_n_review	english_source_context_family_review
item:block.tconstruct.spider_head	sha256:7ef4447188950a5b1b77abf1c09ad5fce9bfe07e54c69d3ba25fb5458b1258c3	PASS	/root/rescripted_registry_n_review	english_source_context_family_review
item:block.tconstruct.steel_block	sha256:092d833ceaecf5c3bd8d1fc5e7ad41d6669119c3b9ef151863e065140c3f52f2	PASS	/root/rescripted_registry_n_review	english_source_context_family_review
item:block.tconstruct.stray_head	sha256:22f5e266543a7a69adc0a494dd45ecba08b6ec04eeaee2f7888157d5f1d40ebf	PASS	/root/rescripted_registry_n_review	english_source_context_family_review
item:block.tconstruct.stripped_bloodshroom_log	sha256:43de6f090a31e41b8c578f1bca82cb8e9c0c1de2c760cc635251a0394616d065	PASS	/root/rescripted_registry_n_review	english_source_context_family_review
item:block.tconstruct.stripped_bloodshroom_wood	sha256:02da05da15d66edf234a23ef77c4d0d8699fb83b779d47303fbf5ef116caedde	PASS	/root/rescripted_registry_n_review	english_source_context_family_review
item:block.tconstruct.stripped_enderbark_log	sha256:9c331d69735bc2af20cef3d37dbc583f604f00146b63ab4441114bda0fe80f25	PASS	/root/rescripted_registry_n_review	english_source_context_family_review
item:block.tconstruct.stripped_enderbark_wood	sha256:575060e467110c8b2f37928c493b9dae3c1cfb845af49ab7687d7824d805c45b	PASS	/root/rescripted_registry_n_review	english_source_context_family_review
item:block.tconstruct.stripped_greenheart_log	sha256:d33088d0d7a87cfdb6a5bb8604bc3efa22a0ebec454b65595249502153ffa9d1	PASS	/root/rescripted_registry_n_review	english_source_context_family_review
item:block.tconstruct.stripped_greenheart_wood	sha256:ef8dcfeacd1fb880b1992cde3b74870614b6dabe306a55f8f8e36f934e9c4d0e	PASS	/root/rescripted_registry_n_review	english_source_context_family_review
item:block.tconstruct.stripped_skyroot_log	sha256:74701e6f3937d00776e14cbe0e94a1afb1195385ba04702ca281b36dfec4be24	PASS	/root/rescripted_registry_n_review	english_source_context_family_review
item:block.tconstruct.stripped_skyroot_wood	sha256:b105498269258a468e90d28b70dac1d52b2fb79a2f717fb622ac54a490f69153	PASS	/root/rescripted_registry_n_review	english_source_context_family_review
item:block.tconstruct.tinker_station	sha256:03c4ffea20d7382bcd2c6bc7bc0fa787cb69afe4fd405ba818f6df2ce5d61bc7	PASS	/root/rescripted_registry_n_review	english_source_context_family_review
item:block.tconstruct.tinkers_anvil	sha256:da88409cee0aec1c063745aab730c0f62a875435b85afaca89bbeda1288fc4fe	PASS	/root/rescripted_registry_n_review	english_source_context_family_review
item:block.tconstruct.tinkers_chest	sha256:3d62daa02701fe0f77c57c812298cabc4e2a7653840692782b03a54e2dd3fbb7	PASS	/root/rescripted_registry_n_review	english_source_context_family_review
item:block.tconstruct.waxed_copper_platform	sha256:1426b7faedb08d57f900964ad48d150c6d141f67aac11ee9dacfe3adc2034eaf	PASS	/root/rescripted_registry_n_review	english_source_context_family_review
item:block.tconstruct.waxed_exposed_copper_platform	sha256:164c8dd4391bc30182824f87b38f50bcae3765e66e111e173c5215753046ac1e	PASS	/root/rescripted_registry_n_review	english_source_context_family_review
item:block.tconstruct.waxed_oxidized_copper_platform	sha256:540fcc848a4fbef8bac8745d63866057a5982ea7751f29910315aff72ba5d755	PASS	/root/rescripted_registry_n_review	english_source_context_family_review
item:block.tconstruct.waxed_weathered_copper_platform	sha256:172a8d97cbe561d1aeff9205ea180ac6bcccd36a19ecbc5f73995f81dbdb0aa4	PASS	/root/rescripted_registry_n_review	english_source_context_family_review
item:block.tconstruct.weathered_copper_platform	sha256:65bda712ddc674509d06b3d270743728aa4aeaba885b5ad4f2e25ddad40c600c	PASS	/root/rescripted_registry_n_review	english_source_context_family_review
item:block.tconstruct.white_clear_stained_glass	sha256:c1a8c1cf427223cc316c7f215b630a7389095162f5083180edcae27c6b403a0a	PASS	/root/rescripted_registry_n_review	english_source_context_family_review
item:block.tconstruct.white_clear_stained_glass_pane	sha256:19595ace7977286820d700702ef1eec6af355fa7d5520aefed2dcd5b0083f50c	PASS	/root/rescripted_registry_n_review	english_source_context_family_review
item:block.tconstruct.yellow_clear_stained_glass	sha256:a94a5393daf488aff3073d06c2e9b3f0f644d1760dc7e5d0596c78d360250954	PASS	/root/rescripted_registry_n_review	english_source_context_family_review
item:block.tconstruct.yellow_clear_stained_glass_pane	sha256:0450e98b0d720c38ea37f7d5e174bb4b0c84ba89f47cfcfbe39d321979852d0f	PASS	/root/rescripted_registry_n_review	english_source_context_family_review
item:block.tconstruct.zombified_piglin_head	sha256:ee32dcbf832b515f802265d3d640079173e815eb3172d8bd80fb270fc4ca9452	PASS	/root/rescripted_registry_n_review	english_source_context_family_review
item:block.thermal.amaranth_block	sha256:5171c0a52691f35d0a552a7e7e3ffe483174ab9b329687c035bc70dc0ad15cd7	PASS	/root/rescripted_registry_n_review	english_source_context_family_review
item:block.thermal.apatite_block	sha256:2a06576e7f8ae8bf5f280c855a5db26c2cea334a3f8983be68736d8d7d3f5357	PASS	/root/rescripted_registry_n_review	english_source_context_family_review
item:block.thermal.apatite_ore	sha256:8cee155cd77ab5e5910cdfa78373ae4d2a90ab78371336776b10cb9425733890	PASS	/root/rescripted_registry_n_review	english_source_context_family_review
item:block.thermal.apple_block	sha256:c27d2476ae10fb0c3566fc86b7be68235f223c402545b6f3565d2acb3fe78ede	PASS	/root/rescripted_registry_n_review	english_source_context_family_review
item:block.thermal.barley_block	sha256:49766e9aa3397f33162e721d4b16355fec6864fa26f697095c5ba4e4434f4adb	PASS	/root/rescripted_registry_n_review	english_source_context_family_review
item:block.thermal.beetroot_block	sha256:6e8bd433b5483ee744a30130bb483b9c6e4f5fb5c5a84b10334e94e080fa737c	PASS	/root/rescripted_registry_n_review	english_source_context_family_review
item:block.thermal.bell_pepper_block	sha256:cd1013c0b752594b74ab5c1fc6780264175b968e6bf1031a010fbaae86386932	PASS	/root/rescripted_registry_n_review	english_source_context_family_review
item:block.thermal.bitumen_block	sha256:75c75729d58b5226ccfefde7ab5ae39693454b98362632ad2c8cae76c2a2e99c	PASS	/root/rescripted_registry_n_review	english_source_context_family_review
item:block.thermal.black_rockwool	sha256:c61545121b0d1f5f8c015793e89f3a2ce924761fa448a8f0a052f57d91282d9a	PASS	/root/rescripted_registry_n_review	english_source_context_family_review
item:block.thermal.blue_rockwool	sha256:2f9b455b26bdfc6b428fd5cc40a74c56c748363f116e54a8c042b96df16f07f1	PASS	/root/rescripted_registry_n_review	english_source_context_family_review
item:block.thermal.bronze_block	sha256:fa22824afe5df655af75ea204d6f2ee5dedb104fec03c2782e9ebbfb68c00739	PASS	/root/rescripted_registry_n_review	english_source_context_family_review
item:block.thermal.brown_rockwool	sha256:31a19d5cd607ba5f4826622484ad7f013a7e7a77dc4c7a05a0200492ca03322a	PASS	/root/rescripted_registry_n_review	english_source_context_family_review
item:block.thermal.carrot_block	sha256:6df5334acb2e4ed4e2b1e52b4819580bc48aacdd1187448aeba38420226a7930	PASS	/root/rescripted_registry_n_review	english_source_context_family_review
item:block.thermal.carrot_cake	sha256:1cc369ece0aa2f8565dd39590126bf97dc3cbd5ad40ddd4c36438458adb7ef07	PASS	/root/rescripted_registry_n_review	english_source_context_family_review
item:block.thermal.charcoal_block	sha256:2b78e9927f7f9d5c55aa20759a43d78a851e37f914c7c42849cdb45ef507e90f	PASS	/root/rescripted_registry_n_review	english_source_context_family_review
item:block.thermal.charge_bench	sha256:96486e8146f887b039350aac37be22778d4d7f7cf788b81c63595d3cf3fc80ac	PASS	/root/rescripted_registry_n_review	english_source_context_family_review
item:block.thermal.cheese_wheel	sha256:3a36a8ff2734d9af03e13c73750d3f98ef73b50b34413528f0e34e92a680ecb3	PASS	/root/rescripted_registry_n_review	english_source_context_family_review
item:block.thermal.chiseled_rich_slag	sha256:6f85f1c636c491308401396f7c6c08b6a6ae36c62fa90763d3628ca5c3b9791b	PASS	/root/rescripted_registry_n_review	english_source_context_family_review
item:block.thermal.chiseled_slag	sha256:b2eae1b8dab1b8e60b817dcd023db507c60a7903259bdadc6e75bfd29fe699d8	PASS	/root/rescripted_registry_n_review	english_source_context_family_review
item:block.thermal.chocolate_cake	sha256:b2fbace58ecc2a29597367676beceafcb2895c26ca3767e6c3c281ac840ef3f8	PASS	/root/rescripted_registry_n_review	english_source_context_family_review
item:block.thermal.cinnabar_block	sha256:4fd3102eac099ae7dc9020fe0eefaa0e7bf8bce370893af31907567137f1172b	PASS	/root/rescripted_registry_n_review	english_source_context_family_review
item:block.thermal.cinnabar_ore	sha256:9eec4227f7a7f85f0e2325644a1eccf88d2478a7dc9b88358dc0fa0bd0bdb5cf	PASS	/root/rescripted_registry_n_review	english_source_context_family_review
item:block.thermal.coal_coke_block	sha256:cfff12e6f144336b44d9d2d8e15eaa99324cf4ce50661d70fb29606346c01d6c	PASS	/root/rescripted_registry_n_review	english_source_context_family_review
item:block.thermal.coffee_block	sha256:a22d1bacb94723d4da69326522740b4b798758dc19d8828aa0fc994eaf59224d	PASS	/root/rescripted_registry_n_review	english_source_context_family_review
item:block.thermal.constantan_block	sha256:cab2610a756191a45272212eb19d24432cdc92cc01dc5ecbe921365d9dbcf82d	PASS	/root/rescripted_registry_n_review	english_source_context_family_review
item:block.thermal.corn_block	sha256:2327d2f496dd0dbbb424174714addb4ee5fcdb756e223bf671bbb99d946bb96c	PASS	/root/rescripted_registry_n_review	english_source_context_family_review
item:block.thermal.cracked_rich_slag_bricks	sha256:f4c057e19a3366948c489595a29a220e591e4a7b8e630b05633d4b268a31a394	PASS	/root/rescripted_registry_n_review	english_source_context_family_review
item:block.thermal.cracked_slag_bricks	sha256:8a01775c0d738423a0e0838208653d533f52f3d3cb923434a128e40b79c0fd5b	PASS	/root/rescripted_registry_n_review	english_source_context_family_review
item:block.thermal.cured_rubber_block	sha256:106da0968b7d33d14da25ae52f29e8521942d241b4e6aa95093e0ac08ccafc02	PASS	/root/rescripted_registry_n_review	english_source_context_family_review
item:block.thermal.cyan_rockwool	sha256:0c958e48bf41e2f603e4183e18ea11556ca1922e4b37cda94448634bec45688c	PASS	/root/rescripted_registry_n_review	english_source_context_family_review
item:block.thermal.deepslate_apatite_ore	sha256:e2d790eabc38b5c99b8939f3f1ec28307af06f2200c70f2151d3513a8cffe1e2	PASS	/root/rescripted_registry_n_review	english_source_context_family_review
item:block.thermal.deepslate_cinnabar_ore	sha256:5a83b2ebf6043be7b72d06f07cbb84f109f93f9e890ff5eacf010a0185612f39	PASS	/root/rescripted_registry_n_review	english_source_context_family_review
item:block.thermal.deepslate_lead_ore	sha256:fe68088db8d382c332b5270e9154e7d85d32c84bad4450c91d1291028695848e	PASS	/root/rescripted_registry_n_review	english_source_context_family_review
item:block.thermal.deepslate_nickel_ore	sha256:6f2757fac8f89a42b0693e40d276cc5aee29d231c7a2e98692da935f0e29c38e	PASS	/root/rescripted_registry_n_review	english_source_context_family_review
item:block.thermal.deepslate_niter_ore	sha256:d79a21396c8a073e985421bdcbed4ed8a8d3f6a9510560ed159c2b97b9239c01	PASS	/root/rescripted_registry_n_review	english_source_context_family_review
item:block.thermal.deepslate_ruby_ore	sha256:359e992c5b9f875935855ed7ffa0158d4b03572ac786bfaa24fa69aae6743107	PASS	/root/rescripted_registry_n_review	english_source_context_family_review
item:block.thermal.deepslate_sapphire_ore	sha256:0baa55e52227714f10bf5135646fe717962f60e91c455a2c5fd32d2ed7b21ebc	PASS	/root/rescripted_registry_n_review	english_source_context_family_review
item:block.thermal.deepslate_silver_ore	sha256:8c624dc88e7b9a0d9bcd8ec05034d4be2132fa518b009511aeaadf1dc2fc79f3	PASS	/root/rescripted_registry_n_review	english_source_context_family_review
item:block.thermal.deepslate_sulfur_ore	sha256:a04a1a73639a249a100ec3d2301d4dfea5adca4ea0a3f8af229f5edd827c5ce9	PASS	/root/rescripted_registry_n_review	english_source_context_family_review
item:block.thermal.deepslate_tin_ore	sha256:2b5725dec128dcd41e3310dcff011c097eeb305227cfd548585bce9f43314fcf	PASS	/root/rescripted_registry_n_review	english_source_context_family_review
item:block.thermal.device_collector	sha256:5213df0e7400028f575a8fa1b1935fe2ee2714b3ead262c7e6defefa84d9476b	PASS	/root/rescripted_registry_n_review	english_source_context_family_review
item:block.thermal.device_composter	sha256:90222b39828c77b0eb523e5d2c929b25d34fa1ff29b77fc651ed6a70d7fa7070	PASS	/root/rescripted_registry_n_review	english_source_context_family_review
item:block.thermal.device_fisher	sha256:8be9b566d7c403353f6064d3a74095e83b28487e619c2b2ac3f42366997e5b90	PASS	/root/rescripted_registry_n_review	english_source_context_family_review
item:block.thermal.device_hive_extractor	sha256:c11c6810d77d8cbcb035354d1d3093e252931e8677da64b337d2ef564e6dd61b	PASS	/root/rescripted_registry_n_review	english_source_context_family_review
item:block.thermal.device_nullifier	sha256:81628e223cbcb58054627a022b7734068b13d38a71a14a18bef159543226d95a	PASS	/root/rescripted_registry_n_review	english_source_context_family_review
item:block.thermal.device_potion_diffuser	sha256:91b9eaf98c3f3143e1353b8842cb104994fecffd428a629d52fad8f4745ba4bb	PASS	/root/rescripted_registry_n_review	english_source_context_family_review
item:block.thermal.device_rock_gen	sha256:004ee83dee5201887cc30d29a5656e17c57601271f5e32298de6525151b8640f	PASS	/root/rescripted_registry_n_review	english_source_context_family_review
item:block.thermal.device_soil_infuser	sha256:93ba7a50294b765f7e5f6a886aae1a54c32887c4a8cf3a1ee253081e859c7451	PASS	/root/rescripted_registry_n_review	english_source_context_family_review
item:block.thermal.device_tree_extractor	sha256:2fcbbe7a7d10ff7c99a8e321ba4c9b765e8a40da7e344c75c7734eed6a82bbdc	PASS	/root/rescripted_registry_n_review	english_source_context_family_review
item:block.thermal.device_water_gen	sha256:abcf1a2052b4e48e83d6d20afd0fc5e3e7acca749d1d69e76f9c3c6b9d4f6de2	PASS	/root/rescripted_registry_n_review	english_source_context_family_review
item:block.thermal.dynamo_compression	sha256:524a0335794f5a7f7f6179331ea0b925ed75aee6d3c9e3d7e9d31288af6bf461	PASS	/root/rescripted_registry_n_review	english_source_context_family_review
item:block.thermal.dynamo_disenchantment	sha256:f98a0a026f345da96235dfa349e14669cb85f4faca968cf6435a5c6ec28c6fe6	PASS	/root/rescripted_registry_n_review	english_source_context_family_review
item:block.thermal.dynamo_gourmand	sha256:f666f9c61007eed4dd3217c32acc0268993d9c3595420d50ea39f1aa317821db	PASS	/root/rescripted_registry_n_review	english_source_context_family_review
item:block.thermal.dynamo_lapidary	sha256:c618a651adfe00cab559e0b1428f630c3ce5b0619cf3777cba7c3aafb550bd9c	CHANGE	/root/rescripted_registry_n_review	english_source_context_family_review
item:block.thermal.dynamo_magmatic	sha256:d49674402450448ef30bc40aa33eebaa200266383b365112bc9f65faaa7cc46e	PASS	/root/rescripted_registry_n_review	english_source_context_family_review
item:block.thermal.dynamo_numismatic	sha256:05d5dc10aaa83a0983099cf0f0c179e5ce8b2cc077b9e4a18fce0f8a0311e006	PASS	/root/rescripted_registry_n_review	english_source_context_family_review
item:block.thermal.dynamo_stirling	sha256:883d02d3e7c6fa490a173d1b9d2ea3bcf43f69d5d48cb49ba2234ddbdb49161e	CHANGE	/root/rescripted_registry_n_review	english_source_context_family_review
item:block.thermal.eggplant_block	sha256:b6f7451a43362d4027ec87280dd8b2ea5bd7ae2223565ddba0047cb2fa960c34	PASS	/root/rescripted_registry_n_review	english_source_context_family_review
item:block.thermal.electrum_block	sha256:d4f79e9d65fef823401f5a2043a2de4641a72d9c5e3acc1947e9de21f99f7cc1	PASS	/root/rescripted_registry_n_review	english_source_context_family_review
item:block.thermal.enderium_block	sha256:10596aca450d1214b9174ff7625d5b6c233abedcec03257012028c704baf69d9	PASS	/root/rescripted_registry_n_review	english_source_context_family_review
item:block.thermal.enderium_glass	sha256:5b622f05c6a6acb4f6f193f06fc8bd62ba02e320ff04bf7d5bdf1f57749d5a32	PASS	/root/rescripted_registry_n_review	english_source_context_family_review
item:block.thermal.energy_cell	sha256:e4d0cc3071c0c42b22a980d948dbff585d47f353100692885a93fb92d26510fe	PASS	/root/rescripted_registry_n_review	english_source_context_family_review
item:block.thermal.energy_cell_frame	sha256:0eadafd7e5a50f122565599f1152ec8844f8f1f30c93686b843ac6f330340930	PASS	/root/rescripted_registry_n_review	english_source_context_family_review
item:block.thermal.energy_duct	sha256:d1b90599aec5fb241f3fe7fb250e4d6f18b8b21085c6ffdc3bc135144f310ad6	PASS	/root/rescripted_registry_n_review	english_source_context_family_review
item:block.thermal.flax_block	sha256:0405234e295464ed29335ba710a2b1556754949aeb51bb2a6426bf60a5d720f5	PASS	/root/rescripted_registry_n_review	english_source_context_family_review
item:block.thermal.fluid_cell	sha256:21f80ad1c959f3749719d4e3aea028ae95b900f4d2ccc59ae6c968334d4c5bf4	PASS	/root/rescripted_registry_n_review	english_source_context_family_review
item:block.thermal.fluid_cell_frame	sha256:7e24c6a38ca165bfd9b9f26c35585962dbf7a0ada777ca627b203e3fe59df293	PASS	/root/rescripted_registry_n_review	english_source_context_family_review
item:block.thermal.fluid_duct	sha256:7b05358af924461d69cf900476511dffd499cc4df04063d26afc262b60312d1c	PASS	/root/rescripted_registry_n_review	english_source_context_family_review
item:block.thermal.fluid_duct_windowed	sha256:ce25a931fb2d3daa1a7c0064046af8db3ae78750a0982ee054a87d309e208cb1	PASS	/root/rescripted_registry_n_review	english_source_context_family_review
item:block.thermal.frost_melon	sha256:8a4fda01246a9bdc103d17be5e43fc003f35310b71b3f9789f5797087628088f	PASS	/root/rescripted_registry_n_review	english_source_context_family_review
item:block.thermal.gray_rockwool	sha256:9d82b9c8159bf2ce12cd75cf0437529674f10e024147a99f955795a8a9ecfe7f	PASS	/root/rescripted_registry_n_review	english_source_context_family_review
item:block.thermal.green_bean_block	sha256:4e163dbceb4ebc5bb9c8890b2cdb6a1fc5bfce88834036b6ed8bc2468a724d0e	PASS	/root/rescripted_registry_n_review	english_source_context_family_review
item:block.thermal.green_rockwool	sha256:297fac40b04fb0275af7a84952b91af3c8ab2fbfa34067c5814e168221942385	PASS	/root/rescripted_registry_n_review	english_source_context_family_review
item:block.thermal.gunpowder_block	sha256:497edca1efd93e9d018b1f3486d7426323ddc9e69f075ba66e1b6a1967094032	PASS	/root/rescripted_registry_n_review	english_source_context_family_review
item:block.thermal.hops_block	sha256:722434b036f598a4e9a92c590aca008ff42d6788797edf81da54cdfa05582fff	PASS	/root/rescripted_registry_n_review	english_source_context_family_review
item:block.thermal.invar_block	sha256:28aa3a432fe4311cadc1a81a38bcf90c84b15a3e7f64a3cded948c937bd420e8	PASS	/root/rescripted_registry_n_review	english_source_context_family_review
item:block.thermal.item_buffer	sha256:2d58749ef8d359e2374ffc839e65593890a160953183d42054358bd9266c4d0a	PASS	/root/rescripted_registry_n_review	english_source_context_family_review
item:block.thermal.lead_block	sha256:c23a5d32c63406077d3892da57c4076e9b57111ea631b2c9b75a2c9ba43d7453	PASS	/root/rescripted_registry_n_review	english_source_context_family_review
item:block.thermal.lead_ore	sha256:682a5444e9d64dc5ab742665379f51b456133c1e741f207fb55b2fbd0dbe90d2	PASS	/root/rescripted_registry_n_review	english_source_context_family_review
item:block.thermal.light_blue_rockwool	sha256:6ed5cc6c7170edcace918d948b3e228422731bb6f487155dde055ae72d9c8803	PASS	/root/rescripted_registry_n_review	english_source_context_family_review
item:block.thermal.light_gray_rockwool	sha256:a399cbc1dd8083313e3ce1b30f0bda9b569ec9b81084bfa96724892f4c7c2778	PASS	/root/rescripted_registry_n_review	english_source_context_family_review
item:block.thermal.lime_rockwool	sha256:1867efd57f2582ee17934b870ceb76b719f2c238b368edaaef0b8e32b006b0cc	PASS	/root/rescripted_registry_n_review	english_source_context_family_review
item:block.thermal.lumium_block	sha256:d0349bad361105df5020e80c5c8d71f7d65262de63375730a99b9ced6829ea5c	PASS	/root/rescripted_registry_n_review	english_source_context_family_review
item:block.thermal.lumium_glass	sha256:cb05fd3fb33bdaddc4013e091ff374f6ddeb92c6fba8a193f3ed39777fbfe3c5	PASS	/root/rescripted_registry_n_review	english_source_context_family_review
item:block.thermal.machine_bottler	sha256:c0cca346895c4b5cee956e1bf48d5947d144d641e5e852e53181e0bcd82fc028	PASS	/root/rescripted_registry_n_review	english_source_context_family_review
item:block.thermal.machine_brewer	sha256:25b32559c1da9fad56504f8219c210eb26b3826eacb2c0091f48b570f0a1f896	PASS	/root/rescripted_registry_n_review	english_source_context_family_review
item:block.thermal.machine_centrifuge	sha256:0572ea46e59b1cd10663d1940852d8cad5c51f1ac9841958abf247efc2835b14	PASS	/root/rescripted_registry_n_review	english_source_context_family_review
item:block.thermal.machine_chiller	sha256:0aecbd2a8e8efb1909afb0be1aa80ffb92cc4ae02f3c28831ddfee446efcfd6e	PASS	/root/rescripted_registry_n_review	english_source_context_family_review
item:block.thermal.machine_crafter	sha256:2ca5ae847138ada19e2342eff7e0c1a6c1596f5fcc1095caf0d047c9dd1b1c91	PASS	/root/rescripted_registry_n_review	english_source_context_family_review
item:block.thermal.machine_crucible	sha256:3581e73d9a03c17d53dd9af7832991d9690a72ee98096d20cf9b691d28ef2e88	PASS	/root/rescripted_registry_n_review	english_source_context_family_review
item:block.thermal.machine_crystallizer	sha256:383ebf6c5740d634add48a50f143e359ba621e4b9a92db526d4dc3b2c092a50d	PASS	/root/rescripted_registry_n_review	english_source_context_family_review
item:block.thermal.machine_frame	sha256:1652fd51c2604f3f5e140df0ef0f2aa19fb9e43c03b2670c4c8cc7e2cc2b9983	PASS	/root/rescripted_registry_n_review	english_source_context_family_review
item:block.thermal.machine_furnace	sha256:21d8127fab87035ee924ce6d7aa4577940460efe254d93a8bf65d518ca5af766	PASS	/root/rescripted_registry_n_review	english_source_context_family_review
item:block.thermal.machine_insolator	sha256:0324f7a412e8f82f9e933d4e2c9033f1fc5d76e9dc385c85d3eac4168766d64a	PASS	/root/rescripted_registry_n_review	english_source_context_family_review
item:block.thermal.machine_press	sha256:6f528205e6e5a98e91bdefb65215561e420c94419522956f7d4b488040c1a269	PASS	/root/rescripted_registry_n_review	english_source_context_family_review
item:block.thermal.machine_pulverizer	sha256:0447aa1865e67df0582fba9af7dc97ddc98b02567251496ab3d298b0e9b24f14	PASS	/root/rescripted_registry_n_review	english_source_context_family_review
item:block.thermal.machine_pyrolyzer	sha256:d8804824bfcf90860169829fbad6b8f68ed001fb8169bdefda96302b5123a8d3	PASS	/root/rescripted_registry_n_review	english_source_context_family_review
item:block.thermal.machine_refinery	sha256:cfc9344c23e9eaea9eb794e3ebcb9b7b3cf594fef2649b63f7c27fd933d695c8	PASS	/root/rescripted_registry_n_review	english_source_context_family_review
item:block.thermal.machine_sawmill	sha256:122a0693c622c4fe9fcb05228961912d053f7cb66e3ffad513b624e44926a498	PASS	/root/rescripted_registry_n_review	english_source_context_family_review
item:block.thermal.machine_smelter	sha256:e604608c41f2defb59996fd945e5bd4dcf707d58cbbb09bd892aef75f8d07a3f	PASS	/root/rescripted_registry_n_review	english_source_context_family_review
item:block.thermal.magenta_rockwool	sha256:d985652f30b8602517e1100bdf083d46e00cf0a4cd7800ab0f5ec0166acd7ac3	PASS	/root/rescripted_registry_n_review	english_source_context_family_review
item:block.thermal.nickel_block	sha256:24c6dfc767ea02d61e95f40c392daa0e3ed14b276dcafaf1d8e738ee8f6ac6d6	PASS	/root/rescripted_registry_n_review	english_source_context_family_review
item:block.thermal.nickel_ore	sha256:7e01cd20228a365fce7cccc6406cca5c177f5ca64ca9d4550dbf6d2de941f8c6	PASS	/root/rescripted_registry_n_review	english_source_context_family_review
item:block.thermal.niter_block	sha256:853e695ec85fd18c9d08908d17692c63cdd40be469e0a21234ccfe2fe6a47be6	PASS	/root/rescripted_registry_n_review	english_source_context_family_review
item:block.thermal.niter_ore	sha256:bdaba9a19f7073f9d978d400b53cf35e588357e51fad8cfc2dfbb3aebcab1993	PASS	/root/rescripted_registry_n_review	english_source_context_family_review
item:block.thermal.obsidian_glass	sha256:6dcc1fd30869cdd2d54236928ce02e2f0f7a7327d8510ec0eaf932474c2f0de1	PASS	/root/rescripted_registry_n_review	english_source_context_family_review
item:block.thermal.oil_red_sand	sha256:0c19389a328ad7c026988a03579bfbba000b5c7c6280cee9f2b6938b6dcd5cba	PASS	/root/rescripted_registry_n_review	english_source_context_family_review
item:block.thermal.oil_sand	sha256:3dbaa9ed1bdefe0a883667b6906930ab26f9c23e794e9db9b11725172031948f	PASS	/root/rescripted_registry_n_review	english_source_context_family_review
item:block.thermal.onion_block	sha256:bfc39d8b8d57a2ba725ad938c4b7599b622f320e8b0de8b811a749371f0d73ec	PASS	/root/rescripted_registry_n_review	english_source_context_family_review
item:block.thermal.orange_rockwool	sha256:a78589e031b2d36e84c06bb01a7e24e5a7cf7d0513f468c99f1d72b3dbf4a8e5	PASS	/root/rescripted_registry_n_review	english_source_context_family_review
item:block.thermal.peanut_block	sha256:ff359782c7d3952adaa83d97a413d96280b73033be4be16697ca62e6c18dfb99	PASS	/root/rescripted_registry_n_review	english_source_context_family_review
item:block.thermal.phytosoil	sha256:04c7755b6677b649732386bc0d377b6472794f2fe7051a1d0bd4c02140ba5ae2	PASS	/root/rescripted_registry_n_review	english_source_context_family_review
item:block.thermal.phytosoil_tilled	sha256:b017117eb231c1fb02a2f1a54750fc3432b31d7ccbf3750d69897d4290ba2401	PASS	/root/rescripted_registry_n_review	english_source_context_family_review
item:block.thermal.pink_rockwool	sha256:c5cf30fe7c841ea6a28ac14a3fc819b8e2a663fc6cab873259fb3b0653c1b06a	PASS	/root/rescripted_registry_n_review	english_source_context_family_review
item:block.thermal.polished_rich_slag	sha256:289babb434669c2dbffa775c6f73434efb2546ae9b5bce166804555b6e3de9ba	PASS	/root/rescripted_registry_n_review	english_source_context_family_review
item:block.thermal.polished_slag	sha256:04242790c663cd5e17756648a4054dc855b5da366386d42be7f3cda2d11312e1	PASS	/root/rescripted_registry_n_review	english_source_context_family_review
item:block.thermal.potato_block	sha256:d575f0d5f8826e518ddeb8f02bb7615dd3ee9a2fa9175d0121c8c174b4bc411c	PASS	/root/rescripted_registry_n_review	english_source_context_family_review
item:block.thermal.potion_cake	sha256:c411af209f42d90b8637442bbaebe44dabbee160b6df2295ed3cf9d355368c41	PASS	/root/rescripted_registry_n_review	english_source_context_family_review
item:block.thermal.purple_rockwool	sha256:4e93937584b512b65c7e811ec240a32dc4c207e426b9033c25e1f80a968c1c44	PASS	/root/rescripted_registry_n_review	english_source_context_family_review
item:block.thermal.radish_block	sha256:ee54b1192a8ebe8b9ffa3bb16fae749466f1496cdfa22336825315c425f6ebae	PASS	/root/rescripted_registry_n_review	english_source_context_family_review
item:block.thermal.raw_lead_block	sha256:39b993131d70da73e9dec0adc06cdbd0ed428dcfaa117ae831e7483999fa4445	PASS	/root/rescripted_registry_n_review	english_source_context_family_review
item:block.thermal.raw_nickel_block	sha256:d5c2fcbcb7f9e5467847ac7e6e61a4dc029abcc597ff8452b6ae890f955d6fef	PASS	/root/rescripted_registry_n_review	english_source_context_family_review
item:block.thermal.raw_silver_block	sha256:d725c03aa3fc98dd835ef28925373ddf836b5e7a63285e05e147e29230af56cd	PASS	/root/rescripted_registry_n_review	english_source_context_family_review
item:block.thermal.raw_tin_block	sha256:615b7e7908fe98d7bd46b5fd6ba5046a95267720dee0ed7d449c3646f42b4238	PASS	/root/rescripted_registry_n_review	english_source_context_family_review
item:block.thermal.red_rockwool	sha256:67aad1106a2c00681ac8233f164f69556955bbf9cffe8e8c63aefaaa088d9deb	PASS	/root/rescripted_registry_n_review	english_source_context_family_review
item:block.thermal.rice_block	sha256:eb9897c4f29ae8a09a4f59f7d340e8057c104a170907d966b07d5534ffdaa430	PASS	/root/rescripted_registry_n_review	english_source_context_family_review
item:block.thermal.rich_slag_block	sha256:0df074c18f0f569ad6e6fb3525d103b77e14b292c4e799a9956c7e8c1eb709c3	PASS	/root/rescripted_registry_n_review	english_source_context_family_review
item:block.thermal.rich_slag_bricks	sha256:cbc823f8562832e6a8d0dcf9f08dd27a28519fd230522a0cdb29218f8078b8cc	PASS	/root/rescripted_registry_n_review	english_source_context_family_review
item:block.thermal.rosin_block	sha256:149e0c9772dbd522305a0c30b79811f4f2a7679eafe2307e8869bfc1b9e55d78	PASS	/root/rescripted_registry_n_review	english_source_context_family_review
item:block.thermal.rubber_block	sha256:74d3f98305b6185ac4e4b2d26b6cc0ef93c1926f9c6a70de45d31dd13890228b	PASS	/root/rescripted_registry_n_review	english_source_context_family_review
item:block.thermal.rubberwood_button	sha256:746a889114c51de4d57c55b655b012ba0b8c00f1914e01ed052609527a0907b5	PASS	/root/rescripted_registry_n_review	english_source_context_family_review
item:block.thermal.rubberwood_door	sha256:676dcd475b67aefc430ccd72989a85035630fa1a182e8e0b83f1ed52f1748cc6	PASS	/root/rescripted_registry_n_review	english_source_context_family_review
item:block.thermal.rubberwood_fence	sha256:d8241d8c650529ebb564ee24b4aee7543a4518c650dd6c880c79db713c3983ed	PASS	/root/rescripted_registry_n_review	english_source_context_family_review
item:block.thermal.rubberwood_fence_gate	sha256:f9f3ab9963b1d6c782a948fa6d60648291bf2e1b9df13c8e91fa2ed250796fcb	PASS	/root/rescripted_registry_n_review	english_source_context_family_review
item:block.thermal.rubberwood_hanging_sign	sha256:3198218091adf3bc83298d12dae395c7ef8091d16d6c19a843f1fe00b1f42e0f	PASS	/root/rescripted_registry_n_review	english_source_context_family_review
item:block.thermal.rubberwood_leaves	sha256:8df9f685b2933085b8d3f0fb59e9bb80be5cda4d2551cb216f4ef0e809c92f04	PASS	/root/rescripted_registry_n_review	english_source_context_family_review
item:block.thermal.rubberwood_log	sha256:870bcc19ff5fcbb5dadcd265744b67da56b907abd56c3cc2a8b82e81ea716451	PASS	/root/rescripted_registry_n_review	english_source_context_family_review
item:block.thermal.rubberwood_planks	sha256:ea8ed784c4a3ce5c92ca31b8112df196478385e00e5d9200b4975cd8a13d1fe1	PASS	/root/rescripted_registry_n_review	english_source_context_family_review
item:block.thermal.rubberwood_pressure_plate	sha256:2621904b429f8cec0385e0f5af86e1e51c82f2845f18519f35c03179f5eca736	PASS	/root/rescripted_registry_n_review	english_source_context_family_review
item:block.thermal.rubberwood_sapling	sha256:1275a2f4d3bcc6e7ae4dd51bcf7d50de3bb5aa0960ad5e2847540c016d1629c4	PASS	/root/rescripted_registry_n_review	english_source_context_family_review
item:block.thermal.rubberwood_sign	sha256:c25d5eb2c45b7975df92ba47eb36aae9b6575928e4f05a3e2218bd5e08fa2a17	PASS	/root/rescripted_registry_n_review	english_source_context_family_review
item:block.thermal.rubberwood_slab	sha256:82463f4624ac99e4d53c9e51b329667aca7c81918c82c2585093dabdf3c70921	PASS	/root/rescripted_registry_n_review	english_source_context_family_review
item:block.thermal.rubberwood_stairs	sha256:3fa21b8eb26c207158c2c35a0380ea2070c8bcbcd2054149c183e981f2e41bcb	PASS	/root/rescripted_registry_n_review	english_source_context_family_review
item:block.thermal.rubberwood_trapdoor	sha256:14772ad4e720b5b02565f062427415bb6a28b74246b7367e01d6bc92608e020a	PASS	/root/rescripted_registry_n_review	english_source_context_family_review
item:block.thermal.rubberwood_wood	sha256:a458664c09711b9c49180e3206660b730417ce9092bc98681ec682f47892b537	PASS	/root/rescripted_registry_n_review	english_source_context_family_review
item:block.thermal.ruby_block	sha256:7f67f17c262e484d5506567115a94e8066867cab30a47960589c2b012cf0d4bf	PASS	/root/rescripted_registry_n_review	english_source_context_family_review
item:block.thermal.ruby_ore	sha256:0e1fa8bc3331e26c0090c1a8d53c0f94720e683b55888313bc80fb81ecbe41c8	PASS	/root/rescripted_registry_n_review	english_source_context_family_review
item:block.thermal.sadiroot_block	sha256:413a605d71843a8a7d1258c0c099c937ba768d1d22df1c9b270c94e12b0ccf53	PASS	/root/rescripted_registry_n_review	english_source_context_family_review
item:block.thermal.sapphire_block	sha256:fe3d1f87562fe260c7658c92e9543721b3696181b39529546010ab945b8f8afe	PASS	/root/rescripted_registry_n_review	english_source_context_family_review
item:block.thermal.sapphire_ore	sha256:59eb8ed7d1e17f8eb7f62388b46e6ba0d024f69214c56dd7e639fc4b62145ae9	PASS	/root/rescripted_registry_n_review	english_source_context_family_review
item:block.thermal.sawdust_block	sha256:0d56120196d422c2bd9f36994d22fd822aa94a33b16d2dc8ca05edd55699e0c9	PASS	/root/rescripted_registry_n_review	english_source_context_family_review
item:block.thermal.signalum_block	sha256:81be3fa3ee8e14f789c35910ccf67cd980b5a752c9ba021d78880e70dda98835	CHANGE	/root/rescripted_registry_n_review	english_source_context_family_review
item:block.thermal.signalum_glass	sha256:ae513cfe916747c4feb1569e351dc1d4dbb0d31cfd34bddec40cf2230061cf40	PASS	/root/rescripted_registry_n_review	english_source_context_family_review
item:block.thermal.silver_block	sha256:57537bc6c2bafee86395f7a9efa6512256f72083ba857e4d5dbab54ac5b5e89d	PASS	/root/rescripted_registry_n_review	english_source_context_family_review
item:block.thermal.silver_ore	sha256:740bef9b70abc6fbb5b50b4a5db529a757a58c59f2b72c5888b121d72086e1dc	PASS	/root/rescripted_registry_n_review	english_source_context_family_review
item:block.thermal.slag_block	sha256:d777a2d7572fd5f695447bd5b6bcd5c48954546a0e5d273d08606dd38623490c	PASS	/root/rescripted_registry_n_review	english_source_context_family_review
item:block.thermal.slag_bricks	sha256:47ba04555a18f4a581e9e4203d5a0c9c8796aa8d7746841098a4c42c9cfcaaae	PASS	/root/rescripted_registry_n_review	english_source_context_family_review
item:block.thermal.spice_cake	sha256:8faea3e4e72afa2c677bfe75e348b003749ce377d628a56e1889ab7f976a2564	PASS	/root/rescripted_registry_n_review	english_source_context_family_review
item:block.thermal.spinach_block	sha256:26acc7634f70f5cf688da0537adb4cc8b1726ab81a30fade70dcb069952f9267	PASS	/root/rescripted_registry_n_review	english_source_context_family_review
item:block.thermal.strawberry_block	sha256:04820b1ca52cc9810a7d46c0a0b99b8ea15b8847b49e542e45da2474efc4bc9f	PASS	/root/rescripted_registry_n_review	english_source_context_family_review
item:block.thermal.stripped_rubberwood_log	sha256:ef65db2256f3d2b0af16ed48fee85b129dd0b4c1cbad51655a69de58f30e661d	PASS	/root/rescripted_registry_n_review	english_source_context_family_review
item:block.thermal.stripped_rubberwood_wood	sha256:1bc0f1f3524c093321b2d431a2d55a47f6cad039140f8a7381450cf18b8614d6	PASS	/root/rescripted_registry_n_review	english_source_context_family_review
item:block.thermal.stuffed_pumpkin	sha256:376b4e455fa246f8f4fa1ab4f3615a42130c87dbe87ce1ef12358fec43ef14be	PASS	/root/rescripted_registry_n_review	english_source_context_family_review
item:block.thermal.sugar_cane_block	sha256:ce73133802c6f678a0e85f835a852bb9a2db9dce508385993d89a58593ca7369	PASS	/root/rescripted_registry_n_review	english_source_context_family_review
item:block.thermal.sulfur_block	sha256:9f0b6861168fd9dd78c900b9aa319b6587508f099d2a76ebfe6181528f6a9bc7	PASS	/root/rescripted_registry_n_review	english_source_context_family_review
item:block.thermal.sulfur_ore	sha256:0766bb2dc2b08fe10dc386e261185b3fac95793e7a6387d73e91ca95c4c31231	PASS	/root/rescripted_registry_n_review	english_source_context_family_review
item:block.thermal.tar_block	sha256:16094870d9a5f526c4d8387852b6b910784dc9c93d328992b00ff442b556e12d	CHANGE	/root/rescripted_registry_n_review	english_source_context_family_review
item:block.thermal.tea_block	sha256:bf8961390b53d33b368a552693a6d5a897a9121f58af77b1f79c7df1aac85789	PASS	/root/rescripted_registry_n_review	english_source_context_family_review
item:block.thermal.tin_block	sha256:9a3aea2730949b1c5036268f2175d8e9f6b1f4139a6b464b3bbdee229c529b1a	PASS	/root/rescripted_registry_n_review	english_source_context_family_review
item:block.thermal.tin_ore	sha256:46ac202422dae22c8171aa95329e78a38b25713b20e75d0bf61a11efbd01d188	PASS	/root/rescripted_registry_n_review	english_source_context_family_review
item:block.thermal.tinker_bench	sha256:6eee207cc4a94d24b1e129733fa78a60cab024e86af6cda9f87666c5da00c685	PASS	/root/rescripted_registry_n_review	english_source_context_family_review
item:block.thermal.tomato_block	sha256:33c13209165d317be55913b51f75f58cb29f18d25e63679f89e8fb997bd782e8	PASS	/root/rescripted_registry_n_review	english_source_context_family_review
item:block.thermal.white_rockwool	sha256:353f3cb46472a47db4dcf065593d3abc87aee0a1fcba01fbf51444f3a5791f25	PASS	/root/rescripted_registry_n_review	english_source_context_family_review
item:block.thermal.yellow_rockwool	sha256:9bf4a21edddca2b74900e6c9d88e4cdfb2f3173454798eb5a0cd672ee3dc5b9f	PASS	/root/rescripted_registry_n_review	english_source_context_family_review
item:block.uppers.upper	sha256:ada6d7a662f03a9ad858d482acae6970b3bb3c9bc9012582508abe191679b452	PASS	/root/rescripted_registry_n_review	english_source_context_family_review
item:block.waystones.black_sharestone	sha256:87280ab3ef0e4247c5f968af9dd7d8657847f2c8b750426880bfed1e79bfe8e5	PASS	/root/rescripted_registry_n_review	english_source_context_family_review
item:block.waystones.blackstone_waystone	sha256:71b4c804fdb222a7e5dab1ad8d75d6c7fc66c9dd99a85d3f144e745be62d7deb	PASS	/root/rescripted_registry_n_review	english_source_context_family_review
item:block.waystones.blue_sharestone	sha256:15ee69d264a181d4c2b6a923dd114302e6aba34d4e3f9ec3695faa5c1e201838	PASS	/root/rescripted_registry_n_review	english_source_context_family_review
item:block.waystones.brown_sharestone	sha256:fd93ddefb42b76378b97278c4e2e90b23ce65ba6c4aa99a3142cb4abff6aeb02	PASS	/root/rescripted_registry_n_review	english_source_context_family_review
item:block.waystones.cyan_sharestone	sha256:8c89067a611a7d05dd2f142b249c899d721d1cabd13c4e1b3e380b1f8b76ffc4	PASS	/root/rescripted_registry_n_review	english_source_context_family_review
item:block.waystones.deepslate_waystone	sha256:3c7b2fc3ae9f9093f2226850f83b2f461b81af1113ecefadbef2df82fab0a9b4	PASS	/root/rescripted_registry_n_review	english_source_context_family_review
item:block.waystones.end_stone_waystone	sha256:4175cb10ee8e0f7bf0d1680072f2332879a7d5407520ab35db13d0b0e69fbd79	PASS	/root/rescripted_registry_n_review	english_source_context_family_review
item:block.waystones.gray_sharestone	sha256:774be0ced7366b7502e8ee245d56fe2312be9551275fe9df45510cbfab865acc	PASS	/root/rescripted_registry_n_review	english_source_context_family_review
item:block.waystones.green_sharestone	sha256:ee8df16667da9b377b7cacf0075fd1921916c3ad282d09b3c6f34ab1da1e2f45	PASS	/root/rescripted_registry_n_review	english_source_context_family_review
item:block.waystones.light_blue_sharestone	sha256:022460dd09fedc96ee4bf53f6d3b7df14a820679f1f34d76f13b4e16951a07e2	PASS	/root/rescripted_registry_n_review	english_source_context_family_review
item:block.waystones.light_gray_sharestone	sha256:4eaeb64a8d70d1603a1f321f5dd9caad09555fdcbae6c62efad143258f8c3994	PASS	/root/rescripted_registry_n_review	english_source_context_family_review
item:block.waystones.lime_sharestone	sha256:0ec65b821a27bae5d44c3c36ba539d6bf9c12a277c7c091591b579a8d81f2349	PASS	/root/rescripted_registry_n_review	english_source_context_family_review
item:block.waystones.magenta_sharestone	sha256:2f4431224143099cd7a9ef0e585eae3e43dc3f496d775bd7bedd0f6fc19b686e	PASS	/root/rescripted_registry_n_review	english_source_context_family_review
item:block.waystones.mossy_waystone	sha256:66122828ca9db2f0eb2f407d19e339ea92e0b49fffbdbd1aa48572b5c3279045	PASS	/root/rescripted_registry_n_review	english_source_context_family_review
item:block.waystones.orange_sharestone	sha256:b2b9f2d6b00cbcca9dc73a3717364651b8ea624141cf6bea481c302e137e056d	PASS	/root/rescripted_registry_n_review	english_source_context_family_review
item:block.waystones.pink_sharestone	sha256:dcadfa545c8a63178e04cfe8eaf86e1736b5c4fe8585e532fa42e9dcc2c5f4e9	PASS	/root/rescripted_registry_n_review	english_source_context_family_review
item:block.waystones.portstone	sha256:158088b633425b3e73e7ff5e666aa7a9a630de417556f96bbf7a3114ad88b3ef	PASS	/root/rescripted_registry_n_review	english_source_context_family_review
item:block.waystones.purple_sharestone	sha256:e6123689b93781550d1728be634a29f733f6fd75f8d95370311e19f62a3d1e2a	PASS	/root/rescripted_registry_n_review	english_source_context_family_review
item:block.waystones.red_sharestone	sha256:b395d120519e7604058a88a58e89eed55c777be631cbc2148722c27e7ee876b5	PASS	/root/rescripted_registry_n_review	english_source_context_family_review
item:block.waystones.sandy_waystone	sha256:c4768ab5500be401ff87523586e6af43b77637740cfda2d35723c172d7329ddb	PASS	/root/rescripted_registry_n_review	english_source_context_family_review
item:block.waystones.sharestone	sha256:6b1f3f496284d8b6cb63d3f5ee2dacf6c6cc3e9c9af6a8c3f970a9bc5828d41a	PASS	/root/rescripted_registry_n_review	english_source_context_family_review
item:block.waystones.warp_plate	sha256:16558b9152ee34bcf948c2cafebf5d6192518a73efd8dcb5caa0a8b755719b27	PASS	/root/rescripted_registry_n_review	english_source_context_family_review
item:block.waystones.waystone	sha256:884280e58b8a42184870c13b4d913e4b3d3cee9abaaf464187a8319bc33fdb88	PASS	/root/rescripted_registry_n_review	english_source_context_family_review
item:block.waystones.white_sharestone	sha256:6333ac5e74b3dc710f80055c541837ebf5e44c052a696faaedca7f62a3c6f539	PASS	/root/rescripted_registry_n_review	english_source_context_family_review
item:block.waystones.yellow_sharestone	sha256:f93ee7f9cff3cbeace79a532674443ff420ff2632885d08ea826a24dcd7f8f9c	PASS	/root/rescripted_registry_n_review	english_source_context_family_review
item:block.woodenhopper.wooden_hopper	sha256:cdb8d65a974d8920d9c4e51ad94fa95970089bb79b7c44f50a84e6e440c61c9f	PASS	/root/rescripted_registry_n_review	english_source_context_family_review
item:item.neapolitan.adzuki_beans	sha256:a8774d9e149b933656ca01d087e6aadee0f77fbb2b179bc7f7f2931eb4236dbc	PASS	/root/rescripted_registry_n_review	english_source_context_family_review
item:item.neapolitan.adzuki_bun	sha256:37fc126b772d53cd35c10578af5800b423f19efc3fd367fccdede1120e96a1e1	PASS	/root/rescripted_registry_n_review	english_source_context_family_review
item:item.neapolitan.adzuki_curry	sha256:cd6abacff9bb11dd821a3546481633ea435964297d164ad1b2a11eb46d57e6d1	PASS	/root/rescripted_registry_n_review	english_source_context_family_review
item:item.neapolitan.adzuki_ice_cream	sha256:3811e9b0c422a302820c389ad836f208fec7d703eaf25f8a6468f75c585bfea3	PASS	/root/rescripted_registry_n_review	english_source_context_family_review
item:item.neapolitan.adzuki_milkshake	sha256:6e80f8cec1a0ca01d0ee044c73d31fafea8788623b81de89412cdcdc2a22bf7d	PASS	/root/rescripted_registry_n_review	english_source_context_family_review
item:item.neapolitan.adzuki_stew	sha256:3af1114887fbe5c1913aa1e92ad5e41f4bf564e897e71f413a9dafea97bfe2d4	PASS	/root/rescripted_registry_n_review	english_source_context_family_review
item:item.neapolitan.banana	sha256:f9782dd7999dc14b39c1329735e6e4ef72e77a3cf5fa32f2f57bf8d5493f0fc5	PASS	/root/rescripted_registry_n_review	english_source_context_family_review
item:item.neapolitan.banana_bread	sha256:b77baaa2c7574e829ae4455e59ac1a360fafb48cadfa0caea0187e6031e8a8f9	PASS	/root/rescripted_registry_n_review	english_source_context_family_review
item:item.neapolitan.banana_bunch	sha256:a88a8fb9ef89c6b05dc63a39b43a000a250e8c9cfaf7dbc5317399b3b318686b	PASS	/root/rescripted_registry_n_review	english_source_context_family_review
item:item.neapolitan.banana_frond	sha256:a3e798b15f688ef89ee595da9edb75474460834229bdd56238fd225fccd303e5	PASS	/root/rescripted_registry_n_review	english_source_context_family_review
item:item.neapolitan.banana_ice_cream	sha256:edc39b84cf987bdef56f6caa690d0517fc94aab5fa532ac0729d98cd200c2b08	PASS	/root/rescripted_registry_n_review	english_source_context_family_review
item:item.neapolitan.banana_milkshake	sha256:947182dc3b53f539326dc3aeb9ff21af795f7dc610e7aebe2466a7d7d269b1e0	PASS	/root/rescripted_registry_n_review	english_source_context_family_review
item:item.neapolitan.bananarrow	sha256:33318eb04a19a2f725fdbca57fef99954028cd915056f354f584020e5a3cba87	PASS	/root/rescripted_registry_n_review	english_source_context_family_review
item:item.neapolitan.chimpanzee_banner_pattern	sha256:19a83599bd65544dddeede0cc8c2748b9fafa2bb1258520526f9587b7c057d8b	PASS	/root/rescripted_registry_n_review	english_source_context_family_review
item:item.neapolitan.chimpanzee_spawn_egg	sha256:46f9e8fd8219fb6f6f044b1031c1dc36f360945dd5d8a814f579608ab578fec9	PASS	/root/rescripted_registry_n_review	english_source_context_family_review
item:item.neapolitan.chocolate_bar	sha256:eb24fdcd469ee4b49b5ef1b9ace659be3a445cc92c0e1980ed41018bcab1741c	PASS	/root/rescripted_registry_n_review	english_source_context_family_review
item:item.neapolitan.chocolate_ice_cream	sha256:1f8e684bfd4f1132beba858bac635ed0d7849eed7ab615e9765a81e5433862fc	PASS	/root/rescripted_registry_n_review	english_source_context_family_review
item:item.neapolitan.chocolate_milkshake	sha256:dde89b7d08433dbb4fece5bc2c3a6aa52ad4c38624d85c4f74d0010d212ed0aa	PASS	/root/rescripted_registry_n_review	english_source_context_family_review
item:item.neapolitan.chocolate_spider_eye	sha256:289eb34cd85dc89ddca8d87c19e9f321b0cfa8c4a687f2fa835118d0fae7d65c	PASS	/root/rescripted_registry_n_review	english_source_context_family_review
item:item.neapolitan.chocolate_strawberries	sha256:228d13a9d5d0e5a16d36c67287eb81515f602bcb23e21f2ec09ff86f044a3209	PASS	/root/rescripted_registry_n_review	english_source_context_family_review
item:item.neapolitan.cooked_mint_chops	sha256:b4d3dc9deb281997463a3e37e4d29e7a66762e005b7cbd376c0ccc1860305059	PASS	/root/rescripted_registry_n_review	english_source_context_family_review
item:item.neapolitan.dried_banana	sha256:72889bcd593952b40272bd8bb4e5dfb82a514b21ea2f05a58cceee3afa7fb489	PASS	/root/rescripted_registry_n_review	english_source_context_family_review
item:item.neapolitan.dried_vanilla_pods	sha256:b92b2c48422eddfa0b337a0b242b8197ca24aaa58339a88c6efb0c59e6072928	PASS	/root/rescripted_registry_n_review	english_source_context_family_review
item:item.neapolitan.ice_cubes	sha256:fbed93bb504361bd96e7071e8ce16299273ddef047914a8e62c602125729cebd	PASS	/root/rescripted_registry_n_review	english_source_context_family_review
item:item.neapolitan.magic_beans	sha256:24bcc992810f6a2dc4db2fbf03e969967014394e3345811f05232d04a2c84d2b	PASS	/root/rescripted_registry_n_review	english_source_context_family_review
item:item.neapolitan.milk_bottle	sha256:6ea9bb9d97c5a3af35634bdbc4280495af836297a8323ddc9178f51fcff2105e	PASS	/root/rescripted_registry_n_review	english_source_context_family_review
item:item.neapolitan.mint_candies	sha256:58b15bb523a5349b4f246de4ce22df6e353271c58c304cfbab7b593c57a1cad4	PASS	/root/rescripted_registry_n_review	english_source_context_family_review
item:item.neapolitan.mint_chocolate	sha256:ad46251ae70dd7a75786805c19c621ac0052b2fa17ae3f6744ff93beea21aa6e	PASS	/root/rescripted_registry_n_review	english_source_context_family_review
item:item.neapolitan.mint_chops	sha256:44e7ef4bbe54284a6c51f0ef7cd3b77f8d63e141c944cbcab2aa055744676ad3	PASS	/root/rescripted_registry_n_review	english_source_context_family_review
item:item.neapolitan.mint_ice_cream	sha256:6516079ee45697d24d139e37aae420c7ca7b1cb9ec71dfe8b91357aa395b0a91	PASS	/root/rescripted_registry_n_review	english_source_context_family_review
item:item.neapolitan.mint_leaves	sha256:7f2b9f7b94f56337ef67065eb3fb45c4c7e42600d6eb923062ebfff1b78e5671	PASS	/root/rescripted_registry_n_review	english_source_context_family_review
item:item.neapolitan.mint_milkshake	sha256:bae140578dd8022decc11caf45807b2dfe5fc585e47f718e6757ec7e9cff01a3	PASS	/root/rescripted_registry_n_review	english_source_context_family_review
item:item.neapolitan.mint_sprout	sha256:99cedb90c359aea52450893fe1d64df9bedf28d34b5c80ae2ea224640bf79615	PASS	/root/rescripted_registry_n_review	english_source_context_family_review
item:item.neapolitan.music_disc_hullabaloo	sha256:183dfbbaeb70e691a77a5cd80e9ea1b3d3b9e4d0120cac580c95499dd247bf9b	PASS	/root/rescripted_registry_n_review	english_source_context_family_review
item:item.neapolitan.neapolitan_ice_cream	sha256:eeff2923845979588ecdf1e1bec9f23c3e7925128e529196c88ca04c3c8b6398	PASS	/root/rescripted_registry_n_review	english_source_context_family_review
item:item.neapolitan.plantain_spider_spawn_egg	sha256:2c831c799f9caf8b903442a9e38320fa829e7c1b91e3106acef5e79dc2265d13	PASS	/root/rescripted_registry_n_review	english_source_context_family_review
item:item.neapolitan.primal_armor_trim_smithing_template	sha256:5765a8905c6fa502245c0c8a244bb2a99508c173df0ff50bcbd852ae29aa33ab	PASS	/root/rescripted_registry_n_review	english_source_context_family_review
item:item.neapolitan.reflection_pottery_sherd	sha256:c9338854c40bfdc89da1e53b96ed0d62b19928d1961a16c6d741422cc3775050	PASS	/root/rescripted_registry_n_review	english_source_context_family_review
item:item.neapolitan.roasted_adzuki_beans	sha256:6bf53062d5f4100259ee37b252cbb4a96e18dfbcdaeaa379de7a65e293a82b70	PASS	/root/rescripted_registry_n_review	english_source_context_family_review
item:item.neapolitan.scream_pottery_sherd	sha256:81000c765087aa4fce7c6647e2f76615c481d3dff68baa566415c369ca9bfc14	PASS	/root/rescripted_registry_n_review	english_source_context_family_review
item:item.neapolitan.snack_pottery_sherd	sha256:469fe16b609b9a93d724b2cea2eef260414b83395df8b369b67fbd2160c07e5e	PASS	/root/rescripted_registry_n_review	english_source_context_family_review
item:item.neapolitan.spider_pottery_sherd	sha256:2c3c33f17e00899931e964877a05cd70d50bc8dc5ddc6f8288f622bfa3fcdf08	PASS	/root/rescripted_registry_n_review	english_source_context_family_review
item:item.neapolitan.strawberries	sha256:387fe3ba020da494f6b919b38f5af6690effc79ed9108c9dee7956db9e269281	PASS	/root/rescripted_registry_n_review	english_source_context_family_review
item:item.neapolitan.strawberry_banana_smoothie	sha256:14a4d990593a789ec34d3bffbe8f8047efdd0cfc2c30fda829325a7b01149333	PASS	/root/rescripted_registry_n_review	english_source_context_family_review
item:item.neapolitan.strawberry_bean_bonbons	sha256:9df69d8a25c3b316d03eedf12ad29ce74666ea63e0ec6ae7e998b7443eadfa90	PASS	/root/rescripted_registry_n_review	english_source_context_family_review
item:item.neapolitan.strawberry_ice_cream	sha256:1b50281546197e0ab767701fa692907e14d1ca23c7bc9502bc279dfd16a0d642	PASS	/root/rescripted_registry_n_review	english_source_context_family_review
item:item.neapolitan.strawberry_milkshake	sha256:36e9b722d3e026bdd8db2e8c7d50b6cad0ba61c81c81c28486386edaa50bf9ef	PASS	/root/rescripted_registry_n_review	english_source_context_family_review
item:item.neapolitan.strawberry_pips	sha256:e10b0ab2bd6c3d260ba1e27f885c1e65a84361bd6c5b35ad67e03215d7a2e4ad	PASS	/root/rescripted_registry_n_review	english_source_context_family_review
item:item.neapolitan.strawberry_scones	sha256:7c6c16afcd91630f9336c0ed349c52697dfd0f82d3cf2e5d1fc01e462c5f7d71	PASS	/root/rescripted_registry_n_review	english_source_context_family_review
item:item.neapolitan.vanilla_chocolate_fingers	sha256:5a872ea6193496ae86dab82a608e0ed58cae91a7da56c4b8ff6d8d2bc2aee381	PASS	/root/rescripted_registry_n_review	english_source_context_family_review
item:item.neapolitan.vanilla_fudge	sha256:0edae820fd0c10042fe7880e69022231f47699362c6e4dc6d16c8a070f2a69ca	PASS	/root/rescripted_registry_n_review	english_source_context_family_review
item:item.neapolitan.vanilla_ice_cream	sha256:4ed00c800f98cd662615364f98f32fccdab6b51967433d6c541e268a50634f9e	PASS	/root/rescripted_registry_n_review	english_source_context_family_review
item:item.neapolitan.vanilla_milkshake	sha256:84e269f9d9b168cebf09e4c9fef0a94d746570dbcd6b5d02f851159ada37cf60	PASS	/root/rescripted_registry_n_review	english_source_context_family_review
item:item.neapolitan.vanilla_pods	sha256:a87eb1a39f5a59eb91bb49bde849ab45cc3e528e8a16dc5f0360e3bd9e181956	PASS	/root/rescripted_registry_n_review	english_source_context_family_review
item:item.neapolitan.vanilla_pudding	sha256:7acc6fdd4f3fdf89d8dc27bf2050c209bbad1f186e3f7756b8ab572e02ca5873	PASS	/root/rescripted_registry_n_review	english_source_context_family_review
item:item.neapolitan.white_strawberries	sha256:618cb8747afd41db33e7ad3d625b36c66de7ed86745b603e30e0bc7a3473bc41	PASS	/root/rescripted_registry_n_review	english_source_context_family_review
item:item.palegardenbackport.creaking_spawn_egg	sha256:47edc55dfa515aa0394f34f2999bfc513b0f6ab511486fefcb28bca2635c699e	PASS	/root/rescripted_registry_n_review	english_source_context_family_review
item:item.palegardenbackport.mod_icon	sha256:0294b1d459db062f27638e0dbfd0f53e475581fb619ee0bb9512cdfde7d78cb3	PASS	/root/rescripted_registry_n_review	english_source_context_family_review
item:item.palegardenbackport.pale_oak_boat	sha256:9cb2f020aaf5926a03c5f5e9cb927b5cdc656b685e93733668459390dfcf7fe7	PASS	/root/rescripted_registry_n_review	english_source_context_family_review
item:item.palegardenbackport.pale_oak_chest_boat	sha256:1b8bc699aad5a44224280ad92def39523c6136cdc3cb133c4e46a7684ba725d9	PASS	/root/rescripted_registry_n_review	english_source_context_family_review
item:item.palegardenbackport.resin_brick	sha256:3ee4925d245d053432974179036ec206b03e08a21db91279f1c1839505239c55	PASS	/root/rescripted_registry_n_review	english_source_context_family_review
item:item.parcool.parcool_guide	sha256:e594e88483fbe791ebb2f79ef39ce4cd07585c08929711850c757a01653025e9	PASS	/root/rescripted_registry_n_review	english_source_context_family_review
item:item.parcool.zipline_rope	sha256:d6a7c9ee48a13bc29013110fcdabc667a8c1218e5061428ec7493597f01b6c4e	PASS	/root/rescripted_registry_n_review	english_source_context_family_review
item:item.patchouli.guide_book	sha256:e5d21d75e858a7e397e2a9331555b78fea2547eadf430a615ac18a24e0a3fbf0	PASS	/root/rescripted_registry_n_review	english_source_context_family_review
item:item.refurbished_furniture.bread_slice	sha256:d716331144bda672a051d1a84276f274d5cb2933291a9c9d558486d87fd0b2fa	PASS	/root/rescripted_registry_n_review	english_source_context_family_review
item:item.refurbished_furniture.cheese	sha256:6e5a59d4fd56f798e609d28e3d6300b2d80bfbb76d27711c0c24006a129d4e17	PASS	/root/rescripted_registry_n_review	english_source_context_family_review
item:item.refurbished_furniture.cheese_sandwich	sha256:e66373d4ff6a0d6f1a7d81d555007476bdbd47a9ae97770fb1022c1d766b6d75	PASS	/root/rescripted_registry_n_review	english_source_context_family_review
item:item.refurbished_furniture.cheese_toastie	sha256:71c6b4201f629626b9cf404aed4caffecedeb39d3393d02cb960a772a800980c	PASS	/root/rescripted_registry_n_review	english_source_context_family_review
item:item.refurbished_furniture.cooked_meatlovers_pizza	sha256:cc13412e63f4f6badde1bef58bd19fa34f37e430ccb642c57a9fea614b53a857	PASS	/root/rescripted_registry_n_review	english_source_context_family_review
item:item.refurbished_furniture.cooked_vegetable_pizza	sha256:232ad8684672be253bb30214dcc48e47f5c64a668c79519786b78c0e12c18403	PASS	/root/rescripted_registry_n_review	english_source_context_family_review
item:item.refurbished_furniture.dark_fridge	sha256:351a7f5069a634b538c9fc32fe93d3fa0e257cf672244cf9926368aa2a0e6ad2	PASS	/root/rescripted_registry_n_review	english_source_context_family_review
item:item.refurbished_furniture.dough	sha256:1702fb06b634d9ca09a08cb4058f27e5d3b8a6e904ec31b2a6abfcf51dc98127	PASS	/root/rescripted_registry_n_review	english_source_context_family_review
item:item.refurbished_furniture.glow_berry_jam	sha256:783cb796ab567d4eac4a4ac5a04a3ee3ca57f5bd1868c6168ef3cc6b17613673	PASS	/root/rescripted_registry_n_review	english_source_context_family_review
item:item.refurbished_furniture.glow_berry_jam_toast	sha256:3ea2215d64b2dfb9a4518c0d05c68f6864aa017314b13ee700c8f44d67b4152f	PASS	/root/rescripted_registry_n_review	english_source_context_family_review
item:item.refurbished_furniture.knife	sha256:846e26d154ced41e445ac0d508802798327de39f30f0efc2a129c7513260dc79	PASS	/root/rescripted_registry_n_review	english_source_context_family_review
item:item.refurbished_furniture.light_fridge	sha256:d4d3f9a90f6ac7517d67f336212df6d72cecad71b42402b16c0c4bcd5f633d33	PASS	/root/rescripted_registry_n_review	english_source_context_family_review
item:item.refurbished_furniture.meatlovers_pizza_slice	sha256:d19b5a04b0fb7b01a5321650b6b4431ece82a462f969a6fc4c941e81032b30ab	PASS	/root/rescripted_registry_n_review	english_source_context_family_review
item:item.refurbished_furniture.package	sha256:59de121db1b8145e4c974543653fd48e1d6667b41160f5a393270c9c0f7852c3	PASS	/root/rescripted_registry_n_review	english_source_context_family_review
item:item.refurbished_furniture.raw_meatlovers_pizza	sha256:c0ba37afd4e35cbe7297e2e771ea122fb6c0d5de61ea6d89befd7805c0a5bfe2	PASS	/root/rescripted_registry_n_review	english_source_context_family_review
item:item.refurbished_furniture.raw_vegetable_pizza	sha256:a611723129fffd525b11b6708068fcd5edd98755132c70cdda7cf3973d12f9c8	PASS	/root/rescripted_registry_n_review	english_source_context_family_review
item:item.refurbished_furniture.sea_salt	sha256:be3d4d4fdc103ed917a1ebc7ad8f8ac7e634e4bf4c439cf0f35660bc243c8735	PASS	/root/rescripted_registry_n_review	english_source_context_family_review
item:item.refurbished_furniture.spatula	sha256:36d357d3abf4df541e044409a6574ebeead0a71994df75c7009413c31a971cf6	PASS	/root/rescripted_registry_n_review	english_source_context_family_review
item:item.refurbished_furniture.sweet_berry_jam	sha256:f98013628040aafed3742b1f20af6dc3f64e756689155c497adc1c3697264674	PASS	/root/rescripted_registry_n_review	english_source_context_family_review
item:item.refurbished_furniture.sweet_berry_jam_toast	sha256:e991b8c9ea3e6529ddeb2ec2d579993a3e9afc99fceaae6a473caa7031c96da5	PASS	/root/rescripted_registry_n_review	english_source_context_family_review
item:item.refurbished_furniture.television_remote	sha256:5d3e1af604d05795db593d72923df4093ef435df134d1202981cf840d44c7752	PASS	/root/rescripted_registry_n_review	english_source_context_family_review
item:item.refurbished_furniture.toast	sha256:34b86033459d0ea573e955a0433e2d81f15636a38d912130a7dd64e44b566739	PASS	/root/rescripted_registry_n_review	english_source_context_family_review
item:item.refurbished_furniture.vegetable_pizza_slice	sha256:1436929e2b694c5e7c4e10e6ea96f628b5ca0f64a5125a2c1b85bc3c224826b9	PASS	/root/rescripted_registry_n_review	english_source_context_family_review
item:item.refurbished_furniture.wheat_flour	sha256:386110b7964fb53806dab4a130542c37fdef6d414a40f5794e7839fe9eb16c64	PASS	/root/rescripted_registry_n_review	english_source_context_family_review
item:item.refurbished_furniture.wrench	sha256:bcf057618e03ffa76cb77982edeb81e8ee18255f82f50762650e1b5a9b2e501d	PASS	/root/rescripted_registry_n_review	english_source_context_family_review
item:item.simpleradio.copper_wire	sha256:f6516ae207e795cab3817bf2d9e72575a81f7e928ce9be8dd7a531f88be5fd50	PASS	/root/rescripted_registry_n_review	english_source_context_family_review
item:item.simpleradio.diamond_module	sha256:faaa4fdc445273acb17a2cb7f0f43a1e288009300bf6d6ac3cfeaf57f41ebe74	PASS	/root/rescripted_registry_n_review	english_source_context_family_review
item:item.simpleradio.gold_module	sha256:fe0b828a628e618c2f5ed9b4af98fd1beb105bc276bd5b0fefa4220a0fe5ac88	PASS	/root/rescripted_registry_n_review	english_source_context_family_review
item:item.simpleradio.iron_module	sha256:fe7d7a5f7613e23a146b010649d683b35bed2dc6e4f35e038677f8752e118ae9	PASS	/root/rescripted_registry_n_review	english_source_context_family_review
item:item.simpleradio.listener_module	sha256:892c88a2a78517b258fb2457a83045d6cc7e7b7ce6505a6bafa3554c9531b1b2	PASS	/root/rescripted_registry_n_review	english_source_context_family_review
item:item.simpleradio.netherite_module	sha256:76c9ed7d18a502b3c8bf116b891dd4ac00da61dfe5ecd8a120a5ef801e43941c	PASS	/root/rescripted_registry_n_review	english_source_context_family_review
item:item.simpleradio.receiving_module	sha256:84f41013c336a23c9f992ee7be1e34f24863092d4f7ced572c9b818cf62f152d	PASS	/root/rescripted_registry_n_review	english_source_context_family_review
item:item.simpleradio.speaker_module	sha256:9e38dde21edd21207ac90ffa37f847c3436d255caea45f48beb5c48a3c0f8fc8	PASS	/root/rescripted_registry_n_review	english_source_context_family_review
item:item.simpleradio.spuddie_talkie	sha256:ee31760640d0bccff45f9f79a926f86f9e0d006541951d350023d65a1783b39e	PASS	/root/rescripted_registry_n_review	english_source_context_family_review
item:item.simpleradio.transceiver	sha256:4469214e765fc628bf151980b203dace383822cd3222ffe090ee16eb61032bbc	PASS	/root/rescripted_registry_n_review	english_source_context_family_review
item:item.simpleradio.transmitting_module	sha256:4fc327f08be31c167a7953541f2a2a46c62f5df8489225bd3a225449f74594ff	PASS	/root/rescripted_registry_n_review	english_source_context_family_review
item:item.simpleradio.walkie_talkie	sha256:e56f04c5b6b2c270adb73a935b0165facdfa62bfc3ef54ff4ee2b886e4a680ce	PASS	/root/rescripted_registry_n_review	english_source_context_family_review
item:item.sophisticatedbackpacks.advanced_alchemy_upgrade	sha256:e6c87999a6b5c0d7bdd2be78c7d79e1b2a21a7ba0ccda9217b5387932ce1fbe4	PASS	/root/rescripted_registry_n_review	english_source_context_family_review
item:item.sophisticatedbackpacks.advanced_compacting_upgrade	sha256:ff120e9d5b480747e7e2abd44b82c36bb65917b24effb2aff6734e5b111fa93d	PASS	/root/rescripted_registry_n_review	english_source_context_family_review
item:item.sophisticatedbackpacks.advanced_deposit_upgrade	sha256:f6cc3d01b510f6a511020baffa58307146e55c61dbe11c455063a759169a490d	PASS	/root/rescripted_registry_n_review	english_source_context_family_review
item:item.sophisticatedbackpacks.advanced_feeding_upgrade	sha256:986a53781c6487a113a86a711bf803db6446702d10625c5655c74f54fd11b9d3	PASS	/root/rescripted_registry_n_review	english_source_context_family_review
item:item.sophisticatedbackpacks.advanced_filter_upgrade	sha256:c9beac65fa321d1acb3e14dab58601e93871e9c1911b8b6e31b4c24d1c45aa6c	PASS	/root/rescripted_registry_n_review	english_source_context_family_review
item:item.sophisticatedbackpacks.advanced_jukebox_upgrade	sha256:9d776a69605c0b0107e85114657fe695f36889bca90f49bec206f9d05af85332	PASS	/root/rescripted_registry_n_review	english_source_context_family_review
item:item.sophisticatedbackpacks.advanced_magnet_upgrade	sha256:70924ac0a72c04644d1b3c44bcff8ae02680fe029bc8fd2d0f9c51f7dd0847c1	PASS	/root/rescripted_registry_n_review	english_source_context_family_review
item:item.sophisticatedbackpacks.advanced_pickup_upgrade	sha256:42ec1dd0a992020cb4b0351ad7b0eeb79c4fa92fb8d80c31e77e3fdb2844b1be	PASS	/root/rescripted_registry_n_review	english_source_context_family_review
item:item.sophisticatedbackpacks.advanced_pump_upgrade	sha256:f68e3d432110d5aa18c5e8c9d1386a713f98286675fec89d24c58144c6109793	PASS	/root/rescripted_registry_n_review	english_source_context_family_review
item:item.sophisticatedbackpacks.advanced_refill_upgrade	sha256:aa6d2ae7161fb2c74d68575cbd8e988fbc5d5bbbefc79e3ea2d66260909e43db	PASS	/root/rescripted_registry_n_review	english_source_context_family_review
item:item.sophisticatedbackpacks.advanced_restock_upgrade	sha256:7b366920a3104284ecdd98aec1d56e5fce97e2ddccc069e1a4e441e14add1244	PASS	/root/rescripted_registry_n_review	english_source_context_family_review
item:item.sophisticatedbackpacks.advanced_tool_swapper_upgrade	sha256:fed527efea2f1a4df66ca56199099bcd9c026698612681f3811a797c6a37f2b2	PASS	/root/rescripted_registry_n_review	english_source_context_family_review
item:item.sophisticatedbackpacks.advanced_void_upgrade	sha256:4e847f592e7013ab6ec6f6c735092f64962278cd819b84dfa0ed47ce84339876	PASS	/root/rescripted_registry_n_review	english_source_context_family_review
item:item.sophisticatedbackpacks.alchemy_upgrade	sha256:84308cdbf7509f15807194d220bfd6e485f9643b456faf56be14774927c948ba	PASS	/root/rescripted_registry_n_review	english_source_context_family_review
item:item.sophisticatedbackpacks.anvil_upgrade	sha256:f15341888388ed653496eb0f97ec7793f3e90a724a7de92c8918899cf84843aa	PASS	/root/rescripted_registry_n_review	english_source_context_family_review
item:item.sophisticatedbackpacks.auto_blasting_upgrade	sha256:648bc2a7f24db9b6510a98253a82b9386c3f675f4ee5cb3b614cb20aa9d0b98f	PASS	/root/rescripted_registry_n_review	english_source_context_family_review
item:item.sophisticatedbackpacks.auto_smelting_upgrade	sha256:0866463777d15cb8cc911295a0a86f9b644db623901f97d4ad5fa8981a2debd3	PASS	/root/rescripted_registry_n_review	english_source_context_family_review
item:item.sophisticatedbackpacks.auto_smoking_upgrade	sha256:ef7495b269219c88ecea527aa6f3a999ed0cc2854301443ac46f2903433f5b95	PASS	/root/rescripted_registry_n_review	english_source_context_family_review
item:item.sophisticatedbackpacks.backpack	sha256:5118f76d9067edc593d6946b88693cefa6604c7e613111193db118166d4af589	PASS	/root/rescripted_registry_n_review	english_source_context_family_review
item:item.sophisticatedbackpacks.battery_upgrade	sha256:e7707190e3bc096318994315c33819da88873c1c4899044e501416231a250a6f	PASS	/root/rescripted_registry_n_review	english_source_context_family_review
item:item.sophisticatedbackpacks.blasting_upgrade	sha256:80c7bb0a001a66697228994e58b36f2909553a7eb42b50d734c62473fbcd3c38	PASS	/root/rescripted_registry_n_review	english_source_context_family_review
item:item.sophisticatedbackpacks.compacting_upgrade	sha256:c17312187536ee04ee6ba0fe55b54ac9e016282412b499e5c443fcb99d7d93bb	PASS	/root/rescripted_registry_n_review	english_source_context_family_review
item:item.sophisticatedbackpacks.copper_backpack	sha256:0014dda4f47b898417bd6b2ac6c3184ebfdd5f0fb0e8c0c3fce878694b7f16c5	PASS	/root/rescripted_registry_n_review	english_source_context_family_review
item:item.sophisticatedbackpacks.crafting_upgrade	sha256:ad66459f85900610c1b163107b32cc6f6118575cd9e1725e99378dadfab9ef61	PASS	/root/rescripted_registry_n_review	english_source_context_family_review
item:item.sophisticatedbackpacks.deposit_upgrade	sha256:14f23962090267115660fb03d72c73d5e05e7947dcc985ee319ab48a93274c84	PASS	/root/rescripted_registry_n_review	english_source_context_family_review
item:item.sophisticatedbackpacks.diamond_backpack	sha256:d3f6077ebe6fd9e299b82a7ca842909ac34166adeaf2d2be8bd371ed00c85712	PASS	/root/rescripted_registry_n_review	english_source_context_family_review
item:item.sophisticatedbackpacks.everlasting_upgrade	sha256:fbacbfd755bc0515653a8b5d3fc156b47a9647156c4145badf10a04c4b30d6c2	PASS	/root/rescripted_registry_n_review	english_source_context_family_review
item:item.sophisticatedbackpacks.feeding_upgrade	sha256:e13fde313fd7b576b1f5d4dc1be375649245daffb9f037910bc9c1e9125597bc	PASS	/root/rescripted_registry_n_review	english_source_context_family_review
item:item.sophisticatedbackpacks.filter_upgrade	sha256:7404b2715f775659506578b748347e85c6e1566866ccfa12590a94d92fe309af	PASS	/root/rescripted_registry_n_review	english_source_context_family_review
item:item.sophisticatedbackpacks.gold_backpack	sha256:8b425063826d7eaabe7d8ead65341abb4ec9e7423b0871fe77789aed90e6c9cc	PASS	/root/rescripted_registry_n_review	english_source_context_family_review
item:item.sophisticatedbackpacks.inception_upgrade	sha256:9f83c785b75cc663db8dcbac837fec2029318293edc8275831d01935faeb4b4e	PASS	/root/rescripted_registry_n_review	english_source_context_family_review
item:item.sophisticatedbackpacks.infinity_upgrade	sha256:46e32c6278a6cac8b063494d143b6b9f1a46c8ab1e054d104564c8e39354150f	PASS	/root/rescripted_registry_n_review	english_source_context_family_review
item:item.sophisticatedbackpacks.iron_backpack	sha256:16dd335dccdc00c8c54ed7044af9ef3510d78769f106c7939b1b77a515eecb52	PASS	/root/rescripted_registry_n_review	english_source_context_family_review
item:item.sophisticatedbackpacks.jukebox_upgrade	sha256:23b97062917b99c7a9912cc2d97e42af50a6d6697fe39ee7099739e2180ed80e	PASS	/root/rescripted_registry_n_review	english_source_context_family_review
item:item.sophisticatedbackpacks.magnet_upgrade	sha256:747f7abb203ca6e3dcd48dc234958f609c4f1405c6e74b3a9e91a8130de564a2	PASS	/root/rescripted_registry_n_review	english_source_context_family_review
item:item.sophisticatedbackpacks.netherite_backpack	sha256:d5d1e45f97ea78a04206d456bf315db9009c1c03bc76ba31cfa80b292dbb85d9	PASS	/root/rescripted_registry_n_review	english_source_context_family_review
item:item.sophisticatedbackpacks.pickup_upgrade	sha256:d8be302d7f21c9ff17ae40d042855093acb9b83651d49c99651ca66e470a2a61	PASS	/root/rescripted_registry_n_review	english_source_context_family_review
item:item.sophisticatedbackpacks.pump_upgrade	sha256:37d5553349a3ef72320f52491a282b1826298dbd6bfae70cc42264f633422358	PASS	/root/rescripted_registry_n_review	english_source_context_family_review
item:item.sophisticatedbackpacks.refill_upgrade	sha256:9436ad90052b54e82b5f31ff81fb8e02bf5cf239c68e9ef2d8b777640d242bdb	PASS	/root/rescripted_registry_n_review	english_source_context_family_review
item:item.sophisticatedbackpacks.restock_upgrade	sha256:04925a7f2c91d4ea5c7a6b308604fe4e1f3d53a29fc4ab16e86a9d4069e9ca07	PASS	/root/rescripted_registry_n_review	english_source_context_family_review
item:item.sophisticatedbackpacks.smelting_upgrade	sha256:a64337190a24207e2769bed95979315e4991ad09e412833ba7fc537e279c3172	PASS	/root/rescripted_registry_n_review	english_source_context_family_review
item:item.sophisticatedbackpacks.smithing_upgrade	sha256:268582f87a9cc4d9f94df8897000a9a37fb2b24b45436f408d7ba4a857c64be6	PASS	/root/rescripted_registry_n_review	english_source_context_family_review
item:item.sophisticatedbackpacks.smoking_upgrade	sha256:0a3a1b20716d1d0452dd96f4012f9ff6ca5c489337bcda19a834b46d0b020462	PASS	/root/rescripted_registry_n_review	english_source_context_family_review
item:item.sophisticatedbackpacks.stack_downgrade_tier_1	sha256:e4fbc88be4d44b00f9d5a2b9424358e3469721e15a800efef2fb33ad52f7a647	PASS	/root/rescripted_registry_n_review	english_source_context_family_review
item:item.sophisticatedbackpacks.stack_downgrade_tier_2	sha256:953b9154575152c60583fd7a799d84cef50bb7e3b188e6227e131e4d0938f09a	PASS	/root/rescripted_registry_n_review	english_source_context_family_review
item:item.sophisticatedbackpacks.stack_downgrade_tier_3	sha256:9a4d0982a61496f455fc9dda1fd93f70ef76f72a899b22da3dc8cd42e11021c5	PASS	/root/rescripted_registry_n_review	english_source_context_family_review
item:item.sophisticatedbackpacks.stack_upgrade_omega_tier	sha256:4d280e0cd42e623412e26c6b0a8a4067668cd60e2ae206ccb633b7cabd485472	PASS	/root/rescripted_registry_n_review	english_source_context_family_review
item:item.sophisticatedbackpacks.stack_upgrade_starter_tier	sha256:c43ef54bf6e80b24d745a37af56152977338aa162a7b871ee0019e53df70c6fb	PASS	/root/rescripted_registry_n_review	english_source_context_family_review
item:item.sophisticatedbackpacks.stack_upgrade_tier_1	sha256:1d60a89593f49f8ac0f31279d7a7889ce79fad902956b1e376ca82a457da6b4f	PASS	/root/rescripted_registry_n_review	english_source_context_family_review
item:item.sophisticatedbackpacks.stack_upgrade_tier_2	sha256:1f9e1559a5f2e3322662c5d2b85bed5db09550e15d2e745da2993d4f5b0281cb	PASS	/root/rescripted_registry_n_review	english_source_context_family_review
item:item.sophisticatedbackpacks.stack_upgrade_tier_3	sha256:b56a04553b02193b89c5ee2c9fbb6331b3f91b1b39867d515471a5851db7e217	PASS	/root/rescripted_registry_n_review	english_source_context_family_review
item:item.sophisticatedbackpacks.stack_upgrade_tier_4	sha256:dc46feb8ce0b751a9bec3cdb1b9fba685cdf3db9ed6dbb1da4aa8b69888cbe2a	PASS	/root/rescripted_registry_n_review	english_source_context_family_review
item:item.sophisticatedbackpacks.stonecutter_upgrade	sha256:b03b6fd68a3a62090a035f38198dcf6fc6383b1753b1dce4aa5c7faa431b5daa	PASS	/root/rescripted_registry_n_review	english_source_context_family_review
item:item.sophisticatedbackpacks.survival_infinity_upgrade	sha256:7745d810bf24ab5748ceb33362d64ec9b8c42c04a9e3d1fcaebb55005323a832	PASS	/root/rescripted_registry_n_review	english_source_context_family_review
item:item.sophisticatedbackpacks.tank_upgrade	sha256:d5c84c1455504acbd500bf0f23f1427fd5843c4a45565e9eb725fef3df29cd88	PASS	/root/rescripted_registry_n_review	english_source_context_family_review
item:item.sophisticatedbackpacks.tool_swapper_upgrade	sha256:3d9279e18bdc3939098bf4e70e33f6fcc4c0f3c2a172b53f980630d3544d3e4b	PASS	/root/rescripted_registry_n_review	english_source_context_family_review
item:item.sophisticatedbackpacks.upgrade_base	sha256:82d32945339b60a98bd6b1b102947c658e010508bf37ae51934afe2cbe1dd5b5	PASS	/root/rescripted_registry_n_review	english_source_context_family_review
item:item.sophisticatedbackpacks.void_upgrade	sha256:640a56e9f444644354bc9f4ecc4eb46ec2f62b77dbf6106e6efb052562dc0bb1	PASS	/root/rescripted_registry_n_review	english_source_context_family_review
item:item.sophisticatedbackpacks.xp_pump_upgrade	sha256:1a2bf0dc50e17112c9882661c3259dbadf4b9d9ee7f95c5443bb9200c8fb9774	PASS	/root/rescripted_registry_n_review	english_source_context_family_review
item:item.storage_shelves.cardboard	sha256:7aaa37a14e7695bc36a41ebb16508b4aba780436fa8a30cbe8afd5d28830eee1	PASS	/root/rescripted_registry_n_review	english_source_context_family_review
item:item.storage_shelves.cardboard_box	sha256:0ab6b32d403056a722707eeb661a766be667c05af19b31334a4665e6a2b65fde	PASS	/root/rescripted_registry_n_review	english_source_context_family_review
item:item.storage_shelves.large_cardboard_box	sha256:030e0eb248f2e4772bdc23ababf8a818f165fe9afbbf61c0cfda8f5b03251901	PASS	/root/rescripted_registry_n_review	english_source_context_family_review
item:item.storagedrawers.acacia_full_drawers_1	sha256:d8feaf21d454e1513247bc444a421c9af419d08a93b82528ff8f9bc81e66ba90	PASS	/root/rescripted_registry_n_review	english_source_context_family_review
item:item.storagedrawers.acacia_full_drawers_2	sha256:52071fdeca2a11aaca465a964129fb23ff21af6de375e943a7135c5c7c7433d9	PASS	/root/rescripted_registry_n_review	english_source_context_family_review
item:item.storagedrawers.acacia_full_drawers_4	sha256:827fbb45101e4e22e3dba57976e11262f880b47883fc8be1c701739871f50e01	PASS	/root/rescripted_registry_n_review	english_source_context_family_review
item:item.storagedrawers.acacia_half_drawers_1	sha256:44d4035b60fa702b85418ff5340e8e2b710ddb5b58bcd0b4f392e5099ef90365	PASS	/root/rescripted_registry_n_review	english_source_context_family_review
item:item.storagedrawers.acacia_half_drawers_2	sha256:df8f5fcaa3ba8d638c0ab54117e2544b76d70f9073575b71a94c4565de1394a8	PASS	/root/rescripted_registry_n_review	english_source_context_family_review
item:item.storagedrawers.acacia_half_drawers_4	sha256:3dc5edd5a06c1f8d5644b9eaf234a6628c2255d81ff105a92e03039ea8667ec2	PASS	/root/rescripted_registry_n_review	english_source_context_family_review
item:item.storagedrawers.acacia_trim	sha256:7626fc725f5cd1bbfa51b5d5f7b7127ef71ee6f287d0ed31b779d989272e9afb	PASS	/root/rescripted_registry_n_review	english_source_context_family_review
item:item.storagedrawers.balance_fill_upgrade	sha256:87aa2be7d7fca429bc1ab999044054f74edeb667b032fb24c7ea48ba1d71e9ec	PASS	/root/rescripted_registry_n_review	english_source_context_family_review
item:item.storagedrawers.bamboo_full_drawers_1	sha256:6e9461a43a0757ca3043780d7e82c9440dc4749ed9e51b8b97a054ad0f63621c	PASS	/root/rescripted_registry_n_review	english_source_context_family_review
item:item.storagedrawers.bamboo_full_drawers_2	sha256:d4484d19c9597a51220835980699baec29ee2dbb78407a986234792f3036a411	PASS	/root/rescripted_registry_n_review	english_source_context_family_review
item:item.storagedrawers.bamboo_full_drawers_4	sha256:05f6ade8d21e80ed12051d599e020a8a04d610c19c3f288f60519f03453f741b	PASS	/root/rescripted_registry_n_review	english_source_context_family_review
item:item.storagedrawers.bamboo_half_drawers_1	sha256:e46fddb8ca993af0e4026e7c26216f79898a34d5605bb9615ac002388dbedf25	PASS	/root/rescripted_registry_n_review	english_source_context_family_review
item:item.storagedrawers.bamboo_half_drawers_2	sha256:8bb67cace9e02e52b164f04d6317957fc5353c73cfecd02bcbffdb41f117f936	PASS	/root/rescripted_registry_n_review	english_source_context_family_review
item:item.storagedrawers.bamboo_half_drawers_4	sha256:e6024d0ae356c837f64b999799288d80963571099667de04fe2cf21150140fa0	PASS	/root/rescripted_registry_n_review	english_source_context_family_review
item:item.storagedrawers.bamboo_trim	sha256:4eeabcd43bf1a25be9991b9fa2f639c1638210e4c1a7a4582106593c10876232	PASS	/root/rescripted_registry_n_review	english_source_context_family_review
item:item.storagedrawers.birch_full_drawers_1	sha256:8879705659b810898e50a326bf3f3a709a6c5c6b3285f06e755961a0d3a95e91	PASS	/root/rescripted_registry_n_review	english_source_context_family_review
item:item.storagedrawers.birch_full_drawers_2	sha256:fee406a40622dc2651817df84088aa09169c595fe4c8029fa7b9e32454e63694	PASS	/root/rescripted_registry_n_review	english_source_context_family_review
item:item.storagedrawers.birch_full_drawers_4	sha256:0d59f6f51d08af792a511d224f03f2e73b8a1621f05230aabfe0955123f651b7	PASS	/root/rescripted_registry_n_review	english_source_context_family_review
item:item.storagedrawers.birch_half_drawers_1	sha256:595bd700ab090f62a6075b9d7cdfc5913a90e091df2d6b84f68edd8f9ed85976	PASS	/root/rescripted_registry_n_review	english_source_context_family_review
item:item.storagedrawers.birch_half_drawers_2	sha256:a823af5887216df56c7f5e3cc7535467e1b45aa95c3aa5bc987474ef73a53df8	PASS	/root/rescripted_registry_n_review	english_source_context_family_review
item:item.storagedrawers.birch_half_drawers_4	sha256:36853e07452afc4b96917f64bf8b289f2126ff286308bced6c4d91a10f9fff00	PASS	/root/rescripted_registry_n_review	english_source_context_family_review
item:item.storagedrawers.birch_trim	sha256:80021506054d319a93c9e055bf308341303f697dd1bd4b6e6db555e7a8bfee3d	PASS	/root/rescripted_registry_n_review	english_source_context_family_review
item:item.storagedrawers.cherry_full_drawers_1	sha256:125344e9b18965ee4e95e4071c31b9b4bca8fe8c5267d4e753223d97d97940f6	PASS	/root/rescripted_registry_n_review	english_source_context_family_review
item:item.storagedrawers.cherry_full_drawers_2	sha256:fb1485eed62f65fbd7afa00e201274c2368ef21639cd41d57ea3bbbb4aee7031	PASS	/root/rescripted_registry_n_review	english_source_context_family_review
item:item.storagedrawers.cherry_full_drawers_4	sha256:cbe5a5883b3f3a7affad14405a96cc8070d9c7d2f2ba1f0ce26cef85c40cc65c	PASS	/root/rescripted_registry_n_review	english_source_context_family_review
item:item.storagedrawers.cherry_half_drawers_1	sha256:8f7c446088cd068e5178aa96969ca3b1e3f23b8ad5fbfd0e84d680ab620d94ae	PASS	/root/rescripted_registry_n_review	english_source_context_family_review
item:item.storagedrawers.cherry_half_drawers_2	sha256:4675eb5ca7071ce6b10ab45dcf15f45058cec203a524302555089df83691c569	PASS	/root/rescripted_registry_n_review	english_source_context_family_review
item:item.storagedrawers.cherry_half_drawers_4	sha256:22f8b586b35b22262a0aa94298dbfaf40d93abd5e0b900d5b4540bf1654e858d	PASS	/root/rescripted_registry_n_review	english_source_context_family_review
item:item.storagedrawers.cherry_trim	sha256:389df621331c11c25ed42d62c7a5611e55baf4a237a112f470d85e18afe8174f	PASS	/root/rescripted_registry_n_review	english_source_context_family_review
item:item.storagedrawers.controller_slave	sha256:0f3412b2c966e854f4a34afbed3d0b213557e909771a4a72f23fe5971eecefbc	PASS	/root/rescripted_registry_n_review	english_source_context_family_review
item:item.storagedrawers.conversion_upgrade	sha256:3eba501c66d1c79fa749696efd5b659f940f4fda3fef9e4d124f5f19c79eacb3	PASS	/root/rescripted_registry_n_review	english_source_context_family_review
item:item.storagedrawers.creative_storage_upgrade	sha256:9edb54f36e98f65a2d7c28bf405b801b86f332dea26dc65ad3bda11b3f6f32b7	PASS	/root/rescripted_registry_n_review	english_source_context_family_review
item:item.storagedrawers.creative_vending_upgrade	sha256:2fd6d067cb68a0a1975a9a2548dc538c491725a27353e86c6ff78c14140cb061	PASS	/root/rescripted_registry_n_review	english_source_context_family_review
item:item.storagedrawers.crimson_full_drawers_1	sha256:ba794c6b8f5c769a6c2732494593ff82dc7058950ccacbb95eef02adab887d3f	PASS	/root/rescripted_registry_n_review	english_source_context_family_review
item:item.storagedrawers.crimson_full_drawers_2	sha256:8a7bcc1c7a6c8c2018aaed9b7fdaaabbfc94da9d81e818fcae4f67523b008402	PASS	/root/rescripted_registry_n_review	english_source_context_family_review
item:item.storagedrawers.crimson_full_drawers_4	sha256:6dd870fe12196c38d30e9d46735f61f2cd303ae71c18b78b27556e187dbe3912	PASS	/root/rescripted_registry_n_review	english_source_context_family_review
item:item.storagedrawers.crimson_half_drawers_1	sha256:6b98dab37b1219a1693942f504031bf20700feb6b1efb4cabfce0058a371d9f8	PASS	/root/rescripted_registry_n_review	english_source_context_family_review
item:item.storagedrawers.crimson_half_drawers_2	sha256:97d3a9f52ff538f342bdbfb238720c8b140f090bc08e2d1939917d1f31f85103	PASS	/root/rescripted_registry_n_review	english_source_context_family_review
item:item.storagedrawers.crimson_half_drawers_4	sha256:b3eb5067dfd778472b523d0749bdc9d608f88e6a8f36d476a5de254be631aa88	PASS	/root/rescripted_registry_n_review	english_source_context_family_review
item:item.storagedrawers.crimson_trim	sha256:32341193a38694ad7da50665d03eed9e5dd667e72656a65820eb5bb495515e6f	PASS	/root/rescripted_registry_n_review	english_source_context_family_review
item:item.storagedrawers.dark_oak_full_drawers_1	sha256:74401164bac64ff29cd20eb2769f91794391c9996ebed6dbeb6849358f4af905	PASS	/root/rescripted_registry_n_review	english_source_context_family_review
item:item.storagedrawers.dark_oak_full_drawers_2	sha256:7e0c68648d2becf4c1b42f020a08b211b623deecf10fab719887efe30bf5ddbb	PASS	/root/rescripted_registry_n_review	english_source_context_family_review
item:item.storagedrawers.dark_oak_full_drawers_4	sha256:d5e6a11ff0884508dab68cea2cff93d02da1209c91df204b160b9fead0a97903	PASS	/root/rescripted_registry_n_review	english_source_context_family_review
item:item.storagedrawers.dark_oak_half_drawers_1	sha256:7eb1d6721d326359e89e1eb6282a067f31418b24b68e3c0de85b2f5f5d41f6bf	PASS	/root/rescripted_registry_n_review	english_source_context_family_review
item:item.storagedrawers.dark_oak_half_drawers_2	sha256:338cd8d5be14805449f48350cb1c8c568f6925fa1e0dc860dd4b6dbe4e794e82	PASS	/root/rescripted_registry_n_review	english_source_context_family_review
item:item.storagedrawers.dark_oak_half_drawers_4	sha256:12be9c87fb301f6181ab595e5c707a0fd2d662a423e02b605b3456579f67ce1c	PASS	/root/rescripted_registry_n_review	english_source_context_family_review
item:item.storagedrawers.dark_oak_trim	sha256:88c494808df8a2be236db1b34e30b79d2f260de1243dac3d5e6bc7ddaf9a1720	PASS	/root/rescripted_registry_n_review	english_source_context_family_review
item:item.storagedrawers.detached_drawer	sha256:6a1ca475a87af812ed63225eb3a3a86da5e0f42d6ca6952daec566209a788f32	CHANGE	/root/rescripted_registry_n_review	english_source_context_family_review
item:item.storagedrawers.detached_drawer_full	sha256:8fd48ff7b8fb9ea4f67e1292b38933a260c113821583b78178ff54be299ffcde	PASS	/root/rescripted_registry_n_review	english_source_context_family_review
item:item.storagedrawers.diamond_storage_upgrade	sha256:78088310c542fe7e8a0530e69d6b2d855e685c51f27b9af87b3f1ac65b9202c3	PASS	/root/rescripted_registry_n_review	english_source_context_family_review
item:item.storagedrawers.drawer_key	sha256:8382d119efb943f40d4135556ad1d3a518d623c6527885569e6a9ca15a20ef28	PASS	/root/rescripted_registry_n_review	english_source_context_family_review
item:item.storagedrawers.drawer_puller	sha256:7e3ac276470c9e973945e68e8484f75b54f8cded67c64b2e7c39b7edaa87d160	CHANGE	/root/rescripted_registry_n_review	english_source_context_family_review
item:item.storagedrawers.emerald_storage_upgrade	sha256:6e7727b924a5fc6db8f6117a8eb286730d6302d046ebe63f534394e8dd035776	PASS	/root/rescripted_registry_n_review	english_source_context_family_review
item:item.storagedrawers.fill_level_upgrade	sha256:ae8fa3434f0b6f388e3903cc53eaee8f62e1e3c55bcac98e5243dec0e6bb78c0	PASS	/root/rescripted_registry_n_review	english_source_context_family_review
item:item.storagedrawers.framed_full_drawers_1	sha256:7506f17b83ff35e2cf322f4088f3424199d450a9c1a1fdfa2d26d738f75558c3	PASS	/root/rescripted_registry_n_review	english_source_context_family_review
item:item.storagedrawers.framed_full_drawers_2	sha256:a54430f09d2e57d09197a4d11db5bfa00a35d3a8efb28e294ccca1cfbf05b993	PASS	/root/rescripted_registry_n_review	english_source_context_family_review
item:item.storagedrawers.framed_full_drawers_4	sha256:bf2e2d216b5fa617cfdb87276bb3a74f38a62927ecb6ee915baa8378e0abd237	PASS	/root/rescripted_registry_n_review	english_source_context_family_review
item:item.storagedrawers.framed_half_drawers_1	sha256:b47194033e18beb938c51d22fa1bfbfa3567688782b604f4536e7a2ed4095b73	PASS	/root/rescripted_registry_n_review	english_source_context_family_review
item:item.storagedrawers.framed_half_drawers_2	sha256:3244222c056bfc2480590b6bc3e45c301ce703628a5c34105036cf357e22b837	PASS	/root/rescripted_registry_n_review	english_source_context_family_review
item:item.storagedrawers.framed_half_drawers_4	sha256:ab2add57cd91b2f2eafb97fbc41cd98890e35cbb1d3165f9b5cf74472e458bae	PASS	/root/rescripted_registry_n_review	english_source_context_family_review
item:item.storagedrawers.framed_trim	sha256:83dd6e1402f867e0aed42ebf18ad06c284a0ee44f1155e442e014df9ad704d7a	PASS	/root/rescripted_registry_n_review	english_source_context_family_review
item:item.storagedrawers.gold_storage_upgrade	sha256:041dab32dbcab9d7d717f25713b3e177dd67ceb6a4d3bb5bae4030fea8dc6f23	PASS	/root/rescripted_registry_n_review	english_source_context_family_review
item:item.storagedrawers.illumination_upgrade	sha256:368680304e1dabab579d6c7649802515c99a13129c1d17c2cbc3c5d35b98b6e1	PASS	/root/rescripted_registry_n_review	english_source_context_family_review
item:item.storagedrawers.iron_storage_upgrade	sha256:7908f6cb920288b3e33fe889bf8d33d2377a276dcac5c51c76af16a69690c65a	PASS	/root/rescripted_registry_n_review	english_source_context_family_review
item:item.storagedrawers.jungle_full_drawers_1	sha256:b8571245fa7226fb279427413b7134601c838ab5676542a756174926f58eb94c	PASS	/root/rescripted_registry_n_review	english_source_context_family_review
item:item.storagedrawers.jungle_full_drawers_2	sha256:231372fab63f20b9ef65d2bb162c214208942b3a709ba87e2d56baebec32534c	PASS	/root/rescripted_registry_n_review	english_source_context_family_review
item:item.storagedrawers.jungle_full_drawers_4	sha256:6295ff40001c80b1e876cab978e31e78bf384b07aa5744e878282cd82d28901c	PASS	/root/rescripted_registry_n_review	english_source_context_family_review
item:item.storagedrawers.jungle_half_drawers_1	sha256:adaefbc9f1b1893b9017302b2a7b00c92753a3091b2361099220a33ba762f2d4	PASS	/root/rescripted_registry_n_review	english_source_context_family_review
item:item.storagedrawers.jungle_half_drawers_2	sha256:1cbc039f19b47f6849d686aa965946d50628ba1744c5b9ca7286c0bcf10ab484	PASS	/root/rescripted_registry_n_review	english_source_context_family_review
item:item.storagedrawers.jungle_half_drawers_4	sha256:d4f06f3041994c79f3143cc5b4de0736ebd16778ca4323ff90323da922c895a4	PASS	/root/rescripted_registry_n_review	english_source_context_family_review
item:item.storagedrawers.jungle_trim	sha256:179abb75acc679f816c7e8013b908b8d30298bcd41b05aa261a0234f3468fa08	PASS	/root/rescripted_registry_n_review	english_source_context_family_review
item:item.storagedrawers.keyring	sha256:4a8cbbf9b0b99d539209fc4324f2b1f6e7805e0a9996d0ac26613e164b654ab8	PASS	/root/rescripted_registry_n_review	english_source_context_family_review
item:item.storagedrawers.keyring_drawer	sha256:6f93ba98a73d6caefe693eee337894a864ff460abdec828d14d6d6292cc1053a	PASS	/root/rescripted_registry_n_review	english_source_context_family_review
item:item.storagedrawers.keyring_personal	sha256:17004461f110d1a401920dd0fc9f54fae6ab8f5e993c181f912dcd617c58d54b	PASS	/root/rescripted_registry_n_review	english_source_context_family_review
item:item.storagedrawers.keyring_personal_cofh	sha256:0cd84b887a0cade6baf79b7462cf9325c6981d04424f46c80717a813dd3f7926	PASS	/root/rescripted_registry_n_review	english_source_context_family_review
item:item.storagedrawers.keyring_priority	sha256:7d53347256e2d624880695b971866dffaa5d6eba64df625430c22e60209bda3c	PASS	/root/rescripted_registry_n_review	english_source_context_family_review
item:item.storagedrawers.keyring_priority_n1	sha256:b0b45dfbef7a0a0d43b8c5e8bd7c20ed747e16872fa91a288a104e77faf659aa	PASS	/root/rescripted_registry_n_review	english_source_context_family_review
item:item.storagedrawers.keyring_priority_n2	sha256:115def147e4697543b85f0afe0d5856b3a0de458e4f66dd4da165dc8558596c0	PASS	/root/rescripted_registry_n_review	english_source_context_family_review
item:item.storagedrawers.keyring_priority_p1	sha256:80b3e05447c5e9f14fead797e0366a9082712ecebada34d85c34a7c8479380d8	PASS	/root/rescripted_registry_n_review	english_source_context_family_review
item:item.storagedrawers.keyring_priority_p2	sha256:725b3f8e83f861585429511b21bd8369fc81ceafb6aafb3ed69619bd0a608c23	PASS	/root/rescripted_registry_n_review	english_source_context_family_review
item:item.storagedrawers.keyring_puller	sha256:257078b5ecad0e0ba1df646bc7f72d8e54e59246c73a9e6fecab4e6f7bab90ea	PASS	/root/rescripted_registry_n_review	english_source_context_family_review
item:item.storagedrawers.keyring_quantify	sha256:22c9d258c4bff67f73f85241688ce4e3c1ab7f183f06dcc6451c2ae960669fa0	PASS	/root/rescripted_registry_n_review	english_source_context_family_review
item:item.storagedrawers.keyring_shroud	sha256:754b9da7fbe8d12e1252748013edd3f164e267ab301b5c0f2b7f2a440cb181c6	PASS	/root/rescripted_registry_n_review	english_source_context_family_review
item:item.storagedrawers.mangrove_full_drawers_1	sha256:2eaddfb4cb0888f442123d06aabd463c719d187b74b2b61b33cc1a6ee33186a6	PASS	/root/rescripted_registry_n_review	english_source_context_family_review
item:item.storagedrawers.mangrove_full_drawers_2	sha256:4b63ac7e917916d599fe8286c0b7ba950b0386e6f5ad0404004df7b5c5139eb8	PASS	/root/rescripted_registry_n_review	english_source_context_family_review
item:item.storagedrawers.mangrove_full_drawers_4	sha256:ea0ec90d8462b76072ec02a174c40e7413b3839beeae1dc4d434f29d16665c95	PASS	/root/rescripted_registry_n_review	english_source_context_family_review
item:item.storagedrawers.mangrove_half_drawers_1	sha256:c46f025ffb2841f0b5fe6a2512853198b86cdaa3996ce33c63e56eed64862fd8	PASS	/root/rescripted_registry_n_review	english_source_context_family_review
item:item.storagedrawers.mangrove_half_drawers_2	sha256:98ac6e0bf2778c35714eec67ca733d1d9ddaf690c7eafbd967b6ad6f6ae9db81	PASS	/root/rescripted_registry_n_review	english_source_context_family_review
item:item.storagedrawers.mangrove_half_drawers_4	sha256:d9b3db2faf0ce3bdd9e8c0947f41a343a41ea1356a55423fa6da06210f173bf5	PASS	/root/rescripted_registry_n_review	english_source_context_family_review
item:item.storagedrawers.mangrove_trim	sha256:ec46ac639e9cb448ee4878d09365aad65642e8903eb3d144f2bb63178a8d2da8	PASS	/root/rescripted_registry_n_review	english_source_context_family_review
item:item.storagedrawers.max_redstone_upgrade	sha256:aa829bcdbbf54046e41627c6eeb1d13636aa216337aa1bba7b67123ad729edb5	PASS	/root/rescripted_registry_n_review	english_source_context_family_review
item:item.storagedrawers.min_redstone_upgrade	sha256:d7a3a2b4d8d49dd41a4a67bfd22d54a3348263c3fd9a0de8675fc60985560ce7	PASS	/root/rescripted_registry_n_review	english_source_context_family_review
item:item.storagedrawers.oak_full_drawers_1	sha256:aff57fb3a558aa391a1eb92026d5e712ded9ebdc61371f63c97bf66007108e73	PASS	/root/rescripted_registry_n_review	english_source_context_family_review
item:item.storagedrawers.oak_full_drawers_2	sha256:1d0d168ed828ad78be8ed09c0afa58c52e85f1b23e4f885e3a66e61754eb7f4b	PASS	/root/rescripted_registry_n_review	english_source_context_family_review
item:item.storagedrawers.oak_full_drawers_4	sha256:dde8b315a29c6bde6aee0c2c0e43732462cc7d8d46c3940395c0ce1c7bd6dd24	PASS	/root/rescripted_registry_n_review	english_source_context_family_review
item:item.storagedrawers.oak_half_drawers_1	sha256:0722f446f3a18d8e447a72dc7ff4e95568c698ae43cb16f34710fd9512e01063	PASS	/root/rescripted_registry_n_review	english_source_context_family_review
item:item.storagedrawers.oak_half_drawers_2	sha256:475fa83400d81363cb966194dc72277e19a1177b4338d0344e9e7f88e903a7ec	PASS	/root/rescripted_registry_n_review	english_source_context_family_review
item:item.storagedrawers.oak_half_drawers_4	sha256:659b6810e231704af2acae9161b0d87ac72a08bdac294b5e3834d923b0bb8e1a	PASS	/root/rescripted_registry_n_review	english_source_context_family_review
item:item.storagedrawers.oak_trim	sha256:7d8c83f2efde2e7c4d5756e8a64f4f8dcff67d31311dc30bd9eeca91d02dd5e1	PASS	/root/rescripted_registry_n_review	english_source_context_family_review
item:item.storagedrawers.obsidian_storage_upgrade	sha256:55e3b5df449c86ba02170a0a6d14a42ef89b844a4e00f630f4324152fce72375	PASS	/root/rescripted_registry_n_review	english_source_context_family_review
item:item.storagedrawers.one_stack_upgrade	sha256:5297df24c2f7d1d789d6e7410e5539708083197aa1c37797962bbe64a1d0a9d8	PASS	/root/rescripted_registry_n_review	english_source_context_family_review
item:item.storagedrawers.personal_key	sha256:5a67ad2c05f8db2fb22a9b9d1b84ed27c22751faf79ec3ca9a60a116885a9fb7	PASS	/root/rescripted_registry_n_review	english_source_context_family_review
item:item.storagedrawers.personal_key_cofh	sha256:3712b8620dcaf213698ce9f250f3e6049f000487cf295280d922c5c6d19bcbdb	PASS	/root/rescripted_registry_n_review	english_source_context_family_review
item:item.storagedrawers.portability_upgrade	sha256:915045dd765e653db7f80c3286ae7168c1a8b3edcc2aacd08d4b169c2d3475f5	PASS	/root/rescripted_registry_n_review	english_source_context_family_review
item:item.storagedrawers.priority_key	sha256:ad7c3731047195e66d1d8c6b83660a8f8732df826772b540ca7c080cf2375ee4	PASS	/root/rescripted_registry_n_review	english_source_context_family_review
item:item.storagedrawers.priority_key_n1	sha256:623f1005b67547b3b872a8bf52e1cffb2e898a53bd7d5f620ab393180fcf54fe	PASS	/root/rescripted_registry_n_review	english_source_context_family_review
item:item.storagedrawers.priority_key_n2	sha256:ce7500ebc0b671bb87c289294584204a42f3f31ca22cccca1f2234a0baab3bc0	PASS	/root/rescripted_registry_n_review	english_source_context_family_review
item:item.storagedrawers.priority_key_p1	sha256:fd6b2fab940cd4b566a354483221b7acf9af578255fdc27e04292ad238cc20be	PASS	/root/rescripted_registry_n_review	english_source_context_family_review
item:item.storagedrawers.priority_key_p2	sha256:11b21b51b22cb64ca808affc5cc1dfbe1ca9fae32aa5f2fe0e2ed3252203f957	PASS	/root/rescripted_registry_n_review	english_source_context_family_review
item:item.storagedrawers.quantify_key	sha256:56fc50e96d92ab9ec112673ba77a6ac1317c9d99063da2eeb8974647db4ad571	PASS	/root/rescripted_registry_n_review	english_source_context_family_review
item:item.storagedrawers.redstone_upgrade	sha256:8ba548b3345c9cc4a1adafc36ae6a27614f36ffb56b622d86b1458a305f22f56	PASS	/root/rescripted_registry_n_review	english_source_context_family_review
item:item.storagedrawers.remote_group_upgrade	sha256:a88555039f10fb5593412c7089626d739e8a5c3edda03cd027c98b9f5afa1032	PASS	/root/rescripted_registry_n_review	english_source_context_family_review
item:item.storagedrawers.remote_group_upgrade_bound	sha256:a88555039f10fb5593412c7089626d739e8a5c3edda03cd027c98b9f5afa1032	CHANGE	/root/rescripted_registry_n_review	english_source_context_family_review
item:item.storagedrawers.remote_upgrade	sha256:8fcb6410f32e0e45d202d30abaa2ecc640619cb1e77f18f7589aa0525fb4dd07	PASS	/root/rescripted_registry_n_review	english_source_context_family_review
item:item.storagedrawers.remote_upgrade_bound	sha256:8fcb6410f32e0e45d202d30abaa2ecc640619cb1e77f18f7589aa0525fb4dd07	PASS	/root/rescripted_registry_n_review	english_source_context_family_review
item:item.storagedrawers.shroud_key	sha256:9a6fb18928e50b58e65e00640f93c7646566ae536558158043ca9a607459d18e	PASS	/root/rescripted_registry_n_review	english_source_context_family_review
item:item.storagedrawers.spruce_full_drawers_1	sha256:5ab0158443c7c873aece74e627f2b3b9758730cb152dc0b27c1417ca679e8585	PASS	/root/rescripted_registry_n_review	english_source_context_family_review
item:item.storagedrawers.spruce_full_drawers_2	sha256:d437c45f26104864de9da2eeaf391b640705bf7ac5733cc7b742b43eca477e0b	PASS	/root/rescripted_registry_n_review	english_source_context_family_review
item:item.storagedrawers.spruce_full_drawers_4	sha256:f9b697787fdddf5cfa93eeca1c2372b908582af285b8e7f9b4422176eec8d21e	PASS	/root/rescripted_registry_n_review	english_source_context_family_review
item:item.storagedrawers.spruce_half_drawers_1	sha256:01d3112288d8152b3c6f1dd8ec9882450fc7da7e6284ed860b02915d402d50e9	PASS	/root/rescripted_registry_n_review	english_source_context_family_review
item:item.storagedrawers.spruce_half_drawers_2	sha256:649e11c99b6956b08a1645b6a95817627413884230de82af6fe737af66e9effe	PASS	/root/rescripted_registry_n_review	english_source_context_family_review
item:item.storagedrawers.spruce_half_drawers_4	sha256:9c4000543cae1b9bca01d8a16b559071f463671241052b5cb642f2cbd0bc0394	PASS	/root/rescripted_registry_n_review	english_source_context_family_review
item:item.storagedrawers.spruce_trim	sha256:17d7439cb994df5ed0033c32b3dabd20796af7e425707a0b1289aac6eaa09a43	PASS	/root/rescripted_registry_n_review	english_source_context_family_review
item:item.storagedrawers.upgrade_template	sha256:fe3734aa134930f5c7d783f028fcfd28d822a284896cbb7d1cf023e54aec2f33	PASS	/root/rescripted_registry_n_review	english_source_context_family_review
item:item.storagedrawers.void_upgrade	sha256:640a56e9f444644354bc9f4ecc4eb46ec2f62b77dbf6106e6efb052562dc0bb1	PASS	/root/rescripted_registry_n_review	english_source_context_family_review
item:item.storagedrawers.warped_full_drawers_1	sha256:2dd2d966e238cc1374d3d80ddff97d4b23be88f8a285d70782807ae62e6806a5	PASS	/root/rescripted_registry_n_review	english_source_context_family_review
item:item.storagedrawers.warped_full_drawers_2	sha256:464fffeb6459bd86fed3b93506e35bfd9c8962419a7c480cc84cd28a36fff390	PASS	/root/rescripted_registry_n_review	english_source_context_family_review
item:item.storagedrawers.warped_full_drawers_4	sha256:a798f5ed54ae260e1b301ea85cabc23e11f84979b6a6e6c51f06fe47e748b548	PASS	/root/rescripted_registry_n_review	english_source_context_family_review
item:item.storagedrawers.warped_half_drawers_1	sha256:32761bbe7b2ec19bde98d8a085c4e99b0add36c2dcd13a1b411df9131f6b9e61	PASS	/root/rescripted_registry_n_review	english_source_context_family_review
item:item.storagedrawers.warped_half_drawers_2	sha256:8f6bd6aed02755d22f5c23cbcf194455ad25aeea74bac7b6d2b46857d97dac5b	PASS	/root/rescripted_registry_n_review	english_source_context_family_review
item:item.storagedrawers.warped_half_drawers_4	sha256:8244e29a91bc2a807f15e96d15ad0dcdee95b0582ae3f72af7cf40d2d6e7f82c	PASS	/root/rescripted_registry_n_review	english_source_context_family_review
item:item.storagedrawers.warped_trim	sha256:826618548500b08862460bb6734443195bd28f8684fbca569e57779739c87324	PASS	/root/rescripted_registry_n_review	english_source_context_family_review
item:item.supplementaries.altimeter	sha256:aa157d073396caaf44d36c1446affd2d290385fc89395a7e8b5888ea8aa7e1e6	PASS	/root/rescripted_registry_n_review	english_source_context_family_review
item:item.supplementaries.antique_ink	sha256:c21848f013bf354466a5cf9ab02d742efa91d3751005b481b5a223cbbf5fc12b	PASS	/root/rescripted_registry_n_review	english_source_context_family_review
item:item.supplementaries.ash	sha256:bda94d3dce78637e7e47c7ea19824b93a643d023947dbf12ab3afc7032bb2597	PASS	/root/rescripted_registry_n_review	english_source_context_family_review
item:item.supplementaries.ash_brick	sha256:6cee40c7c57b1f1c5e79ca39c732451fc8e194fe8a18fea03437a9cdfd2a9943	PASS	/root/rescripted_registry_n_review	english_source_context_family_review
item:item.supplementaries.bamboo_spikes_tipped	sha256:893bac1a7dc9fb6efcd4431df1df4669392791f1e4a3efe5f38780a67d95ec7c	PASS	/root/rescripted_registry_n_review	english_source_context_family_review
item:item.supplementaries.beachparty/sign_post_palm	sha256:bf7953cf84f22bcd29332457a6bb674e6fa0cc9c16bdc5163ba3dc35284842e7	PASS	/root/rescripted_registry_n_review	english_source_context_family_review
item:item.supplementaries.bomb	sha256:359be5f850889fd1fec2febe58b390e171991bdc7a33e3a6535cd77b0d92903f	PASS	/root/rescripted_registry_n_review	english_source_context_family_review
item:item.supplementaries.bomb_blue	sha256:78d702dee77d7b314974b494a7df7ad52007189f644e20c9ac7cd14838f3a98e	PASS	/root/rescripted_registry_n_review	english_source_context_family_review
item:item.supplementaries.bomb_blue_projectile	sha256:78d702dee77d7b314974b494a7df7ad52007189f644e20c9ac7cd14838f3a98e	PASS	/root/rescripted_registry_n_review	english_source_context_family_review
item:item.supplementaries.bomb_projectile	sha256:359be5f850889fd1fec2febe58b390e171991bdc7a33e3a6535cd77b0d92903f	PASS	/root/rescripted_registry_n_review	english_source_context_family_review
item:item.supplementaries.bomb_spiky	sha256:1570b52aee9fcc4293ffe80a75143817015a2a193bb1c3ddb7cc680da3b342e1	PASS	/root/rescripted_registry_n_review	english_source_context_family_review
item:item.supplementaries.bomb_spiky_projectile	sha256:1570b52aee9fcc4293ffe80a75143817015a2a193bb1c3ddb7cc680da3b342e1	PASS	/root/rescripted_registry_n_review	english_source_context_family_review
item:item.supplementaries.botania/sign_post_dreamwood	sha256:45137cd7fcaa1ceace64bc3ffe234cd6d628db81449fe1b2168ecdebc31f2de7	PASS	/root/rescripted_registry_n_review	english_source_context_family_review
item:item.supplementaries.botania/sign_post_livingwood	sha256:179b2581176897ac54cfbec76f2499d16bb6e97b1ae5c86064dcd3783dc7f654	PASS	/root/rescripted_registry_n_review	english_source_context_family_review
item:item.supplementaries.bubble_blower	sha256:2a9f77ade27fcff59bc35f92f5cc9778d5ce1ddabc95f6c2fb4845af5e85ada6	PASS	/root/rescripted_registry_n_review	english_source_context_family_review
item:item.supplementaries.bunting	sha256:6dbb0b8dfa77c5b85b6e0f45cdc487e43a2f09cd629ea776d733701dec5378a8	PASS	/root/rescripted_registry_n_review	english_source_context_family_review
item:item.supplementaries.candy	sha256:c2d3bfa8443653d91c5848b16054010e37bb818135bcfc937da1884086c0db21	PASS	/root/rescripted_registry_n_review	english_source_context_family_review
item:item.supplementaries.confetti_popper	sha256:076d8a2c799045e4229f3b49c2ba3f58a98178d7545845d75b0a6b2fdf6189d4	PASS	/root/rescripted_registry_n_review	english_source_context_family_review
item:item.supplementaries.dispenser_minecart	sha256:4c362537933821a36a3e803ca36b86d730ea2d0822217737a59d75dfb51fd2a1	PASS	/root/rescripted_registry_n_review	english_source_context_family_review
item:item.supplementaries.dragon_banner_pattern	sha256:19a83599bd65544dddeede0cc8c2748b9fafa2bb1258520526f9587b7c057d8b	PASS	/root/rescripted_registry_n_review	english_source_context_family_review
item:item.supplementaries.eidolon/sign_post_illwood	sha256:9b0edc61538ae27f847a31cf889503747e7360b87c139b5b3aa4065358698904	PASS	/root/rescripted_registry_n_review	english_source_context_family_review
item:item.supplementaries.flax	sha256:81629dd6f277eebecea6f4ebeab0eb3b3b2881ae37b939e106b4271946a6d481	PASS	/root/rescripted_registry_n_review	english_source_context_family_review
item:item.supplementaries.flax_seeds	sha256:1e54f0d4cef3996d99f159aad83e86bb567cae9b9a4eb8220d12d0519bd26f19	PASS	/root/rescripted_registry_n_review	english_source_context_family_review
item:item.supplementaries.flute	sha256:90bd676e9f0637d559ff7ad379c7aea8e76b9af976dd49c3d347199979cf7078	PASS	/root/rescripted_registry_n_review	english_source_context_family_review
item:item.supplementaries.hat_stand	sha256:ec63fa038364b73183084a3799bd319e6c366aff13b4ba95520c8a69dca7d3ee	PASS	/root/rescripted_registry_n_review	english_source_context_family_review
item:item.supplementaries.key	sha256:99a52df3ff3d499488e2fa28150c4106a2cb5e928891a830a9aa3922b2d32160	PASS	/root/rescripted_registry_n_review	english_source_context_family_review
item:item.supplementaries.lumisene_bottle	sha256:6fb480cd6374b0fd0df032b1f314e1a95437e87ca4de3312c47d87c498931818	PASS	/root/rescripted_registry_n_review	english_source_context_family_review
item:item.supplementaries.lumisene_bucket	sha256:10b8ab083e4d2f3a8d94a80be67b12b48e43fead65708a5ea01ca34ef4c90cb1	PASS	/root/rescripted_registry_n_review	english_source_context_family_review
item:item.supplementaries.lunch_basket	sha256:6144fd6caaa5f2ffd6e99ad4f956cb360c604b4be913ed8691a8863dfc8efdb7	PASS	/root/rescripted_registry_n_review	english_source_context_family_review
item:item.supplementaries.music_disc_heave_ho	sha256:183dfbbaeb70e691a77a5cd80e9ea1b3d3b9e4d0120cac580c95499dd247bf9b	PASS	/root/rescripted_registry_n_review	english_source_context_family_review
item:item.supplementaries.palegardenbackport/sign_post_pale_oak	sha256:f82e177a3b7694799d207dd41b85ec855cbc59279b5a054936c583873db96642	PASS	/root/rescripted_registry_n_review	english_source_context_family_review
item:item.supplementaries.quiver	sha256:210b56c8d06acd330fcb201585c07eef5e4ebbcabd78ee3e04a4b0dfc56fc4be	PASS	/root/rescripted_registry_n_review	english_source_context_family_review
item:item.supplementaries.rope_arrow	sha256:9a784f254d2a8a036c2d9ee573b8e7d907ebf833bfbcb73cc140b0a991c31ec1	PASS	/root/rescripted_registry_n_review	english_source_context_family_review
item:item.supplementaries.sign_post_acacia	sha256:88f7fae0e7d9f4eecd63399bd0a9e9e4e311b9242f6fd1ca8a393e12353ff4d0	PASS	/root/rescripted_registry_n_review	english_source_context_family_review
item:item.supplementaries.sign_post_bamboo	sha256:6906ae5b161b92d4a7371de8263b72f6e27ab7dfe0641d469e99eb71bce02601	PASS	/root/rescripted_registry_n_review	english_source_context_family_review
item:item.supplementaries.sign_post_birch	sha256:1dec21b3c01c7301c668a01d70b3aaaf3b431824f8ae0536f9a6bbb4ce2ad551	PASS	/root/rescripted_registry_n_review	english_source_context_family_review
item:item.supplementaries.sign_post_cherry	sha256:cb7ccc0219fcd1688df2299434e1489229fb5aab147972a60486b68ce8d7779c	PASS	/root/rescripted_registry_n_review	english_source_context_family_review
item:item.supplementaries.sign_post_crimson	sha256:54ef9bf9a3876e7eb6145ccb7bfb617e7cbe244810d994fc40ed3575e3e2df81	PASS	/root/rescripted_registry_n_review	english_source_context_family_review
item:item.supplementaries.sign_post_dark_oak	sha256:b830a6de7ead8b8dea4238e1947630721dd3810da423dca83db13d2efc1ddeb7	PASS	/root/rescripted_registry_n_review	english_source_context_family_review
item:item.supplementaries.sign_post_jungle	sha256:8327d287660759f9b7f04ab2e977cfaeb5e780c549700953c2a135588958a1ab	PASS	/root/rescripted_registry_n_review	english_source_context_family_review
item:item.supplementaries.sign_post_mangrove	sha256:568bff3bb1ce6bda9383261312282818e7dfc9c26d0dd9612661b66ebd0886d4	PASS	/root/rescripted_registry_n_review	english_source_context_family_review
item:item.supplementaries.sign_post_oak	sha256:4d7a1cd1f23409dec91518ad4bd4aaa6c5954db0b4773e6da983ed4959625e2a	PASS	/root/rescripted_registry_n_review	english_source_context_family_review
item:item.supplementaries.sign_post_spruce	sha256:a3d516753fca1c5b546de6b47c638113dd97b8d92e8ea7f1b63f1b3a58f48b78	PASS	/root/rescripted_registry_n_review	english_source_context_family_review
item:item.supplementaries.sign_post_warped	sha256:12c67f437fda7123c9b353ad072f70ba29f15d47098ab4db62f05ddeb0b1709c	PASS	/root/rescripted_registry_n_review	english_source_context_family_review
item:item.supplementaries.slice_map	sha256:97967b941458352ef2d57bddf3263187e9d6bb6dd6c4e1390f8726f47b8aac6f	PASS	/root/rescripted_registry_n_review	english_source_context_family_review
item:item.supplementaries.slingshot	sha256:226f915e0ecadc2eba5e6e5cf533ddcc0c4195e128f559cf3ad0985d515139fa	PASS	/root/rescripted_registry_n_review	english_source_context_family_review
item:item.supplementaries.soap	sha256:8bc81bb8ff09d50ac512e7334b3fee7d0b48413262c3f5579af920caa5d6b8ef	PASS	/root/rescripted_registry_n_review	english_source_context_family_review
item:item.supplementaries.tconstruct/sign_post_bloodshroom	sha256:47c628c73ce015a59d14d4a27126c6d3ec29cff0e4d46c985320150912b2bb4f	PASS	/root/rescripted_registry_n_review	english_source_context_family_review
item:item.supplementaries.tconstruct/sign_post_enderbark	sha256:7306e085d45aba72df7feb5153951c0a9404725c1b12c05f95d613369eb63549	PASS	/root/rescripted_registry_n_review	english_source_context_family_review
item:item.supplementaries.tconstruct/sign_post_greenheart	sha256:c4c06d8be2d66c91b61a9292c3a6473543a4da4bfc331741c93c8e77b735aae8	PASS	/root/rescripted_registry_n_review	english_source_context_family_review
item:item.supplementaries.tconstruct/sign_post_skyroot	sha256:7278ae7ba2edb70d354bf127c5029c99bcc9b6172aed479f47c74e505fab55fb	PASS	/root/rescripted_registry_n_review	english_source_context_family_review
item:item.supplementaries.thermal/sign_post_rubberwood	sha256:cd7dc68b0cb27fedd22c937ee5d5c8fdfb6cfa29679383756196bc79b1e96585	PASS	/root/rescripted_registry_n_review	english_source_context_family_review
item:item.supplementaries.wrench	sha256:bcf057618e03ffa76cb77982edeb81e8ee18255f82f50762650e1b5a9b2e501d	PASS	/root/rescripted_registry_n_review	english_source_context_family_review
item:item.tconstruct.adze_head	sha256:834dd36709fc2e51e753e1c1b328d30623795e4fee6575a64abca2ca5fb5a483	PASS	/root/rescripted_registry_n_review	english_source_context_family_review
item:item.tconstruct.adze_head_cast	sha256:578fcd14c5ca4b03e6f67ffb78f925389a6b35a4f68b818db99865f4d095d912	PASS	/root/rescripted_registry_n_review	english_source_context_family_review
item:item.tconstruct.adze_head_red_sand_cast	sha256:d5b2d8c3ff5c5602b5b528bd5b1a21e6a7bff77786237a08468e8ccca722f7d7	PASS	/root/rescripted_registry_n_review	english_source_context_family_review
item:item.tconstruct.adze_head_sand_cast	sha256:f6acc87548e7ce9fde31d72ca8b37dedadbd4dd654660b9fab38ca41dbd9a7b2	PASS	/root/rescripted_registry_n_review	english_source_context_family_review
item:item.tconstruct.amethyst_bronze_ingot	sha256:8acd42f9aeb265b81f7f04d79f06984b3899414715e299931e59721481a8606e	PASS	/root/rescripted_registry_n_review	english_source_context_family_review
item:item.tconstruct.amethyst_bronze_nugget	sha256:b7f3a94fd006c09ff9fa3afa234877d1e242aa8b9f4dad2ee1c81f3218fed6c3	PASS	/root/rescripted_registry_n_review	english_source_context_family_review
item:item.tconstruct.bacon	sha256:bfcddcb062a30e8480f5547aab7cc1303ef1aff914af72bd80f6b1f127e2a2a1	PASS	/root/rescripted_registry_n_review	english_source_context_family_review
item:item.tconstruct.battlesign	sha256:2a7a76831562018cad78267e3998e3fbf3af0958ecbf586b932535b0f58d73a1	PASS	/root/rescripted_registry_n_review	english_source_context_family_review
item:item.tconstruct.beetroot_soup_bucket	sha256:7f8097f38bfd8fea68a6469862e3204ebc000425f6e4f7368b05ed21f5397595	PASS	/root/rescripted_registry_n_review	english_source_context_family_review
item:item.tconstruct.blank_red_sand_cast	sha256:371ada059485cc246bd86a8363313366528017bb3703d04b787ef5c52fa79b6f	PASS	/root/rescripted_registry_n_review	english_source_context_family_review
item:item.tconstruct.blank_sand_cast	sha256:55d6a4d9f0d2915f16aafcfb7331e663e872ebe5adccf67025de721c4b5d70f0	PASS	/root/rescripted_registry_n_review	english_source_context_family_review
item:item.tconstruct.blazing_blood_bucket	sha256:6f112d776cfe2efdccedb22f436af416bfc8da6ae040eb20e6c84d14e5ec2dcd	PASS	/root/rescripted_registry_n_review	english_source_context_family_review
item:item.tconstruct.blazing_bone	sha256:6bbbc024c300c22f2f71d954f78ab1bb9c7da5b2c5ac8760897ff48498c8af00	PASS	/root/rescripted_registry_n_review	english_source_context_family_review
item:item.tconstruct.blood_slime_grass_seeds	sha256:921e3f92df556ee96ac6b80945376c1d07a3972e0005d8a24cdae0ff21fe7577	PASS	/root/rescripted_registry_n_review	english_source_context_family_review
item:item.tconstruct.boots_plating	sha256:f4de7766e9a1c0ecca55f1ca867d41de9434514e8437d77d8597749d0b0af463	PASS	/root/rescripted_registry_n_review	english_source_context_family_review
item:item.tconstruct.boots_plating_cast	sha256:dc7d3749240e0fec035c5e72840dced3ac50d4694b553917d50e7c57b1b1c086	PASS	/root/rescripted_registry_n_review	english_source_context_family_review
item:item.tconstruct.boots_plating_dummy	sha256:c28aefaa4751a984a785689e926019560cddc9ffca56d888a94d64368e22b45e	PASS	/root/rescripted_registry_n_review	english_source_context_family_review
item:item.tconstruct.boots_plating_red_sand_cast	sha256:ca68f35138fe6cd642e8d608bfd2ed8bfd323e49ce6a2d8ddbb98d82d83bcd63	PASS	/root/rescripted_registry_n_review	english_source_context_family_review
item:item.tconstruct.boots_plating_sand_cast	sha256:d853fddcdd2237a11ed2f61e9b77f85895d08930d9559c3fb77189dad397f892	PASS	/root/rescripted_registry_n_review	english_source_context_family_review
item:item.tconstruct.bow_grip	sha256:f9b218036cb5cab506e3c07ec4d9b4f9b086df76a308fcb0b9b3efb2ee54f129	PASS	/root/rescripted_registry_n_review	english_source_context_family_review
item:item.tconstruct.bow_grip_cast	sha256:fe5a83d36bd9c6b4e3517fe2ac7785acbe6956798ac7eedc79b7a5417154f911	PASS	/root/rescripted_registry_n_review	english_source_context_family_review
item:item.tconstruct.bow_grip_red_sand_cast	sha256:efb32ec4106a5362807af70347f26ef5dd3279838ae5f91348dccedeb70adccb	PASS	/root/rescripted_registry_n_review	english_source_context_family_review
item:item.tconstruct.bow_grip_sand_cast	sha256:3dffb325812b8284b1d75e3f8a51b2ed06797dbd446cb1d987dd311a08434e83	PASS	/root/rescripted_registry_n_review	english_source_context_family_review
item:item.tconstruct.bow_limb	sha256:4da067b7ed7727d3a67eb1790e391f2f8248eecb42e03478bf59896af898c3da	PASS	/root/rescripted_registry_n_review	english_source_context_family_review
item:item.tconstruct.bow_limb_cast	sha256:e130fc044939b696ac176fe5f5a51a0a2f0f4fa069109ee0ff0129ee4fda5f46	PASS	/root/rescripted_registry_n_review	english_source_context_family_review
item:item.tconstruct.bow_limb_red_sand_cast	sha256:c4ff9bccd26dcd9a0af2bbdd44adebe759bd976e7fe2e3a4826ee340eaeec85b	PASS	/root/rescripted_registry_n_review	english_source_context_family_review
item:item.tconstruct.bow_limb_sand_cast	sha256:a6871bdc0e0e66f8766fe57b6b2fe02d74f4d8ce560ef92eb70353e8788b7d40	PASS	/root/rescripted_registry_n_review	english_source_context_family_review
item:item.tconstruct.bowstring	sha256:a5b77233388f56f34f8eb1675130d36c83e88a7e9ab9f313287f0a2f9ddc89d2	PASS	/root/rescripted_registry_n_review	english_source_context_family_review
item:item.tconstruct.broad_axe	sha256:167281fd1d4e526c9aab6cd605e29ede458d5be2dde2f052fa963db36de2e8b0	PASS	/root/rescripted_registry_n_review	english_source_context_family_review
item:item.tconstruct.broad_axe_head	sha256:7014aeeb04ab7f736a2a8c18a35afb8d33d036eef2d76deab4556be3d3cd9786	PASS	/root/rescripted_registry_n_review	english_source_context_family_review
item:item.tconstruct.broad_axe_head_cast	sha256:4e740bc40ff4c25fa96ff600af3a4cf873e517f9f258dfe0d19f5213c86187ec	PASS	/root/rescripted_registry_n_review	english_source_context_family_review
item:item.tconstruct.broad_axe_head_red_sand_cast	sha256:1b77b0def932af535390b51a01c2618ad5e18300b9c6af72db2198536260b2dc	PASS	/root/rescripted_registry_n_review	english_source_context_family_review
item:item.tconstruct.broad_axe_head_sand_cast	sha256:cfdfa94ce6e5484d04da1f276ad117f548cf1c86c208031d2b53e87316d5d497	PASS	/root/rescripted_registry_n_review	english_source_context_family_review
item:item.tconstruct.broad_blade	sha256:0f128d58cc33bb990850f861a70b139d3da85abc795974be073cec8bd508e2a9	PASS	/root/rescripted_registry_n_review	english_source_context_family_review
item:item.tconstruct.broad_blade_cast	sha256:aa57f99a5d39cb3134b379939cb55fed00f2e446e74d4aba337ad809603e1880	PASS	/root/rescripted_registry_n_review	english_source_context_family_review
item:item.tconstruct.broad_blade_red_sand_cast	sha256:2f815e6087820c9aac7a9ee60330d845ff3df199ed05a73a22853c884239cfb8	PASS	/root/rescripted_registry_n_review	english_source_context_family_review
item:item.tconstruct.broad_blade_sand_cast	sha256:d3dd4c87a26b03335e9e33187a6093c3bef76c79781c205ceeaa5c875154d2b7	PASS	/root/rescripted_registry_n_review	english_source_context_family_review
item:item.tconstruct.cheese_ingot	sha256:6e5a59d4fd56f798e609d28e3d6300b2d80bfbb76d27711c0c24006a129d4e17	PASS	/root/rescripted_registry_n_review	english_source_context_family_review
item:item.tconstruct.chestplate_plating	sha256:33c3c3a263c738a79aa4ff4f807d8d2856da1067f0c41c57784499a42d2b52b8	PASS	/root/rescripted_registry_n_review	english_source_context_family_review
item:item.tconstruct.chestplate_plating_cast	sha256:cbdb61bf22e3a6a25a412d229cc25dbacf764a8e5efdaf7e873d50dc920dd90f	PASS	/root/rescripted_registry_n_review	english_source_context_family_review
item:item.tconstruct.chestplate_plating_dummy	sha256:6c2dbe0452c58f8d8a252a8dce0f093f7f30ed9e949bd055ef6ea8f1b560de03	PASS	/root/rescripted_registry_n_review	english_source_context_family_review
item:item.tconstruct.chestplate_plating_red_sand_cast	sha256:99280b88451a18666a2017f492936ae0ededd4085cd479b6b0f79602c2034a82	PASS	/root/rescripted_registry_n_review	english_source_context_family_review
item:item.tconstruct.chestplate_plating_sand_cast	sha256:baef05629a34b81cac107e319bcce621d910324e913a757f1b3b886f33e7b31f	PASS	/root/rescripted_registry_n_review	english_source_context_family_review
item:item.tconstruct.cinderslime_ingot	sha256:520af63b29bfe1b2ed514734bd10c86f99388df26965f6a535a4f1abaabc0aec	PASS	/root/rescripted_registry_n_review	english_source_context_family_review
item:item.tconstruct.cinderslime_nugget	sha256:d551addb3ddf50182a756c441c29103e016d1454f03171559e49d8e6b2739a83	PASS	/root/rescripted_registry_n_review	english_source_context_family_review
item:item.tconstruct.clear_item_frame	sha256:cdba8ecb810a95c2e7a93b0a45f459f0e18563f54b9de3e028df7e554f6d2185	PASS	/root/rescripted_registry_n_review	english_source_context_family_review
item:item.tconstruct.cleaver	sha256:e50e0412f836e22ac959ce68ef057acb7a6f6bb2a7ee300c9f40e829036073af	PASS	/root/rescripted_registry_n_review	english_source_context_family_review
item:item.tconstruct.cobalt_ingot	sha256:8d544dba0c372c26b08af1658a96779c9b32f1f935ef4b7a245c42f99a635e67	PASS	/root/rescripted_registry_n_review	english_source_context_family_review
item:item.tconstruct.cobalt_nugget	sha256:60eaf4896a7d707621396ffc44eb7ff55832cbf9486962a5e02f508b3ccd700c	PASS	/root/rescripted_registry_n_review	english_source_context_family_review
item:item.tconstruct.cobalt_reinforcement	sha256:670e8ebd05055b0b22e44d76cd5d05170054faf2479b1f3f27d586f416a732df	PASS	/root/rescripted_registry_n_review	english_source_context_family_review
item:item.tconstruct.coin_cast	sha256:77ccb4d4b72afe8e88fec1a655a69fae43e401c5643234630a992b33fea81b8a	PASS	/root/rescripted_registry_n_review	english_source_context_family_review
item:item.tconstruct.coin_red_sand_cast	sha256:24dba21b556b3d42e984cb1318fb808e3fcac2793a197b73e4cc568ead7ec876	PASS	/root/rescripted_registry_n_review	english_source_context_family_review
item:item.tconstruct.coin_sand_cast	sha256:e2a8554207fd98c8ceb839514d4198ebf851be58fa023a5e20e689c772cdb790	PASS	/root/rescripted_registry_n_review	english_source_context_family_review
item:item.tconstruct.copper_can	sha256:1b875f537a6f479ef251f9e8dd067c520280731edf6e6245acc3076bc52bacbe	PASS	/root/rescripted_registry_n_review	english_source_context_family_review
item:item.tconstruct.copper_nugget	sha256:5c59bf72021dc5fba7adacff9a7d884deb79aca5ee9be7f52e78272959d1e870	PASS	/root/rescripted_registry_n_review	english_source_context_family_review
item:item.tconstruct.creative_slot	sha256:b6ad307c5980e67481a815f830b0b06acb2db986d2dd6a18c2b5f683146fa163	PASS	/root/rescripted_registry_n_review	english_source_context_family_review
item:item.tconstruct.crossbow	sha256:44f05d34905904b1f30acedd9cecd321b5b0e88f95dff561c54524716f50ed3c	PASS	/root/rescripted_registry_n_review	english_source_context_family_review
item:item.tconstruct.crystalshot	sha256:746a03330a4f801748dd3d49380b30d45e144108ec4cda468b0e6f8d95658028	PASS	/root/rescripted_registry_n_review	english_source_context_family_review
item:item.tconstruct.dagger	sha256:5679daa7c55dde153a0e3f2e5d7c5318f149fa10716a7d874fa97e46639426a3	PASS	/root/rescripted_registry_n_review	english_source_context_family_review
item:item.tconstruct.debris_nugget	sha256:12c1e7002d3dcc41ff4921a9cc63a8c80aca7ecce9f3c7d26f939428c7275a29	PASS	/root/rescripted_registry_n_review	english_source_context_family_review
item:item.tconstruct.diamond_item_frame	sha256:d66c0492919ef9f6d942d778570bae77790d1b740b3f7fc2be6bd2ae4a96602c	PASS	/root/rescripted_registry_n_review	english_source_context_family_review
item:item.tconstruct.dragon_scale	sha256:4cc5a838678e870de20ac14a75367f86511bf66b4bddb8573f3f4a831ed943b1	PASS	/root/rescripted_registry_n_review	english_source_context_family_review
item:item.tconstruct.earth_slime_bottle	sha256:6b3ea52342f4e5e1219d0eac5cad7a7dd9b4c83b3fef508340464f464a2ad1b7	PASS	/root/rescripted_registry_n_review	english_source_context_family_review
item:item.tconstruct.earth_slime_bucket	sha256:94fac1038573484c3474120929537116cdef34959beab372f0b5a62f3cdda837	PASS	/root/rescripted_registry_n_review	english_source_context_family_review
item:item.tconstruct.earth_slime_crystal	sha256:78b0381b891823c79bb432712fb84a724856f918f247db31e9da08e545d348a8	PASS	/root/rescripted_registry_n_review	english_source_context_family_review
item:item.tconstruct.earth_slime_grass_seeds	sha256:4f2cc38f9d77a31d4d1388485349d14a33f98662f3e3bac0e82fdf930604fdd2	PASS	/root/rescripted_registry_n_review	english_source_context_family_review
item:item.tconstruct.earth_staff	sha256:4ed18cdbd9c3fb83c2772fa3451a69846e715e8c61052b2e3600c51f10889fa1	PASS	/root/rescripted_registry_n_review	english_source_context_family_review
item:item.tconstruct.efln_ball	sha256:6f8003dcc96b66f98a56a1aa6c831a6e74995f8f4a2e6edccb7575c00daf24ca	PASS	/root/rescripted_registry_n_review	english_source_context_family_review
item:item.tconstruct.emerald_reinforcement	sha256:98ec9460ab96d853f3256639ae0cf16e73448605608cf407300457deb0a46da8	PASS	/root/rescripted_registry_n_review	english_source_context_family_review
item:item.tconstruct.encyclopedia	sha256:02e1c17ecc7116f5986d5fb903f002116425c852c075826112de3ad90782d52f	PASS	/root/rescripted_registry_n_review	english_source_context_family_review
item:item.tconstruct.ender_slime_ball	sha256:d16001f54981ae9787c66b38876321f0fa04d1443a1a3a91f07991b56a2e1f5b	PASS	/root/rescripted_registry_n_review	english_source_context_family_review
item:item.tconstruct.ender_slime_bottle	sha256:21322e9154e7c5f2ec54c8e6f36350cd0fa6d044dc935af9e01ceef59934f7bd	PASS	/root/rescripted_registry_n_review	english_source_context_family_review
item:item.tconstruct.ender_slime_bucket	sha256:55e1cd2dc1ecefcfac9edaaa3addfbbb2f046e5953e4497439d32225ebd78abd	PASS	/root/rescripted_registry_n_review	english_source_context_family_review
item:item.tconstruct.ender_slime_crystal	sha256:999334b47bb200e111160dc50de3e5d3d5272e5612c4f5197c5a774875d74d53	PASS	/root/rescripted_registry_n_review	english_source_context_family_review
item:item.tconstruct.ender_slime_grass_seeds	sha256:8e78776a672d59d35b4cc5efc7a30ad2bf8a086e2fc6afaba3531e5565ec10da	PASS	/root/rescripted_registry_n_review	english_source_context_family_review
item:item.tconstruct.ender_slime_spawn_egg	sha256:8f1c5411e62efcf5b5bc49d49018d2a6255150c72b876e409eb108b853902220	PASS	/root/rescripted_registry_n_review	english_source_context_family_review
item:item.tconstruct.ender_staff	sha256:a1b8a566e5dea30f93f31edb226526cfd4147b894a68829e9beb82848307da0f	PASS	/root/rescripted_registry_n_review	english_source_context_family_review
item:item.tconstruct.excavator	sha256:a3f8f3079ec09c5666cab93b0df368be3df31bfdadea36f940e0080e6efb3572	PASS	/root/rescripted_registry_n_review	english_source_context_family_review
item:item.tconstruct.fantastic_foundry	sha256:c893b2f92a7f773274e87e72353727f7292edf42a4ab965f466b55010b4ae2dd	PASS	/root/rescripted_registry_n_review	english_source_context_family_review
item:item.tconstruct.flint_and_brick	sha256:b96a6d24d4db0e5f42c16463948c19f5fa312230efd8c6dd8bbb48adda78cbb4	PASS	/root/rescripted_registry_n_review	english_source_context_family_review
item:item.tconstruct.flint_shuriken	sha256:a87d117559647b4e15fdeb8336a1db0c4a31fa53e0714787f2a3f08f499042f5	PASS	/root/rescripted_registry_n_review	english_source_context_family_review
item:item.tconstruct.gear_cast	sha256:9ec2b4db9374b38475b107ac75c287193c9a145c6dc8e31f0509c82ca547d112	PASS	/root/rescripted_registry_n_review	english_source_context_family_review
item:item.tconstruct.gear_red_sand_cast	sha256:dba6552393dad59d4a75f74ee4a06cdf5f995e02a013b9bd9aa21fdb946bb488	PASS	/root/rescripted_registry_n_review	english_source_context_family_review
item:item.tconstruct.gear_sand_cast	sha256:199bc95f6407165f6a15a1e5bf4318260d32c17dbf3f98a2c52a5ebaa8a449ba	PASS	/root/rescripted_registry_n_review	english_source_context_family_review
item:item.tconstruct.gem_cast	sha256:22f82f455b7d48184d1b5fe3b76a5667c3e2f6b2eabca529d463ed51558f3424	PASS	/root/rescripted_registry_n_review	english_source_context_family_review
item:item.tconstruct.gem_red_sand_cast	sha256:12eb2afbe17fe7760ff553f83d429960781e8060bdfd2dc403ac92e307694217	PASS	/root/rescripted_registry_n_review	english_source_context_family_review
item:item.tconstruct.gem_sand_cast	sha256:8ba9da5362f1299100a823fc79e9e35fb61e1d1b0aff3a892d76abee2ed7d2a6	PASS	/root/rescripted_registry_n_review	english_source_context_family_review
item:item.tconstruct.glow_ball	sha256:4136e113cbf1d24788a3e0d609eb3acbda5ca41344812e8b7795f62180386b07	PASS	/root/rescripted_registry_n_review	english_source_context_family_review
item:item.tconstruct.gold_item_frame	sha256:941af542ec0adfaf8aeecb0c87f5a45f269fccfd1ff6279ba76004ec2da27392	PASS	/root/rescripted_registry_n_review	english_source_context_family_review
item:item.tconstruct.gold_reinforcement	sha256:dcfb5c4526b65391db26f3d163cc85afc76f9efd730a2ab07fec8a7f41fb43f8	PASS	/root/rescripted_registry_n_review	english_source_context_family_review
item:item.tconstruct.hammer_head	sha256:a7a48a746393d9e9eeac54e564b9533713d39d7498d7861ba2a8b14dee2d9831	PASS	/root/rescripted_registry_n_review	english_source_context_family_review
item:item.tconstruct.hammer_head_cast	sha256:2252f5d4d1ccc67f23a34de4a894ebf2e9553bae190db0c0809d2ef6e4ae72ee	PASS	/root/rescripted_registry_n_review	english_source_context_family_review
item:item.tconstruct.hammer_head_red_sand_cast	sha256:d550f542073cd266b03c1b11210220dad0c30a00d135c5d608d8468eff276acf	PASS	/root/rescripted_registry_n_review	english_source_context_family_review
item:item.tconstruct.hammer_head_sand_cast	sha256:18afa9ac9b1586e66d87332cbab1c61ffb5ddb99f4f9240085f7eb91bf713560	PASS	/root/rescripted_registry_n_review	english_source_context_family_review
item:item.tconstruct.hand_axe	sha256:c600613067cb9953be49ac98f0fa0f2b219159b771499110bd307781e2a747d4	PASS	/root/rescripted_registry_n_review	english_source_context_family_review
item:item.tconstruct.helmet_plating	sha256:742c792b1c9f63726639509b387a93a849a7bc0f1a734b2e8ce931b8e2ecc684	PASS	/root/rescripted_registry_n_review	english_source_context_family_review
item:item.tconstruct.helmet_plating_cast	sha256:833f74f279ef869cc7438fe0b17539c4a6199fc67b492160c60946d92b7f9312	PASS	/root/rescripted_registry_n_review	english_source_context_family_review
item:item.tconstruct.helmet_plating_dummy	sha256:4284e77051cb7503fce36d7e7aed490bf1b412b47967f0a4ad11b31ada6a21a4	PASS	/root/rescripted_registry_n_review	english_source_context_family_review
item:item.tconstruct.helmet_plating_red_sand_cast	sha256:b4b6fdea426ee6ad258260a39ccad4fe97a9c8604f36d8a373c376811bf4132f	PASS	/root/rescripted_registry_n_review	english_source_context_family_review
item:item.tconstruct.helmet_plating_sand_cast	sha256:3b9768d403301e6881f1fb1474b5e277a6b2ad07e7626f273eb7cc4d63e5f0b3	PASS	/root/rescripted_registry_n_review	english_source_context_family_review
item:item.tconstruct.hepatizon_ingot	sha256:d5a7db72b70ba9be066d8f111d0ab0aa17b3f841cf43646167b7082104853873	PASS	/root/rescripted_registry_n_review	english_source_context_family_review
item:item.tconstruct.hepatizon_nugget	sha256:f6c516474678ffd3d274f803c652ade0eb900e166f9bcfba5183ab1dc694a873	PASS	/root/rescripted_registry_n_review	english_source_context_family_review
item:item.tconstruct.honey_bucket	sha256:29dc59dba4f9df593c0bc9fe99b2f2c37724c809a706a3d2eb8d9e4d7ac37043	PASS	/root/rescripted_registry_n_review	english_source_context_family_review
item:item.tconstruct.ichor_bucket	sha256:cbb2e10201027ff2e73e67e4ea3f7f656d47b1f55ce64616fee22cc48a74fc68	PASS	/root/rescripted_registry_n_review	english_source_context_family_review
item:item.tconstruct.ichor_slime_ball	sha256:7ec361773913fd777876e7d7f428a75bd2ae505231d4fb9081ae598ed086e7ff	PASS	/root/rescripted_registry_n_review	english_source_context_family_review
item:item.tconstruct.ichor_slime_bottle	sha256:4f84dfb1465349d3d69d5b69dc40c160dc6296b2bc966d852319fdb585517f00	PASS	/root/rescripted_registry_n_review	english_source_context_family_review
item:item.tconstruct.ichor_slime_crystal	sha256:ce334089767c3c2453b16ae479ac3d21ee2b6d21633e0f1ff0dfabda75bba367	PASS	/root/rescripted_registry_n_review	english_source_context_family_review
item:item.tconstruct.ichor_slime_grass_seeds	sha256:7d9e2bd6bde611230cc2f125bc8efa602602d8917b0d93e95ac1f1d71a6ad48d	PASS	/root/rescripted_registry_n_review	english_source_context_family_review
item:item.tconstruct.ichor_staff	sha256:dff521c5d6707e9bc9d80ae61fad0f0de65d805ee27c3c3908ad262b99a7e5db	PASS	/root/rescripted_registry_n_review	english_source_context_family_review
item:item.tconstruct.ingot_cast	sha256:15937912cd3da10a98d15a13aa9ffc49972f4ced382f397c1c83db59f174e29a	PASS	/root/rescripted_registry_n_review	english_source_context_family_review
item:item.tconstruct.ingot_red_sand_cast	sha256:9c59a2ab254d7bb7a3cd4c1bb478d969c48ad8e887deb81ed02792ffd2aaf25b	PASS	/root/rescripted_registry_n_review	english_source_context_family_review
item:item.tconstruct.ingot_sand_cast	sha256:8d2e69421441983bf0d05682de48b962a4c2d73ab4e1816d95e34448a5b3346c	PASS	/root/rescripted_registry_n_review	english_source_context_family_review
item:item.tconstruct.iron_reinforcement	sha256:3b8f6a4015f1bbdb7d9ad4e0b7d1d681746c672cb1cbaeaf2f54034230341fd4	PASS	/root/rescripted_registry_n_review	english_source_context_family_review
item:item.tconstruct.jeweled_apple	sha256:d77a27a4e26896f77703058316a4ee4e2e00b6ce123fb4f6f5e16034e2ef24a5	PASS	/root/rescripted_registry_n_review	english_source_context_family_review
item:item.tconstruct.kama	sha256:272ec1acd3f76a00b2afaabf5518e2b0705e129172cc283a8c51da73b9a708cd	PASS	/root/rescripted_registry_n_review	english_source_context_family_review
item:item.tconstruct.knightslime_ingot	sha256:128242a1bdc8004e32cb631560f7793e721d623a62cf261ddd14e68cc593e933	PASS	/root/rescripted_registry_n_review	english_source_context_family_review
item:item.tconstruct.knightslime_nugget	sha256:b190297c3e2cb381f085e09c5820f95c4a86bf9d601d0d602338852493dee0a7	PASS	/root/rescripted_registry_n_review	english_source_context_family_review
item:item.tconstruct.large_plate	sha256:47a273a6d47823fddfa659ed460ff12992263dcd964d214548462a7438477588	PASS	/root/rescripted_registry_n_review	english_source_context_family_review
item:item.tconstruct.large_plate_cast	sha256:518ea364a510f29884e949e1b747102db6f7d6ac60212bb3c6dfa2dac5faeb53	PASS	/root/rescripted_registry_n_review	english_source_context_family_review
item:item.tconstruct.large_plate_red_sand_cast	sha256:184bd186f73934e920e9286912e6bdb040e9a5054e2f381a634c705db986841a	PASS	/root/rescripted_registry_n_review	english_source_context_family_review
item:item.tconstruct.large_plate_sand_cast	sha256:7e62823ec1b2060291b962551512dd5f78b5ac9a155d62046e8f43427ad67699	PASS	/root/rescripted_registry_n_review	english_source_context_family_review
item:item.tconstruct.leggings_plating	sha256:5db221320e1cf4a5ae863cceb14e892dc5a4048bef90751f13d0e937fba9a9c3	PASS	/root/rescripted_registry_n_review	english_source_context_family_review
item:item.tconstruct.leggings_plating_cast	sha256:95f6ccb4c15b321652d59516e802da5e61a59969f9ff4a294ef6cf6e032aeeba	PASS	/root/rescripted_registry_n_review	english_source_context_family_review
item:item.tconstruct.leggings_plating_dummy	sha256:46acd8c6de3663405af5654ed40f63c8cc6997b44687c563daa9a4e622ee95d8	PASS	/root/rescripted_registry_n_review	english_source_context_family_review
item:item.tconstruct.leggings_plating_red_sand_cast	sha256:c901f199bbb3782aedcdb13ca5e0fe17a05ab75d08b6f90468e8b49213e20ccc	PASS	/root/rescripted_registry_n_review	english_source_context_family_review
item:item.tconstruct.leggings_plating_sand_cast	sha256:ad51cfa39780fb0d483d9c26b1130b80cc1228793e373a33aa8f2764dfbf8a39	PASS	/root/rescripted_registry_n_review	english_source_context_family_review
item:item.tconstruct.lingering_bottle	sha256:0ca004e079be16dc4b3abe4828b6e6d34d002a777a8a79663f81e71c853c36ee	PASS	/root/rescripted_registry_n_review	english_source_context_family_review
item:item.tconstruct.liquid_soul_bucket	sha256:cd665bde32587cb9d0f125acb83d0775926b5b8dba8d659c9aaccad1ec76142a	PASS	/root/rescripted_registry_n_review	english_source_context_family_review
item:item.tconstruct.longbow	sha256:31b2fb624d3698dffd5bbe3001d40405e3a867822425811d7917863db0ab5615	PASS	/root/rescripted_registry_n_review	english_source_context_family_review
item:item.tconstruct.magma_bottle	sha256:a0d2d8a0076f6feba557a4533eefcd0024c8c3518b904d86b5f6c6bc2935db0b	PASS	/root/rescripted_registry_n_review	english_source_context_family_review
item:item.tconstruct.magma_bucket	sha256:bbd8fa9e6bff52af1a8d52445c2e4dde21a2d291a4db4a6194a3c6ee31f80a07	PASS	/root/rescripted_registry_n_review	english_source_context_family_review
item:item.tconstruct.maille	sha256:971a4b4268ddb9ceeafb9aebb70164cc63f9c8107cbb543ff55c1db5fcdbdbac	PASS	/root/rescripted_registry_n_review	english_source_context_family_review
item:item.tconstruct.maille_cast	sha256:8e87fd41eb0fd3b4bdb7aa081ad50ec5c321d80cbf9301130c0b7669af552ea8	PASS	/root/rescripted_registry_n_review	english_source_context_family_review
item:item.tconstruct.maille_red_sand_cast	sha256:cd11dbc9e8e00355b9e0634ccfca308e8139b3c247546fe92fe67e0ab86fa189	PASS	/root/rescripted_registry_n_review	english_source_context_family_review
item:item.tconstruct.maille_sand_cast	sha256:2041cf14a7f416b4ec26a13c111f06ba5353bd00aedfcd055ab44a0acb82773f	PASS	/root/rescripted_registry_n_review	english_source_context_family_review
item:item.tconstruct.manyullyn_ingot	sha256:7605f61061dabef1027ede37d236aa02ae689ce4396006c35fd189e97f988caf	PASS	/root/rescripted_registry_n_review	english_source_context_family_review
item:item.tconstruct.manyullyn_item_frame	sha256:60a1249d3ed683168f147e5d967d1ba38a2df36e16e6426dc1f45f69d84f32de	PASS	/root/rescripted_registry_n_review	english_source_context_family_review
item:item.tconstruct.manyullyn_nugget	sha256:a5c3770402c141ea3f9f253b9d70c6ee5211ba8574ef4db66b371c9aa2420cf0	PASS	/root/rescripted_registry_n_review	english_source_context_family_review
item:item.tconstruct.materials_and_you	sha256:c8ec458925ad995e80a7c904bbdece5b243260ff0792094cc6a4bb7a1c3c6092	PASS	/root/rescripted_registry_n_review	english_source_context_family_review
item:item.tconstruct.mattock	sha256:7ec35d7fea15bca985de59b3ee593e75c118383a1ff32175e211b3bca23c3db0	PASS	/root/rescripted_registry_n_review	english_source_context_family_review
item:item.tconstruct.meat_soup	sha256:060905aa32408a08a7f61080128caffb4f8661864d039f1e3546604c3fab27c8	PASS	/root/rescripted_registry_n_review	english_source_context_family_review
item:item.tconstruct.meat_soup_bucket	sha256:15cbaafb71725fe6cf464268cf1a40dceaa5b18a214d02ce910c0d8ab0e9db4a	PASS	/root/rescripted_registry_n_review	english_source_context_family_review
item:item.tconstruct.melting_pan	sha256:23d1be83de426dce10300ec71ad6bd99ab9281690cfb55927fbf515c7984df3c	PASS	/root/rescripted_registry_n_review	english_source_context_family_review
item:item.tconstruct.mighty_smelting	sha256:8f9a06d492880bbfb25c6a82aa98d06df2ddf05084342f0d7ace3700a2c52ccc	PASS	/root/rescripted_registry_n_review	english_source_context_family_review
item:item.tconstruct.modifier_crystal	sha256:cd0628fe827c58c34030673457d5a13cb61238ec0f20e684321aa06644d92c95	PASS	/root/rescripted_registry_n_review	english_source_context_family_review
item:item.tconstruct.molten_aluminum_bucket	sha256:47fc70f056cff7de9229debc8c003f571adb68e7f4ea5fe665e6346cc7db065b	PASS	/root/rescripted_registry_n_review	english_source_context_family_review
item:item.tconstruct.molten_amethyst_bronze_bucket	sha256:efeef313068ddeb9b7bfa3ce00002d2190ad5dfe25e3403bb046bcfb9f779717	PASS	/root/rescripted_registry_n_review	english_source_context_family_review
item:item.tconstruct.molten_amethyst_bucket	sha256:421d2712f89002761f9fe438a6489be2e4067c08ddb9b104c9e223b9dce01349	PASS	/root/rescripted_registry_n_review	english_source_context_family_review
item:item.tconstruct.molten_brass_bucket	sha256:24e8df85ce8f371b6e5e600203787e04c51f2b76403698fb255d43572a78e9e5	PASS	/root/rescripted_registry_n_review	english_source_context_family_review
item:item.tconstruct.molten_bronze_bucket	sha256:ffaca696d1ea0d72527eeb0b08aa5d279c58f8263a785bc6ddd54928a4e9df8b	PASS	/root/rescripted_registry_n_review	english_source_context_family_review
item:item.tconstruct.molten_cinderslime_bucket	sha256:91e36d1ddbc6af793f821db305ab007b14eb6d2693c30b43428e2b146469aded	PASS	/root/rescripted_registry_n_review	english_source_context_family_review
item:item.tconstruct.molten_clay_bucket	sha256:5951f1eb9ac16e52a1002ab6cce6c8fced3bfa7d9d721a4ba694e48204f037cf	PASS	/root/rescripted_registry_n_review	english_source_context_family_review
item:item.tconstruct.molten_cobalt_bucket	sha256:d7b3d0fd47a29f00566f230f9a1c6c3b2d64740a6bc5acdd37bcf475378b6a40	PASS	/root/rescripted_registry_n_review	english_source_context_family_review
item:item.tconstruct.molten_constantan_bucket	sha256:d24a4405ea26c785bfdba0507505f0831d77a5024f9be230152531d732041388	PASS	/root/rescripted_registry_n_review	english_source_context_family_review
item:item.tconstruct.molten_copper_bucket	sha256:a0ae3a6d3daae024120cfd74298b5cafd6a26bae08c77625d6f55ceca0b204c3	PASS	/root/rescripted_registry_n_review	english_source_context_family_review
item:item.tconstruct.molten_debris_bucket	sha256:3182c19aec8b24f8c533000dafc49b138a562131b4116a320b37026455001afc	PASS	/root/rescripted_registry_n_review	english_source_context_family_review
item:item.tconstruct.molten_diamond_bucket	sha256:b4ff3fbf461fa527183b5357a1ecf96d0533b53312f1bf89033db90c97c5c815	PASS	/root/rescripted_registry_n_review	english_source_context_family_review
item:item.tconstruct.molten_electrum_bucket	sha256:bb9b4aa305eb59fe2f70f9ddacaa8d2827aa45c98dd413493d11b75fd844b9eb	PASS	/root/rescripted_registry_n_review	english_source_context_family_review
item:item.tconstruct.molten_emerald_bucket	sha256:f74d8ebd7dd12af4bc5be2a985f2028e09f3b6306c5eccaa1459c9aa2d9e51e7	PASS	/root/rescripted_registry_n_review	english_source_context_family_review
item:item.tconstruct.molten_ender_bucket	sha256:b789f15d69bb06aa459d4fc61e3d81b38c02ead2d8629ab3b323c355d92b9c2d	PASS	/root/rescripted_registry_n_review	english_source_context_family_review
item:item.tconstruct.molten_enderium_bucket	sha256:7154630304c0ef1bca441c75f3748d0e004bb2abbd4dc64e4a30216eab29d8e3	PASS	/root/rescripted_registry_n_review	english_source_context_family_review
item:item.tconstruct.molten_glass_bucket	sha256:d450f87bb1704a7b5467a226dd260305f413aae137a1d9c76d52568a37601f14	PASS	/root/rescripted_registry_n_review	english_source_context_family_review
item:item.tconstruct.molten_gold_bucket	sha256:793a3175965f8c8c14f4f6f5f0fe82b12a57636b76a4944cb71b28d69c6beaf3	CHANGE	/root/rescripted_registry_n_review	english_source_context_family_review
item:item.tconstruct.molten_hepatizon_bucket	sha256:6de68325089431116d57f117a36918e7be482f3d53ac1f4c607b48ccce78f0a7	PASS	/root/rescripted_registry_n_review	english_source_context_family_review
item:item.tconstruct.molten_invar_bucket	sha256:4f1dc6ec559428def06ae6f85f53bed819c27e1e4e35c716abe3cabbb5d89c8f	PASS	/root/rescripted_registry_n_review	english_source_context_family_review
item:item.tconstruct.molten_iron_bucket	sha256:6d641f094d7b0f0ad37dcaec7c3d91fafd07f061199007445aaab04c772e789b	PASS	/root/rescripted_registry_n_review	english_source_context_family_review
item:item.tconstruct.molten_knightslime_bucket	sha256:c37d82a1bbb15d3e24304108011f552c21ecf0692e76a362c3c2654554f240c6	PASS	/root/rescripted_registry_n_review	english_source_context_family_review
item:item.tconstruct.molten_lead_bucket	sha256:d7dd3f7937865e5f67a7a1e7656e82dc1d0e3708656b32b50a582e42ab732760	PASS	/root/rescripted_registry_n_review	english_source_context_family_review
item:item.tconstruct.molten_lumium_bucket	sha256:1729cda6d680255a5305e442fa14198c3144b2fd00c5529ff33ed51b59b2a39b	PASS	/root/rescripted_registry_n_review	english_source_context_family_review
item:item.tconstruct.molten_manyullyn_bucket	sha256:15f8326f3bf5fc458fabb74a3300cbb0f783b703f94797b6bafc857ad4e5c17a	PASS	/root/rescripted_registry_n_review	english_source_context_family_review
item:item.tconstruct.molten_netherite_bucket	sha256:a09b1ceb0b6ee96ae2a184eb9d7a4a995f013b3a7a99b3f2af2bcaf076545f2e	PASS	/root/rescripted_registry_n_review	english_source_context_family_review
item:item.tconstruct.molten_nickel_bucket	sha256:763996e88876d73a35bda3331c61a5e060c40fdd05da41b8a6a738008e438c2a	PASS	/root/rescripted_registry_n_review	english_source_context_family_review
item:item.tconstruct.molten_obsidian_bucket	sha256:6b2f463e8a5ff7ffe3ff4208c4019d248b1f796eecfeea7f189cf6e1e9c1ef83	PASS	/root/rescripted_registry_n_review	english_source_context_family_review
item:item.tconstruct.molten_osmium_bucket	sha256:f1047f2c4f61c7540b8b110ed95b2dc8c1ae96ca58f421c88ab6a687c934a23f	PASS	/root/rescripted_registry_n_review	english_source_context_family_review
item:item.tconstruct.molten_pewter_bucket	sha256:e8323ec1d97d30ec252e170080c7df93181bfa0c2996d813ba73c87bbecd95a5	CHANGE	/root/rescripted_registry_n_review	english_source_context_family_review
item:item.tconstruct.molten_pig_iron_bucket	sha256:02be1e6eedac1fe16c4f95d42ac7efec9b0ff80fcb964601ebd57a5f21451cfd	PASS	/root/rescripted_registry_n_review	english_source_context_family_review
item:item.tconstruct.molten_platinum_bucket	sha256:2d9e3870eac31c47bd20d53778e223326e7a3f6d4f4da612d220917c98c16a48	PASS	/root/rescripted_registry_n_review	english_source_context_family_review
item:item.tconstruct.molten_porcelain_bucket	sha256:2e8ce1aa267298d93769b35efca613104cc947858110e346e72d0c5dfe649041	PASS	/root/rescripted_registry_n_review	english_source_context_family_review
item:item.tconstruct.molten_quartz_bucket	sha256:c73a59be6868b66fb1efee3549bee25f73454167d265730228d562add9f0d0a5	PASS	/root/rescripted_registry_n_review	english_source_context_family_review
item:item.tconstruct.molten_queens_slime_bucket	sha256:ce7ae55862a58b86143d27fa4a6534766476b043cdc138ebcc84a646a6486541	PASS	/root/rescripted_registry_n_review	english_source_context_family_review
item:item.tconstruct.molten_refined_glowstone_bucket	sha256:9ad241b0320e3912ff1cf343a69ba7ab8deaebc0c1a0c921e822fe5a8469361a	PASS	/root/rescripted_registry_n_review	english_source_context_family_review
item:item.tconstruct.molten_refined_obsidian_bucket	sha256:b9d16193dab7c21530f03b42d3a0f24cf4ea0de5cdddbbb8e9dd446ae07a2c0e	PASS	/root/rescripted_registry_n_review	english_source_context_family_review
item:item.tconstruct.molten_rose_gold_bucket	sha256:1a3b151b266a0c5d956e8f69309ae885acb13478bf391b4aa3a8490040359321	PASS	/root/rescripted_registry_n_review	english_source_context_family_review
item:item.tconstruct.molten_signalum_bucket	sha256:0c1292b38b3e4f34bd415e4e5725b425b0a85ce54a768544211bab5a15f9f85a	CHANGE	/root/rescripted_registry_n_review	english_source_context_family_review
item:item.tconstruct.molten_silver_bucket	sha256:144cca714d74ca603a7df528e81f74f21590e52fc9202d6545f9b4c5402ed066	PASS	/root/rescripted_registry_n_review	english_source_context_family_review
item:item.tconstruct.molten_slimesteel_bucket	sha256:ff6216d242c80db96abb851fe04ff44f7e7ce379f48532726fcca631c691c378	PASS	/root/rescripted_registry_n_review	english_source_context_family_review
item:item.tconstruct.molten_soulsteel_bucket	sha256:597a4e303f73e07d6caa31d24eacb5b3f1659d226d5e0f31bc25735aeca7b62f	PASS	/root/rescripted_registry_n_review	english_source_context_family_review
item:item.tconstruct.molten_steel_bucket	sha256:e8eab228cb05ab12e7246f1397ee3c9c35dcd41b1d38b64e952a926e85865dd6	PASS	/root/rescripted_registry_n_review	english_source_context_family_review
item:item.tconstruct.molten_tin_bucket	sha256:b58c79d83fb67c2364444130d9ddc1272dd6561992b1ecd37f7c937c53bdd002	PASS	/root/rescripted_registry_n_review	english_source_context_family_review
item:item.tconstruct.molten_tungsten_bucket	sha256:537e23991ab69e07af1bb02540c3b10093f233d3a6888044ee8a0a24dfc1f6f2	PASS	/root/rescripted_registry_n_review	english_source_context_family_review
item:item.tconstruct.molten_uranium_bucket	sha256:8467599ce88e162e132171c8211695302e7ca6bf10a099d3b3ae8b33015249a3	PASS	/root/rescripted_registry_n_review	english_source_context_family_review
item:item.tconstruct.molten_zinc_bucket	sha256:b1ca230d511b188f1d75bb1a3786f95440526c9dbaf51eaac282c9c067f6e01a	PASS	/root/rescripted_registry_n_review	english_source_context_family_review
item:item.tconstruct.mushroom_stew_bucket	sha256:081c5af0b70f4ceba80c5fc534dd90146b51bf81fc7ad64740c53dc46f15a79e	PASS	/root/rescripted_registry_n_review	english_source_context_family_review
item:item.tconstruct.necronium_bone	sha256:3b01bf7344053d4b57a46937b6b3e4c19e1376f115ba7dbcf9f9f7c4874e3274	PASS	/root/rescripted_registry_n_review	english_source_context_family_review
item:item.tconstruct.necrotic_bone	sha256:c9f428ae37169a7f8ccefb0129ccbf3c311273a70462350f82321779b06745ec	PASS	/root/rescripted_registry_n_review	english_source_context_family_review
item:item.tconstruct.netherite_item_frame	sha256:af61550ce1d0d5e3b6030f5b5602f5d0745bdc4b7de8397f42004959a89a91f2	PASS	/root/rescripted_registry_n_review	english_source_context_family_review
item:item.tconstruct.netherite_nugget	sha256:4a3dbe82b118f43f908fec25baf298a6a594a9321682db84aa6591bc2dea7cfe	PASS	/root/rescripted_registry_n_review	english_source_context_family_review
item:item.tconstruct.nugget_cast	sha256:4e128e1a9ef6ec8ceb7fd68bc242707719abf2c2740331370fca5424b11daa7e	PASS	/root/rescripted_registry_n_review	english_source_context_family_review
item:item.tconstruct.nugget_red_sand_cast	sha256:668bd2f355ad9ba24151fb7e9686088c0bc3fe2adddf05f5a9f6bdc29f2437e8	PASS	/root/rescripted_registry_n_review	english_source_context_family_review
item:item.tconstruct.nugget_sand_cast	sha256:aecafc5e59bbcc66d39c2504bdeb7b760f64aebf9ce75b8cf391f31f1e147af9	PASS	/root/rescripted_registry_n_review	english_source_context_family_review
item:item.tconstruct.obsidian_reinforcement	sha256:c9f4d1f669b779cd85cad1708ab71fe141117bf29fd7f62755c83882f2750a5d	PASS	/root/rescripted_registry_n_review	english_source_context_family_review
item:item.tconstruct.pattern	sha256:4288ade73ff9d32824e931c858f11acab4e0a323e6b1da9bfbe124473a13ac5a	PASS	/root/rescripted_registry_n_review	english_source_context_family_review
item:item.tconstruct.pick_head	sha256:5e7db680474f4761b9ce6afc4a812c3ad64ae3b6542369c74030e6f946dbe051	PASS	/root/rescripted_registry_n_review	english_source_context_family_review
item:item.tconstruct.pick_head_cast	sha256:6ad67bb004754d4f840405e6fa2142d53dd5844757af1066ee3ef8f2d32411c7	PASS	/root/rescripted_registry_n_review	english_source_context_family_review
item:item.tconstruct.pick_head_red_sand_cast	sha256:8f43bd8d17c1f559bbf337e996fbfd32786103a087f5e89125649a8358b92984	PASS	/root/rescripted_registry_n_review	english_source_context_family_review
item:item.tconstruct.pick_head_sand_cast	sha256:04afabf410766ab6e42c22fa0a17626b621348a487897c66577f74430d35a008	PASS	/root/rescripted_registry_n_review	english_source_context_family_review
item:item.tconstruct.pickadze	sha256:cea68f3169f5b7ea639982c2acdba3d73ed0ac6d9120d7c63c1cfc2dabdbf2fd	PASS	/root/rescripted_registry_n_review	english_source_context_family_review
item:item.tconstruct.pickaxe	sha256:8700509f665c8b17d2cf9de70ef85c1b76852f4f46691f6d352348584e26e465	PASS	/root/rescripted_registry_n_review	english_source_context_family_review
item:item.tconstruct.pig_iron_ingot	sha256:8ea9edea3433336fd03046a56d626849c04f59f57787dc4c5bbecfacd50c80e5	PASS	/root/rescripted_registry_n_review	english_source_context_family_review
item:item.tconstruct.pig_iron_nugget	sha256:deda9e4db5198575fdf7e75ef37691b6a9cbec8f2d25b9c21caa4ca6a94b559c	PASS	/root/rescripted_registry_n_review	english_source_context_family_review
item:item.tconstruct.piggy_backpack	sha256:ad3d2cb1bf444bbdeb46600d21f49cf7a2a574e4d15ff2a38e7881d6d4d6f200	PASS	/root/rescripted_registry_n_review	english_source_context_family_review
item:item.tconstruct.plate_boots	sha256:b2b5b4e1213da59b52363f6fa7c432283a6d161db86131287e5d36e98bc5bb85	PASS	/root/rescripted_registry_n_review	english_source_context_family_review
item:item.tconstruct.plate_cast	sha256:fc39d0417a18480be89c630b0f764ea86d1088de8c24bc4ca197e6175bc1b768	PASS	/root/rescripted_registry_n_review	english_source_context_family_review
item:item.tconstruct.plate_chestplate	sha256:b89fde90f34488186ab77286b3d4c1b72327a8db5eb00e0850ed17a381691e0a	PASS	/root/rescripted_registry_n_review	english_source_context_family_review
item:item.tconstruct.plate_helmet	sha256:e6390ea2bdc01614b0b7f9265f9860f6bd643f96b70daf8c3024f6ece8f1f243	PASS	/root/rescripted_registry_n_review	english_source_context_family_review
item:item.tconstruct.plate_leggings	sha256:d77026408f16adbbb02a416311dd989f47568df03fe74a985abdf71390752557	PASS	/root/rescripted_registry_n_review	english_source_context_family_review
item:item.tconstruct.plate_red_sand_cast	sha256:7ae1d32e431023af8453cc91f1447cd5fa65a55e6fda4571c7b5c18ef7eadbf6	PASS	/root/rescripted_registry_n_review	english_source_context_family_review
item:item.tconstruct.plate_sand_cast	sha256:2ccd3ee8a2e2365445baed81aab38b15d7261040121595a28145a3ac1eff35ed	PASS	/root/rescripted_registry_n_review	english_source_context_family_review
item:item.tconstruct.plate_shield	sha256:fb1dd52a72ad71be40438795e11faeba53f0217a6fe6a3fcde6fbd8c10377c56	PASS	/root/rescripted_registry_n_review	english_source_context_family_review
item:item.tconstruct.potion_bucket	sha256:bc85c414a639d67dec9f50d72139cc63bde1d769146716f750e78a2344f47e95	PASS	/root/rescripted_registry_n_review	english_source_context_family_review
item:item.tconstruct.puny_smelting	sha256:587b52d09880e5256ec240be2f799025d0352a2059924e23d5958772c2e2729d	PASS	/root/rescripted_registry_n_review	english_source_context_family_review
item:item.tconstruct.quartz_shuriken	sha256:fa762b19b34084bd1cd5f6763dfcb17fb1e3c79c7de914d6466fc1f379163b2f	PASS	/root/rescripted_registry_n_review	english_source_context_family_review
item:item.tconstruct.queens_slime_ingot	sha256:5a25d76abe22b5cfa97a3ae97ec7ec0785272463bfb50474f1536c6ceafed7ff	PASS	/root/rescripted_registry_n_review	english_source_context_family_review
item:item.tconstruct.queens_slime_nugget	sha256:f32fdbdf591420872e991316c04bdd613734ef05ade097852cb77992772f480a	PASS	/root/rescripted_registry_n_review	english_source_context_family_review
item:item.tconstruct.rabbit_stew_bucket	sha256:0abe68539d4c6583bdfc4eb713d2e7d9c2b7fb5c42c19897e3510ec83ab8ffaf	PASS	/root/rescripted_registry_n_review	english_source_context_family_review
item:item.tconstruct.raw_cobalt	sha256:854ce70b355a89c1ce28bc279095c7773b6c6e83dde27c7b7fe4a5cb89be820f	PASS	/root/rescripted_registry_n_review	english_source_context_family_review
item:item.tconstruct.repair_kit	sha256:f7ec31b19552c70ddede3aa226d954a30e5d58f67820bed8b93ff2dafb0f8a9f	PASS	/root/rescripted_registry_n_review	english_source_context_family_review
item:item.tconstruct.repair_kit_cast	sha256:25912bbbc0c9a3fd170f7bc63cef5813300167238ba159e0662b6b26b610506d	CHANGE	/root/rescripted_registry_n_review	english_source_context_family_review
item:item.tconstruct.repair_kit_red_sand_cast	sha256:3657f677058fe3fd36e222be0067d3986a0bda0d8c59391c0f93c75f1395f2a4	CHANGE	/root/rescripted_registry_n_review	english_source_context_family_review
item:item.tconstruct.repair_kit_sand_cast	sha256:c70bcebff07a9c59434ab0b41d78600fdd0f703fbba6687c81fb3dface185186	CHANGE	/root/rescripted_registry_n_review	english_source_context_family_review
item:item.tconstruct.reversed_gold_item_frame	sha256:a91a3c73513fb085828a00f6e047cd74eb7ef1050f182a557a5e72a8103613d3	PASS	/root/rescripted_registry_n_review	english_source_context_family_review
item:item.tconstruct.rod_cast	sha256:ae7853fa2e8fa90fc20074fa12b509c0d5a1722d070aa3a516310a6a48d40679	PASS	/root/rescripted_registry_n_review	english_source_context_family_review
item:item.tconstruct.rod_red_sand_cast	sha256:9dc3669a099447cf4594c41536431495b8d3cb72d6c4e2737071e99fea2b8f7c	PASS	/root/rescripted_registry_n_review	english_source_context_family_review
item:item.tconstruct.rod_sand_cast	sha256:db5dd270d9b7938a7c8ee8a1f30f350fadaaec66193326d20ba13a01e463fef6	PASS	/root/rescripted_registry_n_review	english_source_context_family_review
item:item.tconstruct.rose_gold_ingot	sha256:66ac3f3310d8357259d82306497a0e5f956b14a9108a14cc3a525862b5b2af19	PASS	/root/rescripted_registry_n_review	english_source_context_family_review
item:item.tconstruct.rose_gold_nugget	sha256:49347e7e0452c9fd573ffcd2b1548824d34926f918dae4a9152a30d837108216	PASS	/root/rescripted_registry_n_review	english_source_context_family_review
item:item.tconstruct.scorched_brick	sha256:7db7fe8d6e7aada780bcbdd93bd992262b50c173b640a6c79919588f40c98277	PASS	/root/rescripted_registry_n_review	english_source_context_family_review
item:item.tconstruct.scorched_stone_bucket	sha256:0b34d5b8c0ced892e2101c4e9f2420b7762c74e3e247e4e7c292b8c3cf5969d5	PASS	/root/rescripted_registry_n_review	english_source_context_family_review
item:item.tconstruct.scythe	sha256:6a45cdfbff0ce4a089a0196242d7ca11fb0998d4b36a23ab7c106e438893c1e6	PASS	/root/rescripted_registry_n_review	english_source_context_family_review
item:item.tconstruct.seared_brick	sha256:a7cf4fd0d6b313ae4908e427d153b7052b75418b22829e0059b99b294b1f6d38	PASS	/root/rescripted_registry_n_review	english_source_context_family_review
item:item.tconstruct.seared_reinforcement	sha256:72bb7c038f4cd74e2ed92c6c6aa151449d05ecc71fd8b5fea3166765d605bb88	PASS	/root/rescripted_registry_n_review	english_source_context_family_review
item:item.tconstruct.seared_stone_bucket	sha256:0ca112c2e5848e44bfcd2291db0b0d31b9d315bea9a6b6ba5d76d1579f921e94	PASS	/root/rescripted_registry_n_review	english_source_context_family_review
item:item.tconstruct.shield_core	sha256:0d1211f1e566afaa4fc2477d4a455fb863e771656b7f6648bd73673c53ee03f7	PASS	/root/rescripted_registry_n_review	english_source_context_family_review
item:item.tconstruct.silky_cloth	sha256:08d84358ef29570284053ec027ef27536a732b660fcf954cab24e9dd0a8b0a73	PASS	/root/rescripted_registry_n_review	english_source_context_family_review
item:item.tconstruct.silky_jewel	sha256:2dd6d7ed2d0f353ed1637ae42f3bd955c718f7bbe87517ca0b14af50c2a6c856	PASS	/root/rescripted_registry_n_review	english_source_context_family_review
item:item.tconstruct.sky_slime_ball	sha256:fcaac6fb4e6fc2e060db7f3aefe4be6c9c0052ed1102bc0e337388bec26a5e9b	PASS	/root/rescripted_registry_n_review	english_source_context_family_review
item:item.tconstruct.sky_slime_bottle	sha256:3ea8ddf60565405104eee2832063c7805087f70249a868dda55a9c912c9643fa	PASS	/root/rescripted_registry_n_review	english_source_context_family_review
item:item.tconstruct.sky_slime_bucket	sha256:50878bcc08ed2855cd2c8a33013b06b31402ecc8e06137bde9507e2a47c5b2d1	PASS	/root/rescripted_registry_n_review	english_source_context_family_review
item:item.tconstruct.sky_slime_crystal	sha256:76d6b28b7c5e310f90cccf93bd29d2aafcb886f5725b6419214771a6ac9bed88	PASS	/root/rescripted_registry_n_review	english_source_context_family_review
item:item.tconstruct.sky_slime_grass_seeds	sha256:9ba289890611ad3381cb17dbef50c5b017adca0f2dea2b17365b90b3b22062c4	PASS	/root/rescripted_registry_n_review	english_source_context_family_review
item:item.tconstruct.sky_slime_spawn_egg	sha256:794c4c2eb1b6c6c29ce1c793939309316369bc7f51c6c19c412db0ce3bde87b8	PASS	/root/rescripted_registry_n_review	english_source_context_family_review
item:item.tconstruct.sky_staff	sha256:35c00cdc1d7a45535176e003532a018eb81c1e08fd119b3166b6c5b000211b9e	PASS	/root/rescripted_registry_n_review	english_source_context_family_review
item:item.tconstruct.sledge_hammer	sha256:e3d6a8a2adeb595d3dcf63cfb2dde1b089b6f9f17fd1ee865dd31ec23099ba0e	PASS	/root/rescripted_registry_n_review	english_source_context_family_review
item:item.tconstruct.slime_boots	sha256:59c9f0b9e33a0882da0f6292f27d1625dd924b6334be44a517dd4d9e063562c7	PASS	/root/rescripted_registry_n_review	english_source_context_family_review
item:item.tconstruct.slime_chestplate	sha256:c45e3b246cbc0ce6bde8490516c33a141d4dddbc80c94ac6fe49219f9a3f6044	PASS	/root/rescripted_registry_n_review	english_source_context_family_review
item:item.tconstruct.slime_helmet	sha256:d295d422a12cb8851c29c7aa4f8a6dd4c43256d69e4f26eb2bade02375af9285	PASS	/root/rescripted_registry_n_review	english_source_context_family_review
item:item.tconstruct.slime_leggings	sha256:7f7cdc19b4cf3c1f11305ac0a259b6fe644d780c95339f525e348e1d7931202c	PASS	/root/rescripted_registry_n_review	english_source_context_family_review
item:item.tconstruct.slimesteel_ingot	sha256:f39ed7287aff91ec0694e29d523a4e0a5af2d79209310ad5447cfbaefd241394	PASS	/root/rescripted_registry_n_review	english_source_context_family_review
item:item.tconstruct.slimesteel_nugget	sha256:49d737539a94751f4c4e9e700ef165f65745c0c2c6ab503e6da6cb5a7cf7d627	PASS	/root/rescripted_registry_n_review	english_source_context_family_review
item:item.tconstruct.slimesteel_reinforcement	sha256:d1301278950747c57baf33e8eaffac2e235ec80c2abcd5355efc9d82e7e5e0cd	PASS	/root/rescripted_registry_n_review	english_source_context_family_review
item:item.tconstruct.small_axe_head	sha256:e907e51882cb2bc7e0a021b96ad2ae3566a83576b91c049d982089e4e0ffac4c	PASS	/root/rescripted_registry_n_review	english_source_context_family_review
item:item.tconstruct.small_axe_head_cast	sha256:85c544d09eb5e8d3212cda5d99c2ff24b9a961bc73cfb95056edc131a0822e8b	PASS	/root/rescripted_registry_n_review	english_source_context_family_review
item:item.tconstruct.small_axe_head_red_sand_cast	sha256:c9f64fb9937bdb0d3da601de328e58a05c206a7cf448db2d49ab41082b690793	PASS	/root/rescripted_registry_n_review	english_source_context_family_review
item:item.tconstruct.small_axe_head_sand_cast	sha256:a9d1c63cf79fb264ddcdb15f87596353f82e1c5d9285f4cdbeff3b0779890a37	PASS	/root/rescripted_registry_n_review	english_source_context_family_review
item:item.tconstruct.small_blade	sha256:1d4418921cc667191dab5c0f205b91b59d6f26dfaf1bd1efaf1c84bf972bb570	PASS	/root/rescripted_registry_n_review	english_source_context_family_review
item:item.tconstruct.small_blade_cast	sha256:c35025e3c3b366c69ffff2a0af53f84a47e922d641566b9becd0864beba35c3f	PASS	/root/rescripted_registry_n_review	english_source_context_family_review
item:item.tconstruct.small_blade_red_sand_cast	sha256:fd97edfc8b5be454e5a07863da839b3dd05afd3c46cc127430d30df3632df18e	PASS	/root/rescripted_registry_n_review	english_source_context_family_review
item:item.tconstruct.small_blade_sand_cast	sha256:3bb6538314726e51b0dad40d58676ba244c43c6e97e1e2d5ee215db141275b10	PASS	/root/rescripted_registry_n_review	english_source_context_family_review
item:item.tconstruct.soulsteel_ingot	sha256:7c7a064bd1e20cff4d1fa40f8218066f85a73b5500cd60ef900a24b62b32313b	PASS	/root/rescripted_registry_n_review	english_source_context_family_review
item:item.tconstruct.soulsteel_nugget	sha256:6207839205f4b4b482344efa73b14267186e68be2652789065b601d5df236943	PASS	/root/rescripted_registry_n_review	english_source_context_family_review
item:item.tconstruct.splash_bottle	sha256:9ef8a1cf0e42862cc4aa6b080fc226a5b3ccaa6bd6e04807c968f284f5c8c7f1	PASS	/root/rescripted_registry_n_review	english_source_context_family_review
item:item.tconstruct.steel_ingot	sha256:de4a6957b0b605985981303d85d526d03abb8848512e4b0c6849917a27aa4a4e	PASS	/root/rescripted_registry_n_review	english_source_context_family_review
item:item.tconstruct.steel_nugget	sha256:467d903bb1d68216baf14dc87c55b9c861545982736062c8740f8f54cfcf5749	PASS	/root/rescripted_registry_n_review	english_source_context_family_review
item:item.tconstruct.swasher	sha256:a727a023a97cb3fae01c9a6946d48216f428f334e642bdaed755534cc0a734f6	PASS	/root/rescripted_registry_n_review	english_source_context_family_review
item:item.tconstruct.sword	sha256:d0b9cd97fa22d3eb6903686b58febacbf778ec7435e82181e698ccd37b58d768	PASS	/root/rescripted_registry_n_review	english_source_context_family_review
item:item.tconstruct.terracube_spawn_egg	sha256:be2f3668af723e3631a20958e57e7578f539d511a4d22e5f60117b24a62aaf2d	PASS	/root/rescripted_registry_n_review	english_source_context_family_review
item:item.tconstruct.tinkers_gadgetry	sha256:101423bf8854375d81677f7592f2377c27b384c68fcf2788ea67ece6373c3b7f	PASS	/root/rescripted_registry_n_review	english_source_context_family_review
item:item.tconstruct.tool_binding	sha256:38d69acf400416607549840a21b2be66ae493b850587ea846bef73f0236ee17e	PASS	/root/rescripted_registry_n_review	english_source_context_family_review
item:item.tconstruct.tool_binding_cast	sha256:0400b8784e42384d8a8a723b81f553aa16fabd3ee01aab473be441fa4e95b5e3	PASS	/root/rescripted_registry_n_review	english_source_context_family_review
item:item.tconstruct.tool_binding_red_sand_cast	sha256:dfe1ef7dcb6d9588414f53a10a5f6c1bb1c91a9a0f9d2d8d5ab0a456f13438ef	PASS	/root/rescripted_registry_n_review	english_source_context_family_review
item:item.tconstruct.tool_binding_sand_cast	sha256:ff9c37c7f906d429aeaa0a9ceb1609155c328c78235be40f63170a368a489a59	PASS	/root/rescripted_registry_n_review	english_source_context_family_review
item:item.tconstruct.tool_handle	sha256:6e2d52c634221025a66cd30dd41580f258c489acc45914ab06dea5ce4fc6c37c	PASS	/root/rescripted_registry_n_review	english_source_context_family_review
item:item.tconstruct.tool_handle_cast	sha256:42d4198784497545e70f938827addfc569d37d156b7d04f423affcfa8da0d5c6	PASS	/root/rescripted_registry_n_review	english_source_context_family_review
item:item.tconstruct.tool_handle_red_sand_cast	sha256:0522e96d0a3d45d139c9bbd43871faaf49f573f018f8933942cd6d18fe333c7a	PASS	/root/rescripted_registry_n_review	english_source_context_family_review
item:item.tconstruct.tool_handle_sand_cast	sha256:23ac2db1545f8d05d88194fb20288eb683640c8a8f711c1c7432654b0ccdd9de	PASS	/root/rescripted_registry_n_review	english_source_context_family_review
item:item.tconstruct.tough_binding	sha256:75b4e8b1209461f32dacca39175e40a03c7aef7fc8201c5340cf2c39c8c36810	PASS	/root/rescripted_registry_n_review	english_source_context_family_review
item:item.tconstruct.tough_binding_cast	sha256:39171650a2c9741151cd4dbd583e90e077ed30f1eca55d41dfe08649dcb2d65f	PASS	/root/rescripted_registry_n_review	english_source_context_family_review
item:item.tconstruct.tough_binding_red_sand_cast	sha256:c56260135fdd537b87f10153d349655aaf74e4895b94af5c55af573f35af5d1d	PASS	/root/rescripted_registry_n_review	english_source_context_family_review
item:item.tconstruct.tough_binding_sand_cast	sha256:41a4c7d720f24fdec89bdd18907d98cb2b1abd1f6445fc51614a40af507dc2c3	PASS	/root/rescripted_registry_n_review	english_source_context_family_review
item:item.tconstruct.tough_handle	sha256:8205972b48f2bda13feec9bbc955d6be4cc6fb15b323558e1a21c785378352e2	PASS	/root/rescripted_registry_n_review	english_source_context_family_review
item:item.tconstruct.tough_handle_cast	sha256:d7c5dd8ff8a01b0eb7e59d33ff8f99d3a637f57163c028d3d9390a98b4bffa1f	PASS	/root/rescripted_registry_n_review	english_source_context_family_review
item:item.tconstruct.tough_handle_red_sand_cast	sha256:c5fd164fae02bc09db7e385b61d20d30515918860073912ad95f6a80c5d25816	PASS	/root/rescripted_registry_n_review	english_source_context_family_review
item:item.tconstruct.tough_handle_sand_cast	sha256:a9ef5575d310f975355afdce05901d2679c233b140dd699278b82be7630bd585	PASS	/root/rescripted_registry_n_review	english_source_context_family_review
item:item.tconstruct.travelers_boots	sha256:e65afb29779f5bafa9bc4985f565dc98e82ae2e8f9e6e7b101c2f55b986cc294	PASS	/root/rescripted_registry_n_review	english_source_context_family_review
item:item.tconstruct.travelers_chestplate	sha256:d75d7e352c94f3ee8117b2e624d311f05e3d4e839d60cfe46cf36ba89a61d9ca	PASS	/root/rescripted_registry_n_review	english_source_context_family_review
item:item.tconstruct.travelers_helmet	sha256:44af5d0fa6381b12e04d3c48a43768f5f9bb8428f08e5a9593ccdab4c8b46b28	PASS	/root/rescripted_registry_n_review	english_source_context_family_review
item:item.tconstruct.travelers_leggings	sha256:f6c855d0ae9c5ba1d89c491505f80754ad4c527b4d1d875033620bdd66308295	PASS	/root/rescripted_registry_n_review	english_source_context_family_review
item:item.tconstruct.travelers_shield	sha256:68b1d6518da57412bd5984d449a7ca6c0adb15354ef95efcca7964b821cab2bd	PASS	/root/rescripted_registry_n_review	english_source_context_family_review
item:item.tconstruct.vein_hammer	sha256:dba0a6d2f36c0449f4aa4343e7b3efa3d2529faae9ce36b7f0c5395815d883d6	PASS	/root/rescripted_registry_n_review	english_source_context_family_review
item:item.tconstruct.venom_bottle	sha256:5b11876b9fa382f1a67b452a5e6df7d1974898c1333094adc606c628295c9db1	PASS	/root/rescripted_registry_n_review	english_source_context_family_review
item:item.tconstruct.venom_bucket	sha256:cef28eada5ab52e69752c478b80fb5562da80372cd95fd8c6b1bffcb82c1638b	PASS	/root/rescripted_registry_n_review	english_source_context_family_review
item:item.tconstruct.venombone	sha256:e4039f31513b6ec64a0f06d4b1fc2a188726ee3c8a4a8c2a625e67b1c4c83954	PASS	/root/rescripted_registry_n_review	english_source_context_family_review
item:item.tconstruct.war_pick	sha256:e9e8161760ab0a350da379565392ed03b2453272e88b068b0d39b0d1963ade34	PASS	/root/rescripted_registry_n_review	english_source_context_family_review
item:item.tconstruct.wire_cast	sha256:38d7aa4b9dc1d7f340d35a923b744741514c4490b1158f877e2b1a9bc6397e2c	PASS	/root/rescripted_registry_n_review	english_source_context_family_review
item:item.tconstruct.wire_red_sand_cast	sha256:5b6648f5370db57beea658f2170e1277b58d2e1dac3b8a4a0b70dd0c0b68b66d	PASS	/root/rescripted_registry_n_review	english_source_context_family_review
item:item.tconstruct.wire_sand_cast	sha256:76c6b9f78a43122b161caf92aceecca3dec8a0781473771ce0820149ba2b1c64	PASS	/root/rescripted_registry_n_review	english_source_context_family_review
item:item.tempad.he_who_remains_tempad	sha256:ef327c71a24ed2031cc70ededc7f35f089809c63beac0ac54c929768d03ff3c0	PASS	/root/rescripted_registry_n_review	english_source_context_family_review
item:item.tempad.location_card	sha256:903159416b1460c1b41e58d6b4db7ca5cbfc620362dadd73bebccac2ff67cd29	PASS	/root/rescripted_registry_n_review	english_source_context_family_review
item:item.tempad.tempad	sha256:ef327c71a24ed2031cc70ededc7f35f089809c63beac0ac54c929768d03ff3c0	PASS	/root/rescripted_registry_n_review	english_source_context_family_review
item:item.thermal.amaranth	sha256:278b1ddec3d5f3e604e921810ae3a6f827099ff8343bf371864fa75c4099b8c4	PASS	/root/rescripted_registry_n_review	english_source_context_family_review
item:item.thermal.amaranth_seeds	sha256:a8b94f9540ff15c065b857f70b994fb44a3232831ba20247547e3faee93429bd	PASS	/root/rescripted_registry_n_review	english_source_context_family_review
item:item.thermal.apatite	sha256:bbb3e3230c7e6e78a3090594ec4b5c7a67b57d377323b2e7eb77469eebdd23f6	PASS	/root/rescripted_registry_n_review	english_source_context_family_review
item:item.thermal.apatite_dust	sha256:da874c6fecf4b191d922536b3bd508b54df7d587cb61a409619a6d8222d95c68	PASS	/root/rescripted_registry_n_review	english_source_context_family_review
item:item.thermal.aquachow	sha256:da518c86c8bc7277b1c86808493e3ac28402f330173fcd742cb93e39934da950	PASS	/root/rescripted_registry_n_review	english_source_context_family_review
item:item.thermal.area_radius_augment	sha256:9f6fe21f8117d5823f7c5f8c37d8689e80dcaf695c7b8f343ecd76db0c9ff5bf	PASS	/root/rescripted_registry_n_review	english_source_context_family_review
item:item.thermal.barley	sha256:b904432b6de55a66c7f785bb5c62f8827df5ca7023eaf8b2941254fc7c9dbb94	PASS	/root/rescripted_registry_n_review	english_source_context_family_review
item:item.thermal.barley_seeds	sha256:b35402aff84c56b8c13ebd6718f75e555007a7feb4b34e6584815d7814292a55	PASS	/root/rescripted_registry_n_review	english_source_context_family_review
item:item.thermal.basalz_powder	sha256:db205114eda84658dbdcdfc6671ce73bb3d80c9b3b3aa345a72dd5fdf98cb273	PASS	/root/rescripted_registry_n_review	english_source_context_family_review
item:item.thermal.basalz_rod	sha256:1f826fc51e9fa99a6e3faacfd8b499a4d924b3b13a11494773dd7fa837ea0f97	PASS	/root/rescripted_registry_n_review	english_source_context_family_review
item:item.thermal.basalz_spawn_egg	sha256:dfc8a231f1ddcd13b2801197df3ab6b390691aa828a5678e1b3aaef402414cf5	PASS	/root/rescripted_registry_n_review	english_source_context_family_review
item:item.thermal.beekeeper_boots	sha256:0f73d6d35edb8fc5cae1c750f0a9354ccd677616eb7922ec82c8aee19a14039f	PASS	/root/rescripted_registry_n_review	english_source_context_family_review
item:item.thermal.beekeeper_chestplate	sha256:fb8bf74fd143f2dd9c5d7c2fc06c5ab76af2c2d93b9e484f4965cb46777235f1	PASS	/root/rescripted_registry_n_review	english_source_context_family_review
item:item.thermal.beekeeper_fabric	sha256:ad2e92ce63d5c355b530c42c0ef3bb427e7cd19afc9c23c22bc777a45023900b	PASS	/root/rescripted_registry_n_review	english_source_context_family_review
item:item.thermal.beekeeper_helmet	sha256:c790ccc5220f2d68e2f2f44f46e296a5081460f3bb993506994c02b8b115d761	PASS	/root/rescripted_registry_n_review	english_source_context_family_review
item:item.thermal.beekeeper_leggings	sha256:cf540d2969b2ccf2e79ed3858671f3bb3d41a1daba3e65506e4f21f882541a10	PASS	/root/rescripted_registry_n_review	english_source_context_family_review
item:item.thermal.bell_pepper	sha256:6728ee5a8b8ce7662623d82792af935e46aabeda8d8fafa08ddd7ad5391b5701	PASS	/root/rescripted_registry_n_review	english_source_context_family_review
item:item.thermal.bell_pepper_seeds	sha256:7e071d60bd72bc87af1a70189b993783277d36fd29e27264245687a92c0a46ce	PASS	/root/rescripted_registry_n_review	english_source_context_family_review
item:item.thermal.bitumen	sha256:ddb27fc1d75396228178f80fdb29d066115de64d61ec541fa7f2e0b340fe5101	PASS	/root/rescripted_registry_n_review	english_source_context_family_review
item:item.thermal.blitz_powder	sha256:178452135347ee61319d97e09e8989753c4421b0d16f4319c540d75f2c2f363b	PASS	/root/rescripted_registry_n_review	english_source_context_family_review
item:item.thermal.blitz_rod	sha256:590ace30c90a2789801de1d654fead92f91e9c0af4c278945804edc452164f9c	PASS	/root/rescripted_registry_n_review	english_source_context_family_review
item:item.thermal.blitz_spawn_egg	sha256:4a2ea6b95aeb7c9f6d176e3e04e0652366a005ebf9f3f80915d255c930a5768b	PASS	/root/rescripted_registry_n_review	english_source_context_family_review
item:item.thermal.blizz_powder	sha256:b3884fe699b4ffbdf6f7c82d8bbb9bf263e3c0a1b6bc6b89a45b044f4cd67081	PASS	/root/rescripted_registry_n_review	english_source_context_family_review
item:item.thermal.blizz_rod	sha256:2cd741437a66ca0d20dd79c9aa11bc1303272457b316f9aeb8710374404f152c	PASS	/root/rescripted_registry_n_review	english_source_context_family_review
item:item.thermal.blizz_spawn_egg	sha256:a73f4e25c5a3ecf488b8a03176bac36fe63a04898c8e5392855326b8556df179	PASS	/root/rescripted_registry_n_review	english_source_context_family_review
item:item.thermal.bronze_coin	sha256:5a8318d01c719197faebb1dedc714e7ce0a82a4c54c8406c64ffe3f4baa1b243	PASS	/root/rescripted_registry_n_review	english_source_context_family_review
item:item.thermal.bronze_dust	sha256:20e3647ceaaf89440a576c9212d6f0f0a680c85e809081ebc3ce78c57c49fddd	PASS	/root/rescripted_registry_n_review	english_source_context_family_review
item:item.thermal.bronze_gear	sha256:eda0a0a6191e3f14d544ad85d8870fc20362856677da78f754ee059779375af3	PASS	/root/rescripted_registry_n_review	english_source_context_family_review
item:item.thermal.bronze_ingot	sha256:2e26360e9d8906aa02f81feb95114ea699d274ac54eda5f0b621c0b77e5a22bc	PASS	/root/rescripted_registry_n_review	english_source_context_family_review
item:item.thermal.bronze_nugget	sha256:5e7cef1b88158868ec2feb2333b33ea127549babb1400dd0892cf07f1e6ccdff	PASS	/root/rescripted_registry_n_review	english_source_context_family_review
item:item.thermal.bronze_plate	sha256:e66c7ee15804d48e9371c22e19fecaec708a97f1f4c775cd7530419421d81b52	PASS	/root/rescripted_registry_n_review	english_source_context_family_review
item:item.thermal.cheese_wedge	sha256:6e5a59d4fd56f798e609d28e3d6300b2d80bfbb76d27711c0c24006a129d4e17	PASS	/root/rescripted_registry_n_review	english_source_context_family_review
item:item.thermal.chiller_ball_cast	sha256:921a0eb3ee4cd594396c83772d6063e8d3bb1b0ca290080cd8e0bba03adfb86f	PASS	/root/rescripted_registry_n_review	english_source_context_family_review
item:item.thermal.chiller_ingot_cast	sha256:b24d1315e2feedc4dd27f86af56bed683b284aa721ec5bfd53ce9a3b905ceecf	PASS	/root/rescripted_registry_n_review	english_source_context_family_review
item:item.thermal.chiller_rod_cast	sha256:b75ffe145644d40f8ebdc23001d0a404496f0a49b2012b940cb5ec55a9a610c7	PASS	/root/rescripted_registry_n_review	english_source_context_family_review
item:item.thermal.cinnabar	sha256:8d842fe9196e7d9f46f1599691a4c68e35631e9436d81951d6ad233b28853b1b	PASS	/root/rescripted_registry_n_review	english_source_context_family_review
item:item.thermal.cinnabar_dust	sha256:f14eceaf4980e8a10a684617825c69b36e865e66654102078c3a1006560a69b3	PASS	/root/rescripted_registry_n_review	english_source_context_family_review
item:item.thermal.coal_coke	sha256:911e902e0864af3cea4048e455ce971e700466adc7e91194094754ab424b213e	PASS	/root/rescripted_registry_n_review	english_source_context_family_review
item:item.thermal.coffee	sha256:6eb2f83d3a64f1ad5c4a61455ed280d58d0d5615da2201ff7270fc3e1efcd0f7	PASS	/root/rescripted_registry_n_review	english_source_context_family_review
item:item.thermal.coffee_seeds	sha256:2374ae15d4b173eb4b497fdc4036908412951a1f6c8b7ebffb3c943f26ff69f9	PASS	/root/rescripted_registry_n_review	english_source_context_family_review
item:item.thermal.compost	sha256:81f82062dc03656216496e3fd0151e434d7c04f6d2e0b9eabf585f14d401a1cb	PASS	/root/rescripted_registry_n_review	english_source_context_family_review
item:item.thermal.constantan_coin	sha256:85cb2d543aad133f5599c81556a01a76795b072e39f1efd3a54ce6d78d9bfebb	PASS	/root/rescripted_registry_n_review	english_source_context_family_review
item:item.thermal.constantan_dust	sha256:e8db86fcf4a4b6cf1aa4c438aed4cea2d02b6357e263294d1a5a8d7ae51a1067	PASS	/root/rescripted_registry_n_review	english_source_context_family_review
item:item.thermal.constantan_gear	sha256:1baf32e81fff5e1852e32f1330b722974f8f5d4dda9e2af8aed7971f6d4dbb8a	PASS	/root/rescripted_registry_n_review	english_source_context_family_review
item:item.thermal.constantan_ingot	sha256:69cdf9fa79d5648db5ba70955ee3ae14b09670f12ac9ba6db7bb4f50e31b2080	PASS	/root/rescripted_registry_n_review	english_source_context_family_review
item:item.thermal.constantan_nugget	sha256:cf58fd2d20f7ae71d991f9fd2263066524d23949f4263f66143f76a041d121ad	PASS	/root/rescripted_registry_n_review	english_source_context_family_review
item:item.thermal.constantan_plate	sha256:4e3a7bf95848961e17487595e78e4b0ffbef30ce5f7f44a05a12a04e6389d932	PASS	/root/rescripted_registry_n_review	english_source_context_family_review
item:item.thermal.cooked_corn	sha256:def10ca61cf8543c223fc43001e65472150821adb7d78e158f8d340f0b41e5bf	PASS	/root/rescripted_registry_n_review	english_source_context_family_review
item:item.thermal.cooked_eggplant	sha256:2d37694a2d4cb2765e7c2cf0907e7cb526cc821755c3ea05504c0e51219828bb	PASS	/root/rescripted_registry_n_review	english_source_context_family_review
item:item.thermal.cooked_mushroom	sha256:d1fdf5d2674dce33fdbf3163ce4616fc94901077472daa1d27c9c21bab153337	CHANGE	/root/rescripted_registry_n_review	english_source_context_family_review
item:item.thermal.copper_coin	sha256:68e2a3748a39fca5c8c813aeed3fb898e4a20618e59d7763220947b6071ccef7	PASS	/root/rescripted_registry_n_review	english_source_context_family_review
item:item.thermal.copper_dust	sha256:284f0f2d2eae8adeb15cd89441c0365e648241acd88df11eb3b7d4b9a570e162	PASS	/root/rescripted_registry_n_review	english_source_context_family_review
item:item.thermal.copper_gear	sha256:182fa6d01463cfd4429daf64fb2f884d6215caea2443ec5f747d30ff614a167a	PASS	/root/rescripted_registry_n_review	english_source_context_family_review
item:item.thermal.copper_nugget	sha256:5c59bf72021dc5fba7adacff9a7d884deb79aca5ee9be7f52e78272959d1e870	PASS	/root/rescripted_registry_n_review	english_source_context_family_review
item:item.thermal.copper_plate	sha256:dace4fc6b7b146d1cdddd37e1b20cf839a413eb065d1f5c02c88ec5a9749de8b	PASS	/root/rescripted_registry_n_review	english_source_context_family_review
item:item.thermal.corn	sha256:540647ba037b42dabeea5ed7a53f8d4cd7304a118957472d751d3811f1d76d31	PASS	/root/rescripted_registry_n_review	english_source_context_family_review
item:item.thermal.corn_seeds	sha256:3a98fa7cf497225fb83bb49b4e0e49a682897a9dd6a070140181c198a639dfbb	PASS	/root/rescripted_registry_n_review	english_source_context_family_review
item:item.thermal.creosote_bucket	sha256:f08abec274a33679b99aee65d7702a5dac8d96d9770d987315d3a0c92c749725	PASS	/root/rescripted_registry_n_review	english_source_context_family_review
item:item.thermal.crude_oil_bucket	sha256:cce82420c075eb7872259b6f587fff963125de4ecf91e1bdcacae5b3818c7feb	PASS	/root/rescripted_registry_n_review	english_source_context_family_review
item:item.thermal.cured_rubber	sha256:3f80441080b2265804be734ba72ba4364e5e240cc6639cb95e605417b96872f9	PASS	/root/rescripted_registry_n_review	english_source_context_family_review
item:item.thermal.deep_aquachow	sha256:0b10160f5812d82306ffc4f50b16c2e9e2fed8a17e59cb2ebba71a136fa12a2e	PASS	/root/rescripted_registry_n_review	english_source_context_family_review
item:item.thermal.detonator	sha256:61280c37d495f238a6daa566e5289cd8c63191c7621b649fe97a2aee06f2ff2b	PASS	/root/rescripted_registry_n_review	english_source_context_family_review
item:item.thermal.device_xp_condenser	sha256:781866ea9fc9df8bd621133bb1ba5eeab0b5c56aaa89c2b0494d72ab34433d42	PASS	/root/rescripted_registry_n_review	english_source_context_family_review
item:item.thermal.diamond_dust	sha256:daf0a49f9790772750e3f2c95d4555cdf02590a906009a9f4f13ec8b6d09941b	PASS	/root/rescripted_registry_n_review	english_source_context_family_review
item:item.thermal.diamond_gear	sha256:99afac49f2c63b10878b5ae1286fbb5d53de66a88d53b648bdaa9f59c6cb9113	PASS	/root/rescripted_registry_n_review	english_source_context_family_review
item:item.thermal.diving_boots	sha256:3ffc6add1b406a603ef0888314c0ffcc4bc6f51bb8ede6579ed4a9fe43b67891	PASS	/root/rescripted_registry_n_review	english_source_context_family_review
item:item.thermal.diving_chestplate	sha256:861574cc5d1520acbbb030f65f31482864ba8cbb5d7344e8da46abb252f58f0e	PASS	/root/rescripted_registry_n_review	english_source_context_family_review
item:item.thermal.diving_fabric	sha256:4e7ca6d663a42aa6ca359ef5e0bf01f9a14c3c7b840f8e001aeb767465e03d1f	PASS	/root/rescripted_registry_n_review	english_source_context_family_review
item:item.thermal.diving_helmet	sha256:0dc7a2ac9e850e4f695876e4b606c1d9d942f82484bafda3673849da4ee7eeb5	PASS	/root/rescripted_registry_n_review	english_source_context_family_review
item:item.thermal.diving_leggings	sha256:b0fe206a102378a5ad04f2aba3f12e714ff7d66f6e37519744a697fe1d1455af	PASS	/root/rescripted_registry_n_review	english_source_context_family_review
item:item.thermal.drill_head	sha256:d38bc36b7dcc5baaa6a8aa3f90fb28d96bb4a79a9a3a50e6a153e2a89439fb6b	PASS	/root/rescripted_registry_n_review	english_source_context_family_review
item:item.thermal.dynamo_fuel_augment	sha256:c013182ae35ee3d9d0ac0874573134a4d7aa33b547471ab339da64a3347cdb30	PASS	/root/rescripted_registry_n_review	english_source_context_family_review
item:item.thermal.dynamo_output_augment	sha256:5f389accd469aef17efd7831217bd48fc06d269202309646fb26ec72ff70a779	PASS	/root/rescripted_registry_n_review	english_source_context_family_review
item:item.thermal.dynamo_throttle_augment	sha256:5e8094f8551fec6f9707168672d39a5d15b50a327fef15f82c7120eb9254eb3e	PASS	/root/rescripted_registry_n_review	english_source_context_family_review
item:item.thermal.earth_charge	sha256:45f4849ffd1861661161e73243ab60ce0156b1e9814019b3f58226d4848b93c5	PASS	/root/rescripted_registry_n_review	english_source_context_family_review
item:item.thermal.earth_grenade	sha256:c8972a687688a7b6bd2bf3816c8c9cdadbd7f1269d9bf079a56e34b8daef1a96	PASS	/root/rescripted_registry_n_review	english_source_context_family_review
item:item.thermal.earth_tnt	sha256:45d67b7259b5bd0bdb5591be2a1c29e5e4a4f00b75c7b31503fb717c1d63227a	PASS	/root/rescripted_registry_n_review	english_source_context_family_review
item:item.thermal.eggplant	sha256:84247c8aaf6dd96fb2878483cb0140c23e3c12aba8cc987306d0a77986286526	PASS	/root/rescripted_registry_n_review	english_source_context_family_review
item:item.thermal.eggplant_seeds	sha256:de4576d3e39b3395efc02fe47170dcd54bfa76edf8e2c6ec888c66678553c2e9	PASS	/root/rescripted_registry_n_review	english_source_context_family_review
item:item.thermal.electrum_coin	sha256:7532bf2733114e14fe45440d209b2fd46b73ebfc8321df47dff624d5fffbb886	PASS	/root/rescripted_registry_n_review	english_source_context_family_review
item:item.thermal.electrum_dust	sha256:4668f9d986d57adc4d6aba94f09d62305bcc3d4cb9506f6379ccd114dfcdf31d	PASS	/root/rescripted_registry_n_review	english_source_context_family_review
item:item.thermal.electrum_gear	sha256:183f7154cdc190d374f3dcb92943cc67ea91cf09f62532e261b107d0895d4196	PASS	/root/rescripted_registry_n_review	english_source_context_family_review
item:item.thermal.electrum_ingot	sha256:d187a0f5038fa89754ac41b721cd2f1aab23101cfd201ee77a280ea2fa4ecc80	PASS	/root/rescripted_registry_n_review	english_source_context_family_review
item:item.thermal.electrum_nugget	sha256:e11bdc77b544b932f5fb251920a5601fc5f066c823d33376a3ac2e570681a55a	PASS	/root/rescripted_registry_n_review	english_source_context_family_review
item:item.thermal.electrum_plate	sha256:6e140ce4eb2cbc59b90f5349150d3e63d27ddac98457e7a9fb1853512b035d72	PASS	/root/rescripted_registry_n_review	english_source_context_family_review
item:item.thermal.emerald_dust	sha256:3c7fcc6296ee1a85040a53eae037f567ca06f969fb2ac6ff55569273e9261958	PASS	/root/rescripted_registry_n_review	english_source_context_family_review
item:item.thermal.emerald_gear	sha256:98d4679ccbdb7bd0778055c41ffebe3302112602aa06b471d29a45d74e3fee78	PASS	/root/rescripted_registry_n_review	english_source_context_family_review
item:item.thermal.ender_bucket	sha256:ce837fff6f213dd51acfa86be4ea134570b8063a03dc7eb71f4bddb6042ff5d4	PASS	/root/rescripted_registry_n_review	english_source_context_family_review
item:item.thermal.ender_grenade	sha256:aa5cda6265e148f3ed1f79ac330b1220b77e0e687b72e5dca5d5d3535ef99947	PASS	/root/rescripted_registry_n_review	english_source_context_family_review
item:item.thermal.ender_pearl_dust	sha256:8a0d9ffb5235941d1d752634f83100ed7fdf7ed9fe48b8f459f958960f6903a4	PASS	/root/rescripted_registry_n_review	english_source_context_family_review
item:item.thermal.ender_tnt	sha256:24c16952e0b67b3e7a07c7ac679577b61ce272266840b2b4edf83d11613dc839	PASS	/root/rescripted_registry_n_review	english_source_context_family_review
item:item.thermal.enderium_coin	sha256:67e6efa092e8ee3f20ca7bd2994cfd032d445a8b9902ce01f10ffbbbd8d6a65d	PASS	/root/rescripted_registry_n_review	english_source_context_family_review
item:item.thermal.enderium_dust	sha256:5d05088f29da9929200e6f0eed9a515953ef42f51f149328a827f2d83e53f458	PASS	/root/rescripted_registry_n_review	english_source_context_family_review
item:item.thermal.enderium_gear	sha256:dc85add43cbb79d0604f6e2638fd16537d3eb724dc1ea160a6bfa366dbff6981	PASS	/root/rescripted_registry_n_review	english_source_context_family_review
item:item.thermal.enderium_ingot	sha256:62a9833ff769e96c784bebda8a1e2df0596f05f836bf96f7246e0a23c3eec1ca	PASS	/root/rescripted_registry_n_review	english_source_context_family_review
item:item.thermal.enderium_nugget	sha256:1445e1a9343c9dabec44aa76adf1927f78f1e423feb5815dad4e92fa6c0d49ab	PASS	/root/rescripted_registry_n_review	english_source_context_family_review
item:item.thermal.enderium_plate	sha256:c156343bad14492390d9a9c1e2f535cd66241083a9c0b15529226b5cc8b65cf9	PASS	/root/rescripted_registry_n_review	english_source_context_family_review
item:item.thermal.energy_limiter_attachment	sha256:117d860c1b1e807279d1dbc07161e493d308e1ff3632ca30807e4dff592f2c3e	PASS	/root/rescripted_registry_n_review	english_source_context_family_review
item:item.thermal.explosive_grenade	sha256:74723f182aa96b1bae715da43a1e9bd81e688cfa3295206b9a2fc1e2b64a2bf3	PASS	/root/rescripted_registry_n_review	english_source_context_family_review
item:item.thermal.filter_attachment	sha256:47f97e67fbe4c56a4db0474227f95226332559391b5cd08c45dd7af03834f161	PASS	/root/rescripted_registry_n_review	english_source_context_family_review
item:item.thermal.fire_grenade	sha256:27883dad0dc85521fd423a68f56bad16f76c25a90ea6967c92d2b850ea3bf78c	PASS	/root/rescripted_registry_n_review	english_source_context_family_review
item:item.thermal.fire_tnt	sha256:96997c1b3d48ae008651e5404d2313eb9710e1ea9c00255c20a434d5118f4766	PASS	/root/rescripted_registry_n_review	english_source_context_family_review
item:item.thermal.flax	sha256:81629dd6f277eebecea6f4ebeab0eb3b3b2881ae37b939e106b4271946a6d481	PASS	/root/rescripted_registry_n_review	english_source_context_family_review
item:item.thermal.flax_seeds	sha256:1e54f0d4cef3996d99f159aad83e86bb567cae9b9a4eb8220d12d0519bd26f19	PASS	/root/rescripted_registry_n_review	english_source_context_family_review
item:item.thermal.florb	sha256:46a5c2a06b8983d763784752d1e2da22355e7de01edc95879b994e52171a3337	PASS	/root/rescripted_registry_n_review	english_source_context_family_review
item:item.thermal.fluid_filter_augment	sha256:6537329fb05acfd722b734237cf19bfe543b5205b5d1a414633cef3b31f740ef	PASS	/root/rescripted_registry_n_review	english_source_context_family_review
item:item.thermal.fluid_reservoir	sha256:22d57aa7246512faaf4b3483534ce2ebab3cf91274d8327525e435f9c25a546e	PASS	/root/rescripted_registry_n_review	english_source_context_family_review
item:item.thermal.fluid_tank_augment	sha256:b4853bd17939a98b350fa5e9142523b3dbf94521769e4b60b44bda86d224b437	PASS	/root/rescripted_registry_n_review	english_source_context_family_review
item:item.thermal.fluid_tank_creative_augment	sha256:8a22e321ef8bbdf98389c179c38ade4de5480c65fce1348bfc5b4ce4fd369287	PASS	/root/rescripted_registry_n_review	english_source_context_family_review
item:item.thermal.flux_capacitor	sha256:eeee4ad68a31b4889c2605b7eed6af6d165dadb53d1dbb95e2357a6770ed2a4a	PASS	/root/rescripted_registry_n_review	english_source_context_family_review
item:item.thermal.flux_drill	sha256:49ba386568fc67e000f6911b39e9926b6e77927a75e0f05a1845dc3463eee723	PASS	/root/rescripted_registry_n_review	english_source_context_family_review
item:item.thermal.flux_magnet	sha256:c7c4bfe63adf9019e909417a4967defe89571c97f9b5cdf3539ad5f3d4cf66b4	PASS	/root/rescripted_registry_n_review	english_source_context_family_review
item:item.thermal.flux_saw	sha256:26676650f782f0064be29ea9aef6b801774f4ce3ed6a444847b93da8f36d71cd	PASS	/root/rescripted_registry_n_review	english_source_context_family_review
item:item.thermal.frost_melon_seeds	sha256:ecb9755dd09c4d69386d37cc856009d5d8481fde4a2526bb02a4b488797e34db	PASS	/root/rescripted_registry_n_review	english_source_context_family_review
item:item.thermal.frost_melon_slice	sha256:0f35c4a7beff342459ea1e7eea7c2f70dcdde00f2fefe0c291e6685b322a59e9	PASS	/root/rescripted_registry_n_review	english_source_context_family_review
item:item.thermal.glowstone_bucket	sha256:27ec8763d1ae4eeaa41dfd9db3ee0f9ca8eac16ba61fb64332877ef6977987a1	PASS	/root/rescripted_registry_n_review	english_source_context_family_review
item:item.thermal.glowstone_grenade	sha256:1a7ccf12373a58594eb25579fdf877471be9bfcd61aa5f8cf5cdd7cb5f18be7a	PASS	/root/rescripted_registry_n_review	english_source_context_family_review
item:item.thermal.glowstone_mushroom_spores	sha256:6493dc6576d4069f4c9eeed7ecda866b265074d9a1826c6ebb308399abe279db	PASS	/root/rescripted_registry_n_review	english_source_context_family_review
item:item.thermal.glowstone_tnt	sha256:bcec048d0493c6213c426ac539163534b5db7c2cb0b958436a01d234bbe70e3f	PASS	/root/rescripted_registry_n_review	english_source_context_family_review
item:item.thermal.gold_coin	sha256:96960859445843e1e25783f66a148648d5e6a8553d5650af31de72eec1fd1adb	PASS	/root/rescripted_registry_n_review	english_source_context_family_review
item:item.thermal.gold_dust	sha256:4a8a6bf57f69af82bb3c45678fcad050173fb69d587381f4136c5a95f05bfee4	PASS	/root/rescripted_registry_n_review	english_source_context_family_review
item:item.thermal.gold_gear	sha256:ac549920155ddad90205dffbf8c4125ff6c6451fe1fc317bd17a50d8f9f4a6a7	PASS	/root/rescripted_registry_n_review	english_source_context_family_review
item:item.thermal.gold_plate	sha256:bb22b7229f477c6238da3dc105d686d84bf7cb93fb1b12427dc81ded9131034d	PASS	/root/rescripted_registry_n_review	english_source_context_family_review
item:item.thermal.green_bean	sha256:cb37f30467b1da9b9c6af5dd72493628ff8727fb54e8054f224341395171bac5	PASS	/root/rescripted_registry_n_review	english_source_context_family_review
item:item.thermal.green_bean_pie	sha256:1c536739a311ab6425f3d2678d4b391bd73db924342d2f4654b6ad43dde9c9a2	PASS	/root/rescripted_registry_n_review	english_source_context_family_review
item:item.thermal.green_bean_seeds	sha256:bcf240702e4cad4453fa62a10c3ba5fc2c286adda8c2c80260b47838f18e93ac	PASS	/root/rescripted_registry_n_review	english_source_context_family_review
item:item.thermal.gunpowder_mushroom_spores	sha256:90e50a070fb196fdecf169a2c968e85d1a7ba9778eb0f11193f8500a6d8c87b0	PASS	/root/rescripted_registry_n_review	english_source_context_family_review
item:item.thermal.hazmat_boots	sha256:ef50131d6010c89f2b7ccf5f94ee24e8a3bafa6ec30341e1e74f3e3caa95c74a	PASS	/root/rescripted_registry_n_review	english_source_context_family_review
item:item.thermal.hazmat_chestplate	sha256:e9f48c7e096420b3aff05f6047ca90059591356e7dc8405bdb2cdaf674b2ad49	PASS	/root/rescripted_registry_n_review	english_source_context_family_review
item:item.thermal.hazmat_fabric	sha256:923d66e68ac438f9b2ac8f170374e300ae6ed35e5acca3dea88c48c2ca520a90	PASS	/root/rescripted_registry_n_review	english_source_context_family_review
item:item.thermal.hazmat_helmet	sha256:30102d65c3ab4bad1182ac52311cee0a5d7f5f33e737dbde6d5b710b8f407c9e	PASS	/root/rescripted_registry_n_review	english_source_context_family_review
item:item.thermal.hazmat_leggings	sha256:6d882be5e7b46249b12dc5027f6e2b78f6501378eae053beac6e24957ef484c4	PASS	/root/rescripted_registry_n_review	english_source_context_family_review
item:item.thermal.hearty_stew	sha256:c0b1c8d8b5ca26a741d242c49f5e3a6a5d188f09c306733b6d4b3851d72bfc19	PASS	/root/rescripted_registry_n_review	english_source_context_family_review
item:item.thermal.heavy_oil_bucket	sha256:5e054ab5325af1c24e02a477c95d84643b47a92ecf0a7eea5af622cfc80ab923	PASS	/root/rescripted_registry_n_review	english_source_context_family_review
item:item.thermal.hops	sha256:ee332425df0b0069c5067bb15fda8c3acf1ecd87c96e0c2d5c80ea3ef33fcb1e	PASS	/root/rescripted_registry_n_review	english_source_context_family_review
item:item.thermal.hops_seeds	sha256:91ab90b85ae4db9fa74fa3cb90ae167ca4e2f3281e9970c64ba0afc4ba623ee2	PASS	/root/rescripted_registry_n_review	english_source_context_family_review
item:item.thermal.ice_charge	sha256:0aad2eeaf73aae67b2e8a2d208cc4b8970b13f13557eaa40cde75bc92d984768	PASS	/root/rescripted_registry_n_review	english_source_context_family_review
item:item.thermal.ice_grenade	sha256:c90c5c2b55bf076e09926e2f477a63efa8c65ed807c76bddd0744cd48574b251	PASS	/root/rescripted_registry_n_review	english_source_context_family_review
item:item.thermal.ice_tnt	sha256:b57e1546e9207cb5c1a8af56d9d96e8d4c3618b4ef27b0570c72613470f34278	PASS	/root/rescripted_registry_n_review	english_source_context_family_review
item:item.thermal.invar_coin	sha256:9df1f155035c80640afef29abdc48a8ff2ad6c75dda5031f03ed6fe8e238c240	PASS	/root/rescripted_registry_n_review	english_source_context_family_review
item:item.thermal.invar_dust	sha256:d6a35d4b8d72129c21fbc9aee53db83358c43937e5b493c2f84bd0e5384a948f	PASS	/root/rescripted_registry_n_review	english_source_context_family_review
item:item.thermal.invar_gear	sha256:6ea69e9b8ce3a383cef15f9e13f37e937c9ae29a88366379f70f16e2a3fc56a0	PASS	/root/rescripted_registry_n_review	english_source_context_family_review
item:item.thermal.invar_ingot	sha256:04bfca0213d681fae1b7f2e0033b0c4dbd0368bc9ca9d58f4ad85c37a8265dd6	PASS	/root/rescripted_registry_n_review	english_source_context_family_review
item:item.thermal.invar_nugget	sha256:28d11ed119f2b8a4f50b1d8b79f2c65ebbd1eab898932e7a175d0b4d4ce8272f	PASS	/root/rescripted_registry_n_review	english_source_context_family_review
item:item.thermal.invar_plate	sha256:0d18d17a9d809c769b5654e1475917e5524a80a853e3c5357f97fc972f852363	PASS	/root/rescripted_registry_n_review	english_source_context_family_review
item:item.thermal.iron_coin	sha256:9c0605329e9811b88ae865c74a2f252b0acd1c9198dc4530fe741426d0be60d9	PASS	/root/rescripted_registry_n_review	english_source_context_family_review
item:item.thermal.iron_dust	sha256:e905ae495aa2eb932a6ef29ec2eb440f562c3f605d673424c8f6cefa7320f196	PASS	/root/rescripted_registry_n_review	english_source_context_family_review
item:item.thermal.iron_gear	sha256:68663d6d91f32348bb8d4b3b1b17945d4b24ecef36cc9f2743171fafb24487f9	PASS	/root/rescripted_registry_n_review	english_source_context_family_review
item:item.thermal.iron_plate	sha256:2b2c463b7a5206ed7abbbb23518daf03e2394a90ab9cc8f9cd1ccb1d0c4d174d	PASS	/root/rescripted_registry_n_review	english_source_context_family_review
item:item.thermal.item_filter_augment	sha256:a309ac7295c734769ec1044aaba398db67123159f8c731a1eb52f434f449bdc1	PASS	/root/rescripted_registry_n_review	english_source_context_family_review
item:item.thermal.jar	sha256:a74d07fdf61682489236e610ba97ea6a2c76f3a1a5c4820bba8765dcc46e04f8	PASS	/root/rescripted_registry_n_review	english_source_context_family_review
item:item.thermal.jelly	sha256:0ce3f3fb759d93dd8f606eec9ecc3ce044a6476da863ec7a90d5de870f715e63	PASS	/root/rescripted_registry_n_review	english_source_context_family_review
item:item.thermal.junk_net	sha256:f516e2e81771a5ed9e8533a6954f73ba621afd6dea963b0c8b2b5e80a31d6d88	PASS	/root/rescripted_registry_n_review	english_source_context_family_review
item:item.thermal.lapis_dust	sha256:770ddf4e549d505b233aa78852d4a6e03123c862680a88543f60ede691ccb8d9	PASS	/root/rescripted_registry_n_review	english_source_context_family_review
item:item.thermal.lapis_gear	sha256:50023dfa94d60cad903d9969805a8f92f6e2742fc6edc5e68b07643c9fef7cb7	PASS	/root/rescripted_registry_n_review	english_source_context_family_review
item:item.thermal.laser_diode	sha256:036d2de651109626accb43cef7c7a5a6cc5e819b502ff419c27e8b931f123713	PASS	/root/rescripted_registry_n_review	english_source_context_family_review
item:item.thermal.latex_bucket	sha256:a7e74f5c80bf34502ca8aaad5b4b6d0087e2990d19a9b4fa91e82f2c2488ed9f	PASS	/root/rescripted_registry_n_review	english_source_context_family_review
item:item.thermal.lead_coin	sha256:cae0683bfb6f46b5986cc4b65ac81916d013c099772791a956a8fcdc2d345f80	PASS	/root/rescripted_registry_n_review	english_source_context_family_review
item:item.thermal.lead_dust	sha256:e75b059870623567c56ad9ff428e15b4e0f033f1448d6105ce3a1694d8576aaa	PASS	/root/rescripted_registry_n_review	english_source_context_family_review
item:item.thermal.lead_gear	sha256:013994423efa2078ccbd44e9f77ea14f81e9b2976cc48b886121574a976fffd6	PASS	/root/rescripted_registry_n_review	english_source_context_family_review
item:item.thermal.lead_ingot	sha256:c68b6ffbc49d7ebb4eca521440c5af08ff2a4b8d77d536ddec2ec3b519e5a53a	PASS	/root/rescripted_registry_n_review	english_source_context_family_review
item:item.thermal.lead_nugget	sha256:b1df56a57b66b1cd0484c57064d30fabd7bd321c695d7787fb3ee6ac9622edbd	PASS	/root/rescripted_registry_n_review	english_source_context_family_review
item:item.thermal.lead_plate	sha256:d31a8f52eaa3a4dc2ca3031e686da29ef6b49479e87a351def82402aa729219b	PASS	/root/rescripted_registry_n_review	english_source_context_family_review
item:item.thermal.light_oil_bucket	sha256:c7870a8bf4e075b0d6aaaa3637de32946147908bed8c498621e2e07ca333be11	PASS	/root/rescripted_registry_n_review	english_source_context_family_review
item:item.thermal.lightning_charge	sha256:51bd8b159627c19a528f99104109d52b20621d37d4637159ef29f87e2f5b93af	PASS	/root/rescripted_registry_n_review	english_source_context_family_review
item:item.thermal.lightning_grenade	sha256:6fdc2a342abae6b4d802962d416aeab6ea8f7b8e7d8ec3cb98555a248a5b9459	PASS	/root/rescripted_registry_n_review	english_source_context_family_review
item:item.thermal.lightning_tnt	sha256:639ceff3fea2e8643b107d353d61e01b298a40cce908583a4c6cdb9480bc9963	PASS	/root/rescripted_registry_n_review	english_source_context_family_review
item:item.thermal.lock	sha256:2447fcfec88c61fde189804de5565193db23340e7300de566494d2c5a86f5350	CHANGE	/root/rescripted_registry_n_review	english_source_context_family_review
item:item.thermal.lumium_coin	sha256:c33ebd2ccf3c643bf0099f5c62488092577bc5cc0f58f2122b259fb2bbed0f16	PASS	/root/rescripted_registry_n_review	english_source_context_family_review
item:item.thermal.lumium_dust	sha256:6d8bc819e9805badc1758bc8fb49da68c90e8395c039599c216991cfa3835c72	PASS	/root/rescripted_registry_n_review	english_source_context_family_review
item:item.thermal.lumium_gear	sha256:9d3860f02d122c93fb8b2b069a90c585166ea21025e9bc00c4c178644a00264f	PASS	/root/rescripted_registry_n_review	english_source_context_family_review
item:item.thermal.lumium_ingot	sha256:3f46cf28d8572a26cd33b9ee41a81c0f00279a8bae053f9967a58541fb01632f	PASS	/root/rescripted_registry_n_review	english_source_context_family_review
item:item.thermal.lumium_nugget	sha256:b311d019776e1ceda64614d1d1e654429e2fd63000268e6b60f39f281bd5935d	PASS	/root/rescripted_registry_n_review	english_source_context_family_review
item:item.thermal.lumium_plate	sha256:296c2909e9f17918d7c79891daece6d3c3043c153c49914fd56405f4f66e5bf0	PASS	/root/rescripted_registry_n_review	english_source_context_family_review
item:item.thermal.machine_catalyst_augment	sha256:d05ba30cf1013c8b53a1d72e583976fa4bf3dade82b11d545b1c62f8b56ebb1b	PASS	/root/rescripted_registry_n_review	english_source_context_family_review
item:item.thermal.machine_catalyst_creative_augment	sha256:570de318816b6eb4038f88665a9d6dc6be524105c3af0a77e388d286302dba3d	PASS	/root/rescripted_registry_n_review	english_source_context_family_review
item:item.thermal.machine_cycle_augment	sha256:ae725a113c83529730ceff3882be9261e6738fdc8cf8ded86a9c66c402e753e5	PASS	/root/rescripted_registry_n_review	english_source_context_family_review
item:item.thermal.machine_efficiency_augment	sha256:ce4b280a99e2e81b11c72d4adec151087a338872bedc23e5898db6906b245f5c	PASS	/root/rescripted_registry_n_review	english_source_context_family_review
item:item.thermal.machine_efficiency_creative_augment	sha256:7d678475599429ffd5d20e86a0552ee6bb6443c507457bfcbd6d1c3021f3c3a8	PASS	/root/rescripted_registry_n_review	english_source_context_family_review
item:item.thermal.machine_null_augment	sha256:ccabb0a9cbc04551fed54ee36feb4d9c09a27d66aeb227fb1b6c2e3198ca5475	PASS	/root/rescripted_registry_n_review	english_source_context_family_review
item:item.thermal.machine_output_augment	sha256:b06055b71b26d6e2d5e0b80ac3b6b7ccd362f57e7b9bc0e9cf8a4056b8e864b1	PASS	/root/rescripted_registry_n_review	english_source_context_family_review
item:item.thermal.machine_speed_augment	sha256:fd42f4221026cb4e3d776cde2c39bce9f8941fbb13c4323d57c69e85256120aa	PASS	/root/rescripted_registry_n_review	english_source_context_family_review
item:item.thermal.netherite_coin	sha256:fc6195489a8d92ee946ef3f29b7acf2144b464b1aa8fad57ee50e2e33c09257b	PASS	/root/rescripted_registry_n_review	english_source_context_family_review
item:item.thermal.netherite_dust	sha256:372049c111dcf258186c1760ce0a5bfa90dd6eed28531b828fe58cc8d4e576c0	PASS	/root/rescripted_registry_n_review	english_source_context_family_review
item:item.thermal.netherite_gear	sha256:142de055974c4f5bcc651b61339f878a0d3d28a6c51d00fa358d8d95e4951e03	PASS	/root/rescripted_registry_n_review	english_source_context_family_review
item:item.thermal.netherite_nugget	sha256:4a3dbe82b118f43f908fec25baf298a6a594a9321682db84aa6591bc2dea7cfe	PASS	/root/rescripted_registry_n_review	english_source_context_family_review
item:item.thermal.netherite_plate	sha256:b92a47cdde8b9c274ae5fc285214877478ada29d4e64d769717189d2b11b853e	PASS	/root/rescripted_registry_n_review	english_source_context_family_review
item:item.thermal.nickel_coin	sha256:7556df2bd1c5eaccc61828705426e5c87460814d1e661090a74598d43d4202cd	PASS	/root/rescripted_registry_n_review	english_source_context_family_review
item:item.thermal.nickel_dust	sha256:1ce6a10ff8113e06d6158f0052c10372049fcf90b316f187a6dc56db8f6e1290	PASS	/root/rescripted_registry_n_review	english_source_context_family_review
item:item.thermal.nickel_gear	sha256:6663073039d559c3f2cf78b2e49a88d59fc573f3d6f1000482bd9fd8f6890f39	PASS	/root/rescripted_registry_n_review	english_source_context_family_review
item:item.thermal.nickel_ingot	sha256:334da2eff9aa489a1fac51e03f90709781e812bbb0c2692f36ca84969b4dfce4	PASS	/root/rescripted_registry_n_review	english_source_context_family_review
item:item.thermal.nickel_nugget	sha256:9520ec336dacfb0d80db908fe7c01f91564cd69bc85b749561d65e620ee38991	PASS	/root/rescripted_registry_n_review	english_source_context_family_review
item:item.thermal.nickel_plate	sha256:93bf40bc86b162126921daba417574ea59cf33499765df6de415db6197d0c95e	PASS	/root/rescripted_registry_n_review	english_source_context_family_review
item:item.thermal.niter	sha256:5763ea44c77bdcb636ea3c9b175e513beb5f66b5d17b891568e741cb0a217b97	PASS	/root/rescripted_registry_n_review	english_source_context_family_review
item:item.thermal.niter_dust	sha256:1edbc91f51a0fd84167634171dd4dfb5f7c474c40e5e5b7cfe62b18b71a27c2e	PASS	/root/rescripted_registry_n_review	english_source_context_family_review
item:item.thermal.nuke_grenade	sha256:7d13ce766b8212c4fec1a4ab2cfda5ea2b003ef717e3ab86892ec490d24cc177	PASS	/root/rescripted_registry_n_review	english_source_context_family_review
item:item.thermal.nuke_tnt	sha256:9e537bc19c1abe9337688c0834a99b33815f1f1efc3c6d21686d9a523de58175	PASS	/root/rescripted_registry_n_review	english_source_context_family_review
item:item.thermal.onion	sha256:cc278ed65b2d4d792808abde8bcf79848ad5c13f4f9f540eb4cfef3d74902029	PASS	/root/rescripted_registry_n_review	english_source_context_family_review
item:item.thermal.onion_seeds	sha256:199cb1c488fd759af819d83063a49b5a74e6aa7fec1537780de025dc901f765a	PASS	/root/rescripted_registry_n_review	english_source_context_family_review
item:item.thermal.pbj_sandwich	sha256:4cb4394a636eccdded974eb61d5ffa9fae22b5af3542d09ae60f8572b2d079f0	PASS	/root/rescripted_registry_n_review	english_source_context_family_review
item:item.thermal.peanut	sha256:532e896395d0b7e8bfb26356523c00891077857e8bc3e9ca588ebae7939803ee	PASS	/root/rescripted_registry_n_review	english_source_context_family_review
item:item.thermal.peanut_butter	sha256:75d30f092293a0b6f6e9ce20270dff0d0e8c3827520ab7e7daf9dd3dce70001e	PASS	/root/rescripted_registry_n_review	english_source_context_family_review
item:item.thermal.peanut_seeds	sha256:9ebf31d4813895d0bc898e94cad26c43155ef923ca588954e404a8bfd3f0f1e4	PASS	/root/rescripted_registry_n_review	english_source_context_family_review
item:item.thermal.phyto_grenade	sha256:32106c19b478856ff330b1ca8ae6774c9b7fb2b2443eb23c49283bad83206920	PASS	/root/rescripted_registry_n_review	english_source_context_family_review
item:item.thermal.phyto_tnt	sha256:0c3bf5cdc88a8f06c54a87563abd75c3834fd5698047c1c1cd8de67739508a01	PASS	/root/rescripted_registry_n_review	english_source_context_family_review
item:item.thermal.phytogro	sha256:fb6c359a9c1fca3df7e648dae4e7824469185ce101cd3e825cf44a5b03256091	PASS	/root/rescripted_registry_n_review	english_source_context_family_review
item:item.thermal.potion_amplifier_augment	sha256:334e6964c4c355e8761398126db040f88b24ca5fb4bbad63fd33b9d8c9fb5c98	PASS	/root/rescripted_registry_n_review	english_source_context_family_review
item:item.thermal.potion_duration_augment	sha256:303d6a052dd1a9b0d71e69ef648d29e42397432f84964fe300fb9b2880f39203	PASS	/root/rescripted_registry_n_review	english_source_context_family_review
item:item.thermal.potion_infuser	sha256:6645e68334da1a13dd97198b3f05fc034de441102ee174e467dba0b3889f0016	PASS	/root/rescripted_registry_n_review	english_source_context_family_review
item:item.thermal.potion_quiver	sha256:51851d3ef8c9bed4357946a69783808c25bffe4d559fe65dde992da8b572da2f	PASS	/root/rescripted_registry_n_review	english_source_context_family_review
item:item.thermal.press_coin_die	sha256:04a5dded3878452b183b9ebcd470455f0ff43421566dd1593a856c23dd5f29f6	PASS	/root/rescripted_registry_n_review	english_source_context_family_review
item:item.thermal.press_gear_die	sha256:297b90e8cd114ab7b595e33f1f6aafc011ffb3b38a8ae783611ed73251c65487	PASS	/root/rescripted_registry_n_review	english_source_context_family_review
item:item.thermal.press_packing_2x2_die	sha256:bc2d667f96263badf4d55e51a48804cbc7137c8a58bf6c21767d0b645735ab59	PASS	/root/rescripted_registry_n_review	english_source_context_family_review
item:item.thermal.press_packing_3x3_die	sha256:4361f06e8b864791788510128977afe63eea6684083dd49a8592ba0f4e663cde	PASS	/root/rescripted_registry_n_review	english_source_context_family_review
item:item.thermal.press_unpacking_die	sha256:b0b32d195253d19e694f59e4694cdcb196a6e91587dddae0e366a47e74a55a2f	PASS	/root/rescripted_registry_n_review	english_source_context_family_review
item:item.thermal.quartz_dust	sha256:e1e370d98093f067696ca192a07d16332ced260a4138566f838e2d573a5617fb	PASS	/root/rescripted_registry_n_review	english_source_context_family_review
item:item.thermal.quartz_gear	sha256:5a0f913b7fb3f5e1d37cc49effebf13065ec13208c127655b6fe3b280b2a3459	PASS	/root/rescripted_registry_n_review	english_source_context_family_review
item:item.thermal.radish	sha256:fb56c2b5e92844be14b6f01cc765cba60a102357ec201e451d00217d7b18f3aa	PASS	/root/rescripted_registry_n_review	english_source_context_family_review
item:item.thermal.radish_seeds	sha256:1d5014193faced929b194c7e016d37b09324a1b5dd5da78bd8c35a6c158deafe	PASS	/root/rescripted_registry_n_review	english_source_context_family_review
item:item.thermal.raw_lead	sha256:7d1507ad7f4c2f76a17059759d3cff80e47768805ab20ce40c09dcde942ba3dc	PASS	/root/rescripted_registry_n_review	english_source_context_family_review
item:item.thermal.raw_nickel	sha256:2709eae82772753a8485f6a4e40ed0ec4e779eef6ce8449847f5d4ce9b67b755	PASS	/root/rescripted_registry_n_review	english_source_context_family_review
item:item.thermal.raw_silver	sha256:427c0a93c7570f49299c4bf7ff142ae129582b2ecbf564f4ef973c423b64f695	PASS	/root/rescripted_registry_n_review	english_source_context_family_review
item:item.thermal.raw_tin	sha256:8637ed62d7bdb5c5c65127b6b9d1f557e25226f99b1cac686538058b8d115950	PASS	/root/rescripted_registry_n_review	english_source_context_family_review
item:item.thermal.redprint	sha256:c693d10b24a428aa1546f1a7b57d6d96608518f1ce594debe7199f2b40dcb1a2	PASS	/root/rescripted_registry_n_review	english_source_context_family_review
item:item.thermal.redstone_bucket	sha256:1d00f051d079795eb99c64e9127e8d255e98db65700ff71b42abc55c8d8ccce5	PASS	/root/rescripted_registry_n_review	english_source_context_family_review
item:item.thermal.redstone_grenade	sha256:72aef6d6bdea49d02453245ac9c709672dfac7a2af14a6f31326f3e2e847e03d	PASS	/root/rescripted_registry_n_review	english_source_context_family_review
item:item.thermal.redstone_mushroom_spores	sha256:b3ea48819ea593b69e331beb60e0ac1017daf940994e849d0d09e83551c1820b	PASS	/root/rescripted_registry_n_review	english_source_context_family_review
item:item.thermal.redstone_servo	sha256:384a4d6702c354fd9aa7731dc405dc0f61db843869b6e918ab4014e3e86adfbf	PASS	/root/rescripted_registry_n_review	english_source_context_family_review
item:item.thermal.redstone_tnt	sha256:70d3d6fa7ef433e498f8fb894364bb76947f3587b00feed037be42c01b369da3	PASS	/root/rescripted_registry_n_review	english_source_context_family_review
item:item.thermal.refined_fuel_bucket	sha256:3eee500a663e8debb286a1637dcf2523a3d5c47de2e577edd00aa9802d450b25	PASS	/root/rescripted_registry_n_review	english_source_context_family_review
item:item.thermal.resin_bucket	sha256:27d7023526dcb8a45b501164b53117f60cdf5f4379c3a274d6c7f6c7deaf2239	PASS	/root/rescripted_registry_n_review	english_source_context_family_review
item:item.thermal.rf_coil	sha256:f6b7e5df2da287b3bba240b7d4e071d4dc7ad3efb7af7ff3546e3161a902f906	PASS	/root/rescripted_registry_n_review	english_source_context_family_review
item:item.thermal.rf_coil_augment	sha256:3231d5e3b8c1b6ec6090cd2e17470fb513e853261c5647e171aabd7aeee733a8	PASS	/root/rescripted_registry_n_review	english_source_context_family_review
item:item.thermal.rf_coil_creative_augment	sha256:18cfc320334b9eda263266085328a67a16fd666d3d215921fea33c3373f71aee	PASS	/root/rescripted_registry_n_review	english_source_context_family_review
item:item.thermal.rf_coil_storage_augment	sha256:2b52be7cd70bd54c8b483ca746aad4308f07ba5d959af7af5da2aed4d914c65d	PASS	/root/rescripted_registry_n_review	english_source_context_family_review
item:item.thermal.rf_coil_xfer_augment	sha256:1f26279f96c5fa91ef3d40a92ba10cdbf240274164cf114aaf375d84b6cca93b	PASS	/root/rescripted_registry_n_review	english_source_context_family_review
item:item.thermal.rf_potato	sha256:ad41773dfaa7fdc1271af578afcd2f60ba1b0c52cd279ee7e30b639da00fc150	PASS	/root/rescripted_registry_n_review	english_source_context_family_review
item:item.thermal.rice	sha256:1b9bc7b7376e6c5c0f1042dfdd42ac68017d8cee72988967d7c670d40c466c85	PASS	/root/rescripted_registry_n_review	english_source_context_family_review
item:item.thermal.rice_seeds	sha256:ec184f31cff94dc6a98c7861f1bcbe15500d8e207cc35ddf4474d7ecb1128ac7	PASS	/root/rescripted_registry_n_review	english_source_context_family_review
item:item.thermal.rich_slag	sha256:5116cce06985296f723793fd3d8da13cd2dbf85bce4c1edff78e7b05572ab6e0	PASS	/root/rescripted_registry_n_review	english_source_context_family_review
item:item.thermal.rosin	sha256:872336607466c9fb2964d8c2374b90777eb958b43fc2e3258944941eafa0f81d	PASS	/root/rescripted_registry_n_review	english_source_context_family_review
item:item.thermal.rs_control_augment	sha256:5d6b3d3143932873801f0750ac46e7013cfcda447de1f24e977d0f376275a4b1	PASS	/root/rescripted_registry_n_review	english_source_context_family_review
item:item.thermal.rubber	sha256:4ae50ec7e52506bf10f7a470fb9708447464471885ccd555e1c954040ab2115d	PASS	/root/rescripted_registry_n_review	english_source_context_family_review
item:item.thermal.rubberwood_boat	sha256:ab171c7e21389b08d6eeea42ae2243944d7b113ae5fa1580dd5e224ba15d8cc0	PASS	/root/rescripted_registry_n_review	english_source_context_family_review
item:item.thermal.rubberwood_chest_boat	sha256:264ca06a255161b075a835078411db7679eb4192d38d0a38da6aee2fb57d9a52	PASS	/root/rescripted_registry_n_review	english_source_context_family_review
item:item.thermal.ruby	sha256:108040ac289a13952927ac14f658a0b06cf24612c43375801b63f87be11191f7	PASS	/root/rescripted_registry_n_review	english_source_context_family_review
item:item.thermal.ruby_dust	sha256:8ccd0f7d24030ecf3afcfb4477fcfb81d4a5a0692c7024b8354e7d36f9f4fa25	PASS	/root/rescripted_registry_n_review	english_source_context_family_review
item:item.thermal.ruby_gear	sha256:c74ce08ad26933eaa4ab2bd43b43637db1e0c607581e0782894bdf47e73c883f	PASS	/root/rescripted_registry_n_review	english_source_context_family_review
item:item.thermal.sadiroot	sha256:32fcc8b694d1c20f00c584bedd4c6d7388a4cdebdb7d4964971185078a78c312	PASS	/root/rescripted_registry_n_review	english_source_context_family_review
item:item.thermal.sadiroot_seeds	sha256:ac6cd2bbbccca912d313457cf573158f66cc01fa6a3369da5560015b6e2a60db	PASS	/root/rescripted_registry_n_review	english_source_context_family_review
item:item.thermal.sap_bucket	sha256:eba28660b8fbbdd52deeb21f936bf8069c6e1a0650f3e0886de100598247de35	PASS	/root/rescripted_registry_n_review	english_source_context_family_review
item:item.thermal.sapphire	sha256:d142d3dd1dbb1367889d5cced0661154ed13225b860dafade85b0fb69725b557	PASS	/root/rescripted_registry_n_review	english_source_context_family_review
item:item.thermal.sapphire_dust	sha256:332e99e3450e80936cc45f6efe717a6047024588a08713d7ce163d3b1ca07f91	PASS	/root/rescripted_registry_n_review	english_source_context_family_review
item:item.thermal.sapphire_gear	sha256:e733d26f4d9c92ca6aeec8e4697d79b6bb690cac8dc1bd7e04feb9a63584b885	PASS	/root/rescripted_registry_n_review	english_source_context_family_review
item:item.thermal.satchel	sha256:f9344246bd9b9bfc6d1174bfb6d7cf910941d0e3781228d8a58208fb8e870c29	PASS	/root/rescripted_registry_n_review	english_source_context_family_review
item:item.thermal.saw_blade	sha256:6c01f307537388ed26b5ef9248c64149a99e4b8cf0ea0f5b398e863ee6632c5a	PASS	/root/rescripted_registry_n_review	english_source_context_family_review
item:item.thermal.sawdust	sha256:10119ee70ac872a046a56b72f0ecaac1a6ef41180b53a0e939c6141b3d22d58e	PASS	/root/rescripted_registry_n_review	english_source_context_family_review
item:item.thermal.servo_attachment	sha256:2a193aa8bc8b8ccebef63b7a57052522a2f979d6e28f448f353d8bbbc7034b7b	PASS	/root/rescripted_registry_n_review	english_source_context_family_review
item:item.thermal.side_config_augment	sha256:05606ee6df1ea84b435ec7e6676179323f6718fb794ddd965d4c23a217326efe	PASS	/root/rescripted_registry_n_review	english_source_context_family_review
item:item.thermal.signalum_coin	sha256:32853e0ab1ff20680039181d526e79733359e14eb306b2b8a317868cfe648fb4	PASS	/root/rescripted_registry_n_review	english_source_context_family_review
item:item.thermal.signalum_dust	sha256:422abb9e38e902a8bbd5cb972802a7fd204480e2df5cf14dabb62bd35f36f27c	CHANGE	/root/rescripted_registry_n_review	english_source_context_family_review
item:item.thermal.signalum_gear	sha256:0a2cab1e1b03e662b1829968a34c4903a9ad93169dbfa822ccd52045bc54e4f7	PASS	/root/rescripted_registry_n_review	english_source_context_family_review
item:item.thermal.signalum_ingot	sha256:32b7c4bd499f9dd528c3859aeec1cf397542b003acce6db3e192040eebebd9cc	PASS	/root/rescripted_registry_n_review	english_source_context_family_review
item:item.thermal.signalum_nugget	sha256:b936b47308e0f20f3ab946fe1b7f56af7720ea05637debae201a242300c9f787	PASS	/root/rescripted_registry_n_review	english_source_context_family_review
item:item.thermal.signalum_plate	sha256:ede8ec78ea8bceb5b4968747c73024172d73d23c2b7ebbc9b1f3473a6a648117	PASS	/root/rescripted_registry_n_review	english_source_context_family_review
item:item.thermal.silver_coin	sha256:d747dd779a07a2add1c1f9e9121fc3fbabff0978a8cda90d307be2a2a2752e45	PASS	/root/rescripted_registry_n_review	english_source_context_family_review
item:item.thermal.silver_dust	sha256:0f3d248cb97bcddad8555d766cb165c21dfcb50a9f6824c6b39769283c3fd26f	PASS	/root/rescripted_registry_n_review	english_source_context_family_review
item:item.thermal.silver_gear	sha256:b1788e53722fcd391af5e0cbb0661114c4165665483d2d1f3ceaa2b4590e8152	PASS	/root/rescripted_registry_n_review	english_source_context_family_review
item:item.thermal.silver_ingot	sha256:47635d7a1f5798f83c3ceda22cf37ebf2ae45bed03a75f6e3f437a66b4351c8e	PASS	/root/rescripted_registry_n_review	english_source_context_family_review
item:item.thermal.silver_nugget	sha256:c63786f264ce26d49d68f6b4d44a3ec74a1aae556a227c1c32a7948007e2b142	PASS	/root/rescripted_registry_n_review	english_source_context_family_review
item:item.thermal.silver_plate	sha256:165b4100795bdb5d0a2e97ba472f0ee2f93101f5145901f41c1bbab8b7bc49ce	PASS	/root/rescripted_registry_n_review	english_source_context_family_review
item:item.thermal.slag	sha256:470634953f845a332d5d9ff8ea09bf0b1daa9f60abc6ea4fe23e8ca8af37b6e0	PASS	/root/rescripted_registry_n_review	english_source_context_family_review
item:item.thermal.slime_grenade	sha256:78327a613aeb681d438ea6ce58721e6771987cafe0946015b0ebf462d54c2db6	PASS	/root/rescripted_registry_n_review	english_source_context_family_review
item:item.thermal.slime_mushroom_spores	sha256:0e0f69982a2bc9b8914985440b41bfd556fe80e7f7b6066140e2096b4d1932b1	PASS	/root/rescripted_registry_n_review	english_source_context_family_review
item:item.thermal.slime_tnt	sha256:507b0a6861083deb78912a4d7943a2a55683ed784f66b99023b5b0ffc014e050	PASS	/root/rescripted_registry_n_review	english_source_context_family_review
item:item.thermal.slot_seal	sha256:e447cef554933ac911efa224e2396cc1c2f02f8c38856be073119a150d007592	PASS	/root/rescripted_registry_n_review	english_source_context_family_review
item:item.thermal.spinach	sha256:115848bd1b625cfe983273f195922a7553f0a63022873a97c8c9966d1cbcad47	PASS	/root/rescripted_registry_n_review	english_source_context_family_review
item:item.thermal.spinach_seeds	sha256:bab99b5923ecf64317e993e4c8dba0ccf9abe93006661b85da8b535326200e81	PASS	/root/rescripted_registry_n_review	english_source_context_family_review
item:item.thermal.spring_salad	sha256:41f1620c37ff853394b1e645ad6ce80f5a5732a6034501879063bc4d5eab5deb	PASS	/root/rescripted_registry_n_review	english_source_context_family_review
item:item.thermal.strawberry	sha256:8b08b70bef0c5f31046c217add159aca8236f286665088b39d872ae5b37c1771	PASS	/root/rescripted_registry_n_review	english_source_context_family_review
item:item.thermal.strawberry_seeds	sha256:0e9c0724c5327de1a636b6b856d39384acfb0e59a078ce65ee3b7193a11fd1ab	PASS	/root/rescripted_registry_n_review	english_source_context_family_review
item:item.thermal.stuffed_pepper	sha256:df1cbdf8d605ff193445a1e4c35a12e659c121f3886a2aabfaba3728bd202bec	PASS	/root/rescripted_registry_n_review	english_source_context_family_review
item:item.thermal.sulfur	sha256:2c5cc137169abef6de5ea1cbd62cbeac1577e926ec4903dc25e1698e19a4ef26	PASS	/root/rescripted_registry_n_review	english_source_context_family_review
item:item.thermal.sulfur_dust	sha256:1a7005299aee0f81982b749b8bf13da327d60bd4d102b440cb4fee2eb3c0ea2a	PASS	/root/rescripted_registry_n_review	english_source_context_family_review
item:item.thermal.sushi_maki	sha256:ace505f003c9eb164aa5dc4cb062ae65a2831159a9fbbc466e7658248855bb38	PASS	/root/rescripted_registry_n_review	english_source_context_family_review
item:item.thermal.syrup_bottle	sha256:2146e15955034551d0054f8eec0e32e7c4619e383f37d4fdcd94dc37fbcdeb22	PASS	/root/rescripted_registry_n_review	english_source_context_family_review
item:item.thermal.syrup_bucket	sha256:65557fbfa540468ac6b471d4e0f73707e980b444a1c3e1d9050e662179e01071	PASS	/root/rescripted_registry_n_review	english_source_context_family_review
item:item.thermal.tar	sha256:fbba2e9621ee7f0784f4b440f46cb1269ec352c5abd39a725fb0a78a7431822b	PASS	/root/rescripted_registry_n_review	english_source_context_family_review
item:item.thermal.tea	sha256:179385816aa4609a36a6514a175aff945b857b4da84c2262881e8904ed192864	PASS	/root/rescripted_registry_n_review	english_source_context_family_review
item:item.thermal.tea_seeds	sha256:b3a0d3790b2d9e20513726f650356f8dccddd3286cfbdce03d15ae02692fe30d	PASS	/root/rescripted_registry_n_review	english_source_context_family_review
item:item.thermal.tin_coin	sha256:4fa849a0809bc9b70089685bb6005fb6536b0fe4b05839712a209e7415257d3c	PASS	/root/rescripted_registry_n_review	english_source_context_family_review
item:item.thermal.tin_dust	sha256:77ba6816d5b5af74996b60491abc71648354adff8d9487f8fd428e2f6b5582f2	PASS	/root/rescripted_registry_n_review	english_source_context_family_review
item:item.thermal.tin_gear	sha256:2adc7200b797bcfae8933b3a39f26460719c82558f5074e44001cf3456470262	PASS	/root/rescripted_registry_n_review	english_source_context_family_review
item:item.thermal.tin_ingot	sha256:d01eaae77844ec58d865d2f4f3c79ef7a6dc191ccab869fce8eb9aa30a54842d	PASS	/root/rescripted_registry_n_review	english_source_context_family_review
item:item.thermal.tin_nugget	sha256:9f3dace3a97768c16942999945ddd6c48200a3cf9400becf8ae21618f11b785b	PASS	/root/rescripted_registry_n_review	english_source_context_family_review
item:item.thermal.tin_plate	sha256:3d1180b32eb346f1eecec05d7f5aa838ce42b90f72e94eaf89fc5a0b6cb03052	PASS	/root/rescripted_registry_n_review	english_source_context_family_review
item:item.thermal.tomato	sha256:8289a9844fd5125f9ecc55b600da78766f44f8477d0a908e2962fbd77eb78372	PASS	/root/rescripted_registry_n_review	english_source_context_family_review
item:item.thermal.tomato_sauce	sha256:b5c2d0cbea4681e31bfaf2ff4b19b3b9ad9e92bcf2af6d69d52af3af31a89662	PASS	/root/rescripted_registry_n_review	english_source_context_family_review
item:item.thermal.tomato_seeds	sha256:4c8e9dce94b758dc36b1dcdb87327c7fe3a1cfda06aed5c04c46d29c46dcfc6f	PASS	/root/rescripted_registry_n_review	english_source_context_family_review
item:item.thermal.tree_oil_bucket	sha256:c9d08e1efb1120f846a709a032cfcfb38365bd146e0dc9c46c17fbaac216e7df	PASS	/root/rescripted_registry_n_review	english_source_context_family_review
item:item.thermal.turbo_servo_attachment	sha256:b5bf42f08013a8e89e1b657114168b158f0d2d966e084d50f28a03072dea2e9d	PASS	/root/rescripted_registry_n_review	english_source_context_family_review
item:item.thermal.upgrade_augment_1	sha256:6648280aa990dbd03a1ee8ffb34935d362e5fd9e0bd284b4e4174d9705e3c7ee	PASS	/root/rescripted_registry_n_review	english_source_context_family_review
item:item.thermal.upgrade_augment_2	sha256:0a36746a935dde847a74d05b87482aab96a22144de7476f14f63b8dfd0b1e0f4	PASS	/root/rescripted_registry_n_review	english_source_context_family_review
item:item.thermal.upgrade_augment_3	sha256:7930b477f7b5fb20614532d4f2e5c1303d84dbb6fb3539997a3845191207c9e5	PASS	/root/rescripted_registry_n_review	english_source_context_family_review
item:item.thermal.watering_can	sha256:310d664f4cb950ef0d3b089abd3c01b4a6b0ec7847f16e9dd7f573405c40ee79	PASS	/root/rescripted_registry_n_review	english_source_context_family_review
item:item.thermal.wrench	sha256:695d0db7a06dc10d44b34d791d26358bf75b4654ed9322eabaa5dbf9c8ea9d48	PASS	/root/rescripted_registry_n_review	english_source_context_family_review
item:item.thermal.xp_crystal	sha256:a29de41e3a29cc593df02ffeb613ed52c54a98cc20986b84a902a0aefb2af15d	PASS	/root/rescripted_registry_n_review	english_source_context_family_review
item:item.thermal.xp_stew	sha256:6ab11f94eea1edf1628674b99c1114c2ab23d5451c3944dce6648d55bfb7319d	PASS	/root/rescripted_registry_n_review	english_source_context_family_review
item:item.thermal.xp_storage_augment	sha256:e10f07e303f037fc8ebcd039f6d0dafb7a70eded7d87cd1d3b880c8ae8ace9c5	PASS	/root/rescripted_registry_n_review	english_source_context_family_review
item:item.tiab.time_in_a_bottle	sha256:24e0ffa0dba97858d0293cf8b49e2e5adfc91b70f5ec8b50066de17dafa4195c	PASS	/root/rescripted_registry_n_review	english_source_context_family_review
item:item.waystones.attuned_shard	sha256:ad37326fba49046475c5a18a95f6bfb4d218a3b6f185fbba403c1fe1ad8ff1bb	PASS	/root/rescripted_registry_n_review	english_source_context_family_review
item:item.waystones.bound_scroll	sha256:d706591df385935e668825e784db9ae06b72575231da35246841cec0cd411faf	PASS	/root/rescripted_registry_n_review	english_source_context_family_review
item:item.waystones.crumbling_attuned_shard	sha256:507ffa3fa9360e96b00241c7d4a734db78653501f337b49f053e28db670f6a8b	PASS	/root/rescripted_registry_n_review	english_source_context_family_review
item:item.waystones.return_scroll	sha256:a33d2fb9b105c7bfe017ed5047a1c243c13fc8dbc7a24429c8bfea9b25f0ba62	PASS	/root/rescripted_registry_n_review	english_source_context_family_review
item:item.waystones.warp_dust	sha256:5d088e277d98b4771ed949d97d5e9179c4764eaec44d9de4012f203cf82d896d	PASS	/root/rescripted_registry_n_review	english_source_context_family_review
item:item.waystones.warp_scroll	sha256:eb657db32825b2da34acf6aba0544ad67aaa8dffa5884f5bd0822e7142dc3067	PASS	/root/rescripted_registry_n_review	english_source_context_family_review
item:item.waystones.warp_stone	sha256:c8823e8425d345bbe7be1ecc29889a30285db5261033a14e1f51a0b51b1491dc	PASS	/root/rescripted_registry_n_review	english_source_context_family_review
item:item.xercapaint.item_canvas	sha256:3824a9f4dafe92c6f1b80b40656a59784c03a824c27d58125d7d0ace753e2df2	PASS	/root/rescripted_registry_n_review	english_source_context_family_review
item:item.xercapaint.item_canvas_large	sha256:18fe5a40f5d5740b3fba1c9ddc0528f401bd5bf8cc902247b3d7bce94475039a	PASS	/root/rescripted_registry_n_review	english_source_context_family_review
item:item.xercapaint.item_canvas_long	sha256:6309309a33f8a1b7f2a0551a6b90a9e1bafe10ec3d802a838a357481db73f545	PASS	/root/rescripted_registry_n_review	english_source_context_family_review
item:item.xercapaint.item_canvas_tall	sha256:2ab0e70a2971361bb643eb5ded75540fd0043a3ad5e00d93b0e165f64df9a435	PASS	/root/rescripted_registry_n_review	english_source_context_family_review
item:item.xercapaint.item_easel	sha256:7e5f7f41ed699db498737846d5711db0d6389ac267d5d67c73c764c5cae0dbf5	PASS	/root/rescripted_registry_n_review	english_source_context_family_review
item:item.xercapaint.item_palette	sha256:85794effd6e85e5612a80a6fcbf2e613e534500eb2ca2f312bd16c76f44082bf	PASS	/root/rescripted_registry_n_review	english_source_context_family_review
