id	source_hash	translation
block:block.amendments.cauldron_hack	sha256:c072b3020ccb13ed6ebce3f1e0b055aba8ac42da77c6dfcdb96a180c25df7711	Служебный котёл
block:block.amendments.ceiling_banner_black	sha256:74675bdcdf56284be0005567d9b6ef24b0669ce3adfe15f53e8f8e6dc269113e	Чёрный потолочный флаг
block:block.amendments.ceiling_banner_blue	sha256:d899c82442d4d1fe5b66204ba43c45cd4f76f49a6078ceebcb723e0eafe1dca5	Синий потолочный флаг
block:block.amendments.ceiling_banner_brown	sha256:1aa2020cd33114a29ea2d6e5b7d909f7d50bae4f4c13df0ccf110c98d1c94cbe	Коричневый потолочный флаг
block:block.amendments.ceiling_banner_cyan	sha256:5134997b09402207fd6bf7e9714228ff1f9310f85b58af46af62a387357ab4d2	Бирюзовый потолочный флаг
block:block.amendments.ceiling_banner_gray	sha256:3868c274de35c89ce0fcd816243ef4a0d983f5dc84fdabddb447922104f83fa7	Серый потолочный флаг
block:block.amendments.ceiling_banner_green	sha256:cee1ce9ffc7252b03712c97cab9d984a30536b8517642df758a1da76cf870195	Зелёный потолочный флаг
block:block.amendments.ceiling_banner_light_blue	sha256:570e0beb3c5c07fbc9040d0301edab8c606be79b1a83fefb207187aa46a7593f	Голубой потолочный флаг
block:block.amendments.ceiling_banner_light_gray	sha256:af759c6735ddee4e1532e43e17ce1725f96a7ec52009e334bd36ff537f43b283	Светло-серый потолочный флаг
block:block.amendments.ceiling_banner_lime	sha256:d5ebcf5255843dd761dee828c4a6ea6209aedd829f51dffbb5160c0815d288c4	Лаймовый потолочный флаг
block:block.amendments.ceiling_banner_magenta	sha256:bc3820cbffcb9b1729fb2cf73431dedcadf08205e605ed646e8168c98fc5a4c1	Пурпурный потолочный флаг
block:block.amendments.ceiling_banner_orange	sha256:14ecc352b9628d3c1a4a2acb247155fa3d49086cf750674ef8f9e62fe9324958	Оранжевый потолочный флаг
block:block.amendments.ceiling_banner_pink	sha256:55655b5207052f699c25871ef7c57de197c4b2db4a96aa16e6c5719f87598adf	Розовый потолочный флаг
block:block.amendments.ceiling_banner_purple	sha256:6f7a501163b5fadf7911366a17e22ef4d0b313f448f60ba44fff5fbdae792c4d	Фиолетовый потолочный флаг
block:block.amendments.ceiling_banner_red	sha256:9099fa0976e2fd01dc4b6efed887dd1f40f602db3db3d8c898d3eed7e9dd12f2	Красный потолочный флаг
block:block.amendments.ceiling_banner_white	sha256:57d7101fa6f5718dc0e97f62734110a3754243ea4f3e0cf1ce4e44a4099baade	Белый потолочный флаг
block:block.amendments.ceiling_banner_yellow	sha256:44fe6a09c687b1ada94ba1962947f03a4e9a7f0b273a6cedd8e585340d97eb4b	Жёлтый потолочный флаг
block:block.amendments.createaddition/double_chocolate_cake	sha256:39b17c31f17df43b21829222a8ea12219b128faa0b5b7d25fa4b5a6015fb7919	Двойной шоколадный торт (Create Crafts & Additions)
block:block.amendments.createaddition/double_honey_cake	sha256:bb158d46ff362dde907cb055bfaba62d1001f919c94c290284a8bdee35af730d	Двойной медовый торт (Create Crafts & Additions)
block:block.amendments.neapolitan/double_adzuki_cake	sha256:7c9dd452b8d58f2f34a7ecbb24a2e231fe3a67a6ae15cc46a6afde4d0aae5797	Двойной торт из адзуки (Neapolitan)
block:block.amendments.neapolitan/double_banana_cake	sha256:a4d5ea578c58648e670b5595165d529b9c884cd77e5659ea1df89454a77840cb	Двойной банановый торт (Neapolitan)
block:block.amendments.neapolitan/double_chocolate_cake	sha256:706918868acf8ad98a0f939785951a6aecc288ec9c2a131efd87992b2e59d002	Двойной шоколадный торт (Neapolitan)
block:block.amendments.neapolitan/double_mint_cake	sha256:fb116d65dc31a1bb895c7a1e8855b78496526905e7acca711da0788aaf906ee9	Двойной мятный торт (Neapolitan)
block:block.amendments.neapolitan/double_strawberry_cake	sha256:a1255b6f6886f1fd0898fda0e301d1c1e943eeff2304875fa0ae156b37e43ded	Двойной клубничный торт (Neapolitan)
block:block.amendments.neapolitan/double_vanilla_cake	sha256:674941654735222f43771902c76f58002d3757f54d84d95c88fdefdc492c6807	Двойной ванильный торт (Neapolitan)
block:block.amendments.skull_candle	sha256:4ea513dd21f1ffb63f4ce8f6ad227625299da37ace24e56ca555ce9396866e0d	Свеча на черепе
block:block.amendments.skull_candle_soul	sha256:add7a73b93aa2fd89b93921f6fda71a4518523c6eee32bbba512e74e30866682	Свеча душ на черепе
block:block.amendments.skull_candle_soul_wall	sha256:a969cfe33e3615f719274e9a7d349496a69753802332509d4aa5d45af6a6689b	Настенная свеча душ на черепе
block:block.amendments.skull_candle_wall	sha256:d1bd13c313816f22a464573354ae24a4b90bb4b936de07e19159c78bfb161683	Настенная свеча на черепе
block:block.amendments.thermal/double_chocolate_cake	sha256:745fe7602330d0fbfc093591b375659d5d61537aa2f647e29a788351a65d0a8f	Двойной шоколадный торт (Thermal)
block:block.amendments.thermal/double_spice_cake	sha256:97311d9537ace0b15df96c8fbe5f80c9d162f220bd74fc11fa26e9f938b4a0d4	Двойной пряный торт (Thermal)
block:block.amendments.water_lily_pad	sha256:f40b0e9cf87e1643400dc850f46ce3ecee25a8a82bf4cc7c26756ef33e12d97a	Кувшинка
block:block.azurelib.lightblock	sha256:1f455f2cf3b4d68deac2fe6019d1f26e8df9cf62de84efdf835c4c845eadfac7	Световой блок
block:block.beachparty.beachparty_wall_banner	sha256:fefd3a3762f5c56c3e145cff62119dce6b99112d2f2f376660e55655ff46d56f	Настенный флаг Beachparty
block:block.beachparty.palm_wall_hanging_sign	sha256:33f9b79829c173a100aef769eacad7b679c49c2db3b1a312306bd5c3f82ecb96	Пальмовая настенная подвесная табличка
block:block.beachparty.palm_wall_torch	sha256:e10de25b76477128befdcb5a4c36d724b80bdcc5a266f5b2053176c1e91e465f	Пальмовый настенный факел
block:block.botania.fake_air	sha256:f6fb23ed03ab1b0a6f1aacb3e8e9e9ec587f8db70421b311772da33b0c1b2f5b	Служебный воздух
block:block.botania.gaia_wall_head	sha256:aebf7dffb445e362374762a52800f3ac5f52c275c03bde20c127275262306473	Настенная голова Гайи
block:block.botania.solid_vine	sha256:105bcabb7bf69f2afbe0c2b218fded948a1c49de5dd2b21f9d9ddbf8418df21a	Твёрдая лоза
block:block.chalk.black_chalk_mark	sha256:a042faf08e88e84d0fbe3990d5406b4a0756024f570ccfc93c808e39c4740516	Чёрная меловая отметка
block:block.chalk.blue_chalk_mark	sha256:6f06012af3803561f502204e9ef5a9d57b6d2668dd0fe239676084e21282b7d7	Синяя меловая отметка
block:block.chalk.brown_chalk_mark	sha256:3479a7302b3b1d25d662681d5b7a9eee205c54896b57f58fddb3611103458cd9	Коричневая меловая отметка
block:block.chalk.cyan_chalk_mark	sha256:137239d427ca7fee1158aca29faf00f8117d5f13d610fe45c527c39d4bcb70d9	Бирюзовая меловая отметка
block:block.chalk.gray_chalk_mark	sha256:4439f4caf8b073be9efbad9cdf5724b7c8625228e27f270a6c97ab27635970ae	Серая меловая отметка
block:block.chalk.green_chalk_mark	sha256:ef8d4df3e204d9e8e70e9233eb61f8661500dc65d22cd598ea93fe6771e08233	Зелёная меловая отметка
block:block.chalk.light_blue_chalk_mark	sha256:65deeccd46273bc12b3993deae7b24032d97bd429a32d25bdd5ec467bec63cee	Голубая меловая отметка
block:block.chalk.light_gray_chalk_mark	sha256:ae5d392b1d87dd68d5e3ba08ef51d2c189f331e38dac8a8c5daee7fc473f95bf	Светло-серая меловая отметка
block:block.chalk.lime_chalk_mark	sha256:b63b50b826b6eb99ef00e31174a4e746172a7c913f8b1c465a7d4aa0b604d2bd	Лаймовая меловая отметка
block:block.chalk.magenta_chalk_mark	sha256:c2b295a3c58b8c4f512672bac4fc59e33cc0d673f075109146288d22fe533e7d	Пурпурная меловая отметка
block:block.chalk.orange_chalk_mark	sha256:7a46b0339828fecfb61eb272d8c50e9a03a9e67f2ea2fd93d44a96ee75e223d7	Оранжевая меловая отметка
block:block.chalk.pink_chalk_mark	sha256:c4d6f0951b5a70431989732637fa252f9b98f7747c26c27a36aa298807383f52	Розовая меловая отметка
block:block.chalk.purple_chalk_mark	sha256:a26904808a7d199897f8b11b88cbdd96ad99cffd15fb435ada330ce16b757d5b	Фиолетовая меловая отметка
block:block.chalk.red_chalk_mark	sha256:f850de7b13bb92e5e380ab6e79f097281e7e519a48123b3ac80803229f18b665	Красная меловая отметка
block:block.chalk.white_chalk_mark	sha256:0ffd1ec6f244c6cf05d7c49d0266777fd7ead85f9fcf9c4ab7490d44b6de0e8a	Белая меловая отметка
block:block.chalk.yellow_chalk_mark	sha256:09a0218f0104e023b29a1006885e226b446dca78c07111602d094d0f0206f65d	Жёлтая меловая отметка
block:block.citadel.lectern	sha256:82cd1b948b8447de6c0b2502280d26376a57d83d3e67543c1a617d250b742ddd	Кафедра
block:block.cofh_core.ender_air	sha256:c466991a991b1b0274e8bc9ab528d0aa7f5e866eb2748b2ddfd73eeeb2a26291	Эндер-воздух
block:block.cofh_core.glow_air	sha256:75776f84d4aa1444f55918c53f0659a524c8e14966b88c3b18f6e5478a4aa96a	Светящийся воздух
block:block.cofh_core.lightning_air	sha256:b7e1a0adb71c6d7af937fc10524742700aabb16d886aaef9aca2991f4d25e417	Грозовой воздух
block:block.cofh_core.signal_air	sha256:c3e82a939dc6f6df3443252456c541c3fad5f276f99915f505f87d4fbf1b60ab	Сигнальный воздух
block:block.create_central_kitchen.mulberry_pie	sha256:49f8299685624d947ba82e11c075b953f7b75ab54c0e05c87f5ba10d929b5216	Тутовый пирог
block:block.create_central_kitchen.pumpkin_pie	sha256:8e7aed3a153765937c5815a38bacc55878f1e0c5c91da69a0ef879ac7b3184c0	Тыквенный пирог
block:block.dtneapolitan.banana_bunch	sha256:a88a8fb9ef89c6b05dc63a39b43a000a250e8c9cfaf7dbc5317399b3b318686b	Связка бананов
block:block.dtneapolitan.banana_leaves	sha256:ab3bcde3fdabe83a275e78a4cc2bb871bd961988ccfb880ae4e339cb69dd35a3	Банановые листья
block:block.dtneapolitan.banana_sapling	sha256:5a591cfece8dcc105082d7f54c395f43960f9b4594c050c1379a1e20a316b22e	Саженец банана
block:block.dynamictrees.acacia_leaves	sha256:1d28a3442710e1c63cd78185234887a2dd8e462a0df6b860239681aa04f7223a	Листья акации
block:block.dynamictrees.acacia_sapling	sha256:86a5b89ab1adae991497ebaa7774d7665328dea1c9f5103a4b3235fd0cfce956	Саженец акации
block:block.dynamictrees.apple	sha256:f223faa96f22916294922b171a2696d868fd1f9129302eb41a45b2a2ea2ebbfd	Яблоко
block:block.dynamictrees.apple_oak_sapling	sha256:aaf2cb3b38414df14fafef7071dbd5ba124f7af107990451ada9f3ef52a1c756	Саженец яблони
block:block.dynamictrees.azalea_leaves	sha256:84a4ab736f29a9cf942b29c5728390733343d7dc50e1214fb82a3ad75854f52d	Листья азалии
block:block.dynamictrees.azalea_sapling	sha256:6afdabde9872748fedcf2a5247697fe037daa235762c56aa4d53333daa7ae598	Саженец азалии
block:block.dynamictrees.birch_leaves	sha256:2494ae934dec8859069b5fc4ed44ad2578258eda75de994852cf2046f3819826	Листья берёзы
block:block.dynamictrees.birch_sapling	sha256:de0e9648f7bea5f15e5b314d3fc74bb819c1c465014bb9acea1eb2662863b960	Саженец берёзы
block:block.dynamictrees.cherry_leaves	sha256:0b6dda04f4e2e01e2aceb2603fe1dcec4c8bcdcbca31e1cfe50a52441f44325f	Листья вишни
block:block.dynamictrees.cherry_sapling	sha256:839e8e94520c8ec1db2add96f136e6e2a495f92d46246b782749e12e2e4f46bf	Саженец вишни
block:block.dynamictrees.cocoa	sha256:527859c0ad13e24ca8c9b65edd36de55aaf1b66a5c4a1419865a5e77a9447184	Какао-бобы
block:block.dynamictrees.cocoa_sapling	sha256:dcbe722bcd1b615dc4f7c31cfd236056aee0112be3e458573a1137d99ca428d5	Саженец какао
block:block.dynamictrees.crimson_sapling	sha256:76477d14a416fc6163430006a15825c3da04a5f760ab5442a58da2168f4e6c8a	Саженец багрового дерева
block:block.dynamictrees.crimson_wart	sha256:eb9d9b15f14640b3e0cbbe1bbd1a37b01ba2b57939fc2e10cb777dfeaba9b82c	Багровый нарост
block:block.dynamictrees.dark_oak_leaves	sha256:29af0a7fda526e25a32c63029d0ddf4fbbbbb4ca72f768a99f23122dec4f9d63	Листья тёмного дуба
block:block.dynamictrees.dark_oak_root	sha256:c3c55354bc19e792278fe79938774b95cef6996016085eb081dc25d52a2ab988	Корни тёмного дуба
block:block.dynamictrees.dark_oak_sapling	sha256:819204139aa1f3da7715f86de0d16e83fd602a5cc3b1aa6eb11f5e27c1f15162	Саженец тёмного дуба
block:block.dynamictrees.flowering_azalea_leaves	sha256:a9910ecec08de94380fc8500cde64e7ba7708f46b2defbf015c50a34e3e86182	Листья цветущей азалии
block:block.dynamictrees.jungle_leaves	sha256:e4947cb16f7bf364a4730e4a3a94eb905365427326a6abf03f02c809a7f16024	Листья тропического дерева
block:block.dynamictrees.jungle_root	sha256:6fdece7d34f03b13fd784681049c853b8d391843cfbed17feede9320225c348d	Корни тропического дерева
block:block.dynamictrees.jungle_sapling	sha256:48ca027b99dc37d383b64349074c9347a0ec93ec8ec0d420e3fffc4f29990d7a	Саженец тропического дерева
block:block.dynamictrees.jungle_undergrowth_leaves	sha256:14dba1ea01754e43706391c7550501ef8d7858b520173fa775db957d3493a62d	Листья тропического подлеска
block:block.dynamictrees.mangrove_leaves	sha256:b0f56af57ab23df1b86b51e122e670db2d5d978fda7f0c77ee10d164265fcc6f	Листья мангрового дерева
block:block.dynamictrees.mangrove_sapling	sha256:942cebbbc74b5340a3e6fdd3568ffc4c4920117557993fbf4dcd4d005479a80b	Саженец мангрового дерева
block:block.dynamictrees.mega_crimson_sapling	sha256:161fa086bee83396f249edfffe3280fd9a1ce715a14a9983fd23dc810cfd0c60	Саженец огромного багрового дерева
block:block.dynamictrees.mega_jungle_sapling	sha256:6cf8a517243d68f4e78b989f5225e391266f64dd09de9ce251f2538b25d109b0	Саженец огромного тропического дерева
block:block.dynamictrees.mega_spruce_sapling	sha256:7e77c48b75385390d3cd02f32e97bc5d1cdfa2c674df48e476e39c55583d7ac2	Саженец огромной ели
block:block.dynamictrees.mega_warped_sapling	sha256:507942d24d88f9bb2c6cc76112d8ba64125e961228d7e5402ba1af6995b6b4e7	Саженец огромного искажённого дерева
block:block.dynamictrees.oak_leaves	sha256:e86e16374e0d5c6df5e67fe883c0dfee14be6a17867d53e86d0b5a571c40aba1	Листья дуба
block:block.dynamictrees.oak_sapling	sha256:53b330b6c32cf7a7e1912d881cadd2d4695daea332407cccc07474a508dd3a18	Саженец дуба
block:block.dynamictrees.oak_undergrowth_leaves	sha256:4d4fc8eebb3d3c13d8b28b9af33fb6d5e3acc96419d0938a448fb77d28c0900c	Листья дубового подлеска
block:block.dynamictrees.rooty_brown_terracotta	sha256:2cf65dffa038ec25ae17ed74e37aa90e18ca1a56e6040abec1eb095161e2005c	Корневая коричневая керамика
block:block.dynamictrees.rooty_clay	sha256:667066560a46154c44cd104b423fd514a565e7cf5bf739415a74890f2d3e78ce	Корневая глина
block:block.dynamictrees.rooty_coarse_dirt	sha256:c915ac295e11c508204a8a327d7408db238a4714e5de8a22a52d6eb78a70b095	Корневая каменистая земля
block:block.dynamictrees.rooty_crimson_nylium	sha256:dcb621282b2c3a8fb95dc766a1ae0c78989c9ef20f96ba55f8ea589a52e9bdf4	Корневой багровый нилий
block:block.dynamictrees.rooty_dirt	sha256:74c45bb16468dc0cbff7cb05a9c1c652eb860901ca60e85bad782934dd7180c6	Корневая земля
block:block.dynamictrees.rooty_end_stone	sha256:5a081595ffcd55a938885e83b8a245ff101c57c75d5cbad1de144785e16f0698	Корневой эндерняк
block:block.dynamictrees.rooty_grass_block	sha256:3fa2843cf0cf581970c47d0342d68509f0dcb1e9aee32ae7eac4b19b286035cf	Корневой дёрн
block:block.dynamictrees.rooty_gravel	sha256:06b1d2fc8358b536ce3c5e6d8f826157b01026bc576b3ee71cdd1f59d9497f11	Корневой гравий
block:block.dynamictrees.rooty_light_gray_terracotta	sha256:3a6a29c89ab88dcb6044255003ef50c6f32a16eae77b7e50a8e9967ce067ec78	Корневая светло-серая керамика
block:block.dynamictrees.rooty_mangrove_aerial_roots	sha256:2d6d90872e9e4e416c62016e91c15f18952b75d2706ee950dec64b71e1e874b1	Воздушные корни мангрового дерева с корневой сетью
block:block.dynamictrees.rooty_moss	sha256:26f0ab632c2fcbaf10785f83b0134f803267264a860653a72a57d8b81e21df41	Корневой мох
block:block.dynamictrees.rooty_moss_block	sha256:be35a70e0dd9f54fca993f619b43993112db5ff90cc50a2fa645b8799be37756	Корневой блок мха
block:block.dynamictrees.rooty_mud	sha256:36779a6a91e2cc0ac7f3d7d66458b673776e740402ccab8dfd835cf4416feb53	Корневая грязь
block:block.dynamictrees.rooty_mycelium	sha256:92e6856bf7df60c6702f4537ab2ab84733c8aba30c67e5a34c36bf8c3a70eac7	Корневой мицелий
block:block.dynamictrees.rooty_netherrack	sha256:ac7d8d7524e4efa9dc9da60fbc6c92d5c80169d75e240c654d73017ef91da01d	Корневой незерак
block:block.dynamictrees.rooty_orange_terracotta	sha256:2d1d362f031fa7aa1099d5bfde14b816032f0e9346886578542656814a90e629	Корневая оранжевая керамика
block:block.dynamictrees.rooty_podzol	sha256:15db8554ca609001cb7430b27135c8ee062958aa35432e3b7037da33f595b3fd	Корневой подзол
block:block.dynamictrees.rooty_red_sand	sha256:87152b474e66f80a15a7f7c2a490502f147427a321ddf10ee95898b747b4d6af	Корневой красный песок
block:block.dynamictrees.rooty_red_terracotta	sha256:2275974ab746bc3b6daf58265676dad0e2bdb68e8bb03ddb3517d788a16a0fc7	Корневая красная керамика
block:block.dynamictrees.rooty_rooted_dirt	sha256:8cfae71ad9bf1ba87aae7bd81af16fd481c3e07064dbf9a1a9a77c89cf5dc263	Корнистая земля с корневой сетью
block:block.dynamictrees.rooty_sand	sha256:fb5e63c8bb80dad3ee693e8a62ee450c3809fe8dbb4d7f072075c6e058e144cf	Корневой песок
block:block.dynamictrees.rooty_soggy_carpet	sha256:b3d5d2d71beb2633e3ff18fe8dab3884005f37b58ed36d56484e8921ef4b0c40	Корневой мокрый ковёр
block:block.dynamictrees.rooty_soul_sand	sha256:362ee5f2f7de498afed7eb6dd352880822cd785cae44a52b02d7468fc88cba00	Корневой песок душ
block:block.dynamictrees.rooty_soul_soil	sha256:ce2d3e493c86dd84145491061967aaa29d6dfe9ee468ed529a1927b23a15433e	Корневая почва душ
block:block.dynamictrees.rooty_terracotta	sha256:d378866816436b8dab2102cd7032d898d5f24f1ece08cbead44feacc84bff036	Корневая керамика
block:block.dynamictrees.rooty_warped_nylium	sha256:037fe09fcfcf7b8bf285bd3fea56b483f329fbeb489a59f34dd58db99571a40f	Корневой искажённый нилий
block:block.dynamictrees.rooty_white_terracotta	sha256:db7a6689534f2826ac3407dd314b4c93f97cc1b8dbc029ca6453057d506f9c4d	Корневая белая керамика
block:block.dynamictrees.rooty_yellow_terracotta	sha256:77b132cb37d2fa1580f5e07a79d275457e639617b7e84683198a7b3c99f4d02b	Корневая жёлтая керамика
block:block.dynamictrees.spruce_leaves	sha256:b500cc8b6ce6f3a5e7ed13dfd383d8c2c9568b592dce2cffdd053d3234706bab	Листья ели
block:block.dynamictrees.spruce_sapling	sha256:77a265c84ac44dafed5f48aaae3cf453d794738e13b3b45c16060012c59b1cd3	Саженец ели
block:block.dynamictrees.stripped_acacia_branch	sha256:0c9c6225b3800a19636d08a87fa5192e160c98f2c8fe9965e0477bc7112971ab	Обтёсанная ветвь акации
block:block.dynamictrees.stripped_birch_branch	sha256:4568f8fefba222eb2eec9a0d95e52a019d9ccfdc46c3b264c6eae3e26851088d	Обтёсанная ветвь берёзы
block:block.dynamictrees.stripped_cherry_branch	sha256:be5ab2ae104a9b1c600eac6486fcc579b3280dd231788809fa71d3b202e68071	Обтёсанная ветвь вишни
block:block.dynamictrees.stripped_crimson_branch	sha256:ed6fb2d68c40c456ab8d0132321342a2f0e63c18d61d8bb67ec6e37c4018cf77	Обтёсанная ветвь багрового дерева
block:block.dynamictrees.stripped_dark_oak_branch	sha256:2d10442b30d51a40ad6eccfa2807fe50791d720f023c7b894ac2d27648af6b4a	Обтёсанная ветвь тёмного дуба
block:block.dynamictrees.stripped_jungle_branch	sha256:18b0aa3ec711e509cd15ce9f1a32d2dd31ba4420868e29d1e0a90bfe5a79cd86	Обтёсанная ветвь тропического дерева
block:block.dynamictrees.stripped_mangrove_branch	sha256:969b5c528da3e0001858c2a13dd96f2eb11c43140e0be1ae1650993847fb4696	Обтёсанная ветвь мангрового дерева
block:block.dynamictrees.stripped_oak_branch	sha256:6d73d3f06ec6b1ec31e786ac51c6db9ad083e6f24ccfce140e4eae88471c4bee	Обтёсанная ветвь дуба
block:block.dynamictrees.stripped_spruce_branch	sha256:28e9b3366f86fbb089a54c3d65bdbdd63b2e5683ab8c3d6024ad2e34a03912ce	Обтёсанная ветвь ели
block:block.dynamictrees.stripped_warped_branch	sha256:60560fca1082218de5263ed34bb9ff40c659db235c22ce5c76cc4b381043530b	Обтёсанная ветвь искажённого дерева
block:block.dynamictrees.swamp_oak_sapling	sha256:4df85deed4e6b3bd1b0d839d05892bedae7785a5c7630ea703c65d365bfaf459	Саженец болотного дуба
block:block.dynamictrees.tall_birch_sapling	sha256:8dcba3c653ce5e0ae11001497c6dafb3902d81cf2fe8dd07cdbc0b37ab617916	Саженец высокой берёзы
block:block.dynamictrees.trunk_shell	sha256:df735cbb0fad07b5fcb5263b49ae5a8532c0ca88aeb5598b60fb87aaa128a016	Оболочка ствола
block:block.dynamictrees.warped_sapling	sha256:20c7023a643eb2c4b46ac21d3cd255f2d6481b46c86aa70f8511e46f2bf88858	Саженец искажённого дерева
block:block.dynamictrees.warped_wart	sha256:206ac5916db933d758758bc83baa735d059d8d10e0f02b26be6cedff60858d6d	Искажённый нарост
block:block.eidolon.illwood_hanging_wall_sign	sha256:c27fef767b54fd51f15a80d445deb411bc83226f37df721c1e0d23603c2677cd	Настенная подвесная табличка из иллвуда
block:block.eidolon.illwood_wall_sign	sha256:120c8b450df17e522c7bd828d3e698e43aade0cd92932476d7cf28d20c87cab8	Настенная табличка из иллвуда
block:block.eidolon.polished_hanging_wall_sign	sha256:97bcf68ee4efd4799bc23db880b437f1228922c557fa43ccd2b3d7fed64df740	Полированная настенная подвесная табличка
block:block.eidolon.polished_wall_sign	sha256:e2291c527dd0574d3304e4dfee08373d0ad2348c5f6bdac468772a4211e6f9ea	Полированная настенная табличка
block:block.enderchests.ender_chest	sha256:e9f0cac2f83470cb30a7c261806fde61c27d23e0246665b1ede10f490b97915d	Эндер-сундук
block:block.enderio.clear_glass_a	sha256:49c9c1653a726e67b85641a9da06287a1884ed8d2a9328292c1ea57db182d973	Чистое стекло (проходят животные)
block:block.enderio.clear_glass_a_black	sha256:02f1241d956c41b5174d166a619aca6586342f3dd65a74cd1d9f19da14316bcd	Чёрное чистое стекло (проходят животные)
block:block.enderio.clear_glass_a_blue	sha256:7305cf5f2d183203ff1f778a43d79b12f0d9365e41c80313789820cfb0bbf720	Синее чистое стекло (проходят животные)
block:block.enderio.clear_glass_a_brown	sha256:758a682ca5dc382dbfc248eb442a56b2d92e81484fc0f573808001a17ff61500	Коричневое чистое стекло (проходят животные)
block:block.enderio.clear_glass_a_cyan	sha256:7458476c221d28eafb8fbfcdd29fd999921f3bca7cd0e85922171425db0e14e9	Бирюзовое чистое стекло (проходят животные)
block:block.enderio.clear_glass_a_gray	sha256:65d4f4e70baeac11c00e899134485d7a9d85ac1233a7ec3e8951035827c8e902	Серое чистое стекло (проходят животные)
block:block.enderio.clear_glass_a_green	sha256:c2605244e0b4d58d1e724b7ef0ec30e82b99b2373be64a5c41c2bb6972199d2d	Зелёное чистое стекло (проходят животные)
block:block.enderio.clear_glass_a_light_blue	sha256:b995de02635bec8af1cb684f61e0060289906263a96edf3beb95eb89bc5660c3	Голубое чистое стекло (проходят животные)
block:block.enderio.clear_glass_a_light_gray	sha256:55f56c791787610d4afb9d211262442cf1308e5520a4f955a8bf739913ee8ef4	Светло-серое чистое стекло (проходят животные)
block:block.enderio.clear_glass_a_lime	sha256:1cb3b2734e59c52b2d33973ead04fee9b4dea26844d665225d24265a0ea1e607	Лаймовое чистое стекло (проходят животные)
block:block.enderio.clear_glass_a_magenta	sha256:5942da02043d148328103171ea87c7398c770d9014ea4c5cdb663e09fe0e0c9c	Пурпурное чистое стекло (проходят животные)
block:block.enderio.clear_glass_a_orange	sha256:970c0f1c2b46a0aaec0da8faf37e0e57542f7e0f2656e84a299bc4c74a7aabe5	Оранжевое чистое стекло (проходят животные)
block:block.enderio.clear_glass_a_pink	sha256:1f52313b2162a711d194fa199178bf3f8bfa630dddccd3a8354994048c0d6628	Розовое чистое стекло (проходят животные)
block:block.enderio.clear_glass_a_purple	sha256:a2a8ddaed4ecc90cb48c517fa13c5593e2fbc16337ce9d3a23b2b879460b3688	Фиолетовое чистое стекло (проходят животные)
block:block.enderio.clear_glass_a_red	sha256:e146a5dfe27e095d10f3dabbc672ec646062c3fe4452db74f04caabed11a4837	Красное чистое стекло (проходят животные)
block:block.enderio.clear_glass_a_white	sha256:ac06da65def924f10e3a39747f342bf048f8cb403a3ba93b1bad1ad51e6e1919	Белое чистое стекло (проходят животные)
block:block.enderio.clear_glass_a_yellow	sha256:d2dbd2062a58c8f56f6567f0252862e842a90e172606e364a2833025b3da60c6	Жёлтое чистое стекло (проходят животные)
block:block.enderio.clear_glass_da	sha256:ce29675ccde29edce5104ee014b706ff559fb4570eb2c0677cf46030bbd1a4ac	Затеняющее чистое стекло (проходят животные)
block:block.enderio.clear_glass_da_black	sha256:249c1283d679361c1baa4ac7967fbedf5ac081ea15955bca953c5146e085c40e	Чёрное затеняющее чистое стекло (проходят животные)
block:block.enderio.clear_glass_da_blue	sha256:9d441d070c61367bd23e4ac1f3eb507a7b89c1124e8144e74e9487a38f47987d	Синее затеняющее чистое стекло (проходят животные)
block:block.enderio.clear_glass_da_brown	sha256:4dae661d8ef7bdc88e215e14aa16a274b2e2f393c89549774dd0f10c42210780	Коричневое затеняющее чистое стекло (проходят животные)
block:block.enderio.clear_glass_da_cyan	sha256:50a0c44727671448685c303faced5f5e4fb42502b043d9cfaa53afcbf58591a2	Бирюзовое затеняющее чистое стекло (проходят животные)
block:block.enderio.clear_glass_da_gray	sha256:2b12a2ba1ca2150badfcd7838714e16486c7f07f63f7b0904643334332c75e27	Серое затеняющее чистое стекло (проходят животные)
block:block.enderio.clear_glass_da_green	sha256:00ea291c3488fd94c46d5d02c667513f1e6e0b073e57cad6f7097726f5420f8c	Зелёное затеняющее чистое стекло (проходят животные)
block:block.enderio.clear_glass_da_light_blue	sha256:a7e68849e0989be75eb8dde66e695e9918f3928e5ad50bb54f83884ed2ee0dbb	Голубое затеняющее чистое стекло (проходят животные)
block:block.enderio.clear_glass_da_light_gray	sha256:4aa3c9c20c4ec514be53aa1ef266a661caa13ea41e7d04fb0227df6bdfcbcf2c	Светло-серое затеняющее чистое стекло (проходят животные)
block:block.enderio.clear_glass_da_lime	sha256:5f8b951c8617096efb9c955eee390b62bb50bae4f6ba5057597d666f9404cf05	Лаймовое затеняющее чистое стекло (проходят животные)
block:block.enderio.clear_glass_da_magenta	sha256:b3b623d81011a5c82393fde091555905fe2a078cce87230a43d6776f786fe765	Пурпурное затеняющее чистое стекло (проходят животные)
block:block.enderio.clear_glass_da_orange	sha256:836b9027894d2e91f346873336b5a313e3d7d063aa3d1a6ecc39df6bf8e81979	Оранжевое затеняющее чистое стекло (проходят животные)
block:block.enderio.clear_glass_da_pink	sha256:6afde3d9dff353f4390c0e751a38f004bab1e85bd0a1e4a37949a886d2035c71	Розовое затеняющее чистое стекло (проходят животные)
block:block.enderio.clear_glass_da_purple	sha256:047fb5d0220d4442998cc8bf87291290e1f4de9be7a6a9ee76d05f29372f50f1	Фиолетовое затеняющее чистое стекло (проходят животные)
block:block.enderio.clear_glass_da_red	sha256:40b10f06a78d7bfcbece6f9c006e4e69a4252a4df885aa9d79ba8c7644cf45a8	Красное затеняющее чистое стекло (проходят животные)
block:block.enderio.clear_glass_da_white	sha256:918e3678a633910f44dab6bfb46ccb7503dfb447f1b57c9c22839f626f862186	Белое затеняющее чистое стекло (проходят животные)
block:block.enderio.clear_glass_da_yellow	sha256:a9f5831f1295db591e8b401cd39a31c4d047039442baaa548551b1ef242c8026	Жёлтое затеняющее чистое стекло (проходят животные)
block:block.enderio.clear_glass_dm	sha256:edb61d6de9716dbbd9ea5d8d1e28891333b95f8978f6ac7fd198b939b2d8bf1e	Затеняющее чистое стекло (проходят монстры)
block:block.enderio.clear_glass_dm_black	sha256:1cd174d8b6c271596b1588da5ce6308fcff4bbbd653db1d58b2e8612c68695dc	Чёрное затеняющее чистое стекло (проходят монстры)
block:block.enderio.clear_glass_dm_blue	sha256:67c2a13d634cd7785b69e8866bd5123bad34efd75d1828aedd3f201146317b80	Синее затеняющее чистое стекло (проходят монстры)
block:block.enderio.clear_glass_dm_brown	sha256:7f6fa6eb04c89bf4cf3d90e5211345cd35c9c742fff3cb61c4eedace33d58843	Коричневое затеняющее чистое стекло (проходят монстры)
block:block.enderio.clear_glass_dm_cyan	sha256:93ec6bba2bb06aef662cc5d122f5e3bbaadbe0593f4d84d1fd1b55b922877b5a	Бирюзовое затеняющее чистое стекло (проходят монстры)
block:block.enderio.clear_glass_dm_gray	sha256:883ad6bbc48561c6e8e9633099a216fde28ef2fd2f934e7d311a3da8bba836fd	Серое затеняющее чистое стекло (проходят монстры)
block:block.enderio.clear_glass_dm_green	sha256:1254044a35ceeea013140c71c9f2255dbb700e2cdf340705fd5882f8f6ecbdef	Зелёное затеняющее чистое стекло (проходят монстры)
block:block.enderio.clear_glass_dm_light_blue	sha256:c8f982c0fd28292fa676554914425ee8be92dec10e0890aea3379aa57eb9a0b5	Голубое затеняющее чистое стекло (проходят монстры)
block:block.enderio.clear_glass_dm_light_gray	sha256:831258523cddbb3b910285612710ad1d0d1095a2c9786c7859beeb8fe84e3098	Светло-серое затеняющее чистое стекло (проходят монстры)
block:block.enderio.clear_glass_dm_lime	sha256:15caa68731b386f420af8d522fd9e8792ccd76e17f7d6bb80f0e1d0e9a162893	Лаймовое затеняющее чистое стекло (проходят монстры)
block:block.enderio.clear_glass_dm_magenta	sha256:e35b7b258bfa0ce8416bf0f8cbf45931a7ae9381c3e8da0e5317c360eb14e6c1	Пурпурное затеняющее чистое стекло (проходят монстры)
block:block.enderio.clear_glass_dm_orange	sha256:ba2dccdedbd5e8cfcd53f7a06136fc59fd7c7ad14e39809d1db7d66dbf9f8fad	Оранжевое затеняющее чистое стекло (проходят монстры)
block:block.enderio.clear_glass_dm_pink	sha256:1032d9e7db287694f2002e7cf40005f7b293cea3bea94fb77d3bf1d4a30941f3	Розовое затеняющее чистое стекло (проходят монстры)
block:block.enderio.clear_glass_dm_purple	sha256:22ee29b60999740586445fbb009496850a9941aa657ae86fa7ed738455ee1ac0	Фиолетовое затеняющее чистое стекло (проходят монстры)
block:block.enderio.clear_glass_dm_red	sha256:20ee83806691bd9a2b964b53a3816de02cdcb3795f96ab9b57f3165d570c64a3	Красное затеняющее чистое стекло (проходят монстры)
block:block.enderio.clear_glass_dm_white	sha256:c8b0332d6c0da78c93cebe12375b423d5da6e42cf6415aa0b0c73d0f00377c1c	Белое затеняющее чистое стекло (проходят монстры)
block:block.enderio.clear_glass_dm_yellow	sha256:e3f0ab89937dfaa4499f2707e2a7b0ef03201f4c1b0df3a8bfa93d59ffb92696	Жёлтое затеняющее чистое стекло (проходят монстры)
block:block.enderio.clear_glass_dna	sha256:1d880bfacf6ebff0a65fa045d55de9698a86c219516152ec3cdd15ede96fe993	Затеняющее чистое стекло (животные не проходят)
block:block.enderio.clear_glass_dna_black	sha256:5daed3dc361b27d337a67ee3f233492a742290e52d4d7d03ffb0c84452a011b6	Чёрное затеняющее чистое стекло (животные не проходят)
block:block.enderio.clear_glass_dna_blue	sha256:6fe54efd7917da0c4d5a179850661c81d4a43f60f87cdf453686bc9132a85a54	Синее затеняющее чистое стекло (животные не проходят)
block:block.enderio.clear_glass_dna_brown	sha256:3eb8260772439a660d88f30e7bbe100c83fb85c65557832cde18f50a85d6cfbe	Коричневое затеняющее чистое стекло (животные не проходят)
block:block.enderio.clear_glass_dna_cyan	sha256:e08bca45ca12922c1cf2bf1bec6c372abca9a781260011c5250c055d1eef9df0	Бирюзовое затеняющее чистое стекло (животные не проходят)
block:block.enderio.clear_glass_dna_gray	sha256:11d77c84e1a904dd7870dd2b16bd3cb687930c014b1161bdd154775d4e62ea52	Серое затеняющее чистое стекло (животные не проходят)
block:block.enderio.clear_glass_dna_green	sha256:f4af503008394cf16a3c68903968d93dfc4191e37287d27284149f870bdc55e0	Зелёное затеняющее чистое стекло (животные не проходят)
block:block.enderio.clear_glass_dna_light_blue	sha256:0e342e1843f37cb9a0c6e3cb4ffc55cd8c2d383f72210e1b8b75ffd44c03dbcb	Голубое затеняющее чистое стекло (животные не проходят)
block:block.enderio.clear_glass_dna_light_gray	sha256:d9d3ad1d070903eb053d74be1b03cf981a625b5116c872666c528b18b58a2363	Светло-серое затеняющее чистое стекло (животные не проходят)
block:block.enderio.clear_glass_dna_lime	sha256:ca4a933509c79d4f9c1f2fc6fc06c79db6e25df0cc5c371796e34c7735b867a0	Лаймовое затеняющее чистое стекло (животные не проходят)
block:block.enderio.clear_glass_dna_magenta	sha256:a95a74ef7a4fc256d2e5aca3716afe3b41d5efdf67922a843f0f471875d2a515	Пурпурное затеняющее чистое стекло (животные не проходят)
block:block.enderio.clear_glass_dna_orange	sha256:02ba5e300b5f050275a7f0b0fa92282f1c7e005ed6a6b45933929e94206eaa9a	Оранжевое затеняющее чистое стекло (животные не проходят)
block:block.enderio.clear_glass_dna_pink	sha256:4477399dd0b0497a74b1d1d4bbfa7a160b986a99f5154968ae8b975d8232e18a	Розовое затеняющее чистое стекло (животные не проходят)
block:block.enderio.clear_glass_dna_purple	sha256:5f5695276926d090b1fae94f9b77c78b992c8ec0c420e69fdf1df7cf46c41de7	Фиолетовое затеняющее чистое стекло (животные не проходят)
block:block.enderio.clear_glass_dna_red	sha256:9d3254ac415c7ba4edd0449243eec022b912990705c7be47317e3c46d20cf2b8	Красное затеняющее чистое стекло (животные не проходят)
block:block.enderio.clear_glass_dna_white	sha256:6bf64d12df4d9493be6250fb4250a75697ddd4b3ecd36fd0b243cfe49fe4e003	Белое затеняющее чистое стекло (животные не проходят)
block:block.enderio.clear_glass_dna_yellow	sha256:b5e0a7289a3e68ee649d3344358e76ebd0d80bc945460919807ae77f9104e590	Жёлтое затеняющее чистое стекло (животные не проходят)
block:block.enderio.clear_glass_dnm	sha256:32882e88bebc16afa3a52f59985604511ee62da598ff011c93d1db330eeb7de5	Затеняющее чистое стекло (монстры не проходят)
block:block.enderio.clear_glass_dnm_black	sha256:c7d649cfeac2a495685497b3c4a63d0a964a9c2e0ffd72adcdc0bbdac40d108c	Чёрное затеняющее чистое стекло (монстры не проходят)
block:block.enderio.clear_glass_dnm_blue	sha256:e4d1944043a6ca9d32714412dfc6467419d08b4c3286aa8c4d0edc4f3650f9c5	Синее затеняющее чистое стекло (монстры не проходят)
block:block.enderio.clear_glass_dnm_brown	sha256:f05bf8c2ef62b793f11226e34e929c0fb060bb07266c4fcc0fad2da45068a3ee	Коричневое затеняющее чистое стекло (монстры не проходят)
block:block.enderio.clear_glass_dnm_cyan	sha256:bee62f93868a40d7024543443592ee7566a438d816c688bf0e22f1912d74920d	Бирюзовое затеняющее чистое стекло (монстры не проходят)
block:block.enderio.clear_glass_dnm_gray	sha256:5287ddcc05aa4e6b5860ac4f8e8e7b676612202aa79671b14bbfa528e3c1629c	Серое затеняющее чистое стекло (монстры не проходят)
block:block.enderio.clear_glass_dnm_green	sha256:b1353d3151c25e9bae1588451b442ad35fb4caaa2b9a2822950420bad82cab74	Зелёное затеняющее чистое стекло (монстры не проходят)
block:block.enderio.clear_glass_dnm_light_blue	sha256:c58755d72fc5a443dd6242d7c2bc1999cfc0bc66621d01e7fe878186f6098aec	Голубое затеняющее чистое стекло (монстры не проходят)
block:block.enderio.clear_glass_dnm_light_gray	sha256:bde005a4971e2b6a228ced02b9fc124e67c142726d33905f4486149a3ba29b6a	Светло-серое затеняющее чистое стекло (монстры не проходят)
block:block.enderio.clear_glass_dnm_lime	sha256:449a5a0e5da765c0d751e475a60f28d3d4b03fee55abccaf4e9b9c36ecb89836	Лаймовое затеняющее чистое стекло (монстры не проходят)
block:block.enderio.clear_glass_dnm_magenta	sha256:d93325f58a3833ddb514d343710cd66ffd91e5055d8369df618120c0e0815b6c	Пурпурное затеняющее чистое стекло (монстры не проходят)
block:block.enderio.clear_glass_dnm_orange	sha256:8fa48bc0db0ff3622ce87209deb6c6c702ef3289c899f0d19116d1d479336bf0	Оранжевое затеняющее чистое стекло (монстры не проходят)
block:block.enderio.clear_glass_dnm_pink	sha256:2e5d8b7cf16b33fd014d08b72775ae7648fcce2a34702a5ec48b0862b8f5f46e	Розовое затеняющее чистое стекло (монстры не проходят)
block:block.enderio.clear_glass_dnm_purple	sha256:7ab5bb76c69687b620b2c324f3e52b00c53374b3931bd96f248acc9ee6aa1cbf	Фиолетовое затеняющее чистое стекло (монстры не проходят)
block:block.enderio.clear_glass_dnm_red	sha256:fc656ea62bedec3481099a5739a0d7a36dbbdd6cd707f69105cf4865b6728f57	Красное затеняющее чистое стекло (монстры не проходят)
block:block.enderio.clear_glass_dnm_white	sha256:c38d3b83b4f2d517b18747b6496940cd411ed157c3cc5eb94f0945b16acaf4c0	Белое затеняющее чистое стекло (монстры не проходят)
block:block.enderio.clear_glass_dnm_yellow	sha256:51e96ac5b2e5d233707eefb491a3bef6429ed0fd0e0c3cb718fc37d491a0b383	Жёлтое затеняющее чистое стекло (монстры не проходят)
block:block.enderio.clear_glass_dnp	sha256:a1eb806bb8b3e8279a7fc8ea44af3979cf35ce5758c33972d4d46bd79a3a5392	Затеняющее чистое стекло (игроки не проходят)
block:block.enderio.clear_glass_dnp_black	sha256:f207336b822b531f08dc083944f259e9ebdfd1dd81965a8b4c95514be4b7cbce	Чёрное затеняющее чистое стекло (игроки не проходят)
block:block.enderio.clear_glass_dnp_blue	sha256:5f5b467b4e7b1f08a296cd351063d0a42183ae790cfca03eca90c5fb302ab345	Синее затеняющее чистое стекло (игроки не проходят)
block:block.enderio.clear_glass_dnp_brown	sha256:357e2f6297056c4bc646247c74440ee254027508f99032a0b790c20deb54f84b	Коричневое затеняющее чистое стекло (игроки не проходят)
block:block.enderio.clear_glass_dnp_cyan	sha256:d431db9047e2777a259e126d4a1a739a80c0ab2c3de466ea74bf1729b5a9ad4a	Бирюзовое затеняющее чистое стекло (игроки не проходят)
block:block.enderio.clear_glass_dnp_gray	sha256:a0917a86dbb566c2fa58379d54f1e42b1c9170037b52a1a8c34d830589a05b58	Серое затеняющее чистое стекло (игроки не проходят)
block:block.enderio.clear_glass_dnp_green	sha256:20765900e05b0f1cf0ced842cd1048a6b38684930d69b1eb9002e5412d23eaaa	Зелёное затеняющее чистое стекло (игроки не проходят)
block:block.enderio.clear_glass_dnp_light_blue	sha256:ccefafbdd7174aaa8eb1320350e56d864e9a0c9aa2eed5c683e4c52695a4dfc5	Голубое затеняющее чистое стекло (игроки не проходят)
block:block.enderio.clear_glass_dnp_light_gray	sha256:0e99dd3d07e3c6fa4d2a6109980d81517b19dbdde63d8762b53a98f95c2cb639	Светло-серое затеняющее чистое стекло (игроки не проходят)
block:block.enderio.clear_glass_dnp_lime	sha256:92f396743277eed6839a2cbec630e2e042c486a9071f3b5c6534a2ac28ae18bf	Лаймовое затеняющее чистое стекло (игроки не проходят)
block:block.enderio.clear_glass_dnp_magenta	sha256:f6c6374e106ee97017a5629c06e8834b285efded27f4d619316b422398d54f20	Пурпурное затеняющее чистое стекло (игроки не проходят)
block:block.enderio.clear_glass_dnp_orange	sha256:3ba7eed879e647bdfe4876d807fc72f78ca554faf479788bd3149f211f5efd8a	Оранжевое затеняющее чистое стекло (игроки не проходят)
block:block.enderio.clear_glass_dnp_pink	sha256:e5ae145e12a76d5c37db0235ac2b63d8d21fe952c52e369c1127f0efa5a6b309	Розовое затеняющее чистое стекло (игроки не проходят)
block:block.enderio.clear_glass_dnp_purple	sha256:5744932af5b38d84e1dec9c2fc84cbed4cba93783349eef1cdf80b35bfbb9362	Фиолетовое затеняющее чистое стекло (игроки не проходят)
block:block.enderio.clear_glass_dnp_red	sha256:4c08e9475c0b7960605e9e1821e1d37c10b52a3ff2bf259fc5e98a36cadfe998	Красное затеняющее чистое стекло (игроки не проходят)
block:block.enderio.clear_glass_dnp_white	sha256:686bcbdaebd0095d4e66921c6d7c5510767467ac235e0ab55c4af51bef02672b	Белое затеняющее чистое стекло (игроки не проходят)
block:block.enderio.clear_glass_dnp_yellow	sha256:1095272e3fbab2184922fde98b9d20807209423e5c10e57ca23c7cb0cbdb4d63	Жёлтое затеняющее чистое стекло (игроки не проходят)
block:block.enderio.clear_glass_dp	sha256:3e170ff3d1a5e5b8e2f7f7fe5c43b07a381818d93c2bc9fbfcaae97df14f55ad	Затеняющее чистое стекло (проходят игроки)
block:block.enderio.clear_glass_dp_black	sha256:f5ab72778ec8fc15158f96b3a5da3093205dad082d77c42dd539abb75f50111c	Чёрное затеняющее чистое стекло (проходят игроки)
block:block.enderio.clear_glass_dp_blue	sha256:9139217a59e95b1782640c9b14b9449f49547044478403df4c9fd86880c5ebfe	Синее затеняющее чистое стекло (проходят игроки)
block:block.enderio.clear_glass_dp_brown	sha256:8bad9d33c92e97a989825ac715a11911fd35c0b75362e83dd18707246666add8	Коричневое затеняющее чистое стекло (проходят игроки)
block:block.enderio.clear_glass_dp_cyan	sha256:1df4a00888951ac044dbf892208452fbcf7edfa423cf4f95812fa57df4fcc934	Бирюзовое затеняющее чистое стекло (проходят игроки)
block:block.enderio.clear_glass_dp_gray	sha256:5ee6c9a9a7861ddc0a7814b42d40ebaf8ef49b2fc61445c1520575a26b742dd7	Серое затеняющее чистое стекло (проходят игроки)
block:block.enderio.clear_glass_dp_green	sha256:7a7ffb996dccf5f05e6a624bf554194d83bf147db585354f99be8244d3579476	Зелёное затеняющее чистое стекло (проходят игроки)
block:block.enderio.clear_glass_dp_light_blue	sha256:eb3725ec0593b1701bace4a1f9c1ff4258b0b24a38aa2fd18e5a7efb0eeb79c0	Голубое затеняющее чистое стекло (проходят игроки)
block:block.enderio.clear_glass_dp_light_gray	sha256:cf880f41dd05044dfe6bc5ac5889535a8ddbe91bb29c8790e2a8f9f3e7852ce6	Светло-серое затеняющее чистое стекло (проходят игроки)
block:block.enderio.clear_glass_dp_lime	sha256:ae539bbd3a46df990dec355d41833cb015005b79da65b2c2b4dbbfbc5652deef	Лаймовое затеняющее чистое стекло (проходят игроки)
block:block.enderio.clear_glass_dp_magenta	sha256:87687bed55b7405963412a39cd4a687979dc6178c25f39726726711427dbe607	Пурпурное затеняющее чистое стекло (проходят игроки)
block:block.enderio.clear_glass_dp_orange	sha256:d0e9ab66e0d695a01cf87a4bf053b16cc93e28d359da9e601418e3b82376ae39	Оранжевое затеняющее чистое стекло (проходят игроки)
block:block.enderio.clear_glass_dp_pink	sha256:e8c281647494789fe549bb3c2beded50a48f4d1cbe72407c360d56787df2b5d5	Розовое затеняющее чистое стекло (проходят игроки)
block:block.enderio.clear_glass_dp_purple	sha256:65e0eb13556738e1a1ac704375605421f55fadc2106edf051f529577ee7ffb70	Фиолетовое затеняющее чистое стекло (проходят игроки)
block:block.enderio.clear_glass_dp_red	sha256:5c5fa9ce3ee041513660b28702fed766b4694f59ccc95b66bd4d49c0c168a86a	Красное затеняющее чистое стекло (проходят игроки)
block:block.enderio.clear_glass_dp_white	sha256:57be4a6a093f3a0cc2016936040d547783266ea9f5dd4197a6f3567f98e3321d	Белое затеняющее чистое стекло (проходят игроки)
block:block.enderio.clear_glass_dp_yellow	sha256:87a211916d0fd53c49749030e43e6ada1596b12955b129e995a7dd317167021d	Жёлтое затеняющее чистое стекло (проходят игроки)
block:block.enderio.clear_glass_ea	sha256:909d87a477701c2356a9088cd6c7ac16f81613bfd4c7272c138b096d32abf9b6	Осветляющее чистое стекло (проходят животные)
block:block.enderio.clear_glass_ea_black	sha256:aa95320f27ce4baad4eb86857a15cdeca1ea364e3c77f0232e302bb4f4c3f2d9	Чёрное осветляющее чистое стекло (проходят животные)
block:block.enderio.clear_glass_ea_blue	sha256:c992e0fb2a0991fa7428c09cf12f978e1b2dcadf5c5f6bfbfbf7021203c0935a	Синее осветляющее чистое стекло (проходят животные)
block:block.enderio.clear_glass_ea_brown	sha256:58a1275707799bc9f6e4c7acec603c4301d4d5deacdd8df03c2c3189ed359ada	Коричневое осветляющее чистое стекло (проходят животные)
block:block.enderio.clear_glass_ea_cyan	sha256:3302d06ff16f13e3ad024db70e95b747dd5f7e8db4639df55e0ebc91db8db1cc	Бирюзовое осветляющее чистое стекло (проходят животные)
block:block.enderio.clear_glass_ea_gray	sha256:29e44f88894e10a21f6028ad4bcaa55270bd26bf28ab156a0184160ae4dfd53b	Серое осветляющее чистое стекло (проходят животные)
block:block.enderio.clear_glass_ea_green	sha256:cfea6b8aad3614bcf78a657098cc2042bd6091c36881256208e0d4729c0ee86f	Зелёное осветляющее чистое стекло (проходят животные)
block:block.enderio.clear_glass_ea_light_blue	sha256:8431463680daa3fb211a76a22be199e0cf8c30b58754332a6ec52877fa2d28d1	Голубое осветляющее чистое стекло (проходят животные)
block:block.enderio.clear_glass_ea_light_gray	sha256:f5f5c617e12952c00d8922f2eb81a751b945dc9508ce491a76d605fd10dc0953	Светло-серое осветляющее чистое стекло (проходят животные)
block:block.enderio.clear_glass_ea_lime	sha256:0b41485035ab3b8e3e502fa3605ea5bc2c25602b3c705dbacdf1bbe4be44e136	Лаймовое осветляющее чистое стекло (проходят животные)
block:block.enderio.clear_glass_ea_magenta	sha256:dc790a4c2b7ff6910dc2e8c2cc2ac3b5a80e842682a540fdab1625b64662bffb	Пурпурное осветляющее чистое стекло (проходят животные)
block:block.enderio.clear_glass_ea_orange	sha256:2f1e539bef63234235ec3f0e06eabf151cd0f63a1231e116d9f6390d1385543f	Оранжевое осветляющее чистое стекло (проходят животные)
block:block.enderio.clear_glass_ea_pink	sha256:a5ebca25b9c1846cda0574d3834960deb6e6433d8c0e36410b312db4beb01433	Розовое осветляющее чистое стекло (проходят животные)
block:block.enderio.clear_glass_ea_purple	sha256:d7c7d35e29bf2ebac48194a55dc2192eb8f77b3adc0f9b13d07f04e229c9bb3f	Фиолетовое осветляющее чистое стекло (проходят животные)
block:block.enderio.clear_glass_ea_red	sha256:a571bab577a7dbfe00d358d937da795b2f3c2babfc1131fe85ffd8a0fe461b6f	Красное осветляющее чистое стекло (проходят животные)
block:block.enderio.clear_glass_ea_white	sha256:dcff5418ea39385d133cca84da24d6c0798807ea0248ef7be66861d0d2a5deaa	Белое осветляющее чистое стекло (проходят животные)
block:block.enderio.clear_glass_ea_yellow	sha256:f49c0d1d09a92d4d229e0b07086a41e45e9093527e859544164dc6b8934cf172	Жёлтое осветляющее чистое стекло (проходят животные)
block:block.enderio.clear_glass_em	sha256:1f3056cbf871dd61d5b196f436d04ba0e881126a7b9c3fef3c607f25c4aad411	Осветляющее чистое стекло (проходят монстры)
block:block.enderio.clear_glass_em_black	sha256:ea0f7da4b474c316dac1094d41cf416ca903969532587db8ea02d5726ffa13a9	Чёрное осветляющее чистое стекло (проходят монстры)
block:block.enderio.clear_glass_em_blue	sha256:b8e7e2ba8c3524619d4b512dae5414d748b29cb9060c172820eff636d0ff8ca9	Синее осветляющее чистое стекло (проходят монстры)
block:block.enderio.clear_glass_em_brown	sha256:dbfd05c0f7d69aa9e3e30741c43986b86075eb7bfccb28efa8ca63c7d2eeed0d	Коричневое осветляющее чистое стекло (проходят монстры)
block:block.enderio.clear_glass_em_cyan	sha256:7ec9afc2a40cde74b703adc802b6504e6501a3d2cf64daf9c5b578c6b7bf8039	Бирюзовое осветляющее чистое стекло (проходят монстры)
block:block.enderio.clear_glass_em_gray	sha256:8d9ce6db9c38740091d24d784b214722675d96070349728c11498e80354f3a0a	Серое осветляющее чистое стекло (проходят монстры)
block:block.enderio.clear_glass_em_green	sha256:afd2f1a02b0291cd3ee67679faa4fa41a11e72c11fe1bebfaee21b7fc96e7bde	Зелёное осветляющее чистое стекло (проходят монстры)
block:block.enderio.clear_glass_em_light_blue	sha256:7e9af5aa87522b4c5416a6c0556762627049a5c3b163f1e8249ca3f02232a0d1	Голубое осветляющее чистое стекло (проходят монстры)
block:block.enderio.clear_glass_em_light_gray	sha256:56ea432cab5f72b824f9eeb79a732f457e18957f8003dd0b115cbf70ec9af9d2	Светло-серое осветляющее чистое стекло (проходят монстры)
block:block.enderio.clear_glass_em_lime	sha256:9f98ecae0dfe087bfcd23b82221030bc8029c6a37ff52bea434a4dda5f777755	Лаймовое осветляющее чистое стекло (проходят монстры)
block:block.enderio.clear_glass_em_magenta	sha256:9387f85111125427a1c46d77532d85a4433467a838072bebd052de83eb00489d	Пурпурное осветляющее чистое стекло (проходят монстры)
block:block.enderio.clear_glass_em_orange	sha256:130620fb00ab673b0abcc223d136ab8faf4baef3c19c60732389422057f3ab74	Оранжевое осветляющее чистое стекло (проходят монстры)
block:block.enderio.clear_glass_em_pink	sha256:a190abd52866f0e6de26c8f5cbeb603e86d4353c2c150d7890124ceaea913396	Розовое осветляющее чистое стекло (проходят монстры)
block:block.enderio.clear_glass_em_purple	sha256:9500441e3b8a88415ce8913ba3c59dec4711e559595d008f498df9b79e9571e2	Фиолетовое осветляющее чистое стекло (проходят монстры)
block:block.enderio.clear_glass_em_red	sha256:5ee9701e78dc5b8e24a322121558c7f995086d85229236070bf658185495b5f7	Красное осветляющее чистое стекло (проходят монстры)
block:block.enderio.clear_glass_em_white	sha256:34d3f21f75380552a1d542e0e3617e2b20e1ddee4fd746a132ac1f1da2841a8c	Белое осветляющее чистое стекло (проходят монстры)
block:block.enderio.clear_glass_em_yellow	sha256:3a7ff93fd39ec265163de2ec4bf2bb47518cde958c00c375a3b2bb70b3372824	Жёлтое осветляющее чистое стекло (проходят монстры)
block:block.enderio.clear_glass_ena	sha256:759c333edf414b6177fac694f309f2c4078395108481b4bc498d0552b5fc5eee	Осветляющее чистое стекло (животные не проходят)
block:block.enderio.clear_glass_ena_black	sha256:c143ec62ff8879ba60a260899ec3b11af604e18aed0b1614b9cef9db5a638910	Чёрное осветляющее чистое стекло (животные не проходят)
block:block.enderio.clear_glass_ena_blue	sha256:85035f02484b18101cd1e2b4057ec80fa9dcc9f2c0e198fb14e781a6a04814f1	Синее осветляющее чистое стекло (животные не проходят)
block:block.enderio.clear_glass_ena_brown	sha256:ffb136041504bbb1244ee93f263c4bd99d6efceff744736e91f9e25bdeeab50e	Коричневое осветляющее чистое стекло (животные не проходят)
block:block.enderio.clear_glass_ena_cyan	sha256:a9d12d625b21fd8a7401fbfbe0117199679b1ee6b7ff6eb702c54b6ebef67a8b	Бирюзовое осветляющее чистое стекло (животные не проходят)
block:block.enderio.clear_glass_ena_gray	sha256:ad253bf1bd12106f0805d7aa9825265c00f42d15e3cfb5e14a75520cbd87534c	Серое осветляющее чистое стекло (животные не проходят)
block:block.enderio.clear_glass_ena_green	sha256:63d1ee5c14419ca44df17bcd0851f9b538240db00ad891af50bef282b910f679	Зелёное осветляющее чистое стекло (животные не проходят)
block:block.enderio.clear_glass_ena_light_blue	sha256:4a7eed3ae483c30461882c28f3f01fef85f627fd5ac57d77fa7577b07e1e668d	Голубое осветляющее чистое стекло (животные не проходят)
block:block.enderio.clear_glass_ena_light_gray	sha256:a13c08ce6fa270ef357479c5076c99b196892f51ec1a5163154cbacfa8ffeb3d	Светло-серое осветляющее чистое стекло (животные не проходят)
block:block.enderio.clear_glass_ena_lime	sha256:26f2b8edf7428da69229ef2f64853ccbe823456c1859ee290d97a40a1ddf66e3	Лаймовое осветляющее чистое стекло (животные не проходят)
block:block.enderio.clear_glass_ena_magenta	sha256:2876f5413082bed118f9fd49e15a59b8c12fc0625a0a567177b56737d2881714	Пурпурное осветляющее чистое стекло (животные не проходят)
block:block.enderio.clear_glass_ena_orange	sha256:c11b293702ecbe118574543670f00a62400e7cbe78bef980309033e2764bb52a	Оранжевое осветляющее чистое стекло (животные не проходят)
block:block.enderio.clear_glass_ena_pink	sha256:b493ebfa3ecafa7e9c944745c330dd081ee1daba10e6842635b37515db117f22	Розовое осветляющее чистое стекло (животные не проходят)
block:block.enderio.clear_glass_ena_purple	sha256:84cf8039bf3ab5400b8b7b84c91464a1923c9578a73f92efa2a7d3eca04d3642	Фиолетовое осветляющее чистое стекло (животные не проходят)
block:block.enderio.clear_glass_ena_red	sha256:64dc6b7ecaf00ba13dffc0e594cf4c9fe085072873db8ca021ec41ec07a7b5d4	Красное осветляющее чистое стекло (животные не проходят)
block:block.enderio.clear_glass_ena_white	sha256:1eb0043cafcbbd3e07f846c812eb4e9d7f4f2d3af1ba81c63c179a0754b5b361	Белое осветляющее чистое стекло (животные не проходят)
block:block.enderio.clear_glass_ena_yellow	sha256:41f9a7eb9ac43c93cbe9c3d6b3ee255cf8eda2f0b466b14000005097ad466146	Жёлтое осветляющее чистое стекло (животные не проходят)
block:block.enderio.clear_glass_enm	sha256:81577e1752b93840f4fe2f783d7f37d60e39d802941db5d6bd44c24517e1e6b2	Осветляющее чистое стекло (монстры не проходят)
block:block.enderio.clear_glass_enm_black	sha256:3bbd5da5edb89899b7cdc82ef44c25983cb40cea639375832a2772ac1f33fdc8	Чёрное осветляющее чистое стекло (монстры не проходят)
block:block.enderio.clear_glass_enm_blue	sha256:e77112b0812089682040464f3c4c463380b1edae1b2323396a903d5f1520632d	Синее осветляющее чистое стекло (монстры не проходят)
block:block.enderio.clear_glass_enm_brown	sha256:5549a4af1e24c2d4b50c6ad4d4aebc1b22b115ac969f22b6b0ed8ff56edce1dc	Коричневое осветляющее чистое стекло (монстры не проходят)
block:block.enderio.clear_glass_enm_cyan	sha256:ccb5d850a79b2899d55fc4fbf8575629f1a7bab20bffd6c85a59f533ebe0178f	Бирюзовое осветляющее чистое стекло (монстры не проходят)
block:block.enderio.clear_glass_enm_gray	sha256:8793d46de69142028b5e9de6bbc9539c241e35a967a9ec76b71e27a7f86ea78f	Серое осветляющее чистое стекло (монстры не проходят)
block:block.enderio.clear_glass_enm_green	sha256:d6155a9ac19c0c5baa8c2983bbe27e2510a1a7beb4933e13773fc215d70570e6	Зелёное осветляющее чистое стекло (монстры не проходят)
block:block.enderio.clear_glass_enm_light_blue	sha256:0dda93e8e8cc532f19cfb6f6099ae3856fa948aa57919c0956730ddc58760d3f	Голубое осветляющее чистое стекло (монстры не проходят)
block:block.enderio.clear_glass_enm_light_gray	sha256:eb107c49c8fbdc1d6de301399cc5ed3cf458187ea569e38dbbfbdcd759c340cf	Светло-серое осветляющее чистое стекло (монстры не проходят)
block:block.enderio.clear_glass_enm_lime	sha256:bad4f6be97562a90071e210c233bd3bcbcc707701ba5f961dbb3b9a7ac18b050	Лаймовое осветляющее чистое стекло (монстры не проходят)
block:block.enderio.clear_glass_enm_magenta	sha256:578318b4f978e5c66f15d90fcdf863e58c060fe90e6f0d0923da41c802b4b2b5	Пурпурное осветляющее чистое стекло (монстры не проходят)
block:block.enderio.clear_glass_enm_orange	sha256:8984ac29ad456da3d0c6ca218ce9129e8bef3e128f4223ec7e08c9657229297b	Оранжевое осветляющее чистое стекло (монстры не проходят)
block:block.enderio.clear_glass_enm_pink	sha256:339b1003b68784381943472eaafcf4800652526d4c2769efc32932a6b2f62f78	Розовое осветляющее чистое стекло (монстры не проходят)
block:block.enderio.clear_glass_enm_purple	sha256:e8b5ec19ed02fbe6671fbfb1dc266bb197c62ed52e9c7bd776fe367c87d9ed48	Фиолетовое осветляющее чистое стекло (монстры не проходят)
block:block.enderio.clear_glass_enm_red	sha256:1cd845c6128afc0b2ea7c251eded8a13062bff0e92ee68937c40cbc68ab3397d	Красное осветляющее чистое стекло (монстры не проходят)
block:block.enderio.clear_glass_enm_white	sha256:4e628a08da49d846f547373e5ff59a8a51e4b69ed9cab46be9ea0007d34cfe1e	Белое осветляющее чистое стекло (монстры не проходят)
block:block.enderio.clear_glass_enm_yellow	sha256:d40e69fcf03f7b2502a6f60e6fda14d4aab5aa47fa84f67b521dc9eea6691745	Жёлтое осветляющее чистое стекло (монстры не проходят)
block:block.enderio.clear_glass_enp	sha256:3dfd1fb805c7d997bcbe94e8b143c9314d3b5309aaa9c29ecfc4e9b42bdea22b	Осветляющее чистое стекло (игроки не проходят)
block:block.enderio.clear_glass_enp_black	sha256:6b4717db6cc9afd32e06cc3144a07602151c919ee25d903ce9f03420e80f6c71	Чёрное осветляющее чистое стекло (игроки не проходят)
block:block.enderio.clear_glass_enp_blue	sha256:02efc0abfb37115042f5c22ee6d5eadbcaea8709f6ff3f07e845213e8615e45f	Синее осветляющее чистое стекло (игроки не проходят)
block:block.enderio.clear_glass_enp_brown	sha256:78e14ba8cd9d5a65311c8c5111f465bd98413e4150313a72ea1df0ff3e52de60	Коричневое осветляющее чистое стекло (игроки не проходят)
block:block.enderio.clear_glass_enp_cyan	sha256:47811282cae87c7fffca91be8790f96e734181b965e6665988835cebcb0e5afd	Бирюзовое осветляющее чистое стекло (игроки не проходят)
block:block.enderio.clear_glass_enp_gray	sha256:913aa9e453fbe3f44f610098b099845570dd9f3c3f79c26cff11fe9d4ff74792	Серое осветляющее чистое стекло (игроки не проходят)
block:block.enderio.clear_glass_enp_green	sha256:66627ef033f122e72afa6a5a32dc96dd5a4b9fd947fdc5cd2bd5eac0ce538b28	Зелёное осветляющее чистое стекло (игроки не проходят)
block:block.enderio.clear_glass_enp_light_blue	sha256:a49b98cbbb2b1076788acc34a5ebd3ab6d37c272eb19a07299055059470009c5	Голубое осветляющее чистое стекло (игроки не проходят)
block:block.enderio.clear_glass_enp_light_gray	sha256:403701d3a36900e6d5b0efd1f04ddfdd5214152d579f2c2eb4b118a3ee468b5a	Светло-серое осветляющее чистое стекло (игроки не проходят)
block:block.enderio.clear_glass_enp_lime	sha256:373b14db41f2cca96226b251fcd8baf3b8d84249e95160b06ec1e6b124b7d459	Лаймовое осветляющее чистое стекло (игроки не проходят)
block:block.enderio.clear_glass_enp_magenta	sha256:d7aef05872c23d48cf7b52dc86d9ed3691ddbd19d6944e1dd349e2ee68243ff8	Пурпурное осветляющее чистое стекло (игроки не проходят)
block:block.enderio.clear_glass_enp_orange	sha256:ab6d7e839e9273209d739c5fdfe4d6c2a5e91fa19e49f27c3e8b76d1abbcb302	Оранжевое осветляющее чистое стекло (игроки не проходят)
block:block.enderio.clear_glass_enp_pink	sha256:26b3114fae5a0ceb3759d19a8d4fa7d56415e0f3e755f2c2a9d0efa89111d20e	Розовое осветляющее чистое стекло (игроки не проходят)
block:block.enderio.clear_glass_enp_purple	sha256:6723f302b829ec54440fb85718568a8ad432c9a06d2d2d42aacd1d2ca15f8e19	Фиолетовое осветляющее чистое стекло (игроки не проходят)
block:block.enderio.clear_glass_enp_red	sha256:fb98a4ddfdbb9a44184d91a903db3bffdc85d01c819e6bcf979394d9189f7259	Красное осветляющее чистое стекло (игроки не проходят)
block:block.enderio.clear_glass_enp_white	sha256:05d30ea6e2a63796525b49cec5d7e0f7dc641fe0348917ce70d3d6fb40a766f5	Белое осветляющее чистое стекло (игроки не проходят)
block:block.enderio.clear_glass_enp_yellow	sha256:1efc100fe52357a6abde70ec612eed7069f522415dfd02603365c67d8d840379	Жёлтое осветляющее чистое стекло (игроки не проходят)
block:block.enderio.clear_glass_ep	sha256:da286f382ce3c869318ef93873693bdf153983b14839fb437136a3515592af99	Осветляющее чистое стекло (проходят игроки)
block:block.enderio.clear_glass_ep_black	sha256:deb3e48ca3e4a8ec20b4180da02da1fae818bca9a57c7da248e74c60352acd0b	Чёрное осветляющее чистое стекло (проходят игроки)
block:block.enderio.clear_glass_ep_blue	sha256:6c8b1cc7589863d4e0f82dbf02cb78b8df6b555f296cc20997615215b3767d58	Синее осветляющее чистое стекло (проходят игроки)
block:block.enderio.clear_glass_ep_brown	sha256:c4211c474eea79712b3113a2ecb6a2dd41d65e7d2de04ad3f050edd6f5680d1f	Коричневое осветляющее чистое стекло (проходят игроки)
block:block.enderio.clear_glass_ep_cyan	sha256:6ce1a53b1f71359ddd924920ff5f32f5eaa1b6efbe90f72a80afb9003e44fdc1	Бирюзовое осветляющее чистое стекло (проходят игроки)
block:block.enderio.clear_glass_ep_gray	sha256:9d53d3e868fc88e0b559e5b120a2f57857c9275cdf8856920b693173953d3140	Серое осветляющее чистое стекло (проходят игроки)
block:block.enderio.clear_glass_ep_green	sha256:01f9077eafd02a763aa9992f4d5c40cfd6ecb6c609d07ab9b764ba8a2d44926d	Зелёное осветляющее чистое стекло (проходят игроки)
block:block.enderio.clear_glass_ep_light_blue	sha256:e1d561965f73f4a21231cdd74737d815bf62a21a3168096a6b47b0cd9d369499	Голубое осветляющее чистое стекло (проходят игроки)
block:block.enderio.clear_glass_ep_light_gray	sha256:bf3a803f0f643757b1ae24493719d77daad08bf611bf3c6f893b6feb12131166	Светло-серое осветляющее чистое стекло (проходят игроки)
block:block.enderio.clear_glass_ep_lime	sha256:4410a2807ce6a4769f93118fe8ebb1b1de747ec5e2a2dd1fcfc784317961ab51	Лаймовое осветляющее чистое стекло (проходят игроки)
block:block.enderio.clear_glass_ep_magenta	sha256:a76b50f11e0a31e184eaa69ec94ed4f8dbfadd4413693fc185de574773bd85fa	Пурпурное осветляющее чистое стекло (проходят игроки)
block:block.enderio.clear_glass_ep_orange	sha256:f2300aa76d982ff5d1187e9f4ec4eb6fd16dd65aad8075dd95beb5d67ddeb711	Оранжевое осветляющее чистое стекло (проходят игроки)
block:block.enderio.clear_glass_ep_pink	sha256:d2dc1adedc114db88faf52d8caecf4ae4a40a6d24a431bcd3e2ba01a3ed3150d	Розовое осветляющее чистое стекло (проходят игроки)
block:block.enderio.clear_glass_ep_purple	sha256:b6ace2f4f15d82913bd491e09227a8c0b56cf3001b5001b8d41f69f9abff8ceb	Фиолетовое осветляющее чистое стекло (проходят игроки)
block:block.enderio.clear_glass_ep_red	sha256:5a892e07bb8c16bab2420185c6c39612822820b7913f649f4a3c004f1148ef99	Красное осветляющее чистое стекло (проходят игроки)
block:block.enderio.clear_glass_ep_white	sha256:51df6825f4c757a0b1948c2c7fb5c642838bae9bc2061d6ae0243350069eea89	Белое осветляющее чистое стекло (проходят игроки)
block:block.enderio.clear_glass_ep_yellow	sha256:2b9368e00f86005a4ae81645b57dab4046d7b2e4084993ccc795aea7f12c5508	Жёлтое осветляющее чистое стекло (проходят игроки)
block:block.enderio.clear_glass_m	sha256:b8b203d3318fbc2d53c8b513e65eb77b93e8e5e0c3dc4828a8ea6dc2ccc24607	Чистое стекло (проходят монстры)
block:block.enderio.clear_glass_m_black	sha256:92354dc153f5497df6ddf9fa0cf49b913ee8989955ed8a9435c87292a5c920c0	Чёрное чистое стекло (проходят монстры)
block:block.enderio.clear_glass_m_blue	sha256:c613db5698838beb15d273139f90f6a637e688f4487ab8bcaa99a3eb25bfd072	Синее чистое стекло (проходят монстры)
block:block.enderio.clear_glass_m_brown	sha256:c87cbf1b06b62b8ce2c25b6fccdc531145c66bb14e950290e545b0d3eab8c87a	Коричневое чистое стекло (проходят монстры)
block:block.enderio.clear_glass_m_cyan	sha256:d4fee49e61ba0d82af694abae3c01f38f744de1f9b45025da22361642459fbf1	Бирюзовое чистое стекло (проходят монстры)
block:block.enderio.clear_glass_m_gray	sha256:726fc9a7ce24595f48add7080c9774b4c680e13a7fd1051dd383ab363a27bb37	Серое чистое стекло (проходят монстры)
block:block.enderio.clear_glass_m_green	sha256:00819f1e36a87afc32bc671eef322c36b4cfb0f9045e04feadb047cf364e30c6	Зелёное чистое стекло (проходят монстры)
block:block.enderio.clear_glass_m_light_blue	sha256:015132b44ef83c1e82226025f54ad85dfc9489e62b5ae53e11de81e8ef914f0c	Голубое чистое стекло (проходят монстры)
block:block.enderio.clear_glass_m_light_gray	sha256:a185d3c69149e8a6c7838fa0d58cb9e28e05f89cec2e58cb14a86421d0b08692	Светло-серое чистое стекло (проходят монстры)
block:block.enderio.clear_glass_m_lime	sha256:66e41566f027c0c6b27539300e01e4ab412b64f1cd0d4f6faa469227c65368db	Лаймовое чистое стекло (проходят монстры)
block:block.enderio.clear_glass_m_magenta	sha256:a9822650d417352dd8f1085e226d671e4cf4cdf103dd755bc94851ee9499e287	Пурпурное чистое стекло (проходят монстры)
block:block.enderio.clear_glass_m_orange	sha256:ef166cbc7f76304f54227cf1a017cd642535686e10c78ada54ac018ef68f492a	Оранжевое чистое стекло (проходят монстры)
block:block.enderio.clear_glass_m_pink	sha256:05733ef4669e3a30a5d9d32c777c468dcac5a8272ec16a60d3e978fdebf29c84	Розовое чистое стекло (проходят монстры)
block:block.enderio.clear_glass_m_purple	sha256:a4fe2a6cb1ee8d9f4b57adde9b7d99a81e0edb810ed118c04758db41f6e00306	Фиолетовое чистое стекло (проходят монстры)
block:block.enderio.clear_glass_m_red	sha256:42eb6874997cfb0632044b9fe7f3b55dcc83968e19725094225aad321642dca0	Красное чистое стекло (проходят монстры)
block:block.enderio.clear_glass_m_white	sha256:c363db8afb9228bcb657dc2a1532219cce155ef039a43ab6d7d3c337257ef124	Белое чистое стекло (проходят монстры)
block:block.enderio.clear_glass_m_yellow	sha256:243e039b1b20333ca4521d615f91f04a118f167b76cb66b10b3c676ae03db994	Жёлтое чистое стекло (проходят монстры)
block:block.enderio.clear_glass_na	sha256:556901925829f298d0034101e5c3695b8a8bdd1772cd43aad264e5a80e0e7026	Чистое стекло (животные не проходят)
block:block.enderio.clear_glass_na_black	sha256:aa953195dc6b5d86ac281309e91848342f2e10848b7793acf937c21a90049e24	Чёрное чистое стекло (животные не проходят)
block:block.enderio.clear_glass_na_blue	sha256:f5d37d34e934d481a9c6953687ee30d3b190ca4c082848b260b7c2ad54fa8b5b	Синее чистое стекло (животные не проходят)
block:block.enderio.clear_glass_na_brown	sha256:64568a63ea2cb2af156512263ee6a0e8d168dd70254c4d7c4c96260c7623613c	Коричневое чистое стекло (животные не проходят)
block:block.enderio.clear_glass_na_cyan	sha256:4cd80f0c9511fe6ec69e130fd72741923df0ad5d297deefd2a21f9c11bf7284d	Бирюзовое чистое стекло (животные не проходят)
block:block.enderio.clear_glass_na_gray	sha256:72413be14efb2b563cd9efe508fd012b0793bc52f9494682aaed440ba4f12d61	Серое чистое стекло (животные не проходят)
block:block.enderio.clear_glass_na_green	sha256:e130334a5fca2341f10c006124f363d6bbe49778dfcb340793bd9e10ca57e12e	Зелёное чистое стекло (животные не проходят)
block:block.enderio.clear_glass_na_light_blue	sha256:90282e167fe13823995de53411ccccacb777d66c3291fa6ac6311401a05b982f	Голубое чистое стекло (животные не проходят)
block:block.enderio.clear_glass_na_light_gray	sha256:5a2cf790a075c0c3d76ba9fbd642f9a34e06310e5583bba9c14f42ad1c6b705a	Светло-серое чистое стекло (животные не проходят)
block:block.enderio.clear_glass_na_lime	sha256:9d2fbb46e4b2e6b6b17cc0d29620356b370f627ad0b5991bc59477da37199fd3	Лаймовое чистое стекло (животные не проходят)
block:block.enderio.clear_glass_na_magenta	sha256:04d515a56058e2e55ebf3ae5f87b54722a90abfb29720d4aa78dc0ffe234c5d6	Пурпурное чистое стекло (животные не проходят)
block:block.enderio.clear_glass_na_orange	sha256:8dfe7bac53908529981f7c5c203dde511db9de353db2e100cf984a5f0114c877	Оранжевое чистое стекло (животные не проходят)
block:block.enderio.clear_glass_na_pink	sha256:f927f2650c77c91a96ca451e1d1aef0fb82acc132fc56bdd5be359f5597158f2	Розовое чистое стекло (животные не проходят)
block:block.enderio.clear_glass_na_purple	sha256:ddea8a84facbae399839ac86f58ebe937df55fd64e25679a42ab0c93ca0584f3	Фиолетовое чистое стекло (животные не проходят)
block:block.enderio.clear_glass_na_red	sha256:d03984a318a3754458e476becdd595ce7264181d3a9516b97da6f8f4488857eb	Красное чистое стекло (животные не проходят)
block:block.enderio.clear_glass_na_white	sha256:a9bd83c653232d003b0e0e9fbb218b0affe35c90009a9cbb3ad9e1a98215c77f	Белое чистое стекло (животные не проходят)
block:block.enderio.clear_glass_na_yellow	sha256:c7c90f275624671c48764fb8e2496243c25a2ac743856c9fe703d364737721bd	Жёлтое чистое стекло (животные не проходят)
block:block.enderio.clear_glass_nm	sha256:cdf1e777a9d72de299eca6073a2db755acaf2b030976915e9e12bb7490e79638	Чистое стекло (монстры не проходят)
block:block.enderio.clear_glass_nm_black	sha256:b7dcfa3ff0afc6751b7d4db314ff3ba0c6397018de5ace8abc100de79643c1c5	Чёрное чистое стекло (монстры не проходят)
block:block.enderio.clear_glass_nm_blue	sha256:07aa4bf97297a37ed75ba7f8d3000ff104b6a586cb05dd7d55a8432ddbaa1e0a	Синее чистое стекло (монстры не проходят)
block:block.enderio.clear_glass_nm_brown	sha256:553b05794cb1e2304d3873caf677448690437dee45775e7854d0df1d4c747d68	Коричневое чистое стекло (монстры не проходят)
block:block.enderio.clear_glass_nm_cyan	sha256:a8d39282e3ceb7db74edbfb73cc24f89f4f2ce83add4d5ca75382177cbc89946	Бирюзовое чистое стекло (монстры не проходят)
block:block.enderio.clear_glass_nm_gray	sha256:59b1f84901a363a699b45153bd766837d9a851078a09d9f64a4c83d60f35c569	Серое чистое стекло (монстры не проходят)
block:block.enderio.clear_glass_nm_green	sha256:c92dd94f50abc45196131289d831d7e58d5e549ac7e81424dd68b1c45e1ff947	Зелёное чистое стекло (монстры не проходят)
block:block.enderio.clear_glass_nm_light_blue	sha256:be8ae1d2a376e5401c7e18bdc1574efc11ff434c5fefc2fc937b7b7ec6d23e7d	Голубое чистое стекло (монстры не проходят)
block:block.enderio.clear_glass_nm_light_gray	sha256:c06c1e067ab2b36254bcc0ccebc2324f46077e9a59395adfc3564bb6ffc365a1	Светло-серое чистое стекло (монстры не проходят)
block:block.enderio.clear_glass_nm_lime	sha256:c8bee7814c177feff197f76590e13d35a2c4dab7a19a81074330982b5d96da6a	Лаймовое чистое стекло (монстры не проходят)
block:block.enderio.clear_glass_nm_magenta	sha256:1802b31672b746dd7a57e8ce822457d36d102703d0f0a927ab920b9579149a5a	Пурпурное чистое стекло (монстры не проходят)
block:block.enderio.clear_glass_nm_orange	sha256:126c662a2481c2121ee046898842b47ab7d078a42abdde05ba79839b2f7283d5	Оранжевое чистое стекло (монстры не проходят)
block:block.enderio.clear_glass_nm_pink	sha256:d06606c484a43ae96b4031c72df9f7bd23891921e77b6271d84b5ba3a8b99689	Розовое чистое стекло (монстры не проходят)
block:block.enderio.clear_glass_nm_purple	sha256:c99cf083e2bcc86ec74509352fb46dfae5f263502a6a0d5d32f1d99f445d9c5d	Фиолетовое чистое стекло (монстры не проходят)
block:block.enderio.clear_glass_nm_red	sha256:e5022aff8e357f7ad7d25d69af85e2ee11f5e355102b078c42bd417e0990517a	Красное чистое стекло (монстры не проходят)
block:block.enderio.clear_glass_nm_white	sha256:a09f3ba3ebdbc6542fec6bd95cc2aaabc9e092c39711a507d7cc777e74e25ee5	Белое чистое стекло (монстры не проходят)
block:block.enderio.clear_glass_nm_yellow	sha256:aa1ddce8e2225a2f6bb4cf6bcefa99f97877ed42c29e0df8eb8ee7ee273f5ffe	Жёлтое чистое стекло (монстры не проходят)
block:block.enderio.clear_glass_np	sha256:f0e0e533b4833392bf3a24f702c00528cb3c03842c3a7c27dfd4638e68eeb9ac	Чистое стекло (игроки не проходят)
block:block.enderio.clear_glass_np_black	sha256:86c0db82ab2bd71c8dc37f5baf9416bfce60bd6dd8cbe429aebad4669cf69c56	Чёрное чистое стекло (игроки не проходят)
block:block.enderio.clear_glass_np_blue	sha256:ae8518d4f3ad38f026b5b6e951a9f2a56fcb4bf6099f35d68e478880bac4e534	Синее чистое стекло (игроки не проходят)
block:block.enderio.clear_glass_np_brown	sha256:364e7b2ad0209a8a47c6822219533a46fa9fbe3d1a6a9da3e2df5ccb432dc4d7	Коричневое чистое стекло (игроки не проходят)
block:block.enderio.clear_glass_np_cyan	sha256:0e94920e1bed75ced95bcd224c7c886073ae5612f186a5ba4eff6254f02e5e57	Бирюзовое чистое стекло (игроки не проходят)
block:block.enderio.clear_glass_np_gray	sha256:c5af5195e4177c07170019783f7120b6d4bfcf70e4e1deeb40de584a3281d90b	Серое чистое стекло (игроки не проходят)
block:block.enderio.clear_glass_np_green	sha256:205d149f3f928c351a6ce7c8e843d028fd5940dd8b2a35d7e022a90ec9ee74bd	Зелёное чистое стекло (игроки не проходят)
block:block.enderio.clear_glass_np_light_blue	sha256:3b92536e8fc6c8dfa935924da21cd4d4e586093944c9e397a62234c9ba488bb8	Голубое чистое стекло (игроки не проходят)
block:block.enderio.clear_glass_np_light_gray	sha256:6e6a0030f1bb5ac061a9ac41cd040038b302fa495d8d09cbc08c6839ebffeecc	Светло-серое чистое стекло (игроки не проходят)
block:block.enderio.clear_glass_np_lime	sha256:6b94ca1a8ab7fc090dfbb16ddd8c04857174a8f5fb7e59d5d3571718e072b16c	Лаймовое чистое стекло (игроки не проходят)
block:block.enderio.clear_glass_np_magenta	sha256:a4b91d47587950c3dd75db47e4108a474c342945cf9b318f96b7aa92379dd252	Пурпурное чистое стекло (игроки не проходят)
block:block.enderio.clear_glass_np_orange	sha256:1edccfe94a6bddeaabf02afbe911b1f2843d07caa86ee0466e90170281ce5608	Оранжевое чистое стекло (игроки не проходят)
block:block.enderio.clear_glass_np_pink	sha256:bd911af57d39a665a62646ba0c55fe8da260c7d69c01c103f7eee58c2c5c0cc3	Розовое чистое стекло (игроки не проходят)
block:block.enderio.clear_glass_np_purple	sha256:35c4a632c49bfa8eeb6dae803d82e50713ca99d537862c661143a593c01bf2a2	Фиолетовое чистое стекло (игроки не проходят)
block:block.enderio.clear_glass_np_red	sha256:ec932ffdd70f0c7c3eac394c8bb11ac9c3e631de084204b9224a4c0570f5c52a	Красное чистое стекло (игроки не проходят)
block:block.enderio.clear_glass_np_white	sha256:a6a12c6ddf0a20f6173b66240f2669a71ae5c2c9ba4ce2c4f1c8f71f1e9b8599	Белое чистое стекло (игроки не проходят)
block:block.enderio.clear_glass_np_yellow	sha256:cb23f6d0a476ef1f2cd2c66f9f27a4e79665113d78332d96769b15adef508e69	Жёлтое чистое стекло (игроки не проходят)
block:block.enderio.clear_glass_p	sha256:f193a9e699fa4d280e1e8649c49a03bec7f18c1d9d9e793b3ca97af571f53faa	Чистое стекло (проходят игроки)
block:block.enderio.clear_glass_p_black	sha256:0daa7db898d9b16c33039f2fd167523dbdda91b0f00a32d98a942e3be323e0e6	Чёрное чистое стекло (проходят игроки)
block:block.enderio.clear_glass_p_blue	sha256:d9237fe8834a48d468559621cefd4d1c879d0092b8f153689fe6cb46d21b6ddd	Синее чистое стекло (проходят игроки)
block:block.enderio.clear_glass_p_brown	sha256:9460b8dbf25de2d4c7f4362c9adb2dee6c336263531e7778678488fb62afdea8	Коричневое чистое стекло (проходят игроки)
block:block.enderio.clear_glass_p_cyan	sha256:4fd54ce0e948e2605f91c38c26d0691583cc35a695997f0ee4413c1850853890	Бирюзовое чистое стекло (проходят игроки)
block:block.enderio.clear_glass_p_gray	sha256:3f0f998eac9f7483056ddf3ad0118246cb855fc1b40047ae4bc458ab6b6ee6ab	Серое чистое стекло (проходят игроки)
block:block.enderio.clear_glass_p_green	sha256:3a240920520da43984de937544d80d4f316af8a949d46542b214343d2ddca088	Зелёное чистое стекло (проходят игроки)
block:block.enderio.clear_glass_p_light_blue	sha256:d631924e42ded7cde88365b07c4446ab3772d65241037206e4f22274e4c7242e	Голубое чистое стекло (проходят игроки)
block:block.enderio.clear_glass_p_light_gray	sha256:eac828abf16f8148258fa23c62fd5889e81d8e59110c75ce74f29f6fd3d2184d	Светло-серое чистое стекло (проходят игроки)
block:block.enderio.clear_glass_p_lime	sha256:a89ddbd420c8ab289ff6a4618928f6d5520a9c404743cbb6354f03d3d02e4762	Лаймовое чистое стекло (проходят игроки)
block:block.enderio.clear_glass_p_magenta	sha256:44bf5d567f6a0c1cc6e5254b8f76224c0e098d6c68c8677d555bd2ca38c7f3af	Пурпурное чистое стекло (проходят игроки)
block:block.enderio.clear_glass_p_orange	sha256:6f762150a8772f6d2cff5d93969e7db15f554b467b98adfa2d687bdaa0cb51a2	Оранжевое чистое стекло (проходят игроки)
block:block.enderio.clear_glass_p_pink	sha256:8730f1b789dc68220088adcf5d83c00946117da0103bb9949acac9474da1910b	Розовое чистое стекло (проходят игроки)
block:block.enderio.clear_glass_p_purple	sha256:06db1a9901dfe2b918e9da9b02b7dad51af0da27910760e19e6270702b5a856b	Фиолетовое чистое стекло (проходят игроки)
block:block.enderio.clear_glass_p_red	sha256:239624ffbb9a617414439ce2ff428e8b97193d5b7807513f80196a260a5f3ff4	Красное чистое стекло (проходят игроки)
block:block.enderio.clear_glass_p_white	sha256:5dba698220a76c8b290b79950f5cf7e34768f0ffe36e76fcc2084d3b9b8d7870	Белое чистое стекло (проходят игроки)
block:block.enderio.clear_glass_p_yellow	sha256:85e58635c092577ae706e27968fcade86482ebbbd28a937e039ee48f1879f054	Жёлтое чистое стекло (проходят игроки)
block:block.enderio.fused_quartz_a	sha256:c61cac0f21c74e0123fd4562da754b1de37d04e222e08cb889b5b62ed683b59e	Плавленый кварц (проходят животные)
block:block.enderio.fused_quartz_a_black	sha256:5d71f5f0cc4bf6e4907e6c108c8879212c293f4b44b1db6088710ded20571a1b	Чёрный плавленый кварц (проходят животные)
block:block.enderio.fused_quartz_a_blue	sha256:7938bcc44f8e499d040d669174d7004bf93bae350a6f08b69c7a9636a055cd9e	Синий плавленый кварц (проходят животные)
block:block.enderio.fused_quartz_a_brown	sha256:dd6b6f1840e1f1bc8dccec3900b38101110fce6dabf3bdb20f8aceb577701536	Коричневый плавленый кварц (проходят животные)
block:block.enderio.fused_quartz_a_cyan	sha256:5de6200156ee315e0bfabcd1c56dde78a3345860f2cbf67602511892318e5ef8	Бирюзовый плавленый кварц (проходят животные)
block:block.enderio.fused_quartz_a_gray	sha256:d52f0f35ae4cbbbae9b4496137bc89ee5ccfacdc53c45905fbc072989e781e4f	Серый плавленый кварц (проходят животные)
block:block.enderio.fused_quartz_a_green	sha256:f52937ecad5984d22e74d7e974361fd3cf1368529a60f4eddda332560cb0a8ef	Зелёный плавленый кварц (проходят животные)
block:block.enderio.fused_quartz_a_light_blue	sha256:63da9d88cd67ffc5a5ef7f1b1f67e78c9bac8bb7dc479904aac85f101edb5892	Голубой плавленый кварц (проходят животные)
block:block.enderio.fused_quartz_a_light_gray	sha256:2d5024d228386ce9eb25c35cb02c1f8eee0ca1b70ed796cb2d8e85220fbf4b32	Светло-серый плавленый кварц (проходят животные)
block:block.enderio.fused_quartz_a_lime	sha256:160c0c5af5d628a7d988460cf5a2ae7f413e0e107135a2f44b1f1348784c4822	Лаймовый плавленый кварц (проходят животные)
block:block.enderio.fused_quartz_a_magenta	sha256:e529219ab984fb538d29e52b174e79a5a0e946f544805400531e3dfe2e48c32b	Пурпурный плавленый кварц (проходят животные)
block:block.enderio.fused_quartz_a_orange	sha256:2fee14825e373720a64d54e6b8840c137eed6d0ef22e4e04b83f8cd8e0f3ad29	Оранжевый плавленый кварц (проходят животные)
block:block.enderio.fused_quartz_a_pink	sha256:d4d9280214c1c3b16e50fc5391a7c46a5f24bbe74314e737d2b12c601f088a33	Розовый плавленый кварц (проходят животные)
block:block.enderio.fused_quartz_a_purple	sha256:2158dcf1117f9a6a3d7781263ad09b23d1e0da0384a9d8168da4f296bfca17e7	Фиолетовый плавленый кварц (проходят животные)
block:block.enderio.fused_quartz_a_red	sha256:9572179587db5265acedccdd2e05bb5214786c6f23bf3954b5df5387a9ecc5ea	Красный плавленый кварц (проходят животные)
block:block.enderio.fused_quartz_a_white	sha256:8b0fefaa672f866e7c7559c048de5edd64519cd34ca0b1f717cd127d3d5e7d13	Белый плавленый кварц (проходят животные)
block:block.enderio.fused_quartz_a_yellow	sha256:361d67d04b133a4b3ad20e8fecd42be11f1f976ee2fb6cdbb7b02ea2be1d3e34	Жёлтый плавленый кварц (проходят животные)
block:block.enderio.fused_quartz_da	sha256:265a006725dd640bafcf28e86943109d303184557d6716bbfe2000a5b8f5e72b	Затемняющий плавленый кварц (проходят животные)
block:block.enderio.fused_quartz_da_black	sha256:bec073bdd727a392bec4b3eadca214eeafb2b84c1e2525acf10508c482eb462e	Чёрный затемняющий плавленый кварц (проходят животные)
block:block.enderio.fused_quartz_da_blue	sha256:e8406f9403c07c0599d5ede61580f1e4bcee612c8e0a846cdbab23a3860b10be	Синий затемняющий плавленый кварц (проходят животные)
block:block.enderio.fused_quartz_da_brown	sha256:e66ec02239c7c494ba788a7f994763cf668a73cb8a5dbb587b33a96adc24ccd6	Коричневый затемняющий плавленый кварц (проходят животные)
block:block.enderio.fused_quartz_da_cyan	sha256:850de05559d33f2ceeabe5a41c5de210b1ce8c851ebe1e81fd30d62078da5dab	Бирюзовый затемняющий плавленый кварц (проходят животные)
block:block.enderio.fused_quartz_da_gray	sha256:ac3f50d2a7314c61cff74da9fa7fa6d06ccbab1264b406d3cddceaad2806a986	Серый затемняющий плавленый кварц (проходят животные)
block:block.enderio.fused_quartz_da_green	sha256:3820bf78ceceef807bf0b15ba0ff3a43f819c22009e958f23386a4e4378df344	Зелёный затемняющий плавленый кварц (проходят животные)
block:block.enderio.fused_quartz_da_light_blue	sha256:1b715d78f42347bd85388d2cd3d68cb8a6df0d4f2edd06fadbcbc88da6cacfcd	Голубой затемняющий плавленый кварц (проходят животные)
block:block.enderio.fused_quartz_da_light_gray	sha256:8e48e26e3db7ecba03141eb1be1ef6e8b7fb06079490b0c547407916e7e4e59b	Светло-серый затемняющий плавленый кварц (проходят животные)
block:block.enderio.fused_quartz_da_lime	sha256:b60bf70bfeb6f19160fe852f3399992cef6f2c182cc9a5a03e1adaa130ed7668	Лаймовый затемняющий плавленый кварц (проходят животные)
block:block.enderio.fused_quartz_da_magenta	sha256:6b2fa999bd0d130362b3d4790e56815fb428bbb24ac92cd432bbe881d2d9df70	Пурпурный затемняющий плавленый кварц (проходят животные)
block:block.enderio.fused_quartz_da_orange	sha256:2d2d1af6b09cd861543904d5675e8843d3b35a9413619fa6ff3e8449d8c34835	Оранжевый затемняющий плавленый кварц (проходят животные)
block:block.enderio.fused_quartz_da_pink	sha256:43618fcb610f035ba093ea72830d6ec0ed5b8dd0bfb6220c67d7ec8c82b5b81f	Розовый затемняющий плавленый кварц (проходят животные)
block:block.enderio.fused_quartz_da_purple	sha256:823e21a56b9de8612afbf5ebf0dcf2f3e67c7e71c01ef322931e96cd94aa7fca	Фиолетовый затемняющий плавленый кварц (проходят животные)
block:block.enderio.fused_quartz_da_red	sha256:d40d80247cf513efd8971dfb03c4311b4827aca3f29c889e465c397974159e0b	Красный затемняющий плавленый кварц (проходят животные)
block:block.enderio.fused_quartz_da_white	sha256:612870ce990428b91fa2ff0711ede6c8480e7553084dffc07d339583ee554e53	Белый затемняющий плавленый кварц (проходят животные)
block:block.enderio.fused_quartz_da_yellow	sha256:26852a92669503a961523b0a58bae085bdec79d285e400a4478d5724843e4dee	Жёлтый затемняющий плавленый кварц (проходят животные)
block:block.enderio.fused_quartz_dm	sha256:514d7f9cad155ead905ffaaf3492c6d750a772eb01eeb4c72455f5e053346337	Затемняющий плавленый кварц (проходят монстры)
block:block.enderio.fused_quartz_dm_black	sha256:9a5c15b71ae59105a0496ed433f187aca8a0b400bd53aa371f316b4a7d3ef910	Чёрный затемняющий плавленый кварц (проходят монстры)
block:block.enderio.fused_quartz_dm_blue	sha256:ecf31a6d3d1ec50dbacbced4cf52781be160008f890656424a0f674056246d6b	Синий затемняющий плавленый кварц (проходят монстры)
block:block.enderio.fused_quartz_dm_brown	sha256:8b1b552765e0d5414c82982a66b4df9cbb5c9949e19ab632583cd65592f801f9	Коричневый затемняющий плавленый кварц (проходят монстры)
block:block.enderio.fused_quartz_dm_cyan	sha256:b84430c7964c8b0737dccf4c2922e553efde493ee5211dc6c108daf8e2e0cdab	Бирюзовый затемняющий плавленый кварц (проходят монстры)
block:block.enderio.fused_quartz_dm_gray	sha256:42f879bdc84cc4964f8157aca41c9605e90acdf27431c35be1c6f8a1e0d36abc	Серый затемняющий плавленый кварц (проходят монстры)
block:block.enderio.fused_quartz_dm_green	sha256:34922aeefea5a56d54568e3ddaec2ac7e77026641ba87b3b881024726dccdad9	Зелёный затемняющий плавленый кварц (проходят монстры)
block:block.enderio.fused_quartz_dm_light_blue	sha256:6099e35398f8bcfce805f6882c341b3a6e0c80eb26cd2dc8e4e84e1c453048ad	Голубой затемняющий плавленый кварц (проходят монстры)
block:block.enderio.fused_quartz_dm_light_gray	sha256:a01625a3cc88456c199ab00cd60a9e90f93fc80c0b26d654959aafabb8a553fb	Светло-серый затемняющий плавленый кварц (проходят монстры)
block:block.enderio.fused_quartz_dm_lime	sha256:3572d30a70c6a377574cfcd97fdd6333bed3a9c04f6efb999d6d67972af541af	Лаймовый затемняющий плавленый кварц (проходят монстры)
block:block.enderio.fused_quartz_dm_magenta	sha256:77be8312530d2b05102d6d283bce1d2eea6a61a920af6a9f86932538af28418a	Пурпурный затемняющий плавленый кварц (проходят монстры)
block:block.enderio.fused_quartz_dm_orange	sha256:a96418f0187f75e244e150256d5d7bec6a83aa48e64d1fcc8a9945ffdb812245	Оранжевый затемняющий плавленый кварц (проходят монстры)
block:block.enderio.fused_quartz_dm_pink	sha256:40d7b8e9ce55cecb875c68a94277963bab13b29ea0c3ab984773cfe5a546b84b	Розовый затемняющий плавленый кварц (проходят монстры)
block:block.enderio.fused_quartz_dm_purple	sha256:2885c13014e7762c7fb3a42b038f717aa0bf73f8cf413abb9da684a0f2368b31	Фиолетовый затемняющий плавленый кварц (проходят монстры)
block:block.enderio.fused_quartz_dm_red	sha256:07ef300365c11c06432a62e03c433f59853b878bdbbf7d650602cd424596051f	Красный затемняющий плавленый кварц (проходят монстры)
block:block.enderio.fused_quartz_dm_white	sha256:f8465b3c7aa60e320137c407eb49d1230ba47d0b0bedf9a385849c43546649df	Белый затемняющий плавленый кварц (проходят монстры)
block:block.enderio.fused_quartz_dm_yellow	sha256:746ec21752cdbdf37a1bca9a7e4728c79b7838e304bf66410ee5db52fe4afbd0	Жёлтый затемняющий плавленый кварц (проходят монстры)
block:block.enderio.fused_quartz_dna	sha256:7f2694b83848fe56eb0a51c021418eb239e66ade17db2c6c87c3e292b126194a	Затемняющий плавленый кварц (животные не проходят)
block:block.enderio.fused_quartz_dna_black	sha256:df2069b672baed56f7a6eddc8879e55ab6424f715168c25434614af336e87b99	Чёрный затемняющий плавленый кварц (животные не проходят)
block:block.enderio.fused_quartz_dna_blue	sha256:f22540469255ebe9797a9b363f689ee8553616a85aa938c6c2a50d0d499774db	Синий затемняющий плавленый кварц (животные не проходят)
block:block.enderio.fused_quartz_dna_brown	sha256:14605e20776a400f8380ac8dc24d8534af90fdf65bad940c421823c0c0edc1db	Коричневый затемняющий плавленый кварц (животные не проходят)
block:block.enderio.fused_quartz_dna_cyan	sha256:8429618eb73ec819449294515f93b1bfcd0b6f3527c1e6c3c41b82410f1b56d8	Бирюзовый затемняющий плавленый кварц (животные не проходят)
block:block.enderio.fused_quartz_dna_gray	sha256:4bcda613e18154174f9f19a70c108c00a84f614b1a3a75338f84043a4da3cab5	Серый затемняющий плавленый кварц (животные не проходят)
block:block.enderio.fused_quartz_dna_green	sha256:570b0db4c61aa2b74d758ed4d9ef1d16dcb5ecbf55bdb642e8a2057172851a19	Зелёный затемняющий плавленый кварц (животные не проходят)
block:block.enderio.fused_quartz_dna_light_blue	sha256:2691f7c52458a3d2f8ab6bc57ebb3f5e4743a5b72f9222f0cc07879ee42b979e	Голубой затемняющий плавленый кварц (животные не проходят)
block:block.enderio.fused_quartz_dna_light_gray	sha256:3d888e6bbe2de271b5279573505c7d952840975027ed9580166441124c965a1b	Светло-серый затемняющий плавленый кварц (животные не проходят)
block:block.enderio.fused_quartz_dna_lime	sha256:711ac94bdb4d3cbe2171b013e4a446b450749795f365d12c177143a346800373	Лаймовый затемняющий плавленый кварц (животные не проходят)
block:block.enderio.fused_quartz_dna_magenta	sha256:aa7dcf0349144c816b87d7f65d2925c758afcfb1cccd88667ea3a6341252fed3	Пурпурный затемняющий плавленый кварц (животные не проходят)
block:block.enderio.fused_quartz_dna_orange	sha256:6293eb5214bddc327e932124f1f98b7da011dc656b42a0d82ded13d097478aea	Оранжевый затемняющий плавленый кварц (животные не проходят)
block:block.enderio.fused_quartz_dna_pink	sha256:f4331d2c2adbce78c62e9d487f91950e613838afdf5abc71c161564e82f2e7dd	Розовый затемняющий плавленый кварц (животные не проходят)
block:block.enderio.fused_quartz_dna_purple	sha256:456e460440d8e043179cc94d57da48d0ae4c838d5b904aea5dec59ca6f84c3bd	Фиолетовый затемняющий плавленый кварц (животные не проходят)
block:block.enderio.fused_quartz_dna_red	sha256:36e9c83613f3165156ce145df20a96289ebaa1324070faffba996f75945be361	Красный затемняющий плавленый кварц (животные не проходят)
block:block.enderio.fused_quartz_dna_white	sha256:912e30acf6ce9e68a4ce18b8973bf9ff7054dd08202b584bea1245e39b2647d5	Белый затемняющий плавленый кварц (животные не проходят)
block:block.enderio.fused_quartz_dna_yellow	sha256:8c288fbe6e11be7721bde57e084945d8c7f95a5d04f0639bbfb1e50dc89517a2	Жёлтый затемняющий плавленый кварц (животные не проходят)
block:block.enderio.fused_quartz_dnm	sha256:d3d72f6192f48b2b39b2e7c176609c6c1430bb2a9a5bda98d0b3194b5d150bf7	Затемняющий плавленый кварц (монстры не проходят)
block:block.enderio.fused_quartz_dnm_black	sha256:8f57e05fc03bae01124d401046a1f37852bffa0c0e8205266ce37ec4aec87650	Чёрный затемняющий плавленый кварц (монстры не проходят)
block:block.enderio.fused_quartz_dnm_blue	sha256:d1eec1ea1615b24118152a9b58c8033127b6288283ec95590cf1ff580df249d4	Синий затемняющий плавленый кварц (монстры не проходят)
block:block.enderio.fused_quartz_dnm_brown	sha256:90442650244bf43348529fd55a76d233c6cc456fa2670cb3ec506a831105bd69	Коричневый затемняющий плавленый кварц (монстры не проходят)
block:block.enderio.fused_quartz_dnm_cyan	sha256:ec8892f8b73047753a027ed4a2ffbb9466170d78d15b4332984b370b5438a9e0	Бирюзовый затемняющий плавленый кварц (монстры не проходят)
block:block.enderio.fused_quartz_dnm_gray	sha256:64f4ad4255ffbc5cf785159e9fea511ee4bc11752304780ae579091aa0f22178	Серый затемняющий плавленый кварц (монстры не проходят)
block:block.enderio.fused_quartz_dnm_green	sha256:f349c149c1c4f764c3c00965dc53e93b9c6d5e95ca6b622351ffbeed6b91313b	Зелёный затемняющий плавленый кварц (монстры не проходят)
block:block.enderio.fused_quartz_dnm_light_blue	sha256:82587f29a5a4ae4a1801e3679fc34fe39bc94d221061ef5ec46e39cd485eaca3	Голубой затемняющий плавленый кварц (монстры не проходят)
block:block.enderio.fused_quartz_dnm_light_gray	sha256:8c798d6694037a3790cbbc47c02c41e7ad27998449806938a25099b893bb3167	Светло-серый затемняющий плавленый кварц (монстры не проходят)
block:block.enderio.fused_quartz_dnm_lime	sha256:11f1e6316f412e74747c931cf2b281033d6b420fd594e6baff6bdd9bc017616b	Лаймовый затемняющий плавленый кварц (монстры не проходят)
block:block.enderio.fused_quartz_dnm_magenta	sha256:141cd5b0c56d397ae5fb47f5d1bbd25b76dc351c676dee4f42eb9fe1fc7c6de9	Пурпурный затемняющий плавленый кварц (монстры не проходят)
block:block.enderio.fused_quartz_dnm_orange	sha256:fbc0cb4092f0b1bc8bcbbcc623429cbb208d86cc3c781fd1787a3994e1988758	Оранжевый затемняющий плавленый кварц (монстры не проходят)
block:block.enderio.fused_quartz_dnm_pink	sha256:c2d77ba55c0b134427d1bf095e450f7bd0334381818f760d00041a460689dd21	Розовый затемняющий плавленый кварц (монстры не проходят)
block:block.enderio.fused_quartz_dnm_purple	sha256:98763535016a3fd72b1cf2766086bf0084641e6aecd94040fea04cd3860e0420	Фиолетовый затемняющий плавленый кварц (монстры не проходят)
block:block.enderio.fused_quartz_dnm_red	sha256:0ce2ca2e2169d5693b3c2ad246bbe99b58d54620dd0294d8111a1c6a7828c323	Красный затемняющий плавленый кварц (монстры не проходят)
block:block.enderio.fused_quartz_dnm_white	sha256:5e9fa6960bb46509de7ae2d85051c8a70d2420ed4c115a5c81d0088a63d2fed5	Белый затемняющий плавленый кварц (монстры не проходят)
block:block.enderio.fused_quartz_dnm_yellow	sha256:fc7434f0e301853a187373f29bca0274840f52ba44d84de46a3e4f0e6e96e2b7	Жёлтый затемняющий плавленый кварц (монстры не проходят)
block:block.enderio.fused_quartz_dnp	sha256:fa827d41b0c04044a6f43957f7a21325942bf1228d774292fb5c99a3d94e8476	Затемняющий плавленый кварц (игроки не проходят)
block:block.enderio.fused_quartz_dnp_black	sha256:3f0cdf9b9425ec84b39370576816797fce9abd256dae7e19d0ec4ad42d98ad07	Чёрный затемняющий плавленый кварц (игроки не проходят)
block:block.enderio.fused_quartz_dnp_blue	sha256:8e810a9b35a12278ee2d714a2ff38a5199b760dfa924c7c74bb7e9129434746e	Синий затемняющий плавленый кварц (игроки не проходят)
block:block.enderio.fused_quartz_dnp_brown	sha256:c1ad999d41b09165df4bf7f010b0a6f3fb4d2b5002dcb8f9d3c8c4d79cfa8968	Коричневый затемняющий плавленый кварц (игроки не проходят)
block:block.enderio.fused_quartz_dnp_cyan	sha256:090fa9024cab3ac4c5f50720d28986b270a37b2b0fdfd373b4446d2c30e1a9bd	Бирюзовый затемняющий плавленый кварц (игроки не проходят)
block:block.enderio.fused_quartz_dnp_gray	sha256:721f4b8959d38925af5550501b04e7ee9ffddd744ddaf8837bf13ad2b242f030	Серый затемняющий плавленый кварц (игроки не проходят)
block:block.enderio.fused_quartz_dnp_green	sha256:1e04fbdce3a2ee211deb8df21a4789d3e8d17010845d13b9f156256db24997a7	Зелёный затемняющий плавленый кварц (игроки не проходят)
block:block.enderio.fused_quartz_dnp_light_blue	sha256:4187718cf01985b1f454a7ebee7b5443e5bc3ba5b577e176c5a9f6e0deb68ef1	Голубой затемняющий плавленый кварц (игроки не проходят)
block:block.enderio.fused_quartz_dnp_light_gray	sha256:a3f89b91e0aa5d0a837d586ec021aa9b26246cbaf7bd3d831a1bc91ce736ebab	Светло-серый затемняющий плавленый кварц (игроки не проходят)
block:block.enderio.fused_quartz_dnp_lime	sha256:ea67d9134aae17502c5a622d1ac59b4d3d6812cf61f863b9cf0354381b447615	Лаймовый затемняющий плавленый кварц (игроки не проходят)
block:block.enderio.fused_quartz_dnp_magenta	sha256:0f03430d15d749444a1ebaaca6995a36534b4de1d8e56d9723df813797362758	Пурпурный затемняющий плавленый кварц (игроки не проходят)
block:block.enderio.fused_quartz_dnp_orange	sha256:325a927a94077d952f285060ba2c0c179b7ad0be0aee016f80b18ad7eb87e1db	Оранжевый затемняющий плавленый кварц (игроки не проходят)
block:block.enderio.fused_quartz_dnp_pink	sha256:2b073765dcfac2b88d98fc6e07cf0773f39605337077558a519a5d00b3a50d36	Розовый затемняющий плавленый кварц (игроки не проходят)
block:block.enderio.fused_quartz_dnp_purple	sha256:7465c66eb698f49e46212fca16d4607eed67e7f01034e430a83320bd15311a6b	Фиолетовый затемняющий плавленый кварц (игроки не проходят)
block:block.enderio.fused_quartz_dnp_red	sha256:5ceb82aa94ad89b4caad92aa031427981b0d990d809f718c42c5e905178c1602	Красный затемняющий плавленый кварц (игроки не проходят)
block:block.enderio.fused_quartz_dnp_white	sha256:b894aa060d0177206424ba88aa057c563af43fd83d1e766903db5798e01ede20	Белый затемняющий плавленый кварц (игроки не проходят)
block:block.enderio.fused_quartz_dnp_yellow	sha256:c567219f66e44512a847ea5e6e4fa4223671cbc57fa6715433405bd50e1fcbd3	Жёлтый затемняющий плавленый кварц (игроки не проходят)
block:block.enderio.fused_quartz_dp	sha256:1da11d131567f3ce6c47fd6c3fe946edd8d591b191c13b070ec88cee48d5f8d4	Затемняющий плавленый кварц (проходят игроки)
block:block.enderio.fused_quartz_dp_black	sha256:4be603e824f7309c552d8a2899a988099619f57b17a6bfd4e45e98477e88b03a	Чёрный затемняющий плавленый кварц (проходят игроки)
block:block.enderio.fused_quartz_dp_blue	sha256:ac6cd02bf223397570f92d223da322f666281e901771f180b88b51696d5251aa	Синий затемняющий плавленый кварц (проходят игроки)
block:block.enderio.fused_quartz_dp_brown	sha256:6ef94aa0f35e27d8552997b1c4073c1098f0f2561cbf56839dcb40b3250aa025	Коричневый затемняющий плавленый кварц (проходят игроки)
block:block.enderio.fused_quartz_dp_cyan	sha256:eee9f8110d9c2093033d05e918d90e508f36c3372f5ea457344e2ae357d0625e	Бирюзовый затемняющий плавленый кварц (проходят игроки)
block:block.enderio.fused_quartz_dp_gray	sha256:309e2e6b39fbf3744531191781d1b39c9bd7d7e5b83eda0737d79e9689fc2727	Серый затемняющий плавленый кварц (проходят игроки)
block:block.enderio.fused_quartz_dp_green	sha256:32468cb12f9801a8703c41f7664eab73f3636b1a2a322368d1bf1e082b73f54b	Зелёный затемняющий плавленый кварц (проходят игроки)
block:block.enderio.fused_quartz_dp_light_blue	sha256:4d9d11073d0e7073fefda533605d06d48a42fd57098cab99226bf0ec9dfe3c73	Голубой затемняющий плавленый кварц (проходят игроки)
block:block.enderio.fused_quartz_dp_light_gray	sha256:6d3f07d8036391f3fff0337f8430356928f43386010469e0de9fe4cca64e7787	Светло-серый затемняющий плавленый кварц (проходят игроки)
block:block.enderio.fused_quartz_dp_lime	sha256:fd9450c9c9217fe707a3a572135db2d17d36678a1b5cb940b2e328c2fa4cfad1	Лаймовый затемняющий плавленый кварц (проходят игроки)
block:block.enderio.fused_quartz_dp_magenta	sha256:6b833cc30f11c72474818e8cd1ff9e8effbdd420b8961fc793e50ffe1cf6d53f	Пурпурный затемняющий плавленый кварц (проходят игроки)
block:block.enderio.fused_quartz_dp_orange	sha256:53450f308d0718ca002b983c3a19382e9727d8e39ca2d3be64df26279a7f859a	Оранжевый затемняющий плавленый кварц (проходят игроки)
block:block.enderio.fused_quartz_dp_pink	sha256:c9d69cf741e1a47de59dd58b9c0d4b201f6c8374970ed340221248ac5a2dcd4b	Розовый затемняющий плавленый кварц (проходят игроки)
block:block.enderio.fused_quartz_dp_purple	sha256:02a5f407984b185e0c94f7bad6a1ae2d56075f13740a334f7b3edb2f009362b6	Фиолетовый затемняющий плавленый кварц (проходят игроки)
block:block.enderio.fused_quartz_dp_red	sha256:e4c408a9df590edb221859b28d612a3ff1ab58dfe97e1b365318a8ff5458d8ab	Красный затемняющий плавленый кварц (проходят игроки)
block:block.enderio.fused_quartz_dp_white	sha256:84936146018c80e5a509225cf6357b0e26e84cd5c9dfd79e485a81bf88902510	Белый затемняющий плавленый кварц (проходят игроки)
block:block.enderio.fused_quartz_dp_yellow	sha256:8d42199fbaa6f09291ff5b3a341ebb6de5bfbd3e4fd4a2eb158dabdcccfa0f78	Жёлтый затемняющий плавленый кварц (проходят игроки)
block:block.enderio.fused_quartz_ea	sha256:0a305327f66ee8d4b21fe85952d08efa955a442587e5ce6957bd8538d38731a5	Осветляющий плавленый кварц (проходят животные)
block:block.enderio.fused_quartz_ea_black	sha256:54bfdb61ab28ed572d82be87e51298e7123d40325f13ea3d1d249491d3d4d158	Чёрный осветляющий плавленый кварц (проходят животные)
block:block.enderio.fused_quartz_ea_blue	sha256:a33339fb914c0191aa427e808a63f20d9d5e4b1a9cb96b8c9f1cabd54a5d81a5	Синий осветляющий плавленый кварц (проходят животные)
block:block.enderio.fused_quartz_ea_brown	sha256:08e3091a54cbc8af17b9f32087da79ac146e02374eae2aeb5f2fa8d982e20e3f	Коричневый осветляющий плавленый кварц (проходят животные)
block:block.enderio.fused_quartz_ea_cyan	sha256:9b4ea4ee420e9aafe5e5aab3bbe6ea6027d8505246dd40c51ac438094bcf579d	Бирюзовый осветляющий плавленый кварц (проходят животные)
block:block.enderio.fused_quartz_ea_gray	sha256:9313ed4ebe46c1f927444f5dcaf380a0c0336f466923c5fd19e575eac455e0f3	Серый осветляющий плавленый кварц (проходят животные)
block:block.enderio.fused_quartz_ea_green	sha256:d00280ebae2714d05336fa0ff9adaf79dd5a1455a2d6031606b89ffb8fed9858	Зелёный осветляющий плавленый кварц (проходят животные)
block:block.enderio.fused_quartz_ea_light_blue	sha256:8d5b3a1707357f80e11da00e020ed9dc67da000ab2cf6f562f4d9fdd173ab4b8	Голубой осветляющий плавленый кварц (проходят животные)
block:block.enderio.fused_quartz_ea_light_gray	sha256:f4206a919e90ee0f109d18c7908c11d1c27a547bdf0423c9be2821d1aec371b2	Светло-серый осветляющий плавленый кварц (проходят животные)
block:block.enderio.fused_quartz_ea_lime	sha256:20d97fc529732e9473a62d217432a6e174186e9e7d8e8558d3217154ab944529	Лаймовый осветляющий плавленый кварц (проходят животные)
block:block.enderio.fused_quartz_ea_magenta	sha256:f647029a148dc779c538725075a39c358490e0d18902312ca65b88d1dd50eaf0	Пурпурный осветляющий плавленый кварц (проходят животные)
block:block.enderio.fused_quartz_ea_orange	sha256:a4a6c8f0177d55abaf20654ec570a3e7eb955c711c4874565b955d2d88e2c977	Оранжевый осветляющий плавленый кварц (проходят животные)
block:block.enderio.fused_quartz_ea_pink	sha256:46801327606e6c42c7c35bcd4aa7b6a818eb4a9ebd760bd3f01fe8272e4be605	Розовый осветляющий плавленый кварц (проходят животные)
block:block.enderio.fused_quartz_ea_purple	sha256:eed890bbd38634b708b569db8153a1b78a1b7e83928c13f3ba4215143baa9a44	Фиолетовый осветляющий плавленый кварц (проходят животные)
block:block.enderio.fused_quartz_ea_red	sha256:9376694b9843a98bae10ecf9e228f53a6885c64af627001d03b9568ccbe9d87c	Красный осветляющий плавленый кварц (проходят животные)
block:block.enderio.fused_quartz_ea_white	sha256:de747d7bac6b4bd2f5567c2c9a21621e783abe75f0207b55ec1ba04c598989bf	Белый осветляющий плавленый кварц (проходят животные)
block:block.enderio.fused_quartz_ea_yellow	sha256:cce35582453e13985860a6890c8891e17348ebdda443197b97cb5b4994ac8a05	Жёлтый осветляющий плавленый кварц (проходят животные)
block:block.enderio.fused_quartz_em	sha256:8f66bd1fefa2a4245700b52b5fca806753b0422d24755004bb82b014672e16db	Осветляющий плавленый кварц (проходят монстры)
block:block.enderio.fused_quartz_em_black	sha256:55977857e9bfe64f29c7e1e6bd790691199353e5a8b805931fa72b6974824f9b	Чёрный осветляющий плавленый кварц (проходят монстры)
block:block.enderio.fused_quartz_em_blue	sha256:0b8460f93ec1b9f844a45384fd5e57084504e922eaf8fee0907be0bf376f86af	Синий осветляющий плавленый кварц (проходят монстры)
block:block.enderio.fused_quartz_em_brown	sha256:d485e5220b82987f4d00962df803677b09d4b3809e5c1bf9b88efa53c41ff916	Коричневый осветляющий плавленый кварц (проходят монстры)
block:block.enderio.fused_quartz_em_cyan	sha256:d56e8b8136673a1aad1e47b7f9df32dc776e7207c8e94da70fd26744de462a13	Бирюзовый осветляющий плавленый кварц (проходят монстры)
block:block.enderio.fused_quartz_em_gray	sha256:d114abe900474ff66ab407ecc91b2d58fdd62b640b51c7d13e2e2e54807877f7	Серый осветляющий плавленый кварц (проходят монстры)
block:block.enderio.fused_quartz_em_green	sha256:1f7e5e1443d86c446fa8fbe1ffa707759b25932aabb461eebb7bd0cb2d2f803f	Зелёный осветляющий плавленый кварц (проходят монстры)
block:block.enderio.fused_quartz_em_light_blue	sha256:6b0ffefdb5eddd8e306ccba0ad58178d48e97bf12745a611d942880c663a5570	Голубой осветляющий плавленый кварц (проходят монстры)
block:block.enderio.fused_quartz_em_light_gray	sha256:03d57b9e0bb780ea03427aa58e7afdb68b141d3f32569401cfee20bbad62e11f	Светло-серый осветляющий плавленый кварц (проходят монстры)
block:block.enderio.fused_quartz_em_lime	sha256:d52754537489524e92b7e9b723cbe36c23a3851236d55c272fabd7747272c3c8	Лаймовый осветляющий плавленый кварц (проходят монстры)
block:block.enderio.fused_quartz_em_magenta	sha256:945b0170df2491b902e62e1c6c132ced7c1368b92e89545d63c03d7b0f07538d	Пурпурный осветляющий плавленый кварц (проходят монстры)
block:block.enderio.fused_quartz_em_orange	sha256:1a72b8a73ee66f8172bf117850238b91627802d2dbcbc34e651fac41c57dccf4	Оранжевый осветляющий плавленый кварц (проходят монстры)
block:block.enderio.fused_quartz_em_pink	sha256:c548712e79f6339ac0e61781ed4d5c2070bc99354cd4ebd332cc4040db9314d2	Розовый осветляющий плавленый кварц (проходят монстры)
block:block.enderio.fused_quartz_em_purple	sha256:afec14ca16f8344bc93707f7663c18773a311c648d4332f713c58ebaa5794550	Фиолетовый осветляющий плавленый кварц (проходят монстры)
block:block.enderio.fused_quartz_em_red	sha256:f937275030972e013f31db62a009b5b7d0fa01d6e228ced4f2fc6f542a4446a5	Красный осветляющий плавленый кварц (проходят монстры)
block:block.enderio.fused_quartz_em_white	sha256:69a6fa453d2a1a20ec137401133076c8222cc5a832e71e29f14c649ad2b5089d	Белый осветляющий плавленый кварц (проходят монстры)
block:block.enderio.fused_quartz_em_yellow	sha256:3a23af05c0466dbee62ea53d22ad89360721e67a67af625c9fc0e1079a138803	Жёлтый осветляющий плавленый кварц (проходят монстры)
block:block.enderio.fused_quartz_ena	sha256:5e011aa2e5770c565b87982f82bf42838bbcb480037b35a0561ff03899c6dc57	Осветляющий плавленый кварц (животные не проходят)
block:block.enderio.fused_quartz_ena_black	sha256:4b54cf34a775850798a3b8a1f3837c5fb4be07e01cce39b18887767a6f29f75d	Чёрный осветляющий плавленый кварц (животные не проходят)
block:block.enderio.fused_quartz_ena_blue	sha256:6e50dbd6e4f5a8607b88b54628d553eccbcf4cd241fa5aefe240c395f96bf15d	Синий осветляющий плавленый кварц (животные не проходят)
block:block.enderio.fused_quartz_ena_brown	sha256:defecf0f9d721de91790ebbef067e32af606b47f1e47ef5c4ba473d70e5de050	Коричневый осветляющий плавленый кварц (животные не проходят)
block:block.enderio.fused_quartz_ena_cyan	sha256:cec301af144ab636a67b26975fc06b9dfb33c66e41c45cf84211b242bb28d0db	Бирюзовый осветляющий плавленый кварц (животные не проходят)
block:block.enderio.fused_quartz_ena_gray	sha256:5be16d238feedf6a69fd00a8c891c75b227f99c031b2c4d5ae787d922f1e22f2	Серый осветляющий плавленый кварц (животные не проходят)
block:block.enderio.fused_quartz_ena_green	sha256:db825ee53d8260a70b727b06d134395800cd58a5deae437e8bb89f9c08888d5f	Зелёный осветляющий плавленый кварц (животные не проходят)
block:block.enderio.fused_quartz_ena_light_blue	sha256:34a093cf9a47a3e79411fe7c02457c3aedbbe37496d1c9f62255285a3f4c7154	Голубой осветляющий плавленый кварц (животные не проходят)
block:block.enderio.fused_quartz_ena_light_gray	sha256:01afef0fa4f1877401a3065638f8380309d556ad3b9a7e94214422974d7c5afb	Светло-серый осветляющий плавленый кварц (животные не проходят)
block:block.enderio.fused_quartz_ena_lime	sha256:2c8f3b45311417e9f4a3fb41780307f21b5df245b1f4bbb7ab2fa92c978360ab	Лаймовый осветляющий плавленый кварц (животные не проходят)
block:block.enderio.fused_quartz_ena_magenta	sha256:e9e1c1109001ecef28b773cd6c1c402ecdfa08ba9bffc34393f87727a47a6ac0	Пурпурный осветляющий плавленый кварц (животные не проходят)
block:block.enderio.fused_quartz_ena_orange	sha256:fbdbfe2cf35ef5db207c9b04935380fd64d427b2847fad1ac31d97a657c0b13c	Оранжевый осветляющий плавленый кварц (животные не проходят)
block:block.enderio.fused_quartz_ena_pink	sha256:bdb9e9435493c7c46b5808af7a69bac688f91827fab3ede68135278eacdf3bd3	Розовый осветляющий плавленый кварц (животные не проходят)
block:block.enderio.fused_quartz_ena_purple	sha256:611cc58b7e28183f34ff7ec296073b9cc3729a6c32c2c5035c9a3bfe2754d4a3	Фиолетовый осветляющий плавленый кварц (животные не проходят)
block:block.enderio.fused_quartz_ena_red	sha256:04712e7f0b46327ffdad3a0774e4865950126c26a43cb9bfdee1be0ef7a0b67d	Красный осветляющий плавленый кварц (животные не проходят)
block:block.enderio.fused_quartz_ena_white	sha256:cda758e8d06a8aa7a9aa211f6b700831092c11af569ef1cb4718da83fc5faa4a	Белый осветляющий плавленый кварц (животные не проходят)
block:block.enderio.fused_quartz_ena_yellow	sha256:5b7a6000ae8606432f15774ecd5557d0f100eaa1dd008f0277a5c23f4fdc9013	Жёлтый осветляющий плавленый кварц (животные не проходят)
block:block.enderio.fused_quartz_enm	sha256:fc96952c44caaf81ca8703713db401650be43740d906369d20d88638d1e81b61	Осветляющий плавленый кварц (монстры не проходят)
block:block.enderio.fused_quartz_enm_black	sha256:bba70ebc8a56f3c4159048820c134f870f0bd169dab0cd019d3575f7bc223fed	Чёрный осветляющий плавленый кварц (монстры не проходят)
block:block.enderio.fused_quartz_enm_blue	sha256:7802f399c57b4bda8646555f1f4a31ccab951b0b374bb3c49c789665d77d1d64	Синий осветляющий плавленый кварц (монстры не проходят)
block:block.enderio.fused_quartz_enm_brown	sha256:ab5f9cb455c1b32355ef7e43d7fbe5ae4e02d1c91345d7eedb3f503a7c8cddd5	Коричневый осветляющий плавленый кварц (монстры не проходят)
block:block.enderio.fused_quartz_enm_cyan	sha256:5b91a021c3832f8ae5f1a671992e5bb22e77dc69052e932ee01fadc534d2b548	Бирюзовый осветляющий плавленый кварц (монстры не проходят)
block:block.enderio.fused_quartz_enm_gray	sha256:759ba6248b8feda6d205865a95c699795d9af51436176445f7a4684c5e6af196	Серый осветляющий плавленый кварц (монстры не проходят)
block:block.enderio.fused_quartz_enm_green	sha256:db7e3c2e899219919a1230a81be954b16a4e59df35de044b54cbc70d2f802d4c	Зелёный осветляющий плавленый кварц (монстры не проходят)
block:block.enderio.fused_quartz_enm_light_blue	sha256:b389d262eb45ab165faa9e7310c0ee072caf6751e76bdc98178eb350bf3d510a	Голубой осветляющий плавленый кварц (монстры не проходят)
block:block.enderio.fused_quartz_enm_light_gray	sha256:537be131c3bc57afdc7fa6e392525670dd7209d82811cb2d32257d9456f410de	Светло-серый осветляющий плавленый кварц (монстры не проходят)
block:block.enderio.fused_quartz_enm_lime	sha256:25fc0f485266fd8cbec5682fbd79099fdec24895680e4872c74a0717573d4b33	Лаймовый осветляющий плавленый кварц (монстры не проходят)
block:block.enderio.fused_quartz_enm_magenta	sha256:de9722f501a1748f8407c11f1aec51f7ba6cc8d443f39b976e3822d31429eeb5	Пурпурный осветляющий плавленый кварц (монстры не проходят)
block:block.enderio.fused_quartz_enm_orange	sha256:a9f9aaf11d292bf98066e3847ccb03c0934e4fd9e90b9867b8924875649a7580	Оранжевый осветляющий плавленый кварц (монстры не проходят)
block:block.enderio.fused_quartz_enm_pink	sha256:0ee5c1d46fc840302f29e42cebf1783dba069a2bbcc3b23671048d43251f170d	Розовый осветляющий плавленый кварц (монстры не проходят)
block:block.enderio.fused_quartz_enm_purple	sha256:05e770029869bee37741d4ce5d41f8d3a82b13103e6660932ff3e83fefc018cd	Фиолетовый осветляющий плавленый кварц (монстры не проходят)
block:block.enderio.fused_quartz_enm_red	sha256:4fb65d1b4801a0b8fecf5eb850be26874c2d0c1a45966bccdad25d5c780070c6	Красный осветляющий плавленый кварц (монстры не проходят)
block:block.enderio.fused_quartz_enm_white	sha256:89263388c166f7b1d56c93c79b7f5ea272516b664768a623797e265d08b58679	Белый осветляющий плавленый кварц (монстры не проходят)
block:block.enderio.fused_quartz_enm_yellow	sha256:3a3db59092adf9398fdb0106a1813d4a0e6b27446fca4ee6e470f8b926751fbd	Жёлтый осветляющий плавленый кварц (монстры не проходят)
block:block.enderio.fused_quartz_enp	sha256:09da7e1d691be413a2ceabf1e4f872a6a4da5904d865fd06a896708e177ce18d	Осветляющий плавленый кварц (игроки не проходят)
block:block.enderio.fused_quartz_enp_black	sha256:34ffa345e997270902f37336709fa9b8687dc740a4050a468fba8b7bad8e0133	Чёрный осветляющий плавленый кварц (игроки не проходят)
block:block.enderio.fused_quartz_enp_blue	sha256:7d1c8ddbe10c4a63fabc89f342dde9f4ac7cac067c5c660d9f007cbbdaa1d512	Синий осветляющий плавленый кварц (игроки не проходят)
block:block.enderio.fused_quartz_enp_brown	sha256:135ba3340d47c959a011d47bb7bcd169b84b88e98bf0ad1d941b18f6c51f5b2b	Коричневый осветляющий плавленый кварц (игроки не проходят)
block:block.enderio.fused_quartz_enp_cyan	sha256:4c94415691895e4fb14217f3cce1cabaef1e8ec05ac9437894b9898008d02393	Бирюзовый осветляющий плавленый кварц (игроки не проходят)
block:block.enderio.fused_quartz_enp_gray	sha256:4f72bf06b29c85f3e509622e793409e20d85d0ca2216eea3422a386826d21fce	Серый осветляющий плавленый кварц (игроки не проходят)
block:block.enderio.fused_quartz_enp_green	sha256:9626ea487615ffbed59b1767de47421eb67c58245472de00930b5221faf201ef	Зелёный осветляющий плавленый кварц (игроки не проходят)
block:block.enderio.fused_quartz_enp_light_blue	sha256:41ac4c51af4c582eea05766d696adc83b9d8e7df624ed16f723f02490df1e29b	Голубой осветляющий плавленый кварц (игроки не проходят)
block:block.enderio.fused_quartz_enp_light_gray	sha256:0de097f1c8a4ecb4aa048bcd3e68cfd0d5e9b81df0aee99e034e15ed0359b01e	Светло-серый осветляющий плавленый кварц (игроки не проходят)
block:block.enderio.fused_quartz_enp_lime	sha256:d101368e6cfdf8c92e9012d542ce49b2ec57d25b2d2dc4e6b0d53b2d1b08b873	Лаймовый осветляющий плавленый кварц (игроки не проходят)
block:block.enderio.fused_quartz_enp_magenta	sha256:4de0222dd5e474576c5ce151711a03ae928b47f42c67a12870c4abf1ecca7b6b	Пурпурный осветляющий плавленый кварц (игроки не проходят)
block:block.enderio.fused_quartz_enp_orange	sha256:4d9fb67d4bcf31e8fc07a437e8a6d61f0f71f3f315f0c0ffb649f5dbd6c7df55	Оранжевый осветляющий плавленый кварц (игроки не проходят)
block:block.enderio.fused_quartz_enp_pink	sha256:7bcb0de15d5ef02a2a0a871e7c65b3b275831d34c821673dc55e489477cec1ff	Розовый осветляющий плавленый кварц (игроки не проходят)
block:block.enderio.fused_quartz_enp_purple	sha256:1ec12d68ee60ed642d79fe7855a66d2f8afdb261801c25b3a5238c36955fbbcc	Фиолетовый осветляющий плавленый кварц (игроки не проходят)
block:block.enderio.fused_quartz_enp_red	sha256:3bb24f299824c703143e428f2498d2dfcb12c5602252008588cb03023d923eb1	Красный осветляющий плавленый кварц (игроки не проходят)
block:block.enderio.fused_quartz_enp_white	sha256:e7911c3fc723d43f2d7c4f2ecfc6680606234a273ce0d5a721760e165c37e3d8	Белый осветляющий плавленый кварц (игроки не проходят)
block:block.enderio.fused_quartz_enp_yellow	sha256:13eb5b12f4073d7361a0156fd6d0df4b95b90b5a4a81cd5b93a7d9f76a5b95f7	Жёлтый осветляющий плавленый кварц (игроки не проходят)
block:block.enderio.fused_quartz_ep	sha256:bd1a22343d0b1c2fb8ccc93cbb2def6cdf6eef063faad0b6d611b0787ec6a93b	Осветляющий плавленый кварц (проходят игроки)
block:block.enderio.fused_quartz_ep_black	sha256:fb6eecb9332a42fedd0c4b8c2c8435e31c08f6ddadb0d2387fc1f464191ee224	Чёрный осветляющий плавленый кварц (проходят игроки)
block:block.enderio.fused_quartz_ep_blue	sha256:05ed86303764b028bf6804c3b8d6524c8ec9933643c2599f6dfbdb0ac9c8f7ce	Синий осветляющий плавленый кварц (проходят игроки)
block:block.enderio.fused_quartz_ep_brown	sha256:89c1c22903115a4d56a0ffeeaa03eaabaf86616d546667eb602aeb448d2a689b	Коричневый осветляющий плавленый кварц (проходят игроки)
block:block.enderio.fused_quartz_ep_cyan	sha256:62bdb4840055ff73d6ff0e19c22258180fff7f75c08c03c4f69cf10dd4e6bd2f	Бирюзовый осветляющий плавленый кварц (проходят игроки)
block:block.enderio.fused_quartz_ep_gray	sha256:f2bfa8235de2735604f63793d98fa69a6dbed3d1b0f8d524f3b620649ca5b030	Серый осветляющий плавленый кварц (проходят игроки)
block:block.enderio.fused_quartz_ep_green	sha256:f099fcbe882105c611d042e69c7fb090b6917243c1cc9a76cc3e6e8a9de11b75	Зелёный осветляющий плавленый кварц (проходят игроки)
block:block.enderio.fused_quartz_ep_light_blue	sha256:7fc69aa689aaf8bcf3d33112b87baf146c68b17507758002ae03d975f3fe1297	Голубой осветляющий плавленый кварц (проходят игроки)
block:block.enderio.fused_quartz_ep_light_gray	sha256:ce7ee838d00849ed20f891357547290583a9325c35b452d6a654be09e69d5361	Светло-серый осветляющий плавленый кварц (проходят игроки)
block:block.enderio.fused_quartz_ep_lime	sha256:f35efb191d3f9bb357b9784cccc8e056402e041b81bb5b22698056c936f673fc	Лаймовый осветляющий плавленый кварц (проходят игроки)
block:block.enderio.fused_quartz_ep_magenta	sha256:30af92b22ec4683f4d4c2e8594378017c117932ab0810a0d4b90cb5e48985111	Пурпурный осветляющий плавленый кварц (проходят игроки)
block:block.enderio.fused_quartz_ep_orange	sha256:eaef360c20216471771adb7c9f529f7665c2f019e2969ace1545c83a069e45be	Оранжевый осветляющий плавленый кварц (проходят игроки)
block:block.enderio.fused_quartz_ep_pink	sha256:970d0333c63d0124033aeb601c2edf176cbf91f97a8e402a6ca3a3738ff002fb	Розовый осветляющий плавленый кварц (проходят игроки)
block:block.enderio.fused_quartz_ep_purple	sha256:ebb23e0594885f56ca642d54c4f6940d45adf74bc3fa0cf07db99239deb42dc8	Фиолетовый осветляющий плавленый кварц (проходят игроки)
block:block.enderio.fused_quartz_ep_red	sha256:0e141b5d17ae02b6619788c0b0a36d1b46fda95481d80ce15bb7a53a98be6c75	Красный осветляющий плавленый кварц (проходят игроки)
block:block.enderio.fused_quartz_ep_white	sha256:225ffcea8f024b39df450d43d2e8dfa6f6e799c53d4e05f77c0dda7547b700fd	Белый осветляющий плавленый кварц (проходят игроки)
block:block.enderio.fused_quartz_ep_yellow	sha256:319f3a91241d349e3b665b33e171fd1912bc6df4ec109cec4f840b47276b614b	Жёлтый осветляющий плавленый кварц (проходят игроки)
block:block.enderio.fused_quartz_m	sha256:6c384ba29c68cbc96fc6ed14e2bdcf44d4c6ceb71e477af49c503fb0d0cecbf6	Плавленый кварц (проходят монстры)
block:block.enderio.fused_quartz_m_black	sha256:00ac146594439bfd48a4e850e0aaf95ad4298f211252e530db01c4a4c8031525	Чёрный плавленый кварц (проходят монстры)
block:block.enderio.fused_quartz_m_blue	sha256:435a76a6dea987c8a1ad02d1091e4ba71cfabdea46e13e54d09395f1a786858b	Синий плавленый кварц (проходят монстры)
block:block.enderio.fused_quartz_m_brown	sha256:ad001799676b6a311e5f6fbb2e9f6febd4497098495565bffb81cacef7f0292b	Коричневый плавленый кварц (проходят монстры)
block:block.enderio.fused_quartz_m_cyan	sha256:f2bf640455648d6f75e438c71f4a91e32b802c2f7747d5d28f4be1a1cf2e154a	Бирюзовый плавленый кварц (проходят монстры)
block:block.enderio.fused_quartz_m_gray	sha256:52890f72aeb6ea1ec76db09cedf6ce8b6a3a577b554ddecdcac5ad45aba385d5	Серый плавленый кварц (проходят монстры)
block:block.enderio.fused_quartz_m_green	sha256:63c8b9a0e5edbd348b639ce6c6af9a653a346dc71645199208f0f85923823a54	Зелёный плавленый кварц (проходят монстры)
block:block.enderio.fused_quartz_m_light_blue	sha256:bf5498ec48ca00824543a1a85df20a90a337a0f2f9320e334f69859f63da2c34	Голубой плавленый кварц (проходят монстры)
block:block.enderio.fused_quartz_m_light_gray	sha256:dc3904031f71116e10bd01ace9980c5134cca43977b2f092de876ec2903619bb	Светло-серый плавленый кварц (проходят монстры)
block:block.enderio.fused_quartz_m_lime	sha256:d90883e2b82b809584d04cda3565ab9769e9742065db6820099ef6161a715dd9	Лаймовый плавленый кварц (проходят монстры)
block:block.enderio.fused_quartz_m_magenta	sha256:824b09f4cdbac73d5745432ce511290d4461b13fe4ad28376f564e665fcd7224	Пурпурный плавленый кварц (проходят монстры)
block:block.enderio.fused_quartz_m_orange	sha256:88cfbd99af20ffc5ee038fe3cd628c1a4db46a47d93b0ebcdfa6fd5b3d3a5acc	Оранжевый плавленый кварц (проходят монстры)
block:block.enderio.fused_quartz_m_pink	sha256:a83a6f6ceca376bfaa03a3063a0a1ab9d4f874505eda778d00a03d0885ea5e97	Розовый плавленый кварц (проходят монстры)
block:block.enderio.fused_quartz_m_purple	sha256:d1f50861746835ab76dc3e25906a8ca055a4ffc3fb3c702cf0465b6966194675	Фиолетовый плавленый кварц (проходят монстры)
block:block.enderio.fused_quartz_m_red	sha256:939b857537d2858a9d94b592786e38f82c08e93383ca7cd24c44e7b599df0ee1	Красный плавленый кварц (проходят монстры)
block:block.enderio.fused_quartz_m_white	sha256:76ff5cb86a5aeef370e239f515841276fee9c384a301899199442ba61035b4ad	Белый плавленый кварц (проходят монстры)
block:block.enderio.fused_quartz_m_yellow	sha256:faf4241a3615531723a647b4c18e9cabea83e3182d710bfc359da03efdf0f920	Жёлтый плавленый кварц (проходят монстры)
block:block.enderio.fused_quartz_na	sha256:8cd7545bc658e8668adf98828caef1b3892c1e7fea6955bbdc35e3dad1457a49	Плавленый кварц (животные не проходят)
block:block.enderio.fused_quartz_na_black	sha256:edf5261c3151ff19545ca005cbaf1438f9ade7a5bea3d4784ffae14d93cf19f6	Чёрный плавленый кварц (животные не проходят)
block:block.enderio.fused_quartz_na_blue	sha256:43656f527d481d0aa8551ac0acc949ad2d427083194bd5f5e311558d3605b35f	Синий плавленый кварц (животные не проходят)
block:block.enderio.fused_quartz_na_brown	sha256:09545fa9bedaf6ec61a242f722e3280fe1d0d154ef6fe724f40f6ed4b1b48a7e	Коричневый плавленый кварц (животные не проходят)
block:block.enderio.fused_quartz_na_cyan	sha256:b47b459ef058a9d595add5434b24945e626f3bfb4a07a9bd4c4cf4cfda36bc1f	Бирюзовый плавленый кварц (животные не проходят)
block:block.enderio.fused_quartz_na_gray	sha256:21e70e228bd50306d3ab17c9f8f955a9753891344affc76716425ddbc75da1be	Серый плавленый кварц (животные не проходят)
block:block.enderio.fused_quartz_na_green	sha256:3a0e7bf4b72fd6544b696bf679c76635be95bcd90b816bd8e70cc7ec8efa4ae5	Зелёный плавленый кварц (животные не проходят)
block:block.enderio.fused_quartz_na_light_blue	sha256:12485ddfc03b832127dd02dcad95e39bbede415a7af82ca001080a0afd382aa6	Голубой плавленый кварц (животные не проходят)
block:block.enderio.fused_quartz_na_light_gray	sha256:3788b58be8b657d2f9cf981851e1e66c6ffb1bc6f9e78a7fc11b0d2a07dbbc72	Светло-серый плавленый кварц (животные не проходят)
block:block.enderio.fused_quartz_na_lime	sha256:7906ef625a70d44eaf639a098bdd2fa5aa28c45457f4e021e1ce06355608a53f	Лаймовый плавленый кварц (животные не проходят)
block:block.enderio.fused_quartz_na_magenta	sha256:0f68bd568e781a238909278d3c3f904f79c580bf2d95bc4396838eaf45ea6659	Пурпурный плавленый кварц (животные не проходят)
block:block.enderio.fused_quartz_na_orange	sha256:862da85e82fb6df55b72032bca794ebefee970d400093eb91bf5d3989ce08173	Оранжевый плавленый кварц (животные не проходят)
block:block.enderio.fused_quartz_na_pink	sha256:4d56b574380b4bda8fa781433d243f9f89b06ee4f1586e575e153f8a36857600	Розовый плавленый кварц (животные не проходят)
block:block.enderio.fused_quartz_na_purple	sha256:40ab05a0b245277a666e510b9eb22e0a64971244b55cf56435c72e87ff0905f9	Фиолетовый плавленый кварц (животные не проходят)
block:block.enderio.fused_quartz_na_red	sha256:690459b1f93e536c02230967b2b150541731cd8ca6625e09634c2b5ddba143d6	Красный плавленый кварц (животные не проходят)
block:block.enderio.fused_quartz_na_white	sha256:4d0866dcca16055385f0c4a7e46fa6b3a190cf1b8c5a5daeefeeecaeeca16a0e	Белый плавленый кварц (животные не проходят)
block:block.enderio.fused_quartz_na_yellow	sha256:a7a4070150d7498463d03bbb3bf82b5f0c101e0e48ff61517af6d4ce5819ddd8	Жёлтый плавленый кварц (животные не проходят)
block:block.enderio.fused_quartz_nm	sha256:267ca4ca65dd90db1769b975b0a3ad690669f42088b811db2b44da18b76da11b	Плавленый кварц (монстры не проходят)
block:block.enderio.fused_quartz_nm_black	sha256:de6de3c16b7ec1667c3ccc550dfbc04e6b4da311eabba08c21848422464a8fc6	Чёрный плавленый кварц (монстры не проходят)
block:block.enderio.fused_quartz_nm_blue	sha256:3b17f0818a350453a0f5075de270b437266db03c7e6d2a2eca03ad2f0cd945fe	Синий плавленый кварц (монстры не проходят)
block:block.enderio.fused_quartz_nm_brown	sha256:f0aba0728e4fa941cadb9e328a2af57400f4fd25baf1db8e29291ce705588cc1	Коричневый плавленый кварц (монстры не проходят)
block:block.enderio.fused_quartz_nm_cyan	sha256:bb07cad2ea8cdf5355d32e7d4d83a794422611f22a35a19ce19482b92d0bc6fa	Бирюзовый плавленый кварц (монстры не проходят)
block:block.enderio.fused_quartz_nm_gray	sha256:a7a2c1dcc54e58bed9d24319f516afc7aae90826b3f6ae2fd0f1a3aae4cde382	Серый плавленый кварц (монстры не проходят)
block:block.enderio.fused_quartz_nm_green	sha256:3102661e91351d4d204cecd3094f14dfa2ec6e56d3712769147d164426589ef8	Зелёный плавленый кварц (монстры не проходят)
block:block.enderio.fused_quartz_nm_light_blue	sha256:45ce3e4267db1930a7aeb55f68ab5755f8766a85fbf4a980fae7622b296531a5	Голубой плавленый кварц (монстры не проходят)
block:block.enderio.fused_quartz_nm_light_gray	sha256:70bb17cec6c15e71dba93be70d9b6749880570f5a30c36273ef63e153c6e51c5	Светло-серый плавленый кварц (монстры не проходят)
block:block.enderio.fused_quartz_nm_lime	sha256:020f316391cbac4979dc7e024296d98f413673dce58a3d6fba833b07cd0adf3d	Лаймовый плавленый кварц (монстры не проходят)
block:block.enderio.fused_quartz_nm_magenta	sha256:15dda1a675eba23bb2a3e0c7bc3df5b5d95bf928fb2b13566712dada93766ee6	Пурпурный плавленый кварц (монстры не проходят)
block:block.enderio.fused_quartz_nm_orange	sha256:13ac5b9cdab13612b2df3f660a5f3e2b4eb164fde16a5103826e316f1b40f5ed	Оранжевый плавленый кварц (монстры не проходят)
block:block.enderio.fused_quartz_nm_pink	sha256:8ec5a5e2ce9466df3b96b5af4068bea955f0075fe0ccb017be5977a03ba44f78	Розовый плавленый кварц (монстры не проходят)
block:block.enderio.fused_quartz_nm_purple	sha256:aca93144f4fc50ff2927c14e98caf89342fc6b773e2db6db267893827331c219	Фиолетовый плавленый кварц (монстры не проходят)
block:block.enderio.fused_quartz_nm_red	sha256:12012f82fd5c8b94bb408d276949bb55d5a648bd1c3af79eb6448d098d2030f5	Красный плавленый кварц (монстры не проходят)
block:block.enderio.fused_quartz_nm_white	sha256:79fc0ebc1ecc22af621fcd41f38ab63fedb187821f87dc6afc80994346d5f012	Белый плавленый кварц (монстры не проходят)
block:block.enderio.fused_quartz_nm_yellow	sha256:3c1c546e369ebb756991705da3ccadf425b525151af4aba31f589ddc4cb7515d	Жёлтый плавленый кварц (монстры не проходят)
block:block.enderio.fused_quartz_np	sha256:3cef86dfde2e22e17256d8904b0240b1b57edf33d24b0c46546b3b0e0231566c	Плавленый кварц (игроки не проходят)
block:block.enderio.fused_quartz_np_black	sha256:6afa805fc5dc77edc1a89b799a0a7e80fa1941a40ef77295ef1cda5697f3dd8c	Чёрный плавленый кварц (игроки не проходят)
block:block.enderio.fused_quartz_np_blue	sha256:ba2392539461330b829b1cc3fa6afab0b29306fb6229bdf6d995f9efff7e5dcd	Синий плавленый кварц (игроки не проходят)
block:block.enderio.fused_quartz_np_brown	sha256:b63699254357c8517fc3a53bbb53bf51de398c465e96150a36377fc25fe60bb0	Коричневый плавленый кварц (игроки не проходят)
block:block.enderio.fused_quartz_np_cyan	sha256:980d144ed97739c92bcb9d8d3754965e89a7f1c7d0b75ccc808264f3692bd7cc	Бирюзовый плавленый кварц (игроки не проходят)
block:block.enderio.fused_quartz_np_gray	sha256:f361b63d463c5723a4ea600175f943ed784f5b75d9ce0b9209af8be638cde26e	Серый плавленый кварц (игроки не проходят)
block:block.enderio.fused_quartz_np_green	sha256:3b039ec459d2e821823af0cbafaa40a180af5ef687c165c8fa68e2df66de798d	Зелёный плавленый кварц (игроки не проходят)
block:block.enderio.fused_quartz_np_light_blue	sha256:c5c47d674ae737c8ce290dcfd3125d724c241642e23b1dc5b8b5aa7a2aab6505	Голубой плавленый кварц (игроки не проходят)
block:block.enderio.fused_quartz_np_light_gray	sha256:c48a062e54f030bac5c4421ff94f76e027e621296a0fd41128f3b715833520e8	Светло-серый плавленый кварц (игроки не проходят)
block:block.enderio.fused_quartz_np_lime	sha256:c393452c4500ec8abcb3246292065fcded00f7ca4cfeb94bfff92d80292dc82d	Лаймовый плавленый кварц (игроки не проходят)
block:block.enderio.fused_quartz_np_magenta	sha256:375687e7b3c492a28bedd55da071d784bd52230edf740b92d77cfa7c5546c1c6	Пурпурный плавленый кварц (игроки не проходят)
block:block.enderio.fused_quartz_np_orange	sha256:d55ea63189ddcb3f6dc61a661f9f35c520ec4ac8f8b4f3cb2afc8ce5abcf8d8d	Оранжевый плавленый кварц (игроки не проходят)
block:block.enderio.fused_quartz_np_pink	sha256:86274ad7a41a145669ecc6eb20470c4b6616f3f0cc34ed58ce7e1f4ae55d36dc	Розовый плавленый кварц (игроки не проходят)
block:block.enderio.fused_quartz_np_purple	sha256:f368127f86a7b8fd89c587c8d4147138d224f22295efa102a4b8cc2c264b8601	Фиолетовый плавленый кварц (игроки не проходят)
block:block.enderio.fused_quartz_np_red	sha256:8de7812d37d51737f40dabaf3c9f513c9d9ec9613caecc9379bde53ba5ad6309	Красный плавленый кварц (игроки не проходят)
block:block.enderio.fused_quartz_np_white	sha256:90130d00346c81dfa30e8e955f8764f13bd5f1a03c3bdce7ac790f9765a80b16	Белый плавленый кварц (игроки не проходят)
block:block.enderio.fused_quartz_np_yellow	sha256:a3700334c1acd5ea1b1bf656332c669b2ef715e0657cdfa1b33d3a3cc825468a	Жёлтый плавленый кварц (игроки не проходят)
block:block.enderio.fused_quartz_p	sha256:30667368d0535993eeef29e8c47f26e2f11eb58074047a35afc45e0aec570ec3	Плавленый кварц (проходят игроки)
block:block.enderio.fused_quartz_p_black	sha256:eed15e91ba6a104c225a2b4373ab4a642a9ddddedef562cf0c2d7a8ae8e9be1c	Чёрный плавленый кварц (проходят игроки)
block:block.enderio.fused_quartz_p_blue	sha256:d9010a0105fb25092c1dc90efb3c4e0927c119d250ac8abec202ffb549389d09	Синий плавленый кварц (проходят игроки)
block:block.enderio.fused_quartz_p_brown	sha256:8535a53b6a3f71f96214115fc4838274bde04b043c98f28c10a3f51889905580	Коричневый плавленый кварц (проходят игроки)
block:block.enderio.fused_quartz_p_cyan	sha256:524cb5c5e6472aef2686832974de28af8c44c70fa878d736b1312b772e6998fa	Бирюзовый плавленый кварц (проходят игроки)
block:block.enderio.fused_quartz_p_gray	sha256:3e2e005a50f93ad1fa6d063c4f06082803c395b455e50c5c13cb396f399a413f	Серый плавленый кварц (проходят игроки)
block:block.enderio.fused_quartz_p_green	sha256:869421390606225a944bf922999ea8623001c9f197c265ed19f82943e02b4a33	Зелёный плавленый кварц (проходят игроки)
block:block.enderio.fused_quartz_p_light_blue	sha256:166c6a1cb15fb2b9a452d29a14ba1377f50accb5c802188c62241e8510bfd6f4	Голубой плавленый кварц (проходят игроки)
block:block.enderio.fused_quartz_p_light_gray	sha256:729d7df17afe3fb2b79119c92b654a1c3e357491692a3defe115c5773ece24b1	Светло-серый плавленый кварц (проходят игроки)
block:block.enderio.fused_quartz_p_lime	sha256:1e5c80970eb38b7db638e1e5d5aa6f8a4e3dd360ffbeb2b19cf267f08caf1441	Лаймовый плавленый кварц (проходят игроки)
block:block.enderio.fused_quartz_p_magenta	sha256:a503ceae7c212bf012c0b34e1a83355dd494712afca20b84322370a8c141affb	Пурпурный плавленый кварц (проходят игроки)
block:block.enderio.fused_quartz_p_orange	sha256:312517b8fa918fd87f8e5287c19e957ffe1864299f97d68f9910116f74aec0ab	Оранжевый плавленый кварц (проходят игроки)
block:block.enderio.fused_quartz_p_pink	sha256:b827cf1714d37e03bc5932bef3fd788fef0d0412523bfb494ed2da429aa8578d	Розовый плавленый кварц (проходят игроки)
block:block.enderio.fused_quartz_p_purple	sha256:237f6a6acc3182b6f8b8e73a2bc78fade5b92c866bbe0719693b41f81d78dfa8	Фиолетовый плавленый кварц (проходят игроки)
block:block.enderio.fused_quartz_p_red	sha256:ad41f2c355ac692da8a2995719324ccce84e025dd5a1b37a2b5dc1f6529ca165	Красный плавленый кварц (проходят игроки)
block:block.enderio.fused_quartz_p_white	sha256:5e2c17c0ccfc96ddfbe9b16e962e341851a9b3d95e9e0847ceab57ed531611af	Белый плавленый кварц (проходят игроки)
block:block.enderio.fused_quartz_p_yellow	sha256:6d5c7ac67e5a324d4257f839da98df8a3bf1ce4c5c168aabab17bfd5cdfbdaa1	Жёлтый плавленый кварц (проходят игроки)
block:block.enderio.wall_enderman_head	sha256:d4b1f417b54601d9efaadff0641318ea6e10bca9f5ef779078f63d519cd0d2cb	Настенная голова эндермена
block:block.endertanks.ender_tank	sha256:719d8a38a20da6a0e00770193f62bfe6f4025c7bb03e9f1535f0bf91cce65185	Эндер-резервуар
block:block.exposure.flash	sha256:f3577cb543db90ce388e8461dd0e5f65b7d5b2f9ae4c4e497b104f4dc72539dd	Фотовспышка
block:block.fairylights.fastener	sha256:70534f1e5bf5fd61a1e937a40accf6418e7405b73b26e31c0814cd2baa955605	Крепление гирлянды
block:block.farmersdelight.basket	sha256:b331a771c2e30ea57e636f62e8c91facc0178cf1d6c80694e8dc7a90b0b6d08e	Корзина
block:block.fastpaintings.painting	sha256:3c080b85b195f820d9c42b7b8041432a0e5bb51b6e17c5225db7f56c482fa2b3	Картина
block:block.immersiveengineering.acetaldehyde_fluid_block	sha256:30933a70e9a1d706fa6943b46ffa645c8885683945bf3eb2596abe4f36412ebd	Ацетальдегид
block:block.immersiveengineering.biodiesel_fluid_block	sha256:d2b59875396374e7b1022a363ded8c88d93b23c041ae91e88037c29860bf4547	Биодизель
block:block.immersiveengineering.concrete_fluid_block	sha256:ae6d0efcb67923105971804aa138080cca78686009ee3039f90fa9df49231842	Жидкий бетон
block:block.immersiveengineering.creosote_fluid_block	sha256:6ffb3ba62a485742cd15c5c67edf3eff1c478bf99098ae5840097fd6b556e10f	Креозот
block:block.immersiveengineering.ethanol_fluid_block	sha256:709efab7cb7ef8e7d67d6559cc9892302f0e936b2fd8dac9edda7ef82f658044	Этанол
block:block.immersiveengineering.fake_light	sha256:bfec695c18b73e656bb37aacfd6f118fb9822d37132fa46ade887fa89b3f3010	Служебный свет
block:block.immersiveengineering.herbicide_fluid_block	sha256:297f387ffe70c54832086c4b7f4ddeefa7984fe379bd12892d19773f56a459bd	Гербицид
block:block.immersiveengineering.phenolic_resin_fluid_block	sha256:97993ca94b52f7b82d315873bdf315cf10ad930fdd1dae41b42ab015bb06f539	Фенольная смола
block:block.immersiveengineering.plantoil_fluid_block	sha256:b2687bf7d0b8fc8dd80c9c57e73a621df84bb8f12a4ac71fcae07d71fdeec5bd	Растительное масло
block:block.immersiveengineering.post_transformer	sha256:ebb98d98e324aafa8af45495c8f0885c4072981f4ca70a2494f2939a9e0a2953	Трансформатор на столбе
block:block.immersiveengineering.potted_hemp	sha256:9465500f1dadd1f25711ec615e0d78f6f0ff0d513d3c54b21a139f4c50df2f65	Конопля в горшке
block:block.immersiveengineering.redstone_acid_fluid_block	sha256:b792f0ba16fdbc06b20c2fe2954dbc554254255eddedbe96c28a1d230adcdff7	Редстоуновая кислота
block:block.immersiveengineering.shader_banner	sha256:84bef85d268d915eca0a991b42eac1cd424a8ba906033fa1c2965c33e1509b49	Флаг с шейдером
block:block.immersiveengineering.shader_banner_wall	sha256:0f108858458e7e4c783e96aa365f4af41e63ca519c4d6da253d9d9b205cba77d	Настенный флаг с шейдером
block:block.kubejs.ball_pit	sha256:b48352d382fdf2d0792cf7af4f9ac562aa76f2d0bb6f5f1acf55e239e7b07f5e	Бассейн с шариками
block:block.kubejs.explantion2_sign_red	sha256:ec04ef159cf10856694f03df55f821cd6a63bd729444e65e602c7acc71a6a478	Красный поясняющий знак
block:block.kubejs.red_locker_double	sha256:33b727fcc171c5964e8fe6e2adc279ba8a97de592963053b7936deb235abee55	Красный двойной шкафчик
block:block.kubejs.red_locker_single	sha256:6b776d92be7a0c7ee61f99768ff758a8c564e919613d8af9776d31a1f1ec95b5	Красный шкафчик
block:block.kubejs.traffic_pole_red	sha256:d65d7795f2f952e04e75870b8778f4e579708a4466b855fae873745980bf2368	Красный дорожный столб
block:block.kubejs.transparent_bedrock	sha256:1220211d4d5aa74370605526818c3fab669051a16378a017c03f272448c9af0a	Прозрачный бедрок
block:block.kubejs.uncanny_shroom_crop	sha256:83cfaf25a8668ece810619045c42b01526cdde8c1f0a01d9903b42efa5d7b958	Всходы зловещего гриба
block:block.kubejs.wall_cave_carrot_crop	sha256:bc112fe0a40e0fec625c46877cc01934ad97030ca9759a716f30141864904f88	Всходы пещерной моркови на стене
block:block.minecraft.black_wall_banner	sha256:7420bdcd4cc1f11cd0c7907b81a38e7bcc78acab94c251c81df00ca602501434	Чёрный настенный флаг
block:block.minecraft.blue_wall_banner	sha256:1d8c5cbeb2b350c35e4cc8a57216b39f06c7a722c7805a746c45ef911e1abe7b	Синий настенный флаг
block:block.minecraft.brown_wall_banner	sha256:bf7d8bce55f3d78ec7ac36269477cc9eedb85854566b1c39ee35cdf3166b0403	Коричневый настенный флаг
block:block.minecraft.cyan_wall_banner	sha256:ac912d131fd6af1db4b67b399a3b192ed38f396091f88b4a9fabc23e69b31d73	Бирюзовый настенный флаг
block:block.minecraft.gray_wall_banner	sha256:d0472fc4fac1d8477d551f5af1863bfdddcc7c216fb8d62cd5d4970a04af1d00	Серый настенный флаг
block:block.minecraft.green_wall_banner	sha256:f184b3ee80bc6a98b91f6a86f2f026243cd13f7839c88a77655c59c3d04485d3	Зелёный настенный флаг
block:block.minecraft.light_blue_wall_banner	sha256:e8ca8d45b16ff031abf1434b3c06907851cdd7767fe1a1c62b6dbd4331b3b3f9	Голубой настенный флаг
block:block.minecraft.light_gray_wall_banner	sha256:015089f91da0f6807b9fd090e364291ad7dd305ee063c4d0a82cb0b8b4550503	Светло-серый настенный флаг
block:block.minecraft.lime_wall_banner	sha256:59283f77e6e5e38800f67a14c7212a30f047f8aae2ca185106cc203846e8777c	Лаймовый настенный флаг
block:block.minecraft.magenta_wall_banner	sha256:8b1d76c61e01249ab04693834d34556db778d315e63da7244bf63b663e56218d	Пурпурный настенный флаг
block:block.minecraft.orange_wall_banner	sha256:386f3fdc90f956558f88c69fb82ed5055563729ce68bfb6366e8e92eac46b1b7	Оранжевый настенный флаг
block:block.minecraft.pink_wall_banner	sha256:c8f5db7d0eddad15dc4d7361e58fefcf2c4299513b8a94f46545bf926c027716	Розовый настенный флаг
block:block.minecraft.purple_wall_banner	sha256:6e56d6347a89298c2bd3b541ec9e38d9fc892b1047abdcf30debebda3a36197a	Фиолетовый настенный флаг
block:block.minecraft.red_wall_banner	sha256:0eb1cfa48a5f6a08a9e6be319fe5586a17d33adfd4ce2a06779173a5f115bb46	Красный настенный флаг
block:block.minecraft.white_wall_banner	sha256:d53e18733f6e6c3535de065081557e11fe28f249d6a3644b2f70c1f4c01e0db1	Белый настенный флаг
block:block.minecraft.yellow_wall_banner	sha256:fb68e4764a11a40e773dd6a3da8ecbf1c31e1542fb877527d6711d047dc5d8d5	Жёлтый настенный флаг
block:block.miners_delight.cave_carrots	sha256:5b765211ca5609718bb8ae34f03bfc63dd4cd249b1604cb9f01849c9dc37d64c	Пещерная морковь
block:block.neapolitan.adzuki_milkshake_cauldron	sha256:5a89c1e36d89b4efca55691207b9591c6d8c322cc002a4258d9af18373e5236a	Котёл с молочным коктейлем из адзуки
block:block.neapolitan.banana_milkshake_cauldron	sha256:7a8f71cd73b414713984666e31be9433b4015449474c1a49c5fb29073fad81a7	Котёл с банановым молочным коктейлем
block:block.neapolitan.chimpanzee_wall_head	sha256:71da5e527b51965c50f1726e637440f03ff81899f878befec64e58682297e7b8	Настенная голова шимпанзе
block:block.neapolitan.chocolate_milkshake_cauldron	sha256:5e789385393b67e5b61d5e2d4406778d55bcd590f717797a44ca6b5221d3dcb1	Котёл с шоколадным молочным коктейлем
block:block.neapolitan.mint_milkshake_cauldron	sha256:8c706fc7ba50db696b7cab6b7bccb213b783456f9301b72a5705e498c03442f4	Котёл с мятным молочным коктейлем
block:block.neapolitan.potted_banana_frond	sha256:0854c8f767b20e5a33f706a4214f235c3ac0e7d319106ea94d6e8799f015912e	Банановый лист в горшке
block:block.neapolitan.potted_mint	sha256:321d895a3b01c67e016e989cf936564f028df1829d3c676db674e73f7a72f8ab	Мята в горшке
block:block.neapolitan.potted_vanilla_vine	sha256:63ff757bfd56fcb1b8cda71819c251d20e8f354870267a7b3ee789e57f8204f6	Ванильная лоза в горшке
block:block.neapolitan.strawberry_milkshake_cauldron	sha256:f7c3b9e0ea41fa30f0d36d599c0650f5eb332706f17e52d692fcaba658cc1f6a	Котёл с клубничным молочным коктейлем
block:block.neapolitan.vanilla_milkshake_cauldron	sha256:4867169b797fbbcee06673b0f7714ae1cd1abccfcdc6fafd3600ba241ef2295f	Котёл с ванильным молочным коктейлем
block:block.palegardenbackport.pale_hanging_moss_plant	sha256:22f26dc8d3937a1a110c0536b91a09f3054624a2bbfdcb158a17dcbe69ed3dbe	Бледный свисающий мох
block:block.palegardenbackport.pale_oak_hanging_wall_sign	sha256:55563def27a933e68dcaeec24c9c7349953d2a82cfb43de1455e9973661b2071	Настенная подвесная табличка из бледного дуба
block:block.palegardenbackport.pale_oak_wall_sign	sha256:06c417b1c71278e8bed296c0f8cb3aef4913c16d9f915d4406d1d04b6bd71d30	Настенная табличка из бледного дуба
block:block.palegardenbackport.potted_closed_eyeblossom	sha256:d39eb9983b903ec22bc1025f227c1eafe658f7c23fa7dc6e546087682d59cdb5	Закрытый глазоцвет в горшке
block:block.palegardenbackport.potted_open_eyeblossom	sha256:57d2dc8c1889738aa8f0889916fc056d64604b72050506308baf357b4254a42d	Открытый глазоцвет в горшке
block:block.palegardenbackport.potted_pale_oak_sapling	sha256:72cc60cb589ee95f949727d5ae664eb8ef9a8ab41ac4ad437ba6b0d33208704c	Саженец бледного дуба в горшке
block:block.refurbished_furniture.dark_freezer	sha256:c0c916d4b01e507715dca70c3643aa5b0accfc83c40c8e39a661c81a7c37726f	Тёмная морозильная камера
block:block.refurbished_furniture.light_freezer	sha256:53331f36ac5a89b3c02275f41f1eee2c4d78210cd600c176f1b5b2437df7b955	Светлая морозильная камера
block:block.storagedrawers.acacia_full_drawers_1	sha256:ca9990b8d7c86eff1ef7a8f7697ba66807de2de341e8ef4609ae41cd65cc9542	Акациевый ящик (1 секция)
block:block.storagedrawers.acacia_full_drawers_2	sha256:d6b74f870602c44ecf2b69e3df29e51426c161696a04fcdca05d62edf092a19f	Акациевый ящик (2 секции)
block:block.storagedrawers.acacia_full_drawers_4	sha256:3a3da84ccc11c6cd91cd5ffa54dc08880ce2c22f864f48aa798387b7ad501772	Акациевый ящик (4 секции)
block:block.storagedrawers.acacia_half_drawers_1	sha256:cc2553ab6c149ab252807d1dc11551356daf23418b005f81211c01a2631dd880	Акациевый полуящик (1 секция)
block:block.storagedrawers.acacia_half_drawers_2	sha256:d410fdc06f43b7c73da630f5618f7fa054b6bd35b2b04b0b9617d75de1a63e3a	Акациевый полуящик (2 секции)
block:block.storagedrawers.acacia_half_drawers_4	sha256:cb353075d026fad9df05e577857fb5ba6f238309de1b8ba5c1192f95bff3a41f	Акациевый полуящик (4 секции)
block:block.storagedrawers.acacia_trim	sha256:7626fc725f5cd1bbfa51b5d5f7b7127ef71ee6f287d0ed31b779d989272e9afb	Акациевая отделка
block:block.storagedrawers.bamboo_full_drawers_1	sha256:f3fc15e0d46ec75d05caf1dc057b8ca67161140b5368917cfefd129ec74806bb	Бамбуковый ящик (1 секция)
block:block.storagedrawers.bamboo_full_drawers_2	sha256:86aaba400a33c4107dfbb636ed2a016cc246d207d48036a1f62358395421d106	Бамбуковый ящик (2 секции)
block:block.storagedrawers.bamboo_full_drawers_4	sha256:dc41f10cb7aa64f67f9cd97c387c37f91d34c8570276cdb79d5aa758831b118e	Бамбуковый ящик (4 секции)
block:block.storagedrawers.bamboo_half_drawers_1	sha256:c957bd3e2b4f6fdb740a682e9d371df939c54bd1ff2140a86b618f987f882d25	Бамбуковый полуящик (1 секция)
block:block.storagedrawers.bamboo_half_drawers_2	sha256:277eedac5a3a22f35c637c160e37c1b332b45e5b137b265ef969b573c2f61a4f	Бамбуковый полуящик (2 секции)
block:block.storagedrawers.bamboo_half_drawers_4	sha256:b04e5d9cb7d18d3f2bb9f99375ff5366b760e4a7cf0515bcafa5bd6b1bb563d1	Бамбуковый полуящик (4 секции)
block:block.storagedrawers.bamboo_trim	sha256:4eeabcd43bf1a25be9991b9fa2f639c1638210e4c1a7a4582106593c10876232	Бамбуковая отделка
block:block.storagedrawers.birch_full_drawers_1	sha256:77df7bf47811f572470292c9817f07aa9f2b866e1a915d7c31a779f0ddf1dda8	Берёзовый ящик (1 секция)
block:block.storagedrawers.birch_full_drawers_2	sha256:ceeca4c688b938f9aa96e6fcc3f07a27aa2a627eb9c9f59c0f0b09bafecb1b3a	Берёзовый ящик (2 секции)
block:block.storagedrawers.birch_full_drawers_4	sha256:ebf1a06d21e98edf0dee100c1ae53ce63bd17ca9373e9acc38a32e94ca427408	Берёзовый ящик (4 секции)
block:block.storagedrawers.birch_half_drawers_1	sha256:b31c99111fa223cab2b8f52c775fd570a7e6b2d0c73e4f27837d99649f6a95d7	Берёзовый полуящик (1 секция)
block:block.storagedrawers.birch_half_drawers_2	sha256:6bb1c9409a7f91b32288de4825d5454382bffe0b0e1fbea3ea7a2f315ab20118	Берёзовый полуящик (2 секции)
block:block.storagedrawers.birch_half_drawers_4	sha256:7f716195fa451affd4798c95598466c5b0e84e0d573125ea68af2b4a8d7598c6	Берёзовый полуящик (4 секции)
block:block.storagedrawers.birch_trim	sha256:80021506054d319a93c9e055bf308341303f697dd1bd4b6e6db555e7a8bfee3d	Берёзовая отделка
block:block.storagedrawers.cherry_full_drawers_1	sha256:a71624476387433171d8e42e1e64150d860efac9f6931fb58c19217af5d28100	Вишнёвый ящик (1 секция)
block:block.storagedrawers.cherry_full_drawers_2	sha256:9cee0b6c34ea29da247053944e6d070dc49845915ce07cb55fca61db76095d1e	Вишнёвый ящик (2 секции)
block:block.storagedrawers.cherry_full_drawers_4	sha256:6d12a25d5ba3a44e78fd965160aa6a70e6cc478889c9fd2f93d3c8d2162296a0	Вишнёвый ящик (4 секции)
block:block.storagedrawers.cherry_half_drawers_1	sha256:0b6a6eab2f5eb67503ec2297714ceb666289319aaaaf12c404359f375cb9eceb	Вишнёвый полуящик (1 секция)
block:block.storagedrawers.cherry_half_drawers_2	sha256:ea3c40bd0beb77e583a3ef2189006a94a5a348b9a4739d6b45ba2c7a67e221d2	Вишнёвый полуящик (2 секции)
block:block.storagedrawers.cherry_half_drawers_4	sha256:c71e5a9c2ddacd530cbe4909f97f240debab677c2055c02b7c40df9a44a63523	Вишнёвый полуящик (4 секции)
block:block.storagedrawers.cherry_trim	sha256:389df621331c11c25ed42d62c7a5611e55baf4a237a112f470d85e18afe8174f	Вишнёвая отделка
block:block.storagedrawers.controller_slave	sha256:0f3412b2c966e854f4a34afbed3d0b213557e909771a4a72f23fe5971eecefbc	Ведомый контроллер ящиков
block:block.storagedrawers.crimson_full_drawers_1	sha256:0f27ca228973944ed24d02d70eb8b8291ecc357d8546abf6c058a0968cb74cf8	Багровый ящик (1 секция)
block:block.storagedrawers.crimson_full_drawers_2	sha256:77f94040356cf57d4e56e6713213a22eb87e1696f430be8eaf24a70a043ad22a	Багровый ящик (2 секции)
block:block.storagedrawers.crimson_full_drawers_4	sha256:05c8863886bf53e3e63d02722a403864a6f5afef3d5c078dbe2b7ae19466f5d6	Багровый ящик (4 секции)
block:block.storagedrawers.crimson_half_drawers_1	sha256:ff87cbcc46adbd64b9c5467a084aa5df06268da6cf72b61aa8586c4b4fc61a32	Багровый полуящик (1 секция)
block:block.storagedrawers.crimson_half_drawers_2	sha256:2e9538107ed003ca8f510009eea87ad0b76f2a572308e18925d2292db5f53491	Багровый полуящик (2 секции)
block:block.storagedrawers.crimson_half_drawers_4	sha256:a84a0a175a4d599a0028f484e9fccef45b6f152e1bdcaadfd82ee031bb1c0bd9	Багровый полуящик (4 секции)
block:block.storagedrawers.crimson_trim	sha256:32341193a38694ad7da50665d03eed9e5dd667e72656a65820eb5bb495515e6f	Багровая отделка
block:block.storagedrawers.dark_oak_full_drawers_1	sha256:d2b5de4c988dd8cd413ccc5a4a7e20373e6a6a7c2dd67413a08575422b2780af	Ящик (1 секция) из тёмного дуба
block:block.storagedrawers.dark_oak_full_drawers_2	sha256:988e211cebc4a6c26002e9be459a833b027df4db033bf59670e4dab18088b17f	Ящик (2 секции) из тёмного дуба
block:block.storagedrawers.dark_oak_full_drawers_4	sha256:861ac31b0f02eca7ad27f9428d7750803edda14161619c2174fd51325a648f03	Ящик (4 секции) из тёмного дуба
block:block.storagedrawers.dark_oak_half_drawers_1	sha256:3798504e2e8bb28efe4221972928d0167014e7e0b9b40ae2d6d5392e1ffe3337	Полуящик (1 секция) из тёмного дуба
block:block.storagedrawers.dark_oak_half_drawers_2	sha256:6c4b6e6a9c1f87262ca13bf8b45d15dd22822d2772ea8d15655221d3a04c27a9	Полуящик (2 секции) из тёмного дуба
block:block.storagedrawers.dark_oak_half_drawers_4	sha256:b4ee8a4db9c0e3ec6aec39587286f2f8d0f393a30cb117da9213c569874ecefc	Полуящик (4 секции) из тёмного дуба
block:block.storagedrawers.dark_oak_trim	sha256:88c494808df8a2be236db1b34e30b79d2f260de1243dac3d5e6bc7ddaf9a1720	Отделка из тёмного дуба
block:block.storagedrawers.framed_full_drawers_1	sha256:7506f17b83ff35e2cf322f4088f3424199d450a9c1a1fdfa2d26d738f75558c3	Обрамлённый ящик (1 секция)
block:block.storagedrawers.framed_full_drawers_2	sha256:a54430f09d2e57d09197a4d11db5bfa00a35d3a8efb28e294ccca1cfbf05b993	Обрамлённый ящик (2 секции)
block:block.storagedrawers.framed_full_drawers_4	sha256:bf2e2d216b5fa617cfdb87276bb3a74f38a62927ecb6ee915baa8378e0abd237	Обрамлённый ящик (4 секции)
block:block.storagedrawers.framed_half_drawers_1	sha256:b47194033e18beb938c51d22fa1bfbfa3567688782b604f4536e7a2ed4095b73	Обрамлённый полуящик (1 секция)
block:block.storagedrawers.framed_half_drawers_2	sha256:3244222c056bfc2480590b6bc3e45c301ce703628a5c34105036cf357e22b837	Обрамлённый полуящик (2 секции)
block:block.storagedrawers.framed_half_drawers_4	sha256:ab2add57cd91b2f2eafb97fbc41cd98890e35cbb1d3165f9b5cf74472e458bae	Обрамлённый полуящик (4 секции)
block:block.storagedrawers.framed_trim	sha256:83dd6e1402f867e0aed42ebf18ad06c284a0ee44f1155e442e014df9ad704d7a	Обрамлённая отделка
block:block.storagedrawers.jungle_full_drawers_1	sha256:af3e4f805396e27b00880303f63afa4e737b8291c56aff7c53c54b6db8a04444	Ящик (1 секция) из тропического дерева
block:block.storagedrawers.jungle_full_drawers_2	sha256:57f4c951cff529dcba5393c68a1c9def5cf5bfa0c545634f2c917d74a526be6f	Ящик (2 секции) из тропического дерева
block:block.storagedrawers.jungle_full_drawers_4	sha256:a3ec2adfd500c54fc068663381a11e3011966f0caaf0fe529e123c76eaaa5fa4	Ящик (4 секции) из тропического дерева
block:block.storagedrawers.jungle_half_drawers_1	sha256:82f8e6ad2363df5694cb7528c14ea96b7723d911205cb18b48bd495020af4ed3	Полуящик (1 секция) из тропического дерева
block:block.storagedrawers.jungle_half_drawers_2	sha256:78a95b9b751530bab738048dad0376ebba5c93dc970e3658109c7ae1652e5be8	Полуящик (2 секции) из тропического дерева
block:block.storagedrawers.jungle_half_drawers_4	sha256:9bcb5b85fafeafcbd8ef24e498cdb493f922203c4b048ee6d6aa53cbd8d0d9ab	Полуящик (4 секции) из тропического дерева
block:block.storagedrawers.jungle_trim	sha256:179abb75acc679f816c7e8013b908b8d30298bcd41b05aa261a0234f3468fa08	Отделка из тропического дерева
block:block.storagedrawers.mangrove_full_drawers_1	sha256:8c0f3f303bff7eff3f89fbdf31d3458e0e2578bc1589b89524550c6ff75c7be7	Мангровый ящик (1 секция)
block:block.storagedrawers.mangrove_full_drawers_2	sha256:6885c9dbf846ef06fc81f3eaa5a8bfa22a92061ccb0d51c28185a42e4cf62626	Мангровый ящик (2 секции)
block:block.storagedrawers.mangrove_full_drawers_4	sha256:d1554d39a7e083a89098b3d795106ec5defd24b7b0fbeb88173a2e0468f53248	Мангровый ящик (4 секции)
block:block.storagedrawers.mangrove_half_drawers_1	sha256:4d2fcf7415031333d67975797b00a8b30f15b642f75805c6c4f756dbe0ab1133	Мангровый полуящик (1 секция)
block:block.storagedrawers.mangrove_half_drawers_2	sha256:50429afb1315088653dd1581abb1d6131b67c22a7cb64e33e8df4d074d593bdc	Мангровый полуящик (2 секции)
block:block.storagedrawers.mangrove_half_drawers_4	sha256:87416071723ec04b13a10d6168590c215360fcc31a4119c7f9abbca2b2dee3ad	Мангровый полуящик (4 секции)
block:block.storagedrawers.mangrove_trim	sha256:ec46ac639e9cb448ee4878d09365aad65642e8903eb3d144f2bb63178a8d2da8	Мангровая отделка
block:block.storagedrawers.meta_claimed	sha256:6d2c50767bb3999340f6cfdba35519e8c52121945c230de18e197f39823c588f	Метка владения
block:block.storagedrawers.meta_comp_indicator	sha256:88750f20618064d8e10450a69f1c31ea448ce9856aeacba71d8234ba27b0df36	Индикатор компактного ящика
block:block.storagedrawers.meta_framed_compdrawers_2_front	sha256:dd7a4dffd331e1ab9d2031ca438b689e6b6e38d320bb3228ab56807f09ea609d	Передняя панель обрамлённого компактного ящика 2
block:block.storagedrawers.meta_framed_compdrawers_2_shading	sha256:b76ac34de8fdf5538ecf36804790a581d398447d78c79294c38b51d4780a9b82	Затенение обрамлённого компактного ящика 2
block:block.storagedrawers.meta_framed_compdrawers_2_side	sha256:888f59fc7d6dad94851b07064c4e7b2288dbf888fb1f327498bfe82847272a75	Боковая панель обрамлённого компактного ящика 2
block:block.storagedrawers.meta_framed_compdrawers_2_trim	sha256:0a9d6aeb52eb6919a61461b5875246fb9de906bbd12feb5d492bfa32c0c9e569	Отделка обрамлённого компактного ящика 2
block:block.storagedrawers.meta_framed_compdrawers_3_front	sha256:6fc7d624db406f89d17900785feb325d0c3e9e74813a9f6af15ed4b06642c773	Передняя панель обрамлённого компактного ящика 3
block:block.storagedrawers.meta_framed_compdrawers_3_shading	sha256:e56625dbf0e2128745b9784fcb6f4943a5cc197ee1133605d393a155cd49ecd5	Затенение обрамлённого компактного ящика 3
block:block.storagedrawers.meta_framed_compdrawers_3_side	sha256:1f9daad130bd0d28b67094e4799eecc8903d97cd0bdaae9e41a4b1f9c58633a1	Боковая панель обрамлённого компактного ящика 3
block:block.storagedrawers.meta_framed_compdrawers_3_trim	sha256:c004d46709ccba1a256cf992f9a96547f95ff7316c5c0f68a4a3c5d3945cefa2	Отделка обрамлённого компактного ящика 3
block:block.storagedrawers.meta_framed_controller_front	sha256:a503a6737bfbe99fc4da4f22a53131c0d6b6c4aeb8c93ecd69f069d3a10b4d3f	Передняя панель обрамлённого контроллера
block:block.storagedrawers.meta_framed_controller_io_shading	sha256:9dafc36f67d0192b4611a3c65a4428070f45534600dab913d54a25228c45519a	Затенение ввода-вывода обрамлённого контроллера
block:block.storagedrawers.meta_framed_controller_io_side	sha256:14997a19c52b24d166cc5701c984c2f47bb5ccf8f0dbaa30c583f3887dad6ed5	Боковая панель ввода-вывода обрамлённого контроллера
block:block.storagedrawers.meta_framed_controller_io_trim	sha256:e584fbdefd3ee5bb66cbf1fec6db1cc3ba49e327e1cfdfc7ac1fde6767b6a701	Отделка ввода-вывода обрамлённого контроллера
block:block.storagedrawers.meta_framed_controller_shading	sha256:35286ba90ac64ab9c4483a9c720acbe60a79ceac32aadedeb01214ab1b277eab	Затенение обрамлённого контроллера
block:block.storagedrawers.meta_framed_controller_side	sha256:c1b2378b916c077aca90128ef12ee360121f213a6391233abd869ce1e00dec26	Боковая панель обрамлённого контроллера
block:block.storagedrawers.meta_framed_controller_trim	sha256:aba3d91acc05466a0ce89ce37869ebd28e88e4583070c20eeb6cfb380c5e0321	Отделка обрамлённого контроллера
block:block.storagedrawers.meta_framed_drawers_front	sha256:d98c6ed3c87a893d2284108ee51ad110e81ecd63c8b4bf828b4bcf3af1ae4054	Передняя панель обрамлённого ящика
block:block.storagedrawers.meta_framed_drawers_shading	sha256:73bf0be9f199e72e5ac14e9f923df5d13ebfb92261c89bfba42c4b9fb6fd6c3b	Затенение обрамлённого ящика
block:block.storagedrawers.meta_framed_drawers_side	sha256:bfcfa2cb9f6aaff1e601dace4db304a3ae55792801ca2efa73925861741a662a	Боковая панель обрамлённого ящика
block:block.storagedrawers.meta_framed_drawers_trim	sha256:b771013e3a0b45384883654a090aee51d3c708d2dc7ae9e1fe9a19917e107160	Отделка обрамлённого ящика
block:block.storagedrawers.meta_framed_trim_side	sha256:614d75bd8a8d4f2bd09961a038dea1dc07b8314651b7ea92605cdd373e747e14	Боковая панель обрамлённой отделки
block:block.storagedrawers.meta_framed_trim_trim	sha256:8160aaee395021ee01e97eb90c7eb3853a4c144a53a9697b01a9f57a4a2ff1ee	Отделка обрамлённой отделки
block:block.storagedrawers.meta_indicator	sha256:04865fb9ffe4cfba5478e4df6b68f397e8d2d783b8b4939c98dfe68b437552c0	Индикатор ящика
block:block.storagedrawers.meta_locked	sha256:80370061f4c7143ab04dcb9d57500c4571313823c82601887632558a01bb238c	Метка блокировки
block:block.storagedrawers.meta_locked_claimed	sha256:74927171d72ed598e689fcb472a5e8892b928f172ecc27e9b007007cf2bfbe84	Метка блокировки и владения
block:block.storagedrawers.meta_missing_slot_1_1	sha256:aa5b1ed8fd227eb267b48302e6f67a68bd8e16b6e0585caf26c1bf307579c6dc	Заглушка секции 1/1
block:block.storagedrawers.meta_missing_slot_2_1	sha256:db8f388e8f7325cf909161925deaa7a90f3c969fabbd1bdde470d7190852dcb2	Заглушка секции 2/1
block:block.storagedrawers.meta_missing_slot_2_2	sha256:51a4e5617f5c5ab0e5d6caae59959dfb772feebac27d6fe24bc481d930cb4e97	Заглушка секции 2/2
block:block.storagedrawers.meta_missing_slot_4_1	sha256:d506cc446295c8d4086ae74f61912bf823754a65b532c2deffa0b58612956e45	Заглушка секции 4/1
block:block.storagedrawers.meta_missing_slot_4_2	sha256:dab5ee3c707ac5705d14daa00a639ff68c35374a7cd10e1f1e780a231d17cede	Заглушка секции 4/2
block:block.storagedrawers.meta_missing_slot_4_3	sha256:c4958b1dea21d5ab6b1e9b7b61b035779aaff95a32e8d25b732ba8d9d1e8569e	Заглушка секции 4/3
block:block.storagedrawers.meta_missing_slot_4_4	sha256:fe90d6cd20a3b90e460c8c38a719478ea8059304bf33e31f6aa488f55ddca460	Заглушка секции 4/4
block:block.storagedrawers.meta_priority_n1	sha256:5e76db6ae65b086a78cc42065bd740a517482fc6d8a9e7c4521898c992530f08	Метка приоритета -1
block:block.storagedrawers.meta_priority_n2	sha256:358e84ff14d47349b9292562d82c474b7a6db9c6939ec01f8b86ff1e731743cc	Метка приоритета -2
block:block.storagedrawers.meta_priority_p1	sha256:7fe9657fa204d4e2383a85958f9c66c33a6dd0f6c91eca7ece626f5a280d1f48	Метка приоритета +1
block:block.storagedrawers.meta_priority_p2	sha256:dc781691a59cfd2c5589a6765ce933101c80a35c94a4cd08dd7ede4c09bf9426	Метка приоритета +2
block:block.storagedrawers.meta_shroud	sha256:ebbff436df5c7ca76120ecf641847a4487b9e6260b48afd2ac915df028a7657a	Скрывающая метка
block:block.storagedrawers.meta_void	sha256:479992752085c5f3af88dec30f37b8d2d7d643d4756363e7765301758351f041	Метка уничтожения
block:block.storagedrawers.oak_full_drawers_1	sha256:77b76aee73fcbe353a751bf54a572a5e6a1d4497cc8a8e1f445c9ec3197626d4	Дубовый ящик (1 секция)
block:block.storagedrawers.oak_full_drawers_2	sha256:90b0f7dbfa47b6d13cc92c9379e1a3f7b37db8917c0086856c25743120717763	Дубовый ящик (2 секции)
block:block.storagedrawers.oak_full_drawers_4	sha256:b16967bd7863925a18d8d08aedf4e036883fb30c9308a7b3c2a7bf68570367de	Дубовый ящик (4 секции)
block:block.storagedrawers.oak_half_drawers_1	sha256:6042d565a39da3d6ec10c64e0a14193814d7346f2cff02fb73c16f49ba62b122	Дубовый полуящик (1 секция)
block:block.storagedrawers.oak_half_drawers_2	sha256:dc5c90bee99e9b5416fa1a1e64bf43af2d1cef21d84ce14c3a9904fb38a35c7a	Дубовый полуящик (2 секции)
block:block.storagedrawers.oak_half_drawers_4	sha256:64908aa9c534da469eaacfed05d5d0602c1df7353d41d97cb59fa2454e0ca3ba	Дубовый полуящик (4 секции)
block:block.storagedrawers.oak_trim	sha256:7d8c83f2efde2e7c4d5756e8a64f4f8dcff67d31311dc30bd9eeca91d02dd5e1	Дубовая отделка
block:block.storagedrawers.spruce_full_drawers_1	sha256:577c1f209c16c6512fb7f53f67d4e44fed83550fb4c19e153991a70717d4d67c	Еловый ящик (1 секция)
block:block.storagedrawers.spruce_full_drawers_2	sha256:56b7b39c11d5e3764de68e64c05a24176dbc83f878973c16840496aac1176567	Еловый ящик (2 секции)
block:block.storagedrawers.spruce_full_drawers_4	sha256:b5aaf1cd7ee64bfae674faa0fa1a6bf70ae337b97d6a16d04807510e3ff0dc94	Еловый ящик (4 секции)
block:block.storagedrawers.spruce_half_drawers_1	sha256:622a5b81dd6ff0f9a00a15d8d4016e11e87c4a524d004e2c040aa07dd9be99f7	Еловый полуящик (1 секция)
block:block.storagedrawers.spruce_half_drawers_2	sha256:dcf6ab275c3ddbd3cb396f6d0652868d222a491f3f6650de62534911b12638c8	Еловый полуящик (2 секции)
block:block.storagedrawers.spruce_half_drawers_4	sha256:781b309175866cc4acf5d4ecb9cc12e79e4990abc6c0df5a38436a3a0e377afe	Еловый полуящик (4 секции)
block:block.storagedrawers.spruce_trim	sha256:17d7439cb994df5ed0033c32b3dabd20796af7e425707a0b1289aac6eaa09a43	Еловая отделка
block:block.storagedrawers.warped_full_drawers_1	sha256:845502d852906556363244012f153c027c15c90b342a26e9608b1bc70b0ceab1	Искажённый ящик (1 секция)
block:block.storagedrawers.warped_full_drawers_2	sha256:e084776ceae8927675364fd06115669ba69a6b49db25e2b22b359885b651bbed	Искажённый ящик (2 секции)
block:block.storagedrawers.warped_full_drawers_4	sha256:92dc210768d40c2768de311b23d6e295739ee65f3494eaedbf40feaf7218e9d8	Искажённый ящик (4 секции)
block:block.storagedrawers.warped_half_drawers_1	sha256:6498076a5e884500a959c3ad4be0628603d3b746856b214f281e077343670d8a	Искажённый полуящик (1 секция)
block:block.storagedrawers.warped_half_drawers_2	sha256:18a3030fd90ec012318bc81bc060e662c0a466a81fbff76a8f005318c5ab4b3a	Искажённый полуящик (2 секции)
block:block.storagedrawers.warped_half_drawers_4	sha256:d99967c5e8e15976b9605dcc864514703d104a6a497ea7237c34996e686cec8b	Искажённый полуящик (4 секции)
block:block.storagedrawers.warped_trim	sha256:826618548500b08862460bb6734443195bd28f8684fbca569e57779739c87324	Искажённая отделка
block:block.supplementaries.block_generator	sha256:cd19d3fdacdca74c0dd206fdd9a4ef2af88d70b142126320475904b6ac2fc378	Генератор блоков
block:block.supplementaries.enderman_wall_head	sha256:0f00fe5350731b7a42d51db16d5a9ac4aafc1e9ccaea4e57b4a41f0f1492fa37	Настенная голова эндермена
block:block.supplementaries.moving_slidy_block	sha256:79851830ebcb79dc979d210dd6a90797f36195bbd9574d33abe641dcb7c63d3e	Передвижной блок в движении
block:block.supplementaries.moving_slidy_block_source	sha256:ab641d530377fae6e95189f32b5ad5619be63da2e404e415ed940bee55049510	Источник передвижного блока
block:block.supplementaries.rope_buntings	sha256:67a5fee6c3cdf64abd8535452c0c05a186785f299a8514ac6defcbd33d252cde	Флажки на верёвке
block:block.supplementaries.rope_chandelier	sha256:602a56f27888d7f2cd9d36ee42482ee9852112cb59b3be406b85afb4908c324f	Люстра на верёвке
block:block.supplementaries.rope_soul_chandelier	sha256:2bc765b528fbf157b01b27d079b1a50e59a6ca5e8e0659b928be4b8c48d5e423	Люстра душ на верёвке
block:block.supplementaries.rope_tomatoes	sha256:93ac4c4e561688888e0a2c09545f4792f99174c6bcbcdd1ec4f16473457d355b	Помидоры на верёвке
block:block.supplementaries.sconce_wall_green	sha256:c4daa129841842d48af139adda4b344d99b883efeb45425b1c2f942549512407	Зелёное настенное бра
block:block.supplementaries.sconce_wall_soul	sha256:a5bb308c38b271e5309ead1a7e57a0feabb64145f9ab361c3c16427c734ccff3	Настенное бра душ
block:block.supplementaries.sign_post_wall	sha256:e610e3b1f6ef6e5106a213e903a20f09b370f27bdd17e330716e9d7bb3f0776b	Настенный указатель
block:block.supplementaries.stick_tomatoes	sha256:707bd7c01dc62889ee8f4bd3811c20e01620666cd8a9ac04aaa78745cee1faa2	Помидоры на опоре
block:block.tconstruct.blaze_wall_head	sha256:0a2f7714cb6885d5ffd67f91a3f29ac01e9ccb592240f3f327813e092b693092	Настенная голова всполоха
block:block.tconstruct.cave_spider_wall_head	sha256:007d976800a81d43fd8dce0fd618eb89f434088e9a7e43b67fd1751d254e1a56	Настенная голова пещерного паука
block:block.tconstruct.drowned_wall_head	sha256:a0f49118bd5debe62d10a5dcbdcb7a11ff0feee1abd1b8da8af9b4784833c1f8	Настенная голова утопленника
block:block.tconstruct.enderman_wall_head	sha256:0f00fe5350731b7a42d51db16d5a9ac4aafc1e9ccaea4e57b4a41f0f1492fa37	Настенная голова эндермена
block:block.tconstruct.husk_wall_head	sha256:0b2e3e56e2ef6e0f2be782384dc4de3b754a6411f82c5f40011b1f00de6e93ab	Настенная голова кадавра
block:block.tconstruct.piglin_brute_wall_head	sha256:d099b80b5ee0a42cce6624d8b90f5fe95372bce9ec7ddb8fe2c8b47d487152c9	Настенная голова брутального пиглина
block:block.tconstruct.spider_wall_head	sha256:f4a5316783653a6d6402de67cd267eab71e887d0e87899831eb577df6db0f8d9	Настенная голова паука
block:block.tconstruct.stray_wall_head	sha256:0b2ba403e64ebb502e371f1c891573774ce30a0a60fbd47cbadb35bfd026ef85	Настенная голова зимогора
block:block.tconstruct.zombified_piglin_wall_head	sha256:f3b2b02562eb10acda18a987f8b22fdce8060a3a5e509c933136b04ffb1afb54	Настенная голова зомбифицированного пиглина
block:block.thermal.amaranth	sha256:278b1ddec3d5f3e604e921810ae3a6f827099ff8343bf371864fa75c4099b8c4	Амарант
block:block.thermal.barley	sha256:b904432b6de55a66c7f785bb5c62f8827df5ca7023eaf8b2941254fc7c9dbb94	Ячмень
block:block.thermal.bell_pepper	sha256:6728ee5a8b8ce7662623d82792af935e46aabeda8d8fafa08ddd7ad5391b5701	Сладкий перец
block:block.thermal.black_rockwool	sha256:c61545121b0d1f5f8c015793e89f3a2ce924761fa448a8f0a052f57d91282d9a	Чёрная минеральная вата
block:block.thermal.blue_rockwool	sha256:2f9b455b26bdfc6b428fd5cc40a74c56c748363f116e54a8c042b96df16f07f1	Синяя минеральная вата
block:block.thermal.brown_rockwool	sha256:31a19d5cd607ba5f4826622484ad7f013a7e7a77dc4c7a05a0200492ca03322a	Коричневая минеральная вата
block:block.thermal.carrot_cake	sha256:1cc369ece0aa2f8565dd39590126bf97dc3cbd5ad40ddd4c36438458adb7ef07	Морковный торт
block:block.thermal.chiseled_rich_slag	sha256:6f85f1c636c491308401396f7c6c08b6a6ae36c62fa90763d3628ca5c3b9791b	Резной обогащённый шлак
block:block.thermal.chiseled_slag	sha256:b2eae1b8dab1b8e60b817dcd023db507c60a7903259bdadc6e75bfd29fe699d8	Резной шлак
block:block.thermal.chocolate_cake	sha256:b2fbace58ecc2a29597367676beceafcb2895c26ca3767e6c3c281ac840ef3f8	Шоколадный торт
block:block.thermal.coffee	sha256:b0e1f06cf1e7d466ee3048ebef45d85b2d1d31d6164a9b92a6fd0887ba8ffe89	Кофе
block:block.thermal.corn	sha256:540647ba037b42dabeea5ed7a53f8d4cd7304a118957472d751d3811f1d76d31	Кукуруза
block:block.thermal.cracked_rich_slag_bricks	sha256:f4c057e19a3366948c489595a29a220e591e4a7b8e630b05633d4b268a31a394	Потрескавшиеся кирпичи из обогащённого шлака
block:block.thermal.cracked_slag_bricks	sha256:8a01775c0d738423a0e0838208653d533f52f3d3cb923434a128e40b79c0fd5b	Потрескавшиеся шлаковые кирпичи
block:block.thermal.crude_oil_fluid	sha256:2d7fa5a83014153f3b6a938df040d4440df2a5748431e51664c0a8d4fa277028	Сырая нефть
block:block.thermal.cyan_rockwool	sha256:0c958e48bf41e2f603e4183e18ea11556ca1922e4b37cda94448634bec45688c	Бирюзовая минеральная вата
block:block.thermal.eggplant	sha256:84247c8aaf6dd96fb2878483cb0140c23e3c12aba8cc987306d0a77986286526	Баклажан
block:block.thermal.ender_fluid	sha256:9d2941fdbbf489f8ba2cb54df1fb5be66347a0b9fabbab8bace700bf7df520ba	Жидкий эндер
block:block.thermal.enderium_glass	sha256:5b622f05c6a6acb4f6f193f06fc8bd62ba02e320ff04bf7d5bdf1f57749d5a32	Стекло из эндерия
block:block.thermal.flax	sha256:81629dd6f277eebecea6f4ebeab0eb3b3b2881ae37b939e106b4271946a6d481	Лён
block:block.thermal.fluid_cell	sha256:21f80ad1c959f3749719d4e3aea028ae95b900f4d2ccc59ae6c968334d4c5bf4	Жидкостная ячейка
block:block.thermal.fluid_cell_frame	sha256:7e24c6a38ca165bfd9b9f26c35585962dbf7a0ada777ca627b203e3fe59df293	Каркас жидкостной ячейки
block:block.thermal.frost_melon	sha256:8a4fda01246a9bdc103d17be5e43fc003f35310b71b3f9789f5797087628088f	Морозная дыня
block:block.thermal.frost_melon_stem	sha256:eedeb75c6913bbdfd4373d54873f0a903b881cdae089ce81c581f133b17d2102	Стебель морозной дыни
block:block.thermal.frost_melon_stem_attached	sha256:cc19926493f6d988354a35235dcc8c65d5a35e01a37a0af62f5f1e7bfb036708	Прикреплённый стебель морозной дыни
block:block.thermal.glowstone_mushroom	sha256:0e22109e38783fb284fa850e65697504526901d77f1f8355c9551425bb4afbf4	Светокаменный гриб
block:block.thermal.gray_rockwool	sha256:9d82b9c8159bf2ce12cd75cf0437529674f10e024147a99f955795a8a9ecfe7f	Серая минеральная вата
block:block.thermal.green_rockwool	sha256:297fac40b04fb0275af7a84952b91af3c8ab2fbfa34067c5814e168221942385	Зелёная минеральная вата
block:block.thermal.gunpowder_mushroom	sha256:8b37d6b37620c1d198378c47ddc0c0393011173219fe3df18d525ebe2b84f8ec	Пороховой гриб
block:block.thermal.light_blue_rockwool	sha256:6ed5cc6c7170edcace918d948b3e228422731bb6f487155dde055ae72d9c8803	Голубая минеральная вата
block:block.thermal.light_gray_rockwool	sha256:a399cbc1dd8083313e3ce1b30f0bda9b569ec9b81084bfa96724892f4c7c2778	Светло-серая минеральная вата
block:block.thermal.lime_rockwool	sha256:1867efd57f2582ee17934b870ceb76b719f2c238b368edaaef0b8e32b006b0cc	Лаймовая минеральная вата
block:block.thermal.lumium_glass	sha256:cb05fd3fb33bdaddc4013e091ff374f6ddeb92c6fba8a193f3ed39777fbfe3c5	Стекло из люмия
block:block.thermal.magenta_rockwool	sha256:d985652f30b8602517e1100bdf083d46e00cf0a4cd7800ab0f5ec0166acd7ac3	Пурпурная минеральная вата
block:block.thermal.orange_rockwool	sha256:a78589e031b2d36e84c06bb01a7e24e5a7cf7d0513f468c99f1d72b3dbf4a8e5	Оранжевая минеральная вата
block:block.thermal.pink_rockwool	sha256:c5cf30fe7c841ea6a28ac14a3fc819b8e2a663fc6cab873259fb3b0653c1b06a	Розовая минеральная вата
block:block.thermal.polished_rich_slag	sha256:289babb434669c2dbffa775c6f73434efb2546ae9b5bce166804555b6e3de9ba	Полированный обогащённый шлак
block:block.thermal.polished_slag	sha256:04242790c663cd5e17756648a4054dc855b5da366386d42be7f3cda2d11312e1	Полированный шлак
block:block.thermal.purple_rockwool	sha256:4e93937584b512b65c7e811ec240a32dc4c207e426b9033c25e1f80a968c1c44	Фиолетовая минеральная вата
block:block.thermal.radish	sha256:fb56c2b5e92844be14b6f01cc765cba60a102357ec201e451d00217d7b18f3aa	Редис
block:block.thermal.red_rockwool	sha256:67aad1106a2c00681ac8233f164f69556955bbf9cffe8e8c63aefaaa088d9deb	Красная минеральная вата
block:block.thermal.redstone_fluid	sha256:c4834323d9cfec48fd97b09759cb0890757ebc696aa3523bcc1c9a71638cf27f	Жидкий редстоун
block:block.thermal.redstone_mushroom	sha256:b4c96d2b38bc55724e6d07d7acf85bf11d097063d97e10056e51db92b0365c58	Флюсозуб
block:block.thermal.rice	sha256:1b9bc7b7376e6c5c0f1042dfdd42ac68017d8cee72988967d7c670d40c466c85	Рис
block:block.thermal.rich_slag_bricks	sha256:cbc823f8562832e6a8d0dcf9f08dd27a28519fd230522a0cdb29218f8078b8cc	Кирпичи из обогащённого шлака
block:block.thermal.sadiroot	sha256:32fcc8b694d1c20f00c584bedd4c6d7388a4cdebdb7d4964971185078a78c312	Садикорень
block:block.thermal.signalum_glass	sha256:ae513cfe916747c4feb1569e351dc1d4dbb0d31cfd34bddec40cf2230061cf40	Стекло из сигналия
block:block.thermal.slag_bricks	sha256:47ba04555a18f4a581e9e4203d5a0c9c8796aa8d7746841098a4c42c9cfcaaae	Шлаковые кирпичи
block:block.thermal.slime_mushroom	sha256:b834b235b9dd1ebe6a1b7e1f0b76f22cde4f40fa3b87080b4442fdc3e3826b85	Слизневый гриб
block:block.thermal.spice_cake	sha256:8faea3e4e72afa2c677bfe75e348b003749ce377d628a56e1889ab7f976a2564	Пряный торт
block:block.thermal.spinach	sha256:115848bd1b625cfe983273f195922a7553f0a63022873a97c8c9966d1cbcad47	Шпинат
block:block.thermal.stuffed_pumpkin	sha256:376b4e455fa246f8f4fa1ab4f3615a42130c87dbe87ce1ef12358fec43ef14be	Фаршированная тыква
block:block.thermal.tea	sha256:017979e8299034d8c481af1f282eb32af0ca7e39553664ba27289257b01d49c1	Чай
block:block.thermal.tomato	sha256:8289a9844fd5125f9ecc55b600da78766f44f8477d0a908e2962fbd77eb78372	Помидор
block:block.thermal.white_rockwool	sha256:353f3cb46472a47db4dcf065593d3abc87aee0a1fcba01fbf51444f3a5791f25	Белая минеральная вата
block:block.thermal.yellow_rockwool	sha256:9bf4a21edddca2b74900e6c9d88e4cdfb2f3173454798eb5a0cd672ee3dc5b9f	Жёлтая минеральная вата
