id	source_hash	translation
ie-manual:immersiveengineering:accumulators.txt:line:0	sha256:d8b46c897977e3e01f3a200184fd3417cb7cf022cb63e68853c061e954067c54	Аккумуляторы
ie-manual:immersiveengineering:accumulators.txt:line:1	sha256:3a95cb34accf13e52254e886d244061808e61ff1afe06607f2fad4ef6f9c00bc	Энергия с собой
ie-manual:immersiveengineering:accumulators.txt:line:2	sha256:697d41dc64d5e8ac93ea34078c6092cf7259b4a436d45bc1b384badbb256a145	<&recipes>§lАккумуляторы§r служат для хранения энергии. Молотом можно настроить каждую сторону: синий цвет обозначает вход, оранжевый — выход, а отсутствие цветной отметки запрещает любые подключения. Удерживайте Shift при использовании молота, чтобы настроить сторону, противоположную той, по которой вы нажали.
ie-manual:immersiveengineering:alloykiln.txt:line:0	sha256:bc966e0a17fb3ecaa52862ddac0b1c3a3078a45fcaf32ce3077dceadaf068ab7	Печь для сплавов
ie-manual:immersiveengineering:alloykiln.txt:line:1	sha256:24d14ba9c923bb34966c6868dd70ec9dca73530f37b63f95bc8941313cf19c9f	Смешивание металлов
ie-manual:immersiveengineering:alloykiln.txt:line:2	sha256:5aeb60e8c8368cfb10ce4ad99c7e473ae5d0790b621af97a96a3b2d9c7724880	<&recipe>Плавильная печь — это простая печь из жаростойкого песчаника и кирпичей. Температура внутри достаточно высока, чтобы расплавить металлы и смешать их в <link;alloys;сплав>.
ie-manual:immersiveengineering:alloykiln.txt:line:3	sha256:5d800900884e92f1c4e5d65727f56f9c1f45f9d6fa9a56aad587d7b4bbbdbaa1	Это позволяет создавать важные сплавы, такие как электрум и константан, без утомительного смешивания пыли. <&multiblock>Чтобы сформировать печь, расположите 8 кирпичей печи в кубе 2x2x2, как показано выше, и щелкните правой кнопкой мыши по одному из боковых блоков с помощью молотка инженера.
ie-manual:immersiveengineering:alloykiln.txt:line:4	sha256:8e112151b5e8b82cc1199762cf2702daa058fc594a6c43f5fef29900c869d1ee	<&insulating_glass>Плавильная печь также необходима для изготовления §2изоляционного стекла§r — компонента <link;wiring;высоковольтных устройств;connector_recipes>.
ie-manual:immersiveengineering:alloys.txt:line:0	sha256:07ab532e548449f84e6d9c97eea6bae883dcde9e38385d5e1474905024a66d63	Сплавы
ie-manual:immersiveengineering:alloys.txt:line:1	sha256:46c3842664687e94047ce3eecf1d26361c0431a9017ea72c102b5aeb7763843d	Искусство смешивать металлы
ie-manual:immersiveengineering:alloys.txt:line:2	sha256:2200551678a283893232bc6d0ffe8328a80125e10cb1e1dacdd8f42cd815e7d6	Смешивание пыли даёт смесь, которую затем можно переплавить в новый сплав. Константан обладает термоэлектрическими свойствами и используется при создании <link;generator;термоэлектрического генератора>, а электрум является отличным электрическим проводником и используется в <link;wiring;устройствах среднего напряжения>.
ie-manual:immersiveengineering:arc_furnace.txt:line:0	sha256:257d259b935313460889196a7325b554d2d7456d78b4acf3cf7730b6dcd9ee40	Дуговая печь
ie-manual:immersiveengineering:arc_furnace.txt:line:1	sha256:45362e0cea2f64a7fc591a9462cb8d7bf47fcf0d1531b968e5c56c4ce3c27868	Не реактор
ie-manual:immersiveengineering:arc_furnace.txt:line:10	sha256:9d98d79169f32e0a06bef6615fe9e46d3b34a52ca9cb4e31114c4dd0dd316fce	Три верхних слота предназначены для <link;graphite;графитовых электродов;electrode>.
ie-manual:immersiveengineering:arc_furnace.txt:line:11	sha256:b7ab6407427e72b5363dd09fffbee93a4beb975a8df72a1882d60adf9a4a4163	Двенадцать слотов слева - это входные слоты для металлов и руд. Рядом с каждым слотом находится температурный индикатор, отображающий процесс плавки.
ie-manual:immersiveengineering:arc_furnace.txt:line:12	sha256:7fefe4ecc7d3b360b6517dbb9c8a1d433088dc983074241484abf0301bdafc63	Четыре слота справа предназначены для «добавок» — материалов, которые добавляют в расплавленный металл во время обработки. Например, из железа и коксовой пыли можно получить сталь.
ie-manual:immersiveengineering:arc_furnace.txt:line:13	sha256:bdae8c5e957c8cb16d5c88c48552b74915d74cf69d37bf6a50ce90f539c263ac	Исходные материалы и добавки подаются через два люка в верхней части конструкции: материалы — слева от электродов, добавки — справа.
ie-manual:immersiveengineering:arc_furnace.txt:line:14	sha256:cbae419d2b5b1995f14a76ce2e8100e02bb80d6e49877f5c6a16093a7a93d6fd	"Семь слотов снизу - это шесть выходных слотов и один слот для шлака. Выходные продукты извлекаются из ""ковша"" в передней части конструкции, шлак - через порт в задней части машины. Дуговая печь будет автоматически перемещать выходные продукты и шлак в присоединённые хранилища (сюда входят и конвейерные ленты)."
ie-manual:immersiveengineering:arc_furnace.txt:line:2	sha256:863f4a90c1454adb221f0dbf61376c5409c78bce8b1ccf26de2b5284024c01e2	Дуговая печь — огромная конструкция для быстрой плавки металлов. Она состоит из стального чана и расположенных над ним электродов, которые нагревают металл.
ie-manual:immersiveengineering:arc_furnace.txt:line:3	sha256:281fc3fdd470e992af42f3ee9757e77a3ce521653b86a0c8ee29a1ee7bb47c24	Печь отлично справляется с выплавкой руд и созданием стали благодаря своей высокой скорости и способности обрабатывать несколько изделий одновременно, но она также сложна в своей работе и потребует технического обслуживания, чтобы продолжать функционировать.
ie-manual:immersiveengineering:arc_furnace.txt:line:4	sha256:a64292b1455d827a4b65a220543285884a1b2f4ea03c8f524857596f19a2bcad	Шлак нужно удалять из машины, иначе она перестанет работать. Изношенные электроды также требуется время от времени заменять.
ie-manual:immersiveengineering:arc_furnace.txt:line:5	sha256:2f921e5dad1740cc083ce1dec76a4d50281a873d288c6701b130aff984f5d791	Чтобы сформировать конструкцию, соберите её, как показано на первой странице, а затем нажмите по котлу Молотом инженера.
ie-manual:immersiveengineering:arc_furnace.txt:line:6	sha256:6d89751bb7c04b532d936d3a53e1fe6c59d237a5ffef992223ec3b6593f7bfe3	Энергия подаётся через три разъёма сзади. Сигнал редстоуна на передней панели управления выключает машину. Чтобы открыть интерфейс, нажмите ПКМ по панели, «ковшу» или чану.<np>
ie-manual:immersiveengineering:arc_furnace.txt:line:7	sha256:b3a26a462b3357abdbd56629e887d5cb20fb64ace86b2b7ceeb7b81fbc8a26b9	§lИнтерфейс:§r
ie-manual:immersiveengineering:arc_furnace.txt:line:8	sha256:0c6139b316012358bb64f46ebe8b18c279150ce32825199787dffcb86313b1bc	При первом знакомстве интерфейс может показаться запутанным, но он довольно прост.
ie-manual:immersiveengineering:assembler.txt:line:0	sha256:8ae5ed28f5a2be663429a2882e55e1a5ed9b387e668927ecc9d16fd8ff3e81c8	Сборщик
ie-manual:immersiveengineering:assembler.txt:line:1	sha256:fa17d3377f849c0ed3bdd00905c3ab4ab4cec0c30e9892e113507272a4c2717d	Требуется сборка
ie-manual:immersiveengineering:assembler.txt:line:2	sha256:9582f6ed7e230dab5e91603d4dd908461641952aa11d11f134688eae84601d85	<&multiblock>Сборщик - это сложная машина, способная создавать предметы, подобно тому, как это делал бы игрок.
ie-manual:immersiveengineering:assembler.txt:line:3	sha256:9ef6a8525bb9c8644cdae13048cc5de30745f6a76ceee00074abbaae85baf7fd	Чтобы сформировать структуру, постройте её, как показано выше, и нажмите ПКМ Молотом по одному из конвейеров.<np>
ie-manual:immersiveengineering:assembler.txt:line:4	sha256:4233aac85d065e0f430d71f96f2fcc72d98bf0ec2d1e4495f0af85dd1d910a59	Конвейер, по которому вы нажмёте, станет входной стороной. На неё укажут синий маркер сверху и стрелка сбоку машины.
ie-manual:immersiveengineering:assembler.txt:line:5	sha256:57b141dda18ce4716a59128f9d30ca14a090af50fc859c55a321bc287c52dd9d	Сборщик хранит до 3 рецептов и выполняет их по порядку. Результаты предыдущих рецептов можно использовать как ингредиенты следующих.
ie-manual:immersiveengineering:assembler.txt:line:6	sha256:22c6673db958c35b8029a17ec9e79a8f03ab8b82f2d66e916ea4f980bc61c9bb	3 поля для крафта хранят рецепты, а 18 слотов под ними - это инвентарь для материалов.<np>
ie-manual:immersiveengineering:assembler.txt:line:7	sha256:5d6e27726acd65e8c6fa6393e707e424817941e171d11a6a8d1b646999039b65	На входной стороне, помимо порта для предметов, имеется также порт для жидкостей, необходимый для заполнения трёх внутренних резервуаров машины.
ie-manual:immersiveengineering:assembler.txt:line:8	sha256:98b64ec7aa74de21adcac58f91a0978ddb175d0b0614f0efe823e82f7b728582	Жидкость в этих резервуарах может использоваться для замены ёмкостей с жидкостью, таких как вёдра с водой в рецептах.
ie-manual:immersiveengineering:assembler.txt:line:9	sha256:026782535ae8b13339907ccd381793cd300ece2b5671a5b82b751e15c47ef8c8	Энергия для машины подаётся через верхний центральный блок.
ie-manual:immersiveengineering:automated_workbench.txt:line:0	sha256:7ee7907304e79c40d3842f100b2f7de5983de76e056a2439a0067e7656c24c34	Автоматизированный верстак
ie-manual:immersiveengineering:automated_workbench.txt:line:1	sha256:d12c30d18ae31299c3ab33c28e9be3d37a399662739fa9c33f59f1f7271b20c7	Для тех, кто не умеет переключать передачи
ie-manual:immersiveengineering:automated_workbench.txt:line:2	sha256:79a97295acedf7af6c13b73fb2bf9b42653d6cf222653c9005b7a881b64328db	<&multiblock>Автоматический верстак — одно из первых крупных достижений малой инженерии.
ie-manual:immersiveengineering:automated_workbench.txt:line:3	sha256:07f7d556730f14fe952d63ef8c2651dea9e0e2d78b96865bfac7ed52709d0cd4	Машина следует инструкциям из <link;blueprints;чертежа;start> и собирает указанные в нём предметы.<np>
ie-manual:immersiveengineering:automated_workbench.txt:line:4	sha256:ae3302a622e36a34ba0101410ce6f46a4a44e03bdb29497358be9732d5e1cc20	После сборки мультиблока чертеж можно разместить на его чертежном столе. После выбора предмета, который следует создать, начнется процесс его сборки. Чтобы машина работала, ее необходимо снабдить материалами и электроэнергией.<br>
ie-manual:immersiveengineering:automated_workbench.txt:line:5	sha256:add982d79a0bbf7255ed4e509a816b69976af649c16adab9265f54dfcfb70300	Входы для предметов — это два люка, отмеченные синими точками, вход питания находится над ними. Готовые изделия сбрасываются в конец конвейерной ленты.<br>
ie-manual:immersiveengineering:automated_workbench.txt:line:6	sha256:54f4530ad2344220c729a4cf60f3d422c95e7f3b15e7cd08297735372bf28dc3	Сигнал редстоуна на панели управления под чертёжным столом остановит машину. Это поведение можно инвертировать отвёрткой инженера.
ie-manual:immersiveengineering:balloon.txt:line:0	sha256:85bddc940b3f42fa3ebdf517fd1e27fb99694fdbe384fbedeece2ad09d93fb7d	Воздушный шар
ie-manual:immersiveengineering:balloon.txt:line:1	sha256:94c1249a8a043fc4f13b5a0ef0e793e31b298a7d1f663d896170a7202b0cd793	...просто сделайте 99 из них
ie-manual:immersiveengineering:balloon.txt:line:2	sha256:26f9a62004242bc8b2649782eb796b3fd560801cf2f90b3e6952680a18a6ff46	<&recipe>Воздушные шары представляют собой мешки из ткани, под которыми находится источник тепла, который удерживает их на плаву. Они излучают свет, но, несмотря на наличие факела, не представляют опасности возгорания.
ie-manual:immersiveengineering:balloon.txt:line:3	sha256:a6ee846705d646779ec18b21d4bdd77e2e3a477b875b23132f9a65779069c932	Воздушные шары можно ставить как обычные блоки. Если не целиться в блок, шар появится в воздухе перед вами.
ie-manual:immersiveengineering:balloon.txt:line:5	sha256:8ac2df407b8c8a00410c0520a8c497ee12ed26661c847d1199d90494c9b4df5c	Подобно <link;metalconstruction;Структурным соединителям;connector_recipes> к воздушному шару можно прикрепить пеньковую веревку и стальную проволоку.
ie-manual:immersiveengineering:balloon.txt:line:7	sha256:72f2f39a1cee212aa4c479b6271bfb3852be869b17f658f3301fff5edab6cb55	Удерживайте Shift при установке, чтобы задать смещение по высоте и разместить шар на расстоянии до 5 блоков над выбранной точкой. Чтобы забрать шар, нажмите по нему ПКМ, удерживая Shift.
ie-manual:immersiveengineering:balloon.txt:line:9	sha256:6e022dffb2adc32835309cac56e6d35d8826881a2beec04875c915d039f38e4e	Установленный шар можно красить: окрашиваемая часть зависит от места нажатия. ПКМ молотом инженера переключает узор между горизонтальными и вертикальными полосами.
ie-manual:immersiveengineering:barrel.txt:line:0	sha256:944b38f979b82a505d1be1d6966acf1e5dc65bf8170c749b76e50c2243eb7cd1	Деревянная бочка
ie-manual:immersiveengineering:barrel.txt:line:1	sha256:4de74767f494109f0f202918e954fef88be51e4ad576723f4ebb96d84067d0ec	Не катится
ie-manual:immersiveengineering:barrel.txt:line:2	sha256:ea29a0a48f0964a85bad7117f9a66443b168871ed8de9ac39ab71c6a4dcedd40	<&recipe>Деревянные бочки - это простые ёмкости, в которых можно хранить жидкость. Они будут хранить до 12 ведер, но поскольку они деревянные, они не могут хранить никакие газы или горячие жидкости.
ie-manual:immersiveengineering:barrel.txt:line:3	sha256:028c335eedf87b96db598c1878afd6573db95184b40038d5217a87c5abad2f5a	ПКМ Молотом по верхней или нижней стороне переключит режимы 'входа', 'выхода' или 'без подключения'.
ie-manual:immersiveengineering:blueprints.txt:line:0	sha256:826b8f0108aec61567a3dbd13b021b29a1794354cc046b2c082c5ad8e431cbdc	Чертежи инженера
ie-manual:immersiveengineering:blueprints.txt:line:1	sha256:ec1309e8b0dc1eede9a3bfa2bbf4132bdd3211ff88d15936a549287d97ac3d8a	Начать всё с начала
ie-manual:immersiveengineering:blueprints.txt:line:2	sha256:01b60a2fb80cd917ebc13d4543b9a2db750a0d3f0543f68a44873418af90f8db	На этой странице показаны все чертежи инженера, которые можно изготовить обычным способом. Остальные придётся купить у жителей или найти в мире. Любой чертёж используется в <link;workbench;верстаке инженера> для создания указанных на нём предметов.
ie-manual:immersiveengineering:bottling_machine.txt:line:0	sha256:a283da28bbf43583866ae4d229f2c0204b75ac9d090fafbf84417541b97ffce0	Разливочная машина
ie-manual:immersiveengineering:bottling_machine.txt:line:1	sha256:ca18b6fa2c4106e08def89fae0899ef9899333cc175624155e36145f4bb6fdc3	Наполняй!
ie-manual:immersiveengineering:bottling_machine.txt:line:2	sha256:d3340d119ea57faf6f52bb146e98affcf7f4c3f2f6a080492b115ba53ca05ddc	<&multiblock>Разливочная машина разливает жидкости в контейнеры.
ie-manual:immersiveengineering:bottling_machine.txt:line:3	sha256:c2a698db9047ad553fd65aa847c2697adc6f51972bcea4a9f34b82d65905bff8	Конструкцию собирают, как показано выше; её можно отразить зеркально. Чтобы сформировать машину, нажмите ПКМ молотом инженера по центральному конвейеру. Направление конвейеров имеет значение.<np>
ie-manual:immersiveengineering:bottling_machine.txt:line:4	sha256:a7f70b3b317c8d5dd6153e4c446dc829ce910ce6d564196b75556198aeaec4b5	Машина может хранить 8 ведер жидкости, которая подается через отверстия на металлическом баке. Энергия подается через соединение в верхней части противоположной стороны.<br>
ie-manual:immersiveengineering:bottling_machine.txt:line:5	sha256:540275d02184c87654a7aaa3013c3be5b64c25b940e718493aca0f5be6d155fc	Разливочная машина обычно наполняет любые ёмкости, для которых существует заполненный вариант, например вёдра и пузырьки. Она также принимает другие предметы с резервуаром, например <link;mining_drill;шахтёрский бур;start> или <link;jerrycan;канистру;start>.
ie-manual:immersiveengineering:bottling_machine.txt:line:6	sha256:3a179be3ec1ed8701ffb79757bc4be9c52878f9e704aa2513539334c66f33ad6	Машина будет удерживать контейнер до тех пор, пока он не будет полностью заполнен или пока в машину не перестанет поступать жидкость. Это позволяет ему заполнять даже более крупные контейнеры при условии постоянного поступления жидкости.
ie-manual:immersiveengineering:bottling_machine.txt:line:7	sha256:0a75252bb37f57984495da0e32dc0e23ec7e8ae859335f4915f97c80329adffa	Это поведение можно отключить, подкравшись и щелкнув правой кнопкой мыши молотком инженера. <np>
ie-manual:immersiveengineering:bottling_machine.txt:line:8	sha256:08fb48a2ebe84137fef55a8f74284878a10f136567c7efb3c01e80ed99ef4a88	<&potions>Машину можно использовать для разлива в бутылки любых зелий, сваренных в <link;mixer;Миксере>.<br>
ie-manual:immersiveengineering:bottling_machine.txt:line:9	sha256:d8c1643cb88bca6c29c1bf60276bcde54477c88740b77a43b8eeb360e674db5c	Кроме того, машина создаёт <link;plastic;изделия из дюропласта;duroplast_sheet> из смолы и <link;redstone_acid;окисляет медные блоки;copper> редстоуновой кислотой.
ie-manual:immersiveengineering:breaker.txt:line:0	sha256:518d109ad772df41f238c0343afceb9bd7a42fd83fea7686bf7fd0152090008f	Выключатель
ie-manual:immersiveengineering:breaker.txt:line:1	sha256:306653f454a7b06bdcceca69ea7c6dd36e7257edf62a9722e3627a398530a48a	Клац включил - Клац отключил
ie-manual:immersiveengineering:breaker.txt:line:2	sha256:6a095d4380fe5981950563a6779e0b378ae8762ebd59be95f78670b84f7bc007	<&manual_breaker>Выключатели - это просто переключатели, которые могут остановить поток энергии через провода. Они могут соединять два провода одного типа и пропускать энергию только при включении. Это может быть использовано для отделения энергозатратных машин от сети или подключения дополнительного набора генераторов, когда это необходимо! Из-за высокого риска эти переключатели не будут принимать высоковольтные провода.
ie-manual:immersiveengineering:breaker.txt:line:3	sha256:bde2336d57892297427332059a3464013bdd06f9ce974a3924f8fa9ca62058d8	Во включённом состоянии выключатели также выдают сигнал редстоуна. Это поведение можно инвертировать отвёрткой инженера.
ie-manual:immersiveengineering:breaker.txt:line:4	sha256:b87bb155696be22b5901fd6c4fb831f33a67bc1880761cef86ff13b3218166df	Кроме того, они являются отличным способом управления вашими <link;lighting;светильниками;electric_lantern>!<np>
ie-manual:immersiveengineering:breaker.txt:line:5	sha256:26c00a0ea361d5a1c6b59413384048e01fa3151b31cdb1b3659331a75df3201f	<&rs_breaker>Редстоуновый выключатель похож на обычный выключатель, но не может управляться вручную. Вместо этого потребуется сигнал редстоуна, чтобы разорвать соединение. В свою очередь, это устройство изолировано достаточно хорошо, чтобы обеспечить подключение высоковольтных проводов!
ie-manual:immersiveengineering:bullets.txt:line:0	sha256:8c796236a713c022e5a5172d9953c835d809f01a8e45969f73978fce9f086767	Патроны для револьвера
ie-manual:immersiveengineering:bullets.txt:line:10	sha256:452deaebc382b2b653ce2f9508cba365f220cfb27f2fe1d3796f62c25a11fdb8	<&potion>§lПатроны §lс зельем§r также создаются по «специализированному» чертежу. Соедините патрон с любым зельем в сетке крафта, чтобы наполнить его. Эффект зелья сработает при попадании: обычному зелью нужно прямое попадание, взрывное действует по площади, а туманное создаёт временное облако.<np>
ie-manual:immersiveengineering:bullets.txt:line:11	sha256:a8ebf60542d9eab8ac73d14c61c3857a02d4a44df85efb704e2802700a8d3430	<&flare>§lСигнальные §lпатроны§r создаются по «специализированному» чертежу. После выстрела сигнальная ракета пролетает некоторое расстояние, взрывается и медленно опускается на землю. Соедините патрон с красителями на верстаке, чтобы изменить его цвет.<np>
ie-manual:immersiveengineering:bullets.txt:line:12	sha256:78c0577a8421046595b29a7bddc9f0f54e3ae6c4177fc43578b3c5f4d2323c95	<&homing>§lСамонаводящиеся §lпатроны§r создаются по чертежу «Специализированные снаряды». Благодаря необычным свойствам ока Края эти снаряды находят и преследуют ближайшую цель.
ie-manual:immersiveengineering:bullets.txt:line:13	sha256:854a939cfad5dc9ae4ba7574c392ed1fdfda9cd8f20bba3a5cca2405fe27cc37	<&wolfpack>§lПатроны §l «Волчья стая»§r создаются по тому же чертежу и содержат несколько самонаводящихся зарядов в одной оболочке. Первый снаряд летит без наведения, но при попадании разделяется на шесть самонаводящихся зарядов, которые поражают окружающих врагов.
ie-manual:immersiveengineering:bullets.txt:line:2	sha256:5f477eda1bdf23ff900befb24fe6c430cd274c453d5e9ad96c62e879426ea5b3	Картриджи создаются в Верстаке инженера с использованием определенных <link;blueprints;чертежей инженера>. Чертежи обычных боеприпасов вы можете создать самостоятельно, но для некоторых более продвинутых типов вам потребуется купить соответствующие чертежи у кого-то другого.<np>
ie-manual:immersiveengineering:bullets.txt:line:3	sha256:46f620c2ea1589673f6eae8e124e88d055b00d6bb4f5158ee276db410a45545a	<&empty>§lПустые §lгильзы§r и §lоболочки§r служат основой для всех снарядов. Пустые гильзы также можно дешевле изготовить в <link;metal_press;металлическом прессе> с помощью пресс-формы для гильз. Пустые оболочки аналогично создаются из <link;plastic;фенольной смолы;empty_shell> в разливочной машине.<np>
ie-manual:immersiveengineering:bullets.txt:line:4	sha256:42c495cfbc769b063acfdb4a58c27c3b01ece7d3bee735f174dec78a13c3fa9d	<&casull>§lПатроны §l«Касулл»§r создаются по чертежу «Обычные снаряды». Это простые свинцовые пули со средним уроном.<np>
ie-manual:immersiveengineering:bullets.txt:line:5	sha256:c9540477d3df20c8fab3a819228208398f93b3c68ed8b50faa6e98ac1f19bbb9	<&ap>§lБронебойные §lпатроны§r создаются по тому же чертежу. Они наносят такой же урон, но пробивают броню за счёт чистой кинетической силы.<np>
ie-manual:immersiveengineering:bullets.txt:line:6	sha256:b18c5365ba9af7f35c084e35e655b5acdef976df2a59785a709fa30a526ecff4	<&buckshot>§lПатроны §lс картечью§r создаются по упомянутому выше чертежу. Они содержат множество мелких снарядов, которые разлетаются конусом. Такие патроны особенно эффективны вблизи.<np>
ie-manual:immersiveengineering:bullets.txt:line:7	sha256:dade4578d83bbb12ae5e73ef66b1aa834f50e046d99f94c4d292b0c647cceb00	<&he>§lОсколочно-фугасные §lПатроны§r создаются по чертежу «Обычные снаряды». Они выпускают снаряд, который взрывается при ударе, нанося урон живым существам и местности.<np>
ie-manual:immersiveengineering:bullets.txt:line:8	sha256:972e50c0a81a8a80646f2f27a01ff74558080b188e247c541948fd11b4008542	<&silver>§lСеребряные §lПатроны§r, также созданные по чертежу «Общие снаряды», состоят из свинцового сердечника, обернутого серебром, что делает их очень эффективными против нежити.<np>
ie-manual:immersiveengineering:bullets.txt:line:9	sha256:28ca8e31fadd7f15e9e4deba22df405ed88a2a86ae6ceb4e9889ad0281d83c66	<&dragon>§lПатроны §l«Дыхание дракона»§r создаются по чертежу «Специализированные снаряды». Как и картечь, они эффективны вблизи, но вместо мелких металлических дробин содержат горючую металлическую пыль и выпускают поток пламени.<np>
ie-manual:immersiveengineering:buzzsaw.txt:line:0	sha256:d1288f58bedebf842ae138ab07c87f42fe6cc53dd06205fea470e79e2779ad6f	Циркулярная пила
ie-manual:immersiveengineering:buzzsaw.txt:line:1	sha256:40b66675c2e8ea56a90c525b1dafd72d9c22f977e105493432dea5cb53510ee6	Мы не ездим в Рейвенхольм
ie-manual:immersiveengineering:buzzsaw.txt:line:10	sha256:98d0e8f5f8fbf37a6656addb80e90717b2030ae701e4390ca4e20b98f3578e1b	<&lube_recipe>§2Улучшенная система смазки§r подаёт дополнительную смазку на пильное полотно и замедляет потерю его прочности.<np>
ie-manual:immersiveengineering:buzzsaw.txt:line:11	sha256:c069777e7bda8eb2df8f2fab0b87e71c1ccfe01efa5209a1c60e78470f013cdb	<&quiver_recipe>Прикрепив §2колчан для полотен§r к циркулярной пиле, вы сможете носить ещё два пильных полотна. Переключайтесь между ними с помощью <config;b;tools.chemthrower.scroll;sneaking and using the scrollwheel, or through use of;using> клавиши §l<keybind;key.immersiveengineering.chemthrowerSwitch>§r, если она назначена в настройках.
ie-manual:immersiveengineering:buzzsaw.txt:line:2	sha256:26f4a0bd1f557e8410ea1de051d5a4d13cd8c2dec31ba9d3fab155244a6cffda	<&recipes>Эта большая переносная циркулярная пила быстро расправляется с деревьями и другой растительностью, мешающей строительству безупречной фабрики.
ie-manual:immersiveengineering:buzzsaw.txt:line:3	sha256:fca9938ed83ae0ec76a6155b4820a0a2c0374df04cbdd80f5669f1b524a94e49	После использования <link;workbench;Инженерного верстака;start> для размещения в нем пильного полотна и загрузки <link;refinery;Биодизеля;diesel> или другого топлива, его можно использовать для распиливания всего: от маленьких берез до больших деревьев джунглей.
ie-manual:immersiveengineering:buzzsaw.txt:line:5	sha256:b07241da256403fb85ddb62e341210bd95d4ac748de7976218e4328934ae0adb	Как и некоторые другие инструменты, циркулярную пилу можно улучшать в <link;workbench;верстаке инженера>. Улучшения влияют на объём внутреннего бака и прочность пильного полотна.
ie-manual:immersiveengineering:buzzsaw.txt:line:7	sha256:4076275f69be6232566b4022edab001bd0644ff2efe2b5f6c56a0af2742902f9	<&rockcutter_recipe>Заменив обычное полотно пилы на §2Лезвие камнереза§r, циркулярную пилу можно использовать для аккуратной резки кубов камня из земли, во многом аналогично зачарованию §2Шелковое прикосновение§r. Однако лезвие с алмазным наконечником больше не годится для резьбы по дереву или валки деревьев.<np>
ie-manual:immersiveengineering:buzzsaw.txt:line:8	sha256:34a6d6afa9addec000b381cde3db80006a9828dee0f7029c07395d54010a4564	<&grinding_recipe>§2Шлифовальный диск§r изготовлен из мелкой алюминиевой крошки, взвешенной в <link;plastic;фенольной смоле>. Хотя эти диски не такие прочные, они отлично подходят для быстрой резки металлических блоков, но легко ломаются о другие материалы. Кроме того, их можно использовать для очистки от окисления, удаления воска с медных блоков или снятия коры с бревен, подобно §2топору§r.<np>
ie-manual:immersiveengineering:buzzsaw.txt:line:9	sha256:2dc80d2824d2f09d6c1b2c6a47072669e12fde79ee7e2a8ebf0d404435849d7a	<&tank_recipe>§2Большой бак§r увеличивает вместимость циркулярной пилы на 2000 мБ.<np>
ie-manual:immersiveengineering:charging_station.txt:line:0	sha256:fb4d5fb7a1fad227604b8a88add66c58487f5a005c1783e5b973395fc6c87f0a	Зарядная станция
ie-manual:immersiveengineering:charging_station.txt:line:1	sha256:af11ff6a4f4c31dff95af1dc9575146ff500e2d62ac2b2b991829f96eebe5bc7	Наполните ваши бокалы!
ie-manual:immersiveengineering:charging_station.txt:line:2	sha256:ca99053c57258cc9a9de01b23f8022ce200e092ddb55f45a41fc2db75bcd9a02	<&recipe>Зарядная станция - это устройство, которое позволяет заряжать инструменты и другие предметы.
ie-manual:immersiveengineering:charging_station.txt:line:3	sha256:901f04cea1e6c718392ca06d29a9b92b29e54b426546b67f99b38007db7e975a	Энергия подаётся через нижнюю или заднюю часть, а предметы могут быть помещены вручную или подаваться автоматически.<np>
ie-manual:immersiveengineering:charging_station.txt:line:4	sha256:306b193b28294cdaf4ed21d0513bf1edf2543be1f6086814bd97ab662c8043c6	Электронные лампы спереди показывают текущий заряд предмета. Для той же цели блок выдаёт сигнал компаратора.
ie-manual:immersiveengineering:chemicals.txt:line:0	sha256:58768b0424cfb8668ea584c92f35975d5b22dcf100fdcf8c0e9d37779b4cd54f	Сера и нитрат
ie-manual:immersiveengineering:chemicals.txt:line:1	sha256:416c394039500bd2c5f7b8fbb952849d72073111d92bf536bc6aad1a70c4b0cc	Взрывы и рост
ie-manual:immersiveengineering:chemicals.txt:line:10	sha256:e6b1dbf254362d52351beea0de8d385c0617700b8dfeb8ec2fa4706e3ba8950b	Смешав нитрат, серу и древесный уголь, можно получить порох. Это гораздо более промышленный и надёжный способ, чем добывать его с монстров.
ie-manual:immersiveengineering:chemicals.txt:line:12	sha256:8c70c23e25abb646a8236122343684ab41f7795fa23e2508336dbb93c45a420b	Из пороха также можно сделать пороховые бочки, более стабильную альтернативу тротилу.
ie-manual:immersiveengineering:chemicals.txt:line:2	sha256:ea772f66f9ae308a6bca0c38709d7f90ceeb0df19740c261701d7d1a41f37e17	§lСерная пыль§r встречается в некоторых рудах и особенно часто в <link;minerals;минеральных жилах>. Иногда она получается при <link;crusher;дроблении> §2лазурита§r или §2угольной руды§r, а чаще всего — из §2кварцевой руды Незера§r. Её также можно извлечь из §2огненных стержней§r.
ie-manual:immersiveengineering:chemicals.txt:line:4	sha256:ee54e5571aa498d99e626adb2925b55cb86a4adc609a1819c85b30118ebbb3ff	§lНитратная пыль§r (также известная как селитра) представляет собой смесь солей щелочных металлов, получаемых при переработке §2Песчаника§r в <link;crusher;Дробилке>.
ie-manual:immersiveengineering:chemicals.txt:line:6	sha256:8c2c843f0bb0c306188f3d5a78a26df02952ae6c11cb5c48e724eedd5ade770e	Сера, шлак и нитрат немного ускоряют рост культур в <link;garden_cloche;садовом клоше>, но применять их непосредственно на грядках нельзя.
ie-manual:immersiveengineering:chemicals.txt:line:8	sha256:5eb46007e96edd37cb3f4b16bbe870f145ab43103a8b29466a5ef24028e48867	§2Промышленное удобрение§r значительно ускоряет рост растений в клоше. Его делают из трёх перечисленных выше питательных веществ и воды.
ie-manual:immersiveengineering:chemthrower.txt:line:0	sha256:8f216687d8e84cf0481911cfcdad5f98600101d8d91c378b601a8d7426a731d2	Химический метатель
ie-manual:immersiveengineering:chemthrower.txt:line:1	sha256:22fcebc728a873d84caab4ad002e5c534f9d6d64701bdc6afd9d2430011283fb	СЖИГИТЕ ВСЕ ВЕЩИ!
ie-manual:immersiveengineering:chemthrower.txt:line:2	sha256:5f08be31c22dea29660a3e109e0e4efda5e051ed7b38a3790867d2edee1a6a58	Химический метатель выбрасывает содержимое внутреннего бака. В него можно залить любое текучее вещество — жидкость или газ — и распылить его нажатием ПКМ.
ie-manual:immersiveengineering:chemthrower.txt:line:3	sha256:7d4d5d60200f4c5b0c62c3be4dd0cf716dfcb71f5d11ad3a382a287ece36cb24	Он также умеет поджигать горючую жидкость. Чтобы включить или выключить запальник, нажмите ПКМ, удерживая Shift.
ie-manual:immersiveengineering:chemthrower.txt:line:4	sha256:30feaa208a2b0f7df56171781c5a7da617c663e20275ca98189ce0ad3595994f	Как и некоторые другие инструменты, химический метатель можно улучшать в <link;workbench;верстаке инженера>. Улучшения влияют на объём бака, дальность и разброс; они описаны на следующих страницах.<np>
ie-manual:immersiveengineering:chemthrower.txt:line:5	sha256:2a955c308c0f87747fa3c97cbb8eaf4f7117d5b00a048050edbf7b7e444d58e6	<&large>§2Большой резервуар§r увеличивает емкость жидкости Химического метателя на 2000 мБ.
ie-manual:immersiveengineering:chemthrower.txt:line:6	sha256:67cb48793d0ac349dc6733781d17e0329762cd7f9566f45c67ef2319b85a9a8a	<&focus>§2Фокусированное сопло§r уменьшает разброс распыляемой жидкости, а также немного увеличивает дальность ее действия, позволяя поражать дальнейшие цели с большей точностью.
ie-manual:immersiveengineering:chemthrower.txt:line:7	sha256:d0135c86b87cfcf316a7e829ae9a749c35cf0cbb4c43d1d978f2e1b069cc26da	<&multi>§2Мультибак§r позволяет химическому метателю хранить до трёх разных жидкостей. Выберите активный бак с помощью <config;b;tools.chemthrower.scroll;sneaking and using the scrollwheel, or through use of;using> клавиши §l<keybind;key.immersiveengineering.chemthrowerSwitch>§r, если она назначена в настройках.
ie-manual:immersiveengineering:chemthrower.txt:line:8	sha256:1be7466afcda00959f8a4fc08933e023aaf95e12bf6d41320b5c74f88a910cd5	Это улучшение несовместимо с §2большим баком§r.
ie-manual:immersiveengineering:clinker_brick.txt:line:0	sha256:ec364e6576baf7c6c8b4c8069be243a5f27149f75c92a2c5cadcb0f578a60703	Клинкерные кирпичи
ie-manual:immersiveengineering:clinker_brick.txt:line:1	sha256:11f0828157652597b38f2183ab2090fd0dc5f898b5607f3a95a74f467fa00bf7	Стеклянные дома и камни
ie-manual:immersiveengineering:clinker_brick.txt:line:11	sha256:ad5b29fc0a088072d9ed1f84f5a12c3622db6f7a54785256af566da4c02cf7fa	Верхний ряд §2стен из клинкерного кирпича§r украшен небольшим выступом из обожжённого кирпича.
ie-manual:immersiveengineering:clinker_brick.txt:line:3	sha256:94e755a47af40c5236b1e21bf5dc2c8f59658f2ec30d77988ac72cfb8a832f6c	Искусство обжига кирпича продвинулось настолько, что части партии больше не пропадают, превращаясь в клинкер из-за близости к огню.
ie-manual:immersiveengineering:clinker_brick.txt:line:5	sha256:1bc405a37d9d21b4126b1c5cd19bb91f74e09b226600a71c84994376f800e5bc	Тем не менее, те, кто хочет воссоздать культовый вид фасадов из клинкерного кирпича, могут нагреть кирпичи в §2коптильне§r, чтобы остекловать и обуглить внешние кирпичи, превратив их в §2Клинкерные кирпичи§r.
ie-manual:immersiveengineering:clinker_brick.txt:line:7	sha256:4f5020a635d7f7d49b1867b67463ee8814ad87ab1c0bf776a785378068a76347	Чтобы дополнить фасады из клинкерного кирпича, его можно соединить с терракотой и получить декоративные §2угловые блоки§r и §2подоконники§r.
ie-manual:immersiveengineering:clinker_brick.txt:line:9	sha256:87278212500595aa8088762d813b1b4a516f4a857299daa8adf47ca00f697501	Из клинкерного кирпича также можно делать лестницы, плиты и стены.
ie-manual:immersiveengineering:cokeoven.txt:line:0	sha256:f858f4590eb87c97ba0174e7ac73354ef762e90c295b81126708c36c8759c164	Коксовая печь
ie-manual:immersiveengineering:cokeoven.txt:line:1	sha256:adc30b0e62e6c070356a7e93e0b8bd26a03bbeb23efced141841aad759978c30	Горячая тема!
ie-manual:immersiveengineering:cokeoven.txt:line:2	sha256:c9688e3aa3aac0dfa785170cabb3ef07a6b885db80715cea5998ac53f5d986eb	<&recipe>Коксовая печь — первая важная машина, необходимая для развития в Immersive Engineering. Она работает просто: нагревает уголь или угольные блоки без доступа кислорода и создаёт §2коксовый уголь§r — богатое углеродом топливо.
ie-manual:immersiveengineering:cokeoven.txt:line:3	sha256:63813fda0c42b40d1a8de7f355c1fd7a5f73863a52ef26226542ed053368806a	<&outputs>Что ещё важнее, в процессе образуется §2креозотовое масло§r — <link;treated_wood;пропитка для древесины>. В этой же печи можно превращать брёвна в §2древесный уголь§r, хотя креозота получится меньше.<np>
ie-manual:immersiveengineering:cokeoven.txt:line:4	sha256:3c54ead8714b3b902bb3537ce6cb69849fe54421e74078d2c71be5578ac401d6	<&multiblock>Чтобы сформировать коксовую печь, расположите 27 таких блоков в кубе 3x3x3 и щелкните правой кнопкой мыши один из центральных блоков сторон с помощью молотка инженера.
ie-manual:immersiveengineering:components.txt:line:0	sha256:c5bfc681bc0cbda8f9cdc1ff468a39b1cf5cbcb09e9cb3a02987e11bea6a2f48	Компоненты для крафта
ie-manual:immersiveengineering:components.txt:line:1	sha256:5908e2969285b47232dd4826f4e840a83008f1932cd2f1af4c13a0b646248249	Неотъемлемые детали
ie-manual:immersiveengineering:components.txt:line:2	sha256:05339d213f48c93d36668eea1c2e43e5d3dd0a9509c314f6f025a9a44ed10c07	Многие машины и инструменты состоят из различных подкомпонентов. Некоторые из них вам придется использовать регулярно, поэтому в этом руководстве им посвящена отдельная запись. §2Железные§r и §2Стальные механические компоненты§r являются неотъемлемой частью большинства мультиблоков и машин.<np>
ie-manual:immersiveengineering:components.txt:line:3	sha256:16db2fe6af5d6762d9a52033eb61e7d46cc56914f39c899963aab15a4c723aa8	<&create_bp>Поскольку эти компоненты приходится создавать часто, стоит подготовить для них <link;blueprints;чертёж>.
ie-manual:immersiveengineering:components.txt:line:4	sha256:936c3427ffa35da42ec097571243d8005967aa630ee40dc9f44bde5a43a8fa33	<&mech_components>Использование этого чертежа в <link;workbench;инженерном верстаке> позволит вам создавать компоненты с меньшими затратами.<np>
ie-manual:immersiveengineering:components.txt:line:5	sha256:8bb305d28ad4acbdcb5fbaae87aa2b2deafcf36b4eff233f3244f8b50d155fda	<&elec_components>§2Электронные компоненты§r сложнее механических и используются реже. Однако без них не обойтись в устройствах с расширенным управлением, например в <link;item_batcher;дозаторе предметов> или <link;turrets;турелях>.<np>
ie-manual:immersiveengineering:components.txt:line:6	sha256:b67eefdebe51bbcc7e0d25f131e7340b7e0bb4083cf9375557aa5a54cecc323e	<&light_bulbs>§2Лампы накаливания§r изготовлены из карбонизированной бамбуковой или бумажной нити накаливания, которая при включении излучает свет и тепло. В основном они используются для изготовления <link;lighting;фонарей;electric_lantern>.<np>
ie-manual:immersiveengineering:components.txt:line:7	sha256:6cfe017d3c84623ed01d407b39eef21ddcf990841c47660dab82e3c48c8a6878	<&tubes>Другим, хотя и менее часто используемым компонентом, являются §2Вакуумные лампы§r. Эти дорогие компоненты используются в <link;logic_circuits;логических схемах> и более сложных электронных устройствах.<np>
ie-manual:immersiveengineering:components.txt:line:8	sha256:bbbd5c6a7c7eedfb81062e561c616728935b74d9c7d0176277ab30ff521455b5	<&pcb>§2Объединительная плата§r представляет собой изолированную медную плату, к которой можно припаивать различные компоненты для создания <link;logic_circuits;логических цепей>.
ie-manual:immersiveengineering:concrete.txt:line:0	sha256:fbb34a2104d88e1044b071c9670437ee4cc6abd2014a8fcc29f2ba243f33617a	Бетон
ie-manual:immersiveengineering:concrete.txt:line:1	sha256:49029531fc915fdb157a1dbe22ee5d7da96783245837421b3b65d17ea6f99c41	Крепостной материал
ie-manual:immersiveengineering:concrete.txt:line:10	sha256:8f589f97a404c3f68d6e96c57c0110e573da9b76a03badb6f9636c79d6eadb07	<&liquid>Жидкий бетон получают в <link;mixer;смесителе>, соединяя полведра воды с §2гравием§r, §2глиной§r и §2двумя порциями песка§r. Вылитый на землю бетон растекается, как вода, а через некоторое время затвердевает.
ie-manual:immersiveengineering:concrete.txt:line:11	sha256:2b94f576c241fde04484240074da362bbd1030fb5c7d622df0473e75700c4644	<br>Можно использовать несколько ведер для заполнения большей площади, разместив их в ключевых местах. Обратите внимание: если жидкость растечется слишком тонко, она высохнет в виде плит, а не целых блоков.
ie-manual:immersiveengineering:concrete.txt:line:12	sha256:b32ce899fda1304baad2a5eb43dc83e3d810b5afbfbeb677cac72ce97c6f6661	Если бетон высохнет, пока в нем стоит существо, оно окажется в ловушке и не сможет двигаться. Вы также можете заполнить <link;chemthrower;Химический метатель> жидким бетоном, чтобы создавать импровизированные платформы или обездвиживать врагов.
ie-manual:immersiveengineering:concrete.txt:line:2	sha256:87ff4054a064928987cebb814cdf4555e02a42e7c2d10b80abe45bc6dc2ff515	<&recipe>Бетон — очень твёрдый и прочный композитный материал. Его дёшево изготавливать, и он позволяет с пользой применить излишки <link;slag;шлака> от производства стали.
ie-manual:immersiveengineering:concrete.txt:line:3	sha256:17b09a65bda23befbff0f633fdb5281bb736be68f8b613ee47ef30cb46223f9e	<&brick>Бетон можно разрезать и собирать в различные кирпичи и столбы с помощью §2Камнереза§r.
ie-manual:immersiveengineering:concrete.txt:line:5	sha256:f020cd07219eed7bed91049c5fba18bedfc8a7e5b893b30f5457521d8d77e0ec	Бетонные кирпичи обладают такой же взрывостойкостью, как и бетон, но их можно разбирать быстрее, чем их твердые аналоги, что делает их хорошим конструкционным материалом.
ie-manual:immersiveengineering:concrete.txt:line:6	sha256:3afd6eb997df5ec9aa7bfd3cade6834d03afe79e307f052caeee84c5a7787bbd	<&partial>Бетон можно разрезать на плиты различной толщины с помощью §2камнереза§r.
ie-manual:immersiveengineering:concrete.txt:line:8	sha256:3431d91f71f75c12538608b08ebbca9de6fa89da24bc3b1d1db1b94b2681ddb4	Вы также можете использовать эту машину для изготовления бетонных плит и лестниц, а также бетонных плиток, которые будут более гладкими и полированными.
ie-manual:immersiveengineering:concrete.txt:line:9	sha256:4e327f4fe6346b3cc8dbcd5bea25fa85fcd62709baf8d3915e96885bb4aff347	<&leaded>Свинцовый бетон — армированный материал с высокой взрывостойкостью. Он также может защищать от радиации, если вас это беспокоит.
ie-manual:immersiveengineering:conveyors.txt:line:0	sha256:54602bd1fbee6cf7be6f3b1bba06ce0cd9f67ae49754a622b6704251016791eb	Конвейерные ленты
ie-manual:immersiveengineering:conveyors.txt:line:1	sha256:cd563894ad76e926d8862e113e2ee2b601c7e568eacfaac1e6926660ea56c2fd	Кому нужны рельсы?
ie-manual:immersiveengineering:conveyors.txt:line:10	sha256:9fc91f67f6b60b3a57271e596580928d4f34317919004942480e049d14e7291e	При желании люк можно закрыть сигналом редстоуна. <np>
ie-manual:immersiveengineering:conveyors.txt:line:11	sha256:57edcc5b2a773dc726cd9f284ff462fc0f5fbe17ab189cd794f49bfa486f1959	<&conveyor_extract_recipe>Извлекающая конвейерная лента забирает предметы из хранилища подобно воронке. Однако у неё нет собственного инвентаря: извлечённые предметы сразу попадают на ленту.
ie-manual:immersiveengineering:conveyors.txt:line:12	sha256:a3f276f45e908be1a6873e4fb54cca14c8b9ed65036ccefff2925d0208dec947	Нажмите SHIFT+ПКМ Молотом инженера, чтобы изменить сторону ввода. Используйте Отвёртку инженера, чтобы отрегулировать скорость извлечения.<np>
ie-manual:immersiveengineering:conveyors.txt:line:13	sha256:423d83be2553aa53fbf2e2e0ff43f81ce82db9f7ce5f742d480290ac7226ca73	"<&conveyor_vertical_recipe>Вертикальная конвейерная лента - это лента, предназначенная для установки на стенах. С помощью прикрепленных к ней ковшей она будет поднимать предметы прямо вверх. Несмотря на использование термина ""ковш"", она не будет поднимать жидкости."
ie-manual:immersiveengineering:conveyors.txt:line:14	sha256:e608d4703a354c737777d7c112e4f67579bc02f01bb9d843e7594bf169e00e51	Эта лента может помещать предметы в инвентари хранилищ, расположенные над ней, или просто выбрасывать их через край в верхней части на другие конвейеры. <np>
ie-manual:immersiveengineering:conveyors.txt:line:15	sha256:3fb737298310fd8d0a663cc9aa404be7f93e9d13aa9256ef9fae58c6af6362c3	<&conveyor_splitter_recipe>Разделяющая конвейерная лента поочерёдно направляет предметы и существ то влево, то вправо. Так можно равномернее распределять потоки на фабрике.<np>
ie-manual:immersiveengineering:conveyors.txt:line:16	sha256:b832a772e77b5dc3d7d2d75d88f07fe68be6ddd6aaf0232ee85a3fa69c969aef	<&conveyor_covered_recipe>Закрытая конвейерная лента работает как обычная, но строительные леса сверху не позволяют игрокам подбирать предметы с ленты.
ie-manual:immersiveengineering:conveyors.txt:line:17	sha256:b68725aa17fcae848d7bdaccfccfffda4efbad14d97c984ed7a5fb45de0f77be	Вы можете нажать ПКМ по ней другими типами лесов или стекла, чтобы изменить внешний вид покрытия. <np>
ie-manual:immersiveengineering:conveyors.txt:line:18	sha256:32fe1f680e8a2c4c57cbf8ba745ce4b08758c2017835a729c6b5d33a3929cd61	<&conveyor_other_covered_recipes>Сбрасывающие, извлекающие, разделяющие и вертикальные конвейеры тоже можно закрыть строительными лесами. Они продолжат работать как обычно, но игроки не смогут подбирать с них предметы.
ie-manual:immersiveengineering:conveyors.txt:line:19	sha256:1f2311671bb8318d5b793ae201b0088ed0880295bc2796adba615c2cc87841d5	<&chute_recipes>Желоба - это простые конструкции из листового металла, которые позволяют существам падать прямо вниз.
ie-manual:immersiveengineering:conveyors.txt:line:2	sha256:6431973b6b865e2b02aac1c85fe4c3beb33624113553c28f020fd80a6e66d9cc	<&conveyor_recipes>Конвейерные ленты - это простой способ транспортировки всевозможных предметов по вашей базе. Хотя они достаточно прочны для перемещения живых существ, таких как коровы или овцы, их истинная сила заключается в транспортировке предметов
ie-manual:immersiveengineering:conveyors.txt:line:20	sha256:ca7f0db53f3c5b55a2943c1bb28ea5b92e08e10f73e8890323ea45e1516cdd7c	В желоба можно загружать предметы конвейерами и похожими устройствами, а сами желоба могут помещать предметы в хранилища под ними. Игроки не подбирают предметы внутри желобов, и на них почти не действует магнитное или магическое притяжение.
ie-manual:immersiveengineering:conveyors.txt:line:21	sha256:5f3ed186369349586efea1ef6957d6ed5361c7f98c5bc9ee324abe3adb8b061e	Нажмите SHIFT+ПКМ Молотом инженера, чтобы придать желобу угловую форму, изменив сторону для перемещения предметов.
ie-manual:immersiveengineering:conveyors.txt:line:3	sha256:c1bfea950504d7dee4436303526e7ef292db3e74cf5781b4c4d16d77791b75db	Брошенные на конвейер предметы движутся по ленте. Если она ведёт в хранилище, предмет попадёт внутрь. Воронки и похожие блоки могут сбрасывать предметы на ленту.
ie-manual:immersiveengineering:conveyors.txt:line:4	sha256:cc52150c659934040418e1eb892a8b7d333f6b8a74141925c18974c9b9579f99	Молот инженера поворачивает ленты по ПКМ. Чтобы переключить движение вверх или вниз, нажмите ПКМ, удерживая Shift.
ie-manual:immersiveengineering:conveyors.txt:line:5	sha256:30d5c61869e5032eee811703173f474c1c517161d6a451382709ea296f366644	Если нажать ПКМ по конвейерной ленте любым красителем, боковые стенки окрасятся, и будет легче определить, куда она движется. <np>
ie-manual:immersiveengineering:conveyors.txt:line:6	sha256:6326858eac80469dc35d27385c682578417a9bbd3eb3698c52fa1b0e6b955902	<&conveyor_redstone_recipe>Управляемую редстоуном конвейерную ленту можно отключить сигналом редстоуна.
ie-manual:immersiveengineering:conveyors.txt:line:7	sha256:e680be43af623e5941fc639c68ce86800f2c62c716e269c6c16a2072fd7c9927	Панель сбоку позволяет прикрепить рычаг, но сигнал редстоуна может подаваться с любого направления. Нажмите Shift+ПКМ Молотом инженера, чтобы переместить панель на другую сторону. <np>
ie-manual:immersiveengineering:conveyors.txt:line:8	sha256:1203f3157e8746eb3415ddba4a40dc2d2c984f30e7b728051c86352e72638f86	<&conveyor_dropper_recipe>Сбрасывающая конвейерная лента - это простой конвейер с люком посередине, позволяющий сбрасывать предметы, проходящие по нему вниз.
ie-manual:immersiveengineering:conveyors.txt:line:9	sha256:73263be72586f7814f98e26c288412e1c2283f15788d17347e20931bc9a6500a	Предметы будут помещаться в хранилища ниже или просто выбрасываться, если под конвейером есть свободное место.
ie-manual:immersiveengineering:craftingtable.txt:line:0	sha256:3a3c74f9f00f326a05a90c832f70e9d62fbfa9fb216dfd71eed8329cdc7b4f68	Рабочий стол инженера
ie-manual:immersiveengineering:craftingtable.txt:line:1	sha256:163f51949fc65f4a5a8b746d4d1880e2ab14bc52b3fe4d4eb530423375e1cfde	Для различных проектов
ie-manual:immersiveengineering:craftingtable.txt:line:2	sha256:0328f27dfa2f1815c3b1d51024a8c2358023541b3cd48655fcee0f468ac85f66	Рабочий стол инженера - это простое улучшение обычного верстака. Помимо полированной, обработанной деревянной поверхности, он удерживает ингредиенты внутри поля для крафта, когда интерфейс закрыт.
ie-manual:immersiveengineering:craftingtable.txt:line:3	sha256:83a68f1c0814a96f17c513f95a54b3598127f80e99ce5393e266e183fa505cb1	Он также оснащен небольшим ящиком для хранения некоторых компонентов для крафта.
ie-manual:immersiveengineering:crate.txt:line:0	sha256:1e1172778141e1928c10764eecaf9fc8588b2ba7da7e86a3062e276134dbe7ca	Деревянный ящик
ie-manual:immersiveengineering:crate.txt:line:1	sha256:cdd40a926203fd05670195e0d0fd45cb4e86f6fcb5e2a0c654a7338923aafffa	Двигай эту штуку вперёд!
ie-manual:immersiveengineering:crate.txt:line:2	sha256:3ee9df063581ec436dfb705a27991ff137c26cdc6499457cfb6179d977709ae0	<&normal>Деревянные ящики - блоки, очень похожие на сундук. Создаваемые из обработанной древесины, они предлагают 27 слотов для хранения, однако, если их сломать, они сохранят своё хранилище, что позволит вам перемещать их вместе с их содержимым.
ie-manual:immersiveengineering:crate.txt:line:3	sha256:7fdd3d64e64ed2a25847fafb684d989816f1e5d18d33ba4fbaeeb0a3a8099544	Как и сундуки, они выдают сигнал компаратора в зависимости от количества хранящихся предметов.
ie-manual:immersiveengineering:crate.txt:line:5	sha256:eab0be4cd7e482fbe30cee18d845e0f755270f651f354cf43af1601d8d1694e6	<&reinforced>Укреплённый ящик имеет такую же вместимость, что и обычный ящик, но в отличие от него, он взрывостойкий. Теперь ни надоедливые криперы, ни неудачно расположенная шахтёрская взрывчатка не уничтожат ваши ценности!
ie-manual:immersiveengineering:crate.txt:line:6	sha256:294bc228558c3a9dcc823f86dccacb5401aaf24662b952334347318f1819dcbd	При улучшении содержимое ящика сохранится.
ie-manual:immersiveengineering:crude_blast_furnace.txt:line:0	sha256:b9dfd9055e076d6ee1469739d043cf697c05f00b90fc4bc8ca8a50f2538f2b53	Примитивная доменная печь
ie-manual:immersiveengineering:crude_blast_furnace.txt:line:1	sha256:309ac2a2f281ce8464eada25f0b88a262106fec5a563a635cd054f30467dc00f	Простая сталь
ie-manual:immersiveengineering:crude_blast_furnace.txt:line:2	sha256:e4249a819a45680265b3292f7ee8b7f506c1df0cde5bff938253aeb238727853	<&block>Доменная печь используется для увеличения содержания углерода в железе, превращая его в §2сталь§r. Для достижения этого в печи можно использовать только чистое топливо с высоким содержанием углерода, в частности <link;cokeoven;угольный кокс и древесный уголь>.
ie-manual:immersiveengineering:crude_blast_furnace.txt:line:3	sha256:c6c226f3dbf7ddd9ac576864d86d871ad4b17c2891e13c09e9b17b88a8976ef9	<&outputs>Вместе со сталью печь производит §2шлак§r. Его нужно удалять, иначе печь перестанет работать. Формально это отход, но существует несколько способов <link;slag;переработать> его.<np>
ie-manual:immersiveengineering:crude_blast_furnace.txt:line:4	sha256:0764c1ee7fdb55d32a59f6292925572fb298635c5d0fd71fb41fbb850fa40600	<&multiblock>Чтобы сформировать доменную печь, расположите 27 таких блоков в кубе 3x3x3 и щелкните правой кнопкой мыши один из центральных блоков сторон с помощью молотка инженера.
ie-manual:immersiveengineering:crude_blast_furnace.txt:line:5	sha256:28db0710351e45d0d7352ad56e0e34c9fce5ac8d50f5b6d9f633e8b82d1fdb81	Примитивная доменная печь §lне§r поддаётся автоматизации. Все исходные материалы и продукты нужно перемещать вручную через интерфейс. Для автоматического производства стали постройте <link;improved_blast_furnace;продвинутую доменную печь;>.
ie-manual:immersiveengineering:crusher.txt:line:0	sha256:3ae914d990c70171b46a3d1ad70755d54344b2ddfc9c04cca14bb26f708f76fc	Дробилка
ie-manual:immersiveengineering:crusher.txt:line:1	sha256:7d44ec9985a394c20e7edf0d2b4224f28914128e1997ffef3ba9d2ff8e1322e5	Держите руки подальше!
ie-manual:immersiveengineering:crusher.txt:line:2	sha256:5cda93ef0d24847c6171d3a2fb04b63cc9500a5642c5de3e4e5b6d2165df8ca8	Дробление руды эффективно повышает выход: из каждой единицы руды получается две порции пыли для последующей плавки. Эта промышленная дробилка делает всё быстро, а скорость обработки зависит от подаваемой мощности.
ie-manual:immersiveengineering:crusher.txt:line:3	sha256:89cfa987239fe59a1a85b2094de0333288672c9682110dcd64dc47bd40fa36cb	Подача сигнала красного камня на панель управления спереди остановит процесс дробления. Это поведение можно изменить с помощью отвертки инженера.
ie-manual:immersiveengineering:crusher.txt:line:4	sha256:da6287192fa20fa90f1db81802e8a9235edf2c4dde3ca93e402e8ad774707a87	Конструкция формируется ПКМ молотом инженера по центральному блоку спереди. Передняя часть — широкая сторона конструкции с лёгким инженерным блоком внизу.
ie-manual:immersiveengineering:crusher.txt:line:5	sha256:f8b5c753daa141cff5f27e0a9e0e213e19eee5b51460c3938ec9093adee86685	Дробилка подходит не только для руды. Любое упавшее внутрь живое существо получит огромный урон, а машина выдаст соответствующую добычу. Предметы, которые нельзя обработать, будут уничтожены.
ie-manual:immersiveengineering:current_transformer.txt:line:0	sha256:c2ca9467b61d7b20586fd807c854ca9ecdccd41a07243b0125393a36b5efb36f	Трансформатор тока
ie-manual:immersiveengineering:current_transformer.txt:line:1	sha256:907b1d874ffdcc7e0186e9a79f40a60b8451c2ebf7f7912cca7825d8a8cf3d86	88 Flux в час!
ie-manual:immersiveengineering:current_transformer.txt:line:2	sha256:fe40190d356b0167544f434201aa426b5e3d6b77e63a2c9508b610bc31ca894f	Трансформатор тока - это измерительное устройство для электрической энергии. Он может быть подключен к любой линии электропередачи и будет отслеживать энергию, передаваемую через него, возвращая средний Flux/t при щелчке правой кнопкой мыши.
ie-manual:immersiveengineering:diesel_generator.txt:line:0	sha256:b7711223124f0284e9e796b18fbdd7e42abd6f273c001b09853515558ae86e41	Дизельный генератор
ie-manual:immersiveengineering:diesel_generator.txt:line:1	sha256:f3364558ce0fc41a5e1a42e37086d02b218cc916f4f5d79b8a0ec7cd663da232	Лучше, чем громкость: больше громкости.
ie-manual:immersiveengineering:diesel_generator.txt:line:2	sha256:72a2d8f0edca317efadb6a24eb526572aa575b8dedb771d1c3dad410d15e35de	Высоковольтные устройства впечатляют, но бесполезны без генератора, способного обеспечить необходимую мощность.
ie-manual:immersiveengineering:diesel_generator.txt:line:3	sha256:9a88bf3fa7e1cc2f8d6ddf29aabe1558b6e272c57c3a24239cf54663b860df8c	Дизельный генератор — один из немногих способов генерации такого рода энергии. Он создан в виде сложной многоблочной конструкции и будет работать на <link;refinery;биодизеле;diesel> или других видах горючего топлива. Благодаря своей высокой мощности он очень быстро расходует топливо, поэтому убедитесь, что у вас достаточно топлива для его работы.
ie-manual:immersiveengineering:diesel_generator.txt:line:4	sha256:2d06ef7b1b659321066469b8ebe5fa5e81ee193b49612e2daaf5b0b7efc01fe0	<&structure>Конструкция построена из инженерных, генераторных и радиаторных блоков, а также труб для жидкости и строительных лесов. Расположите их в форме, показанной выше, и щелкните правой кнопкой мыши по центральному генератору с помощью молотка инженера.
ie-manual:immersiveengineering:diesel_generator.txt:line:5	sha256:7c5eafe1d9ffdf346bef2feec8941190b3c53927bdfd34b21820887c8dcce1ec	Топливо подаётся в нижние углы генератора, а энергия выводится через три разъёма сверху. Мощность <config;i;machines.dieselGen_output> Flux/t делится между всеми подключёнными точками. Генератор работает, только если хотя бы один выход может принять энергию.
ie-manual:immersiveengineering:diesel_generator.txt:line:6	sha256:f806a40df516606fb26433bc0ac18932a527b1ce282c7236880a87bcc34f0ee9	Небольшой терминал сбоку отключит генератор, если на него подается сигнал красного камня. Это поведение можно изменить с помощью инженерной отвертки. <br>
ie-manual:immersiveengineering:diesel_generator.txt:line:7	sha256:ae166be04ae95e70b784d99bc5b88f942bd849b63990681965bcba175f3dbf53	Ниже перечислено топливо, которое принимает генератор, и время его работы от полного ведра: <&list>
ie-manual:immersiveengineering:dyes.txt:line:0	sha256:2cf104cffa9a1baaccdcc10d6b19cf19c6127a432aab90c0522ea44004705ecc	Промышленные красители
ie-manual:immersiveengineering:dyes.txt:line:1	sha256:3df4c4b9b6d5bb5bdc9bdcbaa57f4e045517588736132c3e0920356c887066cf	Определённо совершенно безвредные
ie-manual:immersiveengineering:dyes.txt:line:10	sha256:34318e4269d1b615176eff188a6c390750b07514ca91f3aebc110942bbb9c76d	<&lead_red> Путем окисления самородков металлического свинца в §2печи§r при высокой температуре металлический свинец можно превратить в §lоксид свинца§r, более известный как красный свинец.
ie-manual:immersiveengineering:dyes.txt:line:12	sha256:b29b933b47945545e89c0d4f1966b8380c2a5fb1b36703148e73bf44b9e14174	Этот краситель можно производить без цветочной фермы или клоша, выращивающего огромное количество красных цветов.
ie-manual:immersiveengineering:dyes.txt:line:2	sha256:fe871d45d8f206a69dcc953d6670800c956cd9badec0eed03e9297ff4c2d059c	Соединения металлов широко используются в промышленных красителях, и наиболее полезным из них является свинец.
ie-manual:immersiveengineering:dyes.txt:line:4	sha256:988e0056cf553b9c72f33de296d9f0d91c1a8aa1d12f690ec82763e6b886a025	Из соединений свинца можно получить большое количество красного и белого красителя.
ie-manual:immersiveengineering:dyes.txt:line:6	sha256:094bb4b76ee7e115ef211927290a820efe8f7e8e9e87cb2f59642ad3261d31fa	Жёлтый краситель из свинца не производят массово: необходимые для хромата свинца ингредиенты трудно получить в достаточном количестве.
ie-manual:immersiveengineering:dyes.txt:line:7	sha256:c38bebde18e6ad0c58d4309dd00ab5332cc03da65354223cd931bf3e37546ca5	<&lead_white>Объединив пары углекислого газа от гниющего материала и уксусную кислоту от испорченного этанола, металлический свинец можно переработать в §lкарбонат свинца§r, широко известный как свинцовые белила.
ie-manual:immersiveengineering:dyes.txt:line:9	sha256:2de6be1ddfb10358cb7a5561c294ccd9701c39d62919cd5231fc3ab289b75321	Краску, полученную таким способом, можно изготовить без необходимости фармить большое количество скелетов для измельчения их костей.
ie-manual:immersiveengineering:ear_defenders.txt:line:0	sha256:480f918034877b3ac8088c923fe04a53d0592ca89f204a2dbe5fb69fe081427d	Защитные наушники
ie-manual:immersiveengineering:ear_defenders.txt:line:1	sha256:79ffcece14e52cc9288c5932666e5508d40329fd1a31a9e6d4d8291892ad1502	ГРОМКИЕ ЗВУКИ!
ie-manual:immersiveengineering:ear_defenders.txt:line:2	sha256:cdb93b7ac58c117558a70c170fcdfcc8a727846f18eabf9935fead9d10281209	<&recipe>Защитные наушники - это устройства для защиты слуха. Они очень важны для инженеров, которые работают в непосредственной близости от <link;diesel_generator;дизельных генераторов;> или других громких машин.
ie-manual:immersiveengineering:ear_defenders.txt:line:3	sha256:0245df9c783890587ffd33d34902e56001cd70a5886d3d5976fe46e92476ea87	Защитные наушники снижают все звуки на 90%, а ещё вашим ушам в них гораздо теплее и уютнее! :D
ie-manual:immersiveengineering:ear_defenders.txt:line:4	sha256:9b5c0f05fd6fc9929cc007533ad89d335196837e16025cb1a7e08f84be3b3bcb	<&color_and_armor>В <link;workbench;верстаке инженера;> можно выбрать, какие звуки должны заглушать наушники и насколько снижать их громкость.
ie-manual:immersiveengineering:ear_defenders.txt:line:5	sha256:16276ab2356cdf83ca6fb57d7b9dbe122df3b487e8b0ad05a0c38541c034655b	Вы можете покрасить их, подобно кожаной броне.
ie-manual:immersiveengineering:ear_defenders.txt:line:6	sha256:e306976cc73983c3e406dc59a34176347ad5741ebdabcbab1c92693ac1dd872e	Соедините наушники с любым шлемом, чтобы прикрепить их. Поместите в сетку крафта только шлем, чтобы снова снять наушники и продолжить настройку.
ie-manual:immersiveengineering:electromagnet.txt:line:0	sha256:499a36dda7de28ea786e2a9df4d630a028fa91722100d4f5a819c893fe39c7b7	Электромагнит
ie-manual:immersiveengineering:electromagnet.txt:line:1	sha256:a9c08217a7e04e48dbbc63e9945447891c13c36fb1db778aefc51820c45c0ebf	Неестественно привлекательный
ie-manual:immersiveengineering:electromagnet.txt:line:2	sha256:3f8946a9eae96d8d7ddd419c11eddcf2c534decb864815c6d7c6c69b825297df	<&recipe>Электромагнит — это большая катушка провода, намотанного на ферромагнитный сердечник. При подаче электрического тока катушка создаёт магнитное поле.
ie-manual:immersiveengineering:electromagnet.txt:line:3	sha256:e5449560b8c410793377d1ed76930116e5f5d60472645e5f711cf9dc66072109	Это поле притягивает к магниту ближайшие предметы, что делает его идеальным для сбора добычи с (моб-)фермы.<br>
ie-manual:immersiveengineering:electromagnet.txt:line:4	sha256:941ae127563f9c14adf88824e799426e76c2f015f84cf26132d4cc84240d982e	Магнит работает постоянно, пока на него подается питание, но его можно отключить с помощью сигнала красного камня. Такое поведение можно изменить, подкравшись и щелкнув правой кнопкой мыши инженерной отверткой.
ie-manual:immersiveengineering:excavator.txt:line:0	sha256:a3f8f3079ec09c5666cab93b0df368be3df31bfdadea36f940e0080e6efb3572	Экскаватор
ie-manual:immersiveengineering:excavator.txt:line:1	sha256:70197f1ea96d62a7b0abb22890f4a803af1dea8574e6a24a25efa3cdc9949f74	Лучше чем гномы
ie-manual:immersiveengineering:excavator.txt:line:2	sha256:f34afa6f1ae6addb8c8f9f3b7376dccc71113506809ec770a1a172094a2726e6	<&excavator>Экскаватор - одна из вершин современного машиностроения. Он способен выкапывать <link;minerals;минералы> из жил, недоступных для обычной добычи. Однако, экскаватор представляет собой сложную структуру, для работы которой требуется <config;i;machines.excavator.consumption> Flux/t.
ie-manual:immersiveengineering:excavator.txt:line:3	sha256:52a23a37598a7a9c948876ceb482d47a1264732a56d8cdeb33671640e3662d50	<&wheel><&full>Конструкция состоит из двух частей: двигателя на первой странице и роторного ковша на второй. Колесо входит в опоры двигателя, как показано на предыдущей странице. Энергия подаётся сбоку двигателя, а сзади находятся панель управления редстоуном и выход предметов.<br>По мере добычи запас руды в жиле уменьшается, но одна минеральная жила может дать до <config;i;machines.excavator.yield> блоков руды.
ie-manual:immersiveengineering:external_heater.txt:line:0	sha256:d1b0c5f565f66e13008c2968731df351ac3fb188e32fe318d7131f0f639d8040	Внешний нагреватель
ie-manual:immersiveengineering:external_heater.txt:line:1	sha256:fdc273a48f4bfe196953a6c7bb84972f4b1e278a139004731fee6a90be591289	Теперь готовим на Flux!
ie-manual:immersiveengineering:external_heater.txt:line:2	sha256:d8272aa9f472bde1a403187b927e6b22450b2e40915d2dfc543b656870d33acc	<&recipe>Внешний нагреватель делает именно то, что подразумевает его название, он вырабатывает тепловую энергию из Flux. При установке рядом с обычной печью, эта тепловая энергия будет питать печь, что позволяет ей плавить без какого-либо топлива внутри неё.<np>
ie-manual:immersiveengineering:external_heater.txt:line:3	sha256:765c597f2393900dad23accb549c3fdd5d21fbadc63cae28ad8084349cc84183	Нажмите Молотом инженера по стороне нагревателя, чтобы она могла принимать энергию. Зажмите SHIFT, чтобы нацелиться на противоположную сторону.
ie-manual:immersiveengineering:external_heater.txt:line:4	sha256:2d8c91e15003249fdcb349b22b3d066059fb6bf028286cc979de90f959ffad92	Нагреватель будет потреблять §o8 Flux/t§r за каждую единицу тепла. Во время начальной фазы нагрева печи, нагреватель будет производить до §o4§r единиц тепла за тик, но как только печь достигает максимальной температуры, то потребуется только §o1§r единица тепла, чтобы поддерживать её температуру.<np>
ie-manual:immersiveengineering:external_heater.txt:line:5	sha256:4f23cdcac7cbb220eaa975ead48995ac7ddbe47e5f16fbe325f956c978e4c4fe	Более того, при максимальной температуре печи нагреватель расходует дополнительные §o24 Flux/t§r и ускоряет обработку. Для экономии энергии он действует только на печь с подходящим исходным материалом и свободным выходным слотом. Сигнал редстоуна отключает эту проверку и заставляет нагреватель постоянно поддерживать максимальную температуру.
ie-manual:immersiveengineering:fermenter.txt:line:0	sha256:a3ff2ed3cbd64ace9b1ce0f41228520f3d4930873b26a80eaa2146ebbdb74740	Бродильный аппарат
ie-manual:immersiveengineering:fermenter.txt:line:1	sha256:37507bfa05c564832622f5342050c01ea492eba83bccf3fffa74c00c68118238	Skál!
ie-manual:immersiveengineering:fermenter.txt:line:2	sha256:3f823e4812678e60553c0e496de55549b180b5571f62c8fbee19ae619500abdd	Бродильный аппарат - многоблочная структура, которая извлекает этанол из определённых фруктов, зёрен и овощей в процессе брожения. Строится, как показано выше, и формируется Молотом инженера по центральному котлу со стороны, где находятся инженерные блоки.
ie-manual:immersiveengineering:fermenter.txt:line:3	sha256:f44ad02cfc6ba82e74df9fc564f6791447d4dd105f95caa6087454b5c0aadd86	Предметы можно подавать через два люка на задней панели, отмеченные синими точками. Люк с оранжевой точкой служит для извлечения предметов, а блок под ним - для извлечения жидкостей.
ie-manual:immersiveengineering:fermenter.txt:line:4	sha256:33aaae57bd8eb58fa71ca89ea9de9959539de02c9fa03dc9b9fb426a934d0566	Подача сигнала редстоуна на переднюю панель - остановит работу машины, это поведение можно изменить с помощью Отвёртки инженера.
ie-manual:immersiveengineering:fermenter.txt:line:5	sha256:4b2dd32dac44776c46d5640a3e981843cd32ed5d68776b62ab362e6d9d24f8f8	<np>В следующем списке показаны различные продукты, которые можно сбраживать в этанол, и его объём.<&list>
ie-manual:immersiveengineering:fluid_router.txt:line:0	sha256:ddc5e6f211add18dd6e0d35fa25f196babf353551df8ac91e2c1d22e3abb7f4c	Сортировщик жидкостей
ie-manual:immersiveengineering:fluid_router.txt:line:1	sha256:b0e87c3447c60c749bf764cb0f5bb1abcedd3ff85e4c778b9d67490b2816bd5d	Молоко идет налево, кислота идет направо
ie-manual:immersiveengineering:fluid_router.txt:line:2	sha256:a5bf403687dfd6984c712e9eaad2bc03dd25b62bd6d32d23c75f1de0a5f097cb	<&recipe>Сортировщик жидкостей работает почти как <link;item_router;сортировщик предметов;start>. Жидкость, поступившая с любой стороны, распределяется согласно шести боковым фильтрам.
ie-manual:immersiveengineering:fluid_router.txt:line:3	sha256:671267ca7db24be5cb7dcfcbd45ad2f4a9a5ddc25efd0054b11498844fbbc8a5	Если щёлкнуть ведром или ёмкостью с жидкостью любого другого типа по слотам графического интерфейса, фильтр будет настроен на эту жидкость.<np>
ie-manual:immersiveengineering:fluid_router.txt:line:4	sha256:a67f0448e98117cb16b8a206b816801ba779b1ea39c59ec5afa8280c0680347c	Поступившая жидкость направляется на выход с подходящим фильтром. Если совпадений нет — на выход без фильтра. Если подходящего доступного маршрута нет, сортировщик не примет жидкость.
ie-manual:immersiveengineering:fluid_router.txt:line:5	sha256:18268e48dfabe0cb3e2962a57c3bd464ab420b6d10f5fd4737b93a8c5b62c7e8	Кнопки над каждым фильтром можно использовать, чтобы маршрутизатор учитывал или игнорировал данные NBT жидкости.
ie-manual:immersiveengineering:fluid_transport.txt:line:0	sha256:2a427ab7bcba19b1e0ceee1076b9bfe432be0183e1a555d63db7543cf9a54258	Транспортировка жидкости
ie-manual:immersiveengineering:fluid_transport.txt:line:1	sha256:a5602c2e069143d18a40ec21139d440881030b6d44cbc32aa7de27c16c4e8a20	Профессиональный сантехник
ie-manual:immersiveengineering:fluid_transport.txt:line:11	sha256:23f72a29b6a8ebd7f913afd65c3403a2363480d9341610adb89c8f28ca8f3ca1	Подобранные блоки жидкости заменяются булыжником, чтобы потоки не вызывали задержек. Это поведение переключается молотом инженера по насосу.<np>
ie-manual:immersiveengineering:fluid_transport.txt:line:12	sha256:d53eb5d0aab311241732928ec0c62b08f757b6a598ec34a08dfde82a0f5e4e53	<&outlet_recipe>Выпуск жидкости служит конечной точкой трубопровода и размещает жидкость в мире. Стороны настраиваются как вход, выход с открытым клапаном или закрытая сторона; сигнал редстоуна отключает выпуск. Жидкость никогда не поднимается выше самого блока.
ie-manual:immersiveengineering:fluid_transport.txt:line:2	sha256:20f3be165f59d5ffb843f709649c860e841c19f56ababedf578b3094373f4ad0	<&pipe_recipe>Транспортировка жидкостей очень важна в инженерном деле. Для неё служат трубы и насосы. Сами трубы переносят жидкость довольно медленно, но насос подаёт её под давлением и значительно ускоряет поток.<np>
ie-manual:immersiveengineering:fluid_transport.txt:line:3	sha256:2c78e6d21608e12da97f1465d1eb824ac1e64c07136b0bd0daa8b2e7b20c7033	Вы можете щелкнуть правой кнопкой мыши по соединительному элементу трубы с помощью молотка инженера, чтобы предотвратить его соединение с этой стороной.
ie-manual:immersiveengineering:fluid_transport.txt:line:4	sha256:b595fe0561a0c364bc56163468b7f1e6a0a1e7a51f1a9fdaf1de789624af33a8	Трубы для жидкости можно накрыть деревянными или стальными строительными лесами. Просто щелкните правой кнопкой мыши по куску строительных лесов на трубе, чтобы закрыть ее. Разбейте трубу, чтобы получить леса.
ie-manual:immersiveengineering:fluid_transport.txt:line:5	sha256:c0c6decb721af53d0b624166ed05265264f0aaad2e8681c5f47a17ac02879229	Кроме того, щелчок правой кнопкой мыши по трубе с любым красителем окрасит ее, чтобы легко определить, куда она идет. Цветные трубы не будут автоматически соединяться с вновь размещенными.<np>
ie-manual:immersiveengineering:fluid_transport.txt:line:6	sha256:11d9bc89850f647132ae2126d7935d991fcd328992c7548f8e89745adc5696a5	<&pump_recipe>Насосы выполняют три основные задачи: подают жидкость в трубы под высоким давлением, значительно ускоряют её перенос и забирают жидкость из мира.
ie-manual:immersiveengineering:fluid_transport.txt:line:7	sha256:2df2751d177245fb062b9444a98fcadac48c79cc38b78fe0be36bd720b0f3ad6	Используя молоток на основании насоса, можно переключать стороны между входом и выходом. <np>
ie-manual:immersiveengineering:fluid_transport.txt:line:8	sha256:3a5b24c972703a95711b17e71503ca202c9db45d52a86981ab4164156951c573	Чтобы насос мог собирать блоки жидкости, ему потребуется вход питания вверху и сигнал красного камня. Насосы также можно использовать для откачивания жидкости из цистерн и других емкостей, не имеющих автоматического выхода. Для этого также потребуется сигнал красного камня, но не будет потребляться энергия.<np>
ie-manual:immersiveengineering:fluid_transport.txt:line:9	sha256:3572caacb5c4024a2d14afd30eb7106dedcbd81ac854475e7e5e809b5f414539	Блоки воды служат насосу бесконечным источником, если соединено больше 3 блоков.
ie-manual:immersiveengineering:garden_cloche.txt:line:0	sha256:e57b4f401d5c4b80d5aed0a0a936bf361fba520005c7e41363e815453326a4ac	Садовый клоше
ie-manual:immersiveengineering:garden_cloche.txt:line:1	sha256:aa2f0da0a464091ebb5def0816b4d0341093ecba2db038d5502430d2888e6aef	Местный тропический лес
ie-manual:immersiveengineering:garden_cloche.txt:line:2	sha256:849059d1964c837870bfbece125736e74e1671c95f758413d7f74412f4f02e01	<&recipe>Садовый клош, или стеклянный колпак, ускоряет рост растений. С ним даже не разбирающийся в земледелии инженер сможет выращивать растения и собирать урожай.<np>
ie-manual:immersiveengineering:garden_cloche.txt:line:3	sha256:24b98b823964b4584af70ca38cc1481533b23a02ebc40a8b3a533a5a60d520d8	Устройство принимает энергию, жидкость и предметы через соответствующие порты.
ie-manual:immersiveengineering:garden_cloche.txt:line:4	sha256:36bbc77685c74a3c49a2b6ffbeaa55431b575258f62af2ec495ab7a9bcfed3e9	Вода и энергия требуются всегда, и вы можете подавать удобрения в слот слева, чтобы увеличить скорость роста.
ie-manual:immersiveengineering:garden_cloche.txt:line:5	sha256:11d9565a63c215d7fc742f8e752a8c7bece8b2a1e69d8a332928ec5b94b1bc6a	Почва и семена помещаются в центр. Для каждого семени нужна подходящая почва, а земля автоматически превращается в пашню.<np>
ie-manual:immersiveengineering:garden_cloche.txt:line:6	sha256:ce1a01ebe5cbf46b3653632286c7046e86d18a7e794a148510d253a3d91654ce	Произведённые предметы хранятся в слотах справа и автоматически извлекаются через люк в передней части стеклянного купола.
ie-manual:immersiveengineering:generator.txt:line:0	sha256:58ceba4958e0415d33879e113fb33b4d50a534a44c90c25948d949aafd269d65	Выработка энергии
ie-manual:immersiveengineering:generator.txt:line:2	sha256:807cd0aa4e3076321f0f3499dfe690536ef0eee1e16e3d76f8986cbb50ab2b6f	<&dynamo_recipe>Передавать энергию полезно, только если она у вас есть. Для выработки Flux используйте движение ветряных мельниц и водяных колёс. Подключённый к ним кинетический генератор вырабатывает тем больше энергии, чем быстрее они вращаются.<np>
ie-manual:immersiveengineering:generator.txt:line:3	sha256:35c07673938f4f699e23fbe4db9f05da9abc4a43d135b32c65338e80e24baccf	<&waterwheel_recipes>Водяное колесо - довольно простой способ привести в действие Кинетический генератор. Скорость его вращения зависит от воды, обтекающей его, поэтому для получения оптимальных результатов вам нужно направить воду полукругом сверху вниз вдоль одной стороны и снизу. Можно поставить друг с другом до 3 водяных колес.<np>
ie-manual:immersiveengineering:generator.txt:line:4	sha256:8eea3994b295c579fc7c85c912798c7c064915230edf104fadceaffc2a16b75a	<&windmill_recipes>Ветряная мельница - это бесплатный и простой способ получения энергии, хотя и не очень эффективный. Её скорость зависит от пространства перед собой, а её кинетическая мощность значительно снижается, если поток воздуха перекрыт. Кроме того, погодные условия, такие как дождь или гроза, приводят к усилению ветра, а значит и увеличению скорости вращения.<np>
ie-manual:immersiveengineering:generator.txt:line:5	sha256:2e92af4a4788696cb3c07a69739e254f09d8374a5f6fad11fe57c19cd85393df	<&sail_recipe>Выработку ветровой энергии можно улучшить, покрыв лопасти ветряной мельницы тканью. Это увеличивает захватываемую область, а вместе с ней и скорость вращения и соответственно выработку энергии.
ie-manual:immersiveengineering:generator.txt:line:6	sha256:f5325225bcc16b4eed9201163939f4031ff82f7d933f588d86955e41252195ce	Необходимые паруса создаются из <link;hemp;прочной конопляной ткани;start> и накладываются на ветряную мельницу в мире нажатием ПКМ.
ie-manual:immersiveengineering:glider.txt:line:0	sha256:53e5047132b2a071857956ea5f2b064d87e4e87e2486cff21d1b3fe6adae3541	Складной планер
ie-manual:immersiveengineering:glider.txt:line:1	sha256:6a4257cce87cfc4728813eb92b3dded29da92432cd32cf6a9f538df2e318702e	Полёт под парусом
ie-manual:immersiveengineering:glider.txt:line:2	sha256:8d580fb4e1b35da7ca444092b3895aac1578ffcb048bf0b5190707bad6ff06c3	<&recipe>§oЖители деревни рассказывают истории о небесных городах, охраняемых драконами, где отважные искатели приключений могут приобрести волшебные крылья, позволяющие им парить в воздухе.§r
ie-manual:immersiveengineering:glider.txt:line:3	sha256:6784253babfbcfa6041ff43bfd443d68344c49d7a6aa2bb405fbf5bf66c63725	<br>Конечно, всё это чепуха, но идея будоражит инженерный ум. §2Складной планер§r даёт похожую свободу и позволяет парить в небе.
ie-manual:immersiveengineering:glider.txt:line:4	sha256:c1699779c169440a56558fa42c066d5f7e97dbf5bb7ad727a287d139782d62a5	<br>Он выполняет ту же задачу, что и упомянутые жителями «Элитры», но имеет несколько недостатков: меньшую прочность и отсутствие магического потенциала для чар.
ie-manual:immersiveengineering:glider.txt:line:5	sha256:3a981dece216d07ee89385b0ee27b2763a72c6b69b81448c3968afd771b32dbd	Лёгкая конструкция из конопли и алюминия плохо переносит высокие скорости: планер получает больше урона при крутом пикировании или ускорении фейерверками.
ie-manual:immersiveengineering:glider.txt:line:6	sha256:dfc9d6a235bce04a3408166bc302c7766a8ac0aa0bd1ac7891bde5ca9f435fcd	Однако его материалы легко добыть, и его можно легко отремонтировать с помощью конопляной ткани... при условии, что он не сломается полностью во время высокоскоростного погружения.
ie-manual:immersiveengineering:graphite.txt:line:0	sha256:1d261a8554d2da69b2e13445a8ee2a94dd10912a2bf5a0f3d3fe0698e5540f84	Графит
ie-manual:immersiveengineering:graphite.txt:line:1	sha256:49d3834f9042a50370e8ed5da44beaa60886cd95bf14a8ef060789d3623d38be	Угольный стержень
ie-manual:immersiveengineering:graphite.txt:line:2	sha256:2ca529ecdfc00fa23c6b3ba3c1273320b11e63b0b81f89fcb654b57bc043a337	Высокоупорядоченный пиролитический графит (HOP) - это сложный, сильно сжатый углеродный материал, используемый в специальных конструкциях.
ie-manual:immersiveengineering:graphite.txt:line:3	sha256:c8168f764443bdde15ad42b7a1d078602ff1b5aa89235aabad5fa212c05a2f5e	Графитовая пыль HOP получается при сжатии восьми порций коксовой пыли в <link;squeezer;соковыжималке>. Затем пыль можно переплавить в слиток.
ie-manual:immersiveengineering:graphite.txt:line:4	sha256:c9f43f407f498c6d6d6f5b927dfbf6f7b4b1b0659f499f4220d74badf07ac719	<&electrode>Чаще всего HOP-графит используют для электродов <link;arc_furnace;дуговой печи>. Электроды создаются по <link;blueprints;чертежу инженера>, который можно найти в некоторых сундуках или купить у жителя. Ещё электроды можно делать в металлическом прессе из 4 слитков с формой для стержней, но они будут менее прочными.
ie-manual:immersiveengineering:hemp.txt:line:0	sha256:918ffc0f8d90ffe7a3120738a86a8f28b3880a165d9d9e442680ab831d84c319	Промышленная конопля
ie-manual:immersiveengineering:hemp.txt:line:1	sha256:8a31fb81406b07a9cd2cd43f4fa6051f8b1632b37e563edca2158598e5521482	530 ткань
ie-manual:immersiveengineering:hemp.txt:line:2	sha256:c24c1f1ccf436dad04f8f698c18c9acad196051014652cec4d7ba13fcab8ee2d	<&items>Промышленная конопля — удивительное растение! Её семена используются для производства <link;refinery;биодизеля;diesel>, а из конопляного волокна делают прочную ткань.
ie-manual:immersiveengineering:hemp.txt:line:3	sha256:bb284979acd8a5bf1d08665b2d514b4d0fe9c23062c8bee1169fd3c823a6a1fe	Семена можно получить, сломав высокую траву.<np>
ie-manual:immersiveengineering:hemp.txt:line:4	sha256:a7b7400880a85e12c6fd37615b8da8e5f0f7046ccefe039d08169208f25670fc	<&fabric_recipe>Прочная ткань — износостойкое полотно из конопляного волокна. Она нужна для создания <link;generator;улучшенных ветряков;sail_recipe>, <link;balloon;воздушных шаров;start> и <link;this;амортизирующих подушек;cushion_recipe>.<np>
ie-manual:immersiveengineering:hemp.txt:line:5	sha256:8c59e69300f0a5e845332979226213046f51dd7e44cdb545645287a06ae68e10	<&cushion_recipe>Амортизирующие подушки — простые блоки из надутой воздухом прочной ткани. Они поглощают удар и предотвращают урон от падения, но, в отличие от блоков слизи, не подбрасывают вверх.<np>
ie-manual:immersiveengineering:hemp.txt:line:6	sha256:e9d10b5bcf3f18940683b799fe5bb2ccb76e8ed62bd5d600e090f34e485a8a64	<&curtain_recipe>Ленточные завесы — полосы ткани, которые крепят в дверных проёмах и других отверстиях, чтобы закрыть обзор.
ie-manual:immersiveengineering:hemp.txt:line:7	sha256:6b15f3895eb638151ee1e63852f4797915d79fb4e9e6c5a3806b0614a4d58a0b	Когда через завесу проходит существо, она выдаёт сигнал редстоуна. ПКМ отвёрткой инженера включает сильный сигнал.
ie-manual:immersiveengineering:hemp.txt:line:8	sha256:60b8899611c5215a02ee10cee3e1d8d1507f3be037905a4c542b41636db33491	Их можно покрасить так же, как кожаную броню.
ie-manual:immersiveengineering:herbicide.txt:line:0	sha256:dae493a0467fb0fb1149c636e41fbb769e767f70f3520efd10b3feabe666baf9	Гербицид
ie-manual:immersiveengineering:herbicide.txt:line:1	sha256:96c888425fa15b9dccfd8b3c56c7ef220d8c5ec49ce84bdd006a851e0186f48c	Ущерб для флоры
ie-manual:immersiveengineering:herbicide.txt:line:2	sha256:e09253f33171491decd416aff0ae9b67053648395cc00e04899569e9f7aa40b2	<&items>Гербицид представляет собой химическую смесь, оказывающую довольно ядовитое воздействие на местные растения.<br>
ie-manual:immersiveengineering:herbicide.txt:line:3	sha256:fd9f2a18fa89854436c711af4d7a90e18b8271d6ce7ee94abe0a918f23501a88	Заряженный в <link;chemthrower;химический метатель> гербицид распыляется мелким туманом, от которого увядают и погибают все затронутые растения.
ie-manual:immersiveengineering:herbicide.txt:line:4	sha256:fe9eedd66827263cd4e12d52152b39c39aa3172e72b39ddf3eaae0bf8e796d20	Жидкость уничтожает листву, цветы, кусты и посевы, превращает дёрн в землю, а пашню высушивает и портит.<br>
ie-manual:immersiveengineering:herbicide.txt:line:5	sha256:3b9cbf24909e66d91618c0a386f9a46e1a49613f9d64e886f521c3290966a4b8	<&mixing>Чтобы получить гербицид, смешайте полведра <link;fermenter;этанола> с §2медной пылью§r и §2серной пылью§r в <link;mixer;смесителе>.
ie-manual:immersiveengineering:improved_blast_furnace.txt:line:0	sha256:c923458f9f0e63caf6c60e7b5f25781495f50eb68b14355a4a6c19f6498e62c3	Улучшенная доменная печь
ie-manual:immersiveengineering:improved_blast_furnace.txt:line:1	sha256:1ae3ffc4aa84e149c7e6fbc9d97b7bdcb11a3db7cde351cf89fd3b51a521b856	Промышленное рафинирование
ie-manual:immersiveengineering:improved_blast_furnace.txt:line:2	sha256:fb7aae7a9a57e1a68011c60d0aa4ea95a734fc5a144501f7ced4caf6538d8f22	<&brick_recipe>Продвинутая доменная печь — более серьёзный способ <link;crude_blast_furnace;производства стали>. Она позволяет автоматизировать подачу и вывод, а <link;improved_blast_furnace;воздухонагреватели;preheater> ускоряют процесс горячим воздухом.
ie-manual:immersiveengineering:improved_blast_furnace.txt:line:3	sha256:31d11bcb8b01e94c93ea2be0225732b8c187eacdac23bf93c6d76fbed3909887	Печь сделана из армированного кирпича, поэтому вам рекомендуется потратить первые партии стали на это улучшение.
ie-manual:immersiveengineering:improved_blast_furnace.txt:line:4	sha256:291fb535078982fcb085436f9b823613fcfedbb38a919d0ff8e84ab681c937a0	<&multiblock>Конструкция похожа на примитивную доменную печь, но кирпичи усилены, а сверху добавлена воронка для исходных материалов. Сталь выводится спереди, шлак — сзади; печь автоматически передаёт продукты в подключённые хранилища или на <link;conveyors;конвейеры>. Железо и коксовый уголь подаются сверху.<np>
ie-manual:immersiveengineering:improved_blast_furnace.txt:line:5	sha256:aeb2ef31a338c47a677f56b2774922d2d3279e78e57d0c5f668b6c88b0bfc1ae	<&preheater>Подогреватели доменных печей используются для нагрева воздуха, а затем его подачи в печь для ускорения процесса рафинирования железа. Каждая печь может иметь до двух подогревателей, подключенных к портам с каждой стороны, и для работы каждого подогревателя требуется <config;i;machines.preheater_consumption> Flux/t.
ie-manual:immersiveengineering:introduction.txt:line:0	sha256:b605350bc00209520b7cd8f546322663356ba630708f71bbf30aead6b3dd608e	Введение
ie-manual:immersiveengineering:introduction.txt:line:1	sha256:b36dd69067389362d517695b8dfb1ff70d0e7d4ba876086740bd73cd8244fd4b	Начало инженерного дела
ie-manual:immersiveengineering:introduction.txt:line:2	sha256:9cd96d56591c59d73cb72ce77c6bda9fbb91cc2f850c2bcada7647a77526ec13	Приветствую, коллега-инженер, и добро пожаловать в Immersive Engineering. Этот журнал послужит вашим руководством по настройке всех новых машин и функций, которые может предложить этот мод.
ie-manual:immersiveengineering:introduction.txt:line:3	sha256:bbd86711d65899aa0a88587efba09fa5b971e216169e0dbb4f3de67074e0ac2a	Начнём с основ: Immersive Engineering строится вокруг ретрофутуристической выработки и передачи энергии. Мод использует Forge Energy — ту же систему, что и многие другие моды.
ie-manual:immersiveengineering:introduction.txt:line:4	sha256:975244e348b4e674658a15244c7089075a29fd06daf61eaadb47f00617c340ed	Энергия передаётся между §lразъёмами§r по §lпроводам§r. Длина одного провода ограничена, поэтому между разъёмами придётся устанавливать дополнительные §lреле§r.
ie-manual:immersiveengineering:introduction.txt:line:5	sha256:5d2ddcdfe43b6424d44277a5441abad11716b37b407c2913c506d180636da849	Доступны три типа проводов с разной пропускной способностью: <config;iA;wires.wireTransferRate;l3> Flux/tick. Для перехода между типами нужны §lтрансформаторы§r.
ie-manual:immersiveengineering:introduction.txt:line:6	sha256:1ecf88391e1af01d302266165a9dec99401eefe52333e2a939cc9a93b9762955	<&hammer>Молот инженера — самый важный инструмент в вашем распоряжении. Он будет использоваться для формирования мультиблоков, таких как коксовая печь и доменная печь, дробления руды в пыль или настройки блоков, таких как деревянные столбы.
ie-manual:immersiveengineering:introduction.txt:line:7	sha256:7c079352db4bc71688a2964cf2f004e69b993b00eb2b48ccdea060a4ba7faa66	<&screwdriver>Инженерная отвертка — еще один распространенный предмет в вашем наборе инструментов, который вам понадобится для точной настройки определенных частей оборудования.
ie-manual:immersiveengineering:item_batcher.txt:line:0	sha256:b8c9f1dc24bb1c241554385bce605f5f8bb7d43b5d6285e66b45a53f373e8711	Дозатор предметов
ie-manual:immersiveengineering:item_batcher.txt:line:1	sha256:d1bdf75824238a60153a1dea287a72ce618f587c2522b718205d0708a8b1035c	Сойдёмся прямо сейчас
ie-manual:immersiveengineering:item_batcher.txt:line:2	sha256:52afff7c10d9f0c08a51271797e419ba6683e0a1473f6cdfb9724048578361c2	<&recipe>Дозатор предметов предназначен для сбора предметов с конвейера перед выходом, чтобы передать в машину партии определённого размера.<np>
ie-manual:immersiveengineering:item_batcher.txt:line:3	sha256:48cc4bbe3d6d7fac1206de087e25d019f37a370d1be5ef4b3fd69853dc83df9d	Поставьте блок и откройте его интерфейс, чтобы установить различные фильтры. Любые входящие предметы будут приниматься в слоты, расположенные непосредственно под фильтрами, а собранная партия будет выводиться только тогда, когда будут соблюдены все условия фильтров.
ie-manual:immersiveengineering:item_batcher.txt:line:4	sha256:cc7e811a816ba9d5f6d993ef5d8beb4fafa5b2a6ef94a7ac7f33461805f1b19f	Поведение меняется кнопкой «Режим вывода». Описанный выше вариант называется §2пакетным режимом§r. В §2одиночном режиме§r выводится любой предмет, для которого набрано указанное фильтром количество.<np>
ie-manual:immersiveengineering:item_batcher.txt:line:5	sha256:9d81dab6b66f14d4b77480e6ce787b9eedca4f93f502b71010d8c90c3b80b9b3	Используя 9 кнопок под буфером, вы можете переключаться между цветами <link;redstone_wire;редстоуновых проводов>. Подключив <link;redstone_wire;Редстоуновый коннектор;bundled>, дозатор предметов будет посылать сигналы по редстоуновым проводам, когда будут соблюдены условия фильтра.
ie-manual:immersiveengineering:item_batcher.txt:line:6	sha256:0faef406a6faedb16df0dbb104322f60ab0ba23595ea98cd7c2e727e3e850a8e	Это позволит вам отключить любые извлекающие конвейеры или производящие машины, когда будет достигнуто необходимое количество изделий. Обратите внимание, что если несколько фильтров используют один и тот же цвет, то у них у всех должны быть соблюдены условия  для отправки сигнала.
ie-manual:immersiveengineering:item_router.txt:line:0	sha256:90027b98d9aff2a5626dabf4d8ae6daebc6767a2768c40f5225c0dc6d98a2abb	Сортировщик предметов
ie-manual:immersiveengineering:item_router.txt:line:1	sha256:b7100e38ba0c90f077689b527a2fd58d39d0e7c1c476b5177c60b5e168048659	Левая нога желтая, правая рука зеленая.
ie-manual:immersiveengineering:item_router.txt:line:2	sha256:db2183f6b54c52e9b1e9712978247c044fb7ad31fde0637289f42975f45dd8a8	<&recipe>Сортировщик предметов принимает предметы и распределяет их по отфильтрованным направлениям. Установите блок и нажмите ПКМ, чтобы открыть интерфейс с шестью фильтрами, привязанными к цветам и сторонам.<np>
ie-manual:immersiveengineering:item_router.txt:line:3	sha256:e24c9512fde153dfa04d9a1e23457b5eaff0eec432a8a4053a66d86d739b4925	Поступивший предмет направляется на выход с подходящим фильтром. Если совпадений нет — на выход без фильтра. Если подходящего маршрута вообще нет, сортировщик не примет предмет.
ie-manual:immersiveengineering:item_router.txt:line:4	sha256:c48b44f7c5915efa9284341d500626ed2f5304a338252244066959e97c2011f2	Предмет также нельзя вывести с той стороны, с которой он поступил.<np>
ie-manual:immersiveengineering:item_router.txt:line:5	sha256:d8fc6eb8c1b70abbbff31e49832aaff22ee115a3f4e440be8189513e3efcdc5c	Кнопки над каждым фильтром можно использовать для дальнейшей настройки работы фильтра:
ie-manual:immersiveengineering:item_router.txt:line:6	sha256:b81daa0bb11d9db2c6eb7677cafeb213c64e22d08b32dd67b3f4e4a42923a39b	§2Фильтрация по тегам§r пропускает предметы, теги которых совпадают с тегами указанного образца. Так можно объединить слитки одного металла из разных модов.
ie-manual:immersiveengineering:item_router.txt:line:7	sha256:7aaad13bcebf81ae10ce44063dac9c7420744b0b60fd8d9f6e03f26abceb8292	Параметр §2NBT-фильтр§r позволяет учитывать дополнительные данные о предмете, такие как чары.
ie-manual:immersiveengineering:item_router.txt:line:8	sha256:fc6318faf6e2146b882d052825413e733c7b19256a00d76f01fb856b6cd65e27	§2Фильтр повреждений§r позволяет игнорировать степень повреждения инструмента или оружия.
ie-manual:immersiveengineering:jerrycan.txt:line:0	sha256:c24cff0a1c2b6cd5ce17b05845a85e23478f7cf21cef4e11ae07b87aebde7bc7	Канистра
ie-manual:immersiveengineering:jerrycan.txt:line:1	sha256:309b1623599d708d75c903ed27ff4f5baf48ccf18c2846ffd63a20726adc20ac	Лучше, чем ведра
ie-manual:immersiveengineering:jerrycan.txt:line:2	sha256:b4f7428bcb9dd37a1090dc88bce95e10e5d8988d6eb5900255796c9e36ebf289	<&recipe> Канистры — это простые металлические контейнеры, используемые для перевозки жидкостей. Они могут хранить до 10 ведер и выливать эту жидкость как в окружающий мир, так и в машины.
ie-manual:immersiveengineering:jerrycan.txt:line:3	sha256:b478249154c6a73b9c4b7fa618df671398152c24a9486d61e81559080a7d1a4d	Однако они не могут собирать жидкости.<br>
ie-manual:immersiveengineering:jerrycan.txt:line:4	sha256:d8c34721bb5384d6376212506db5177185434fea3b7b02bb3adc658cacf76aea	Кроме того, их можно использовать для пополнения расходующих жидкость предметов, таких как <link;mining_drill;Шахтёрский бур;start>, помещая их вместе в сетку крафта.
ie-manual:immersiveengineering:lighting.txt:line:0	sha256:9747e99bf0b396780541f3ff487904db0874a354dbeaac1f10f656f83faefa5a	Инженерное освещение
ie-manual:immersiveengineering:lighting.txt:line:1	sha256:61d850c0e7c7dfba78c127ee6c57062d95628f1bd52eefb9d1dd3f1f496ac270	Освещая пустошь
ie-manual:immersiveengineering:lighting.txt:line:2	sha256:c34db0eb115281bff2c387caa9297de0cf5a4a149369d711c1921b2556d687a8	<&lantern>Глубоко в залах фабрик бывает совсем темно. Чтобы всё же найти дорогу среди машин, вам, вероятно, следует осветить это место фонарями. Эти фонари дают почти столько же света, сколько блок Светокамня.
ie-manual:immersiveengineering:lighting.txt:line:3	sha256:74d4957fbbcd21c83a704580b78c73983bb961328c242eefa4d65c8e60242601	<&electric_lantern>Электрические фонари - это одно из первых применений электрической энергии. Чтобы запустить их, вам нужно подключить их непосредственно к вашей электросети с помощью проводов. Они могут пропускать энергию сквозь себя, так что вы можете ставить их в ряд.
ie-manual:immersiveengineering:lighting.txt:line:4	sha256:864d07344b66084f158cc0e9a9c55055c633512ec233a31cc0c27318cae75b01	Ударьте по ним Молотом инженера, чтобы перевернуть их. Пока они питаются небольшим количеством энергии, они будут освещать окружающую местность, как обычный фонарь, но кроме того, они также будут препятствовать появлению враждебных мобов в радиусе 32 блоков!<np>
ie-manual:immersiveengineering:lighting.txt:line:5	sha256:708c7bd7ea7d9a4686032f46fe77c7e075e66b44e84a5d702d34b4206e90750d	<&floodlight>Прожекторы - это мощные источники света. Хотя они требуют больше энергии, чем обычные фонари, они создадут световой конус длиной до 32 блоков. Ударьте Молотом инженера по верхней или нижней грани блока, чтобы изменить направление освещения, или нажимайте по сторонам, чтобы изменять высоту освещения.
ie-manual:immersiveengineering:lighting.txt:line:6	sha256:a17b8fdaa0ca53126d43d689a9ffc21596db6639f3da0580c683dbb3c2912449	Как правило, для работы прожекторов требуется сигнал редстоуна, однако это поведение можно изменить, щёлкнув правой кнопкой мыши по их основанию с помощью инженерной отвертки.
ie-manual:immersiveengineering:lightning_rod.txt:line:0	sha256:5d907e09f9c22fec429d7e0e83ddf443cd4f6d0204328c3d7203456032a48dab	Молниеотвод
ie-manual:immersiveengineering:lightning_rod.txt:line:1	sha256:9232b2c08dce760377f6a98ce98f781d4f9cd65a914b604597b80fd31b91abb3	Громом поражён!
ie-manual:immersiveengineering:lightning_rod.txt:line:2	sha256:4afd8bb9d57d5c789311d078ae0ce769cf97d2c68aced08091b90798cc7016f1	Молния - явление природы. Она содержит огромное количество чистой энергии, и этот Молниеотвод может использовать эту силу.
ie-manual:immersiveengineering:lightning_rod.txt:line:3	sha256:9c0160f9a94d565e6c4e82a0ce58acb3db7cc81d0c12846117671b229d1f0124	Поставив множество стальных заборов на этот мультиблок, вы увеличите вероятность удара молнии во время дождя или грозы.
ie-manual:immersiveengineering:lightning_rod.txt:line:4	sha256:8815ad4cf0316879c54495fc73102e95428afdf090db700cffa59b091f20292c	При ударе по стальному столбу огромное количество энергии накапливается в основании Молниеотвода, а затем медленно распределяется по энергетическим выходам по бокам.
ie-manual:immersiveengineering:lightning_rod.txt:line:6	sha256:40c7c3dde4b71da51c4de64723f271058d3a8c227b09bc122b480904aea5524b	"Вы можете повысить вероятность поражения Молниеотвода, создав ""сеть"" из стального забора, соединив её с самым верхним забором."
ie-manual:immersiveengineering:logic_circuits.txt:line:0	sha256:d9faf79ce6a576f5a60b6b0714051b6a680bd351ccd3e3833b160caaf7eb1a94	Логические схемы
ie-manual:immersiveengineering:logic_circuits.txt:line:1	sha256:8054dec3b21530144b6cac8bcf094f0bdfa6f4d7740e3156f3577077c7b114d9	Полнота по Тьюрингу
ie-manual:immersiveengineering:logic_circuits.txt:line:10	sha256:94646511f2f5163de0219ddc910a35978de51146b594ec1693afa552c8099f01	— при наведении курсора на кнопку входа или выхода нажмите цифровую клавишу, чтобы изменить ее на нумерованный регистр. Нажмите букву, чтобы переключаться между цветами, начинающимися с этой буквы.
ie-manual:immersiveengineering:logic_circuits.txt:line:11	sha256:e227b69e9b89f0d5a7a9b78a2ef31961045244dd78ba45e2905df33e6c883b2c	— Возьмите готовую логическую схему и щелкните ее в центре интерфейса таблицы схем, чтобы скопировать инструкции в таблицу. <np>
ie-manual:immersiveengineering:logic_circuits.txt:line:12	sha256:78e431040a12357e946b735888b2f9bb09933a874652c28de4e109c7e75d342d	<&unit>Логический блок содержит готовые логические схемы. В нём есть место для §210 схем§r и §28 встроенных регистров§r, поэтому он подходит для любой схемы.
ie-manual:immersiveengineering:logic_circuits.txt:line:13	sha256:3047b988e171a0fe150b5a7e05dca1800ce6e14e0464c7618edd6d8a059579f2	Для связи логического блока с системой цветных редстоуновых сигналов к его стороне нужно прикрепить <link;redstone_wire;редстоуновый интерфейсный разъём;bundled>.
ie-manual:immersiveengineering:logic_circuits.txt:line:14	sha256:c9c39b9e88684f7101207ba6f311749efc2dfbb643977a14fe72698ca9b45357	Каждый раз, когда какой-либо из подключенных разъемов меняет свое состояние, логический блок циклически проходит через свои цепи и выполняет все 10 операций.
ie-manual:immersiveengineering:logic_circuits.txt:line:15	sha256:73821074d954d848e01e744fc7bef46a3e40f09ca08e934fa8c851a444e96e8e	Если схема использует регистр в качестве выхода, результирующее значение сохраняется в регистре и может использоваться последующей схемой в качестве входа.
ie-manual:immersiveengineering:logic_circuits.txt:line:16	sha256:ce04d48df6c49ef28ea35ca6e15217b6f739ac77be4f38c2ab749e92038fdf19	Тот же интерфейсный разъем, который использовался для ввода, также можно использовать и в качестве выхода.
ie-manual:immersiveengineering:logic_circuits.txt:line:2	sha256:67122278af75a563c3e7968995fb435d64d97542cd347df9dff064a05bf84cb4	Высокая скорость и гибкость <link;redstone_wire;редстоуновых проводов> вместе с необычными свойствами <link;components;электронной лампы;tubes> позволяют значительно уменьшить сложные редстоуновые схемы.
ie-manual:immersiveengineering:logic_circuits.txt:line:3	sha256:7864c2db205e39273d064d8491f54fef5f443907cd7264db71bbd3a781cf1f12	Стол для схем позволяет создавать компактные логические схемы. Для этого нужны <link;components;объединительная плата;pcb>, электронные лампы и припой, например свинцовая или медная проволока. Энергия подаётся через разъём сзади.
ie-manual:immersiveengineering:logic_circuits.txt:line:5	sha256:0a45796edbe349f88d5f27b677c29608dd78c084d9bb7df2f8e14d846d39309a	Используя различные компоненты, вы затем выбираете образец схемы, которую хотите создать, и определяете входные значения, а также назначенный выход.
ie-manual:immersiveengineering:logic_circuits.txt:line:6	sha256:8d329ba48293f35660f58c08320f26dfff80d7b046d06c2330e2a443c1d74fbf	Доступны 16 цветных каналов редстоунового провода и 8 «регистров». Регистры временно хранят значения внутри логического блока; подробнее о них рассказано ниже.
ie-manual:immersiveengineering:logic_circuits.txt:line:8	sha256:dc77d4a445c59272a8349233990c9c69bcc55b23fb760839f67046853db2b817	После установки оператора, входов и выходов вы увидите необходимый список компонентов рядом со входными слотами слева. Количество необходимых компонентов зависит от сложности схемы, причем проще всего изготовить §lNAND§r. Если имеется достаточное количество компонентов, вы можете взять законченную схему с выхода справа.<np>
ie-manual:immersiveengineering:logic_circuits.txt:line:9	sha256:af9684b8608a7dbc93436a3f9bf2e04758b0d7003fd97c8a386af404394dd7b4	Полезные сочетания клавиш:
ie-manual:immersiveengineering:maintenance_kit.txt:line:0	sha256:9568eb64112072fb3595e6a1e1de33c8916bc896a4b120228e1cfb7d3e27787d	Комплект обслуживания
ie-manual:immersiveengineering:maintenance_kit.txt:line:1	sha256:ce157f5867fec73968c9efd073939541f3e67ac93103e4143cbd2b81f89e098c	Ремонт на ходу
ie-manual:immersiveengineering:maintenance_kit.txt:line:2	sha256:715193ac4f084435dc639186f9798ef47ba48767e02c6946f61e1f440a0c714b	<&recipe>Среди тех инженеров, которые путешествуют по миру или проводят большую часть своего времени в шахтах, вырисовывается одна проблема.
ie-manual:immersiveengineering:maintenance_kit.txt:line:3	sha256:8e4519d3ec9960045bc791deeed6bc80e0a4e4b9ec0e9e17842e109d29f90549	Их инструменты требуют постоянного обслуживания, и носить с собой целый верстак просто нецелесообразно.
ie-manual:immersiveengineering:maintenance_kit.txt:line:4	sha256:4d4a8766d94246031b1e3e653fad231c2e12f2a472686f21441b17a9f60b6ef6	К счастью, комплект обслуживания позволяет выполнять большинство мелких ремонтов и перенастраивать инструменты.<br>
ie-manual:immersiveengineering:maintenance_kit.txt:line:5	sha256:7241a12b380a75ac9a38f825db5176bfa8ecb13b215792fe494933728011627c	Комплект обслуживания — это набор инструментов в прочной конопляной ткани. Он позволяет настраивать инструменты почти как <link;workbench;верстак инженера>. Больше не придётся подниматься на поверхность ради смены головки шахтёрского бура или возвращаться в мастерскую для настройки защитных наушников. Теперь всё это можно делать на ходу!
ie-manual:immersiveengineering:metal_barrel.txt:line:0	sha256:1cbcdb6fb50fc4da3977bb4bc4ca27bbbc8bdda58ef42d6cd8d33d50bcd1cf66	Металлическая бочка
ie-manual:immersiveengineering:metal_barrel.txt:line:1	sha256:4de74767f494109f0f202918e954fef88be51e4ad576723f4ebb96d84067d0ec	Не катится
ie-manual:immersiveengineering:metal_barrel.txt:line:2	sha256:eb0684b9176a45b0359685fcb2b751ad0f7af4b83d9f919b9ea23cc13a550c97	Металлические бочки работают так же, как <link;barrel;деревянные;>. Их вместимость и настройка входов и выходов совпадают, но металлические бочки хранят газы и горячие жидкости. Кроме того, при отключении сигналом редстоуна они не выводят содержимое автоматически.
ie-manual:immersiveengineering:metal_press.txt:line:0	sha256:d7465195ff17c83e678e854d8c34099dd26c585fbf371821f87073e6d885f722	Металлический пресс
ie-manual:immersiveengineering:metal_press.txt:line:1	sha256:5a762491dc8179ed4f4016125397efa71600177cbfc68901b0f04dff72a6f4a9	Под давлением!
ie-manual:immersiveengineering:metal_press.txt:line:2	sha256:36d089afcd815df96de6c2afac7fd1bf25cba699c213a0d24f551ba490d7c767	<&multiblock>Металлический пресс автоматически придаёт металлу форму. Поршень под высоким давлением прижимает форму к слитку, превращая его в пластину, стержень или другую металлическую деталь.
ie-manual:immersiveengineering:metal_press.txt:line:3	sha256:e11662119cbd537fddbc690676cbdd1e769e640129e996c7737a8b0ef29fbc2f	Структура создается, как показано выше, чтобы сформировать многоблок, ударьте по поршню Молотом инженера. Энергия подается через верх, а предметы - через конвейеры, очевидно, в направлении движения. Нижний средний блок - это порт управления красным камнем, щелчок правой кнопкой мыши по нему Отвёрткой инженера позволяет вам инвертировать управление.<np>
ie-manual:immersiveengineering:metal_press.txt:line:4	sha256:8fe52c55f049649e63dcc9b0efbcef361e94df502aab15a48863badd3842f4b9	<&mold_blueprint>Для работы Металлического пресса требуется, чтобы к поршню была прикреплена форма. Эти формы создаются в <link;workbench;§o§nВерстаке §o§nинженера§r> с использованием схемы, показанной выше.<np>
ie-manual:immersiveengineering:metal_press.txt:line:5	sha256:45607537ed2e5fa2fad23c7988831acab1b1cd11ced2ce9a2c4788334ac59d0b	<&mold_recipes>Формы изготавливаются, как показано выше, при этом Кусачки изнашиваются при каждой операции изготовления. Затем они вставляются в пресс для металла, щелкнув ПКМ по мультиблоку с формой в руке.<np>
ie-manual:immersiveengineering:metal_press.txt:line:6	sha256:6ab1c8be6ab6a4aaf385fd11818ead25be61b1f477bfcf09b6bb101219552ed9	<&packing>Формы для упаковки и распаковки можно использовать для сжатия 4 или 9 одинаковых предметов в соответствующие формы для хранения, а также для их повторной распаковки. Это можно использовать для хранения слитков в виде блоков или автоматического создания простых блоков, таких как песчаник.
ie-manual:immersiveengineering:metalconstruction.txt:line:0	sha256:1e1c334806024900bc6f08d9957e3458296540676b1c729ba53050c0acd51f84	Металлические конструкции
ie-manual:immersiveengineering:metalconstruction.txt:line:1	sha256:f19c23c1b3fe34b9d26dc07ecc2dfa2828baedb5a8c81dcea95eda43fd237712	Клепка
ie-manual:immersiveengineering:metalconstruction.txt:line:2	sha256:057d415dd9754465ae164cf202da19cf80654b507c37125e827096f25b77b3e4	<&storage_and_sheetmetal_recipes>Помимо обработанной древесины, распространённым строительным материалом служат обработанные металлы. Почти любой металл можно превратить в блоки и плиты, а железные слитки — расплющить молотом в блок листового металла.<np>
ie-manual:immersiveengineering:metalconstruction.txt:line:3	sha256:ba3abde64273d506ea3af52fd01bc55471b67d2c05142c34e847dc60a680d6db	<&architecture_recipes>Сталь не только является неотъемлемой частью высоковольтных архитектур, но и весьма полезна в архитектуре. Стальные леса можно использовать для быстрого создания конструкций, по которым можно лазить, стальные ограждения защищают от злодеев, а конструкционные кронштейны служат отличными точками крепления для ваших высоковольтных реле.<np>
ie-manual:immersiveengineering:metalconstruction.txt:line:4	sha256:a883b997932368ae4fcd19e2f5fd59d0599dbb9d3177cb79d8cfacb48d0e5837	<&connector_recipes> Структурные соединители работают аналогично обычным соединителям, но вместо передачи энергии они носят чисто декоративный характер.
ie-manual:immersiveengineering:metalconstruction.txt:line:5	sha256:48ddc3f1dbc06db99ae12bb5d6b981024f8f6bef1af55d0a28e0bfb4198c24cf	Они не принимают обычную проволоку, а принимают пеньковую веревку и стальной трос (другие рецепты на этой странице).
ie-manual:immersiveengineering:metalconstruction.txt:line:6	sha256:143eac51e46781a475ad55259a1f50a59179031fdbf859d038563fd4cd57d37a	Вы также можете вращать их, щелкнув по ним правой кнопкой мыши Инженерным молотком. <np>
ie-manual:immersiveengineering:metalconstruction.txt:line:7	sha256:5bb5643932437d99cae4ae56099cb9dccbf396f81e2cc86a9562ab0964d0af9a	<&ladder_recipes>Металлические лестницы — это… ну, лестницы, сделанные из металла. На них можно подняться, и они выглядят круто.
ie-manual:immersiveengineering:metalconstruction.txt:line:8	sha256:736d11436a0a1a235113939d0ea768c07f4d060ed1f7a756e6632e6cbe444328	Вы также можете объединить их с лесами, чтобы превратить их в крытые лестницы.
ie-manual:immersiveengineering:minerals.txt:line:0	sha256:b1d15a9dc22933cadb68a4fa732b2ab620f6bb9e72a029de93402d22d6ca9bed	Залежи полезных ископаемых
ie-manual:immersiveengineering:minerals.txt:line:1	sha256:c68b724ae392b66ef483d74c4b37ba9ca6388064341059884a52890e7fa6f9bd	Рудно!
ie-manual:immersiveengineering:minerals.txt:line:10	sha256:90dd68f145fe2cead7b3541791da9d3c13a4e68c7c1ab32258c42a4cf1a688db	<&sample_drill>Определив примерный тип и положение жилы, используйте §2бур для отбора керна§r, чтобы точно узнать, какие жилы находятся в выбранной точке.
ie-manual:immersiveengineering:minerals.txt:line:11	sha256:feea826343aeea2b08354b90f9493e939a4350d0889146c648d8cc0f77c7e209	Подайте питание на машину и щелкните ее правой кнопкой мыши или используйте красный камень, чтобы активировать ее. Бур потребляет <config;i;machines.coredrill.consumption> флюса/т, чтобы затем извлечь образец керна в его местоположении, который предоставляет подробную информацию о минеральной жиле.
ie-manual:immersiveengineering:minerals.txt:line:13	sha256:8a776e9f8968bda87a55ee940d43bb93dc06b78c060ccbdb6ce5d73891f7c88a	<&core_sample>Образец покажет точный состав минералов, их доли и §2насыщенность§r каждого из них. Чем выше насыщенность, тем чаще экскаватор добывает соответствующую руду.
ie-manual:immersiveengineering:minerals.txt:line:15	sha256:210616cb21f73d50f5ad76dae2407933915448604ec09a5fbab3640de2e1910d	Удерживая Shift, нажмите ПКМ образцом керна, чтобы установить его в мире и прочитать координаты и сведения. Затем нажмите по образцу ПКМ с картой в руке, чтобы отметить на ней исходное место.
ie-manual:immersiveengineering:minerals.txt:line:17	sha256:53a6551817cda5287ab9f8a8befb372a1f976021bf6c6fbfd96ba16ae246c554	На следующих страницах перечислены все типы жил, а также руда и пустая порода, которые из них добываются.
ie-manual:immersiveengineering:minerals.txt:line:2	sha256:8f2d8b7c602130f26a83a5458d0733c3fd8d6d62346ee3d60f280e493adbfdc4	Обычные залежи руды вам хорошо знакомы. Но существуют и минеральные жилы — тонкие обширные пласты со смесью разных руд. Обычный шахтёр не способен их найти, зато может помочь <link;excavator;специальная машина>.
ie-manual:immersiveengineering:minerals.txt:line:3	sha256:dca040f6c2f216668b51eca46ac2c2eab0ad3a505c820b05dc66015172a2bc77	<&survey_tools>Для поиска минеральных жил изготовьте §2геологические инструменты§r. Исследуйте мир и применяйте их к разным блокам природного грунта, чтобы определить жилы и их примерное положение.
ie-manual:immersiveengineering:minerals.txt:line:5	sha256:735dd4ebf9efc2f40c33db9b2949267ce1344edda5208f9455c8f968c0247f15	Каждый образец одной и той же жилы точнее показывает её состав и место залегания. Жилы могут пересекаться, поэтому следы разных жил иногда находятся рядом.
ie-manual:immersiveengineering:minerals.txt:line:7	sha256:59cf8a5cadf9ef7ce3ed7b97cdf3ffcffeba41bd2673552bb8f7ab82f8b7b2a6	Если разрабатывать жилу издалека, экскаватор будет работать менее эффективно и добывать больше пустой породы, например камня и земли.
ie-manual:immersiveengineering:minerals.txt:line:9	sha256:5de1a02e9299393561f0d40d4943b0572def9eaa3071e3b3fb2d10ff5be401d2	Из-за неэффективной разработки жила будет производить меньше руды, чем эффективно выкопанная жила.
ie-manual:immersiveengineering:mining_drill.txt:line:0	sha256:a2eb1cfa942c55826c91dda695fdf1f8d7d05565b03c0cbf65ba9060d165a63b	Шахтёрский бур
ie-manual:immersiveengineering:mining_drill.txt:line:1	sha256:01dea451ce8e04166b38b072a060edec51d400d6de853ffd12efd1943a36e75a	Мой бур пронзит скалу!
ie-manual:immersiveengineering:mining_drill.txt:line:2	sha256:b8a62befee66e9685add4593159fe833af5dae3f49b6cc2e3edb162cf34e247c	<&drill_base_recipes>Переносной дизельный бур значительно ускоряет добычу ресурсов. Сменные головки и улучшения позволяют почти полностью менять его характеристики. Для настройки поместите бур в <link;workbench;верстак инженера;start>. Бур работает на <link;refinery;биодизеле;diesel>, которым его можно заправить прямо в очистителе.
ie-manual:immersiveengineering:mining_drill.txt:line:3	sha256:cdfe4eda366b76b22e5cb712b9e199ff0549cd71b3b35b662ea8c5274035a432	Размер области добычи зависит от установленной головки бура. Крадитесь, чтобы ограничить область одним блоком. Также можно красться и щёлкнуть правой кнопкой мыши, чтобы переключить бур в одноблочный режим.<np>
ie-manual:immersiveengineering:mining_drill.txt:line:4	sha256:2784701f612d9ab6d19ec3db11d56667a3289c8019b19c9f2e72170838562d18	<&drill_head_recipes>§2Головка бура§r определяет базовый §2уровень добычи§r, §2скорость§r, §2размер области§r и §2урон§r. При разрушении блоков головка теряет прочность, но её можно починить на наковальне.<np>
ie-manual:immersiveengineering:mining_drill.txt:line:5	sha256:aa81841d4bab501fc37242a5cfa887886964f535d7ac83993e479ba8e0d6f719	<&drill_waterproof_recipe>Бур приводится в действие двигателем внутреннего сгорания, поэтому без улучшения §2ресивер со сжатым воздухом§r не работает под водой. С этим улучшением бур не только работает под водой, но и копает без обычного замедления.<np>
ie-manual:immersiveengineering:mining_drill.txt:line:6	sha256:f47f77cf185e4dd72e84115cf3845104347d25d802a4434d049b253629fa73c3	<&drill_lube_recipe>§2Улучшенная система смазки§r регулярно смазывает бур и замедляет потерю прочности головки.<np>
ie-manual:immersiveengineering:mining_drill.txt:line:7	sha256:fc32843aa139604f55eb5a10d57af02865f09bd0d04adf4a8dc1da98a7b9dabc	<&drill_damage_recipe>§2Дополнительные шнеки§r повышают разрушительную силу бура: он наносит больше урона существам, быстрее работает и копает. Улучшение устанавливается до трёх раз.<np>
ie-manual:immersiveengineering:mining_drill.txt:line:8	sha256:9fc813afa929a3d107acc765506ab51027a2945eed767c5656849ecec8e3b61a	<&drill_fortune_recipe>Мощный бур оставляет часть ценных минералов в породе. Если сначала размягчить её <link;redstone_acid;редстоуновой кислотой>, из блоков получится добыть намного больше сырой руды — подобно чарам §2«Удача»§r.<np>
ie-manual:immersiveengineering:mining_drill.txt:line:9	sha256:c15105f53fb559a13c6c499588f5d886bc9870b798377570e671708a90cb7f03	<&drill_capacity_recipe>§2Большой топливный бак§r увеличивает запас топлива в буре и позволяет дольше работать без заправки.
ie-manual:immersiveengineering:mixer.txt:line:0	sha256:8ae012d51747c9a3e51613b1ba8305b377fcada7de30e2b7156d51c19f0b89e0	Смеситель
ie-manual:immersiveengineering:mixer.txt:line:1	sha256:4b47f6c731158a62c9601a15a388605d29e8b1602f258a6906cd0d6b9803e653	Чаны с тестом для печенья!
ie-manual:immersiveengineering:mixer.txt:line:2	sha256:9c2867435f72911918ef5dbce54364bfc81a50708dfbfaf4713c8420eae75850	Смеситель — мультиблочная конструкция, которая растворяет твёрдые вещества в жидкостях и перемешивает их. Соберите конструкцию, как показано выше, и примените молот инженера к центральному блоку листового металла.<np>
ie-manual:immersiveengineering:mixer.txt:line:3	sha256:6ad2bc2f7eec27e82321b57f509af50f70ff9988ce9d1d620f37fa49343c40e6	Чаще всего в машине готовят <link;concrete;жидкий бетон;liquid> или зелья из воды и различных ингредиентов.<br>
ie-manual:immersiveengineering:mixer.txt:line:4	sha256:0a8ddbd8144428462e0d9333b4b3a40f8aa9161b67196e097b79b709c85d0e1d	Жидкость подаётся в смеситель через порт внизу блока питания, а предметы — через два задних люка. Порт спереди выводит жидкость.<br>
ie-manual:immersiveengineering:mixer.txt:line:5	sha256:33aaae57bd8eb58fa71ca89ea9de9959539de02c9fa03dc9b9fb426a934d0566	Подача сигнала красного камня на панель управления спереди остановит процесс работы машины. Это поведение можно изменить с помощью отвертки инженера.
ie-manual:immersiveengineering:multiblocks.txt:line:0	sha256:eb69cf755a31978229f07ef0196cddb7858b325db652de955027009e45f0917e	Многоблочные конструкции
ie-manual:immersiveengineering:multiblocks.txt:line:1	sha256:c1e49bd714c1cf38062def2b0c7697d9182873495d99b59750ff4ccfa3df0caa	Где мой гаечный ключ?
ie-manual:immersiveengineering:multiblocks.txt:line:2	sha256:99b90c4dbce852046c2a04a52e9a19fff74d0012088d64a99215e133b058f016	Уместить сложную машину в куб 1x1x1 почти невозможно без магии или уменьшающих лучей. Поэтому для сложных машин нужны блоки-компоненты. Самые распространённые из них перечислены на следующих страницах.
ie-manual:immersiveengineering:ores.txt:line:0	sha256:fec36e9cbd1ef0c4b80cc606c8e1c886580dafa55d9c7dd3c912e7bced105faa	Руды
ie-manual:immersiveengineering:ores.txt:line:1	sha256:b92d5ea9b603f4ff6f55faa9a467e1d0afeaf678623cc0580a261871e239f20c	Копать яму
ie-manual:immersiveengineering:ores.txt:line:10	sha256:abad7841630ac0fd278eb01c937131cc23517bb4303ae75197f39c1824646448	<&uranium>§lУрановая руда§r находится в мире между слоями <config;i;ores.uranium.min_y> и <config;i;ores.uranium.max_y>, и для ее добычи требуется железная кирка.
ie-manual:immersiveengineering:ores.txt:line:11	sha256:a7aed6c9fc838461fb38d09fa780d17c54157b8c89f97b00f40b8928895b5253	Сырую руду можно переплавить в урановые слитки, хотя пока у этого металла мало применений. Урановый блок служит источником тепла для <link;thermoelectric;термоэлектрического генератора;start>, а в будущем металл пригодится и для других проектов.
ie-manual:immersiveengineering:ores.txt:line:2	sha256:027a617fa15ea5e6cc07e8e41941ae429f42d6bf891d4b591cbad9fe95df1f9a	<&alu>§lБокситовая руда§r находится в мире между слоями <config;i;ores.bauxite.min_y> и <config;i;ores.bauxite.max_y>, и для ее добычи требуется каменная кирка.
ie-manual:immersiveengineering:ores.txt:line:3	sha256:c3c29737cd6b9be6e1a11d68ebcf135fbace3e4ca2783cdcba7ea5693f440b88	Сырая руда переплавляется в алюминиевые слитки — важный материал для высоковольтных устройств.
ie-manual:immersiveengineering:ores.txt:line:4	sha256:4bc5adce4932052e5fd74768bc82b1f3aba5876b930baf68bf47d92e7cf6ab02	<&lead>§lСвинцовая руда§r находится в мире между слоями <config;i;ores.lead.min_y> и <config;i;ores.lead.max_y>, и для ее добычи требуется железная кирка.
ie-manual:immersiveengineering:ores.txt:line:5	sha256:b4ec68a153ca63539eba87971dacf2c72f8e66c54701fa26c62cde0796e9608f	Сырая руда переплавляется в свинцовые слитки, из которых создают первые аккумуляторы.
ie-manual:immersiveengineering:ores.txt:line:6	sha256:39f7b42d84f3d1cc635bdfd558bdd6bc6352b5ba2057409836004f142c8c2a97	<&silver>§lСеребряная руда§r находится в мире между слоями <config;i;ores.silver.min_y> и <config;i;ores.silver.max_y>, и для ее добычи требуется железная кирка.
ie-manual:immersiveengineering:ores.txt:line:7	sha256:c3b8934026be3b856017bc616504864164f31a63a290d3a15449c22b4a583369	Сырая руда переплавляется в серебряные слитки. Сплав серебра с золотом образует электрум — гораздо более эффективный проводник.
ie-manual:immersiveengineering:ores.txt:line:8	sha256:d230772af74946c3cda9fe7234efa9137028bfcbab78d954595854281fe0aa65	<&nickel>§lНикелевая руда§r встречается между слоями <config;i;ores.nickel.min_y> и <config;i;ores.nickel.max_y>, а особенно часто — ниже <config;i;ores.deep_nickel.max_y>. Для добычи нужна железная кирка.
ie-manual:immersiveengineering:ores.txt:line:9	sha256:77f33596df391c8a4aeaf5f2b0a0653902d5ab54656005e57be238244d2d5ca6	Необработанная руда будет переплавлена ​​в никелевые слитки, которые сплавляются с медью для создания константана, термостойкого проводника, используемого в конструкции <link;thermoelectric;Термоэлектрических генераторов;start>.
ie-manual:immersiveengineering:plastic.txt:line:0	sha256:cba09d6092aff2d7ff3d95d5b2d3d2ec64edce582adbf4dfa5fce81de85ba69e	Смола и дюропласт
ie-manual:immersiveengineering:plastic.txt:line:1	sha256:2bf71412bae4f04f4a9612cfde0a0e157e33bcb627922ae118b135ccb4eefacd	Это фантастика!
ie-manual:immersiveengineering:plastic.txt:line:10	sha256:5f9ed46dd7dbc7c558b291e0ab9b3fc5342a306b76343e0d4751683e1767519e	<&fiberboard>Древесноволокнистая плита получается из спрессованных <link;sawmill;опилок;sawdust>, смешанных со смолой в плотный блок. Она обладает свойствами древесины и заменяет доски в большинстве рецептов. Отличный способ использовать отходы!
ie-manual:immersiveengineering:plastic.txt:line:11	sha256:8449cadc31cf2e3dba781cb658fbf1228a9305b6080a48fde5e28c3787bd6bca	<&empty_shell> Вы также можете использовать смолу при создании пустых гильз для <link;bullets;Револьверных патронов;empty>, что удешевляет их и упрощает массовое производство.
ie-manual:immersiveengineering:plastic.txt:line:2	sha256:aed4de2a6fabda40ac3436063cd5be5fd217957063b7964fbadf94ecaa008ea8	<&resin>Фенольная смола — липкая вязкая жидкость, из которой формуют прочный пластик, известный как дюропласт. Этот удивительный материал жёсткий, негорючий и не проводит ток, поэтому служит отличным изолятором.
ie-manual:immersiveengineering:plastic.txt:line:3	sha256:f09f830db476a419724045f194162fd998f0b113c4c83685dae86d1ff19dba43	Кроме того, его способность формоваться делает его гораздо более надежным в массовом производстве, чем дерево или керамику.<np>
ie-manual:immersiveengineering:plastic.txt:line:4	sha256:8e4dbc517e3fc1fbdc6f2659d7991b92290e27d11dc2393a89b8903920141778	<&acetaldehyde>Однако его производственный процесс более сложен и основан на сложных химических процессах, которые возможны только на <link;refinery;§o§nНефтеперерабатывающем заводе§r>.<br>
ie-manual:immersiveengineering:plastic.txt:line:5	sha256:5146fbfe47968f2b3247c5b31e62fa3c2f1fa97e20aec57b30e45d4ba123d641	Сначала <link;fermenter;этанол;start>, полученный брожением растений, нужно окислить до ацетальдегида. Для этого заполните один бак очистителя этанолом, оставьте второй пустым и используйте §2серебряную пластину§r как катализатор.
ie-manual:immersiveengineering:plastic.txt:line:6	sha256:2f1363274fd0d1b459f12c8d808d49cd2e94525b5f0fa2dc9bc140bdc7050474	Полученный ацетальдегид затем передается на §oвторой§r нефтеперерабатывающий завод, где он объединяется с <link;cokeoven;креозотовым маслом> для получения §2фенольной смолы§r. Этот процесс не требует катализатора.<np>
ie-manual:immersiveengineering:plastic.txt:line:7	sha256:e3cfd346f342680882b0ce00eab6a3fcae3be1bb478c49cd55820da8a78506f8	<&duroplast_sheet>Изделия из дюропласта получают, заполняя подходящие <link;metal_press;формы;mold_recipes> смолой в <link;bottling_machine;§o§nразливочной §o§nмашине§r>. Машина создаёт внутри формы достаточно высокие температуру и давление, чтобы смола затвердела.<br>
ie-manual:immersiveengineering:plastic.txt:line:8	sha256:52af8cc90758a245368b55453e9ccd0c334601095db9572eb91c507008891bec	Полученные листы используются при создании <link;components;Усовершенствованных электронных компонентов;elec_components> и <link;components;Объединительных плат;pcb>, где они действуют как изоляторы.<np>
ie-manual:immersiveengineering:plastic.txt:line:9	sha256:c626717391fac296545da5cf04dc642819ad58e6f265c43e5352a8ff338858dd	<&duroplast_block>Твердые блоки дюропласта можно использовать в строительных и декоративных целях, хотя не всем нравится их цвет. Но что еще более важно, они служат заменой §2Терракоты§r при изготовлении <link;wiring;проводных соединителей и реле;connector_recipes>, тем самым уменьшая количество необходимой глины!<np>
ie-manual:immersiveengineering:plates.txt:line:0	sha256:86aa415336c85d03ab9176abd5c5ed3bcb3052385e1e3e9abb48927acdb27ea0	Металлические пластины
ie-manual:immersiveengineering:plates.txt:line:1	sha256:562a4242e5fde9047adaba9d47446882264f98fbeb33f1ece2d3164ab2fe8897	Плоская как камбала
ie-manual:immersiveengineering:plates.txt:line:2	sha256:54dbe30cb7bf6f834d4caf261022e10f1a594bb7893d338398eb7cb82c9d1eed	Металлические пластины нужны для создания некоторых машин и блоков. Их делают, расплющивая слиток молотом инженера или обрабатывая его в <link;metal_press;металлическом прессе>.
ie-manual:immersiveengineering:powerpack.txt:line:0	sha256:578bb8d45e4e7279137427ab740bbf0e07b01224c74e4b5bda4548de4d96e2e1	Рюкзак-аккумулятор
ie-manual:immersiveengineering:powerpack.txt:line:1	sha256:7498254bb12bbc104472d0b46e22002cdcde970fb9d8b325303df1ad2f7ef188	Да... Рэй... Эгон!
ie-manual:immersiveengineering:powerpack.txt:line:10	sha256:15be0d7d97eaafcfed753387c5975edfdacf162f813cdcbe8f1005c5aab099d1	<&magnet>§2Портативный электромагнит§r — это специализированная версия <link;electromagnet;большого блока>, предназначенная для привлечения находящихся рядом предметов к пользователю и позволяющая легко их поднять. Благодаря улучшенной схеме это улучшение потребляет энергию только во время перемещения предметов.<np>
ie-manual:immersiveengineering:powerpack.txt:line:11	sha256:bc0467a478c75a468aa653c00cad1971ecf2289628318ac12d12d7ba4405cd43	<&tesla>§2Миниатюрная катушка Теслы§r похожа на свою <link;tesla_coil;старшую сестру>: она бьёт током ближайшие цели. Катушка срабатывает, когда владельца атакуют, заменяя эффект шипованной брони электричеством.
ie-manual:immersiveengineering:powerpack.txt:line:12	sha256:febc9e0c4ae4a75a350839ac001d25d445591a6856c477e8a362d4878aaecfc5	<br>Из-за крепления в верхней части рюкзака катушку нельзя использовать одновременно с зарядной антенной.
ie-manual:immersiveengineering:powerpack.txt:line:2	sha256:02e5c9c843fdd3794a9f722073ae7372f3bd55935a8ce5146b73dbab381a1ca5	Для хранения энергии требуется место и некоторые тяжелые компоненты. Таким образом, хранение большого количества энергии в каждом инструменте по отдельности неэффективно и делает их неудобными в использовании.
ie-manual:immersiveengineering:powerpack.txt:line:3	sha256:380935c501e5eee8c52bca33ee1cf9b63c4a9a54d60d5dac1800172ffb83a429	Рюкзак с аккумулятором действует как компромисс, предлагая централизованное хранилище энергии для использования любых электроинструментов. Вы создадите его несущую раму по рецепту, показанному здесь. После этого вы можете отнести его в <link;workbench;Инженерный верстак;start>, чтобы поместить в него <link;accumulators;Аккумулятор>.
ie-manual:immersiveengineering:powerpack.txt:line:4	sha256:c82e59944928f63aea880414d185e28639f44c203e31df3a5ebe0b65e7fc5405	Рюкзак заряжает любые инструменты в ваших руках, а также любую броню, которую вы носите. Вы можете носить его как часть нагрудного доспеха или можете создать его с помощью нагрудника, чтобы прикрепить его и получить преимущества как источника питания, так и защиты.
ie-manual:immersiveengineering:powerpack.txt:line:5	sha256:2acc91c53cbe31e9ae08bd9ff74f2892ce3e47ac5bfcd9a20fb413a53877c0af	Обратите внимание, что вы не можете использовать <link;charging_station;Зарядную станцию> для зарядки аккумулятора, пока он прикреплен к броне.
ie-manual:immersiveengineering:powerpack.txt:line:6	sha256:4a63ca731ac31346e829b0c1a4b25c38f96089d10041d2058da826f016bd7529	<br>На следующих страницах подробно описаны возможные улучшения, которые можно прикрепить к аккумуляторному рюкзаку.<np>
ie-manual:immersiveengineering:powerpack.txt:line:7	sha256:866a52de14eedfb45a5bc0165221bb1e60adab9fbb522ba992e63e19aec5c92f	<&antenna>Прикрепив к рюкзаку §2Антенну для зарядки§r, вы сможете заряжать его аккумулятор на ходу! Просто пройдите под <link;wiring;неизолированной линией электропередачи;wire_recipes>, чтобы подключить к ней антенну.<br>
ie-manual:immersiveengineering:powerpack.txt:line:8	sha256:fa72bcca885247559f4534886b51219749d19edfd346e6e7199c1084f5305ed5	Пока вы остаетесь достаточно близко к проводу, антенна будет изгибаться и оставаться подключенной, медленно заряжая аккумулятор от проводной сети.<np>
ie-manual:immersiveengineering:powerpack.txt:line:9	sha256:e46632d882db551e5369de128a9ca67710850217fe6888068dda82259b098a96	<&induction>§2Индукционное зарядное устройство§r позволяет аккумуляторному блоку заряжать все предметы в вашем инвентаре, а не только те, что у вас в руках. Однако из-за того, что не используется прямое проводное соединение, зарядка происходит намного медленнее.<np>
ie-manual:immersiveengineering:railgun.txt:line:0	sha256:a47cb4967170c9ed80e1ac0c66df3f8f8e091ac2b484d53d6a0479b1b1c4efe8	Рейлган
ie-manual:immersiveengineering:railgun.txt:line:1	sha256:bd082a7a091276025daf279fac03086e4171fb4262e096d0ca971cd918fc1ca9	Velocitas Eradico
ie-manual:immersiveengineering:railgun.txt:line:10	sha256:bd2a95ce329f8943406a00b3dd1448c54aa822d9e9007e1e2d945e2045515881	Как и другие инструменты IE, рельсотрон можно модифицировать в <link;workbench;Engineer's Workbench> и настраивать с помощью <link;shader;Шейдеров>.<np>
ie-manual:immersiveengineering:railgun.txt:line:11	sha256:815f4bc41e4cc98e334009c6ee8fd0651b3ecd29fdeaf143cf801aac208a3f0e	<&speed>§2Усовершенствованные радиаторы§r помогают уменьшить перегрев во время процесса зарядки, значительно сокращая время зарядки рельсотрона.<np>
ie-manual:immersiveengineering:railgun.txt:line:12	sha256:be88e98007a9b265508418ef6d68a971356b160d27d2eb1a0625f92740b4c9a9	<&scope>§2Прецизионный прицел§r позволяет приближать объект с помощью рельсотрона. Используйте §l<keybind;key.immersiveengineering.railgunZoom>§r для использования прицела и прокручивайте колесо мыши для переключения между уровнями увеличения.
ie-manual:immersiveengineering:railgun.txt:line:2	sha256:b76fdac3ba4ebc7f45c019f53e486946f666adc164a9aa1d7c06b2ec20fd86b2	Рейлган, или, точнее, переносная индукционная катапульта, — чудо инженерной мысли. Он состоит из двух проводящих ток направляющих, которые разгоняют каретку, а вместе с ней и снаряд.
ie-manual:immersiveengineering:railgun.txt:line:3	sha256:48baf5a7ce832fe7bfbf4fabf20df5b1445ae4c6d39a36e32134bb69433a439f	Этот процесс энергоемкий, но ускоряет различные снаряды до высоких скоростей.
ie-manual:immersiveengineering:railgun.txt:line:4	sha256:769e0fe6e36751edb08de1025c75ba6ce2bc96d3f046edf087b3d0d2575806a9	Чтобы запустить снаряд из вашего инвентаря, нажмите и удерживайте кнопку использования, пока уровень заряда не достигнет 99, затем отпустите.
ie-manual:immersiveengineering:railgun.txt:line:6	sha256:5e037709f26254efae127492e2c0b8412f17a89e02d4e7f7ac5f47e6b22fbfdc	Обычные снаряды — §2железные§r, §2алюминиевые§r и §2стальные стержни§r, а также §2графитовые электроды§r. Можно стрелять и необычными предметами: §2огненными стержнями§r, поджигающими цель; §2стержнями Края§r, способными попасть в эндермена; §2жемчугом Края§r с повышенной дальностью; <link;buzzsaw;§2пильными полотнами§r>, пробивающими цели; и §2трезубцами§r.
ie-manual:immersiveengineering:railgun.txt:line:7	sha256:c6e0c07bcbe7289408c0ede8ffa0ab63251c74dd8c14cbded8694827c1aec05c	Чтобы переключать снаряды, удерживайте Shift и прокручивайте колесо мыши либо нажимайте §l<keybind;key.immersiveengineering.chemthrowerSwitch>§r, если эта клавиша назначена в настройках.
ie-manual:immersiveengineering:railgun.txt:line:9	sha256:df645bc2f6d24bda3c7c647fee0988180485783a07996e348673608c8fb7ffd9	Из-за низкого внутреннего запаса энергии рекомендуется использовать рельсотрон вместе с <link;powerpack;Аккумуляторным рюкзаком>.
ie-manual:immersiveengineering:razor_wire.txt:line:0	sha256:4fdd0332bf06f5beccf077bf604d3e76227175be6585870d10e51601c28b8666	Колючая проволока
ie-manual:immersiveengineering:razor_wire.txt:line:1	sha256:dd7a9097006b5c685d7cb88a777aeef78dfc57e09a92165497c9057f4d8474fa	Огромная яйцерезка
ie-manual:immersiveengineering:razor_wire.txt:line:2	sha256:3d5b0bffd5d3fe96b227511c4cc0028ff7398d95f14cc803cd32f213e718aec9	<&recipe>Колючая проволока усеяна острыми металлическими лезвиями. Она замедляет и режет любое существо, которое пытается пройти сквозь неё.
ie-manual:immersiveengineering:razor_wire.txt:line:3	sha256:88c4261729e2d8d69bc3c24ed5c300193df2dfc9dc30eb72be4a0a5428ed2990	Колючую проволоку можно снять только кусачками: другие попытки ранят игрока. Подключите провод низкого напряжения, чтобы наэлектризовать проволоку и увеличить урон.
ie-manual:immersiveengineering:redstone_acid.txt:line:0	sha256:34e7cb7c686747a0e5e84fa731e0b0b65b464e6ce8603f09572411ce804b7ed0	Редстоуновая кислота
ie-manual:immersiveengineering:redstone_acid.txt:line:1	sha256:7893a4dc07cbc1b7ee272d0ddca625ca129a803b4ebc00d7355387096d1e765d	Цветной электролит!
ie-manual:immersiveengineering:redstone_acid.txt:line:2	sha256:7b03a9fb645c504c7126b6e121049a18e57a876c0796ae9f7a719eed038854c4	Точные свойства редстоуна остаются загадкой даже для самых образованных инженеров. Однако недавние опыты показали, что это кислая соль, которая при растворении в воде образует редстоуновую кислоту.
ie-manual:immersiveengineering:redstone_acid.txt:line:3	sha256:9c3ba198e11f018f2badbc817b13a6c5cc2cce37c807937166c4cb317aa094cb	Кислота недостаточно сильна, чтобы растворять органические вещества, но она оказывает слабое коррозионное воздействие на металл и действует как отличный электролит для <link;accumulators;Аккумуляторов;recipes>.<br>
ie-manual:immersiveengineering:redstone_acid.txt:line:4	sha256:b4f8b430ca22ec7f2e6c8df296b128c30ccd2ec2724ffcb03d8cf71e1043590e	<&mixer>Для массового производства смешайте в <link;mixer;смесителе> 1 порцию §2редстоуновой пыли§r с четвертью ведра воды.
ie-manual:immersiveengineering:redstone_acid.txt:line:5	sha256:56bb0ee3b8322f705e17eb93e5975f0cafbb12921bba5296d428d944a138997d	<&copper>Редстоуновая кислота в <link;chemthrower;химическом метателе> окисляет медные блоки и покрывает их красивой патиной. Тот же эффект даёт <link;bottling_machine;разливочная машина>, расходуя восьмую часть ведра на один медный блок.
ie-manual:immersiveengineering:redstone_wire.txt:line:0	sha256:52bb1405bbab7dbfbf35c8118189ccf076d2282d27d293dcde664a2f82898dd9	Провода из красного камня
ie-manual:immersiveengineering:redstone_wire.txt:line:1	sha256:157ebfdf61e462f5a25da8b8d2fd744220ef712d673b8c5514fb3fbcc0bb964f	Перехват интеграции
ie-manual:immersiveengineering:redstone_wire.txt:line:10	sha256:c5e9d58ce9a819db9646cbd4ad6bac0c15d118b38bf692b3220c35b870bb0640	§lСборщик: §rВыдаёт сигнал, соответствующий заполнению инвентаря.
ie-manual:immersiveengineering:redstone_wire.txt:line:11	sha256:38102c8f0c31ddf70f5c408e2d7eee1edbe2955c485ab51486a43733543bde2b	§lАвтоматизированный верстак инженера: §rВыводит сигнал относительно заполнения инвентаря.
ie-manual:immersiveengineering:redstone_wire.txt:line:12	sha256:ba51e7fd244178dff72146f2413158ce9d52043e3023c2fa2482fb3fed5f425b	§lДробилка: §rВыводит сигнал относительно заполнения инвентаря.
ie-manual:immersiveengineering:redstone_wire.txt:line:13	sha256:8f51b4877bcd29263d4a6ca0ec22751040605ed932b6617978ade4414ba7746c	§lСоковыжималка: §rВыдаёт сигнал, соответствующий заполнению инвентаря.
ie-manual:immersiveengineering:redstone_wire.txt:line:14	sha256:ec7bf9d13aa0658c7c73b4efddb1b4638540087b510e12ba6b3f4655eea3985d	§lБродильный аппарат: §rВыдаёт сигнал, соответствующий заполнению инвентаря.
ie-manual:immersiveengineering:redstone_wire.txt:line:15	sha256:d41c4d0f277b296e0adcb0c626b2af45b7845cf1ba9e9a7cfd6c1bf96d5c5221	§lЭкскаватор: §rВыводит сигнал относительно оставшейся руды в жиле.
ie-manual:immersiveengineering:redstone_wire.txt:line:16	sha256:b48fa5bb4ee5e97b5363b0780f423d438b7c5971bee599614fb75f5fa8037309	§lДуговая печь: §rВыводит сигнал относительно заполнения инвентаря.
ie-manual:immersiveengineering:redstone_wire.txt:line:17	sha256:9f3bb74c69ede80f0133ff044125d4cffebfea97af90256505b48cf87c009e39	Кроме того, подключение компаратора к электродам вверху будет отправлять сигнал на основе их целостности.
ie-manual:immersiveengineering:redstone_wire.txt:line:18	sha256:3bcd237cf8db2d52f66e5279d8e3d4620c08fa85520f0c1509c4f501a1bd6685	§lСмеситель: §rВыдаёт сигнал, соответствующий заполнению инвентаря.<np>
ie-manual:immersiveengineering:redstone_wire.txt:line:19	sha256:6474915d8f2ce9a07f2a9c17ca66851650f5326381a05e9fe1261038f5de5099	<&bundled>§2Редстоуновые интерфейсные разъёмы§r подключаются к блокам, способным использовать цветные сигналы редстоуна.
ie-manual:immersiveengineering:redstone_wire.txt:line:2	sha256:fc3967fb4d088922d8d0d9a1bd5f43d6ec37c1f6e20f45f74abc1909a993a1f7	<&coil>§2Редстоуновые провода§r сделаны из алюминия, покрытого редстоуновой пылью. Они передают сигнал редстоуна на большие расстояния без потери силы.<&connector>§2Разъёмы§r подключаются как обычные разъёмы для проводов, но редстоуновой сети не нужны отдельные реле: разъём и реле здесь являются одним блоком.
ie-manual:immersiveengineering:redstone_wire.txt:line:20	sha256:ff2703af06613c6225bb987f11a74640f41874de708f874fde8414b174e0c51e	Интерфейсный разъём сам по себе неактивен и не имеет цвета, входного или выходного режима. Он позволяет таким блокам, как <link;item_batcher;дозатор предметов>, напрямую взаимодействовать с проводной сетью.
ie-manual:immersiveengineering:redstone_wire.txt:line:3	sha256:12086e5a9b310ef45e7f59961e9540e851dd6049f45c76f0c639409ff20e82cb	С помощью инженерной отвертки разъемы можно настроить между входным и выходным режимами и установить одну из 16 цветных частот.
ie-manual:immersiveengineering:redstone_wire.txt:line:4	sha256:209418dc5d2c69a724a23a910fe00d24a72e023d03a428cf9a006de8073b3827	<&probe>§2Соединители зондов Redstone§r имеют функциональность, аналогичную компараторам Redstone, считывая инвентарные данные на предмет их наполненности. Более того, они могут быть настроены на определенный §l порог сигнала §r и будут выводить сигнал только в том случае, если этот порог достигнут – аналогично компаратору.
ie-manual:immersiveengineering:redstone_wire.txt:line:5	sha256:6b3ec2ec08f8700d4179bd9a2ea35f180afc996717d782b014269e1487b887d9	Кроме того, эти зонды могут работать по двум каналам, отправляя сигнал чтения по одному и получая сигналы по другому. Все эти настройки настраиваются с помощью инженерной отвертки.
ie-manual:immersiveengineering:redstone_wire.txt:line:7	sha256:36860f1b9d9c5db449c04f9bc00f02b68698615e0ecf7c37d5d973715ea387b6	Обратите внимание, что многие мультиблоки IE имеют функцию компаратора, как описано на следующих страницах. Там, где это возможно, поверхность управления мультиблока из красного камня является местом, предназначенным для подключения компаратора. <np>
ie-manual:immersiveengineering:redstone_wire.txt:line:8	sha256:b5d044764cace4632f9cab33d0bf67bc0e56bd73880046fb49619b6e8ecd73eb	§lРезервуар: §rСм. подробности в <link;tank;разделе руководства>
ie-manual:immersiveengineering:redstone_wire.txt:line:9	sha256:49eebea0cf5a77d44bf13c9b6fafee5a1fee17c97a3c1b357fcbc06a274e2b90	§lБункер: §rСм. подробности в <link;silo;разделе руководства>
ie-manual:immersiveengineering:refinery.txt:line:0	sha256:b4debaf8a83c285a03675abad67aa113d04e3f30e946be274e4a1108354f1259	Очиститель
ie-manual:immersiveengineering:refinery.txt:line:1	sha256:7e0a921dce7d73e9ecda9034eeda461eeef46807314be1097e98854a83bfebcc	Смешивание жидкостей!
ie-manual:immersiveengineering:refinery.txt:line:2	sha256:d1d94bdc1f7d64e783301861ac820b83d360637782e59c3391be5cb4509af2a7	<&multiblock>Очиститель — сложный мультиблок, который перерабатывает одну или две жидкости в другую. Чаще всего его используют для производства биодизеля.
ie-manual:immersiveengineering:refinery.txt:line:3	sha256:fcb76125d4862fad5e9f31a5bf4fcaf3833a19109b4ab63c3901db51cade4873	Чтобы сформировать конструкцию, нажмите ПКМ по тяжёлому инженерному блоку в среднем слое.
ie-manual:immersiveengineering:refinery.txt:line:4	sha256:435ad0707d288188e25175e3a6648cc901eebb19e582c46a9224c8d7db63854d	Жидкости вводятся через два порта по обе стороны блока и выводятся через порт, отмеченный оранжевым цветом, на передней стороне. Также возможно использование ведер для взаимодействия с резервуарами нефтеперерабатывающего завода.
ie-manual:immersiveengineering:refinery.txt:line:5	sha256:33aaae57bd8eb58fa71ca89ea9de9959539de02c9fa03dc9b9fb426a934d0566	Подача сигнала красного камня на панель управления спереди остановит процесс работы машины. Это поведение можно изменить с помощью отвертки инженера.
ie-manual:immersiveengineering:refinery.txt:line:6	sha256:a6a906ed71da42ed225ed77dad6979b373f2714473fafd0ec059f61413c579db	<&diesel>Большинство процессов нефтепереработки требуют добавления катализатора для обеспечения реакции. Этот катализатор не расходуется, но без него процесс не пойдет.
ie-manual:immersiveengineering:refinery.txt:line:7	sha256:671bbdb0d791c59e3907e837448c3ac1601c7df421eb53e3cc4a747eeb6c5725	<br>Чтобы получить §lбиодизель§r, смешайте равные части <link;squeezer;растительного масла;start> и <link;fermenter;этанола;start>, используя <link;chemicals;нитратную пыль> как катализатор.
ie-manual:immersiveengineering:revolver.txt:line:0	sha256:b015d3ddeff42d858d06bfc28ab994f070479ba167c7f26d00f16decc9331a16	Револьвер
ie-manual:immersiveengineering:revolver.txt:line:1	sha256:170af624eac879a5fe5d15a57c198e9d2f34590b52d04f8955b084710dc2db70	Разыскивается: живой или мертвый
ie-manual:immersiveengineering:revolver.txt:line:10	sha256:f3ed60d35ec9507d2e57e712715bf8297cbf26e664e44ffcd969d9bb0046ab4a	<&scope>§2Прецизионный прицел§r позволяет приближать объект с помощью револьвера. Используйте §l<keybind;key.immersiveengineering.railgunZoom>§r для использования прицела и прокручивайте колесо мыши для переключения между уровнями увеличения.
ie-manual:immersiveengineering:revolver.txt:line:11	sha256:3bf5a9230b55676c2468f29443168cf33ec9dfef8efc83b471785c662f02ec69	<&bayonet>§2Штык§r позволяет использовать револьвер в ближнем бою и наносить им такой же урон, как железным мечом.<np>
ie-manual:immersiveengineering:revolver.txt:line:12	sha256:ae7f214f6abc4ed39ac0979cdbf7a7b99b1986287ec0112cf28e04ad4e243bc2	<&extmag>§2Увеличенный магазин§r вмещает ещё 6 патронов. Быстрозарядник не перезаряжает этот магазин.<np>
ie-manual:immersiveengineering:revolver.txt:line:13	sha256:373be7098f86d5f1182967d17da30f33be6c9ba8077f92d9110054be78007317	<&tubes>§2Усиливающие электронные лампы§r придают выпущенным снарядам электрический заряд. Он сохраняется до попадания в цель (не спрашивайте как), после чего передаётся ей. Цель на мгновение оглушается, а её энергооборудование немного разряжается.
ie-manual:immersiveengineering:revolver.txt:line:2	sha256:191a537d1d4b332278e02d343a6fddd8329e1162345f317726462bae6f602a13	<&recipe>Револьвер — элегантное оружие более цивилизованной эпохи и достижение точной механики. Впрочем, «точной» лишь относительно: оружие рассчитано на 12-й калибр.
ie-manual:immersiveengineering:revolver.txt:line:3	sha256:49a3035b9b675b88094c79f807cd056b05ce1e8caad97e480f728d968f6cfb9a	Как и шахтёрский бур, револьвер можно улучшать в <link;workbench;верстаке инженера>, как описано на последних страницах.
ie-manual:immersiveengineering:revolver.txt:line:5	sha256:0f6c5a4400222af83d0f4449f8ab5ffdd5169a0670c9ace2e3d8a30d8e456913	Обратите внимание, что стрельба из револьвера довольно шумная и привлекает внимание враждебных мобов в этом районе!
ie-manual:immersiveengineering:revolver.txt:line:7	sha256:a76c009674b9b2e26987e6d6aee9b618ecec556c21a5b0c3f2759d719fa9f3a7	Револьвер принимает разные <link;bullets;типы боеприпасов;>. Чтобы зарядить его, нажмите ПКМ по оружию, удерживая Shift, а затем поместите патроны в слоты.<np>
ie-manual:immersiveengineering:revolver.txt:line:8	sha256:0717edff40c2b660b015b5eaf28c023194e9648ba40228b949760b9dd4a8b4a1	<&speedloader>Заряженный быстрозарядник из инвентаря автоматически перезарядит револьвер после последнего выстрела.
ie-manual:immersiveengineering:sawmill.txt:line:0	sha256:122a0693c622c4fe9fcb05228961912d053f7cb66e3ffad513b624e44926a498	Лесопилка
ie-manual:immersiveengineering:sawmill.txt:line:1	sha256:a03b221c6c6eae7122ca51695d456d5222e524889136394944b2f9763b483615	???
ie-manual:immersiveengineering:sawmill.txt:line:10	sha256:b0f00de77d6a34eeedd86b35f3ecfc71998bc6e9f6da5d4baebc1392de9ae677	Брёвна, пропущенные через машину без пильного полотна, превращаются в §2обтёсанные брёвна§r и не распиливаются на доски. Это намного быстрее, чем снимать кору вручную.
ie-manual:immersiveengineering:sawmill.txt:line:12	sha256:37303b11c53982e17eab2632e025d9764dd9a2ad63084b5749c6cefd214f4384	Пильное полотно изнашивается во время работы, поэтому со временем его придётся заменить.
ie-manual:immersiveengineering:sawmill.txt:line:2	sha256:eab8b7a4d061cd82baaab65a2f56ffc94f29789c477b663324bdb1fe1db0cdd1	Лесопилка — это агрегат, который распиливает деревянные бревна на аккуратно сложенные доски. Машина работает в два этапа: сначала снимается кора с бревна, а затем с помощью <link;buzzsaw;пильного полотна> распиливается зачищенное бревно на части.<np>
ie-manual:immersiveengineering:sawmill.txt:line:3	sha256:7339a2a248308339caa4457bd8e0808084cca1e9e9cc1f07cd4775685064c581	<&sawdust>На обоих этапах процесса образуются §2опилки§r, которые собираются и выводятся через порт в передней части машины. Эти опилки впоследствии можно будет переработать в бумагу.<np>
ie-manual:immersiveengineering:sawmill.txt:line:4	sha256:31891af28f208fa38553499048718fae4d608ef86e3c91a3581876ad450ec0b0	Соберите машину, как показано на первой странице, и примените §2молот инженера§r к центральному блоку листового металла.
ie-manual:immersiveengineering:sawmill.txt:line:5	sha256:fb5d116c76b0dccbe5a34dbe012deee256017504ec28d51e2cbf7301c1a1d8d0	Подача сигнала красного камня на панель управления спереди остановит машину. Это поведение можно изменить с помощью §2Инженерной отвертки§r.
ie-manual:immersiveengineering:sawmill.txt:line:7	sha256:94fafeb779981bf9bebc9272f93143c8a0d550bbd9b6a0e0e94bdc7062d603c4	Попытка снять пильное полотно во время работы может привести к травме. Чтобы убедиться, что машина не работает, отключите ее с помощью красного камня, пока машина пуста. <np>
ie-manual:immersiveengineering:sawmill.txt:line:8	sha256:940eba33b46a3bcdf961e58e3843bd4258e1b291fe9dd5983a91870fbc577339	Для работы изготовьте <link;buzzsaw;пильное полотно> и вставьте его в задний слот нажатием ПКМ. Чтобы вынуть полотно, нажмите ПКМ, удерживая Shift.
ie-manual:immersiveengineering:shader.txt:line:0	sha256:ce323f074444c4ff85aa325df7057edcc8770845b02299bfa55be44e738eafcd	Шейдеры
ie-manual:immersiveengineering:shader.txt:line:1	sha256:4177147fe65b026cc5fb90d400cb78fed5113d4050b777fb2dfe918fb3d194b8	Синий! Нет, желтый!
ie-manual:immersiveengineering:shader.txt:line:2	sha256:1c1e1ea6c7449728986e19eeef6bd61646735d536f7bf6f128dfc325ba394746	Шейдеры можно найти в мире или купить у жителей. Сами по себе они бесполезны, но меняют внешний вид <link;revolver;револьверов>, <link;mining_drill;буров>, <link;chemthrower;химических метателей>, <link;shield;тяжёлых пластинчатых щитов>, <link;railgun;рейлганов> и, возможно, других предметов. Поместите предмет в <link;workbench;верстак инженера> и установите шейдер в нужный слот.
ie-manual:immersiveengineering:shader.txt:line:3	sha256:fc5dc778b9742a641b62b126bf74ce86564d1399505374c898c9156b0fb73f1e	Вы также можете применить их к вагонетке, баннеру или <link;balloon;Воздушному шару>, щелкнув по ним ПКМ!
ie-manual:immersiveengineering:shader.txt:line:5	sha256:8be1fd882cef6dd3f32097d3110fa6581684b69a290f41580cfbce5d2bb6e038	Для получения полного списка всех доступных шейдеров, их внешнего вида, ссылок и более подробной информации, <link;shader_list;нажмите здесь>.<np>
ie-manual:immersiveengineering:shader.txt:line:6	sha256:2af6be0526c2c4aee6b5f28eef8ca28511dccdf5e7a7ff0ebcdc90ff8dedbf5a	<&grab_bag>Мешок с шейдером содержит случайный шейдер. Его можно найти в ящиках, купить у жителей или получить с босса. Редкость шейдера не ниже редкости мешка. При открытии чаще выпадает шейдер, которого у вас ещё нет.
ie-manual:immersiveengineering:shader.txt:line:7	sha256:700ad8c5b8b6e0b06e2642317ec3789e66bc973ff5727cad8a0d19257d18e759	Мешок с шейдером можно превратить в два мешка уровнем ниже. Редкие шейдеры будут попадаться реже, зато попыток станет больше.
ie-manual:immersiveengineering:shield.txt:line:0	sha256:efab842eb370492f79eafd0b308ed15a33dc73663a606bfe98170576c3770aec	Тяжёлый пластинчатый щит
ie-manual:immersiveengineering:shield.txt:line:1	sha256:88920423720cb0bed81bba37e51a112d44c181e54220d80772a4d5134e54fe54	Фаланга одного человека
ie-manual:immersiveengineering:shield.txt:line:2	sha256:dd67801538aeec073f50a2ae306fbba81df27af3c3edc5a34096c17523fc260e	<&recipe>Тяжёлый пластинчатый щит — прямое улучшение обычного деревянного щита. Он так же блокирует большую часть урона спереди, но намного прочнее и поддерживает улучшения.<np>
ie-manual:immersiveengineering:shield.txt:line:3	sha256:59c80f443a56efc976271e79af45d2ea6c607a0fcd579ce1732e4b62794030e0	<&flashbulb>Улучшение §2Лампа-вспышка§r добавляет яркую лампочку и экран-отражатель на щит. При атаке устройство излучает яркую, ослепляющую вспышку, дезориентирующую всех, кто находится перед игроком.<np>
ie-manual:immersiveengineering:shield.txt:line:4	sha256:ece98491e40365fb0cf6f7d1074cef7fec33ab60ede78fcd0db3cf70b8544e8a	<&electric>§2Шоковые излучатели§r позволяют отвечать на атаки. При попадании по щиту они бьют нападающего током и наносят небольшой урон. Кроме того, снаряды не просто останавливаются, а испаряются.<np>
ie-manual:immersiveengineering:shield.txt:line:5	sha256:01685ce4d0df5fff8e68906ca5d1f343d9f5d4963c892b11cdbef2133b3f6d56	<&magnetic>§2Магнитная перчатка§r помогает быстро достать щит при опасности. С этим улучшением дважды нажмите §l<keybind;key.immersiveengineering.magnetEquip>§r, чтобы переместить щит из инвентаря во вторую руку.
ie-manual:immersiveengineering:silo.txt:line:0	sha256:d16c3275b35f9f39756bb6bcb34b7c679cc866fccb47908aaed887c88d483d49	Бункер
ie-manual:immersiveengineering:silo.txt:line:1	sha256:677dabc40c7abd01b3b2fa8c1d04baf8a39d55c15cb7ab96514b6848ef75b9e5	Полный до краёв!
ie-manual:immersiveengineering:silo.txt:line:2	sha256:5fa6b9ee5b5ad699b18de38d65b577b2dc1396792fdf0d8101e1ddcaa2c29597	В бункере помещается множество предметов одного типа, поэтому он отлично подходит для массового хранения семян, шлака или булыжника. Вместимость — 41472 предмета, как у 24 сундуков.
ie-manual:immersiveengineering:silo.txt:line:3	sha256:1ab3b232412b6b8ddd970f769132eb84ddc30765f39f7e1293ce3282b32f6a86	Предметы необходимо подавать сверху, а извлекать снизу. Подача сигнала редстоуна на нижний блок снизу сделает извлечение предметов автоматическим.
ie-manual:immersiveengineering:silo.txt:line:4	sha256:b8790653e239501ab3c032a235e7179806f7496b91845e4e19f592206eeafd4b	Компаратор на нижнем центральном блоке выдаёт сигнал, пропорциональный заполнению бункера. Если установить компаратор на один из 6 верхних слоёв, порог будет зависеть от его высоты. Например, компаратор на третьем слое не выдаёт сигнал, пока бункер не заполнен на 2/6, а при заполнении наполовину или больше сила сигнала равна 15.
ie-manual:immersiveengineering:skyhook.txt:line:0	sha256:d45c6c5f4654daa22d342bbebc3862bdb1cd19967b164ef48a53862bb682e080	Небесный крюк инженера
ie-manual:immersiveengineering:skyhook.txt:line:1	sha256:fcf38efc2dd67b4eb55f6c54aae3f47ebf3b38789d18b4696c18837bf4cdc67d	Букер, лови!
ie-manual:immersiveengineering:skyhook.txt:line:2	sha256:ffded04764e01c6199488b18d52f5dff77c51672e4b151fd4682c4a21740c389	Небесный крюк инженера — моторизованный захват, который цепляется за провода, пеньковые канаты и стальные тросы.
ie-manual:immersiveengineering:skyhook.txt:line:3	sha256:b0fc95c495863abab0fc28c8da7013d7f4e52086e0ee726aec9d9ab430171e2f	С его помощью инженер быстро проедет вдоль линии электропередачи между подстанциями и другими объектами. Находясь рядом с проводом, удерживайте ПКМ, чтобы зацепиться.
ie-manual:immersiveengineering:skyhook.txt:line:4	sha256:c7efbed8f0bff576c9761b876c185c7ba1589ce860301bd3a6fc1d67a56e5d3e	Во время движения кнопку можно отпустить, но если убрать крюк из руки или нажать Shift, вы отсоединитесь.
ie-manual:immersiveengineering:skyhook.txt:line:6	sha256:0786f3f32c1744e9edf5c722f6b235236613bf10478f67e96a6265ee5858ca01	По наклонённым вниз проводам достаточно быстро перемещает сила тяжести, а для подъёма по проводам используйте обычные клавиши движения.
ie-manual:immersiveengineering:skyhook.txt:line:7	sha256:6e5b92f2c294cd749620dddce81e4406002a31156a147636f3a2846a75d72e99	Когда Небесный крюк инженера достигнет перекрестка, он продолжит движение как можно ближе к направлению, в которое смотрит игрок.
ie-manual:immersiveengineering:slag.txt:line:0	sha256:b19f4328514409d60cf5b94711d8214c196fe10480c35348e5f3abaa5bf334f9	Переработка шлака
ie-manual:immersiveengineering:slag.txt:line:1	sha256:e5e2ae3fc334f9264c30a9e09eadb2595a21a1a4ac89d7f63646f60eda7e023d	Ноль отходов!
ie-manual:immersiveengineering:slag.txt:line:11	sha256:a3ee0aa6c981fa0e0505597974bb0e5bfc33b06e66db66b8f11303732df3e639	Из шлаковых кирпичей можно формовать лестницы, плиты и стены, имеющие небольшой подоконник из обожженного кирпича на самом верхнем слое.
ie-manual:immersiveengineering:slag.txt:line:2	sha256:2d7d8364830a11d29c134ac6bc0d543d8be7af910cdda99d04b1c6a709e94a13	Хотя шлак считается отходом <link;crude_blast_furnace;доменной печи>, его свойства позволяют использовать его повторно несколькими способами. Специальное использование подробно описано на следующих страницах.
ie-manual:immersiveengineering:slag.txt:line:4	sha256:82963eab0e5fc688208bc28ad544157c90c5bfc255e0eecab7fe2e500ca78fb5	Из шлака можно изготавливать различные строительные блоки, включая две трети <link;concrete;бетонной смеси> и стекло. Кроме того, благодаря своему минеральному составу шлак можно использовать для создания <link;chemicals;промышленных удобрений;fertilizer>
ie-manual:immersiveengineering:slag.txt:line:5	sha256:621beae456861cad179e941b85e5a0c038d420953afa9888b175ac9d128b8135	<&slag_gravel>§2Шлаковый гравий§r — это шлак, переработанный в <link;crusher;Дробилке> до грубой зернистости. Он ведет себя так же, как и любой другой гравий, и его можно измельчить в песок.
ie-manual:immersiveengineering:slag.txt:line:7	sha256:e4f03c098d35ece536a9d131b9221e7b19be57c1828057d516cc9b5dd26a5bd8	Кроме того, шлаковый гравий содержит ценные питательные вещества для водной флоры. Любые водные растения, посаженные на этом участке (например, ламинария), имеют тенденцию расти быстрее, чем на других блоках.
ie-manual:immersiveengineering:slag.txt:line:8	sha256:d9b607d39410a04c6797d91d5d9e7dfa40a504189c6994f1bc296d6a9c051fff	<&slag_glass>При плавлении шлака в обычной печи, а не его дроблении, он превращается в §2шлаковое стекло§r, твердый полупрозрачный материал. Он уменьшает силу проходящего через него света и может использоваться в качестве изолятора в <link;wiring;высоковольтных реле;connector_recipes>.
ie-manual:immersiveengineering:slag.txt:line:9	sha256:09402186bddc16d3b4650196066df1d22474bcc93d9998f403efae7674c4e082	<&slag_bricks>§2Шлаковые кирпичи§r — это шлаковые кирпичи, которым в результате обработки или резки камня придают стеклянный вид. Благодаря своей остеклованной конструкции шлаковые кирпичи имеют более высокую плотность и прочность, чем обычные глиняные кирпичи, и легче выдерживают взрывы.
ie-manual:immersiveengineering:squeezer.txt:line:0	sha256:659935e759b67a1adfe56683abde845c9ec2860b7862d909bfbc62d8bf06caf2	Соковыжималка
ie-manual:immersiveengineering:squeezer.txt:line:1	sha256:4343c97bb5498031176620b080cb63f5cb06dfed7667f0cb9d6bbf1fa54b2054	Актуальные вопросы
ie-manual:immersiveengineering:squeezer.txt:line:2	sha256:f94db3a8024a693f0f1a2215cecc440acac4b35f2c09496c8eba5eae67193171	Соковыжималка — мультиблочная конструкция, которая большим поршнем выжимает сок или масло из органических материалов. Соберите её, как показано выше, и примените молот инженера к центральной деревянной бочке со стороны инженерных блоков.
ie-manual:immersiveengineering:squeezer.txt:line:3	sha256:cc6f953b637eebc5848d308e21481cd9849cf45a67be0f74143edabee5551418	Предметы можно подавать в Соковыжималку через два люка сзади, отмеченные синими точками. Люк с оранжевой точкой служит для извлечения предметов, а блок под ним - для извлечения жидкостей.
ie-manual:immersiveengineering:squeezer.txt:line:4	sha256:33aaae57bd8eb58fa71ca89ea9de9959539de02c9fa03dc9b9fb426a934d0566	Подача сигнала редстоуна на переднюю панель управления - остановит работу машины, это поведение можно изменить с помощью Отвёртки инженера.
ie-manual:immersiveengineering:squeezer.txt:line:5	sha256:cb9521a2349fe523f235a058d4fa8f15728213e9726e30f16ce98a7b3884a240	<np>Ниже перечислены предметы, из которых можно выжать растительное масло, и получаемый объём.<&list>
ie-manual:immersiveengineering:tank.txt:line:0	sha256:c0b21fb164deefc90926e559b64753c1c9ed1d14b09f3b8f283e8fe5df4cf2c4	Жидкостный резервуар
ie-manual:immersiveengineering:tank.txt:line:1	sha256:677dabc40c7abd01b3b2fa8c1d04baf8a39d55c15cb7ab96514b6848ef75b9e5	Полный до краёв!
ie-manual:immersiveengineering:tank.txt:line:2	sha256:f140793503cb44d6ed132c8479c1598cbc7a7a13847394447958dddfaf543b32	Резервуар — мультиблок для хранения до 512 вёдер любой жидкости. Подавайте жидкость через верхний или нижний блок, а извлекайте только через нижний центральный. Сигнал редстоуна на нижнем центральном блоке включает автоматический вывод; установленный там компаратор выдаёт сигнал, пропорциональный заполнению. Если поставить компаратор на один из 4 верхних слоёв, порог будет зависеть от его высоты. Например, компаратор на втором слое не выдаёт сигнал, пока резервуар не заполнен на 1/4, а при заполнении наполовину или больше сила сигнала равна 15.
ie-manual:immersiveengineering:tesla_coil.txt:line:0	sha256:2594cb66ed079c876ad085622b167b2f74d18bd49459e219e4937c4786e0b682	Катушка Теслы
ie-manual:immersiveengineering:tesla_coil.txt:line:1	sha256:87da41cbbd78e3bea71b2af9a6cbae52e2e92b4f99b02814f102e2d16e9cd1c2	Вот и дошли до 11
ie-manual:immersiveengineering:tesla_coil.txt:line:2	sha256:b97c6ddf9872d4b3cb2b0817323ba848c9d969f517b9d3133610eb6619a0bc18	<&tesla_coil_recipe> Катушка Теслы возникла как концепция беспроводной передачи энергии. Однако из-за потенциально высокого уровня потерь и довольно интересного свойства поджаривать каждое живое существо в радиусе 6 метров она быстро превратилась в мечту инженеров о защите дома.<np>
ie-manual:immersiveengineering:tesla_coil.txt:line:3	sha256:af97466618b6b03904cb1d51611d67520856876e8602e9cc81b9f3fda812adfd	Затраты на обслуживание этой машины высоки: стандартное значение в 256 Flux при пассивном потреблении, плюс дополнительные 512 каждый раз, когда она наносит урон.
ie-manual:immersiveengineering:tesla_coil.txt:line:4	sha256:056cec7b83f987e6085c33d774a608c5cc3f0c1fbcb398f527b77e05ee4e8c88	Катушка отключена, если на неё не поступает сигнал редстоуна. Нажмите ПКМ отвёрткой, чтобы изменить это поведение.
ie-manual:immersiveengineering:tesla_coil.txt:line:5	sha256:cb2d6ee650f0ce780d30fcd80588a58d3b842464e7ba8600cab9e39ef98b2072	Помимо урона, удары током также накладывают отрицательный эффект «Оглушение», не позволяющий существам телепортироваться.
ie-manual:immersiveengineering:tesla_coil.txt:line:6	sha256:06b49146ce53383a4bb2b435385761a1ba7b68d5629b207aaa37ef28415f71bf	Нажмите SHIFT+ПКМ, чтобы переключить катушку между режимами высокой и низкой мощности. Для обеспечения безопасности катушка должна быть отключена. По умолчанию она находится в режиме высокой мощности. Когда катушка находится в режиме пониженного энергопотребления, она будет использовать вдвое меньше энергии, а также уменьшит радиус в 2 раза.<np>
ie-manual:immersiveengineering:tesla_coil.txt:line:7	sha256:2490ba64b4cc27c262e7bedb939f2ac57340a444d30abee091f6375d35d7f58a	<&faraday_recipes>Полный костюм Фарадея защищает от катушки в режиме низкой мощности, хотя молния всё равно будет попадать в вас. Он также защищает от неизолированных проводов. В режиме высокой мощности катушка применяет более смертоносный разряд, который плавит костюм, увеличивает получаемый урон и повреждает саму броню.<np>
ie-manual:immersiveengineering:tesla_coil.txt:line:8	sha256:8b5c05bbd829c740ab48f2d8bc6bc0d6ba4966072fa97cb47f820477a691d5ba	<&tube_recipes>Люминесцентные лампы светятся в сильном высокочастотном электрическом поле. Его создаёт любая катушка Теслы, поэтому лампа рядом с активной катушкой начинает светиться. Дальность примерно в 1,5 раза больше радиуса поражения молнией. Лампы можно красить в верстаке инженера и поворачивать ПКМ молотом инженера при зажатом Shift. Чтобы забрать лампу, нажмите по ней ПКМ пустой рукой, удерживая Shift.
ie-manual:immersiveengineering:thermoelectric.txt:line:0	sha256:7e881f7d048e1dfbf5672d11ec21a80a21c7a5c3ca7f9f38c1f013929ab0f24b	Термоэлектрический генератор
ie-manual:immersiveengineering:thermoelectric.txt:line:1	sha256:368ea9ec2a438d56fb2718f2ddb3436661d85c315d79ce7b810912f8d7bb24e8	Горячо и холодно
ie-manual:immersiveengineering:thermoelectric.txt:line:2	sha256:8a7416ab16f1bc75d574ca5230364df6837b347496342d3bd76d8d1a89c8c98e	<&recipe>Термоэлектрический генератор вырабатывает энергию без механических деталей, используя разницу температур двух источников.
ie-manual:immersiveengineering:thermoelectric.txt:line:3	sha256:7224a1c3ed7f0fac70d0813caf9b440a63babac56cab14b01238482869270b0e	Размещение горячей жидкости на одной стороне и более холодной жидкости на противоположной стороне генерирует энергию, основанную на разнице между двумя температурами.
ie-manual:immersiveengineering:thermoelectric.txt:line:4	sha256:679141f8d6c22a4be85996000e5df127f4a3dd1bc03b304437b0ff5815a3567a	<&values>Список ниже содержит другие, не текучие блоки, которые можно использовать в качестве источников температуры.
ie-manual:immersiveengineering:toolbox.txt:line:0	sha256:f878aa0ba9c5d60d76e427a3810e7f55c048971f1d1190b00ed23cfcefd7d28d	Набор инструментов инженера
ie-manual:immersiveengineering:toolbox.txt:line:1	sha256:c8a457c851630f1ba3dafeefe64ee855e3b1a52b190bf0aea437559d6e0ece98	Сумочка инженера
ie-manual:immersiveengineering:toolbox.txt:line:2	sha256:86e6fe43cc697178a3677454e47083ea37033da0386a5c4aa98136c14d7fd451	Набор инструментов — простой переносной контейнер со всем необходимым инженеру. Наведите курсор на слот, чтобы узнать, какие предметы он принимает.
ie-manual:immersiveengineering:toolbox.txt:line:3	sha256:e64f4763b976e9889e3dab8f4ea0b9c6ef0a8bf969bc4b5f4b6d0f75aef18fdf	«Еда» и «Что угодно» говорят сами за себя. В слоты «Проводка» помещаются катушки, разъёмы и похожие предметы, а в «Инструменты» — любые инструменты IE, а также кирки, лопаты и топоры. Чтобы поставить ящик как блок, нажмите ПКМ, удерживая Shift. Установленный ящик открывается по ПКМ. Повторное нажатие ПКМ с зажатым Shift позволяет забрать его.
ie-manual:immersiveengineering:treated_wood.txt:line:0	sha256:119684b30f4e0ab4d99352e3e1755b0f4519a334b457f45b5abf8131118b3b31	Обработанная древесина
ie-manual:immersiveengineering:treated_wood.txt:line:1	sha256:84159d895f6ca854182de477b5ac045dce1f9c33bed182d0904fb191500d22b8	Высокая прочность
ie-manual:immersiveengineering:treated_wood.txt:line:2	sha256:63c72f1095567e52c864f9ee0ad1945f8757e5cfbe870e32dbb5dd1a6dc96af3	<&treated_wood>Обработанная древесина — обычные доски, пропитанные <link;cokeoven;креозотовым маслом;outputs>. Несмотря на простоту, это один из важнейших материалов Immersive Engineering, поэтому готовьтесь делать его в больших количествах.<np>
ie-manual:immersiveengineering:treated_wood.txt:line:4	sha256:96c88525a6a3c036ce97dd5e5ad35d4073ca27ded530c089f8d6442c592d576a	<&posts>Столбы из обработанной древесины служат отличными опорами для проводных разъёмов. Их высота — 4 блока, поэтому для установки нужно достаточно свободного места.
ie-manual:immersiveengineering:treated_wood.txt:line:5	sha256:0c1cc36434e3b78e69250146480428654af1b9fcc8560fec87963b23075dba40	Примените молот к боковой грани верхнего блока, чтобы прикрепить к столбу кронштейн.
ie-manual:immersiveengineering:treated_wood.txt:line:6	sha256:e4690c5ffc5a327672433a328e0c9387a2a860941696623c950ad699963b2dd5	Вы также можете разместить <link;wiring;трансформаторы;transformer_recipes> на столбе, что сделает его менее заметным.
ie-manual:immersiveengineering:treated_wood.txt:line:7	sha256:a3446cc68cbc2a631eb24538dcc619717bc6560ef059e84b1459a3cbb78e38c6	Если разместить блоки под выступами деревянного столба, они перевернутся. <np>
ie-manual:immersiveengineering:treated_wood.txt:line:8	sha256:2fce377cfb0eb7dbd2628f8563e809afbdb668bdd7c5b2f880367873c22d52f9	<&wallmount>Обработанную древесину также можно использовать для изготовления §2Настенных креплений§r, которые могут быть очень полезны для визуально привлекательного крепления разъемов без использования стоек.
ie-manual:immersiveengineering:turntable.txt:line:0	sha256:0ff34da51d01796db54f5da6c324cb09238e35e2efade7b164e0b70133799f18	Поворотный стол
ie-manual:immersiveengineering:turntable.txt:line:1	sha256:3f9d9729f1889ea9321b03ee8766e608a47f131a430a8282f28b26d74936578c	Не могу угнаться
ie-manual:immersiveengineering:turntable.txt:line:2	sha256:eb6ca242f41e5a53fd8ae573cca1cd72612a20887e7b8dd2d980dc18a900025c	<&recipe>Поворотный стол будет вращать блоки, поставленные напротив него.
ie-manual:immersiveengineering:turntable.txt:line:3	sha256:c4b79203e7fb63b4617cb56d5b099a756e22bf9bc0e715f39b2b98a2e076dcb7	Удерживая Молот инженера, глядя на одну из сторон машины, вы видите её вращающую сторону и направление поворота, связанное с целевой стороной.
ie-manual:immersiveengineering:turntable.txt:line:4	sha256:c30a99c420144c4c533c416697424bf66b1c7a8185299b3d381de6323479912f	Направление задаётся отдельно для каждой из 4 сторон вокруг оси. В зависимости от стороны, получившей сигнал редстоуна, блок повернётся на ±90° или 180°.
ie-manual:immersiveengineering:turntable.txt:line:6	sha256:a541d48e3b9c4faae16c501e768ab468966d9e4c90d8ae884aa80010155cb259	ПКМ молотом меняет ориентацию блока, а ПКМ с зажатым Shift переключает направления поворота.
ie-manual:immersiveengineering:turrets.txt:line:0	sha256:0d96364d9ae7131afe1b7462c04b1003451be1161979e310d0d018d8aef271a9	Турели
ie-manual:immersiveengineering:turrets.txt:line:1	sha256:69b81bb4dec2efcceaace23f0995ca76db977f78fe69e8e72e9d454cab9b1bb4	Ты всё ещё там?
ie-manual:immersiveengineering:turrets.txt:line:10	sha256:9f9dad3b725a4f65a6f4967929a36d68a356038e8333fd1b7f71a0d20d6af469	<&turret_gun_recipe>Пулемётная турель содержит сильно изменённый механизм <link;revolver;револьвера;start> в гораздо более крупном и внушительном корпусе. Увеличенный магазин повышает внутренний запас боеприпасов.<np>
ie-manual:immersiveengineering:turrets.txt:line:11	sha256:cc5e8c863f0c7b7c06a645f1dc376c6389f67d4000ed840a3b964c831ed66409	Порт для автоматической подачи патронов и извлечения гильз расположен в задней и нижней части основания. Эта турель может хранить до стака патронов, а в графическом интерфейсе имеется кнопка для переключения автоматического извлечения гильз.
ie-manual:immersiveengineering:turrets.txt:line:13	sha256:bba2f379c6026c0b6615afb3efb15ffe37ec6c0e40d2b09797180aead9d7162a	§oОбратите внимание, что некоторые патроны могут нанести побочный ущерб игроку или его имуществу.§r
ie-manual:immersiveengineering:turrets.txt:line:2	sha256:a3711a3cb89a78ba39cdacd295aaeed81b19651acc82f42bf748b60bf38af503	Турели — следующий шаг в автоматической защите фабрики. Сложная оптика и электронный «мозг» позволяют им распознавать и захватывать цели, а встроенное оружие — нейтрализовать их.
ie-manual:immersiveengineering:turrets.txt:line:3	sha256:e16a4efdb418511f8e983ea0d1bf1f378e7fe01e688b693d299fc322b3ab3895	Все турели имеют энергетические порты в основании и требуют сигнала редстоуна для работы, хотя это поведение можно изменить, нажав SHIFT+ПКМ отвёрткой инженера.<np>
ie-manual:immersiveengineering:turrets.txt:line:4	sha256:c7c0aec10ecaaaaf52e4040e5d62c74629eec28611d52fb6f13cefd0e3e87f93	После установки турель запоминает владельца и не позволяет другим игрокам ломать или настраивать её. Нажмите ПКМ, чтобы открыть интерфейс со списком имён, полем ввода и несколькими параметрами выбора целей.
ie-manual:immersiveengineering:turrets.txt:line:5	sha256:530484355fa4f2354e98e680a951d463ede0bcceb74c6eaef3877d09fbb42b0b	По умолчанию список представляет собой черный список целей, которые не могут быть атакованы. В этом списке используются имена существ, поэтому животных можно занести в белый список.<np>
ie-manual:immersiveengineering:turrets.txt:line:6	sha256:5cb4490685f20e70f83829c6c12a0f4729c7b9e0ad86a5d82922bf2ae551298e	<&turret_chemthrower_recipe>Химическая турель использует возможности <link;chemthrower;одноимённого инструмента;start> для полива целей чем угодно - от воды для тушения пламени до дизельного топлива для воспламненения.<np>
ie-manual:immersiveengineering:turrets.txt:line:7	sha256:4d9b24b5e6d6e840c30e81167a2272098d60ab05ed6f1aa0a9e5af833cdca5ac	У этой турели есть порт для жидкости сзади в нижней части основания. Кнопка слева в интерфейсе включает и выключает запальник, который поджигает распыляемую жидкость, если та горюча.
ie-manual:immersiveengineering:turrets.txt:line:9	sha256:f177d2a5982bc18e303cab083199c3eb25c79bc12e1654c463f484fbb5f637ca	§oПоставщики данного чертежа не несут ответственности за возможный ущерб, нанесенный игроку, соседям или различным домашним животным.§r<np>
ie-manual:immersiveengineering:villagers.txt:line:0	sha256:4ee95d38c1eca5fd91434f33ae138eb28efd36e8a98dc6987e5330ff7d863717	Жители деревни
ie-manual:immersiveengineering:villagers.txt:line:1	sha256:31619b2664b4084cac9678557191923873f8370becce55cf69a39f30fe9e3e25	Житель с дипломом
ie-manual:immersiveengineering:villagers.txt:line:10	sha256:e87b9eaf4d82f812233bef8e8386e51bc4f414b75c3d2a55fcac5ed660e739a6	<&gunsmith>§lОружейник§r занимается ставшим популярным огнестрельным оружием. Кроме разных боеприпасов, он продаёт редкие детали для <link;revolver;револьвера;start>, влияющие на его характеристики.
ie-manual:immersiveengineering:villagers.txt:line:11	sha256:70a494e8f5a939b6d94f9a0c29dcf7b703e2659f5bc554ad19566f4fef6f92a7	Их рабочая станция — это §2Инженерный верстак§r.<np>
ie-manual:immersiveengineering:villagers.txt:line:12	sha256:1e21767811b885a95090551106a1dbbfece37348935dbbbfeb6f4e74290df60c	<&outfitter>§lМодельер§r может показаться не самым традиционным инженером, но его работа требует не меньшей точности. Пока другие производят компоненты и собирают конструкции, модельер создаёт уникальные цветовые узоры — <link;shader;шейдеры;start>.
ie-manual:immersiveengineering:villagers.txt:line:13	sha256:27ff34e9c402d9d047a672405b622a83bbcda8adc93c6d0416c1d913cecb42dc	Он продаёт мешки со случайными шейдерами. Его рабочее место — §2шейдерный баннер§r, который создаётся применением шейдера к установленному обычному баннеру.
ie-manual:immersiveengineering:villagers.txt:line:2	sha256:2695e6429f8d9986f46a288adbe93a35bb1997a91ee093e2f7a49d6ea636b7d5	Во время своих путешествий вы, возможно, встречали различные деревни и их прилежных жителей.<br>
ie-manual:immersiveengineering:villagers.txt:line:3	sha256:090141ce63064724bacfe1d86ae44c44821ff47ad74c01204b831c51bf0c3273	Некоторые из них действительно имеют квалификацию инженеров! Здесь описаны их профессии и товары.<np>
ie-manual:immersiveengineering:villagers.txt:line:4	sha256:338d1688bc0c4a9827854f2d6e32bb2345a95f5f2080cf2c2eeac4401cba9496	<&engineer> §lИнженер-конструктор§r занимается строительными материалами, такими как обработанная древесина, строительные леса и бетон. Если вы подружитесь с ними, они могут даже продать вам карту сокровищ близлежащей <link;minerals;Минеральной жилы;start>...
ie-manual:immersiveengineering:villagers.txt:line:5	sha256:9539f92fd2158bc811f935e72e81f887393acaf434c3c11631722b307d959f2c	Его рабочее место — §2поворотный стол§r.<np>
ie-manual:immersiveengineering:villagers.txt:line:6	sha256:8a57f040c45a338b8000c5f4d155ae527965918060db0c817dd2c8c1ad301cb1	<&machinist> §lМеханик§r является экспертом в области металлов, механики и инструментов. Они продают молотки, ящики для инструментов и сверлильные головки. Очень опытные станочники даже умеют чертить чертежи <link;graphite;графитовых электродов;electrode>.
ie-manual:immersiveengineering:villagers.txt:line:7	sha256:eee54b968746e1949cde5721e4532458d335fd126e178905770a048d1a8304ab	Его рабочее место — §2рабочий стол инженера§r.<np>
ie-manual:immersiveengineering:villagers.txt:line:8	sha256:8e5e89b1f35cc6e45ab0e1b7e748e02d809601adc9c15ffe67de2034d73cfa2e	<&electrician> §lЭлектрик§r предлагает кусачки, катушки проволоки и кусочки костюма Фарадея. У некоторых менее уважаемых жителей деревни также могут быть запасы экспериментальных улучшений оружия...
ie-manual:immersiveengineering:villagers.txt:line:9	sha256:fade6fb396d389ff1fe26e09a3e73e9efc8a29ba137aacbd1ee25a96e4414e14	Его рабочее место — §2инженерный стол для схем§r.<np>
ie-manual:immersiveengineering:wiring.txt:line:0	sha256:dbb001266080a24c0ef01777c02ab76cf0fc665e884f5a9bd3f172371142cd9d	Базовая проводка
ie-manual:immersiveengineering:wiring.txt:line:1	sha256:3b8f00661ee1b3dc8d1e349687d556720afce5151fc5e3cd9eb7f8a604130b19	Бзззт!
ie-manual:immersiveengineering:wiring.txt:line:10	sha256:3ef8f3047151f3fde2b54b13d4541b051f2a0176b0e779b860e714712872ef2a	Проводные соединения разорвутся, если установить блок, блокирующий провод.<np>
ie-manual:immersiveengineering:wiring.txt:line:11	sha256:78b64c438f010d8aab29d12d513c609ecfd7b2b8539a02c40f01dee0c75122d7	<&connector_recipes>§lРазъёмы§r служат входами и выходами энергетической сети. Установите их на аккумуляторы или другие устройства, принимающие Flux, чтобы передавать энергию по проводам. §lРеле§r не принимают и не выводят энергию, а только соединяют провода.<np>
ie-manual:immersiveengineering:wiring.txt:line:12	sha256:335fae8839d631b4cb338bf1f90279da119015d0cd611c41cdabd2d3ba33e9a6	<&transformer_recipes>§lТрансформаторы§r позволяют переходить между разными типами проводов. Самый слабый провод ограничивает скорость передачи. Обратите внимание, что трансформаторы высокого напряжения могут понижаться до низкого или среднего напряжения, поэтому вам не нужно соединять два трансформатора в цепь.
ie-manual:immersiveengineering:wiring.txt:line:13	sha256:3df2f212a1dbecf4c99e3b7afcdc67115975e4937bb14dc21e246583b391638f	Можно прикреплять <link;this;трансформаторы к деревянным столбам;images+1>, как показано на втором изображении страницы 4, но так устанавливаются только трансформаторы низкого и среднего напряжения.<np>
ie-manual:immersiveengineering:wiring.txt:line:14	sha256:46019340d8afd849aa1cb9e86ce97f49e6a110cb215404a941ef1ef1e5292d43	<&wirecutter_recipe>§lКусачки§r используются для удаления всех проводов, подключенных к блоку, простым щелчком правой кнопкой мыши по нему.<np>
ie-manual:immersiveengineering:wiring.txt:line:15	sha256:e12dcf9b4e39bd2af9b7351eeb79f07b644fe11604c18cae9c97ec54575f1df1	<&voltmeter_recipe>§lМультиметр§r измеряет электрические соединения. Наведите его на хранилище энергии или нажмите по нему ПКМ, чтобы узнать текущий заряд. Нажмите ПКМ по двум разъёмам с зажатым Shift, чтобы вычислить средние потери между ними.
ie-manual:immersiveengineering:wiring.txt:line:16	sha256:da8a3f9a3d401eb5fe38e7c3fd1d5feedca0162ca668cc557be95ea133db3376	Он также измеряет уровни сигнала редстоуна.<np>
ie-manual:immersiveengineering:wiring.txt:line:17	sha256:f987690dc32f7f4ef5050fdeee04fed72f110c11c7d11a91da4f773a88876176	<&feedthrough>Проходные изоляторы позволяют соединить проводку с одной стороны стены с проводкой на другой стороне без отверстия. Их можно создать из любого «обычного» твердого блока посередине, щелкнув правой кнопкой мыши по любому из двух соединителей молотком инженера.
ie-manual:immersiveengineering:wiring.txt:line:18	sha256:cd667b1049fdaaa85413634a0b30d5f122f0d630375ab1c4202d5be4ac06c0bb	Все обычные силовые и редстоуновые разъёмы позволяют создавать проходные изоляторы для соответствующих проводов.
ie-manual:immersiveengineering:wiring.txt:line:2	sha256:453a4adef335c3d994568965ca2053855a02164c678fdced9ea101764575a753	Энергетическая сеть Immersive Engineering использует четыре важных типа блоков: §lразъёмы§r служат входами и выходами, §lреле§r соединяют провода, а §lтрансформаторы§r связывают провода разных уровней.<np>
ie-manual:immersiveengineering:wiring.txt:line:3	sha256:24470710be603a62579be5598583ac2527b4bf375b125237819ba2e9b33931c7	<&wire_recipes>Чтобы соединить два блока, примените катушку провода сначала к одному, а затем к другому. Общая пропускная способность между точками определяется самым слабым проводом на пути.
ie-manual:immersiveengineering:wiring.txt:line:4	sha256:2218997c903967da6b51726c14641e0e2484d3121ea0101c5ab6873146f4bd2d	<&images>Обратите внимание, что ограничения применяются в зависимости от блоков: разъемы и реле могут подключаться только к уже подключенным проводам того же типа, трансформаторы могут использовать только два провода другого типа, а провода могут подключаться только к блокам, которые соответствуют напряжению. При проводке следует учитывать два важных параметра:
ie-manual:immersiveengineering:wiring.txt:line:5	sha256:7ccf1ba7dacff935b2a1bc02ebf538b20a1a940b3aff81924450e470ae4ad6b4	Каждый разъем имеет входное значение (§o<config;iA;machines.wireConnectorInput>§r), а каждый провод имеет максимальную скорость передачи (§o<config;iA;wires.wireTransferRate;l3>§r).
ie-manual:immersiveengineering:wiring.txt:line:6	sha256:021308f8bcc1e524ceb9cfa764a6f71f77a51798e4c17a1c87df0ac3e8e38348	Разъём ограничивает входную и выходную мощность, но несколько разъёмов могут §oобъединяться§r в один провод и складывать передачу на больших расстояниях. Однако §oнельзя превышать максимальную пропускную способность провода, иначе он §oсгорит§r.<br>
ie-manual:immersiveengineering:wiring.txt:line:7	sha256:dc29170ba84c54d075dc90d6daafa81f6486ff9209121a7418c12998a2c1d5cf	Провода передают энергию даже через §oнезагруженные чанки§r, если чанки входа и выхода загружены.<br>
ie-manual:immersiveengineering:wiring.txt:line:8	sha256:9cfcaae2bb6f544d0ef814cfdf5d714ceddf8483128b25d72719827c3e88c138	Неизолированные провода, подключенные к источнику энергии, нанесут вред игрокам и мобам, находящимся слишком близко к ним. Имеются изолированные провода для низкого и среднего напряжения.<br>
ie-manual:immersiveengineering:wiring.txt:line:9	sha256:a67b0985ba190f6c97ff49171318724140818b258adbf7a81be0bffa698e6da8	Если подкрасться при использовании функции «Выбрать блок» на разъеме, подключенный провод будет выбран из вашего инвентаря.<br>
ie-manual:immersiveengineering:workbench.txt:line:0	sha256:ebe95dcba8c5ac2892ee6cebd25d18b2caa9fa711d225e17bfd6f201d287c585	Верстак и чертежи
ie-manual:immersiveengineering:workbench.txt:line:1	sha256:8ebff112fcc8a1d37c989d3dad27d1b3684d3471c28c8de23c8be40622c41b97	Всегда загромождён
ie-manual:immersiveengineering:workbench.txt:line:2	sha256:ad00d8a8a6a57b27a2a4922cb79e291c12a6c0c51eeb7f91a14051fd0d49d898	Верстак инженера - это профессиональный рабочий стол для образованного инженера. Он широко используется для создания предметов, описанных в <link;blueprints;Чертежах инженера>.
ie-manual:immersiveengineering:workbench.txt:line:3	sha256:981af3354ac5b19499f9b81e219e6da2b6a6a2d74b1eb26c929445c706a6701d	Можно создавать самые разные чертежи, о чём подробно говорится на соответствующей странице руководства, а несколько избранных можно найти в мире или купить у жителей деревни.
ie-manual:immersiveengineering:workbench.txt:line:4	sha256:d17703c89969b1e4f7697f871ece1b2f809b43c65704f62f2b3f8ba5d744d86d	Чтобы использовать чертёж, поместите его в левый слот верстака, а нужные ингредиенты — в шесть средних слотов. Готовые предметы появятся справа. Наведите курсор на выходной слот, чтобы увидеть точный список материалов для предмета.<np>
ie-manual:immersiveengineering:workbench.txt:line:5	sha256:6bf415d3bd34361fa57311fef73e39d5cde88b7f0ad1f666cd111efc14ece3d3	Верстак также служит для улучшения и настройки сложных инструментов и устройств, например <link;mining_drill;шахтёрского бура>, <link;shield;тяжёлого пластинчатого щита> и <link;revolver;револьвера>. Поместите предмет в основной слот, после чего появятся новые слоты для подходящих улучшений.
