id	source_hash	translation
mantle-book:tconstruct:encyclopedia:abilities/armor.json:/text/0/text	sha256:8da201721e8ea794cfb182bb1172da3904a9a73e25c9eb144d845a1eb6b5faab	Умения для брони обычно эффективны для одного типа брони. Каждый тип брони имеет свой особый атрибут:
mantle-book:tconstruct:encyclopedia:abilities/armor.json:/text/1/text	sha256:1469eca29ce15125647ee12e69a0aa7fc5fc33744fe38048717228620ad9d868	• Шлемами можно управлять с помощью сочетания клавиш для специальных эффектов.
mantle-book:tconstruct:encyclopedia:abilities/armor.json:/text/2/text	sha256:c6a23349ffb64dc68ff0dbabe0129e242b4b0630838a1e36efa06e3078479554	"
• Нагрудники могут иметь умения взаимодействия, которые используются, когда руки пусты. Большинство из них описаны в разделе «Взаимодействия»."
mantle-book:tconstruct:encyclopedia:abilities/armor.json:/text/3/text	sha256:620a9c68aabcc80b25c8ffb1735ca7805619b966b4a717d9d4bae0b26f015f42	"
• Поножи обладают умениями, основанными на инвентаре, и пассивными усилениями для игрока."
mantle-book:tconstruct:encyclopedia:abilities/armor.json:/text/4/text	sha256:56435ee595ba265d2a75c93e865777fe84093369925298256ba47ccd44bf5cd4	"
• Ботинки могут иметь умения, основанные на передвижении и прыжках."
mantle-book:tconstruct:encyclopedia:abilities/armor.json:/text/5/text	sha256:a26067a19724ee3e3295fd55a239c9f259259d99e24df8b00bb618eb136def28	"
• Щиты более эффективны при контратаках, но некоторые модификаторы работают только при блокировании."
mantle-book:tconstruct:encyclopedia:abilities/armor.json:/title	sha256:8eb92348fb4f25db0375b95ed6f107fcec0c04e3c3e4a67c039ab9212500d3cc	Умения брони
mantle-book:tconstruct:encyclopedia:abilities/armor/boots/tconstruct_bouncy.json:/effects/0	sha256:4790242817445a0eed06501a9777543cd0aa4b0dc0b936102d62e58503da1099	Макс. уровень: 1
mantle-book:tconstruct:encyclopedia:abilities/armor/boots/tconstruct_bouncy.json:/effects/1	sha256:9054648401154dbc81e695699f3000a2016b0de218c5d880c2204f187d4105e5	Требуется слотов для умений: 1
mantle-book:tconstruct:encyclopedia:abilities/armor/boots/tconstruct_bouncy.json:/text/0/text	sha256:b3030b676d265e272b3da3f19bbb59937408907b8c183f8b3268fe76be56c975	Заставляет вас отскакивать при приземлении, предотвращая урон от падения и направляя 90% вашей скорости вверх.
mantle-book:tconstruct:encyclopedia:abilities/armor/boots/tconstruct_double_jump.json:/effects/0	sha256:f9b54a82a08e6a336f8c9a8313eb61cbbb09ac23e4b8c8a6e392d43c2f302be9	Макс. уровней: 2
mantle-book:tconstruct:encyclopedia:abilities/armor/boots/tconstruct_double_jump.json:/effects/1	sha256:224c33723654475a5ea88c65031ecb693aea802e4d7a959d58b23fa14a7ef3cc	Требуется слотов для умений за уровень: 1
mantle-book:tconstruct:encyclopedia:abilities/armor/boots/tconstruct_double_jump.json:/text/0/text	sha256:a83d22964b8249b563fae4103822ad40dc276c813668a1fce1267bf9a4515483	Позволяет вам совершить второй прыжок в воздухе. Более высокие уровни добавляют дополнительные прыжки, позволяя совершать тройные или, возможно, даже четверные прыжки.
mantle-book:tconstruct:encyclopedia:abilities/armor/boots/tconstruct_flamewake.json:/effects/0	sha256:4790242817445a0eed06501a9777543cd0aa4b0dc0b936102d62e58503da1099	Макс. уровень: 1
mantle-book:tconstruct:encyclopedia:abilities/armor/boots/tconstruct_flamewake.json:/effects/1	sha256:9054648401154dbc81e695699f3000a2016b0de218c5d880c2204f187d4105e5	Требуется слотов для умений: 1
mantle-book:tconstruct:encyclopedia:abilities/armor/boots/tconstruct_flamewake.json:/text/0/text	sha256:916d6f54fcc98cbcb5373679b75de67883ea73c1b85d5d1dd3bb85f9c1f6009e	Разжигает огонь вокруг того места, куда вы наступаете. Область действия можно увеличить модификатором «Расширенный».
mantle-book:tconstruct:encyclopedia:abilities/armor/boots/tconstruct_frost_walker.json:/effects/0	sha256:4790242817445a0eed06501a9777543cd0aa4b0dc0b936102d62e58503da1099	Макс. уровень: 1
mantle-book:tconstruct:encyclopedia:abilities/armor/boots/tconstruct_frost_walker.json:/effects/1	sha256:9054648401154dbc81e695699f3000a2016b0de218c5d880c2204f187d4105e5	Требуется слотов для умений: 1
mantle-book:tconstruct:encyclopedia:abilities/armor/boots/tconstruct_frost_walker.json:/text/0/text	sha256:78ed4f1a5116812391d279818b844b0ae9d43079f713717983e0d6b9bae0bb0f	Заставляет воду замерзать, когда вы на неё наступаете. Область действия можно увеличить модификатором «Расширенный».
mantle-book:tconstruct:encyclopedia:abilities/armor/boots/tconstruct_glowing.json:/effects/0	sha256:4790242817445a0eed06501a9777543cd0aa4b0dc0b936102d62e58503da1099	Макс. уровень: 1
mantle-book:tconstruct:encyclopedia:abilities/armor/boots/tconstruct_glowing.json:/effects/1	sha256:9054648401154dbc81e695699f3000a2016b0de218c5d880c2204f187d4105e5	Требуется слотов для умений: 1
mantle-book:tconstruct:encyclopedia:abilities/armor/boots/tconstruct_glowing.json:/text/0/text	sha256:5fcd4cb3ea98848b638defeb0c59fedba91ec76d2c8db36ef9dc3f373c84b807	Когда вы шагаете, в ближайших тёмных местах появляется свечение. Для создания свечения требуется 5 ед. прочности. Область действия можно увеличить модификатором «Расширенный».
mantle-book:tconstruct:encyclopedia:abilities/armor/boots/tconstruct_pathing.json:/effects/0	sha256:4790242817445a0eed06501a9777543cd0aa4b0dc0b936102d62e58503da1099	Макс. уровень: 1
mantle-book:tconstruct:encyclopedia:abilities/armor/boots/tconstruct_pathing.json:/effects/1	sha256:9054648401154dbc81e695699f3000a2016b0de218c5d880c2204f187d4105e5	Требуется слотов для умений: 1
mantle-book:tconstruct:encyclopedia:abilities/armor/boots/tconstruct_pathing.json:/text/0/text	sha256:786e5a60b0900bd8e7b0c87e6b5624ef371dac9edb459ccb3e468eb224ecc8d9	Вытаптывайте дёрн во время шага, оставляя после себя тропу. Область действия можно увеличить модификатором «Расширенный».
mantle-book:tconstruct:encyclopedia:abilities/armor/boots/tconstruct_snowdrift.json:/effects/0	sha256:4790242817445a0eed06501a9777543cd0aa4b0dc0b936102d62e58503da1099	Макс. уровень: 1
mantle-book:tconstruct:encyclopedia:abilities/armor/boots/tconstruct_snowdrift.json:/effects/1	sha256:9054648401154dbc81e695699f3000a2016b0de218c5d880c2204f187d4105e5	Требуется слотов для умений: 1
mantle-book:tconstruct:encyclopedia:abilities/armor/boots/tconstruct_snowdrift.json:/text/0/text	sha256:8739240ef62678df6d678260ecbf1c5784fdf5585fe946d177c1e69a52415991	Оставляйте за собой снежный след в холодных биомах, подобно снежному голему. Область действия можно увеличить модификатором «Расширенный».
mantle-book:tconstruct:encyclopedia:abilities/armor/boots/tconstruct_tilling.json:/effects/0	sha256:4790242817445a0eed06501a9777543cd0aa4b0dc0b936102d62e58503da1099	Макс. уровень: 1
mantle-book:tconstruct:encyclopedia:abilities/armor/boots/tconstruct_tilling.json:/effects/1	sha256:9054648401154dbc81e695699f3000a2016b0de218c5d880c2204f187d4105e5	Требуется слотов для умений: 1
mantle-book:tconstruct:encyclopedia:abilities/armor/boots/tconstruct_tilling.json:/text/0/text	sha256:f2db28810b9f8b52e0f344dca9742189114fc025ed31bc51804c09ed67f13a05	Вспахивает землю у вас под ногами. Область действия можно увеличить модификатором «Расширенный».
mantle-book:tconstruct:encyclopedia:abilities/armor/chestplate/tconstruct_ambidextrous.json:/effects/0	sha256:4790242817445a0eed06501a9777543cd0aa4b0dc0b936102d62e58503da1099	Макс. уровень: 1
mantle-book:tconstruct:encyclopedia:abilities/armor/chestplate/tconstruct_ambidextrous.json:/effects/1	sha256:9054648401154dbc81e695699f3000a2016b0de218c5d880c2204f187d4105e5	Требуется слотов для умений: 1
mantle-book:tconstruct:encyclopedia:abilities/armor/chestplate/tconstruct_ambidextrous.json:/text/0/text	sha256:081084b94625ae1efc457311f41ccd9603bd809095ee714857b44294a76e8eaf	Позволяет наносить удары второй рукой. Она получает все усиления безоружных атак, применённые к основной руке.
mantle-book:tconstruct:encyclopedia:abilities/armor/chestplate/tconstruct_reach.json:/effects/0	sha256:f9b54a82a08e6a336f8c9a8313eb61cbbb09ac23e4b8c8a6e392d43c2f302be9	Макс. уровней: 2
mantle-book:tconstruct:encyclopedia:abilities/armor/chestplate/tconstruct_reach.json:/effects/1	sha256:224c33723654475a5ea88c65031ecb693aea802e4d7a959d58b23fa14a7ef3cc	Требуется слотов для умений за уровень: 1
mantle-book:tconstruct:encyclopedia:abilities/armor/chestplate/tconstruct_reach.json:/text/0/text	sha256:97d0bcde97628c8cea0d3eb897801a0ef64e156d2adc30b8d882bbc5d771d3a3	Увеличивает макс. расстояние от игрока, на которое этот инструмент может добывать, размещать блоки и атаковать мобов, на 1 блок за уровень.
mantle-book:tconstruct:encyclopedia:abilities/armor/chestplate/tconstruct_strength.json:/effects/0	sha256:b6522dc564bcba54a3be4f9d4836c2cb7fd802f8824108bdf3a426bb02455e8b	Уровни можно применять постепенно.
mantle-book:tconstruct:encyclopedia:abilities/armor/chestplate/tconstruct_strength.json:/effects/1	sha256:f9b54a82a08e6a336f8c9a8313eb61cbbb09ac23e4b8c8a6e392d43c2f302be9	Макс. уровней: 2
mantle-book:tconstruct:encyclopedia:abilities/armor/chestplate/tconstruct_strength.json:/effects/2	sha256:224c33723654475a5ea88c65031ecb693aea802e4d7a959d58b23fa14a7ef3cc	Требуется слотов для умений за уровень: 1
mantle-book:tconstruct:encyclopedia:abilities/armor/chestplate/tconstruct_strength.json:/text/0/text	sha256:73d6a670627c18213d62e6ebecfd4c3665b5610e5ee3686440c77ed96a55b296	Даёт +10% урона от атаки ко всему оружию за уровень.
mantle-book:tconstruct:encyclopedia:abilities/armor/chestplate/tconstruct_wings.json:/effects/0	sha256:4790242817445a0eed06501a9777543cd0aa4b0dc0b936102d62e58503da1099	Макс. уровень: 1
mantle-book:tconstruct:encyclopedia:abilities/armor/chestplate/tconstruct_wings.json:/effects/1	sha256:fd1ea640562f3d7ce2667c4c7602ae0198b37125ada0125b82432fdbcbec523e	Требуется слотов для умений: 2
mantle-book:tconstruct:encyclopedia:abilities/armor/chestplate/tconstruct_wings.json:/text/0/text	sha256:ebb140bbde652acb1a86d1dab7f77b22893ed9aa6aaa53b9395d32bd3d2f0c83	Позволяет вам планировать, подпрыгивая в воздухе. При планировании нагрудник медленно повреждается.
mantle-book:tconstruct:encyclopedia:abilities/armor/general/tconstruct_bursting.json:/effects/0	sha256:153fd3c7c2ab115cb98c40d29ef2ec591051eaae0b4f67ac4a27ca8be6f37e67	Макс. уровень: Нет
mantle-book:tconstruct:encyclopedia:abilities/armor/general/tconstruct_bursting.json:/effects/1	sha256:224c33723654475a5ea88c65031ecb693aea802e4d7a959d58b23fa14a7ef3cc	Требуется слотов умений за уровень: 1
mantle-book:tconstruct:encyclopedia:abilities/armor/general/tconstruct_bursting.json:/effects/2	sha256:b860e7f88e087af685df67ecc86a1ed49b463830ebb31ee87e25119fd9071689	Наполнение с помощью инструмента на резервуаре с жидкостью.
mantle-book:tconstruct:encyclopedia:abilities/armor/general/tconstruct_bursting.json:/text/0/text	sha256:29ad37788838364eabe88f524a5333b981b7c13e5b9f161d99264daba48bfc6c	С вероятностью 25% за уровень расходует небольшое количество жидкости (обычно от 10 до 50 мБ), чтобы придать контратакам особые эффекты. При блокировании щитом вероятность удваивается.
mantle-book:tconstruct:encyclopedia:abilities/armor/general/tconstruct_bursting.json:/text/1/text	sha256:10db01054f21025d30d7211cfd279560099e22034deb7ab2a28380b26434fff8	Инструмент можно заполнить жидкостью, взаимодействуя с резервуаром или сливом, удерживая инструмент в руке.
mantle-book:tconstruct:encyclopedia:abilities/armor/general/tconstruct_protection.json:/effects/0	sha256:4790242817445a0eed06501a9777543cd0aa4b0dc0b936102d62e58503da1099	Максимум 1 уровень
mantle-book:tconstruct:encyclopedia:abilities/armor/general/tconstruct_protection.json:/effects/1	sha256:9054648401154dbc81e695699f3000a2016b0de218c5d880c2204f187d4105e5	Требуется 1 слот для умений.
mantle-book:tconstruct:encyclopedia:abilities/armor/general/tconstruct_protection.json:/text/0/text	sha256:1d2b41520332973613729814b751f86766e2ff75602c6b46ddd227102eb4f5e9	С этим модификатором дает +5% сопротивления всему урону за единицу предмета. Ограничение на уровне 80% для всего набора, включая другие виды защиты.
mantle-book:tconstruct:encyclopedia:abilities/armor/general/tconstruct_wetting.json:/effects/0	sha256:153fd3c7c2ab115cb98c40d29ef2ec591051eaae0b4f67ac4a27ca8be6f37e67	Макс. уровень: Нет
mantle-book:tconstruct:encyclopedia:abilities/armor/general/tconstruct_wetting.json:/effects/1	sha256:224c33723654475a5ea88c65031ecb693aea802e4d7a959d58b23fa14a7ef3cc	Требуется слотов умений за уровень: 1
mantle-book:tconstruct:encyclopedia:abilities/armor/general/tconstruct_wetting.json:/effects/2	sha256:b860e7f88e087af685df67ecc86a1ed49b463830ebb31ee87e25119fd9071689	Наполнение с помощью инструмента на резервуаре с жидкостью.
mantle-book:tconstruct:encyclopedia:abilities/armor/general/tconstruct_wetting.json:/text/0/text	sha256:9a5d93d2e4f03850efdf84e90e34046719a634fdc28b039195adc90a8124d911	С вероятностью 25% за уровень расходует небольшое количество жидкости (обычно от 10 до 50 мБ) при получении урона, применяя такие эффекты, как поджигание, исцеление или снятие эффектов состояния. При блокировании щитом вероятность удваивается.
mantle-book:tconstruct:encyclopedia:abilities/armor/general/tconstruct_wetting.json:/text/1/text	sha256:dd17a984e5d6c23a6b11304e0e76e90bfebc7ca47d0185982e21cb3782aa94ab	Инструмент можно заполнить жидкостью, взаимодействуя с резервуаром или сливом, пока он находится в руке.
mantle-book:tconstruct:encyclopedia:abilities/armor/helmet/tconstruct_aqua_affinity.json:/effects/0	sha256:4790242817445a0eed06501a9777543cd0aa4b0dc0b936102d62e58503da1099	Макс. уровень: 1
mantle-book:tconstruct:encyclopedia:abilities/armor/helmet/tconstruct_aqua_affinity.json:/effects/1	sha256:9054648401154dbc81e695699f3000a2016b0de218c5d880c2204f187d4105e5	Требуется слотов для умений: 1
mantle-book:tconstruct:encyclopedia:abilities/armor/helmet/tconstruct_aqua_affinity.json:/text/0/text	sha256:34af429e66591c075c3a554078f49a6cbb51149f1572e37fc3bb76ff413b3e67	Позволяет добывать на полной скорости под водой, а не на 20% скорости.
mantle-book:tconstruct:encyclopedia:abilities/armor/helmet/tconstruct_slurping.json:/effects/0	sha256:153fd3c7c2ab115cb98c40d29ef2ec591051eaae0b4f67ac4a27ca8be6f37e67	Нет максимального уровня
mantle-book:tconstruct:encyclopedia:abilities/armor/helmet/tconstruct_slurping.json:/effects/1	sha256:224c33723654475a5ea88c65031ecb693aea802e4d7a959d58b23fa14a7ef3cc	Требуется 1 слот для умений на каждый уровень.
mantle-book:tconstruct:encyclopedia:abilities/armor/helmet/tconstruct_slurping.json:/effects/2	sha256:b860e7f88e087af685df67ecc86a1ed49b463830ebb31ee87e25119fd9071689	Заполняется при использовании инструмента на резервуаре с жидкостью.
mantle-book:tconstruct:encyclopedia:abilities/armor/helmet/tconstruct_slurping.json:/text/0/text	sha256:3062ab813948936e2b3d40083d8b2bcde7aa13cc2133939dc9913e5b67fc8bfe	Позволяет с помощью назначенной клавиши шлема выпить содержащуюся в нём жидкость и получить соответствующий эффект: например, поджечь себя, снять эффекты состояния или утолить голод.
mantle-book:tconstruct:encyclopedia:abilities/armor/helmet/tconstruct_slurping.json:/text/1/text	sha256:7d808c4ce548cf34af2b79b5e3ec1a574f1fc839a442a315899e39acfbf1da8f	При более высоких уровнях расходуется больше жидкости для достижения более сильного эффекта.
mantle-book:tconstruct:encyclopedia:abilities/armor/leggings/tconstruct_crafting_table.json:/effects/0	sha256:4790242817445a0eed06501a9777543cd0aa4b0dc0b936102d62e58503da1099	Макс. уровень: 1
mantle-book:tconstruct:encyclopedia:abilities/armor/leggings/tconstruct_crafting_table.json:/effects/1	sha256:9054648401154dbc81e695699f3000a2016b0de218c5d880c2204f187d4105e5	Требуется слотов для умений: 1
mantle-book:tconstruct:encyclopedia:abilities/armor/leggings/tconstruct_crafting_table.json:/text/0/text	sha256:baa63fc5bb6a1c606bfb4051381a5f54216ae3f479a531a4bc0fd0653b9e697d	Добавляет в инвентарь инструмента станцию создания размером 3x3.
mantle-book:tconstruct:encyclopedia:abilities/armor/leggings/tconstruct_pockets.json:/effects/0	sha256:f9b54a82a08e6a336f8c9a8313eb61cbbb09ac23e4b8c8a6e392d43c2f302be9	Макс. уровней: 2
mantle-book:tconstruct:encyclopedia:abilities/armor/leggings/tconstruct_pockets.json:/effects/1	sha256:224c33723654475a5ea88c65031ecb693aea802e4d7a959d58b23fa14a7ef3cc	Требуется слотов для умений за уровень: 1
mantle-book:tconstruct:encyclopedia:abilities/armor/leggings/tconstruct_pockets.json:/text/0/text	sha256:3a402cc1244ef3d260180c3a29741f1e028c7f2bf50c9523e86bc45536797ff3	Даёт 18 дополнительных слотов, доступ к которым можно получить, удерживая [Shift + Клавиша взаимодействия] с поножами или удерживая штаны.
mantle-book:tconstruct:encyclopedia:abilities/armor/leggings/tconstruct_soul_belt.json:/effects/0	sha256:4790242817445a0eed06501a9777543cd0aa4b0dc0b936102d62e58503da1099	Максимум 1 уровень
mantle-book:tconstruct:encyclopedia:abilities/armor/leggings/tconstruct_soul_belt.json:/effects/1	sha256:9054648401154dbc81e695699f3000a2016b0de218c5d880c2204f187d4105e5	Требуется 1 слот для умений.
mantle-book:tconstruct:encyclopedia:abilities/armor/leggings/tconstruct_soul_belt.json:/effects/2	sha256:beaea8a4d51e0043d9adc320390c241549bc3ee52961852a3e8008a38eeda1ea	Требуется «Связь с душой»
mantle-book:tconstruct:encyclopedia:abilities/armor/leggings/tconstruct_soul_belt.json:/text/0/text	sha256:bd63dbe7fee2826061f63da211723a5988bb4b37a04773b24dc70a71ecf886a0	Предметы на панели быстрого доступа остаются в инвентаре после смерти и возрождения.
mantle-book:tconstruct:encyclopedia:abilities/armor/leggings/tconstruct_tool_belt.json:/effects/0	sha256:b62a0067e9cd5a0a1a7faef53f727c181135044da45151387ff2f24d901742fb	Для первого уровня требуется 1 слот для умений.
mantle-book:tconstruct:encyclopedia:abilities/armor/leggings/tconstruct_tool_belt.json:/effects/1	sha256:f0fbcaf8243313513c99eca4412f3953a51d09d8b8a3fd1e7b2387381a38381f	Макс. уровней: 6
mantle-book:tconstruct:encyclopedia:abilities/armor/leggings/tconstruct_tool_belt.json:/effects/2	sha256:56ef2099d0bfc2c2005035a6ceb3d4cf87aa94a2f85b24eeb4d41dc2b10a9ce5	На каждом уровне разные рецепты.
mantle-book:tconstruct:encyclopedia:abilities/armor/leggings/tconstruct_tool_belt.json:/text/0/text	sha256:0c64a075a7576d4a95028050b96cf091955e0bb3354cd3995497d489a0f9ce57	Позволяет менять местами первые 4 слота панели быстрого доступа с помощью взаимодействия с поножами. Каждый последующий уровень добавляет ещё один слот, пока не будет достигнуто максимальное количество слотов — 9 — на 6-м уровне.
mantle-book:tconstruct:encyclopedia:abilities/armor/shield/tconstruct_boundless.json:/effects/0	sha256:ba7e4d13c3def5ab8184fb906694369e7755ca706450868e0a83d1579a8c79a8	Максимум 1 уровень.
mantle-book:tconstruct:encyclopedia:abilities/armor/shield/tconstruct_boundless.json:/effects/1	sha256:224c33723654475a5ea88c65031ecb693aea802e4d7a959d58b23fa14a7ef3cc	Требуется слотов для умений за уровень: 1
mantle-book:tconstruct:encyclopedia:abilities/armor/shield/tconstruct_boundless.json:/text/0/text	sha256:7405a1178e71738ee59232dc7efc0e91f0a9bb2ea4b7ec1355730583589a1e74	Увеличивает максимальный эффект от модификаторов, таких как защита, драконорождённый или шалкеровый панцирь, с 80% до 90% на 1-м уровне и с 90% до 95% на 2-м уровне. Эффект суммируется на нескольких щитах.
mantle-book:tconstruct:encyclopedia:abilities/armor/shield/tconstruct_reflecting.json:/effects/0	sha256:9054648401154dbc81e695699f3000a2016b0de218c5d880c2204f187d4105e5	Требуется слотов для умений: 1
mantle-book:tconstruct:encyclopedia:abilities/armor/shield/tconstruct_reflecting.json:/text/0/text	sha256:a48da7f811ddd3c4f3b75658ae7fa3a9f4e7022f3426ab0ce2a5700bd8a9109c	При блокировании снаряды перенаправляются в направлении вашего взгляда в течение 2 сек. после развёртывания щита. Каждый доп. уровень даёт ещё 2 сек. на отражение.
mantle-book:tconstruct:encyclopedia:abilities/general.json:/text/0/text	sha256:0481e234d0c491d6d1d85c65a3755940265297bcb9214e15b0946730bee1d2a0	Общие умения эффективны для большинства инструментов, включая инструменты ближнего боя и сбора урожая, а также для брони.
mantle-book:tconstruct:encyclopedia:abilities/general.json:/title	sha256:ce0fcbcba219c15592621f0d2b1afb4265209e449ceb0a0b42de305b5dbcb2dd	Общие умения
mantle-book:tconstruct:encyclopedia:abilities/general/tconstruct_expanded.json:/effects/0	sha256:153fd3c7c2ab115cb98c40d29ef2ec591051eaae0b4f67ac4a27ca8be6f37e67	Нет максимального уровня
mantle-book:tconstruct:encyclopedia:abilities/general/tconstruct_expanded.json:/effects/1	sha256:224c33723654475a5ea88c65031ecb693aea802e4d7a959d58b23fa14a7ef3cc	Требуется 1 слот для умений на каждый уровень.
mantle-book:tconstruct:encyclopedia:abilities/general/tconstruct_expanded.json:/text/0/text	sha256:0236e846d40ab2217699de6e2e5b9f0029bf095d74f728da2e5bdbf43cf51f52	Увеличивает область действия инструмента. Конкретные эффекты описаны на страницах инструментов.
mantle-book:tconstruct:encyclopedia:abilities/general/tconstruct_gilded.json:/effects/0	sha256:153fd3c7c2ab115cb98c40d29ef2ec591051eaae0b4f67ac4a27ca8be6f37e67	Нет макс. уровня
mantle-book:tconstruct:encyclopedia:abilities/general/tconstruct_gilded.json:/effects/1	sha256:224c33723654475a5ea88c65031ecb693aea802e4d7a959d58b23fa14a7ef3cc	Требуется 1 слот для умений за уровень
mantle-book:tconstruct:encyclopedia:abilities/general/tconstruct_gilded.json:/text/0/text	sha256:9e7dc20df90855a8cbad7f6be108df2e6aedd5c6c6078419107ac211c6068775	Обменивает 1 слот для умений на 2 слота для улучшений.
mantle-book:tconstruct:encyclopedia:abilities/general/tconstruct_luck.json:/effects/0	sha256:a5319476fbdb64b586d46514aed7ee03babc61ceba27518cb29b165da3cb0e01	Максимум 3 уровня
mantle-book:tconstruct:encyclopedia:abilities/general/tconstruct_luck.json:/effects/1	sha256:b62a0067e9cd5a0a1a7faef53f727c181135044da45151387ff2f24d901742fb	Первый уровень требует 1 слот для умений
mantle-book:tconstruct:encyclopedia:abilities/general/tconstruct_luck.json:/effects/2	sha256:285463a2a1e080a437a0c01acb52023778e4709322103b6143e7dab94faf4a6e	Второй и третий уровни не требуют слотов
mantle-book:tconstruct:encyclopedia:abilities/general/tconstruct_luck.json:/text/0/text	sha256:20030d0ca287ad2954dd249e764ee6fc0877236576717d31c85391b5e78b4e49	Увеличивает количество предметов, выпадающих из блоков (только для добывающих инструментов) и монстров. Для каждого уровня удачи используется отдельный рецепт; уровни применяются по порядку.
mantle-book:tconstruct:encyclopedia:abilities/general/tconstruct_luck.json:/text/1/text	sha256:6ca0022bf1e87a483d097d1a31243c2baa365fcd977427e6aa9f2b0f466c51ba	Поножи могут иметь 1 уровень удачи, который увеличивает дроп с мобов и блоков при использовании литейных инструментов.
mantle-book:tconstruct:encyclopedia:abilities/general/tconstruct_melting.json:/effects/0	sha256:4790242817445a0eed06501a9777543cd0aa4b0dc0b936102d62e58503da1099	Максимум 1 уровень
mantle-book:tconstruct:encyclopedia:abilities/general/tconstruct_melting.json:/effects/1	sha256:9054648401154dbc81e695699f3000a2016b0de218c5d880c2204f187d4105e5	Требуется 1 слот для умений.
mantle-book:tconstruct:encyclopedia:abilities/general/tconstruct_melting.json:/text/0/text	sha256:21e6209bf6681ab5be96d81dbad21b8b6da282e1ef07fb355f19593a73c4ec80	Расплавляет выпавшие предметы и атакованных сущностей в жидкость, которая поступает в резервуар инструмента. Для большинства мобов максимальный выход жидкости за удар достигается примерно при 4 ед. урона. Также увеличивает ёмкость резервуара инструмента на 1000 мБ.
mantle-book:tconstruct:encyclopedia:abilities/general/tconstruct_melting.json:/text/1/text	sha256:445e8082a56679f982a83efbe5174d4d1c37a0b33032d8727d1efe10bfdd5a8d	Расплавленную жидкость можно слить, взаимодействуя с резервуаром или сливом, удерживая инструмент или часть брони.
mantle-book:tconstruct:encyclopedia:abilities/general/tconstruct_unbreakable.json:/effects/0	sha256:4790242817445a0eed06501a9777543cd0aa4b0dc0b936102d62e58503da1099	Максимум 1 уровень
mantle-book:tconstruct:encyclopedia:abilities/general/tconstruct_unbreakable.json:/effects/1	sha256:08f7615074f16b5d5b9c1cee46ea1a862c708ae6a64b36f8cd5ec53e029cb860	Требуется укрепление V и модификатор Незерит
mantle-book:tconstruct:encyclopedia:abilities/general/tconstruct_unbreakable.json:/effects/2	sha256:9054648401154dbc81e695699f3000a2016b0de218c5d880c2204f187d4105e5	Требуется 1 слот для умений
mantle-book:tconstruct:encyclopedia:abilities/general/tconstruct_unbreakable.json:/text/0/text	sha256:428ae35512ee32bd51f801b8f63cce1557705609b131ba3472c97aa7943a0dee	Не позволяет инструменту терять прочность, кроме урона от особых источников, например особенности «Вкусный».
mantle-book:tconstruct:encyclopedia:abilities/harvest.json:/text/0/text	sha256:84be134f13e9e3b9d261ee938b9a6cbdd88b6b639e95e0a3bfefb5cb48d62081	Умения сбора наиболее полезны для инструментов, ломающих блоки, таких как кирки или лопаты.
mantle-book:tconstruct:encyclopedia:abilities/harvest.json:/title	sha256:975b35b1c9fa38416c70ae32b620ab9720faad88a430be1a554b72c389e6ef6c	Умения сбора
mantle-book:tconstruct:encyclopedia:abilities/harvest/tconstruct_autosmelt.json:/effects/0	sha256:4790242817445a0eed06501a9777543cd0aa4b0dc0b936102d62e58503da1099	Максимум 1 уровень
mantle-book:tconstruct:encyclopedia:abilities/harvest/tconstruct_autosmelt.json:/effects/1	sha256:9054648401154dbc81e695699f3000a2016b0de218c5d880c2204f187d4105e5	Требуется 1 слот для умений
mantle-book:tconstruct:encyclopedia:abilities/harvest/tconstruct_autosmelt.json:/text/0/text	sha256:7afcabe88be4595029acb7ae6523ebf046a7aa613b8cdae0ecb4a73f71c64562	Заставляет предметы, выпавшие из добытых блоков, плавиться, как в печи.
mantle-book:tconstruct:encyclopedia:abilities/harvest/tconstruct_exchanging.json:/effects/0	sha256:4790242817445a0eed06501a9777543cd0aa4b0dc0b936102d62e58503da1099	Максимум 1 уровень
mantle-book:tconstruct:encyclopedia:abilities/harvest/tconstruct_exchanging.json:/effects/1	sha256:9054648401154dbc81e695699f3000a2016b0de218c5d880c2204f187d4105e5	Требуется 1 слот для умений
mantle-book:tconstruct:encyclopedia:abilities/harvest/tconstruct_exchanging.json:/text/0/text	sha256:969d838c839fd36b770d78fcfc1416d3a883220f3da207b3f771e35e91d0c5a5	Заменяет добытые блоки блоком, который находится во второй руке.
mantle-book:tconstruct:encyclopedia:abilities/harvest/tconstruct_silky.json:/effects/0	sha256:4790242817445a0eed06501a9777543cd0aa4b0dc0b936102d62e58503da1099	Максимум 1 уровень
mantle-book:tconstruct:encyclopedia:abilities/harvest/tconstruct_silky.json:/effects/1	sha256:9054648401154dbc81e695699f3000a2016b0de218c5d880c2204f187d4105e5	Требуется 1 слот для умений
mantle-book:tconstruct:encyclopedia:abilities/harvest/tconstruct_silky.json:/text/0/text	sha256:d5783b81d43cb4c5fc6a424aceceea22b107ef35dbb7a11ac9ad9f67fef645cd	Добытые блоки сами выпадают вместо обычных предметов. В дополнение позволяет тесакам, мечам, косам, кинжалам стричь мобов.
mantle-book:tconstruct:encyclopedia:abilities/interact.json:/text/0/text	sha256:9936a3121ef86ead2be23475c6bb40fc02a27d724f8cff5775aab22c93fa0ced	Умения взаимодействия изменяют способ взаимодействия инструмента с блоками, сущностями и даже воздухом.
mantle-book:tconstruct:encyclopedia:abilities/interact.json:/text/1/text	sha256:2f4008536ca1b7279c658890078a43ecbdcfe929a974b0ff0c2db2d02d956bdc	Из-за своей природы они часто будут сильно конфликтовать с другими умениями взаимодействия.
mantle-book:tconstruct:encyclopedia:abilities/interact.json:/text/2/text	sha256:85365ea692fbb465ec839c60f8638dbf9d53caeb8e83bc94680e57672b6a5ff3	Многие умения взаимодействия также работают с оружием дальнего боя, которое используется для атаки, а не для взаимодействия.
mantle-book:tconstruct:encyclopedia:abilities/interact.json:/text/3/text	sha256:f298060f34975e7962588c7f87e2f6a0450b1ca14a1a0a02e817dc0eafd23191	Многие умения взаимодействия также работают на нагрудниках, но для их использования рука должна быть пустой. Их можно применять как основной, так и второй рукой.
mantle-book:tconstruct:encyclopedia:abilities/interact.json:/title	sha256:d7a5f696549b84563b52f7b05f351d269e3a08774114f91812fbfa716842dfc4	Умения взаимодействия
mantle-book:tconstruct:encyclopedia:abilities/interact/tconstruct_bonking.json:/effects/0	sha256:4790242817445a0eed06501a9777543cd0aa4b0dc0b936102d62e58503da1099	Максимум 1 уровень
mantle-book:tconstruct:encyclopedia:abilities/interact/tconstruct_bonking.json:/effects/1	sha256:9054648401154dbc81e695699f3000a2016b0de218c5d880c2204f187d4105e5	Требуется 1 слот для умений.
mantle-book:tconstruct:encyclopedia:abilities/interact/tconstruct_bonking.json:/text/0/text	sha256:7d0246b427e2eaf276ae1a0f3617e47a43c4649683ed5009c4c0ed2acda315d3	Зарядите и отпустите, чтобы отбросить выбранного моба, потратив 1 ед. прочности. На оружии ближнего боя также выполняет атаку с уроном 150%.
mantle-book:tconstruct:encyclopedia:abilities/interact/tconstruct_bonking.json:/text/1/text	sha256:4c878c2a2044bd67d38c2a28507a1c1414ab283d944110fa0200801a858dc9e6	Сила эффекта равна половине произведения силы и скорости. Каждый уровень отбрасывания усиливает его на 25%, а «Мягкость» ослабляет вдвое. Также учитываются модификаторы брони цели, влияющие на отбрасывание, например «Упругость» и сопротивление отбрасыванию. «Быстрая зарядка» сокращает время зарядки.
mantle-book:tconstruct:encyclopedia:abilities/interact/tconstruct_brushing.json:/effects/0	sha256:4790242817445a0eed06501a9777543cd0aa4b0dc0b936102d62e58503da1099	Максимум 1 уровень
mantle-book:tconstruct:encyclopedia:abilities/interact/tconstruct_brushing.json:/effects/1	sha256:9054648401154dbc81e695699f3000a2016b0de218c5d880c2204f187d4105e5	Требуется 1 слот для умений.
mantle-book:tconstruct:encyclopedia:abilities/interact/tconstruct_brushing.json:/text/0/text	sha256:5585452f474c19f01ce6c68e8ae8d594ffcfc02532437746eddb9b44933304d0	Удерживайте взаимодействие с подозрительным блоком, чтобы медленно его очистить. По завершении расходуется прочность и поддерживается AOE-чистка.
mantle-book:tconstruct:encyclopedia:abilities/interact/tconstruct_bucketing.json:/effects/0	sha256:4790242817445a0eed06501a9777543cd0aa4b0dc0b936102d62e58503da1099	Максимум 1 уровень
mantle-book:tconstruct:encyclopedia:abilities/interact/tconstruct_bucketing.json:/effects/1	sha256:9054648401154dbc81e695699f3000a2016b0de218c5d880c2204f187d4105e5	Требуется 1 слот для умений
mantle-book:tconstruct:encyclopedia:abilities/interact/tconstruct_bucketing.json:/text/0/text	sha256:c6f6031d34b1ce50b4e498cdb09e2f4023b996a8ed9fe03b8ec0876067b90f64	Позволяет инструменту забирать жидкости при обычном использовании и размещать их при использовании в приседе. Также увеличивает ёмкость резервуара инструмента на 1000 мБ.
mantle-book:tconstruct:encyclopedia:abilities/interact/tconstruct_bucketing.json:/text/1/text	sha256:490eb5220bc25ca861433eb006dd1c2abc3a67dc04a6e437f6fc732177c0694e	Инструменты с ковшом имеют возможность заливания и выливания жидкости, путём взаимодействия с блоками жидкостных резервуаров.
mantle-book:tconstruct:encyclopedia:abilities/interact/tconstruct_drill_attack.json:/effects/0	sha256:4790242817445a0eed06501a9777543cd0aa4b0dc0b936102d62e58503da1099	Максимум 1 уровень
mantle-book:tconstruct:encyclopedia:abilities/interact/tconstruct_drill_attack.json:/effects/1	sha256:9054648401154dbc81e695699f3000a2016b0de218c5d880c2204f187d4105e5	Требуется 1 слот для умений.
mantle-book:tconstruct:encyclopedia:abilities/interact/tconstruct_drill_attack.json:/effects/2	sha256:fc4c56efe51771c8dc060d3c13dab613a6c0ff179c6ca2ec03bc1bd154e36c5c	Требуется «Пружинистость», «Подбрасывание» или «Крюк».
mantle-book:tconstruct:encyclopedia:abilities/interact/tconstruct_drill_attack.json:/text/0/text	sha256:5ccd025c46cf4eec449ddb75411fca45480fecb14131af9982dc88fa5b34c646	Удар моба в течение первой секунды после применения способности движения, такой как прыжок, бросок или захват, приведет к тому, что он будет атакован основным оружием в руке.
mantle-book:tconstruct:encyclopedia:abilities/interact/tconstruct_firestarter.json:/effects/0	sha256:4790242817445a0eed06501a9777543cd0aa4b0dc0b936102d62e58503da1099	Максимум 1 уровень
mantle-book:tconstruct:encyclopedia:abilities/interact/tconstruct_firestarter.json:/effects/1	sha256:9054648401154dbc81e695699f3000a2016b0de218c5d880c2204f187d4105e5	Требуется 1 слот для умений
mantle-book:tconstruct:encyclopedia:abilities/interact/tconstruct_firestarter.json:/text/0/text	sha256:e2a8f7ae49213060f669722f42201c13abf9df6972021e19475c9e221da99e41	Позволяет инструменту разводить огонь при использовании, расходуя 1 прочность.
mantle-book:tconstruct:encyclopedia:abilities/interact/tconstruct_flinging.json:/effects/0	sha256:4790242817445a0eed06501a9777543cd0aa4b0dc0b936102d62e58503da1099	Максимум 1 уровень
mantle-book:tconstruct:encyclopedia:abilities/interact/tconstruct_flinging.json:/effects/1	sha256:9054648401154dbc81e695699f3000a2016b0de218c5d880c2204f187d4105e5	Требуется 1 слот для умений.
mantle-book:tconstruct:encyclopedia:abilities/interact/tconstruct_flinging.json:/text/0/text	sha256:1589701a96270a689efadb37aa9edd5bc1afe7942147b7887b3889a72930ed4f	Зарядите и отпустите, чтобы оттолкнуться от выбранного блока, потратив 1 ед. прочности.
mantle-book:tconstruct:encyclopedia:abilities/interact/tconstruct_flinging.json:/text/1/text	sha256:31347dc726b4941f2efe18e15cc9e321f5605bbd2f45c96c32f8d84eccca4754	Сила эффекта равна половине произведения силы и скорости. Каждый уровень отбрасывания усиливает её на 25%, а «Мягкость» ослабляет вдвое. Также учитываются модификаторы брони, влияющие на отбрасывание, например «Упругость» и сопротивление отбрасыванию. «Быстрая зарядка» сокращает время зарядки.
mantle-book:tconstruct:encyclopedia:abilities/interact/tconstruct_glowing.json:/effects/0	sha256:4790242817445a0eed06501a9777543cd0aa4b0dc0b936102d62e58503da1099	Максимум 1 уровень
mantle-book:tconstruct:encyclopedia:abilities/interact/tconstruct_glowing.json:/effects/1	sha256:9054648401154dbc81e695699f3000a2016b0de218c5d880c2204f187d4105e5	Требуется 1 слот для умений.
mantle-book:tconstruct:encyclopedia:abilities/interact/tconstruct_glowing.json:/text/0/text	sha256:a42d1172ba6db8b6c522976352c68efaa514fc8721676851a0acf9793dc6dc84	Заставляет сторону целевого блока светиться, излучая свет. Установка свечения потребляет 5 единиц прочности.
mantle-book:tconstruct:encyclopedia:abilities/interact/tconstruct_glowing.json:/text/1/text	sha256:1608570e5c0d05b64a8f05454b64707be3acdd3d1afbda035494b95f6e5ca6a2	На луках блоки, на которые направлена ​​стрела, также будут светиться, поглощая при этом стрелу.
mantle-book:tconstruct:encyclopedia:abilities/interact/tconstruct_pathing.json:/effects/0	sha256:4790242817445a0eed06501a9777543cd0aa4b0dc0b936102d62e58503da1099	Максимум 1 уровень
mantle-book:tconstruct:encyclopedia:abilities/interact/tconstruct_pathing.json:/effects/1	sha256:9054648401154dbc81e695699f3000a2016b0de218c5d880c2204f187d4105e5	Требуется 1 слот для умений.
mantle-book:tconstruct:encyclopedia:abilities/interact/tconstruct_pathing.json:/text/0/text	sha256:03999f0dd3622d7a4c50ff3634a70bb0782a98c916bc6e6c2811f6479cb964dd	Позволяет инструменту прокладывать тропы, как киркотесло или землекоп. Для прокладки троп используется обычная область добычи инструмента.
mantle-book:tconstruct:encyclopedia:abilities/interact/tconstruct_pathing.json:/text/1/text	sha256:ca4f44b1934bc535b71bb66d0fbbb3d3518ab2a805020a02826c1f1c805d97fa	Срабатывает раньше встроенного в инструмент снятия коры или вспахивания, если оно есть.
mantle-book:tconstruct:encyclopedia:abilities/interact/tconstruct_slurping.json:/effects/0	sha256:153fd3c7c2ab115cb98c40d29ef2ec591051eaae0b4f67ac4a27ca8be6f37e67	Нет максимального уровня
mantle-book:tconstruct:encyclopedia:abilities/interact/tconstruct_slurping.json:/effects/1	sha256:224c33723654475a5ea88c65031ecb693aea802e4d7a959d58b23fa14a7ef3cc	Требуется 1 слот для умений на каждый уровень.
mantle-book:tconstruct:encyclopedia:abilities/interact/tconstruct_slurping.json:/effects/2	sha256:b860e7f88e087af685df67ecc86a1ed49b463830ebb31ee87e25119fd9071689	Заполняется при использовании инструмента на резервуаре с жидкостью.
mantle-book:tconstruct:encyclopedia:abilities/interact/tconstruct_slurping.json:/text/0/text	sha256:27f3a98daa69659370a65b27023f3aae1305c51388bc135d051d39cb868cd5fd	Позволяет пить жидкость, содержащуюся в инструменте, для выполнения эффектов, таких как поджог, снятие статусных эффектов или восстановление голода.
mantle-book:tconstruct:encyclopedia:abilities/interact/tconstruct_slurping.json:/text/1/text	sha256:7d808c4ce548cf34af2b79b5e3ec1a574f1fc839a442a315899e39acfbf1da8f	При более высоких уровнях расходуется больше жидкости для достижения более сильного эффекта.
mantle-book:tconstruct:encyclopedia:abilities/interact/tconstruct_spitting.json:/effects/0	sha256:a5319476fbdb64b586d46514aed7ee03babc61ceba27518cb29b165da3cb0e01	Максимум 3 уровня.
mantle-book:tconstruct:encyclopedia:abilities/interact/tconstruct_spitting.json:/effects/1	sha256:224c33723654475a5ea88c65031ecb693aea802e4d7a959d58b23fa14a7ef3cc	Требуется 1 слот для умений на каждый уровень.
mantle-book:tconstruct:encyclopedia:abilities/interact/tconstruct_spitting.json:/text/0/text	sha256:57c56bcfa233a933fc14aedd5384a5807e1bed6e88e47611a89b1d7fb6bce4fe	Зарядите и отпустите, чтобы выпустить жидкость, которая наложит эффект на цель; при этом расходуется 1 ед. прочности. На более высоких уровнях выпускается несколько зарядов и расходуется больше прочности и жидкости.
mantle-book:tconstruct:encyclopedia:abilities/interact/tconstruct_spitting.json:/text/1/text	sha256:571a85052cbd2ecc4c002a52214b0d5ff72a3e619d0efd57ebfe7b1cdd081a33	Мощность увеличивает эффект и расход жидкости на 25% за уровень. Время зарядки сокращается за счет быстрой зарядки.
mantle-book:tconstruct:encyclopedia:abilities/interact/tconstruct_splashing.json:/effects/0	sha256:153fd3c7c2ab115cb98c40d29ef2ec591051eaae0b4f67ac4a27ca8be6f37e67	Нет максимального уровня
mantle-book:tconstruct:encyclopedia:abilities/interact/tconstruct_splashing.json:/effects/1	sha256:9054648401154dbc81e695699f3000a2016b0de218c5d880c2204f187d4105e5	Требуется 1 слот для умений.
mantle-book:tconstruct:encyclopedia:abilities/interact/tconstruct_splashing.json:/effects/2	sha256:b860e7f88e087af685df67ecc86a1ed49b463830ebb31ee87e25119fd9071689	Заполняется при использовании инструмента на резервуаре с жидкостью.
mantle-book:tconstruct:encyclopedia:abilities/interact/tconstruct_splashing.json:/text/0/text	sha256:d96f4046b3c4db921beb5afd4dc08e6e9caa5679462d70243ce6e50f6284c50c	При взаимодействии расходует небольшое количество жидкости (обычно от 10 до 50 мБ), чтобы применить к выбранному блоку или сущности особые эффекты, например поджигание, дополнительный урон или эффекты зелий.
mantle-book:tconstruct:encyclopedia:abilities/interact/tconstruct_splashing.json:/text/1/text	sha256:10db01054f21025d30d7211cfd279560099e22034deb7ab2a28380b26434fff8	Инструмент можно наполнить жидкостью, взаимодействуя с резервуаром или сливом, удерживая инструмент.
mantle-book:tconstruct:encyclopedia:abilities/interact/tconstruct_springing.json:/effects/0	sha256:4790242817445a0eed06501a9777543cd0aa4b0dc0b936102d62e58503da1099	Максимум 1 уровень
mantle-book:tconstruct:encyclopedia:abilities/interact/tconstruct_springing.json:/effects/1	sha256:9054648401154dbc81e695699f3000a2016b0de218c5d880c2204f187d4105e5	Требуется 1 слот для умений.
mantle-book:tconstruct:encyclopedia:abilities/interact/tconstruct_springing.json:/text/0/text	sha256:e8c6566eb78d3742750f121db889cb1400000d971c4cc2f6ada19d3e84852605	Зарядите и отпустите, чтобы устремиться в выбранном направлении, потратив 1 ед. прочности.
mantle-book:tconstruct:encyclopedia:abilities/interact/tconstruct_springing.json:/text/1/text	sha256:5f492d8a3acd29ee97799de836c6301e6d541a941732bf2d95a8602af5ed5294	Сила эффекта равна половине произведения силы и скорости. Отбрасывание усиливает её, а «Мягкость» ослабляет вдвое. Также учитываются модификаторы брони, влияющие на отбрасывание, например «Упругость» и сопротивление отбрасыванию. «Быстрая зарядка» сокращает время зарядки.
mantle-book:tconstruct:encyclopedia:abilities/interact/tconstruct_stripping.json:/effects/0	sha256:4790242817445a0eed06501a9777543cd0aa4b0dc0b936102d62e58503da1099	Максимум 1 уровень
mantle-book:tconstruct:encyclopedia:abilities/interact/tconstruct_stripping.json:/effects/1	sha256:9054648401154dbc81e695699f3000a2016b0de218c5d880c2204f187d4105e5	Требуется 1 слот для умений
mantle-book:tconstruct:encyclopedia:abilities/interact/tconstruct_stripping.json:/text/0/text	sha256:b5166742590366ac26090fb4bcb6d6e18cfbc5ec6384db011c3c54b54ac3fcda	Позволяет инструменту снимать кору с древесины, как ручной или широкий топор. Для снятия коры используется обычная область добычи инструмента.
mantle-book:tconstruct:encyclopedia:abilities/interact/tconstruct_stripping.json:/text/1/text	sha256:6b2b0b28ff1ca641c68c051e66d31853a05b43fb700ce91d85a24cb92713bb08	Срабатывает до вспахивания или прокладки троп, если они присутствуют.
mantle-book:tconstruct:encyclopedia:abilities/interact/tconstruct_throwing.json:/effects/0	sha256:4790242817445a0eed06501a9777543cd0aa4b0dc0b936102d62e58503da1099	Максимум 1 уровень
mantle-book:tconstruct:encyclopedia:abilities/interact/tconstruct_throwing.json:/effects/1	sha256:9054648401154dbc81e695699f3000a2016b0de218c5d880c2204f187d4105e5	Требуется 1 слот для умений.
mantle-book:tconstruct:encyclopedia:abilities/interact/tconstruct_throwing.json:/effects/2	sha256:6e9b484ce1ab5fd32d9d0670b6efa326a0ce00f03e58f832e1f69f075010619e	Метателям не требуются боеприпасы.
mantle-book:tconstruct:encyclopedia:abilities/interact/tconstruct_throwing.json:/text/0/text	sha256:b121ce338d0fb9226e9de1053eeed3fef776be9d95a366b8f2bd6b6a4d602ecd	Бросает оружие ближнего боя или инструменты для сбора урожая в виде снаряда. Игнорирует атрибуты игрока; обычно означает -1 урон в ближнем бою. Разбивает эффективные блоки, если он может добыть их за 1 секунду или меньше.
mantle-book:tconstruct:encyclopedia:abilities/interact/tconstruct_throwing.json:/text/1/text	sha256:a7891e35900d2009a7c0a383c3ea4808bfab085292a0ea40b5a94252c4d06000	Скорость броска равна произведению скорости атаки и скорости натяжения. Скорость полёта определяет дальность, урон и множитель скорости добычи.
mantle-book:tconstruct:encyclopedia:abilities/interact/tconstruct_tilling.json:/effects/0	sha256:4790242817445a0eed06501a9777543cd0aa4b0dc0b936102d62e58503da1099	Максимум 1 уровень
mantle-book:tconstruct:encyclopedia:abilities/interact/tconstruct_tilling.json:/effects/1	sha256:9054648401154dbc81e695699f3000a2016b0de218c5d880c2204f187d4105e5	Требуется 1 слот для умений.
mantle-book:tconstruct:encyclopedia:abilities/interact/tconstruct_tilling.json:/text/0/text	sha256:dc9e94e6fbb0219e53b9f5e3d02d0031765e59b9251cc3fad9ca09ad5b259b70	Позволяет инструменту вспахивать землю, как киркомотыга или коса. Для вспахивания используется обычная область добычи инструмента.
mantle-book:tconstruct:encyclopedia:abilities/interact/tconstruct_tilling.json:/text/1/text	sha256:6b93c62f34dadcd658ab9dd4282597a90fe3036e2788bdc489649b2c8d79bc37	Срабатывает раньше встроенной в инструмент прокладки троп или снятия коры, если они есть.
mantle-book:tconstruct:encyclopedia:abilities/interact/tconstruct_warping.json:/effects/0	sha256:4790242817445a0eed06501a9777543cd0aa4b0dc0b936102d62e58503da1099	Максимум 1 уровень
mantle-book:tconstruct:encyclopedia:abilities/interact/tconstruct_warping.json:/effects/1	sha256:9054648401154dbc81e695699f3000a2016b0de218c5d880c2204f187d4105e5	Требуется 1 слот для умений.
mantle-book:tconstruct:encyclopedia:abilities/interact/tconstruct_warping.json:/text/0/text	sha256:3fd5777290d3782a6405625124091d665bd06be2e8faf8ec522f54f7bead1685	Зарядите, а затем отпустите, чтобы телепортироваться в заданном направлении, потребляя 1 единицу прочности.
mantle-book:tconstruct:encyclopedia:abilities/interact/tconstruct_warping.json:/text/1/text	sha256:868265483228435226c3de388c375dcc0f3d57781914dfd128f7b597d1917620	Эффект усиливается на 25% за каждый уровень силы. Время зарядки сокращается за счет быстрой зарядки.
mantle-book:tconstruct:encyclopedia:abilities/melee.json:/text/0/text	sha256:10c28612bb1e426a16330c071df62222b5daff17fb79841c4709a8849a4a01c5	Умения ближнего боя наиболее эффективны для инструмента, созданного для ближнего боя, будь то меч или переделанный инструмент для сбора урожая.
mantle-book:tconstruct:encyclopedia:abilities/melee.json:/text/1/text	sha256:86af94b0bf04d17774529f8b7774bcd091551b411b69f7a4550719f4b715bedf	Модификаторы ближнего боя, применяемые к оружию дальнего боя, будут влиять только на использование лука в ближнем бою, если не указано иное.
mantle-book:tconstruct:encyclopedia:abilities/melee.json:/text/2/text	sha256:951ca00e0f582c56be11dc7771d9dbb5050d4859a3d86643e7fcc901c17d8353	Некоторые умения ближнего боя также работают на нагрудниках. Они будут влиять только на атаки, выполняемые с пустой рукой.
mantle-book:tconstruct:encyclopedia:abilities/melee.json:/title	sha256:4ef8d70c255c58a589dec83e297a6bac599d830dd68e640a469c98569116e0f1	Умения ближнего боя
mantle-book:tconstruct:encyclopedia:abilities/melee/tconstruct_blocking.json:/effects/0	sha256:a9875ac8991d109dcb62e15a6c2edf4925537322b64dc11266513d9354274d8c	Один уровень
mantle-book:tconstruct:encyclopedia:abilities/melee/tconstruct_blocking.json:/effects/1	sha256:9054648401154dbc81e695699f3000a2016b0de218c5d880c2204f187d4105e5	Требуется 1 слот для умений.
mantle-book:tconstruct:encyclopedia:abilities/melee/tconstruct_blocking.json:/text/0/text	sha256:1d8b12b849a6c7d1da5d8b56a343831fe004d3161e8fe0b0fb4f6def29b6a76c	Позволяет использовать инструмент в качестве щита, блокируя множество потенциальных атак. Часто может блокироваться во время зарядки инструмента.
mantle-book:tconstruct:encyclopedia:abilities/melee/tconstruct_blocking.json:/text/1/text	sha256:3f427d4bee606cecc18dec24c1926eae45489e7d271ac68f0bd77237fbbdbb36	Большинство инструментов могут блокировать до 5 единиц урона, но некоторые (например, посохи) могут блокировать суммы в диапазоне от 15 до 20 единиц урона.
mantle-book:tconstruct:encyclopedia:abilities/melee/tconstruct_dual_wielding.json:/effects/0	sha256:4790242817445a0eed06501a9777543cd0aa4b0dc0b936102d62e58503da1099	Максимум 1 уровень
mantle-book:tconstruct:encyclopedia:abilities/melee/tconstruct_dual_wielding.json:/effects/1	sha256:9054648401154dbc81e695699f3000a2016b0de218c5d880c2204f187d4105e5	Требуется 1 слот для умений.
mantle-book:tconstruct:encyclopedia:abilities/melee/tconstruct_dual_wielding.json:/text/0/text	sha256:810b3a0354fac8aada0aee61e6805e8c257cf219ea0ab54feb42245742a00155	Позволяет использовать инструмент как в основной, так и во второй руке. Инструменты с двойным оружием имеют 80% скорости атаки и урона или 90% скорости атаки и 70% урона для двуручного инструмента.
mantle-book:tconstruct:encyclopedia:abilities/melee/tconstruct_dual_wielding.json:/text/1/text	sha256:a4abbff10ca2c514413383ad231975f55ca18a344343eb26949df879632a8aef	Чтобы получить «Парное владение», на двуручный инструмент сначала нужно наложить модификатор «Леворукий».
mantle-book:tconstruct:encyclopedia:abilities/melee/tconstruct_parrying.json:/effects/0	sha256:a9875ac8991d109dcb62e15a6c2edf4925537322b64dc11266513d9354274d8c	Один уровень
mantle-book:tconstruct:encyclopedia:abilities/melee/tconstruct_parrying.json:/effects/1	sha256:9054648401154dbc81e695699f3000a2016b0de218c5d880c2204f187d4105e5	Требуется 1 слот для умений.
mantle-book:tconstruct:encyclopedia:abilities/melee/tconstruct_parrying.json:/text/0/text	sha256:f3377fd5b2d048959ce6770744413e649289cd90bdfb31a4bb431f6777c8fca1	Позволяет использовать инструмент в качестве щита на короткое время после атаки.
mantle-book:tconstruct:encyclopedia:abilities/melee/tconstruct_parrying.json:/text/1/text	sha256:e844421625f9651fc79b57eb12add35d9a3b1c9793da2b59d72acaec783c7649	Большинство кинжалов могут блокировать до 10 единиц урона и не замедляют игрока во время использования.
mantle-book:tconstruct:encyclopedia:abilities/melee/tconstruct_spilling.json:/effects/0	sha256:153fd3c7c2ab115cb98c40d29ef2ec591051eaae0b4f67ac4a27ca8be6f37e67	Нет максимального уровня
mantle-book:tconstruct:encyclopedia:abilities/melee/tconstruct_spilling.json:/effects/1	sha256:224c33723654475a5ea88c65031ecb693aea802e4d7a959d58b23fa14a7ef3cc	Требуется 1 слот для умений на каждый уровень.
mantle-book:tconstruct:encyclopedia:abilities/melee/tconstruct_spilling.json:/effects/2	sha256:b860e7f88e087af685df67ecc86a1ed49b463830ebb31ee87e25119fd9071689	Заполняется при использовании инструмента на резервуаре с жидкостью.
mantle-book:tconstruct:encyclopedia:abilities/melee/tconstruct_spilling.json:/text/0/text	sha256:a06bb0dbd6e5b35355e36f11e1d6768a58f1fd6c1ccfc60bfb12cda884bef6be	Расходует небольшое количество жидкости (обычно от 10 до 50 мБ), чтобы придать атакам ближнего боя и рыболовного крючка особые эффекты, например поджигание, дополнительный урон или эффекты зелий.
mantle-book:tconstruct:encyclopedia:abilities/melee/tconstruct_spilling.json:/text/1/text	sha256:10db01054f21025d30d7211cfd279560099e22034deb7ab2a28380b26434fff8	Инструмент можно наполнить жидкостью, взаимодействуя с резервуаром или сливом, удерживая инструмент.
mantle-book:tconstruct:encyclopedia:abilities/ranged.json:/text/0/text	sha256:7fcf401750652d311384c0d9f858c5a9aa603929cbeaec5303495812cad0add6	Умения дальнего боя могут быть применены к длинным лукам и арбалетам для усиления лука или стрел.
mantle-book:tconstruct:encyclopedia:abilities/ranged.json:/title	sha256:4263fce5851612c2f2f4a25cb4643999b0f0bb1080d5fdc03b8719de09794eea	Умения дальнего боя
mantle-book:tconstruct:encyclopedia:abilities/ranged/tconstruct_ballista.json:/effects/0	sha256:a9875ac8991d109dcb62e15a6c2edf4925537322b64dc11266513d9354274d8c	Один уровень
mantle-book:tconstruct:encyclopedia:abilities/ranged/tconstruct_ballista.json:/effects/1	sha256:9054648401154dbc81e695699f3000a2016b0de218c5d880c2204f187d4105e5	Требуется 1 слот для умений.
mantle-book:tconstruct:encyclopedia:abilities/ranged/tconstruct_ballista.json:/text/0/text	sha256:f788f4a4d664eb7e716a30b8edf88eed1b2ccb3ddb20a14cc3f3eb23f95e7335	Позволяет луку стрелять из оружия ближнего боя из другой руки или колчана. Стрельба из оружия ближнего боя наносит 3 урона.
mantle-book:tconstruct:encyclopedia:abilities/ranged/tconstruct_ballista.json:/text/1/text	sha256:a97239894fcda94d1e19df2139415a3eb00421a2021a8a114fe88e95f29607cc	У выпущенного оружия ближнего боя сила снаряда не учитывается: вместо неё используется его урон в ближнем бою. Скорость полёта лука увеличивает урон, а скорость атаки инструмента уменьшает снижение скорости передвижения.
mantle-book:tconstruct:encyclopedia:abilities/ranged/tconstruct_bulk_quiver.json:/effects/0	sha256:153fd3c7c2ab115cb98c40d29ef2ec591051eaae0b4f67ac4a27ca8be6f37e67	Нет максимального уровня
mantle-book:tconstruct:encyclopedia:abilities/ranged/tconstruct_bulk_quiver.json:/effects/1	sha256:224c33723654475a5ea88c65031ecb693aea802e4d7a959d58b23fa14a7ef3cc	Требуется 1 слот для умений на каждый уровень.
mantle-book:tconstruct:encyclopedia:abilities/ranged/tconstruct_bulk_quiver.json:/text/0/text	sha256:05c123076b928248279569e7dff3f5364088a6ca5e65640273fd3f5bbba7cd71	Даёт луку внутренние слоты для хранения стрел. Стрелы из этих слотов используются, если в основном инвентаре стрел нет.
mantle-book:tconstruct:encyclopedia:abilities/ranged/tconstruct_bulk_quiver.json:/text/1/text	sha256:4eb3a4411083a3b07956cd1bd81c076918a7e6039cdb8f69399f722877d611a4	Чтобы открыть инвентарь колчана, атакуйте в приседе. За каждый уровень он вмещает две стопки по 64 стрелы.
mantle-book:tconstruct:encyclopedia:abilities/ranged/tconstruct_channeling.json:/effects/0	sha256:153fd3c7c2ab115cb98c40d29ef2ec591051eaae0b4f67ac4a27ca8be6f37e67	Нет максимального уровня
mantle-book:tconstruct:encyclopedia:abilities/ranged/tconstruct_channeling.json:/effects/1	sha256:224c33723654475a5ea88c65031ecb693aea802e4d7a959d58b23fa14a7ef3cc	Требуется 1 слот для умений на каждый уровень.
mantle-book:tconstruct:encyclopedia:abilities/ranged/tconstruct_channeling.json:/effects/2	sha256:ee4fe2be1cc3f41a5f07d420a3081b8a1eb0cc9076f49bac4701fbd0f5608ad2	Требуется метательное оружие, удочка или лук с «Баллистой».
mantle-book:tconstruct:encyclopedia:abilities/ranged/tconstruct_channeling.json:/text/0/text	sha256:7c9d96e459da64221fb8fdb79b4f87ed49f2f54505317afbe17d7a54b53e3332	Добавляет вероятность попадания молнии в брошенные инструменты и рыболовные крючки в зависимости от погоды. В ясном небе вероятность 15%; 65% шанс в дождь; и 100% вероятность во время грозы.
mantle-book:tconstruct:encyclopedia:abilities/ranged/tconstruct_crystalshot.json:/effects/0	sha256:4790242817445a0eed06501a9777543cd0aa4b0dc0b936102d62e58503da1099	Максимум 1 уровень
mantle-book:tconstruct:encyclopedia:abilities/ranged/tconstruct_crystalshot.json:/effects/1	sha256:9054648401154dbc81e695699f3000a2016b0de218c5d880c2204f187d4105e5	Требуется 1 слот для умений.
mantle-book:tconstruct:encyclopedia:abilities/ranged/tconstruct_crystalshot.json:/text/0/text	sha256:5192d4030303c017b5a720ad0c253b09b31ad464c459a46df89d1b7d6abdac0e	Если в инвентаре нет боеприпасов, лук создаёт собственные кристальные стрелы.
mantle-book:tconstruct:encyclopedia:abilities/ranged/tconstruct_crystalshot.json:/text/1/text	sha256:cfffa751d356db62f2276fe6b95a8f6246e449f1fbdfbe4d101e585ad92a1434	Инструмент получает дополнительно 4 урона за каждую выпущенную стрелу.
mantle-book:tconstruct:encyclopedia:abilities/ranged/tconstruct_grapple.json:/effects/0	sha256:a9875ac8991d109dcb62e15a6c2edf4925537322b64dc11266513d9354274d8c	Один уровень
mantle-book:tconstruct:encyclopedia:abilities/ranged/tconstruct_grapple.json:/effects/1	sha256:9054648401154dbc81e695699f3000a2016b0de218c5d880c2204f187d4105e5	Требуется 1 слот для умений.
mantle-book:tconstruct:encyclopedia:abilities/ranged/tconstruct_grapple.json:/text/0/text	sha256:058aac53b60647d4885952259870a8565cde46150656fd389411b512a34bbc63	Превращает удочку в крюк, позволяя вам подтянуться к блоку, куда приземляется ваш рыболовный крючок. Позволяет рыболовному крючку застревать в стенке блоков.
mantle-book:tconstruct:encyclopedia:abilities/ranged/tconstruct_grapple.json:/text/1/text	sha256:7620bb702d868f1a5687b1495b46602c15dee8206174da680ae156f28573e5bb	Скорость захвата будет тем выше, чем дальше вы находитесь от крюка, когда наматываете его.
mantle-book:tconstruct:encyclopedia:abilities/ranged/tconstruct_multishot.json:/effects/0	sha256:153fd3c7c2ab115cb98c40d29ef2ec591051eaae0b4f67ac4a27ca8be6f37e67	Нет максимального уровня
mantle-book:tconstruct:encyclopedia:abilities/ranged/tconstruct_multishot.json:/effects/1	sha256:224c33723654475a5ea88c65031ecb693aea802e4d7a959d58b23fa14a7ef3cc	Требуется 1 слот для умений на каждый уровень.
mantle-book:tconstruct:encyclopedia:abilities/ranged/tconstruct_multishot.json:/text/0/text	sha256:aa9bff36453001cf510a12656fe0b7a20d5efd246ece7afb2a58616ab97a1b2d	Позволяет стрелять 2 дополнительными стрелами за уровень. Расположение дополнительных стрел может варьироваться в зависимости от лука.
mantle-book:tconstruct:encyclopedia:abilities/ranged/tconstruct_multishot.json:/text/1/text	sha256:e3c12fae2888bc11923653214382881fb65fd76110900885da3d1b51a54021e1	Чтобы стрелять из них, в инвентаре должны быть дополнительные стрелы. Если их слишком мало, лук будет стрелять меньше стрел.
mantle-book:tconstruct:encyclopedia:abilities/ranged/tconstruct_returning.json:/effects/0	sha256:2cc28f6bd898a5ca8b820b3a5b8f3259d44a1dcb0ea1306052ca2e85d771ce23	Требуется 1 слот для умений для первого уровня.
mantle-book:tconstruct:encyclopedia:abilities/ranged/tconstruct_returning.json:/effects/1	sha256:be393e8c0453577bba29b722ab00b13cb612781bd216243548a40686c9256ee6	Для последовательных уровней требуется 1 слот для улучшений.
mantle-book:tconstruct:encyclopedia:abilities/ranged/tconstruct_returning.json:/effects/2	sha256:a74a0e442385d44e9b6a90e35e33302328af7c399fda12a8595f19c68aeeacf0	Максимум 4 уровня.
mantle-book:tconstruct:encyclopedia:abilities/ranged/tconstruct_returning.json:/effects/3	sha256:ed7ca104184e0d170833c6fd628169907fa7d0f87f42eb05f82d62e3f6c0fb14	Требуется метательный лук или лук-баллиста.
mantle-book:tconstruct:encyclopedia:abilities/ranged/tconstruct_returning.json:/text/0/text	sha256:4fd6e39fa79dbaf32b9cad43887c76ba3ed6b7866433866cce83afeedb2f743a	Заставляет брошенное оружие вернуться к вам через короткое время, преодолевая любое препятствие.
mantle-book:tconstruct:encyclopedia:abilities/ranged/tconstruct_returning.json:/text/1/text	sha256:7c4754afbc32239edfda4edbf13dcfaaa41f0eb84ce61fc70350dbc5c99b477c	Скорость снаряда при возвращении умножается на уровень модификатора.
mantle-book:tconstruct:encyclopedia:abilities/ranged/tconstruct_trick_quiver.json:/effects/0	sha256:153fd3c7c2ab115cb98c40d29ef2ec591051eaae0b4f67ac4a27ca8be6f37e67	Нет максимального уровня
mantle-book:tconstruct:encyclopedia:abilities/ranged/tconstruct_trick_quiver.json:/effects/1	sha256:224c33723654475a5ea88c65031ecb693aea802e4d7a959d58b23fa14a7ef3cc	Требуется 1 слот для умений на каждый уровень.
mantle-book:tconstruct:encyclopedia:abilities/ranged/tconstruct_trick_quiver.json:/text/0/text	sha256:79980fecdc35e4ec598bad5774b3d891854178d2d73d3b4a4e522ff3632a3f03	Дает луку 3 внутренних слота на уровень для хранения хитрых стрел, каждый слот вмещает 32 стрелы.
mantle-book:tconstruct:encyclopedia:abilities/ranged/tconstruct_trick_quiver.json:/text/1/text	sha256:18ed4c1c2b379d1103c07ef791ef5ed164c6ff35928e2b4b6718b253a1d17d1b	Клавишей атаки можно переключаться между тремя выбранными стрелами или пропускать особый колчан. Чтобы открыть колчан и положить в него стрелы, атакуйте в приседе.
mantle-book:tconstruct:encyclopedia:armor/info.json:/text/0/text	sha256:7b23d7c13598e05b826c1294b14af4f23aeaf33eb3e40ec032d75004515c0a69	Броню можно создавать разными способами: на станции создания, литейной станции или с помощью литья.
mantle-book:tconstruct:encyclopedia:armor/info.json:/text/1/text	sha256:c4568419c2fd7732cb732c0a6d448c593e0a7d56e71e43822ab96e6b8969d215	Количество слотов для улучшений, защиты и умений зависит от типа брони; у некоторых типов есть даже особенности материалов.
mantle-book:tconstruct:encyclopedia:armor/info.json:/text/2/text	sha256:78bc58065a209208ce175931f140a9d0a8553c6dc50cc03a7416d1b9840d15ad	В отличие от инструментов, удержание брони обычно не дает никакого эффекта; Для применения большинства модификаторов требуется ношение брони.
mantle-book:tconstruct:encyclopedia:armor/info.json:/title	sha256:cd60fc19e5b48a738d434d3b846ec36626c4c87b5bef70aff1109393f95583d7	Информация о броне
mantle-book:tconstruct:encyclopedia:armor/tconstruct_plate_boots.json:/properties/0	sha256:ba9950f09c6b0b64c48d40267aa453086fa5c2969f4053cbbfc9e2733b97886c	Статистика, контролируемая материалом
mantle-book:tconstruct:encyclopedia:armor/tconstruct_plate_boots.json:/properties/1	sha256:75b713464719c1e94fb425b6cf333ac8ae02cf9e3142111b349471390c08ad08	2 слота для улучшений
mantle-book:tconstruct:encyclopedia:armor/tconstruct_plate_boots.json:/properties/2	sha256:9a7e003270efd7a93c547087f3c6f33976d8901e8c611c35d1d4a46ead3540fd	3 слота защиты
mantle-book:tconstruct:encyclopedia:armor/tconstruct_plate_boots.json:/properties/3	sha256:bad15bc9643c0b300067fce46a561dac97981540cad1152777ff24b69eaa92fb	2 особенности материала
mantle-book:tconstruct:encyclopedia:armor/tconstruct_plate_boots.json:/text/0/text	sha256:e6ff326c2a18df278650f057187c3cb6d0e477b40beae463ca24207184642df0	Латные ботинки обеспечивают высокую защиту, имеют мало слотов для умений и много слотов защиты.
mantle-book:tconstruct:encyclopedia:armor/tconstruct_plate_chestplate.json:/properties/0	sha256:ba9950f09c6b0b64c48d40267aa453086fa5c2969f4053cbbfc9e2733b97886c	Характеристики зависят от материала.
mantle-book:tconstruct:encyclopedia:armor/tconstruct_plate_chestplate.json:/properties/1	sha256:bc9bbef912048ee9c47982b974c9e6ae6410fd759403bd40d2246f1fb58cac1c	40% атака без оружия
mantle-book:tconstruct:encyclopedia:armor/tconstruct_plate_chestplate.json:/properties/2	sha256:75b713464719c1e94fb425b6cf333ac8ae02cf9e3142111b349471390c08ad08	2 слота для улучшений
mantle-book:tconstruct:encyclopedia:armor/tconstruct_plate_chestplate.json:/properties/3	sha256:9a7e003270efd7a93c547087f3c6f33976d8901e8c611c35d1d4a46ead3540fd	3 слота защиты
mantle-book:tconstruct:encyclopedia:armor/tconstruct_plate_chestplate.json:/properties/4	sha256:bad15bc9643c0b300067fce46a561dac97981540cad1152777ff24b69eaa92fb	2 особенности материала
mantle-book:tconstruct:encyclopedia:armor/tconstruct_plate_chestplate.json:/text/0/text	sha256:9decade8a0cde91d00b0bb5105cfe4f339531567231578ff0b82533df7561076	Латный нагрудник - это защитный нагрудник, с высокой защитой, низким количеством слотов для улучшений и высоким количеством защитных слотов.
mantle-book:tconstruct:encyclopedia:armor/tconstruct_plate_helmet.json:/properties/0	sha256:ba9950f09c6b0b64c48d40267aa453086fa5c2969f4053cbbfc9e2733b97886c	Статистика, контролируемая материалом
mantle-book:tconstruct:encyclopedia:armor/tconstruct_plate_helmet.json:/properties/1	sha256:75b713464719c1e94fb425b6cf333ac8ae02cf9e3142111b349471390c08ad08	2 слота для улучшений
mantle-book:tconstruct:encyclopedia:armor/tconstruct_plate_helmet.json:/properties/2	sha256:9a7e003270efd7a93c547087f3c6f33976d8901e8c611c35d1d4a46ead3540fd	3 слота защиты
mantle-book:tconstruct:encyclopedia:armor/tconstruct_plate_helmet.json:/properties/3	sha256:bad15bc9643c0b300067fce46a561dac97981540cad1152777ff24b69eaa92fb	2 особенности материала
mantle-book:tconstruct:encyclopedia:armor/tconstruct_plate_helmet.json:/text/0/text	sha256:4fa7e11ef614b1b2a1910f653bc0cecdf75737f1453284eb5d34a4c73f3504cd	Латный шлем обеспечивает высокую защиту, имеет мало слотов для умений и много слотов защиты.
mantle-book:tconstruct:encyclopedia:armor/tconstruct_plate_leggings.json:/properties/0	sha256:ba9950f09c6b0b64c48d40267aa453086fa5c2969f4053cbbfc9e2733b97886c	Статистика, контролируемая материалом
mantle-book:tconstruct:encyclopedia:armor/tconstruct_plate_leggings.json:/properties/1	sha256:75b713464719c1e94fb425b6cf333ac8ae02cf9e3142111b349471390c08ad08	2 слота для улучшений
mantle-book:tconstruct:encyclopedia:armor/tconstruct_plate_leggings.json:/properties/2	sha256:9a7e003270efd7a93c547087f3c6f33976d8901e8c611c35d1d4a46ead3540fd	3 слота защиты
mantle-book:tconstruct:encyclopedia:armor/tconstruct_plate_leggings.json:/properties/3	sha256:bad15bc9643c0b300067fce46a561dac97981540cad1152777ff24b69eaa92fb	2 особенности материала
mantle-book:tconstruct:encyclopedia:armor/tconstruct_plate_leggings.json:/text/0/text	sha256:79e4e62cc2cf8636bca648974b0bb5b977c457d1e802d32f71607277c35bd7e8	Латные поножи обеспечивают высокую защиту, имеют мало слотов для умений и много слотов защиты.
mantle-book:tconstruct:encyclopedia:armor/tconstruct_plate_shield.json:/properties/0	sha256:ba9950f09c6b0b64c48d40267aa453086fa5c2969f4053cbbfc9e2733b97886c	Статистика, контролируемая материалом
mantle-book:tconstruct:encyclopedia:armor/tconstruct_plate_shield.json:/properties/1	sha256:7d72f93c76c5e28091a2486d19e861847d8d41dc99f712b9f6649fee63cac1cf	Блокирует 100 единиц урона.
mantle-book:tconstruct:encyclopedia:armor/tconstruct_plate_shield.json:/properties/2	sha256:a595c17ad955eae23011cd29bbc285d2ce16db39edd314865a87b114ece0d97b	Угол блока 180°
mantle-book:tconstruct:encyclopedia:armor/tconstruct_plate_shield.json:/properties/3	sha256:8b7f23f664aa6aeb336ef457d82e4f93201d89dc723e3fc270ef76cdc3b4c36c	Скорость блокировки 20%
mantle-book:tconstruct:encyclopedia:armor/tconstruct_plate_shield.json:/properties/4	sha256:75b713464719c1e94fb425b6cf333ac8ae02cf9e3142111b349471390c08ad08	2 слота для улучшений
mantle-book:tconstruct:encyclopedia:armor/tconstruct_plate_shield.json:/properties/5	sha256:9a7e003270efd7a93c547087f3c6f33976d8901e8c611c35d1d4a46ead3540fd	3 слота защиты
mantle-book:tconstruct:encyclopedia:armor/tconstruct_plate_shield.json:/properties/6	sha256:bad15bc9643c0b300067fce46a561dac97981540cad1152777ff24b69eaa92fb	2 особенности материала
mantle-book:tconstruct:encyclopedia:armor/tconstruct_plate_shield.json:/text/0/text	sha256:a2cb11431abff8ad3debabdafc1d593d10077d86c6469f9f65df2ac34226a45f	Пластинчатый щит — это мощный защитный щит, обеспечивающий высокую блокирующую силу за счет скорости при блокировании.
mantle-book:tconstruct:encyclopedia:armor/tconstruct_slime_boots.json:/properties/0	sha256:7efe6f0ad24557ca437c19266d6f5aaee14f50fc16b797a4ea6ad3b4bc5b4632	546 прочности
mantle-book:tconstruct:encyclopedia:armor/tconstruct_slime_boots.json:/properties/1	sha256:e43f8a64d89bf42f381b8674f1e586d4b1d197bf4259ed7e6ae2bfdae1a42f02	5 слотов для улучшений
mantle-book:tconstruct:encyclopedia:armor/tconstruct_slime_boots.json:/properties/2	sha256:76216127fef16dbefaf09b70c8d044a01b9c9aa44c4605ae98d0b1f1fff38ee7	0 защитных слотов
mantle-book:tconstruct:encyclopedia:armor/tconstruct_slime_boots.json:/properties/3	sha256:96106035c7b48be6bccf66ea8948c1f10586e20cade6c9933e3cc9aea4416b05	1 слот для умений
mantle-book:tconstruct:encyclopedia:armor/tconstruct_slime_boots.json:/properties/4	sha256:c7be3d05a50c6798096c4729cc44c2b3f80e1693caf6c8b926a7d55cb8de5d71	Упругий
mantle-book:tconstruct:encyclopedia:armor/tconstruct_slime_boots.json:/properties/5	sha256:f3452beb3c359f7d5a7e58017d437d9a6c9f365b175f48d6321cc36a685bb322	Скачок I
mantle-book:tconstruct:encyclopedia:armor/tconstruct_slime_boots.json:/text/0/text	sha256:032bfbb874dc46f77b3f7be756291083b2eaf5c114d8895785eb617d691f0c13	Слизневые ботинки обеспечивают высокую мобильность, но не дают защиты и не имеют слотов защиты; при этом у них много слотов для улучшений.
mantle-book:tconstruct:encyclopedia:armor/tconstruct_slime_boots.json:/text/1/text	sha256:f7952682826d080f070f10f64482d6cbe98fa2c584abe7a246f7cc34107bf655	Их можно создать вылив эндер-слизь на кроличью лапку, а починить с  помощью кроличьей шкурки.
mantle-book:tconstruct:encyclopedia:armor/tconstruct_slime_chestplate.json:/properties/0	sha256:dbe14c7e84c8cf14f99cc6984ac579fcf6e0369df631d4a1949191455370af09	672 Прочность
mantle-book:tconstruct:encyclopedia:armor/tconstruct_slime_chestplate.json:/properties/1	sha256:bc9bbef912048ee9c47982b974c9e6ae6410fd759403bd40d2246f1fb58cac1c	40% атака без оружия
mantle-book:tconstruct:encyclopedia:armor/tconstruct_slime_chestplate.json:/properties/2	sha256:e43f8a64d89bf42f381b8674f1e586d4b1d197bf4259ed7e6ae2bfdae1a42f02	5 слотов для улучшений
mantle-book:tconstruct:encyclopedia:armor/tconstruct_slime_chestplate.json:/properties/3	sha256:76216127fef16dbefaf09b70c8d044a01b9c9aa44c4605ae98d0b1f1fff38ee7	0 слотов защиты
mantle-book:tconstruct:encyclopedia:armor/tconstruct_slime_chestplate.json:/properties/4	sha256:96106035c7b48be6bccf66ea8948c1f10586e20cade6c9933e3cc9aea4416b05	1 слот для умений
mantle-book:tconstruct:encyclopedia:armor/tconstruct_slime_chestplate.json:/properties/5	sha256:d80f7da094e11c894ecd51a891e975e3916eb836276a2b4599c7f33be51f250d	Крылья
mantle-book:tconstruct:encyclopedia:armor/tconstruct_slime_chestplate.json:/text/0/text	sha256:448f97ccd323babc0510e54483978f94786dd6b5e98e9f063e4dff5a110d93ae	Слизитра — это новейшая летная технология.
mantle-book:tconstruct:encyclopedia:armor/tconstruct_slime_chestplate.json:/text/1/text	sha256:1b3f81f903e1a1c20ee071ec2c0207b4bc2b67e56ebc329e5d408da3a19d371d	Эти крылья, созданные путем заливки эндерслизи на надкрылья, также можно починить с помощью фантомных мембран.
mantle-book:tconstruct:encyclopedia:armor/tconstruct_slime_helmet.json:/properties/0	sha256:5e1c7309202a20b9933e6e09fbd5f452f358244ac00defa6bae478fc6a1789de	Бонус к прочности: +362.
mantle-book:tconstruct:encyclopedia:armor/tconstruct_slime_helmet.json:/properties/1	sha256:e43f8a64d89bf42f381b8674f1e586d4b1d197bf4259ed7e6ae2bfdae1a42f02	5 слотов для улучшений
mantle-book:tconstruct:encyclopedia:armor/tconstruct_slime_helmet.json:/properties/2	sha256:76216127fef16dbefaf09b70c8d044a01b9c9aa44c4605ae98d0b1f1fff38ee7	0 слотов защиты
mantle-book:tconstruct:encyclopedia:armor/tconstruct_slime_helmet.json:/properties/3	sha256:96106035c7b48be6bccf66ea8948c1f10586e20cade6c9933e3cc9aea4416b05	1 слот для умений
mantle-book:tconstruct:encyclopedia:armor/tconstruct_slime_helmet.json:/properties/4	sha256:c602bde0d1baf2024485c17841497d144aa81dd10f727a7bc992386c621a901c	1 особенность черепа
mantle-book:tconstruct:encyclopedia:armor/tconstruct_slime_helmet.json:/properties/5	sha256:14866235d75f3818b94d4d40c2fc97e53afc77df4ca80c8afa76e0849c5360fd	Маскировка моба
mantle-book:tconstruct:encyclopedia:armor/tconstruct_slime_helmet.json:/text/0/text	sha256:f3a24b94a3b5be42d59fd0185599d432fa7dfe81c8cb0e4c4b14a15b5578a8ea	Слизневый череп — это шлем, копирующий способности монстров. Он создается путем выливания эндерслизи на голову моба, при этом тип головы определяет эффект.
mantle-book:tconstruct:encyclopedia:armor/tconstruct_slime_helmet.json:/text/1/text	sha256:8c5e6ee2582f1d690b7fb8ab17333f37f45b41350c4c67a537a8fa3bc8f933fd	В разделе книги, посвященном слизнему черепу, содержится дополнительная информация о вариантах.
mantle-book:tconstruct:encyclopedia:armor/tconstruct_slime_leggings.json:/properties/0	sha256:8e68e5febd3a673b1f305e9d04b834cbf213cd4bf62ec472da3e4a19aa17d6db	630 Прочность
mantle-book:tconstruct:encyclopedia:armor/tconstruct_slime_leggings.json:/properties/1	sha256:e43f8a64d89bf42f381b8674f1e586d4b1d197bf4259ed7e6ae2bfdae1a42f02	5 слотов для улучшений
mantle-book:tconstruct:encyclopedia:armor/tconstruct_slime_leggings.json:/properties/2	sha256:76216127fef16dbefaf09b70c8d044a01b9c9aa44c4605ae98d0b1f1fff38ee7	0 слотов защиты
mantle-book:tconstruct:encyclopedia:armor/tconstruct_slime_leggings.json:/properties/3	sha256:96106035c7b48be6bccf66ea8948c1f10586e20cade6c9933e3cc9aea4416b05	1 слот для умений
mantle-book:tconstruct:encyclopedia:armor/tconstruct_slime_leggings.json:/properties/4	sha256:09fbcea7adb3acf0ab26ed4c56b6e1bc033ba0bf19dad290ed25ede8ff022d2d	Карманы
mantle-book:tconstruct:encyclopedia:armor/tconstruct_slime_leggings.json:/properties/5	sha256:ae98c1fab8e946a699404edc1cd6a8ba57d20b5dde3e81d8f94a232a7160060a	Шалкеровый панцирь I
mantle-book:tconstruct:encyclopedia:armor/tconstruct_slime_leggings.json:/text/0/text	sha256:bb0a02bdffec08b71375d57db57164e918ae77bd21ca445db6d9291088995a65	Слизепанцирь использует силу шалкера, увеличивая инвентарь и защиту.
mantle-book:tconstruct:encyclopedia:armor/tconstruct_slime_leggings.json:/text/1/text	sha256:bc51d2f16b052d83322edfd155bbde1c01a54cea12351331ba72739d5577d83e	Они создаются путем заливки эндерслизи на панцирь шалкера и ремонтируются с помощью лопнувшего хоруса.
mantle-book:tconstruct:encyclopedia:armor/tconstruct_travelers_boots.json:/properties/0	sha256:cecc816db637527ec13b674d8eb28f49be4f731539dbed5478a50a5a8fa33fa8	Модификатор прочности 75%.
mantle-book:tconstruct:encyclopedia:armor/tconstruct_travelers_boots.json:/properties/1	sha256:e351c2dee6e60279e0455d97dd90b4870c0bbd6a7e145b113ed84e408135882e	75% статистики покрытия
mantle-book:tconstruct:encyclopedia:armor/tconstruct_travelers_boots.json:/properties/2	sha256:2b81cd5b0166137585fede4626d22120c23777d557baa1bfbd658ba834672436	2 слота для улучшений
mantle-book:tconstruct:encyclopedia:armor/tconstruct_travelers_boots.json:/properties/3	sha256:652e9b7f62c7d4e34cecfa4b5b585cb93df007add72daa829878aeeb74a24fa3	2 слота защиты
mantle-book:tconstruct:encyclopedia:armor/tconstruct_travelers_boots.json:/properties/4	sha256:96106035c7b48be6bccf66ea8948c1f10586e20cade6c9933e3cc9aea4416b05	1 слот для умений
mantle-book:tconstruct:encyclopedia:armor/tconstruct_travelers_boots.json:/properties/5	sha256:bad15bc9643c0b300067fce46a561dac97981540cad1152777ff24b69eaa92fb	2 особенности материала
mantle-book:tconstruct:encyclopedia:armor/tconstruct_travelers_boots.json:/properties/6	sha256:60e1bedf9bf5bb9ef22ce020e67574f4ecdd52efd458a5216a2d82141376aac4	Изолированный
mantle-book:tconstruct:encyclopedia:armor/tconstruct_travelers_boots.json:/properties/7	sha256:77381ec6cf4a7ef830682f5258ea7c27d099aca384334d9b05b305f50eeaadd1	Ходьба по рыхлому снегу
mantle-book:tconstruct:encyclopedia:armor/tconstruct_travelers_boots.json:/text/0/text	sha256:5ad350055d506a24925eb31838e9e665639b1bde776c7829fdb01455b94d753d	Сапоги путешественника — это сбалансированные ботинки с низкой защитой и средним количеством слотов для улучшений и защиты.
mantle-book:tconstruct:encyclopedia:armor/tconstruct_travelers_chestplate.json:/properties/0	sha256:cecc816db637527ec13b674d8eb28f49be4f731539dbed5478a50a5a8fa33fa8	Модификатор прочности 75%.
mantle-book:tconstruct:encyclopedia:armor/tconstruct_travelers_chestplate.json:/properties/1	sha256:e351c2dee6e60279e0455d97dd90b4870c0bbd6a7e145b113ed84e408135882e	75% статистики покрытия
mantle-book:tconstruct:encyclopedia:armor/tconstruct_travelers_chestplate.json:/properties/2	sha256:2b81cd5b0166137585fede4626d22120c23777d557baa1bfbd658ba834672436	2 слота для улучшений
mantle-book:tconstruct:encyclopedia:armor/tconstruct_travelers_chestplate.json:/properties/3	sha256:652e9b7f62c7d4e34cecfa4b5b585cb93df007add72daa829878aeeb74a24fa3	2 слота защиты
mantle-book:tconstruct:encyclopedia:armor/tconstruct_travelers_chestplate.json:/properties/4	sha256:96106035c7b48be6bccf66ea8948c1f10586e20cade6c9933e3cc9aea4416b05	1 слот для умений
mantle-book:tconstruct:encyclopedia:armor/tconstruct_travelers_chestplate.json:/properties/5	sha256:bad15bc9643c0b300067fce46a561dac97981540cad1152777ff24b69eaa92fb	2 особенности материала
mantle-book:tconstruct:encyclopedia:armor/tconstruct_travelers_chestplate.json:/properties/6	sha256:60e1bedf9bf5bb9ef22ce020e67574f4ecdd52efd458a5216a2d82141376aac4	Изолированный
mantle-book:tconstruct:encyclopedia:armor/tconstruct_travelers_chestplate.json:/text/0/text	sha256:0ffa00d3702d1cbcd130e5e98661a8f0954fc13eea216c43a9917e98128b3376	Жилет путешественника — это сбалансированный нагрудник со средней защитой и средним количеством слотов для улучшений и защиты.
mantle-book:tconstruct:encyclopedia:armor/tconstruct_travelers_helmet.json:/properties/0	sha256:cecc816db637527ec13b674d8eb28f49be4f731539dbed5478a50a5a8fa33fa8	Модификатор прочности 75%
mantle-book:tconstruct:encyclopedia:armor/tconstruct_travelers_helmet.json:/properties/1	sha256:e351c2dee6e60279e0455d97dd90b4870c0bbd6a7e145b113ed84e408135882e	75% статистики покрытия
mantle-book:tconstruct:encyclopedia:armor/tconstruct_travelers_helmet.json:/properties/2	sha256:2b81cd5b0166137585fede4626d22120c23777d557baa1bfbd658ba834672436	2 слота для улучшений
mantle-book:tconstruct:encyclopedia:armor/tconstruct_travelers_helmet.json:/properties/3	sha256:652e9b7f62c7d4e34cecfa4b5b585cb93df007add72daa829878aeeb74a24fa3	2 слота защиты
mantle-book:tconstruct:encyclopedia:armor/tconstruct_travelers_helmet.json:/properties/4	sha256:96106035c7b48be6bccf66ea8948c1f10586e20cade6c9933e3cc9aea4416b05	1 слот для умений
mantle-book:tconstruct:encyclopedia:armor/tconstruct_travelers_helmet.json:/properties/5	sha256:bad15bc9643c0b300067fce46a561dac97981540cad1152777ff24b69eaa92fb	2 особенности материала
mantle-book:tconstruct:encyclopedia:armor/tconstruct_travelers_helmet.json:/properties/6	sha256:60e1bedf9bf5bb9ef22ce020e67574f4ecdd52efd458a5216a2d82141376aac4	Изолированный
mantle-book:tconstruct:encyclopedia:armor/tconstruct_travelers_helmet.json:/text/0/text	sha256:2c3a951c10f1588a9fadb853cb210416544989d94311136ae47f7c93ac924eae	Очки путешественника — это сбалансированный шлем с низкой защитой и средним количеством слотов для улучшений и защиты.
mantle-book:tconstruct:encyclopedia:armor/tconstruct_travelers_leggings.json:/properties/0	sha256:cecc816db637527ec13b674d8eb28f49be4f731539dbed5478a50a5a8fa33fa8	Модификатор прочности на 75%.
mantle-book:tconstruct:encyclopedia:armor/tconstruct_travelers_leggings.json:/properties/1	sha256:e351c2dee6e60279e0455d97dd90b4870c0bbd6a7e145b113ed84e408135882e	75% статистики покрытия
mantle-book:tconstruct:encyclopedia:armor/tconstruct_travelers_leggings.json:/properties/2	sha256:2b81cd5b0166137585fede4626d22120c23777d557baa1bfbd658ba834672436	2 слота для улучшений
mantle-book:tconstruct:encyclopedia:armor/tconstruct_travelers_leggings.json:/properties/3	sha256:652e9b7f62c7d4e34cecfa4b5b585cb93df007add72daa829878aeeb74a24fa3	2 слота защиты
mantle-book:tconstruct:encyclopedia:armor/tconstruct_travelers_leggings.json:/properties/4	sha256:96106035c7b48be6bccf66ea8948c1f10586e20cade6c9933e3cc9aea4416b05	1 слот для умений
mantle-book:tconstruct:encyclopedia:armor/tconstruct_travelers_leggings.json:/properties/5	sha256:bad15bc9643c0b300067fce46a561dac97981540cad1152777ff24b69eaa92fb	2 особенности материала
mantle-book:tconstruct:encyclopedia:armor/tconstruct_travelers_leggings.json:/properties/6	sha256:60e1bedf9bf5bb9ef22ce020e67574f4ecdd52efd458a5216a2d82141376aac4	Изолированный
mantle-book:tconstruct:encyclopedia:armor/tconstruct_travelers_leggings.json:/text/0/text	sha256:bafb2e9e0eb3475210bcceda8ab0f5ffa17478135c54a7ec7b933c4345dfd5ef	Штаны путешественника — это сбалансированный набор поножей со средней защитой и средним количеством слотов для улучшений и защиты.
mantle-book:tconstruct:encyclopedia:armor/tconstruct_travelers_shield.json:/properties/0	sha256:00a31cba8cbe09e345e47426828eaf11a935a780c78920b061c56e14eaac8361	200 Прочность
mantle-book:tconstruct:encyclopedia:armor/tconstruct_travelers_shield.json:/properties/1	sha256:5640d0666217bcdc610de465da8bad01e9885276db4f9e8bfe29fb2ff41f5777	Блокирует 10 единиц урона.
mantle-book:tconstruct:encyclopedia:armor/tconstruct_travelers_shield.json:/properties/2	sha256:fe794a6efb916e1eb15ffcb070ed79e16b792cd3b665008844c0b13c14ff033d	Угол блока 90°
mantle-book:tconstruct:encyclopedia:armor/tconstruct_travelers_shield.json:/properties/3	sha256:82bcd5ba2df0880585bf70e724c5a3521d426109f8c81501386defd16496a238	Скорость блокировки 80%
mantle-book:tconstruct:encyclopedia:armor/tconstruct_travelers_shield.json:/properties/4	sha256:2b81cd5b0166137585fede4626d22120c23777d557baa1bfbd658ba834672436	2 слота для улучшений
mantle-book:tconstruct:encyclopedia:armor/tconstruct_travelers_shield.json:/properties/5	sha256:652e9b7f62c7d4e34cecfa4b5b585cb93df007add72daa829878aeeb74a24fa3	2 слота защиты
mantle-book:tconstruct:encyclopedia:armor/tconstruct_travelers_shield.json:/properties/6	sha256:96106035c7b48be6bccf66ea8948c1f10586e20cade6c9933e3cc9aea4416b05	1 слот для умений
mantle-book:tconstruct:encyclopedia:armor/tconstruct_travelers_shield.json:/properties/7	sha256:bad15bc9643c0b300067fce46a561dac97981540cad1152777ff24b69eaa92fb	2 особенности материала
mantle-book:tconstruct:encyclopedia:armor/tconstruct_travelers_shield.json:/text/0/text	sha256:6b06befbcbb6cfc90666d4965f8797112ff9ec181d73646cc99dbe1374e5fed3	Щит путешественника — это легкий щит с ограниченным потенциалом блокировки, но с быстрым перемещением при блокировании.
mantle-book:tconstruct:encyclopedia:defense/protection.json:/text/0/text	sha256:e23cf2a99ff12157d0d69fa61d400dfc9164911fb61e604f164247342936f7c6	Модификаторы защиты повышают сопротивление определённому типу урона. Любой источник урона относится к одному из пяти типов; разные типы можно свободно сочетать на броне и щитах, получая пассивные преимущества.
mantle-book:tconstruct:encyclopedia:defense/protection.json:/title	sha256:8f1112538d445fd2a5ca5e4c3d02761988700619085ab7d615a851d44b408909	Защитные модификаторы
mantle-book:tconstruct:encyclopedia:defense/protection/tconstruct_blast_protection.json:/effects/0	sha256:b6522dc564bcba54a3be4f9d4836c2cb7fd802f8824108bdf3a426bb02455e8b	Можно применять уровни постепенно
mantle-book:tconstruct:encyclopedia:defense/protection/tconstruct_blast_protection.json:/effects/1	sha256:0695727ab31ef3fb8371ff9d71919f4f1b3e0ba959db4620a8ffe51df6d41d1b	Требуется 1 слот защиты за уровень.
mantle-book:tconstruct:encyclopedia:defense/protection/tconstruct_blast_protection.json:/text/0/text	sha256:63e9a0e6745e0668479f8ef4059ae1393f0cd18805e11f8b59c7d177432788ab	Дает +10% сопротивления урону от взрыва, например, от криперов или тротила. Ограничение составляет 80% для всего набора или 8 уровней.
mantle-book:tconstruct:encyclopedia:defense/protection/tconstruct_blast_protection.json:/text/1/text	sha256:3582d195c452558f4eac9a178dff83063754a591aacf1b476d83098e1ec45d6c	Уменьшает отбрасывание от взрывов на 15% за уровень от самого высокоуровневого предмета.
mantle-book:tconstruct:encyclopedia:defense/protection/tconstruct_dragonborn.json:/effects/0	sha256:b6522dc564bcba54a3be4f9d4836c2cb7fd802f8824108bdf3a426bb02455e8b	Можно применять уровни постепенно
mantle-book:tconstruct:encyclopedia:defense/protection/tconstruct_dragonborn.json:/effects/1	sha256:0695727ab31ef3fb8371ff9d71919f4f1b3e0ba959db4620a8ffe51df6d41d1b	Требуется 1 слот защиты за уровень.
mantle-book:tconstruct:encyclopedia:defense/protection/tconstruct_dragonborn.json:/text/0/text	sha256:7f29a79812256cdf4a310ad73156bb3ce394b66d814faafead21177dfe8788b6	Дает +10% сопротивления в воздухе. Ограничение составляет 80% для всего набора или 8 уровней.
mantle-book:tconstruct:encyclopedia:defense/protection/tconstruct_dragonborn.json:/text/1/text	sha256:0590129592f31a019edfc3f26498985620e330c2ab99ea326c6fd8fc652b974b	Увеличивает урон от атаки в воздухе на 5% за каждый уровень предмета самого высокого уровня.
mantle-book:tconstruct:encyclopedia:defense/protection/tconstruct_fire_protection.json:/effects/0	sha256:b6522dc564bcba54a3be4f9d4836c2cb7fd802f8824108bdf3a426bb02455e8b	Можно применять уровни постепенно
mantle-book:tconstruct:encyclopedia:defense/protection/tconstruct_fire_protection.json:/effects/1	sha256:0695727ab31ef3fb8371ff9d71919f4f1b3e0ba959db4620a8ffe51df6d41d1b	Требуется 1 слот защиты за уровень.
mantle-book:tconstruct:encyclopedia:defense/protection/tconstruct_fire_protection.json:/text/0/text	sha256:fbf34a8ebfd6d15993312605b6880438db431f35fae7ce44a628dfa4d253e6f4	Дает +10% сопротивления урону от огня, например, от лавы или пламени. Ограничение составляет 80% для всего набора или 8 уровней.
mantle-book:tconstruct:encyclopedia:defense/protection/tconstruct_fire_protection.json:/text/1/text	sha256:f16c3d29f235928d91fee50554132051382e50747c1292cd85ebc15a02ecc8b1	Уменьшает продолжительность горения на 15% за уровень от самого высокоуровневого предмета.
mantle-book:tconstruct:encyclopedia:defense/protection/tconstruct_magic_protection.json:/effects/0	sha256:b6522dc564bcba54a3be4f9d4836c2cb7fd802f8824108bdf3a426bb02455e8b	Можно применять уровни постепенно
mantle-book:tconstruct:encyclopedia:defense/protection/tconstruct_magic_protection.json:/effects/1	sha256:0695727ab31ef3fb8371ff9d71919f4f1b3e0ba959db4620a8ffe51df6d41d1b	Требуется 1 слот защиты за уровень.
mantle-book:tconstruct:encyclopedia:defense/protection/tconstruct_magic_protection.json:/text/0/text	sha256:95ddadb1676888699dd7dbf4da777d6425d709182565ddc9c1590022a2de58f8	Дает +10% сопротивления магическому урону, например, от яда или шипов. Ограничение составляет 80% для всего набора или 8 уровней.
mantle-book:tconstruct:encyclopedia:defense/protection/tconstruct_magic_protection.json:/text/1/text	sha256:9d48b503808a22ea5e5f1ff49a5dea073ab21d2c6e0efb57be4c3f7064e9c685	Уменьшает длительность действия отрицательных зелий на 5% за уровень от самого высокоуровневого предмета.
mantle-book:tconstruct:encyclopedia:defense/protection/tconstruct_melee_protection.json:/effects/0	sha256:b6522dc564bcba54a3be4f9d4836c2cb7fd802f8824108bdf3a426bb02455e8b	Можно применять уровни постепенно
mantle-book:tconstruct:encyclopedia:defense/protection/tconstruct_melee_protection.json:/effects/1	sha256:0695727ab31ef3fb8371ff9d71919f4f1b3e0ba959db4620a8ffe51df6d41d1b	Требуется 1 слот защиты за уровень.
mantle-book:tconstruct:encyclopedia:defense/protection/tconstruct_melee_protection.json:/text/0/text	sha256:4477f083e6fba57f9740d9c1ac96fe7f10c244922168e1287c626dcfd976e3fa	Даёт +8% сопротивления урону в ближнем бою, например от зомби или мечей. Предел для всего комплекта — 80%, или 10 уровней.
mantle-book:tconstruct:encyclopedia:defense/protection/tconstruct_melee_protection.json:/text/1/text	sha256:45ca40014f6795dff22711cc7faa2e5a81a0fe140b70960da33e3b74f8e66bdf	Увеличивает скорость передвижения при использовании предметов на 5% за уровень предмета самого высокого уровня.
mantle-book:tconstruct:encyclopedia:defense/protection/tconstruct_projectile_protection.json:/effects/0	sha256:b6522dc564bcba54a3be4f9d4836c2cb7fd802f8824108bdf3a426bb02455e8b	Можно применять уровни постепенно
mantle-book:tconstruct:encyclopedia:defense/protection/tconstruct_projectile_protection.json:/effects/1	sha256:0695727ab31ef3fb8371ff9d71919f4f1b3e0ba959db4620a8ffe51df6d41d1b	Требуется 1 слот защиты за уровень.
mantle-book:tconstruct:encyclopedia:defense/protection/tconstruct_projectile_protection.json:/text/0/text	sha256:f79c382159a291f00d5bdcc0e9f5cd70a2065826ae6845eaf36d566084b534f9	Даёт +8% сопротивления урону от снарядов, например стрел скелетов. Предел для всего комплекта — 80%, или 10 уровней.
mantle-book:tconstruct:encyclopedia:defense/protection/tconstruct_projectile_protection.json:/text/1/text	sha256:f038281b110d56f48c8d19053096226dd570e1c2c934c38512f201d3f4195e28	Дает +5% сопротивления отбрасыванию за уровень предмета самого высокого уровня.
mantle-book:tconstruct:encyclopedia:defense/protection/tconstruct_shulking.json:/effects/0	sha256:b6522dc564bcba54a3be4f9d4836c2cb7fd802f8824108bdf3a426bb02455e8b	Можно применять уровни постепенно.
mantle-book:tconstruct:encyclopedia:defense/protection/tconstruct_shulking.json:/effects/1	sha256:0695727ab31ef3fb8371ff9d71919f4f1b3e0ba959db4620a8ffe51df6d41d1b	Требуется 1 слот защиты на каждый уровень.
mantle-book:tconstruct:encyclopedia:defense/protection/tconstruct_shulking.json:/text/0/text	sha256:a491975e689359d04ae10561fb89d6047c31268f6300222d7a264c2fa9e4a5ea	Дает +10% сопротивления при скрытности. Ограничение составляет 80% для всего набора или 8 уровней.
mantle-book:tconstruct:encyclopedia:defense/protection/tconstruct_shulking.json:/text/1/text	sha256:16bd2f5cac7b350d174c36519450983eab262688e33aed8cb36db83a656d37c4	Уменьшает урон от атаки при скрытности на 10% за каждый уровень предмета самого высокого уровня.
mantle-book:tconstruct:encyclopedia:defense/protection/tconstruct_turtle_shell.json:/effects/0	sha256:b6522dc564bcba54a3be4f9d4836c2cb7fd802f8824108bdf3a426bb02455e8b	Можно применять уровни постепенно
mantle-book:tconstruct:encyclopedia:defense/protection/tconstruct_turtle_shell.json:/effects/1	sha256:0695727ab31ef3fb8371ff9d71919f4f1b3e0ba959db4620a8ffe51df6d41d1b	Требуется 1 слот защиты за уровень.
mantle-book:tconstruct:encyclopedia:defense/protection/tconstruct_turtle_shell.json:/text/0/text	sha256:48f67450c3a0481d0ed5f0d70f2b8bbd3c244e7744a0a35ac63826268b498c17	Дает +10% сопротивления под водой. Ограничение составляет 80% для всего набора или 8 уровней.
mantle-book:tconstruct:encyclopedia:defense/protection/tconstruct_turtle_shell.json:/text/1/text	sha256:c33bd40e7075af3b013a3ae26fb978365c642529081d8406858ea502004c6538	Увеличивает скорость плавания на 5% за уровень.
mantle-book:tconstruct:encyclopedia:defense/special.json:/text/0/text	sha256:ed89da38b161593270e91996087fbf4fbbfe9f669c357e29eae0b9a34ae074a3	Специальные модификаторы усиливают сопротивление иными способами, по сравнению с обычными модификаторами.
mantle-book:tconstruct:encyclopedia:defense/special.json:/title	sha256:c3dc79ca429ec2131d3c291e2e4f403afcae91502bfdc1703e4bc649c924a5ac	Особые модификаторы защиты
mantle-book:tconstruct:encyclopedia:defense/special/tconstruct_knockback_resistance.json:/effects/0	sha256:516cc927fadf825628b85bc0670d3d7da6548a2c5288bdcf3c656d5ec342383a	Максимум 1 уровень за часть
mantle-book:tconstruct:encyclopedia:defense/special/tconstruct_knockback_resistance.json:/effects/1	sha256:3cfb641aff176df9156172485b9502256afbce14348b4412d4417e6eb30369b9	Требуется 1 защитный слот
mantle-book:tconstruct:encyclopedia:defense/special/tconstruct_knockback_resistance.json:/text/0/text	sha256:f6dbe5e2f36db02585b2f80fe1384d57997d23e11d219a4e43fce19118bda117	Уменьшает значение получаемого отбрасывания на 10%.
mantle-book:tconstruct:encyclopedia:defense/special/tconstruct_revitalizing.json:/effects/0	sha256:b6522dc564bcba54a3be4f9d4836c2cb7fd802f8824108bdf3a426bb02455e8b	Можно применять уровни постепенно.
mantle-book:tconstruct:encyclopedia:defense/special/tconstruct_revitalizing.json:/effects/1	sha256:0695727ab31ef3fb8371ff9d71919f4f1b3e0ba959db4620a8ffe51df6d41d1b	Требуется 1 слот защиты на каждый уровень.
mantle-book:tconstruct:encyclopedia:defense/special/tconstruct_revitalizing.json:/text/0/text	sha256:c6c7b7a353682c7bb76f2c286f14e7ebf41bcba7816c222a43cd6c2541a62051	Увеличивает максимальное здоровье на 1 сердце за уровень.
mantle-book:tconstruct:encyclopedia:fluids/tconstruct_acetaldehyde.json:/text	sha256:2e5cc73590696ab23de5100a7276ac09e72dd00808679b2990e9afad3a53d951	Не путать с этанолом: это топливо с фруктовым запахом.
mantle-book:tconstruct:encyclopedia:fluids/tconstruct_acetaldehyde.json:/title	sha256:1cdab6a59149f2e6f25d2c7970e4314e9f7083547566ff3f7e135b534e8c9979	Ацетальдегид
mantle-book:tconstruct:encyclopedia:fluids/tconstruct_biodiesel.json:/text	sha256:981cf0bd3c23ce642b7f34cc4b40eb900981a0d0b10ddc5b45eeb994f3d1888e	Действительно возобновляемый источник огня.
mantle-book:tconstruct:encyclopedia:fluids/tconstruct_biodiesel.json:/title	sha256:5302949fd4d634843485ad4b99a7f40be3d1a4c633fa22993722f934a769580f	Биодизельное топливо
mantle-book:tconstruct:encyclopedia:fluids/tconstruct_concrete.json:/text	sha256:45576adcd64b4c349b8eedbeb66bcf2bd7e0e584646113c6ee525eeab94d1531	Это никуда не денется.
mantle-book:tconstruct:encyclopedia:fluids/tconstruct_concrete.json:/title	sha256:fbb34a2104d88e1044b071c9670437ee4cc6abd2014a8fcc29f2ba243f33617a	Бетон
mantle-book:tconstruct:encyclopedia:fluids/tconstruct_creosote.json:/text	sha256:ea9a9d724729c7b0368659adf01d9c5c33568ee99dc1a850ea636896aba9603f	Хотя это масло прекрасно подходит для герметизации древесины, многие считают это масло слишком токсичным для использования. Плюс он легковоспламеняющийся.
mantle-book:tconstruct:encyclopedia:fluids/tconstruct_creosote.json:/title	sha256:c9b2243a493a7a2657192429ef109455625328f2b22843244d146d620ff7df08	Креозот
mantle-book:tconstruct:encyclopedia:fluids/tconstruct_ender_slime.json:/text	sha256:0ffe3e9ab94e36da482b2293e47fc33ac5a30ea9a8e39c14215305105705d367	Телепортация ваших проблем в случайное место — это способ их решения.
mantle-book:tconstruct:encyclopedia:fluids/tconstruct_ethanol.json:/text	sha256:4bbaa7d86f84674c486373dd98bd2507ce921b9e1282ef8b87c0d455b0c4cb60	Не путать с этенолом, этинолом или этаналем.
mantle-book:tconstruct:encyclopedia:fluids/tconstruct_ethanol.json:/title	sha256:cc7cf711a7d6f24f2f37e60555b9646f8da5d346aa474c3020df4798ca3ac4e1	Этанол
mantle-book:tconstruct:encyclopedia:fluids/tconstruct_glowstone.json:/text	sha256:4bcf67c70914729bc74e124e21c9c3235eb92afbf2cf44e9b6cc9209d27fe6a6	Светокамень — самый яркий флюид на рынке.
mantle-book:tconstruct:encyclopedia:fluids/tconstruct_glowstone.json:/title	sha256:f4f95f0992a519e07673e9e9d3ea66ae5196b1e0be2c8a2847aa8697cfdccf53	Светящийся камень
mantle-book:tconstruct:encyclopedia:fluids/tconstruct_herbicide.json:/text	sha256:2fd2db847b75cf3701eb460f6ee4f558ff0636b7d688ecb0e98ae2e682cb574a	Было бы отлично для сбора урожая, если бы при этом не уничтожались посевы.
mantle-book:tconstruct:encyclopedia:fluids/tconstruct_herbicide.json:/title	sha256:dae493a0467fb0fb1149c636e41fbb769e767f70f3520efd10b3feabe666baf9	Гербицид
mantle-book:tconstruct:encyclopedia:fluids/tconstruct_lava.json:/text	sha256:53337cda05fc94c62c7e1a02a3dc2cb5d65e40329289ddb4c6c1deb55be69aa2	Лава — дешевый ранний источник повышения боевого потенциала с помощью жидкостей.
mantle-book:tconstruct:encyclopedia:fluids/tconstruct_lava.json:/title	sha256:09541df867b71f0f0f9aed2dbc7f1aaf37219156f0ddc32fbeae28cccbad6c0b	Лава
mantle-book:tconstruct:encyclopedia:fluids/tconstruct_magma.json:/text	sha256:449188756159caa38ba6611df037d47f1002c72baa86dde8ab22bed06ebdfcb6	Вам когда-нибудь хотелось стать гастом? Это приблизит вас к цели.
mantle-book:tconstruct:encyclopedia:fluids/tconstruct_milk.json:/text	sha256:ee05540f96eadf31236eed44d8d5433201f1c61c0194272033c726396d9e831f	Молоко — лекарство от большинства недугов. Кроме того, при ношении скелета он кальцинирует вас, усиливая характеристики скелета.
mantle-book:tconstruct:encyclopedia:fluids/tconstruct_milk.json:/title	sha256:8189b8409b18b1ef215ec2f2d8da515cdc7cc21a4b7cd35482b66bede2275d02	Молоко
mantle-book:tconstruct:encyclopedia:fluids/tconstruct_molten_cinderslime.json:/text	sha256:aef40071ee2a7c6a0274424313b6e6f8dcc3d89bc8f8c41ca06ad5e8437c4ee9	Пеплослизь течет не в ту сторону, и ее взрыв идет не в ту сторону.
mantle-book:tconstruct:encyclopedia:fluids/tconstruct_molten_queens_slime.json:/text	sha256:70027a290e59eed4b44b76db694ac3bccad4142a9782640a6a817af4ca0459b4	Иногда хочется просто взорвать своих врагов, не разрушая при этом свой мир.
mantle-book:tconstruct:encyclopedia:fluids/tconstruct_molten_signalum.json:/text	sha256:51841408edb8558ec1f368c2fdb88212e3aef66985bf7b293111e45d95743b4d	Расплавленный сигналум отлично подходит для инвертированных взрывных атак с минимальным ущербом окружающей среде.
mantle-book:tconstruct:encyclopedia:fluids/tconstruct_molten_slimesteel.json:/text	sha256:438b823d39d52a90abfdbb14cff966544104f357b78e657472635d4dbd1804c0	Слизневая сталь идеально подходит всем, кто хочет летать, если только удалось решить проблему с приземлением.
mantle-book:tconstruct:encyclopedia:fluids/tconstruct_phenolic_resin.json:/text	sha256:0dd27f4eba8512b2a5fb6033373bd6b92a1b6f04fa9b06196c8a249fb48d8ab7	Это тип синтетической термореактивной смолы. Это может быть актуально для вас, а может и не иметь значения.
mantle-book:tconstruct:encyclopedia:fluids/tconstruct_phenolic_resin.json:/title	sha256:8588fcd52a33017b935c470548f66da8acbd4be060bc519162e9c8f5a5aa79df	Фенольная смола
mantle-book:tconstruct:encyclopedia:fluids/tconstruct_plantoil.json:/text	sha256:7e4ee1122918a81dca807bca7071e3bc0e00f220148f9a6371b8176beb8ea13e	Технически это съедобно, но я бы не советовал есть слишком много.
mantle-book:tconstruct:encyclopedia:fluids/tconstruct_plantoil.json:/title	sha256:950a80e214a24d6b4fbe983250b8d57ec971eebe03ed30eed646d93016cff2d1	Растительное масло
mantle-book:tconstruct:encyclopedia:fluids/tconstruct_redstone.json:/text	sha256:41c69863ef8c6b7756db611f413611ab95914ac65003702ce485db5c61fa47cd	Редстоун отлично подходит для расстановки мобов в упорядоченные позиции, не причиняя им вреда.
mantle-book:tconstruct:encyclopedia:fluids/tconstruct_redstone.json:/title	sha256:2175a59f2ac5074fe639011d2b0e912fbefbf1567e763d926021f71821d533c8	Редстоун
mantle-book:tconstruct:encyclopedia:fluids/tconstruct_redstone_acid.json:/text	sha256:42b5c25a56f1cee575f20edd936b28ebd94d566bed609db75f1d527c57791bd6	Делает тебя слабым к электричеству, так что, думаю, держись подальше от проводов?
mantle-book:tconstruct:encyclopedia:fluids/tconstruct_redstone_acid.json:/title	sha256:34e7cb7c686747a0e5e84fa731e0b0b65b464e6ce8603f09572411ce804b7ed0	Редстоуновая кислота
mantle-book:tconstruct:encyclopedia:fluids/tconstruct_water.json:/text	sha256:bc7293528886f96c73494d4a5115bb370400a8dbadb4c4ac1d9e1240cffba449	Вода — не самая полезная жидкость, но она может защитить вас от пожара в жарких условиях.
mantle-book:tconstruct:encyclopedia:fluids/tconstruct_water.json:/title	sha256:7ca7dea906800f87091b819132ecf2aa2b7ea14c9841fa18b9db121d3bbe82dc	Вода
mantle-book:tconstruct:encyclopedia:intro/focus.json:/text/0/text	sha256:91c7001af9e376a516fa0ac56ba9868733ffb0747d5a78bceeb78e6dc23c215c	Эта книга посвящена созданию инструментов. В отличие от других томов, например «Материалы и вы» или «Тяжёлая металлургия», она не объясняет технологии создания инструментов, а лишь перечисляет все доступные варианты, предполагая, что нужные технологии у вас уже есть.
mantle-book:tconstruct:encyclopedia:intro/focus.json:/text/1/text	sha256:3d8fec5d459caf33af7ce558d8159b74e7802e196a81560a84cc52e5843bf9b9	Если вы не уверены в том, как использовать технологию или находить ресурсы, вам нужно будет обратиться к экземплярам книг «Материалы и вы», «Лёгкая металлургия», «Тяжёлая металлургия», «Фантастическая металлургия» или «Литейные гаджеты».
mantle-book:tconstruct:encyclopedia:intro/focus.json:/title	sha256:9d3cab2b5efed4eaef42a707dbc813da2ffad53220aa713b5f3c950596fe35f5	Фокус
mantle-book:tconstruct:encyclopedia:intro/foreward.json:/text/0/text	sha256:7d136a2eefd9bf03bb302cb9118b300fad1f99ecab80abb0ac4207aee109601d	Во время моего исследования изготовления инструментов я заметил, что несколько авторов создали неполные списки материалов, но единого полного списка не было. Это значит, чтобы правильно сравнить все материалы, необходимо переключаться между несколькими томами. Целью данной книги является решение этой проблемы путем объединения известных материалов из нескольких разных томов в одну книгу.
mantle-book:tconstruct:encyclopedia:intro/foreward.json:/text/1/text	sha256:fa278e6ef995a6b48508e613a558d7596ad41b114b1defe91321368a26e28872	Я не смог бы создать такую ​​грандиозную книгу в одиночку. Эта книга также включает списки материалов, собранных как Труулом М'Гоном, так и Немеей. Только не говорите никому из них, что я разговаривал с ними обоими.
mantle-book:tconstruct:encyclopedia:intro/foreward.json:/title	sha256:7872078d6758f5d336983566ccb975dfa520d32ed74719844c80635d26355736	Предисловие
mantle-book:tconstruct:encyclopedia:slotless/bonus.json:/text/0/text	sha256:beb4aeaffcdafb755791d7337406ce60484ce3ec1f30d4a41d863ebb657dda86	Дополнительные модификаторы - это группа бесслотовых модификаторов, которые предоставляют дополнительные слоты для модификаторов.
mantle-book:tconstruct:encyclopedia:slotless/bonus.json:/text/1/text	sha256:6c1c619c07b9b65a56e7b18dff5b39c1d924b0412c687152fb2d2d7ee6053bff	По умолчанию у большинства малых инструментов есть 3 слота для улучшений, а у большинства широких — 2. Модификаторы могут добавить инструменту ещё 4 слота.
mantle-book:tconstruct:encyclopedia:slotless/bonus.json:/text/2/text	sha256:baec28830fcad3750dfb5fd1ba61f489cee178e88f96b0dc1b50fe0c47ebc8a6	Кроме того, у большинства инструментов есть 1 слот для умений. Модификаторы могут добавить ещё один, а иногда даже два слота для умений.
mantle-book:tconstruct:encyclopedia:slotless/bonus.json:/title	sha256:d587622d277c4be4a2ed692b5a52d550abf0d9e19adb40469bb837462084dcdd	Бонусы
mantle-book:tconstruct:encyclopedia:slotless/bonus/tconstruct_draconic.json:/effects/0	sha256:4790242817445a0eed06501a9777543cd0aa4b0dc0b936102d62e58503da1099	Максимум 1 уровень
mantle-book:tconstruct:encyclopedia:slotless/bonus/tconstruct_draconic.json:/effects/1	sha256:ef3ed76fa3649bbddec4a61425c87017a4f537dab539f259133151ca68baf6dd	Бесслотовый
mantle-book:tconstruct:encyclopedia:slotless/bonus/tconstruct_draconic.json:/text/0/text	sha256:4f1da9591c4214035fe79343c12f3b4c297c156c01bd97ccd7126df9d5a3a8ef	Даёт +1 слот для умений.
mantle-book:tconstruct:encyclopedia:slotless/bonus/tconstruct_embossed.json:/effects/0	sha256:4790242817445a0eed06501a9777543cd0aa4b0dc0b936102d62e58503da1099	Максимум 1 уровень
mantle-book:tconstruct:encyclopedia:slotless/bonus/tconstruct_embossed.json:/effects/1	sha256:ef3ed76fa3649bbddec4a61425c87017a4f537dab539f259133151ca68baf6dd	Без слотов
mantle-book:tconstruct:encyclopedia:slotless/bonus/tconstruct_embossed.json:/text/0/text	sha256:d4cc80b53672f924d97c65049f8749a2a9667e740a529b2b8f925fed9cb45c72	Предоставляет +1 слот для улучшений.
mantle-book:tconstruct:encyclopedia:slotless/bonus/tconstruct_forecast.json:/effects/0	sha256:4790242817445a0eed06501a9777543cd0aa4b0dc0b936102d62e58503da1099	Максимум 1 уровень
mantle-book:tconstruct:encyclopedia:slotless/bonus/tconstruct_forecast.json:/effects/1	sha256:ef3ed76fa3649bbddec4a61425c87017a4f537dab539f259133151ca68baf6dd	Без слотов
mantle-book:tconstruct:encyclopedia:slotless/bonus/tconstruct_forecast.json:/text/0/text	sha256:d4cc80b53672f924d97c65049f8749a2a9667e740a529b2b8f925fed9cb45c72	Предоставляет +1 слот для улучшений.
mantle-book:tconstruct:encyclopedia:slotless/bonus/tconstruct_harmonious.json:/effects/0	sha256:4790242817445a0eed06501a9777543cd0aa4b0dc0b936102d62e58503da1099	Максимум 1 уровень
mantle-book:tconstruct:encyclopedia:slotless/bonus/tconstruct_harmonious.json:/effects/1	sha256:ef3ed76fa3649bbddec4a61425c87017a4f537dab539f259133151ca68baf6dd	Бесслотовый
mantle-book:tconstruct:encyclopedia:slotless/bonus/tconstruct_harmonious.json:/text/0/text	sha256:d4cc80b53672f924d97c65049f8749a2a9667e740a529b2b8f925fed9cb45c72	Даёт +1 слот для улучшений.
mantle-book:tconstruct:encyclopedia:slotless/bonus/tconstruct_rebalanced.json:/effects/0	sha256:4790242817445a0eed06501a9777543cd0aa4b0dc0b936102d62e58503da1099	Максимум 1 уровень
mantle-book:tconstruct:encyclopedia:slotless/bonus/tconstruct_rebalanced.json:/effects/1	sha256:ef3ed76fa3649bbddec4a61425c87017a4f537dab539f259133151ca68baf6dd	Без слотов
mantle-book:tconstruct:encyclopedia:slotless/bonus/tconstruct_rebalanced.json:/text/0/text	sha256:f7bc58b45f55d7288816144e9d3c037f30a21b98c6881b4b9dd82d5ec1abb7e3	Предоставляет +1 слот модификатора; тип определяется рецептурой. Применение +1 слота способности приводит к тому, что инструмент теряет 1 слот улучшения.
mantle-book:tconstruct:encyclopedia:slotless/bonus/tconstruct_rebalanced.json:/text/1/text	sha256:e82e2f40a9dd8af73ae23f18e15a97b1915050efa63c151e7409976241ef2243	Эндер-слизь повышает уровень одной из особенностей инструмента, обычно особенности головки.
mantle-book:tconstruct:encyclopedia:slotless/bonus/tconstruct_recapitated.json:/effects/0	sha256:4790242817445a0eed06501a9777543cd0aa4b0dc0b936102d62e58503da1099	Максимум 1 уровень
mantle-book:tconstruct:encyclopedia:slotless/bonus/tconstruct_recapitated.json:/effects/1	sha256:ef3ed76fa3649bbddec4a61425c87017a4f537dab539f259133151ca68baf6dd	Бесслотовый
mantle-book:tconstruct:encyclopedia:slotless/bonus/tconstruct_recapitated.json:/text/0/text	sha256:d4cc80b53672f924d97c65049f8749a2a9667e740a529b2b8f925fed9cb45c72	Даёт +1 слот для улучшений.
mantle-book:tconstruct:encyclopedia:slotless/bonus/tconstruct_redirected.json:/effects/0	sha256:4790242817445a0eed06501a9777543cd0aa4b0dc0b936102d62e58503da1099	Максимум 1 уровень
mantle-book:tconstruct:encyclopedia:slotless/bonus/tconstruct_redirected.json:/effects/1	sha256:ef3ed76fa3649bbddec4a61425c87017a4f537dab539f259133151ca68baf6dd	Без слотов
mantle-book:tconstruct:encyclopedia:slotless/bonus/tconstruct_redirected.json:/text/0/text	sha256:f2b181157bf91aee321a4ac1bfd1e7889b160143a2008babbd5b0991dcab4d5b	Повышает уровень одной из характеристик снаряда, обычно первого наконечника стрелы.
mantle-book:tconstruct:encyclopedia:slotless/bonus/tconstruct_writable.json:/effects/0	sha256:4790242817445a0eed06501a9777543cd0aa4b0dc0b936102d62e58503da1099	Максимум 1 уровень
mantle-book:tconstruct:encyclopedia:slotless/bonus/tconstruct_writable.json:/effects/1	sha256:ef3ed76fa3649bbddec4a61425c87017a4f537dab539f259133151ca68baf6dd	Бесслотовый
mantle-book:tconstruct:encyclopedia:slotless/bonus/tconstruct_writable.json:/text/0/text	sha256:d4cc80b53672f924d97c65049f8749a2a9667e740a529b2b8f925fed9cb45c72	Даёт +1 слот для улучшений.
mantle-book:tconstruct:encyclopedia:slotless/cosmetic.json:/text/0/text	sha256:33111031bec05d9c0a80a0f2c48b1a193b3094169999d91d18fa4abd246ba317	Косметические модификаторы изменяют внешний вид вашего инструмента, но не влияют на его функциональность.
mantle-book:tconstruct:encyclopedia:slotless/cosmetic.json:/title	sha256:3f9679cf685f17af227d423f96031bdc3b29cfd284277f00de35ccbce2bddbca	Косметика
mantle-book:tconstruct:encyclopedia:slotless/cosmetic/tconstruct_dyed.json:/effects/0	sha256:f0f8e2c52d08b6060d359b63fc5e350cbd63827c135650a29b854f234ff07da3	Многоразовый
mantle-book:tconstruct:encyclopedia:slotless/cosmetic/tconstruct_dyed.json:/effects/1	sha256:ef3ed76fa3649bbddec4a61425c87017a4f537dab539f259133151ca68baf6dd	Бесслотовый
mantle-book:tconstruct:encyclopedia:slotless/cosmetic/tconstruct_dyed.json:/text/0/text	sha256:041911ead7a58b202e0c53b51b104e9b26fe3abdb6ac515f0b84654c2527de4d	Изменяет цвет кожаных или деревянных частей снаряжения путешественника, щитов и посохов.
mantle-book:tconstruct:encyclopedia:slotless/cosmetic/tconstruct_dyed.json:/text/1/text	sha256:26c1e97f789e4def81b81228b63edea708b929327e5e771f28de61e3558e214d	Можно смешивать несколько красителей, а также смешивать красители с предыдущим цветом снаряжения.
mantle-book:tconstruct:encyclopedia:slotless/cosmetic/tconstruct_embellishment.json:/effects/0	sha256:2461f2311f38f703b6c63b124f92f823f0f15d24d99aef04125d563c23934fa5	Можно заменить
mantle-book:tconstruct:encyclopedia:slotless/cosmetic/tconstruct_embellishment.json:/effects/1	sha256:ef3ed76fa3649bbddec4a61425c87017a4f537dab539f259133151ca68baf6dd	Бесслотовый
mantle-book:tconstruct:encyclopedia:slotless/cosmetic/tconstruct_embellishment.json:/text/0/text	sha256:ccc5eea6f1d0adb468b309cff23c0b17bd9ede21a4692b959178fe37c4f32284	Позволяет изменять внешний вид слизневых доспехов, посохов и щитов.
mantle-book:tconstruct:encyclopedia:slotless/cosmetic/tconstruct_embellishment.json:/text/1/text	sha256:29ff66657008d63a815eb365adcd8dd19176e6f012c182addc673b3a21d130ce	Для слизневых доспехов используются блоки застывшей слизи, а для посохов и щитов — деревянные украшения.
mantle-book:tconstruct:encyclopedia:slotless/cosmetic/tconstruct_farsighted.json:/effects/0	sha256:153fd3c7c2ab115cb98c40d29ef2ec591051eaae0b4f67ac4a27ca8be6f37e67	Нет максимального уровня
mantle-book:tconstruct:encyclopedia:slotless/cosmetic/tconstruct_farsighted.json:/effects/1	sha256:ef3ed76fa3649bbddec4a61425c87017a4f537dab539f259133151ca68baf6dd	Бесслотовый
mantle-book:tconstruct:encyclopedia:slotless/cosmetic/tconstruct_farsighted.json:/text/0/text	sha256:a0fb68bc15ae9637dfb546532af4b1db678651562278081002bf39aa59e8b708	Снижает FOV на 5% за уровень, пока вы носите эту броню или держите в руках этот инструмент.
mantle-book:tconstruct:encyclopedia:slotless/cosmetic/tconstruct_farsighted.json:/text/1/text	sha256:6a18ab0539176d3ddd6ffaedcbd71b7cffd1ff85d40ce01a51b033b03429b6c3	Этот модификатор идеально подходит для подавления изменения FOV от модификатора скорости, но Вы можете найти ему и другое применение.
mantle-book:tconstruct:encyclopedia:slotless/cosmetic/tconstruct_nearsighted.json:/effects/0	sha256:153fd3c7c2ab115cb98c40d29ef2ec591051eaae0b4f67ac4a27ca8be6f37e67	Нет максимального уровня
mantle-book:tconstruct:encyclopedia:slotless/cosmetic/tconstruct_nearsighted.json:/effects/1	sha256:ef3ed76fa3649bbddec4a61425c87017a4f537dab539f259133151ca68baf6dd	Бесслотовый
mantle-book:tconstruct:encyclopedia:slotless/cosmetic/tconstruct_nearsighted.json:/text/0/text	sha256:0a65d452205b27315b6f168186d0b645bd4799145ad0e1ee318390aaabc56c58	Увеличивает FOV на 5% за уровень, когда вы носите эту броню или держите этот инструмент.
mantle-book:tconstruct:encyclopedia:slotless/cosmetic/tconstruct_nearsighted.json:/text/1/text	sha256:4492fa3ffbe49897bbf6374836a4d6c66940cd0ae0d1ee182db1d4c65c3e48a3	Этот модификатор идеально подходит для подавления изменения FOV от тяжёлых инструментов, но Вы можете найти ему и другое применение.
mantle-book:tconstruct:encyclopedia:slotless/cosmetic/tconstruct_shiny.json:/effects/0	sha256:4790242817445a0eed06501a9777543cd0aa4b0dc0b936102d62e58503da1099	Максимум 1 уровень
mantle-book:tconstruct:encyclopedia:slotless/cosmetic/tconstruct_shiny.json:/effects/1	sha256:ef3ed76fa3649bbddec4a61425c87017a4f537dab539f259133151ca68baf6dd	Бесслотовый
mantle-book:tconstruct:encyclopedia:slotless/cosmetic/tconstruct_shiny.json:/text/0/text	sha256:11b8a773bfe1c11faba5f3fcb8d12e5d39e3deaafcbb87937ff44a026d3b43a0	Заставляет инструмент светиться, как зачарованный. Вот и всё, это просто декоративно.
mantle-book:tconstruct:encyclopedia:slotless/cosmetic/tconstruct_trim.json:/effects/0	sha256:2461f2311f38f703b6c63b124f92f823f0f15d24d99aef04125d563c23934fa5	Возможность замены
mantle-book:tconstruct:encyclopedia:slotless/cosmetic/tconstruct_trim.json:/effects/1	sha256:ef3ed76fa3649bbddec4a61425c87017a4f537dab539f259133151ca68baf6dd	Без слотов
mantle-book:tconstruct:encyclopedia:slotless/cosmetic/tconstruct_trim.json:/text/0/text	sha256:ff140197e31854e1af89f89baa79c9c8a83dc10ee2dffdcfe4b1e8562e5eff9c	Комбинируйте отделку брони с подходящим материалом, чтобы добавить к броне цветной вариант уникальной текстуры.
mantle-book:tconstruct:encyclopedia:slotless/general.json:/text/0/text	sha256:827ffd89455cf5825f71a1b0a01112363d7bde65e6cc4896b514745f5b60d874	Основные бесслотовые модификаторы дают особые эффекты, но не требуют слотов для улучшений или умений.
mantle-book:tconstruct:encyclopedia:slotless/general.json:/title	sha256:c910d474dcd724bff83ddedeb06bf1eceaf9fb3af7c76bb282be057f36e6dffa	Основные
mantle-book:tconstruct:encyclopedia:slotless/general/tconstruct_barebow.json:/effects/0	sha256:4790242817445a0eed06501a9777543cd0aa4b0dc0b936102d62e58503da1099	Максимум 1 уровень
mantle-book:tconstruct:encyclopedia:slotless/general/tconstruct_barebow.json:/effects/1	sha256:ef3ed76fa3649bbddec4a61425c87017a4f537dab539f259133151ca68baf6dd	Без слотов
mantle-book:tconstruct:encyclopedia:slotless/general/tconstruct_barebow.json:/text/0/text	sha256:d97a2c2f842a87984b9bad8147c9823df0c52b735bc658b9e82da2a3664c482b	Не позволяет луку использовать боеприпасы из инвентаря. Полезно, чтобы гарантировать, что вместо этого используется хрустальный выстрел или объемный колчан, или иным образом использовать лук для стрельбы чем-либо, кроме стрел.
mantle-book:tconstruct:encyclopedia:slotless/general/tconstruct_blindshot.json:/effects/0	sha256:071751bfa81c5cb5092d9faa87f9891b2c6d9fb6c5fd9db8c647b43758203516	Максимального уровня нет, хотя минимальная точность составляет 0,1.
mantle-book:tconstruct:encyclopedia:slotless/general/tconstruct_blindshot.json:/effects/1	sha256:ef3ed76fa3649bbddec4a61425c87017a4f537dab539f259133151ca68baf6dd	Без слотов
mantle-book:tconstruct:encyclopedia:slotless/general/tconstruct_blindshot.json:/text/0/text	sha256:a4f4f9c4680df4fb924afbfd0bdfaf870fa4187d99adead9156cacf00c51e445	Уменьшает точность на 0,1 за уровень.
mantle-book:tconstruct:encyclopedia:slotless/general/tconstruct_blunted.json:/effects/0	sha256:4790242817445a0eed06501a9777543cd0aa4b0dc0b936102d62e58503da1099	Максимум 1 уровень
mantle-book:tconstruct:encyclopedia:slotless/general/tconstruct_blunted.json:/effects/1	sha256:ef3ed76fa3649bbddec4a61425c87017a4f537dab539f259133151ca68baf6dd	Без слотов
mantle-book:tconstruct:encyclopedia:slotless/general/tconstruct_blunted.json:/text/0/text	sha256:ca0c82170039b292979582f2f09294feb3cd51194aaaeb019df4e04aa1a69c39	Не позволяет инструменту выполнять атаки ближнего боя, вместо этого выполняя общие взаимодействия.
mantle-book:tconstruct:encyclopedia:slotless/general/tconstruct_offhanded.json:/effects/0	sha256:f9b54a82a08e6a336f8c9a8313eb61cbbb09ac23e4b8c8a6e392d43c2f302be9	Максимум 2 уровня.
mantle-book:tconstruct:encyclopedia:slotless/general/tconstruct_offhanded.json:/effects/1	sha256:ef3ed76fa3649bbddec4a61425c87017a4f537dab539f259133151ca68baf6dd	Без слотов
mantle-book:tconstruct:encyclopedia:slotless/general/tconstruct_offhanded.json:/text/0/text	sha256:aa14fb4ff7b0ca146ff660b712cf22ae86873245d758e9ea736c2cf6f4563b48	Не позволяет использовать умение взаимодействия основной руки, если вторая рука занята. Например, топор не снимет кору с бревна, если во второй руке находится щит.
mantle-book:tconstruct:encyclopedia:slotless/general/tconstruct_offhanded.json:/text/1/text	sha256:7c79bddd50ff207234cddb2de44459fd9e5cc41ad0ee0cbafeca4e6ec5f2b131	Второй уровень полностью отключает возможность взаимодействия с инструментом.
mantle-book:tconstruct:encyclopedia:slotless/general/tconstruct_overslime.json:/effects/0	sha256:1916f756c58e0eef4268d8b223f216ffb66521fe6001e6161ed03ad278fce451	Несклизкие инструменты: -10% скорости добычи и урона от атаки, -0,5 брони.
mantle-book:tconstruct:encyclopedia:slotless/general/tconstruct_overslime.json:/effects/1	sha256:153fd3c7c2ab115cb98c40d29ef2ec591051eaae0b4f67ac4a27ca8be6f37e67	Нет максимального уровня
mantle-book:tconstruct:encyclopedia:slotless/general/tconstruct_overslime.json:/effects/2	sha256:ef3ed76fa3649bbddec4a61425c87017a4f537dab539f259133151ca68baf6dd	Без слотов
mantle-book:tconstruct:encyclopedia:slotless/general/tconstruct_overslime.json:/text/0/text	sha256:6fd0c779fb9b7bd2e728808863d91597e1d4feaf29108d0a3b91b1907e21a197	Сверхслизь дает инструментам вторую шкалу прочности, которая используется перед основной полоской прочности. По умолчанию инструменты начинаются с максимального значения избыточной слизи 50, умноженного на его модификатор прочности.
mantle-book:tconstruct:encyclopedia:slotless/general/tconstruct_overslime.json:/text/1/text	sha256:d04a627d4c56224efcbb576d711c48287cdadd721841485d5f4f79bd8feaa19a	Инструменты без «Сверхпрочности» или слизневых материалов имеют сниженные характеристики. Сверхслизь можно восстановить на верстаке с помощью бутылочек слизи.
mantle-book:tconstruct:encyclopedia:slotless/general/tconstruct_workbench.json:/effects/0	sha256:4790242817445a0eed06501a9777543cd0aa4b0dc0b936102d62e58503da1099	Максимум 1 уровень
mantle-book:tconstruct:encyclopedia:slotless/general/tconstruct_workbench.json:/effects/1	sha256:ef3ed76fa3649bbddec4a61425c87017a4f537dab539f259133151ca68baf6dd	Без слотов
mantle-book:tconstruct:encyclopedia:slotless/general/tconstruct_workbench.json:/text/0/text	sha256:713aee094cc9a577e9375c6ba19e3c260ffcc469458caefa8ef12c70138e434e	Добавляет верстак 2x2 в инвентарь инструмента.
mantle-book:tconstruct:encyclopedia:slotless/general/tconstruct_worldbound.json:/effects/0	sha256:4790242817445a0eed06501a9777543cd0aa4b0dc0b936102d62e58503da1099	Максимум 1 уровень
mantle-book:tconstruct:encyclopedia:slotless/general/tconstruct_worldbound.json:/effects/1	sha256:ef3ed76fa3649bbddec4a61425c87017a4f537dab539f259133151ca68baf6dd	Бесслотовый
mantle-book:tconstruct:encyclopedia:slotless/general/tconstruct_worldbound.json:/text/0/text	sha256:ca3d1e22800610c44121cb572eb0d35be65cc19de1911e6506f1d42d1a6750bd	Альтернатива незериту, которая делает инструменты неуязвимыми при выпадении, не требуя слота для улучшения. Не даёт никаких прибавок к характеристикам.
mantle-book:tconstruct:encyclopedia:tools/ancient.json:/text/0/text	sha256:e4cceacb3227c874e9335697ff79ceac0a1523a000b397c15c1b16b15a9b706c	Древние инструменты невозможно изготовить, вместо этого их можно найти в мире в добыче или купить у странствующих торговцев. Их материалы случайны и не могут быть изменены путем замены деталей.
mantle-book:tconstruct:encyclopedia:tools/ancient.json:/text/1/text	sha256:439e13f725bcffd6f5c6558c05f8928e2672e5f78ec0e4cc08d9793e2492e9f7	Древние инструменты обычно состоят из двух материалов из двух разных классов инструментов (например, для ближнего и дальнего боя). Кроме того, они получают более сильные эффекты от перебалансированного модификатора.
mantle-book:tconstruct:encyclopedia:tools/ancient.json:/title	sha256:bc9af63998fd09163a0688fba32f31524a09802bd720c1a220d62d38d14d3e56	Древние инструменты
mantle-book:tconstruct:encyclopedia:tools/ancient/tconstruct_battlesign.json:/properties/0	sha256:e0801316bc695a30c344c42c2a641fc5184311b686723a7eddb488e830520bc2	+2 к силе атаки
mantle-book:tconstruct:encyclopedia:tools/ancient/tconstruct_battlesign.json:/properties/1	sha256:4f73e994b2637f76f6fd9a3753319a0d936a508f97f968e8547b2ba3b95eb5f0	1.4 Скорость атаки
mantle-book:tconstruct:encyclopedia:tools/ancient/tconstruct_battlesign.json:/properties/2	sha256:bcb817981dd9719e5b7b09dc5d630d911a586c11a3cd3326d25cba53cf19f189	Блокирует 50 единиц урона.
mantle-book:tconstruct:encyclopedia:tools/ancient/tconstruct_battlesign.json:/properties/3	sha256:9267f4fd5ee3834f8f69594c514ddda010431b7c75f162bdaa2ae3df916cb514	Угол блока 120°
mantle-book:tconstruct:encyclopedia:tools/ancient/tconstruct_battlesign.json:/properties/4	sha256:8b7f23f664aa6aeb336ef457d82e4f93201d89dc723e3fc270ef76cdc3b4c36c	Скорость блокировки 20%
mantle-book:tconstruct:encyclopedia:tools/ancient/tconstruct_battlesign.json:/properties/5	sha256:9a7e003270efd7a93c547087f3c6f33976d8901e8c611c35d1d4a46ead3540fd	3 слота защиты
mantle-book:tconstruct:encyclopedia:tools/ancient/tconstruct_battlesign.json:/properties/6	sha256:96106035c7b48be6bccf66ea8948c1f10586e20cade6c9933e3cc9aea4416b05	1 слот для умений
mantle-book:tconstruct:encyclopedia:tools/ancient/tconstruct_battlesign.json:/text/0/text	sha256:c28865074f5b341cf1c0cf4f2cfecd197a1758eb186c78a7a25877b9bbc4ef06	Боевой знак представляет собой нечто среднее между щитом и мечом, найденным в бастионах, в результате обмена или в руках пиглинов всех разновидностей.
mantle-book:tconstruct:encyclopedia:tools/ancient/tconstruct_melting_pan.json:/properties/0	sha256:ff850680db0f860d87ee8db262454917de92d728a23334d33b52578b898eaecb	6 Скорость добычи
mantle-book:tconstruct:encyclopedia:tools/ancient/tconstruct_melting_pan.json:/properties/1	sha256:df7fe7e0ebe496d987fb295f05ceb357158c559fbb1a3a944eeee46413bfadab	Уровень сбора камня
mantle-book:tconstruct:encyclopedia:tools/ancient/tconstruct_melting_pan.json:/properties/2	sha256:03c5ab6b120f749f19964a23966a5a65083f84262ff9ceba897f1e64b0dee861	10% сопротивление отбрасыванию.
mantle-book:tconstruct:encyclopedia:tools/ancient/tconstruct_melting_pan.json:/properties/3	sha256:6468c7091fdcd0fd812102ade7a3dc93b2e2c11518ab1cc24ba3959e6a5c40b5	Таяние+
mantle-book:tconstruct:encyclopedia:tools/ancient/tconstruct_melting_pan.json:/properties/4	sha256:4edfff59e0b2e0665ed9b325f5c8a4096c3bc32a36350e7cf2c3050f089ad79e	1 слот защиты
mantle-book:tconstruct:encyclopedia:tools/ancient/tconstruct_melting_pan.json:/properties/5	sha256:7b9e4cbd0f19ccd26985903d057223d3ac9d6c2b4568d0e252de4b44871c18b6	1 слот для улучшения
mantle-book:tconstruct:encyclopedia:tools/ancient/tconstruct_melting_pan.json:/properties/6	sha256:ef94477eb5f7f7d0689ca799126ff23313b50dad46935733deab341898982d14	2 слота для умений
mantle-book:tconstruct:encyclopedia:tools/ancient/tconstruct_melting_pan.json:/text/0/text	sha256:e965b369f3d0028711ba0a2acdcc7dcd75412844bb83fdd31bcb85ced79c125a	Сковородка — это посох, который добывает блоки, пригодные для плавки, и даёт по 6 дополнительных самородков с каждой руды (вместо 3 дополнительных самородков в плавильне). «Расширение» действует как на жильном молоте.
mantle-book:tconstruct:encyclopedia:tools/ancient/tconstruct_melting_pan.json:/text/1/text	sha256:5841a419b478f3f57df6a29a6d97ff28c7062131049b8cddf9b74ae12aebf25b	Можно найти у зомби, в подземельях и иглу, а также получить в подарок от бронника после рейда.
mantle-book:tconstruct:encyclopedia:tools/ancient/tconstruct_minotaur_axe.json:/properties/0	sha256:a223d8a7232d8f6ae32f5f02a2ed35409016d090ed702899b9cea1d4c032efcb	+3 к силе атаки
mantle-book:tconstruct:encyclopedia:tools/ancient/tconstruct_minotaur_axe.json:/properties/1	sha256:04c4ea2e592f036a45aa466b51afd770fc775b13a64a0c806f1262b9b865afe6	+7 к урону при зарядке
mantle-book:tconstruct:encyclopedia:tools/ancient/tconstruct_minotaur_axe.json:/properties/2	sha256:efeddb9247fdfe471edca15387e6355592e27f2a03e80f56d1393c07802e1c72	Скорость атаки 0,9.
mantle-book:tconstruct:encyclopedia:tools/ancient/tconstruct_minotaur_axe.json:/properties/3	sha256:f8b3d9a3f5d39560a1349cc9ccc0433ae236344de3151ae1e4626f6cdb029c9f	Полная статистика с обеих голов
mantle-book:tconstruct:encyclopedia:tools/ancient/tconstruct_minotaur_axe.json:/properties/4	sha256:a32fd0ca172734a802d52bc7baa037f7e3562413f37372bee2fdfa73352071f7	3 слота для улучшений
mantle-book:tconstruct:encyclopedia:tools/ancient/tconstruct_minotaur_axe.json:/properties/5	sha256:96106035c7b48be6bccf66ea8948c1f10586e20cade6c9933e3cc9aea4416b05	1 слот для умений
mantle-book:tconstruct:encyclopedia:tools/ancient/tconstruct_minotaur_axe.json:/text/0/text	sha256:e8507ef3ca284f82c2adda59675855d2ec70dce7fd12ef2a4f8d796d4363aabe	Топор минотавра — это особый топор, полученный от минотавров в Сумеречном лесу. Топор дает дополнительный урон при поражении целей во время спринта, часто нанося больше урона, чем критические удары. Он также ломает древесину в колонне.
mantle-book:tconstruct:encyclopedia:tools/ancient/tconstruct_swasher.json:/properties/0	sha256:6f45ed8205617ffc5f4bc2144a3954ea486d9957f98a7e87f21ee039bbb72541	+0 к силе атаки
mantle-book:tconstruct:encyclopedia:tools/ancient/tconstruct_swasher.json:/properties/1	sha256:3b68c1bc77b6b72c81b5eadbb991226d8f5f21e57c779be18f64a5badda79de6	1,5 Скорость атаки.
mantle-book:tconstruct:encyclopedia:tools/ancient/tconstruct_swasher.json:/properties/2	sha256:b06503e10649d654c80f78d1356320b3a33edba31263804ead7a54b252d8ff7b	Плевок I
mantle-book:tconstruct:encyclopedia:tools/ancient/tconstruct_swasher.json:/properties/3	sha256:66104abe72c799d1989d5f0091b4d57bd2220c65ef2851db06b8b8b7c10f7232	Разлив I
mantle-book:tconstruct:encyclopedia:tools/ancient/tconstruct_swasher.json:/properties/4	sha256:a32fd0ca172734a802d52bc7baa037f7e3562413f37372bee2fdfa73352071f7	3 слота для улучшений
mantle-book:tconstruct:encyclopedia:tools/ancient/tconstruct_swasher.json:/properties/5	sha256:96106035c7b48be6bccf66ea8948c1f10586e20cade6c9933e3cc9aea4416b05	1 слот для умений
mantle-book:tconstruct:encyclopedia:tools/ancient/tconstruct_swasher.json:/text/0/text	sha256:ab4c63c6bf13678d0a330723bcbdaf30ca388e813da595ee5b6d4f98d10070b6	Свашер сочетает оружие ближнего боя и ручной жидкостный пистолет.
mantle-book:tconstruct:encyclopedia:tools/ancient/tconstruct_swasher.json:/text/1/text	sha256:71e7dc9a0cf2713ce0b48602af006ed57f23492a686ce4de825456fdb83c82ad	Его часто находят в зарытых сокровищах и на затонувших кораблях, в руках утонувших или иссохших скелетов, а иногда и ловят во время рыбалки.
mantle-book:tconstruct:encyclopedia:tools/ancient/tconstruct_war_pick.json:/properties/0	sha256:6f45ed8205617ffc5f4bc2144a3954ea486d9957f98a7e87f21ee039bbb72541	+0 к силе атаки
mantle-book:tconstruct:encyclopedia:tools/ancient/tconstruct_war_pick.json:/properties/1	sha256:5d8e42827d37c29bdb0882ab164b8b2636b813411f183edd29feead35a96620a	1.2 Скорость атаки
mantle-book:tconstruct:encyclopedia:tools/ancient/tconstruct_war_pick.json:/properties/2	sha256:56e46c409d7ae0793d59b566e8c17c987292b2f8d0350f0c3ed0669883abf961	1.0 Скорость натяжения
mantle-book:tconstruct:encyclopedia:tools/ancient/tconstruct_war_pick.json:/properties/3	sha256:db1419b22e6e3eb5809a47d17276fb380c73af92adb0eb9dc123c594086fc540	1,00 Скорость стрелы
mantle-book:tconstruct:encyclopedia:tools/ancient/tconstruct_war_pick.json:/properties/4	sha256:0f22cadfd2ca6166f514923cd9ba67a7795350905a824a905a89c959261cae2c	Точность: 0,75.
mantle-book:tconstruct:encyclopedia:tools/ancient/tconstruct_war_pick.json:/properties/5	sha256:a32fd0ca172734a802d52bc7baa037f7e3562413f37372bee2fdfa73352071f7	3 слота для улучшений
mantle-book:tconstruct:encyclopedia:tools/ancient/tconstruct_war_pick.json:/properties/6	sha256:96106035c7b48be6bccf66ea8948c1f10586e20cade6c9933e3cc9aea4416b05	1 слот для умений
mantle-book:tconstruct:encyclopedia:tools/ancient/tconstruct_war_pick.json:/text/0/text	sha256:65e2aae34f4d186d6211c77e9664c103f5d4c67a7725e3b2ad55323d078b215c	Боевая кирка — это кирка-арбалет, которую можно найти в заброшенных шахтах и аванпостах разбойников, у поборников и зомби-жителей, а также получить в подарок от оружейника после рейда.
mantle-book:tconstruct:encyclopedia:tools/ancient/tconstruct_war_pick.json:/text/1/text	sha256:b79502553c25dca3e6c50d2ed7c66ab21f32073c9f5b575d2da6e04d6eb20ff6	Добыча блоков при загрузке дает +0,01 скорости за добытый блок, вплоть до +0,25. Расширители увеличивают круговой радиус добычи.
mantle-book:tconstruct:encyclopedia:tools/broad.json:/text/0/text	sha256:4e9201804e3cce1a2f8549c7afbafea5a9b6ecb3acb5a2f493f9ddcf49f0cce5	Все широкие инструменты создаются и меняют детали на литейной наковальне. Большинству требуется 4 детали; изначально у них лишь 2 слота для улучшений и 1 слот для умений.
mantle-book:tconstruct:encyclopedia:tools/broad.json:/text/1/text	sha256:32f945f315ff6090b8b73fdc4618c64a9d2cfdf4ac83aa528b86a204b7da949d	У широких инструментов, как и у малых, есть бонусы и множители атаки, а у многих — дополнительные особенности. Кроме того, у многих инструментов есть множитель прочности или скорости добычи, который действует подобно множителю атаки и влияет как на базовые характеристики, так и на прибавки от модификаторов.
mantle-book:tconstruct:encyclopedia:tools/broad.json:/title	sha256:382a6187783b59c97d1d82a1b88eee33df79f49e78897e9bfb8edca39918a6eb	Широкие инструменты
mantle-book:tconstruct:encyclopedia:tools/broad/tconstruct_broad_axe.json:/properties/0	sha256:2bb3edef62daa3ce536b99f7160ac25fe18b1939febce11d0e3d67bdcf547bd5	+5 урона
mantle-book:tconstruct:encyclopedia:tools/broad/tconstruct_broad_axe.json:/properties/1	sha256:bfde7e1bdccbc2ae8723033a34e4dcb1d57b101426872b184e0c1d01511203bf	Множитель атаки 165%
mantle-book:tconstruct:encyclopedia:tools/broad/tconstruct_broad_axe.json:/properties/2	sha256:309bfc4a44b08e6ba78f2c1cbe0b0f2567fb9449a6391c2394642616c23927e6	0.6 скорость атаки
mantle-book:tconstruct:encyclopedia:tools/broad/tconstruct_broad_axe.json:/properties/3	sha256:94aabe75539c402339d4b5ca05aa097c892e4383ae32238cfcbd6b0b1845313d	30% модификатор копания
mantle-book:tconstruct:encyclopedia:tools/broad/tconstruct_broad_axe.json:/properties/4	sha256:306d37968024ae82df596678c93f94ffa4439847e00d56edd06e8939b339f1b4	425% модификатор прочности
mantle-book:tconstruct:encyclopedia:tools/broad/tconstruct_broad_axe.json:/properties/5	sha256:4ce28f6ec24cfc0a55039371e96a6245a36b852fa7e12e24864204f53a3416d8	Обтёсывает древесину
mantle-book:tconstruct:encyclopedia:tools/broad/tconstruct_broad_axe.json:/text/0/text	sha256:4ea6f0886986504a5228fef2be794df4464034ce0a1855fc005ae3b4b9fced7d	Широкий топор может срубить один столб дерева или до 6 блоков в вертикальном столбе.
mantle-book:tconstruct:encyclopedia:tools/broad/tconstruct_broad_axe.json:/text/1/text	sha256:6686eb2141b7c7e69cccfda187e70a2c85d6f3167e4cce2a220dc2ed5a14e282	Расширители увеличивают ширину и глубину, чередуясь при применении.
mantle-book:tconstruct:encyclopedia:tools/broad/tconstruct_cleaver.json:/properties/0	sha256:a223d8a7232d8f6ae32f5f02a2ed35409016d090ed702899b9cea1d4c032efcb	+3 к силе атаки
mantle-book:tconstruct:encyclopedia:tools/broad/tconstruct_cleaver.json:/properties/1	sha256:c5c3ee78ec475ae43a5bced3771f61b30a1da26f9ae9e9f5aa33f50ca3226a67	Множитель атаки 150%
mantle-book:tconstruct:encyclopedia:tools/broad/tconstruct_cleaver.json:/properties/2	sha256:91c713b4a38e161af0e9e9b5f76340d9786b05f5254f3e7d0d18a13a42fcb354	1.0 Скорость атаки
mantle-book:tconstruct:encyclopedia:tools/broad/tconstruct_cleaver.json:/properties/3	sha256:cafc2abd6424d9921bdee29dcd76e2bc4a42bf95f9bf58f3773d6c605497030e	Множитель прочности 350%.
mantle-book:tconstruct:encyclopedia:tools/broad/tconstruct_cleaver.json:/properties/4	sha256:7bf43e8abd442f40cb015e17261a371c0fe629821dc115447e79d566a1ea3b04	Разрыв II
mantle-book:tconstruct:encyclopedia:tools/broad/tconstruct_cleaver.json:/text/0/text	sha256:0f0d31341f5d0f74ab35ab9e7928ec33b558eca7bbbf5304c71fb2ff00698d4c	Тесак — это медленнодействующее оружие с высоким уроном.
mantle-book:tconstruct:encyclopedia:tools/broad/tconstruct_cleaver.json:/text/1/text	sha256:f1be5d39f6137960926f89479d70206a4d8b485f749b8c918d47e83852422bd1	«Расширение» увеличивает область разящей атаки, а «Шёлковый» позволяет стричь по площади.
mantle-book:tconstruct:encyclopedia:tools/broad/tconstruct_excavator.json:/properties/0	sha256:1a8fd833a173fddd0274b5b814b823dd89c7a7ce82b1b89269059589a8446ec4	+1.5 урона
mantle-book:tconstruct:encyclopedia:tools/broad/tconstruct_excavator.json:/properties/1	sha256:7a1e403cc547a05541cbd962dc0813cad0f1a5df63406df38c8a3f83e51197d9	120% модификатор атаки
mantle-book:tconstruct:encyclopedia:tools/broad/tconstruct_excavator.json:/properties/2	sha256:91c713b4a38e161af0e9e9b5f76340d9786b05f5254f3e7d0d18a13a42fcb354	1.0 скорость атаки
mantle-book:tconstruct:encyclopedia:tools/broad/tconstruct_excavator.json:/properties/3	sha256:94aabe75539c402339d4b5ca05aa097c892e4383ae32238cfcbd6b0b1845313d	30% модификатор копания
mantle-book:tconstruct:encyclopedia:tools/broad/tconstruct_excavator.json:/properties/4	sha256:eb88656a66c24e69d9bebad23706d95889d3bae46b343e9ff39b64afa5e8083a	375% модификатор прочности
mantle-book:tconstruct:encyclopedia:tools/broad/tconstruct_excavator.json:/properties/5	sha256:b05a0587c7a03ee76c54a0444328de69a8eea6e6ec3012687613ce4b2d074b67	Отбрасывание II
mantle-book:tconstruct:encyclopedia:tools/broad/tconstruct_excavator.json:/properties/6	sha256:fb508da917a6ff8b4ca539d7ff815f351b6fca6d970ed4a01e28fb6ee738181b	Прокладывает тропы
mantle-book:tconstruct:encyclopedia:tools/broad/tconstruct_excavator.json:/text/0/text	sha256:dadfef8f8203e5342aa03393b96efa76439636d6e95fb7b0d3cd966ea111405b	Землекоп - это широкий инструмент для копания, эффективный при работе с землёй, гравием и песком в области 3x3.
mantle-book:tconstruct:encyclopedia:tools/broad/tconstruct_excavator.json:/text/1/text	sha256:ef66452b75444bd8fd704777eeb8feaf064a9c6473cae57cf11a8828a67e412c	Расширители поочерёдно увеличивают ширину и высоту области добычи.
mantle-book:tconstruct:encyclopedia:tools/broad/tconstruct_scythe.json:/properties/0	sha256:9bb33d612d071b4635c7678899aa1721aae9e489abadb23299b8bec244f8904c	+1 урон
mantle-book:tconstruct:encyclopedia:tools/broad/tconstruct_scythe.json:/properties/1	sha256:2a26608e5c19d664488054d939f142ccf2a36502c44069ff78c20c9de542c0d6	Скорость атаки: 0,7.
mantle-book:tconstruct:encyclopedia:tools/broad/tconstruct_scythe.json:/properties/2	sha256:3d7a4ebc4370e0352a59d337a6a54951e4d53a8173deab9ec3f6ce886d56311a	45% модификатор копания
mantle-book:tconstruct:encyclopedia:tools/broad/tconstruct_scythe.json:/properties/3	sha256:fd54cd547e9fee2a917c8f8da428700ff6dc08adc426d3ca2c626e8b26b4078d	250% модификатор прочности
mantle-book:tconstruct:encyclopedia:tools/broad/tconstruct_scythe.json:/properties/4	sha256:12c03c1d132fada7c0def43659ee20f2ad06bd3bab0789a6cae2071c788f085d	Атакует по области
mantle-book:tconstruct:encyclopedia:tools/broad/tconstruct_scythe.json:/properties/5	sha256:c49a58c532e8d304ddd789859deb80a1fddcd381adf781e298269ede807fe37b	Вспахивает землю
mantle-book:tconstruct:encyclopedia:tools/broad/tconstruct_scythe.json:/properties/6	sha256:b778ec53dc36b1fe586e9def098a0861e23ccc3ffffbf4b564b15169b15f2222	Собирает урожай
mantle-book:tconstruct:encyclopedia:tools/broad/tconstruct_scythe.json:/text/0/text	sha256:8af7ba41951bf8233bba518dfc8a3aee62c449800e0736acf74bc211207c8b41	Коса - это широкий жатвенный инструмент, эффективный на растениях или монстрах в области 3x3x3.
mantle-book:tconstruct:encyclopedia:tools/broad/tconstruct_scythe.json:/text/1/text	sha256:7b6c50f65139a03813c1158ff892854ae76fe1e598abb3b9b0a64a0cc0ba8fea	Расширители поочерёдно увеличивают  ширину/высоту и глубину копания, а Шёлковый позволяет стричь по области.
mantle-book:tconstruct:encyclopedia:tools/broad/tconstruct_sledge_hammer.json:/properties/0	sha256:a223d8a7232d8f6ae32f5f02a2ed35409016d090ed702899b9cea1d4c032efcb	+3 урона
mantle-book:tconstruct:encyclopedia:tools/broad/tconstruct_sledge_hammer.json:/properties/1	sha256:43324bfceb2726c4d899d40b0e7fd15836904390b947657f4ec75c166f1aba95	135% модификатор атаки
mantle-book:tconstruct:encyclopedia:tools/broad/tconstruct_sledge_hammer.json:/properties/2	sha256:22a91583d996340e0425558e3c0f5b560f7dc057f672239ed7c9bbe8c64dc82c	0.75 скорость атаки
mantle-book:tconstruct:encyclopedia:tools/broad/tconstruct_sledge_hammer.json:/properties/3	sha256:2e6f2f2b87cb62e6adddc12a10a2b8262d4a0a4d3c8b5c05e227a0ac1fbe89f1	40% модификатор копания
mantle-book:tconstruct:encyclopedia:tools/broad/tconstruct_sledge_hammer.json:/properties/4	sha256:5a15fa9dfce8f21847bbea233d4cf24b2cd4a1a0a5da07d24db81ba4107e7cea	400% модификатор прочности
mantle-book:tconstruct:encyclopedia:tools/broad/tconstruct_sledge_hammer.json:/properties/5	sha256:b061df741625107d91e2ccfc68da9daa7d5f9e59849bf22cdddef926b1d933d4	Кара II
mantle-book:tconstruct:encyclopedia:tools/broad/tconstruct_sledge_hammer.json:/text/0/text	sha256:40d3e70e9d332f330cda15cfdbb12c6fd84551cba4a559a669fa252f41699807	Молот - это широкий шахтёрский инструмент. Эффективный для камня в области 3x3.
mantle-book:tconstruct:encyclopedia:tools/broad/tconstruct_sledge_hammer.json:/text/1/text	sha256:ef66452b75444bd8fd704777eeb8feaf064a9c6473cae57cf11a8828a67e412c	Расширители поочерёдно увеличивают ширину и высоту области добычи.
mantle-book:tconstruct:encyclopedia:tools/broad/tconstruct_vein_hammer.json:/properties/0	sha256:a223d8a7232d8f6ae32f5f02a2ed35409016d090ed702899b9cea1d4c032efcb	+3 урона
mantle-book:tconstruct:encyclopedia:tools/broad/tconstruct_vein_hammer.json:/properties/1	sha256:6da33904aa82eb2cda5aa44179133a44220ca4f4b272e99a475c8f4371d01050	125% модификатор атаки
mantle-book:tconstruct:encyclopedia:tools/broad/tconstruct_vein_hammer.json:/properties/2	sha256:3aca5d7638c0481735141a859b2ad1452c8a12bf0262b63d182ebda9aa651f4a	Скорость атаки 0,85.
mantle-book:tconstruct:encyclopedia:tools/broad/tconstruct_vein_hammer.json:/properties/3	sha256:94aabe75539c402339d4b5ca05aa097c892e4383ae32238cfcbd6b0b1845313d	30% модификатор копания
mantle-book:tconstruct:encyclopedia:tools/broad/tconstruct_vein_hammer.json:/properties/4	sha256:7af26148bdfc745750176653b327314c1393c92620a3a29a74646efc932f7989	500% прочность
mantle-book:tconstruct:encyclopedia:tools/broad/tconstruct_vein_hammer.json:/properties/5	sha256:6f1c771a993bcd8c3922f148db0a6f4d9b632d419741bfd94253f7c6108c7e63	Пронзание II
mantle-book:tconstruct:encyclopedia:tools/broad/tconstruct_vein_hammer.json:/text/0/text	sha256:8ad63fea2c97682b3491c5cad9e24d9fe69311f3c1c653b195419e8eed3696f7	Жильный Молот добывает каменные блоки и соседние блоки того же типа на расстоянии до 2 блоков.
mantle-book:tconstruct:encyclopedia:tools/broad/tconstruct_vein_hammer.json:/text/1/text	sha256:bdb40ea2ec60bf65dd4ca0f7d92f6270a1471eb98197c659109decdcccd2814c	Каждый расширитель увеличивает максимальное расстояние на 1 блок.
mantle-book:tconstruct:encyclopedia:tools/ranged.json:/text/0/text	sha256:fe974031bf4da3c80c656ba5cf0c8ba190eb34412b5c86d08b555f52b00dff6b	Оружие дальнего боя идеально подходит для атаки врагов на расстоянии.
mantle-book:tconstruct:encyclopedia:tools/ranged.json:/text/1/text	sha256:868c6bab8ae5e25517c8a43e0c7b43a28d31a369e507609ab453efc8934a5c9a	Многие виды оружия дальнего боя можно использовать и в качестве оружия ближнего боя, хотя они, как правило, менее эффективны. В результате не каждый применимый модификатор влияет на дальние атаки.
mantle-book:tconstruct:encyclopedia:tools/ranged.json:/title	sha256:63f330345dfa255b152d53f7bd1c740037765d6f43e46ae9c33e697d9bce06e9	Оружие дальнего боя
mantle-book:tconstruct:encyclopedia:tools/ranged/tconstruct_arrow.json:/properties/0	sha256:a4a350e75515408d73ec783a2a7d9d2dd3775c4d66f018fbfd2053e608ba1c8b	2.0 Урон от снаряда
mantle-book:tconstruct:encyclopedia:tools/ranged/tconstruct_arrow.json:/properties/1	sha256:0f22cadfd2ca6166f514923cd9ba67a7795350905a824a905a89c959261cae2c	Точность: 0,75.
mantle-book:tconstruct:encyclopedia:tools/ranged/tconstruct_arrow.json:/properties/2	sha256:ef2eeac6e08138011078954c50666b70520a3921f863a9de8c57f1a8da5f891e	1 особенность наконечника, 1 особенность древка
mantle-book:tconstruct:encyclopedia:tools/ranged/tconstruct_arrow.json:/text/0/text	sha256:71ca238d5e70e467d6f53d4fa3b202299dacfedc8bca8a3c9b5917e58f931d72	Стрелы — это одноразовые снаряды, выпускаемые из длинных луков и арбалетов. Их нельзя использовать непосредственно для нападения.
mantle-book:tconstruct:encyclopedia:tools/ranged/tconstruct_crossbow.json:/properties/0	sha256:91c713b4a38e161af0e9e9b5f76340d9786b05f5254f3e7d0d18a13a42fcb354	1.0 Скорость атаки
mantle-book:tconstruct:encyclopedia:tools/ranged/tconstruct_crossbow.json:/properties/1	sha256:56e46c409d7ae0793d59b566e8c17c987292b2f8d0350f0c3ed0669883abf961	1.0 Скорость натяжения
mantle-book:tconstruct:encyclopedia:tools/ranged/tconstruct_crossbow.json:/properties/2	sha256:db1419b22e6e3eb5809a47d17276fb380c73af92adb0eb9dc123c594086fc540	1,00 Скорость стрелы
mantle-book:tconstruct:encyclopedia:tools/ranged/tconstruct_crossbow.json:/properties/3	sha256:0f22cadfd2ca6166f514923cd9ba67a7795350905a824a905a89c959261cae2c	Точность: 0,75.
mantle-book:tconstruct:encyclopedia:tools/ranged/tconstruct_crossbow.json:/properties/4	sha256:f3510747548eb5035a6d8dcfcfbacb63f7af6eda4b86c0ddfe8c421c4a5b7d2b	Множитель прочности 200%.
mantle-book:tconstruct:encyclopedia:tools/ranged/tconstruct_crossbow.json:/text/0/text	sha256:191aa28b22e23442c0b59216dc4d326fce485c087aade56c8ee1a77243a9d7cc	Арбалет — это быстродействующее оружие дальнего боя, способное стрелять как стрелами, так и фейерверками. Стрелы можно загрузить в лук, а затем выстрелить позже.
mantle-book:tconstruct:encyclopedia:tools/ranged/tconstruct_crossbow.json:/text/1/text	sha256:f37fe6a9ee394d0bf709e8664113565a3cf6fc643580730ad7c54767b857a50a	При использовании модификаторов взаимодействия арбалет действует при щелчке левой кнопкой мыши.
mantle-book:tconstruct:encyclopedia:tools/ranged/tconstruct_fishing_rod.json:/properties/0	sha256:93a399f6532f698c4c7a8c4a8bda0df3ae1910969592ae02a45a2cac258be8ef	2.0 Скорость атаки
mantle-book:tconstruct:encyclopedia:tools/ranged/tconstruct_fishing_rod.json:/properties/1	sha256:56e46c409d7ae0793d59b566e8c17c987292b2f8d0350f0c3ed0669883abf961	1.0 Скорость натяжения
mantle-book:tconstruct:encyclopedia:tools/ranged/tconstruct_fishing_rod.json:/properties/2	sha256:1abc7cc6a7bf26314336009ed2f7648feb6eaa9689d0b565eaf77ba5e50ed1f2	1,00 Скорость поплавка
mantle-book:tconstruct:encyclopedia:tools/ranged/tconstruct_fishing_rod.json:/properties/3	sha256:0f22cadfd2ca6166f514923cd9ba67a7795350905a824a905a89c959261cae2c	Точность: 0,75.
mantle-book:tconstruct:encyclopedia:tools/ranged/tconstruct_fishing_rod.json:/properties/4	sha256:74302eae19a0e943479ece498c220437ebed50a8ccccc375a7f95f46a872f042	Множитель прочности 150%.
mantle-book:tconstruct:encyclopedia:tools/ranged/tconstruct_fishing_rod.json:/properties/5	sha256:efb9875b041e49cfec23510b21ef4d0c3b7508d46e89db6affbe7f80048c0644	Ловит рыбу
mantle-book:tconstruct:encyclopedia:tools/ranged/tconstruct_fishing_rod.json:/text/0/text	sha256:4b60d3b18db716a38df42362cfc51ed0ea1564b3c963c4340eb8060487ba2050	Удочка — оружие дальнего боя с небольшой дистанцией, не требующее боеприпасов. Она наносит урон монстрам при подтягивании и подходит для рыбалки.
mantle-book:tconstruct:encyclopedia:tools/ranged/tconstruct_fishing_rod.json:/text/1/text	sha256:b2fca4b9ccfaf76474e896a58ff4ceaf33826fb2a37204682475f69ce2942f9b	При использовании модификаторов взаимодействия по умолчанию удочка действует при щелчке левой кнопкой мыши, хотя рабочая таблица модификаторов может это изменить.
mantle-book:tconstruct:encyclopedia:tools/ranged/tconstruct_javelin.json:/properties/0	sha256:a223d8a7232d8f6ae32f5f02a2ed35409016d090ed702899b9cea1d4c032efcb	+3 к силе атаки
mantle-book:tconstruct:encyclopedia:tools/ranged/tconstruct_javelin.json:/properties/1	sha256:10a48b4b37aad0f2cd00a35ab9daa8ccfd365b57407300e2668c8f9388fe49d5	1.1 Скорость атаки
mantle-book:tconstruct:encyclopedia:tools/ranged/tconstruct_javelin.json:/properties/2	sha256:19cffe0517333cd7a9e7976f06c3d051045cf1011cda1043a4904c84a8146d7b	Суммирует статистику всех частей.
mantle-book:tconstruct:encyclopedia:tools/ranged/tconstruct_javelin.json:/properties/3	sha256:3fb0f42594e154cbd8122931085ff10f6eac34e767181e38eed908e6bb112797	Бросок
mantle-book:tconstruct:encyclopedia:tools/ranged/tconstruct_javelin.json:/text/0/text	sha256:166a00b673ff6b623668e5c36ba28194a56284ef231bc0b781e398cce8c4fefe	Копьё — гибридное оружие ближнего и дальнего боя: им можно атаковать вблизи или метнуть во врага на расстоянии.
mantle-book:tconstruct:encyclopedia:tools/ranged/tconstruct_longbow.json:/properties/0	sha256:91c713b4a38e161af0e9e9b5f76340d9786b05f5254f3e7d0d18a13a42fcb354	1.0 Скорость атаки
mantle-book:tconstruct:encyclopedia:tools/ranged/tconstruct_longbow.json:/properties/1	sha256:56e46c409d7ae0793d59b566e8c17c987292b2f8d0350f0c3ed0669883abf961	1.0 Скорость натяжения
mantle-book:tconstruct:encyclopedia:tools/ranged/tconstruct_longbow.json:/properties/2	sha256:db1419b22e6e3eb5809a47d17276fb380c73af92adb0eb9dc123c594086fc540	1,00 Скорость стрелы
mantle-book:tconstruct:encyclopedia:tools/ranged/tconstruct_longbow.json:/properties/3	sha256:0f22cadfd2ca6166f514923cd9ba67a7795350905a824a905a89c959261cae2c	Точность: 0,75.
mantle-book:tconstruct:encyclopedia:tools/ranged/tconstruct_longbow.json:/properties/4	sha256:ae4ef9afe8f95e1c5b74e23fc875d7dd9ae09d71ea1e0ab115e7708b13772aa5	Суммирует характеристики обоих плеч лука.
mantle-book:tconstruct:encyclopedia:tools/ranged/tconstruct_longbow.json:/properties/5	sha256:74302eae19a0e943479ece498c220437ebed50a8ccccc375a7f95f46a872f042	Множитель прочности 150%.
mantle-book:tconstruct:encyclopedia:tools/ranged/tconstruct_longbow.json:/text/0/text	sha256:ef0bf748b7c6552a9a33c501ae54e1e16a8f6e0ffa41e7142aa5ecd92ab57a56	Длинный лук — это оружие дальнего боя, стреляющее стрелами. Стрелы запускаются сразу после выпуска длинного лука.
mantle-book:tconstruct:encyclopedia:tools/ranged/tconstruct_longbow.json:/text/1/text	sha256:a3b52ca9dcd6e6b4b576efb14e4c615ac6a291f96d491836940cbb7cf23c7697	При использовании модификаторов взаимодействия длинный лук действует на щелчок левой кнопкой мыши.
mantle-book:tconstruct:encyclopedia:tools/ranged/tconstruct_shuriken.json:/properties/0	sha256:6a294451e304487a3486c4d11e2016807c32e93290177cf2262781185a3e58a6	1.5 Скорость
mantle-book:tconstruct:encyclopedia:tools/ranged/tconstruct_shuriken.json:/properties/1	sha256:1a242789f69ef9b22ebf5f2dc32f711c0f25ee3b538da021446c53c31ae882d6	1,5 урона снарядом
mantle-book:tconstruct:encyclopedia:tools/ranged/tconstruct_shuriken.json:/properties/2	sha256:a1a4080d26ea999d10554f7db544db6c4984e3a0721d32afe7f403ebb59030a1	Множитель урона 200%
mantle-book:tconstruct:encyclopedia:tools/ranged/tconstruct_shuriken.json:/properties/3	sha256:0f22cadfd2ca6166f514923cd9ba67a7795350905a824a905a89c959261cae2c	Точность: 0,75.
mantle-book:tconstruct:encyclopedia:tools/ranged/tconstruct_shuriken.json:/properties/4	sha256:9715490379d480d3e49900db8e5eb17df2400624aa4b1745d7492fd945e1f704	2 особенности наконечника
mantle-book:tconstruct:encyclopedia:tools/ranged/tconstruct_shuriken.json:/text/0/text	sha256:675f138d30d4842a32fa4e3abf1c1c8d7afee0331ce890a656db6b65fec2caa3	Сюрикены — это быстрые одноразовые боеприпасы, которые можно бросать без использования другого инструмента.
mantle-book:tconstruct:encyclopedia:tools/ranged/tconstruct_shuriken.json:/text/1/text	sha256:eedc2635567357d57d8522936e059fcabc549ce1d9c0a9bb3347f970a89443e9	Это упрощает их использование, но ограничивает их потенциал.
mantle-book:tconstruct:encyclopedia:tools/ranged/tconstruct_throwing_axe.json:/properties/0	sha256:8f5ce0a826df98406feeb2360d39e9291dda5c3e9a78d042d2b13160345513fb	0,75 Скорость
mantle-book:tconstruct:encyclopedia:tools/ranged/tconstruct_throwing_axe.json:/properties/1	sha256:1a242789f69ef9b22ebf5f2dc32f711c0f25ee3b538da021446c53c31ae882d6	1,5 урона снарядом
mantle-book:tconstruct:encyclopedia:tools/ranged/tconstruct_throwing_axe.json:/properties/2	sha256:5704a8ff4c70d01a9872174db9dfe84d55c7542fd82f481c08cbd43c3d37212c	Множитель урона 300%
mantle-book:tconstruct:encyclopedia:tools/ranged/tconstruct_throwing_axe.json:/properties/3	sha256:79eb7d7bec5e46c368745a7f23d4b9ac17fe0bf740545988bc616392ba287963	Точность: 0,5.
mantle-book:tconstruct:encyclopedia:tools/ranged/tconstruct_throwing_axe.json:/properties/4	sha256:ef2eeac6e08138011078954c50666b70520a3921f863a9de8c57f1a8da5f891e	1 особенность наконечника, 1 особенность древка
mantle-book:tconstruct:encyclopedia:tools/ranged/tconstruct_throwing_axe.json:/text/0/text	sha256:46b7e7bc8b7a13e9ef8415c23f03d4d5b062503f13c301404acd9907af2a03d9	Метательные топоры — это одноразовые боеприпасы ближнего действия с высоким уроном, которые можно метать без использования другого инструмента.
mantle-book:tconstruct:encyclopedia:tools/ranged/tconstruct_throwing_axe.json:/text/1/text	sha256:befd48449bac295bd0e7a4d42481b07c02e66200c6dad3cc5f39e5700ed950a1	Идеально подходит, если вы хотите нанести больше урона, чем сюрикен.
mantle-book:tconstruct:encyclopedia:tools/small.json:/text/0/text	sha256:7e4b53b5355b53acd0c5cedd281d3353d0b3d9f308b50d45396828c44e31126b	Все малые инструменты могут быть созданы либо на литейной станции, либо в кузне. Для их создания потребуется от 2 до 3 частей, дающих от 2 до 3 характеристик. Большинство малых инструментов имеют в начале 1 слот для умений и 3 слота для улучшений.
mantle-book:tconstruct:encyclopedia:tools/small.json:/text/1/text	sha256:7434135eee3228ab3b4605f86b4863e4f98396a594aacbf78b434a729dd8f9bd	Большинство инструментов имеют бонус к урону, который прибавляется к характеристикам головки и умножается на характеристики рукояти. Кроме того, некоторые инструменты имеют модификатор атаки, который умножает урон от всех источников на инструменте, включая модификаторы. Некоторые инструменты после создания уже имеют особенности, которые применяются после сборки инструментов, аналогично особенностям материалов.
mantle-book:tconstruct:encyclopedia:tools/small.json:/title	sha256:43b24d8f7a9f4cda49cf0a7937536c9d72cb81a57a40b634e30f2c28cdd721b8	Малые инструменты
mantle-book:tconstruct:encyclopedia:tools/small/tconstruct_dagger.json:/properties/0	sha256:a223d8a7232d8f6ae32f5f02a2ed35409016d090ed702899b9cea1d4c032efcb	+3 к силе атаки
mantle-book:tconstruct:encyclopedia:tools/small/tconstruct_dagger.json:/properties/1	sha256:9bae114d4233e154fd0afcd109f0c02bb4d9ca058df3f459636395320d2cd42d	Модификатор атаки 65%
mantle-book:tconstruct:encyclopedia:tools/small/tconstruct_dagger.json:/properties/2	sha256:93a399f6532f698c4c7a8c4a8bda0df3ae1910969592ae02a45a2cac258be8ef	2.0 скорость атаки
mantle-book:tconstruct:encyclopedia:tools/small/tconstruct_dagger.json:/properties/3	sha256:8a56a6dcb2e8a603a684ecae4ff3273b41085af50105e8535ee9622cef13592b	75% прочность
mantle-book:tconstruct:encyclopedia:tools/small/tconstruct_dagger.json:/properties/4	sha256:dd6efbbffbaae5dc13962ce2facb2d55c77b3998fad3dd07afa0e41c4b4c4996	Мягкий I
mantle-book:tconstruct:encyclopedia:tools/small/tconstruct_dagger.json:/properties/5	sha256:4345eda905c48d2e5b9a0d9f5dcd3a2389d4f50b7bb13066e190ff8448677fd5	Можно использовать во второй руке
mantle-book:tconstruct:encyclopedia:tools/small/tconstruct_dagger.json:/text/0/text	sha256:e0f15dc9aab372231cdb1785196835e0795c19f126ccbb92e002579a5be3f45c	Кинжал — быстрое и точное оружие, которым можно пользоваться обеими руками. Идентичные кинжалы можно складывать по 2 при модификации, если они неповреждены, что дает скидку на модификаторы.
mantle-book:tconstruct:encyclopedia:tools/small/tconstruct_dagger.json:/text/1/text	sha256:495c2d65b10319b9f700102370a63fc477e1110bb781de464664487875b37f08	Модификатор шёлковый дарует стрижку.
mantle-book:tconstruct:encyclopedia:tools/small/tconstruct_flint_and_brick.json:/properties/0	sha256:6f45ed8205617ffc5f4bc2144a3954ea486d9957f98a7e87f21ee039bbb72541	+0 урона
mantle-book:tconstruct:encyclopedia:tools/small/tconstruct_flint_and_brick.json:/properties/1	sha256:91c713b4a38e161af0e9e9b5f76340d9786b05f5254f3e7d0d18a13a42fcb354	1.0 скорость атаки
mantle-book:tconstruct:encyclopedia:tools/small/tconstruct_flint_and_brick.json:/properties/2	sha256:714d9b1a5c68cfa8f191befb5e42f25b51014068368dd7cc7a70f26bc666b34a	100 прочность
mantle-book:tconstruct:encyclopedia:tools/small/tconstruct_flint_and_brick.json:/properties/3	sha256:9bb159be39b85f16464f6f12e7879c042ea5200156c9ec7a4e48ae0ab9a90c93	Пламенный I
mantle-book:tconstruct:encyclopedia:tools/small/tconstruct_flint_and_brick.json:/properties/4	sha256:0848b81b650f60a3a3c3e6807659cc45b30c8df8b97a51062e5ac933d349272b	Разводит огонь
mantle-book:tconstruct:encyclopedia:tools/small/tconstruct_flint_and_brick.json:/text/0/text	sha256:52639a656c5a8246acd09c7842db179042d6a95215b02e5eaccba4c54633d446	Обожжённое огниво — ручной инструмент с умением «Поджигатель».
mantle-book:tconstruct:encyclopedia:tools/small/tconstruct_flint_and_brick.json:/text/1/text	sha256:ba2b57d0c3a97add1b576540fe17ff0457dfe39020c61da3909d3c048ef59e38	Модификатор Расширитель увеличивает радиус поджога, который ещё больше увеличивается с помощью Запальника.
mantle-book:tconstruct:encyclopedia:tools/small/tconstruct_hand_axe.json:/properties/0	sha256:cf43d6588cad3574fef4af6565a50ea75fa6cdbea88dbde2aca7b7ffbff8c6fa	+6 урона
mantle-book:tconstruct:encyclopedia:tools/small/tconstruct_hand_axe.json:/properties/1	sha256:efeddb9247fdfe471edca15387e6355592e27f2a03e80f56d1393c07802e1c72	0.9 скорость атаки
mantle-book:tconstruct:encyclopedia:tools/small/tconstruct_hand_axe.json:/properties/2	sha256:4ce28f6ec24cfc0a55039371e96a6245a36b852fa7e12e24864204f53a3416d8	Обтёсывает древесину
mantle-book:tconstruct:encyclopedia:tools/small/tconstruct_hand_axe.json:/text/0/text	sha256:75a67e66e8c6d24957f1aa81515d69668cac0e9d5d3411b4b559b801c7819094	Ручной топор - это точный рубящий инструмент, эффективный при работе с древесиной, растениями и листьями.
mantle-book:tconstruct:encyclopedia:tools/small/tconstruct_hand_axe.json:/text/1/text	sha256:a146812479c954cc8aa44d31056c874adb2c5d8d8836d8b94dc2dc7ce4b98262	Расширители увеличивают круговой радиус топора.
mantle-book:tconstruct:encyclopedia:tools/small/tconstruct_kama.json:/properties/0	sha256:9bb33d612d071b4635c7678899aa1721aae9e489abadb23299b8bec244f8904c	+1 к силе атаки
mantle-book:tconstruct:encyclopedia:tools/small/tconstruct_kama.json:/properties/1	sha256:ef64fb78cccfc876e0aaf05461441ba651a4b7949a1bf79ea2d8bc0518c644c8	Модификатор атаки 50%.
mantle-book:tconstruct:encyclopedia:tools/small/tconstruct_kama.json:/properties/2	sha256:23446991a4f228de51ba6e4a4b0959dc2c805da848d920079780712cbd5f29f7	1.6 Скорость атаки
mantle-book:tconstruct:encyclopedia:tools/small/tconstruct_kama.json:/properties/3	sha256:284e6f1e3adc260411a7479d918879d59561071f339ef75ed70da1d32ea624d0	Ножницы для растений и животных
mantle-book:tconstruct:encyclopedia:tools/small/tconstruct_kama.json:/properties/4	sha256:271ea559f9d3ac05c2ebe612f7f4b0e6be4d86a3a333f92cdb50a23f308212d5	Небольшая атака по площади
mantle-book:tconstruct:encyclopedia:tools/small/tconstruct_kama.json:/properties/5	sha256:b778ec53dc36b1fe586e9def098a0861e23ccc3ffffbf4b564b15169b15f2222	Собирает растения
mantle-book:tconstruct:encyclopedia:tools/small/tconstruct_kama.json:/properties/6	sha256:c49a58c532e8d304ddd789859deb80a1fddcd381adf781e298269ede807fe37b	Вспахивает землю
mantle-book:tconstruct:encyclopedia:tools/small/tconstruct_kama.json:/text/0/text	sha256:c94c3ce5d9b05fa7cc5eb2fc72bbee65055dbeaffcbd2e20bf8823359500278e	Кама — это точный инструмент для жатвы, эффективный для растений, паутины и шерсти.
mantle-book:tconstruct:encyclopedia:tools/small/tconstruct_kama.json:/text/1/text	sha256:79b617eeafb5939adcc6df68a15a5e365f9117c2fbb3b42d1e544da4107c98bd	Расширители увеличивают радиус окружности инструмента.
mantle-book:tconstruct:encyclopedia:tools/small/tconstruct_mattock.json:/properties/0	sha256:1a8fd833a173fddd0274b5b814b823dd89c7a7ce82b1b89269059589a8446ec4	+1,5 к силе атаки
mantle-book:tconstruct:encyclopedia:tools/small/tconstruct_mattock.json:/properties/1	sha256:d4a646e53143afeeef47b725727bf740de5be04c29c7b3c4b3e9e1c187927e65	Модификатор атаки 110%.
mantle-book:tconstruct:encyclopedia:tools/small/tconstruct_mattock.json:/properties/2	sha256:efeddb9247fdfe471edca15387e6355592e27f2a03e80f56d1393c07802e1c72	Скорость атаки 0,9.
mantle-book:tconstruct:encyclopedia:tools/small/tconstruct_mattock.json:/properties/3	sha256:503e744e467e5764e2d1df8a0da05415458f9ae9596e3d43e99eb57b790d8715	Множитель скорости добычи 110%
mantle-book:tconstruct:encyclopedia:tools/small/tconstruct_mattock.json:/properties/4	sha256:c3be6cf30b19a2e78f4569243c96dce355b5444c853496eaec5e731d14c7fdb7	Множитель прочности 125%.
mantle-book:tconstruct:encyclopedia:tools/small/tconstruct_mattock.json:/properties/5	sha256:c49a58c532e8d304ddd789859deb80a1fddcd381adf781e298269ede807fe37b	Вспахивает землю
mantle-book:tconstruct:encyclopedia:tools/small/tconstruct_mattock.json:/text/0/text	sha256:f3a6b01222e2f712c5b8384b09194dd799400f71849f07875e6a4399096bc1cd	Киркомотыга — сельскохозяйственный инструмент, эффективный для брёвен, земли, гравия и песка. Древесину она добывает быстрее.
mantle-book:tconstruct:encyclopedia:tools/small/tconstruct_mattock.json:/text/1/text	sha256:090cffd251dcf4194a20a3cd55f68573f1907e5f8ffadfdc4718dd56f5446f9e	Экспандеры позволяют также добывать соседние блоки одного типа, диапазон которых зависит от количества экспандеров.
mantle-book:tconstruct:encyclopedia:tools/small/tconstruct_pickadze.json:/properties/0	sha256:1dc93b5729409737d3e30d234796807f03823cf9538c922a9a3eaa202140b37a	+0.5 урона
mantle-book:tconstruct:encyclopedia:tools/small/tconstruct_pickadze.json:/properties/1	sha256:b213ea6a90bf0fd68cce502487d0adf1259beabee3529e8a3aca7a01f378122c	115% модификатор атаки
mantle-book:tconstruct:encyclopedia:tools/small/tconstruct_pickadze.json:/properties/2	sha256:087baebb81f6d0393644b6b0055995b76a5037ee9a366470723910f4d5b68187	1.3 Скорость атаки
mantle-book:tconstruct:encyclopedia:tools/small/tconstruct_pickadze.json:/properties/3	sha256:ad227e892db7622f1082086426a4b7b211538a6ce5cfd03b9fb13bd9c52e8749	75% модификатор копания
mantle-book:tconstruct:encyclopedia:tools/small/tconstruct_pickadze.json:/properties/4	sha256:3fdadcd85bc9ba5daa3dacb43a9cdb821001c278a444f1479d959150bffdcd3b	130% модификатор прочности
mantle-book:tconstruct:encyclopedia:tools/small/tconstruct_pickadze.json:/properties/5	sha256:d0e7232a7924cfc282c7db98eb7f637d1a247371832bf7e2a7936c0b3e4cd51e	Прокладывает тропы
mantle-book:tconstruct:encyclopedia:tools/small/tconstruct_pickadze.json:/properties/6	sha256:5633a70f248667f01995a8d327234796bb8faadd87049138aad5fd08a5cfccd3	Уровень добычи ограничен золотым
mantle-book:tconstruct:encyclopedia:tools/small/tconstruct_pickadze.json:/text/0/text	sha256:6fbef0074e16a6024eee8a33fe484ffaeb0bd2611d0fd33670cd7eb3b1e4f80e	Киркотесло - это универсальный инструмент для добычи камня и земли, эффективный на различных блоках, но не способный повышать уровень добывания.
mantle-book:tconstruct:encyclopedia:tools/small/tconstruct_pickadze.json:/text/1/text	sha256:cdd73ab5c450e515069f1938a8af6601168952f2e0ed4d089208c3199a1a66e1	Модификатор Расширитель увеличивают высоту копания, позволяя создавать эффективные лестницы.
mantle-book:tconstruct:encyclopedia:tools/small/tconstruct_pickaxe.json:/properties/0	sha256:1dc93b5729409737d3e30d234796807f03823cf9538c922a9a3eaa202140b37a	+0,5 к силе атаки
mantle-book:tconstruct:encyclopedia:tools/small/tconstruct_pickaxe.json:/properties/1	sha256:5d8e42827d37c29bdb0882ab164b8b2636b813411f183edd29feead35a96620a	1.2 скорость атаки
mantle-book:tconstruct:encyclopedia:tools/small/tconstruct_pickaxe.json:/properties/2	sha256:29ef96c0e0d4ec730d8ac521fc34a9ca0dcd89beb0f3cbaf86fc5e882b78aa00	Пронзание I
mantle-book:tconstruct:encyclopedia:tools/small/tconstruct_pickaxe.json:/text/0/text	sha256:ddd8bc83d9f9cb0d40ccaf6e5f1b537f4a082ddfdb991bd162f68cb237828a61	Кирка - это точный горный инструмент, эффективный при работе с камнем, металлом и рудами.
mantle-book:tconstruct:encyclopedia:tools/small/tconstruct_pickaxe.json:/text/1/text	sha256:a29d668b864164ca3ab8e8807110508a5c3d5d249f8ea138c508647fd7855331	Расширители увеличивают высоту и глубину копания, чередуясь при применении.
mantle-book:tconstruct:encyclopedia:tools/small/tconstruct_sword.json:/properties/0	sha256:a223d8a7232d8f6ae32f5f02a2ed35409016d090ed702899b9cea1d4c032efcb	+3 урона
mantle-book:tconstruct:encyclopedia:tools/small/tconstruct_sword.json:/properties/1	sha256:23446991a4f228de51ba6e4a4b0959dc2c805da848d920079780712cbd5f29f7	1.6 скорость атаки
mantle-book:tconstruct:encyclopedia:tools/small/tconstruct_sword.json:/properties/2	sha256:0a46d6a90867b9d7950e21cd245e467a7c93fb3191a5ced759bd943533327ff7	110% модификатор прочности
mantle-book:tconstruct:encyclopedia:tools/small/tconstruct_sword.json:/properties/3	sha256:40be51e8a3bddedd66ed1cf9dae278ba0d8e8ab20d17e7921b7dd2e433251008	Разящий удар
mantle-book:tconstruct:encyclopedia:tools/small/tconstruct_sword.json:/text/0/text	sha256:c7d49c7f189e0473c1ca4486d5a53fbf45fbe2ff44fb2364d6624acc4490040e	Меч - универсальное оружие, дающее среднюю скорость и атаку.
mantle-book:tconstruct:encyclopedia:tools/small/tconstruct_sword.json:/text/1/text	sha256:7d5e3f1e5047ff599e5eb7cca447e38024a1b0a5f7a10040cda2d1f483f01f26	Расширители на мече увеличивают область разящего удара, а модификатор Шёлковый даст возможность стричь как ножницами.
mantle-book:tconstruct:encyclopedia:tools/staff.json:/text/0/text	sha256:8b84ba4ef9375031a97916e5301878feaa09eed7d8b093bf9b6ea4fed68f3b59	Посохи — это легко модифицируемые инструменты. Хотя у них нет потенциала ближнего боя, он компенсируется широким спектром способностей, которые они могут использовать как для взаимодействия, так и для атаки. В частности, они повышают скорость передвижения на 40% при использовании и позволяют блокировать до 15 единиц урона.
mantle-book:tconstruct:encyclopedia:tools/staff.json:/text/1/text	sha256:8542af0116b43cfe4d8e1787f0113328a9abf8f7588d79d12bb657f7174bd867	Умения посохов можно настроить на верстаке модификаторов.
mantle-book:tconstruct:encyclopedia:tools/staff.json:/title	sha256:9b2039ce089477ff3528c7a400062f0c5c511663f1f5bce14298ab068e09372b	Посохи
mantle-book:tconstruct:encyclopedia:tools/staff/tconstruct_earth_staff.json:/properties/0	sha256:a8031f8d73800137d745e2fe325e510116df61f967aa519826d1a17ef847ab91	800 Прочность
mantle-book:tconstruct:encyclopedia:tools/staff/tconstruct_earth_staff.json:/properties/1	sha256:394ad33f3a1be99dad054e66ffb75cde4b76a0ccace44faca39fca419961eabb	1 мощность снаряда
mantle-book:tconstruct:encyclopedia:tools/staff/tconstruct_earth_staff.json:/properties/2	sha256:880a629e3c7d778bb33c0fc6609ded0a8fc4dd7be2af14aade149a5d1ba97a1b	0,9 Точность
mantle-book:tconstruct:encyclopedia:tools/staff/tconstruct_earth_staff.json:/properties/3	sha256:a806036414e226c6dd54505cf057435e0c1861dea8fc1ef5ddcd9bf448e461a9	35 Макс. блокировка
mantle-book:tconstruct:encyclopedia:tools/staff/tconstruct_earth_staff.json:/properties/4	sha256:0b94c38f012402ee9fdeac32b595fdbc73b5029de579fd5a564396afd41aa85f	Угол блока 140
mantle-book:tconstruct:encyclopedia:tools/staff/tconstruct_earth_staff.json:/properties/5	sha256:2b81cd5b0166137585fede4626d22120c23777d557baa1bfbd658ba834672436	2 слота для улучшений
mantle-book:tconstruct:encyclopedia:tools/staff/tconstruct_earth_staff.json:/properties/6	sha256:9a7e003270efd7a93c547087f3c6f33976d8901e8c611c35d1d4a46ead3540fd	3 слота защиты
mantle-book:tconstruct:encyclopedia:tools/staff/tconstruct_earth_staff.json:/properties/7	sha256:ef94477eb5f7f7d0689ca799126ff23313b50dad46935733deab341898982d14	2 слота для умений
mantle-book:tconstruct:encyclopedia:tools/staff/tconstruct_earth_staff.json:/text/0/text	sha256:6500f93ffe64cace0ee80282df674e2ae43e3de012d84a5378c6a9707ba05549	Посох из земной слизи — вариант посоха с высокой защитой и точностью.
mantle-book:tconstruct:encyclopedia:tools/staff/tconstruct_ender_staff.json:/properties/0	sha256:c6e425e7acc705e45f7979fe7178d6c3e743a33247574e0fb6b66abdc5df802f	1520 Прочность
mantle-book:tconstruct:encyclopedia:tools/staff/tconstruct_ender_staff.json:/properties/1	sha256:df9b55106b60fd3f3b98797c4a44df5803bb41fda0f189ed3bc26cdda31d467a	3 Мощность снаряда
mantle-book:tconstruct:encyclopedia:tools/staff/tconstruct_ender_staff.json:/properties/2	sha256:79eb7d7bec5e46c368745a7f23d4b9ac17fe0bf740545988bc616392ba287963	Точность 0,5.
mantle-book:tconstruct:encyclopedia:tools/staff/tconstruct_ender_staff.json:/properties/3	sha256:a32fd0ca172734a802d52bc7baa037f7e3562413f37372bee2fdfa73352071f7	3 слота для улучшений
mantle-book:tconstruct:encyclopedia:tools/staff/tconstruct_ender_staff.json:/properties/4	sha256:4edfff59e0b2e0665ed9b325f5c8a4096c3bc32a36350e7cf2c3050f089ad79e	1 слот защиты
mantle-book:tconstruct:encyclopedia:tools/staff/tconstruct_ender_staff.json:/properties/5	sha256:ef94477eb5f7f7d0689ca799126ff23313b50dad46935733deab341898982d14	2 слота для умений
mantle-book:tconstruct:encyclopedia:tools/staff/tconstruct_ender_staff.json:/properties/6	sha256:f5b5e5f8999d3a86bec850c8b373f8d6aa8447a874848e1f7aeca099ed97ed7f	Досягаемость II
mantle-book:tconstruct:encyclopedia:tools/staff/tconstruct_ender_staff.json:/text/0/text	sha256:9fcb1bd2ab8773ebfc462fb1ab900766be393b615abbb888b218407ca1d393fe	Посох Эндер-слизь — это вариант посоха с большим радиусом действия и мощью.
mantle-book:tconstruct:encyclopedia:tools/staff/tconstruct_ichor_staff.json:/properties/0	sha256:59dfbafe8923115dc55329fce31c5f70878bd97fcf298dab8b70cbc20ecef98a	1225 Прочность
mantle-book:tconstruct:encyclopedia:tools/staff/tconstruct_ichor_staff.json:/properties/1	sha256:3887c7f459f77ca6499d29d0a92007849209fec8aa039dfed799b7b0e3f3bea4	1.2 Скорость
mantle-book:tconstruct:encyclopedia:tools/staff/tconstruct_ichor_staff.json:/properties/2	sha256:be4757ba8c4bf5dac54d41825c81c946b844644de9e16a07c2c8b4ce7b44be16	0,75 Скорость натяжения
mantle-book:tconstruct:encyclopedia:tools/staff/tconstruct_ichor_staff.json:/properties/3	sha256:2b81cd5b0166137585fede4626d22120c23777d557baa1bfbd658ba834672436	2 слота для улучшений
mantle-book:tconstruct:encyclopedia:tools/staff/tconstruct_ichor_staff.json:/properties/4	sha256:439f36c14f08e607ec2119b8ee3f5571d481955737318da082fe9099b6afea3c	3 слота для умений
mantle-book:tconstruct:encyclopedia:tools/staff/tconstruct_ichor_staff.json:/text/0/text	sha256:383128fe7e3aa0523716c5f6e6d1982299834daee1248a511cc65e910d974b5c	Ихоровый посох — вариант посоха с большим количеством слотов для умений и высокой скоростью полёта.
mantle-book:tconstruct:encyclopedia:tools/staff/tconstruct_sky_staff.json:/properties/0	sha256:2c600bf5aaf7c9c3d7d38304b52c3d16610c45cd2477b813dea3ba67251f917d	500 Прочность
mantle-book:tconstruct:encyclopedia:tools/staff/tconstruct_sky_staff.json:/properties/1	sha256:6db2c2e17f7fc136a3cf84829dd2fde297ca05ff744019fdc6c60fec5dda8e43	0,8 Скорость
mantle-book:tconstruct:encyclopedia:tools/staff/tconstruct_sky_staff.json:/properties/2	sha256:d2b3ed34ea22a3c1f0409cc709c6ccce93071f9ecca98086b2efbdbaf9438ac3	1.25 Скорость натяжения
mantle-book:tconstruct:encyclopedia:tools/staff/tconstruct_sky_staff.json:/properties/3	sha256:e43f8a64d89bf42f381b8674f1e586d4b1d197bf4259ed7e6ae2bfdae1a42f02	5 слотов для улучшений
mantle-book:tconstruct:encyclopedia:tools/staff/tconstruct_sky_staff.json:/properties/4	sha256:ef94477eb5f7f7d0689ca799126ff23313b50dad46935733deab341898982d14	2 слота для умений
mantle-book:tconstruct:encyclopedia:tools/staff/tconstruct_sky_staff.json:/text/0/text	sha256:98e86642b1f35f032802a734c249b50b9ce16ca2f0e3473ed91588dae402c4ca	Посох из небесной слизи — быстрый вариант посоха с большим количеством слотов для улучшений.
mantle-book:tconstruct:encyclopedia:upgrades/armor.json:/text/0/text	sha256:876bbd395fc0472549dd9d02d57708098421a6e00fea6273837fa38b28f3c24a	Улучшения брони обычно эффективны для одного типа брони или предназначены для контратаки. Если применимо к нескольким частям, эффекты обычно каким-то образом взаимодействуют.
mantle-book:tconstruct:encyclopedia:upgrades/armor.json:/text/1/text	sha256:46748c70dd7fe0fd6def8136cec290b1929de7b5a0e5aaf042dab6b5130e1275	Модификаторы контратаки щита работают только во время блока, но в остальном они в два раза эффективнее. Другие модификаторы щита работают пассивно.
mantle-book:tconstruct:encyclopedia:upgrades/armor.json:/title	sha256:3f9fc996330bf62413443b616b442a9b9600dd5e5b6a62de23f7a8761fe3dbaf	Улучшения брони
mantle-book:tconstruct:encyclopedia:upgrades/armor/boots/tconstruct_depth_strider.json:/effects/0	sha256:a5319476fbdb64b586d46514aed7ee03babc61ceba27518cb29b165da3cb0e01	Максимум 3 уровня.
mantle-book:tconstruct:encyclopedia:upgrades/armor/boots/tconstruct_depth_strider.json:/effects/1	sha256:6986ff1df5b4c2e99417171599bfc4b3a2cbf9fe1b3a22d4cb8db4e3eb1f3f17	Требуется 1 слот для улучшения на каждый уровень.
mantle-book:tconstruct:encyclopedia:upgrades/armor/boots/tconstruct_depth_strider.json:/text/0/text	sha256:587a879a75f3f12be86412c398100ca337e0214fd81bdec2372e9db48ada2f6e	Снижает штраф за перемещение под водой на 33% за уровень. На уровне 3 штраф за передвижение под водой отсутствует.
mantle-book:tconstruct:encyclopedia:upgrades/armor/boots/tconstruct_feather_falling.json:/effects/0	sha256:b6522dc564bcba54a3be4f9d4836c2cb7fd802f8824108bdf3a426bb02455e8b	Возможность постепенного применения уровней
mantle-book:tconstruct:encyclopedia:upgrades/armor/boots/tconstruct_feather_falling.json:/effects/1	sha256:f9b54a82a08e6a336f8c9a8313eb61cbbb09ac23e4b8c8a6e392d43c2f302be9	Максимум 2 уровня.
mantle-book:tconstruct:encyclopedia:upgrades/armor/boots/tconstruct_feather_falling.json:/effects/2	sha256:6986ff1df5b4c2e99417171599bfc4b3a2cbf9fe1b3a22d4cb8db4e3eb1f3f17	Требуется 1 слот для улучшений за уровень
mantle-book:tconstruct:encyclopedia:upgrades/armor/boots/tconstruct_feather_falling.json:/text/0/text	sha256:10d69e074d48d51a2e6342b93de2ef066d6fb74e63fbdfac91fe2ea0db1ac234	Дает +25% сопротивления урону от падения за уровень, максимум до +50% на 2 уровнях.
mantle-book:tconstruct:encyclopedia:upgrades/armor/boots/tconstruct_lightspeed.json:/effects/0	sha256:b6522dc564bcba54a3be4f9d4836c2cb7fd802f8824108bdf3a426bb02455e8b	Можно применять уровни постепенно.
mantle-book:tconstruct:encyclopedia:upgrades/armor/boots/tconstruct_lightspeed.json:/effects/1	sha256:a5319476fbdb64b586d46514aed7ee03babc61ceba27518cb29b165da3cb0e01	Максимум 3 уровня.
mantle-book:tconstruct:encyclopedia:upgrades/armor/boots/tconstruct_lightspeed.json:/effects/2	sha256:6986ff1df5b4c2e99417171599bfc4b3a2cbf9fe1b3a22d4cb8db4e3eb1f3f17	Требуется 1 слот для улучшения на каждый уровень.
mantle-book:tconstruct:encyclopedia:upgrades/armor/boots/tconstruct_lightspeed.json:/text/0/text	sha256:efda666cf556960ccef8574fea681999c8592c96a742333700691387331051f7	Дает +9% скорости передвижения за уровень в хорошо освещенных местах. Если область не так хорошо освещена, некоторый прирост все равно будет предоставлен, но не так сильно.
mantle-book:tconstruct:encyclopedia:upgrades/armor/boots/tconstruct_lightspeed.json:/text/1/text	sha256:f8bb172e9f9b4999799b229f34c4c432567d1b03f461f74ea2e83be811efccd2	Когда этот модификатор активен, ботинки постепенно теряют прочность.
mantle-book:tconstruct:encyclopedia:upgrades/armor/boots/tconstruct_long_fall.json:/effects/0	sha256:4790242817445a0eed06501a9777543cd0aa4b0dc0b936102d62e58503da1099	Максимум 1 уровень
mantle-book:tconstruct:encyclopedia:upgrades/armor/boots/tconstruct_long_fall.json:/effects/1	sha256:7a678cb7fefc9f9e866f1cf12896646958050d908ddc861d50d23f0d19d1a514	Требуется Невесомость II.
mantle-book:tconstruct:encyclopedia:upgrades/armor/boots/tconstruct_long_fall.json:/effects/2	sha256:2c5a6b199713c11725e6f5ecda0f1e6006548abb77f03ac4e777bb2fb960a5b8	Требуется 1 слот для улучшений.
mantle-book:tconstruct:encyclopedia:upgrades/armor/boots/tconstruct_long_fall.json:/text/0/text	sha256:1285a9a30cbd41160c27393a0b066b196d7538b02cc153e8d4acd4b5ed4519f6	Нейтрализует весь урон от падения.
mantle-book:tconstruct:encyclopedia:upgrades/armor/boots/tconstruct_soulspeed.json:/effects/0	sha256:a5319476fbdb64b586d46514aed7ee03babc61ceba27518cb29b165da3cb0e01	Максимум 3 уровня.
mantle-book:tconstruct:encyclopedia:upgrades/armor/boots/tconstruct_soulspeed.json:/effects/1	sha256:6986ff1df5b4c2e99417171599bfc4b3a2cbf9fe1b3a22d4cb8db4e3eb1f3f17	Требуется 1 слот для улучшения на каждый уровень.
mantle-book:tconstruct:encyclopedia:upgrades/armor/boots/tconstruct_soulspeed.json:/text/0/text	sha256:675b88c68c9b87d9445bb0bc6173466d20b74d5176ab9254f442c8cd44821c2e	Дает +40,5% скорости на песке душ плюс дополнительно 10,5% за каждый дополнительный уровень. Уменьшает замедление при ходьбе по песку душ.
mantle-book:tconstruct:encyclopedia:upgrades/armor/boots/tconstruct_soulspeed.json:/text/1/text	sha256:f8bb172e9f9b4999799b229f34c4c432567d1b03f461f74ea2e83be811efccd2	Когда этот модификатор активен, ботинки постепенно теряют прочность.
mantle-book:tconstruct:encyclopedia:upgrades/armor/chestplate/tconstruct_haste.json:/effects/0	sha256:b6522dc564bcba54a3be4f9d4836c2cb7fd802f8824108bdf3a426bb02455e8b	Можно применять уровни постепенно.
mantle-book:tconstruct:encyclopedia:upgrades/armor/chestplate/tconstruct_haste.json:/effects/1	sha256:234c6d456fb3035981513c7d55fdde901dc66d221f95b3bb557443359d6e61da	Максимум 5 уровней.
mantle-book:tconstruct:encyclopedia:upgrades/armor/chestplate/tconstruct_haste.json:/effects/2	sha256:6986ff1df5b4c2e99417171599bfc4b3a2cbf9fe1b3a22d4cb8db4e3eb1f3f17	Требуется 1 слот для улучшения на каждый уровень.
mantle-book:tconstruct:encyclopedia:upgrades/armor/chestplate/tconstruct_haste.json:/text/0/text	sha256:b05135cafac3761f9e459ce10e3b80e7e03b8be185e98995d2b27a1a3f4923e1	Дает +10% скорости добычи за уровень для всех имеющихся инструментов.
mantle-book:tconstruct:encyclopedia:upgrades/armor/chestplate/tconstruct_knockback.json:/effects/0	sha256:a5319476fbdb64b586d46514aed7ee03babc61ceba27518cb29b165da3cb0e01	Максимум 3 уровня.
mantle-book:tconstruct:encyclopedia:upgrades/armor/chestplate/tconstruct_knockback.json:/effects/1	sha256:6986ff1df5b4c2e99417171599bfc4b3a2cbf9fe1b3a22d4cb8db4e3eb1f3f17	Требуется 1 слот для улучшения на каждый уровень.
mantle-book:tconstruct:encyclopedia:upgrades/armor/chestplate/tconstruct_knockback.json:/text/0/text	sha256:ecf310198593e97fc18ad2dc028bf52f980aef6c2fb26fc00e5ac76e5942dd5f	Дает 1 отбрасывание за уровень для всего оружия, что запускает моба примерно на 2 блока. Большинство инструментов начинаются с отбрасывания 0,4.
mantle-book:tconstruct:encyclopedia:upgrades/armor/chestplate/tconstruct_sleeves.json:/effects/0	sha256:a5319476fbdb64b586d46514aed7ee03babc61ceba27518cb29b165da3cb0e01	Максимум 3 уровня.
mantle-book:tconstruct:encyclopedia:upgrades/armor/chestplate/tconstruct_sleeves.json:/effects/1	sha256:6986ff1df5b4c2e99417171599bfc4b3a2cbf9fe1b3a22d4cb8db4e3eb1f3f17	Требуется 1 слот для улучшения на каждый уровень.
mantle-book:tconstruct:encyclopedia:upgrades/armor/chestplate/tconstruct_sleeves.json:/text/0/text	sha256:7da31def828b991c0e3220d88585ba93340637336c0d6c205520e16f863094e9	Даёт нагруднику по 3 слота за уровень для хранения метательных предметов. Предметы из рукавов можно бросать, взаимодействуя пустой рукой. Чтобы сменить выбранный предмет, взаимодействуйте в приседе.
mantle-book:tconstruct:encyclopedia:upgrades/armor/chestplate/tconstruct_sleeves.json:/text/1/text	sha256:20ffe6576eaac732419dc63b60300e6f69fc012de63d6d1635d0632b52a85b05	Доступ к инвентарю можно получить, щелкнув правой кнопкой мыши по нагруднику в инвентаре.
mantle-book:tconstruct:encyclopedia:upgrades/armor/general/tconstruct_blockade.json:/effects/0	sha256:b6522dc564bcba54a3be4f9d4836c2cb7fd802f8824108bdf3a426bb02455e8b	Можно применять уровни постепенно.
mantle-book:tconstruct:encyclopedia:upgrades/armor/general/tconstruct_blockade.json:/effects/1	sha256:a5319476fbdb64b586d46514aed7ee03babc61ceba27518cb29b165da3cb0e01	Максимум 3 уровня.
mantle-book:tconstruct:encyclopedia:upgrades/armor/general/tconstruct_blockade.json:/effects/2	sha256:6986ff1df5b4c2e99417171599bfc4b3a2cbf9fe1b3a22d4cb8db4e3eb1f3f17	Требуется 1 слот для улучшения на каждый уровень.
mantle-book:tconstruct:encyclopedia:upgrades/armor/general/tconstruct_blockade.json:/effects/3	sha256:9782db98bec5044516d947d21d2e0ae52b864ebef14d2285bdd02feebe00acbb	Требуется блокирование или парирование.
mantle-book:tconstruct:encyclopedia:upgrades/armor/general/tconstruct_blockade.json:/text/0/text	sha256:d23969d2745663392daadd0742549b20e1925876960fcbed5a16f9d91576f2e8	Увеличивает количество базового блока инструмента на +100% за уровень, вплоть до максимума +300% к уровню 3.
mantle-book:tconstruct:encyclopedia:upgrades/armor/general/tconstruct_fiery.json:/effects/0	sha256:b6522dc564bcba54a3be4f9d4836c2cb7fd802f8824108bdf3a426bb02455e8b	Можно применять уровни постепенно.
mantle-book:tconstruct:encyclopedia:upgrades/armor/general/tconstruct_fiery.json:/effects/1	sha256:234c6d456fb3035981513c7d55fdde901dc66d221f95b3bb557443359d6e61da	Максимум 5 уровней.
mantle-book:tconstruct:encyclopedia:upgrades/armor/general/tconstruct_fiery.json:/effects/2	sha256:6986ff1df5b4c2e99417171599bfc4b3a2cbf9fe1b3a22d4cb8db4e3eb1f3f17	Требуется 1 слот для улучшения на каждый уровень.
mantle-book:tconstruct:encyclopedia:upgrades/armor/general/tconstruct_fiery.json:/text/0/text	sha256:d37f37f0cb31b4005c91b1c44e58575eb4d8a385ddf3a28143a629da798f0c72	Имеет 15% шанс за уровень заставить атакующего сгореть на время от 1 до 7 секунд. Несколько частей дадут наибольший эффект.
mantle-book:tconstruct:encyclopedia:upgrades/armor/general/tconstruct_fiery.json:/text/1/text	sha256:6f4b02914218b30c81ffe825b863925ac517265951a4b36c4dfe99a93a061e8c	Щиты в два раза эффективнее, но работают только при блокировании.
mantle-book:tconstruct:encyclopedia:upgrades/armor/general/tconstruct_freezing.json:/effects/0	sha256:a5319476fbdb64b586d46514aed7ee03babc61ceba27518cb29b165da3cb0e01	Максимум 3 уровня.
mantle-book:tconstruct:encyclopedia:upgrades/armor/general/tconstruct_freezing.json:/effects/1	sha256:91639222caec22041a8a2bb3a10c12779f892b58edec28de8fc304c0d6b7ca72	Плохо работает с огненным
mantle-book:tconstruct:encyclopedia:upgrades/armor/general/tconstruct_freezing.json:/effects/2	sha256:6986ff1df5b4c2e99417171599bfc4b3a2cbf9fe1b3a22d4cb8db4e3eb1f3f17	Требуется 1 слот для улучшения на каждый уровень.
mantle-book:tconstruct:encyclopedia:upgrades/armor/general/tconstruct_freezing.json:/text/0/text	sha256:08702ec8c4b4126ead8fd6d8c0c00d81ade3c9dfc40f808a115b2390a140f4cc	Имеет 15% шанс за уровень заморозить атакующего на 2–8 секунд, нанося постепенный урон и замедляя его. Несколько частей дадут наибольший эффект.
mantle-book:tconstruct:encyclopedia:upgrades/armor/general/tconstruct_freezing.json:/text/1/text	sha256:6f4b02914218b30c81ffe825b863925ac517265951a4b36c4dfe99a93a061e8c	Щиты в два раза эффективнее, но работают только при блокировании.
mantle-book:tconstruct:encyclopedia:upgrades/armor/general/tconstruct_ricochet.json:/effects/0	sha256:4d598f2e18a8436b92db588055cf348c623862ec05d0e6222bf76385e9deb4d7	Максимум 2 уровня на одну часть брони
mantle-book:tconstruct:encyclopedia:upgrades/armor/general/tconstruct_ricochet.json:/effects/1	sha256:73924e5359c39c73a0c9739057f5e2d8fc3c0c8ef489b986e6ae4fa6de5d9b15	Сочетает в себе эффект от всех частей брони
mantle-book:tconstruct:encyclopedia:upgrades/armor/general/tconstruct_ricochet.json:/effects/2	sha256:6986ff1df5b4c2e99417171599bfc4b3a2cbf9fe1b3a22d4cb8db4e3eb1f3f17	Требуется 1 слот для улучшений за уровень
mantle-book:tconstruct:encyclopedia:upgrades/armor/general/tconstruct_ricochet.json:/text/0/text	sha256:c1b72962ecfa440ec99937f9b314cf48eb9917ba824746cdd83eef53c363224a	Увеличивает получаемое откидывание на 20% за уровень.
mantle-book:tconstruct:encyclopedia:upgrades/armor/general/tconstruct_springy.json:/effects/0	sha256:b6522dc564bcba54a3be4f9d4836c2cb7fd802f8824108bdf3a426bb02455e8b	Можно применять уровни постепенно.
mantle-book:tconstruct:encyclopedia:upgrades/armor/general/tconstruct_springy.json:/effects/1	sha256:a5319476fbdb64b586d46514aed7ee03babc61ceba27518cb29b165da3cb0e01	Максимум 3 уровня.
mantle-book:tconstruct:encyclopedia:upgrades/armor/general/tconstruct_springy.json:/effects/2	sha256:6986ff1df5b4c2e99417171599bfc4b3a2cbf9fe1b3a22d4cb8db4e3eb1f3f17	Требуется 1 слот для улучшения на каждый уровень.
mantle-book:tconstruct:encyclopedia:upgrades/armor/general/tconstruct_springy.json:/text/0/text	sha256:66f9c0141a50539ede9bcb85f0474727f6628ee2bf5288491516d67745ddc9fb	Имеет 15% шанс за уровень применить к атакующему от 2 до 4 блоков отбрасывания за уровень. Применяет эффект от части с наибольшим бонусом.
mantle-book:tconstruct:encyclopedia:upgrades/armor/general/tconstruct_springy.json:/text/1/text	sha256:6f4b02914218b30c81ffe825b863925ac517265951a4b36c4dfe99a93a061e8c	Щиты в два раза эффективнее, но работают только при блокировании.
mantle-book:tconstruct:encyclopedia:upgrades/armor/general/tconstruct_thorns.json:/effects/0	sha256:a5319476fbdb64b586d46514aed7ee03babc61ceba27518cb29b165da3cb0e01	Максимум 3 уровня.
mantle-book:tconstruct:encyclopedia:upgrades/armor/general/tconstruct_thorns.json:/effects/1	sha256:6986ff1df5b4c2e99417171599bfc4b3a2cbf9fe1b3a22d4cb8db4e3eb1f3f17	Требуется 1 слот для улучшения на каждый уровень.
mantle-book:tconstruct:encyclopedia:upgrades/armor/general/tconstruct_thorns.json:/text/0/text	sha256:c843a261a9499b391f2ac881e43e9ac577fd58e11cf5c5afa7f5ed1206e6a3dc	Имеет 15% шанс за уровень нанести от 1 до 4 единиц урона атакующему. Несколько частей будут суммировать эффект.
mantle-book:tconstruct:encyclopedia:upgrades/armor/general/tconstruct_thorns.json:/text/1/text	sha256:6f4b02914218b30c81ffe825b863925ac517265951a4b36c4dfe99a93a061e8c	Щиты в два раза эффективнее, но работают только при блокировании.
mantle-book:tconstruct:encyclopedia:upgrades/armor/helmet/tconstruct_headlight.json:/effects/0	sha256:a9875ac8991d109dcb62e15a6c2edf4925537322b64dc11266513d9354274d8c	Один уровень
mantle-book:tconstruct:encyclopedia:upgrades/armor/helmet/tconstruct_headlight.json:/effects/1	sha256:2c5a6b199713c11725e6f5ecda0f1e6006548abb77f03ac4e777bb2fb960a5b8	Требуется 1 слот для улучшений.
mantle-book:tconstruct:encyclopedia:upgrades/armor/helmet/tconstruct_headlight.json:/text/0/text	sha256:1448d7aefa754bf3bf9dd09936a03dcf320d7f67767ee40431f9659c5a2c8de4	Визуально подсвечивает блоки вокруг вас.
mantle-book:tconstruct:encyclopedia:upgrades/armor/helmet/tconstruct_item_frame.json:/effects/0	sha256:6986ff1df5b4c2e99417171599bfc4b3a2cbf9fe1b3a22d4cb8db4e3eb1f3f17	Требуется 1 слот для улучшений за уровень
mantle-book:tconstruct:encyclopedia:upgrades/armor/helmet/tconstruct_item_frame.json:/text/0/text	sha256:ec11a1c96d47c5410e3184263bf78ac4b2b75dd7ee97d05291fb648df9ac91a5	Добавляет к шлему 3 слота на каждый уровень, которые отображаются в пользовательском интерфейсе при ношении шлема.
mantle-book:tconstruct:encyclopedia:upgrades/armor/helmet/tconstruct_item_frame.json:/text/1/text	sha256:e1327d07723c5cd44ba2db53053d7221831d6ab39ac8bf28b4e721c81d0ff976	Инвентарь шлема можно открыть держа шлем и нажав клавишу взаимодействия
mantle-book:tconstruct:encyclopedia:upgrades/armor/helmet/tconstruct_minimap.json:/effects/0	sha256:6986ff1df5b4c2e99417171599bfc4b3a2cbf9fe1b3a22d4cb8db4e3eb1f3f17	Требуется 1 слот для улучшения на каждый уровень.
mantle-book:tconstruct:encyclopedia:upgrades/armor/helmet/tconstruct_minimap.json:/text/0/text	sha256:fafe5d14c2cbe32a8783b1ac963c22274a5acf7cd605d996c546d149f246cbb5	Добавляет по 3 слота за уровень для карт, которые можно просматривать в пути. Чтобы сменить активную карту, нажмите Ctrl и клавишу взаимодействия со шлемом.
mantle-book:tconstruct:encyclopedia:upgrades/armor/helmet/tconstruct_minimap.json:/text/1/text	sha256:e1327d07723c5cd44ba2db53053d7221831d6ab39ac8bf28b4e721c81d0ff976	Инвентарь шлема можно открыть, взаимодействуя с ним, удерживая его.
mantle-book:tconstruct:encyclopedia:upgrades/armor/helmet/tconstruct_respiration.json:/effects/0	sha256:a5319476fbdb64b586d46514aed7ee03babc61ceba27518cb29b165da3cb0e01	Максимум 3 уровня
mantle-book:tconstruct:encyclopedia:upgrades/armor/helmet/tconstruct_respiration.json:/effects/1	sha256:6986ff1df5b4c2e99417171599bfc4b3a2cbf9fe1b3a22d4cb8db4e3eb1f3f17	Требуется 1 слот для улучшений за уровень
mantle-book:tconstruct:encyclopedia:upgrades/armor/helmet/tconstruct_respiration.json:/text/0/text	sha256:1dfd9b70be34e2435e6bef9b67dad35aa657f84b406d364ece03db015773f19d	Снижает потребление воздуха до 50%, 33% или 25% на 1, 2 и 3 уровнях соответственно.
mantle-book:tconstruct:encyclopedia:upgrades/armor/leggings/tconstruct_leaping.json:/effects/0	sha256:f9b54a82a08e6a336f8c9a8313eb61cbbb09ac23e4b8c8a6e392d43c2f302be9	Максимум 2 уровня.
mantle-book:tconstruct:encyclopedia:upgrades/armor/leggings/tconstruct_leaping.json:/effects/1	sha256:16acfe35a8eef4f15c8bc372e74e79108240b782de0d7a798868b03911311f10	Для первого уровня требуется 1 слот для улучшений.
mantle-book:tconstruct:encyclopedia:upgrades/armor/leggings/tconstruct_leaping.json:/effects/2	sha256:a696ce40545f0d857a9b87ee78a7557ef46c8fd019cc20499be13e9c4b502a39	Для второго уровня требуется 1 слот для умений.
mantle-book:tconstruct:encyclopedia:upgrades/armor/leggings/tconstruct_leaping.json:/text/0/text	sha256:7911bd5f90c7c60b9233b2cf6f4528fdc163e8808a0cf8b11be6209a4ea91f11	На первом уровне увеличивает высоту прыжка на 0,5 блока, а на втором — на 1 блок. Каждый уровень также увеличивает безопасную высоту падения на 1 блок.
mantle-book:tconstruct:encyclopedia:upgrades/armor/leggings/tconstruct_shield_strap.json:/effects/0	sha256:6986ff1df5b4c2e99417171599bfc4b3a2cbf9fe1b3a22d4cb8db4e3eb1f3f17	Требуется 1 слот для улучшения на каждый уровень.
mantle-book:tconstruct:encyclopedia:upgrades/armor/leggings/tconstruct_shield_strap.json:/text/0/text	sha256:dd168a1af9101e5b81ba881c627578df8d7945bddacf9e8886a6ca304c8b740f	Добавляет +1 слот для левой руки на каждый уровень, позволяя менять предмет для левой руки, взаимодействуя с леггинсами.
mantle-book:tconstruct:encyclopedia:upgrades/armor/leggings/tconstruct_speedy.json:/effects/0	sha256:b6522dc564bcba54a3be4f9d4836c2cb7fd802f8824108bdf3a426bb02455e8b	Возможность постепенного применения уровней
mantle-book:tconstruct:encyclopedia:upgrades/armor/leggings/tconstruct_speedy.json:/effects/1	sha256:a5319476fbdb64b586d46514aed7ee03babc61ceba27518cb29b165da3cb0e01	Максимум 3 уровня
mantle-book:tconstruct:encyclopedia:upgrades/armor/leggings/tconstruct_speedy.json:/effects/2	sha256:6986ff1df5b4c2e99417171599bfc4b3a2cbf9fe1b3a22d4cb8db4e3eb1f3f17	Требуется 1 слот для улучшений за уровень
mantle-book:tconstruct:encyclopedia:upgrades/armor/leggings/tconstruct_speedy.json:/text/0/text	sha256:7583a3c8bb43785f41f6377d86a4ed79a27610760c32d946b8a8051bb59b63b7	Увеличивает скорость на дополнительные 10% за уровень.
mantle-book:tconstruct:encyclopedia:upgrades/armor/leggings/tconstruct_step_up.json:/effects/0	sha256:f9b54a82a08e6a336f8c9a8313eb61cbbb09ac23e4b8c8a6e392d43c2f302be9	Максимум 2 уровня.
mantle-book:tconstruct:encyclopedia:upgrades/armor/leggings/tconstruct_step_up.json:/effects/1	sha256:6986ff1df5b4c2e99417171599bfc4b3a2cbf9fe1b3a22d4cb8db4e3eb1f3f17	Требуется 1 слот для улучшения на каждый уровень.
mantle-book:tconstruct:encyclopedia:upgrades/armor/leggings/tconstruct_step_up.json:/text/0/text	sha256:b697155b59cd6a472f020c948cc724174874252435840ac9952794d63f3db8d4	Увеличивает высоту, на которую может шагнуть игрок, на 0,5 блока за уровень.
mantle-book:tconstruct:encyclopedia:upgrades/armor/leggings/tconstruct_swift_sneak.json:/effects/0	sha256:234c6d456fb3035981513c7d55fdde901dc66d221f95b3bb557443359d6e61da	Максимум 5 уровней.
mantle-book:tconstruct:encyclopedia:upgrades/armor/leggings/tconstruct_swift_sneak.json:/effects/1	sha256:6986ff1df5b4c2e99417171599bfc4b3a2cbf9fe1b3a22d4cb8db4e3eb1f3f17	Требуется 1 слот для улучшения на каждый уровень.
mantle-book:tconstruct:encyclopedia:upgrades/armor/leggings/tconstruct_swift_sneak.json:/text/0/text	sha256:a198899e9ad1a685c2410c0a5896afef079128950339154635ef08dcb1f06e69	Уменьшает штраф к скорости передвижения в приседе на 15% за уровень. На 5-м уровне можно бегать в приседе.
mantle-book:tconstruct:encyclopedia:upgrades/damage/tconstruct_antiaquatic.json:/effects/0	sha256:b6522dc564bcba54a3be4f9d4836c2cb7fd802f8824108bdf3a426bb02455e8b	Возможность постепенного применения уровней
mantle-book:tconstruct:encyclopedia:upgrades/damage/tconstruct_antiaquatic.json:/effects/1	sha256:234c6d456fb3035981513c7d55fdde901dc66d221f95b3bb557443359d6e61da	Максимум 5 уровней
mantle-book:tconstruct:encyclopedia:upgrades/damage/tconstruct_antiaquatic.json:/effects/2	sha256:6986ff1df5b4c2e99417171599bfc4b3a2cbf9fe1b3a22d4cb8db4e3eb1f3f17	Требуется 1 слот для улучшений за уровень.
mantle-book:tconstruct:encyclopedia:upgrades/damage/tconstruct_antiaquatic.json:/text/0/text	sha256:cd35fae1a6841ff01cb82f75584d7032c358a6a6e20b07f958dbb9fc011f07c5	Дает +2 урона за уровень против водных мобов.
mantle-book:tconstruct:encyclopedia:upgrades/damage/tconstruct_bane_of_sssss.json:/effects/0	sha256:b6522dc564bcba54a3be4f9d4836c2cb7fd802f8824108bdf3a426bb02455e8b	Возможность постепенного применения уровней
mantle-book:tconstruct:encyclopedia:upgrades/damage/tconstruct_bane_of_sssss.json:/effects/1	sha256:234c6d456fb3035981513c7d55fdde901dc66d221f95b3bb557443359d6e61da	Максимум 5 уровней
mantle-book:tconstruct:encyclopedia:upgrades/damage/tconstruct_bane_of_sssss.json:/effects/2	sha256:6986ff1df5b4c2e99417171599bfc4b3a2cbf9fe1b3a22d4cb8db4e3eb1f3f17	Требуется 1 слот для улучшений за уровень.
mantle-book:tconstruct:encyclopedia:upgrades/damage/tconstruct_bane_of_sssss.json:/text/0/text	sha256:b8fba4d7912971dbdeb7dea6a77382c70bf0d831b63c41b0fe13a662febbeed5	Даёт +2 урона за уровень против членистоногих и криперов.
mantle-book:tconstruct:encyclopedia:upgrades/damage/tconstruct_bane_of_sssss.json:/text/1/text	sha256:988c37bdd4653b235a2644fec76c88e91d313e4ee1883abf77ee6f661c64727a	Помимо членистоногих и криперов, накладывает Замедление IV на 1 секунду, плюс возможный бонус полсекунды за уровень.
mantle-book:tconstruct:encyclopedia:upgrades/damage/tconstruct_cooling.json:/effects/0	sha256:b6522dc564bcba54a3be4f9d4836c2cb7fd802f8824108bdf3a426bb02455e8b	Возможность постепенного применения уровней
mantle-book:tconstruct:encyclopedia:upgrades/damage/tconstruct_cooling.json:/effects/1	sha256:234c6d456fb3035981513c7d55fdde901dc66d221f95b3bb557443359d6e61da	Максимум 5 уровней
mantle-book:tconstruct:encyclopedia:upgrades/damage/tconstruct_cooling.json:/effects/2	sha256:6986ff1df5b4c2e99417171599bfc4b3a2cbf9fe1b3a22d4cb8db4e3eb1f3f17	Требуется 1 слот для улучшений за уровень.
mantle-book:tconstruct:encyclopedia:upgrades/damage/tconstruct_cooling.json:/text/0/text	sha256:b6e144bddfc416c93201fd9683ca7e747cd522df53c21b3fce660e83da7d8837	Дает +1,6 урона за уровень против мобов, невосприимчивых к огню.
mantle-book:tconstruct:encyclopedia:upgrades/damage/tconstruct_killager.json:/effects/0	sha256:b6522dc564bcba54a3be4f9d4836c2cb7fd802f8824108bdf3a426bb02455e8b	Можно применять уровни постепенно
mantle-book:tconstruct:encyclopedia:upgrades/damage/tconstruct_killager.json:/effects/1	sha256:234c6d456fb3035981513c7d55fdde901dc66d221f95b3bb557443359d6e61da	Максимум 5 уровней
mantle-book:tconstruct:encyclopedia:upgrades/damage/tconstruct_killager.json:/effects/2	sha256:6986ff1df5b4c2e99417171599bfc4b3a2cbf9fe1b3a22d4cb8db4e3eb1f3f17	Требуется 1 слот для улучшений за уровень
mantle-book:tconstruct:encyclopedia:upgrades/damage/tconstruct_killager.json:/text/0/text	sha256:201df2265fd7333619acfdfba70a71b288e687ab29797f4291f4d10e1aef79b7	Даёт +2 урона за уровень против жителей и разбойников.
mantle-book:tconstruct:encyclopedia:upgrades/damage/tconstruct_killager.json:/text/1/text	sha256:aaa730c108ef794349655e3ae89f32a0f3ad5e8b98f2e1e9325121a69e496f3d	Житель или разбойник — это любой, у кого нос как у Сквидварда.
mantle-book:tconstruct:encyclopedia:upgrades/damage/tconstruct_pierce.json:/effects/0	sha256:b6522dc564bcba54a3be4f9d4836c2cb7fd802f8824108bdf3a426bb02455e8b	Можно применять уровни постепенно.
mantle-book:tconstruct:encyclopedia:upgrades/damage/tconstruct_pierce.json:/effects/1	sha256:a5319476fbdb64b586d46514aed7ee03babc61ceba27518cb29b165da3cb0e01	Максимум 3 уровня.
mantle-book:tconstruct:encyclopedia:upgrades/damage/tconstruct_pierce.json:/effects/2	sha256:6986ff1df5b4c2e99417171599bfc4b3a2cbf9fe1b3a22d4cb8db4e3eb1f3f17	Требуется 1 слот для улучшения на каждый уровень.
mantle-book:tconstruct:encyclopedia:upgrades/damage/tconstruct_pierce.json:/text/0/text	sha256:ed78047017c4581edcbe4f5d83ef7cda78eaa646239233621cf92ff8fa481ce5	Добавляет +0,5 урона в ближнем бою за уровень. Атаки ближнего боя снимают 2 очка брони за уровень, которые сохраняются в течение 5 секунд после удара.
mantle-book:tconstruct:encyclopedia:upgrades/damage/tconstruct_sharpness.json:/effects/0	sha256:b6522dc564bcba54a3be4f9d4836c2cb7fd802f8824108bdf3a426bb02455e8b	Возможность постепенного применения уровней
mantle-book:tconstruct:encyclopedia:upgrades/damage/tconstruct_sharpness.json:/effects/1	sha256:234c6d456fb3035981513c7d55fdde901dc66d221f95b3bb557443359d6e61da	Максимум 5 уровней
mantle-book:tconstruct:encyclopedia:upgrades/damage/tconstruct_sharpness.json:/effects/2	sha256:6986ff1df5b4c2e99417171599bfc4b3a2cbf9fe1b3a22d4cb8db4e3eb1f3f17	Требуется 1 слот для улучшений за уровень.
mantle-book:tconstruct:encyclopedia:upgrades/damage/tconstruct_sharpness.json:/text/0/text	sha256:b193ff68899e89a160a50def945b2dad7e7437cbaf766408b132d2515c4b54f2	Дает +0,75 урона за уровень.
mantle-book:tconstruct:encyclopedia:upgrades/damage/tconstruct_smite.json:/effects/0	sha256:b6522dc564bcba54a3be4f9d4836c2cb7fd802f8824108bdf3a426bb02455e8b	Возможность постепенного применения уровней
mantle-book:tconstruct:encyclopedia:upgrades/damage/tconstruct_smite.json:/effects/1	sha256:234c6d456fb3035981513c7d55fdde901dc66d221f95b3bb557443359d6e61da	Максимум 5 уровней
mantle-book:tconstruct:encyclopedia:upgrades/damage/tconstruct_smite.json:/effects/2	sha256:6986ff1df5b4c2e99417171599bfc4b3a2cbf9fe1b3a22d4cb8db4e3eb1f3f17	Требуется 1 слот для улучшений за уровень.
mantle-book:tconstruct:encyclopedia:upgrades/damage/tconstruct_smite.json:/text/0/text	sha256:fe01212da6c3263fcef998b6518fd664e91877b8275bb989d342d86468c868c6	Дает +2 урона против мобов-нежити за уровень.
mantle-book:tconstruct:encyclopedia:upgrades/damage/tconstruct_swiftstrike.json:/effects/0	sha256:b6522dc564bcba54a3be4f9d4836c2cb7fd802f8824108bdf3a426bb02455e8b	Можно применять уровни постепенно
mantle-book:tconstruct:encyclopedia:upgrades/damage/tconstruct_swiftstrike.json:/effects/1	sha256:234c6d456fb3035981513c7d55fdde901dc66d221f95b3bb557443359d6e61da	Максимум 5 уровней
mantle-book:tconstruct:encyclopedia:upgrades/damage/tconstruct_swiftstrike.json:/effects/2	sha256:6986ff1df5b4c2e99417171599bfc4b3a2cbf9fe1b3a22d4cb8db4e3eb1f3f17	Требуется 1 слот для улучшений за уровень
mantle-book:tconstruct:encyclopedia:upgrades/damage/tconstruct_swiftstrike.json:/text/0/text	sha256:000bdb2b944cc657abb3202910a49dea99b361c85225e74c6f067832205f2a9a	Даёт +5% к скорости атаки за уровень.
mantle-book:tconstruct:encyclopedia:upgrades/general.json:/text/0/text	sha256:7951bde45676e37447619428126f4b9fd78f5252bf8b5e9af0a30d7608c7d9b0	Основные модификаторы эффективны для нескольких типов инструментов, включая инструменты ближнего боя и копания, а также броню.
mantle-book:tconstruct:encyclopedia:upgrades/general.json:/text/1/text	sha256:6053565f80e6c74bc7fc113d6026b02006405e63f004337405ddfa64f179a6f4	Некоторые модификаторы предназначены только для ближнего боя и копания, поэтому проверьте список отображаемых инструментов.
mantle-book:tconstruct:encyclopedia:upgrades/general.json:/title	sha256:d7aee40e45663eae888bfe179ebb0f240b3cf48e5b837bb1f17f451c199101ae	Основные улучшения
mantle-book:tconstruct:encyclopedia:upgrades/general/tconstruct_diamond.json:/effects/0	sha256:4790242817445a0eed06501a9777543cd0aa4b0dc0b936102d62e58503da1099	Максимум 1 уровень
mantle-book:tconstruct:encyclopedia:upgrades/general/tconstruct_diamond.json:/effects/1	sha256:2c5a6b199713c11725e6f5ecda0f1e6006548abb77f03ac4e777bb2fb960a5b8	Требуется 1 слот для улучшений
mantle-book:tconstruct:encyclopedia:upgrades/general/tconstruct_diamond.json:/text/0/text	sha256:c0207a35f6e68306c4aa1bdaece2a338d738a58a122f349c9fd4b9c52946a2ca	Даёт +500 прочности (+250 для брони), +0,5 урона от атаки, +2 к скорости добычи, +0,5 силы снаряда и +1 брони. Также повышает уровень добычи инструмента до алмазного.
mantle-book:tconstruct:encyclopedia:upgrades/general/tconstruct_diamond.json:/text/1/text	sha256:994f9fa345c3cfa9a3ab576ff6b3fc5a05d8b16201006e1e660af3a31c8d5bd3	Инструменты и броня получают только соответствующие прибавки к характеристикам, например, инструменты не получат +1 очко к броне.
mantle-book:tconstruct:encyclopedia:upgrades/general/tconstruct_emerald.json:/effects/0	sha256:4790242817445a0eed06501a9777543cd0aa4b0dc0b936102d62e58503da1099	Максимум 1 уровень
mantle-book:tconstruct:encyclopedia:upgrades/general/tconstruct_emerald.json:/effects/1	sha256:2c5a6b199713c11725e6f5ecda0f1e6006548abb77f03ac4e777bb2fb960a5b8	Требуется 1 слот для улучшений
mantle-book:tconstruct:encyclopedia:upgrades/general/tconstruct_emerald.json:/text/0/text	sha256:8189fc82965e507abacbaf1bc07912b349ce33c68f8c0fe5b7aa286f4f339af7	Даёт +50% прочности, +0,1 точности и +1 к твёрдости брони. Повышает уровень добычи инструмента до железного, а также увеличивает условный урон от атаки и скорость добычи на 25%.
mantle-book:tconstruct:encyclopedia:upgrades/general/tconstruct_emerald.json:/text/1/text	sha256:18f125817ee7c09e8eabe7a84bd49ef310b5f0e3ddf8ea278a0f48e9b24286c0	Инструменты и броня получают только соответствующие прибавки к характеристикам, например,  инструменты не получают сопротивления к отбрасыванию.
mantle-book:tconstruct:encyclopedia:upgrades/general/tconstruct_experienced.json:/effects/0	sha256:234c6d456fb3035981513c7d55fdde901dc66d221f95b3bb557443359d6e61da	Максимум 5 уровней
mantle-book:tconstruct:encyclopedia:upgrades/general/tconstruct_experienced.json:/effects/1	sha256:6986ff1df5b4c2e99417171599bfc4b3a2cbf9fe1b3a22d4cb8db4e3eb1f3f17	Требуется 1 слот для улучшения за уровень
mantle-book:tconstruct:encyclopedia:upgrades/general/tconstruct_experienced.json:/text/0/text	sha256:2214c1a84e576a49e82d70544add643ecbdfaa5e5c1e0142a6e8554ea81092e0	Увеличивает опыт от убийства мобов и разрушения блоков на 50% за уровень.
mantle-book:tconstruct:encyclopedia:upgrades/general/tconstruct_experienced.json:/text/1/text	sha256:53af47e9997cf5c2cb2c15018ef91561e3f01c5fb92d2169e4472c7c7687bbac	На броне увеличивает опыт на 25% за уровень при использовании любого инструмента.
mantle-book:tconstruct:encyclopedia:upgrades/general/tconstruct_fireprimer.json:/effects/0	sha256:4790242817445a0eed06501a9777543cd0aa4b0dc0b936102d62e58503da1099	Максимум 1 уровень
mantle-book:tconstruct:encyclopedia:upgrades/general/tconstruct_fireprimer.json:/effects/1	sha256:2c5a6b199713c11725e6f5ecda0f1e6006548abb77f03ac4e777bb2fb960a5b8	Требуется 1 слот для улучшений
mantle-book:tconstruct:encyclopedia:upgrades/general/tconstruct_fireprimer.json:/text/0/text	sha256:01e5768dad60b19f19dfeb834cf3e4a3887500a19f5329044bf221fea85566de	Увеличивает область действия обожжённого огнива на 1. Равноценно 1 уровню «Расширения», но требует лишь слот для улучшений.
mantle-book:tconstruct:encyclopedia:upgrades/general/tconstruct_magnetic.json:/effects/0	sha256:c50150ee1f5d7421a71f328cf4a7c8466d2afa6e30661da393b34656ad7c4404	Максимум 1 уровень для каждой части брони
mantle-book:tconstruct:encyclopedia:upgrades/general/tconstruct_magnetic.json:/effects/1	sha256:234c6d456fb3035981513c7d55fdde901dc66d221f95b3bb557443359d6e61da	Максимум 5 уровней
mantle-book:tconstruct:encyclopedia:upgrades/general/tconstruct_magnetic.json:/effects/2	sha256:6986ff1df5b4c2e99417171599bfc4b3a2cbf9fe1b3a22d4cb8db4e3eb1f3f17	Требуется 1 слот для улучшений за уровень
mantle-book:tconstruct:encyclopedia:upgrades/general/tconstruct_magnetic.json:/text/0/text	sha256:691c4f0fb1cc460bc0ade0cd0d84dd358a34e198a0b5847233ec3de9762c7992	После добывания блоков или атаки мобов (для инструментов) или пассивно (для брони), притягивает предметы в пределах 3 блоков к игроку, игнорируя гравитацию.
mantle-book:tconstruct:encyclopedia:upgrades/general/tconstruct_magnetic.json:/text/1/text	sha256:ff3c49e6ca3beae65041072796252fd6d7384ae003e7c50f83f96bb2ff44dbe1	Каждый уровень увеличивает дальность на 1 блок и повышает скорость притягивания. Брошенные магнитные инструменты притягивают предметы во время полёта.
mantle-book:tconstruct:encyclopedia:upgrades/general/tconstruct_netherite.json:/effects/0	sha256:4790242817445a0eed06501a9777543cd0aa4b0dc0b936102d62e58503da1099	Максимум 1 уровень
mantle-book:tconstruct:encyclopedia:upgrades/general/tconstruct_netherite.json:/effects/1	sha256:2c5a6b199713c11725e6f5ecda0f1e6006548abb77f03ac4e777bb2fb960a5b8	Требуется 1 слот для улучшений.
mantle-book:tconstruct:encyclopedia:upgrades/general/tconstruct_netherite.json:/text/0/text	sha256:e1f46b4d471f085807224c6cab5ed191298bcbd9f6a426dcb663e8fdce751fa3	Даёт +20% прочности, +20% урона от атаки, +25% скорости добычи, +10% скорости полёта, +5% сопротивления отбрасыванию и +1 к твёрдости брони. Повышает уровень добычи до незеритового и делает выпавший инструмент неуязвимым.
mantle-book:tconstruct:encyclopedia:upgrades/general/tconstruct_netherite.json:/text/1/text	sha256:afe367c90340d73f2620228d7ed43d47fed2316eb072ecad6ec7bac9b7222418	Инструменты и броня получат только соответствующие улучшения характеристик.
mantle-book:tconstruct:encyclopedia:upgrades/general/tconstruct_overforced.json:/effects/0	sha256:b6522dc564bcba54a3be4f9d4836c2cb7fd802f8824108bdf3a426bb02455e8b	Возможность постепенного применения уровней
mantle-book:tconstruct:encyclopedia:upgrades/general/tconstruct_overforced.json:/effects/1	sha256:234c6d456fb3035981513c7d55fdde901dc66d221f95b3bb557443359d6e61da	Максимум 5 уровней
mantle-book:tconstruct:encyclopedia:upgrades/general/tconstruct_overforced.json:/effects/2	sha256:6986ff1df5b4c2e99417171599bfc4b3a2cbf9fe1b3a22d4cb8db4e3eb1f3f17	Требуется 1 слот для улучшений за уровень
mantle-book:tconstruct:encyclopedia:upgrades/general/tconstruct_overforced.json:/text/0/text	sha256:e3ff7ea50653700bfe30c96ab5ffbb0f4eff43910dfc7af6e79b8e193549a2dc	Даёт +75 к ёмкости сверхслизневого покрытия за уровень.
mantle-book:tconstruct:encyclopedia:upgrades/general/tconstruct_reinforced.json:/effects/0	sha256:b6522dc564bcba54a3be4f9d4836c2cb7fd802f8824108bdf3a426bb02455e8b	Возможность постепенного применения уровней
mantle-book:tconstruct:encyclopedia:upgrades/general/tconstruct_reinforced.json:/effects/1	sha256:234c6d456fb3035981513c7d55fdde901dc66d221f95b3bb557443359d6e61da	Максимум 5 уровней
mantle-book:tconstruct:encyclopedia:upgrades/general/tconstruct_reinforced.json:/effects/2	sha256:6986ff1df5b4c2e99417171599bfc4b3a2cbf9fe1b3a22d4cb8db4e3eb1f3f17	Требуется 1 слот для улучшений за уровень
mantle-book:tconstruct:encyclopedia:upgrades/general/tconstruct_reinforced.json:/text/0/text	sha256:feb37fe3403c116d7e8487091c91e5fc4abdbe4f2479d038aefb5469e893b78b	Уменьшает вероятность поломки инструмента. Имеется 75% вероятность получения урона на уровне 1, 55% на уровне 2, 40% на уровне 3, 30% на уровне 4 и 25% на уровне 5.
mantle-book:tconstruct:encyclopedia:upgrades/general/tconstruct_scope.json:/effects/0	sha256:4790242817445a0eed06501a9777543cd0aa4b0dc0b936102d62e58503da1099	Максимум 1 уровень
mantle-book:tconstruct:encyclopedia:upgrades/general/tconstruct_scope.json:/effects/1	sha256:2c5a6b199713c11725e6f5ecda0f1e6006548abb77f03ac4e777bb2fb960a5b8	Требуется 1 слот для улучшений.
mantle-book:tconstruct:encyclopedia:upgrades/general/tconstruct_scope.json:/text/0/text	sha256:ec67715caf5480d6b2e84d928f2468edfec541fa06ec129126429014ec47ab85	По мере зарядки приближает удалённые объекты, но даже при полном натяжении увеличение слабее, чем у подзорной трубы.
mantle-book:tconstruct:encyclopedia:upgrades/general/tconstruct_smelting.json:/effects/0	sha256:a74a0e442385d44e9b6a90e35e33302328af7c399fda12a8595f19c68aeeacf0	Максимум 4 уровня.
mantle-book:tconstruct:encyclopedia:upgrades/general/tconstruct_smelting.json:/effects/1	sha256:6986ff1df5b4c2e99417171599bfc4b3a2cbf9fe1b3a22d4cb8db4e3eb1f3f17	Требуется 1 слот для улучшения на каждый уровень.
mantle-book:tconstruct:encyclopedia:upgrades/general/tconstruct_smelting.json:/text/0/text	sha256:3464a531a38b87712f8608402f9f1d94c9d8c928d27211e36f379007eba5cfe4	Готовит предметы внутри инструмента, когда им наносят урон в ближнем бою, добывают блоки, выпускают стрелы или блокируют урон. Одновременно готовит по 1 предмету за уровень.
mantle-book:tconstruct:encyclopedia:upgrades/general/tconstruct_smelting.json:/text/1/text	sha256:3b34429d415f675762076e5998acbf9397af0910ad615d7f7bdd94cd1920f0a7	Инвентарь можно открыть, подкравшись во время взаимодействия.
mantle-book:tconstruct:encyclopedia:upgrades/general/tconstruct_soulbound.json:/effects/0	sha256:4790242817445a0eed06501a9777543cd0aa4b0dc0b936102d62e58503da1099	Максимум 1 уровень
mantle-book:tconstruct:encyclopedia:upgrades/general/tconstruct_soulbound.json:/effects/1	sha256:2c5a6b199713c11725e6f5ecda0f1e6006548abb77f03ac4e777bb2fb960a5b8	Требуется 1 слот для улучшений
mantle-book:tconstruct:encyclopedia:upgrades/general/tconstruct_soulbound.json:/text/0/text	sha256:a6af4fb603bd82d6decdd96a210c85ea5076bde05bb8a9403b1a952cb46eba73	Заставляет инструмент оставаться в инвентаре после смерти и возрождения.
mantle-book:tconstruct:encyclopedia:upgrades/general/tconstruct_tank.json:/effects/0	sha256:153fd3c7c2ab115cb98c40d29ef2ec591051eaae0b4f67ac4a27ca8be6f37e67	Нет максимального уровня
mantle-book:tconstruct:encyclopedia:upgrades/general/tconstruct_tank.json:/effects/1	sha256:6986ff1df5b4c2e99417171599bfc4b3a2cbf9fe1b3a22d4cb8db4e3eb1f3f17	Требуется 1 слот для улучшений за уровень
mantle-book:tconstruct:encyclopedia:upgrades/general/tconstruct_tank.json:/text/0/text	sha256:f422bf2e6f37f7a8073244fc973b6e99e3137810a72601d5fc59cb340f0b7259	Увеличивает емкость бака инструмента на 1 ведро за уровень. Полезно вместе с такими способностями, как собирание ведер или плавление.
mantle-book:tconstruct:encyclopedia:upgrades/general/tconstruct_tank.json:/text/1/text	sha256:e67b8d1d0b306ce0969c2dc9d6e01f3463f7e751633c2c89a520b489f7532d98	Инструменты с резервуарами можно наполнять и опустошать, взаимодействуя с блоками-резервуарами. Чтобы наполнить или опустошить резервуар брони, её нужно держать в руке.
mantle-book:tconstruct:encyclopedia:upgrades/general/tconstruct_the_one_probe.json:/effects/0	sha256:a9875ac8991d109dcb62e15a6c2edf4925537322b64dc11266513d9354274d8c	Один уровень
mantle-book:tconstruct:encyclopedia:upgrades/general/tconstruct_the_one_probe.json:/effects/1	sha256:2c5a6b199713c11725e6f5ecda0f1e6006548abb77f03ac4e777bb2fb960a5b8	Требуется 1 слот для улучшений.
mantle-book:tconstruct:encyclopedia:upgrades/general/tconstruct_the_one_probe.json:/text/0/text	sha256:5a8a82bdbe6ed6ed032f43d2a13a16b6fed3cb7724e39b33a8a2e152efd11cad	Показывает информацию о выбранном блоке, как предметный датчик.
mantle-book:tconstruct:encyclopedia:upgrades/general/tconstruct_the_one_probe.json:/text/1/text	sha256:6a4c024fd2e7b39f384991a04f9c99bcf05b4a6bd6ffe9787e92ccf4c0b5a50d	Для получения информации необходимо носить шлем или держать инструмент в любой руке.
mantle-book:tconstruct:encyclopedia:upgrades/general/tconstruct_zoom.json:/effects/0	sha256:4790242817445a0eed06501a9777543cd0aa4b0dc0b936102d62e58503da1099	Максимум 1 уровень
mantle-book:tconstruct:encyclopedia:upgrades/general/tconstruct_zoom.json:/effects/1	sha256:2c5a6b199713c11725e6f5ecda0f1e6006548abb77f03ac4e777bb2fb960a5b8	Требуется 1 слот для улучшений.
mantle-book:tconstruct:encyclopedia:upgrades/general/tconstruct_zoom.json:/text/0/text	sha256:27ae724c52c8fe585c12209b14d03387de91176bdd9896dc459ecab65505ac24	Позволяет быстро приблизить изображение, если в приседе нажать клавишу шлема или взаимодействовать с инструментом в руке.
mantle-book:tconstruct:encyclopedia:upgrades/harvest.json:/text/0/text	sha256:1e099de62a4e0e995d51a5870cafce972893b96c281242bb39bf6be9a847d482	Модификаторы копания наиболее полезны для инструментов, ломающих блоки, таких как кирки или лопаты.
mantle-book:tconstruct:encyclopedia:upgrades/harvest.json:/title	sha256:820dd2b032e7ba0383dd977d1ef09578f9a9289a59a4551ec03e5cad5d249e7f	Улучшения копания
mantle-book:tconstruct:encyclopedia:upgrades/harvest/tconstruct_blasting.json:/effects/0	sha256:b6522dc564bcba54a3be4f9d4836c2cb7fd802f8824108bdf3a426bb02455e8b	Возможность постепенного применения уровней
mantle-book:tconstruct:encyclopedia:upgrades/harvest/tconstruct_blasting.json:/effects/1	sha256:234c6d456fb3035981513c7d55fdde901dc66d221f95b3bb557443359d6e61da	Максимум 5 уровней
mantle-book:tconstruct:encyclopedia:upgrades/harvest/tconstruct_blasting.json:/effects/2	sha256:6986ff1df5b4c2e99417171599bfc4b3a2cbf9fe1b3a22d4cb8db4e3eb1f3f17	Требуется 1 слот для улучшений за уровень
mantle-book:tconstruct:encyclopedia:upgrades/harvest/tconstruct_blasting.json:/text/0/text	sha256:67bc5063c26fa2e1e448e3914dfb59564a93c2c519cd2de7331bec0789d891be	Увеличивает скорость добычи блоков с низкой взрывоустойчивостью, вплоть до +10 за уровень на блоках с самой низкой взрывоустойчивостью. Например, скорость добычи каменных блоков составляет +1 за уровень, терракотовых блоков +3 за уровень и мягких блоков, таких как руды +9 за уровень.
mantle-book:tconstruct:encyclopedia:upgrades/harvest/tconstruct_haste.json:/effects/0	sha256:b6522dc564bcba54a3be4f9d4836c2cb7fd802f8824108bdf3a426bb02455e8b	Можно применять уровни постепенно.
mantle-book:tconstruct:encyclopedia:upgrades/harvest/tconstruct_haste.json:/effects/1	sha256:234c6d456fb3035981513c7d55fdde901dc66d221f95b3bb557443359d6e61da	Максимум 5 уровней.
mantle-book:tconstruct:encyclopedia:upgrades/harvest/tconstruct_haste.json:/effects/2	sha256:6986ff1df5b4c2e99417171599bfc4b3a2cbf9fe1b3a22d4cb8db4e3eb1f3f17	Требуется 1 слот для улучшения на каждый уровень.
mantle-book:tconstruct:encyclopedia:upgrades/harvest/tconstruct_haste.json:/text/0/text	sha256:f59ce7b05b5adb43a821c498e163fab180e38403381aacd69cf3e04829cf249c	На добывающих инструментах даёт +4 к скорости добычи за уровень.
mantle-book:tconstruct:encyclopedia:upgrades/harvest/tconstruct_hydraulic.json:/effects/0	sha256:b6522dc564bcba54a3be4f9d4836c2cb7fd802f8824108bdf3a426bb02455e8b	Возможность постепенного применения уровней
mantle-book:tconstruct:encyclopedia:upgrades/harvest/tconstruct_hydraulic.json:/effects/1	sha256:234c6d456fb3035981513c7d55fdde901dc66d221f95b3bb557443359d6e61da	Максимум 5 уровней
mantle-book:tconstruct:encyclopedia:upgrades/harvest/tconstruct_hydraulic.json:/effects/2	sha256:6986ff1df5b4c2e99417171599bfc4b3a2cbf9fe1b3a22d4cb8db4e3eb1f3f17	Требуется 1 слот для улучшений за уровень
mantle-book:tconstruct:encyclopedia:upgrades/harvest/tconstruct_hydraulic.json:/text/0/text	sha256:0065826ff07b49f61faa6d374d8a7331dbf608a3b5fbb2e951d26be0ef2f1113	Даёт +4 к скорости добычи за уровень во время дождя. Под водой вместо этого даёт +8 за уровень и отменяет обычный штраф к скорости подводной добычи.
mantle-book:tconstruct:encyclopedia:upgrades/harvest/tconstruct_lightspeed.json:/effects/0	sha256:b6522dc564bcba54a3be4f9d4836c2cb7fd802f8824108bdf3a426bb02455e8b	Можно применять уровни постепенно.
mantle-book:tconstruct:encyclopedia:upgrades/harvest/tconstruct_lightspeed.json:/effects/1	sha256:234c6d456fb3035981513c7d55fdde901dc66d221f95b3bb557443359d6e61da	Максимум 5 уровней.
mantle-book:tconstruct:encyclopedia:upgrades/harvest/tconstruct_lightspeed.json:/effects/2	sha256:6986ff1df5b4c2e99417171599bfc4b3a2cbf9fe1b3a22d4cb8db4e3eb1f3f17	Требуется 1 слот для улучшения на каждый уровень.
mantle-book:tconstruct:encyclopedia:upgrades/harvest/tconstruct_lightspeed.json:/text/0/text	sha256:7fbbaf66299785bb8fd9ed6e0a6f876493b9fb40bba9f074315f6bfe021382c2	Предоставляет +1 скорость добычи за уровень при уровне освещенности 5, +3 скорости добычи за уровень при уровне освещенности 10 и +9 скорости добычи за уровень при уровне освещенности 15.
mantle-book:tconstruct:encyclopedia:upgrades/melee.json:/text/0/text	sha256:72e3abe9ec6a829aa35b6e5bb290423f549e1ad7558151ca6f3a120d019263a7	Улучшения в ближнем бою наиболее эффективны для инструментов, предназначенных для рукопашного боя, будь то меч, перепрофилированный инструмент для сбора урожая или колющий лук.
mantle-book:tconstruct:encyclopedia:upgrades/melee.json:/text/1/text	sha256:5db0226746aad9f93fa4cd3fd47c8e91d7bc3f169b96ed76638f3fa451d59088	При применении к оружию дальнего боя, такому как луки или арбалеты, эти модификаторы повышают эффективность оружия только для атак ближнего боя, если не указано иное.
mantle-book:tconstruct:encyclopedia:upgrades/melee.json:/text/2/text	sha256:8ff8575af7a406de86fa08dccb87a0229effdc770e99b3891ce076bd1e3fc1d5	Многие из этих улучшений также можно применить к нагрудникам, что усилит атаку пустой рукой.
mantle-book:tconstruct:encyclopedia:upgrades/melee.json:/title	sha256:2c204fa8ae7eb80676ec621fc05fbfe9aee790a1c0f4403074f74a2b25abbe36	Улучшения для ближнего боя
mantle-book:tconstruct:encyclopedia:upgrades/melee/tconstruct_fiery.json:/effects/0	sha256:b6522dc564bcba54a3be4f9d4836c2cb7fd802f8824108bdf3a426bb02455e8b	Можно применять уровни постепенно.
mantle-book:tconstruct:encyclopedia:upgrades/melee/tconstruct_fiery.json:/effects/1	sha256:234c6d456fb3035981513c7d55fdde901dc66d221f95b3bb557443359d6e61da	Максимум 5 уровней.
mantle-book:tconstruct:encyclopedia:upgrades/melee/tconstruct_fiery.json:/effects/2	sha256:6986ff1df5b4c2e99417171599bfc4b3a2cbf9fe1b3a22d4cb8db4e3eb1f3f17	Требуется 1 слот для улучшения на каждый уровень.
mantle-book:tconstruct:encyclopedia:upgrades/melee/tconstruct_fiery.json:/text/0/text	sha256:343865c11f0a5aa3226d302600d74c8ff59fbc8db59c4c69682ef1c3178e2354	Заставляет атакованных мобов гореть в течение 5 секунд за уровень.
mantle-book:tconstruct:encyclopedia:upgrades/melee/tconstruct_freezing.json:/effects/0	sha256:a5319476fbdb64b586d46514aed7ee03babc61ceba27518cb29b165da3cb0e01	Максимум 3 уровня.
mantle-book:tconstruct:encyclopedia:upgrades/melee/tconstruct_freezing.json:/effects/1	sha256:91639222caec22041a8a2bb3a10c12779f892b58edec28de8fc304c0d6b7ca72	Плохо сочетается с «Пламенным».
mantle-book:tconstruct:encyclopedia:upgrades/melee/tconstruct_freezing.json:/effects/2	sha256:6986ff1df5b4c2e99417171599bfc4b3a2cbf9fe1b3a22d4cb8db4e3eb1f3f17	Требуется 1 слот для улучшения на каждый уровень.
mantle-book:tconstruct:encyclopedia:upgrades/melee/tconstruct_freezing.json:/text/0/text	sha256:f22d5776cd759b55ba0a2e97537ff93cc945bc61894266e2b5e33a004c2894d1	Замораживает атакованных мобов на 4 секунды (плюс 4 секунды за уровень), нанося постепенный урон и замедляя их.
mantle-book:tconstruct:encyclopedia:upgrades/melee/tconstruct_knockback.json:/effects/0	sha256:a5319476fbdb64b586d46514aed7ee03babc61ceba27518cb29b165da3cb0e01	Максимум 3 уровня.
mantle-book:tconstruct:encyclopedia:upgrades/melee/tconstruct_knockback.json:/effects/1	sha256:6986ff1df5b4c2e99417171599bfc4b3a2cbf9fe1b3a22d4cb8db4e3eb1f3f17	Требуется 1 слот для улучшения на каждый уровень.
mantle-book:tconstruct:encyclopedia:upgrades/melee/tconstruct_knockback.json:/text/0/text	sha256:4a60d879728892208ec52ccc90fc7c7894a9c21d0bc9f1ada0da59251187fd9a	Дает 1 отбрасывание за уровень, что запускает моба примерно на 2 блока. Большинство инструментов начинаются с отбрасывания 0,4.
mantle-book:tconstruct:encyclopedia:upgrades/melee/tconstruct_knockback.json:/text/1/text	sha256:71cf6c840cbeb68d6c907f240f7a3bcd837722a9e5e2a15bdd64ab87a3da9a64	Делает броски, прыжки и удары на 25% эффективнее за уровень.
mantle-book:tconstruct:encyclopedia:upgrades/melee/tconstruct_necrotic.json:/effects/0	sha256:234c6d456fb3035981513c7d55fdde901dc66d221f95b3bb557443359d6e61da	Максимум 5 уровней.
mantle-book:tconstruct:encyclopedia:upgrades/melee/tconstruct_necrotic.json:/effects/1	sha256:6986ff1df5b4c2e99417171599bfc4b3a2cbf9fe1b3a22d4cb8db4e3eb1f3f17	Требуется 1 слот для улучшения на каждый уровень.
mantle-book:tconstruct:encyclopedia:upgrades/melee/tconstruct_necrotic.json:/text/0/text	sha256:077473e4e5ffc528af87deebcefb53e7d4f7592982221deacb3ff0fa8d86bda1	Критические удары восстанавливают 5% от нанесенного урона за уровень. Инструмент теряет 1 дополнительную прочность за уровень.
mantle-book:tconstruct:encyclopedia:upgrades/melee/tconstruct_padded.json:/effects/0	sha256:a5319476fbdb64b586d46514aed7ee03babc61ceba27518cb29b165da3cb0e01	Максимум 3 уровня.
mantle-book:tconstruct:encyclopedia:upgrades/melee/tconstruct_padded.json:/effects/1	sha256:6986ff1df5b4c2e99417171599bfc4b3a2cbf9fe1b3a22d4cb8db4e3eb1f3f17	Требуется 1 слот для улучшения на каждый уровень.
mantle-book:tconstruct:encyclopedia:upgrades/melee/tconstruct_padded.json:/text/0/text	sha256:42e5f142d119a156cb9e147d6afe35a73cf3364bd1460fc51d965b53a91387b0	Уменьшает отбрасывание инструмента от всех источников на 50% за уровень.
mantle-book:tconstruct:encyclopedia:upgrades/melee/tconstruct_padded.json:/text/1/text	sha256:f850cea26f46cf6c0bf50ef9e8f589fe6f485042819beb64d8bb465dfc20b990	Делает броски, прыжки и удары вдвое менее эффективными за уровень.
mantle-book:tconstruct:encyclopedia:upgrades/melee/tconstruct_severing.json:/effects/0	sha256:a5319476fbdb64b586d46514aed7ee03babc61ceba27518cb29b165da3cb0e01	Максимум 3 уровня.
mantle-book:tconstruct:encyclopedia:upgrades/melee/tconstruct_severing.json:/effects/1	sha256:6986ff1df5b4c2e99417171599bfc4b3a2cbf9fe1b3a22d4cb8db4e3eb1f3f17	Требуется 1 слот для улучшений за уровень.
mantle-book:tconstruct:encyclopedia:upgrades/melee/tconstruct_severing.json:/text/0/text	sha256:be641d13a62507d6dbf2534c159353d7655c6ecb59e0dcfb25a5574b5e88573d	Дает 5% шанс за уровень мобу уронить голову или другие части тела. Удача добавляет дополнительный шанс 1% за каждый уровень удачи, умноженный на уровень разрыва. Против редких мобов, таких как боссы, шанс увеличивается вдвое.
mantle-book:tconstruct:encyclopedia:upgrades/melee/tconstruct_sweeping_edge.json:/effects/0	sha256:b6522dc564bcba54a3be4f9d4836c2cb7fd802f8824108bdf3a426bb02455e8b	Возможность постепенного применения уровней
mantle-book:tconstruct:encyclopedia:upgrades/melee/tconstruct_sweeping_edge.json:/effects/1	sha256:a5319476fbdb64b586d46514aed7ee03babc61ceba27518cb29b165da3cb0e01	Максимум 3 уровня.
mantle-book:tconstruct:encyclopedia:upgrades/melee/tconstruct_sweeping_edge.json:/effects/2	sha256:6986ff1df5b4c2e99417171599bfc4b3a2cbf9fe1b3a22d4cb8db4e3eb1f3f17	Требуется 1 слот для улучшений за уровень.
mantle-book:tconstruct:encyclopedia:upgrades/melee/tconstruct_sweeping_edge.json:/text/0/text	sha256:f6c305344c8b3f2c2e2994601294b78c4411fdaed0c1a9e615678456ecafb510	Увеличивает количество урона, наносимого размахом меча. Позволяет инструменту наносить 25% урона от основной атаки на уровне 1, 50% урона на уровне 2 и 75% урона на уровне 3.
mantle-book:tconstruct:encyclopedia:upgrades/ranged.json:/text/0/text	sha256:932dcd50045c09768d34aab9fee993d9a9ddce5c9edde50c8dcc40a44052deeb	Улучшения дальнего боя можно применить к длинным лукам и арбалетам, чтобы усилить лук или выпущенные стрелы.
mantle-book:tconstruct:encyclopedia:upgrades/ranged.json:/title	sha256:9b4facf336b870ae54ce7947a6ba5ccb6e1ef48c7814b202b5773c838a002dc7	Улучшения дальнего боя
mantle-book:tconstruct:encyclopedia:upgrades/ranged/tconstruct_bounce.json:/effects/0	sha256:a5319476fbdb64b586d46514aed7ee03babc61ceba27518cb29b165da3cb0e01	Максимум 3 уровня.
mantle-book:tconstruct:encyclopedia:upgrades/ranged/tconstruct_bounce.json:/effects/1	sha256:6986ff1df5b4c2e99417171599bfc4b3a2cbf9fe1b3a22d4cb8db4e3eb1f3f17	Требуется 1 слот для улучшения на каждый уровень.
mantle-book:tconstruct:encyclopedia:upgrades/ranged/tconstruct_bounce.json:/text/0/text	sha256:3033f55b76873c54542cfef6b1317b15b5c5e22fa6e0bdb34f61c128a43bf035	Заставляет стрелы подпрыгивать после удара о блок, а не останавливаться. Первый уровень допускает один отскок, каждый последующий уровень добавляет еще 2 отскока.
mantle-book:tconstruct:encyclopedia:upgrades/ranged/tconstruct_collecting.json:/effects/0	sha256:a9875ac8991d109dcb62e15a6c2edf4925537322b64dc11266513d9354274d8c	Один уровень
mantle-book:tconstruct:encyclopedia:upgrades/ranged/tconstruct_collecting.json:/effects/1	sha256:2c5a6b199713c11725e6f5ecda0f1e6006548abb77f03ac4e777bb2fb960a5b8	Требуется 1 слот для улучшений.
mantle-book:tconstruct:encyclopedia:upgrades/ranged/tconstruct_collecting.json:/text/0/text	sha256:47ad7536ef25710c4f8889f3981ac0cf17d66499699945ce2b12ee1db31923f0	Позволяет подтягивать удочкой больше объектов. Можно зацепить и подтянуть предметы, сферы опыта, стрелы и брошенные инструменты.
mantle-book:tconstruct:encyclopedia:upgrades/ranged/tconstruct_collecting.json:/text/1/text	sha256:2f3a8b07aa479a18ef3250295f157be7f8791d1258c728928a7a10762a2207dd	Успешно зацепленные объекты перемещаются прямо к игроку.
mantle-book:tconstruct:encyclopedia:upgrades/ranged/tconstruct_fiery.json:/effects/0	sha256:b6522dc564bcba54a3be4f9d4836c2cb7fd802f8824108bdf3a426bb02455e8b	Можно применять уровни постепенно.
mantle-book:tconstruct:encyclopedia:upgrades/ranged/tconstruct_fiery.json:/effects/1	sha256:234c6d456fb3035981513c7d55fdde901dc66d221f95b3bb557443359d6e61da	Максимум 5 уровней.
mantle-book:tconstruct:encyclopedia:upgrades/ranged/tconstruct_fiery.json:/effects/2	sha256:0c37668f524a8728d5b090e4384d59adb5b43d25b8737fbd881e3837a16b2995	Плохо сочетается с «Заморозкой».
mantle-book:tconstruct:encyclopedia:upgrades/ranged/tconstruct_fiery.json:/effects/3	sha256:6986ff1df5b4c2e99417171599bfc4b3a2cbf9fe1b3a22d4cb8db4e3eb1f3f17	Требуется 1 слот для улучшения на каждый уровень.
mantle-book:tconstruct:encyclopedia:upgrades/ranged/tconstruct_fiery.json:/text/0/text	sha256:877d7ece18168713ca23a5b3fd0b2419aed46e3349a85a0251c32e861769093e	Вызывает воспламенение выпущенных стрел, поджигая цели, по которым они попали, на 5 секунд за уровень.
mantle-book:tconstruct:encyclopedia:upgrades/ranged/tconstruct_fins.json:/effects/0	sha256:4790242817445a0eed06501a9777543cd0aa4b0dc0b936102d62e58503da1099	Максимум 1 уровень
mantle-book:tconstruct:encyclopedia:upgrades/ranged/tconstruct_fins.json:/effects/1	sha256:2c5a6b199713c11725e6f5ecda0f1e6006548abb77f03ac4e777bb2fb960a5b8	Требуется 1 слот для улучшений.
mantle-book:tconstruct:encyclopedia:upgrades/ranged/tconstruct_fins.json:/effects/2	sha256:ed7ca104184e0d170833c6fd628169907fa7d0f87f42eb05f82d62e3f6c0fb14	Требуется метательный лук или баллиста.
mantle-book:tconstruct:encyclopedia:upgrades/ranged/tconstruct_fins.json:/text/0/text	sha256:bb0a426be760b19726f67058bc9ca485c23c2dd25301d696f3d4c513d4a80598	Позволяет инструменту при броске или выстреле из баллисты двигаться под водой на полной скорости вместо 60% скорости.
mantle-book:tconstruct:encyclopedia:upgrades/ranged/tconstruct_fins.json:/text/1/text	sha256:577b4728942223c4099ba22e3601ed1f32d7ff3d36d1994dd86a47423431c456	При использовании на луках не влияет на выпущенные стрелы. Луки приносят пользу только в том случае, если они сами являются снарядом.
mantle-book:tconstruct:encyclopedia:upgrades/ranged/tconstruct_freezing.json:/effects/0	sha256:a5319476fbdb64b586d46514aed7ee03babc61ceba27518cb29b165da3cb0e01	Максимум 3 уровня.
mantle-book:tconstruct:encyclopedia:upgrades/ranged/tconstruct_freezing.json:/effects/1	sha256:91639222caec22041a8a2bb3a10c12779f892b58edec28de8fc304c0d6b7ca72	Плохо работает с огненным
mantle-book:tconstruct:encyclopedia:upgrades/ranged/tconstruct_freezing.json:/effects/2	sha256:6986ff1df5b4c2e99417171599bfc4b3a2cbf9fe1b3a22d4cb8db4e3eb1f3f17	Требуется 1 слот для улучшения на каждый уровень.
mantle-book:tconstruct:encyclopedia:upgrades/ranged/tconstruct_freezing.json:/text/0/text	sha256:b3b558cda8756b5c6d1f6aff118035f91b53cbaa060d08d0102b66ba28e96682	Замораживает любую сущность, поражённую стрелой, на 4 секунды (плюс 4 секунды за уровень), нанося постепенный урон и замедляя её.
mantle-book:tconstruct:encyclopedia:upgrades/ranged/tconstruct_impaling.json:/effects/0	sha256:a74a0e442385d44e9b6a90e35e33302328af7c399fda12a8595f19c68aeeacf0	Максимум 4 уровня.
mantle-book:tconstruct:encyclopedia:upgrades/ranged/tconstruct_impaling.json:/effects/1	sha256:6986ff1df5b4c2e99417171599bfc4b3a2cbf9fe1b3a22d4cb8db4e3eb1f3f17	Требуется 1 слот для улучшения на каждый уровень.
mantle-book:tconstruct:encyclopedia:upgrades/ranged/tconstruct_impaling.json:/text/0/text	sha256:b40e078562a21c15488a16f560f01ff5f7d32cc8897d328f2486e3deb34cde05	Позволяет стрелам продолжать движение после повреждения первой цели, потенциально поражая несколько целей. Может пройти через одну сущность на уровень.
mantle-book:tconstruct:encyclopedia:upgrades/ranged/tconstruct_lure.json:/effects/0	sha256:a5319476fbdb64b586d46514aed7ee03babc61ceba27518cb29b165da3cb0e01	Максимум 3 уровня.
mantle-book:tconstruct:encyclopedia:upgrades/ranged/tconstruct_lure.json:/effects/1	sha256:6986ff1df5b4c2e99417171599bfc4b3a2cbf9fe1b3a22d4cb8db4e3eb1f3f17	Требуется 1 слот для улучшения на каждый уровень.
mantle-book:tconstruct:encyclopedia:upgrades/ranged/tconstruct_lure.json:/text/0/text	sha256:7df7856cb921514ebcbf73ce61ee9d664a7dbb944be9b9b8c8b9247de55ef357	Сокращает время ловли рыбы на 5 секунд за уровень.
mantle-book:tconstruct:encyclopedia:upgrades/ranged/tconstruct_necrotic.json:/effects/0	sha256:234c6d456fb3035981513c7d55fdde901dc66d221f95b3bb557443359d6e61da	Максимум 5 уровней.
mantle-book:tconstruct:encyclopedia:upgrades/ranged/tconstruct_necrotic.json:/effects/1	sha256:6986ff1df5b4c2e99417171599bfc4b3a2cbf9fe1b3a22d4cb8db4e3eb1f3f17	Требуется 1 слот для улучшения на каждый уровень.
mantle-book:tconstruct:encyclopedia:upgrades/ranged/tconstruct_necrotic.json:/text/0/text	sha256:7e2a5eeea6af32582562618ff8ab1092acf499b68c61c450f3db7d92dec43bea	Полностью натянутые стрелы восстанавливают часть нанесённого урона: 25% на 1-м уровне, 45% на 2-м, 60% на 3-м, 70% на 4-м и 75% на 5-м. Инструмент теряет 1 дополнительную единицу прочности за уровень.
mantle-book:tconstruct:encyclopedia:upgrades/ranged/tconstruct_pierce.json:/effects/0	sha256:b6522dc564bcba54a3be4f9d4836c2cb7fd802f8824108bdf3a426bb02455e8b	Можно применять уровни постепенно.
mantle-book:tconstruct:encyclopedia:upgrades/ranged/tconstruct_pierce.json:/effects/1	sha256:a5319476fbdb64b586d46514aed7ee03babc61ceba27518cb29b165da3cb0e01	Максимум 3 уровня.
mantle-book:tconstruct:encyclopedia:upgrades/ranged/tconstruct_pierce.json:/effects/2	sha256:6986ff1df5b4c2e99417171599bfc4b3a2cbf9fe1b3a22d4cb8db4e3eb1f3f17	Требуется 1 слот для улучшения на каждый уровень.
mantle-book:tconstruct:encyclopedia:upgrades/ranged/tconstruct_pierce.json:/text/0/text	sha256:8ba396c702b33ba9bb615b4d78a1d90459bfc00fb92d53b44c3bc03979a33e2a	Стрелы снимают 2 очка брони за уровень, которые действуют в течение 5 секунд после попадания.
mantle-book:tconstruct:encyclopedia:upgrades/ranged/tconstruct_power.json:/effects/0	sha256:b6522dc564bcba54a3be4f9d4836c2cb7fd802f8824108bdf3a426bb02455e8b	Можно применять уровни постепенно.
mantle-book:tconstruct:encyclopedia:upgrades/ranged/tconstruct_power.json:/effects/1	sha256:234c6d456fb3035981513c7d55fdde901dc66d221f95b3bb557443359d6e61da	Максимум 5 уровней.
mantle-book:tconstruct:encyclopedia:upgrades/ranged/tconstruct_power.json:/effects/2	sha256:6986ff1df5b4c2e99417171599bfc4b3a2cbf9fe1b3a22d4cb8db4e3eb1f3f17	Требуется 1 слот для улучшения на каждый уровень.
mantle-book:tconstruct:encyclopedia:upgrades/ranged/tconstruct_power.json:/text/0/text	sha256:3624d2dde3310a0af625506948a85806af405ea9b03339acc9b5e7468222713b	Увеличивает силу снаряда на 0,5 за уровень плюс бонус 0,5 за первый уровень.
mantle-book:tconstruct:encyclopedia:upgrades/ranged/tconstruct_power.json:/text/1/text	sha256:125082ab5e5c055747dc6f9f936038b9f26667cb667541f0aba776df6dc2d2a1	Каждый уровень на 25% усиливает «Подбрасывание», «Пружинистость», «Удар» и «Телепортацию».
mantle-book:tconstruct:encyclopedia:upgrades/ranged/tconstruct_punch.json:/effects/0	sha256:a5319476fbdb64b586d46514aed7ee03babc61ceba27518cb29b165da3cb0e01	Максимум 3 уровня.
mantle-book:tconstruct:encyclopedia:upgrades/ranged/tconstruct_punch.json:/effects/1	sha256:6986ff1df5b4c2e99417171599bfc4b3a2cbf9fe1b3a22d4cb8db4e3eb1f3f17	Требуется 1 слот для улучшения на каждый уровень.
mantle-book:tconstruct:encyclopedia:upgrades/ranged/tconstruct_punch.json:/text/0/text	sha256:4664c207c98e87963af5e0150798e115ad178bcc41ab1a1214cbd8922ae2099d	Увеличивает отбрасывание стрел и расстояние, на которое удочки притягивают мобов на каждом уровне.
mantle-book:tconstruct:encyclopedia:upgrades/ranged/tconstruct_quick_charge.json:/effects/0	sha256:b6522dc564bcba54a3be4f9d4836c2cb7fd802f8824108bdf3a426bb02455e8b	Можно применять уровни постепенно.
mantle-book:tconstruct:encyclopedia:upgrades/ranged/tconstruct_quick_charge.json:/effects/1	sha256:a74a0e442385d44e9b6a90e35e33302328af7c399fda12a8595f19c68aeeacf0	Максимум 4 уровня.
mantle-book:tconstruct:encyclopedia:upgrades/ranged/tconstruct_quick_charge.json:/effects/2	sha256:6986ff1df5b4c2e99417171599bfc4b3a2cbf9fe1b3a22d4cb8db4e3eb1f3f17	Требуется 1 слот для улучшения на каждый уровень.
mantle-book:tconstruct:encyclopedia:upgrades/ranged/tconstruct_quick_charge.json:/text/0/text	sha256:4524fe2e4adbbbaf83dfe82cf8cf3c32286a1857db0f3ff47cd2dd1e3d719628	Увеличивает скорость натяжения инструмента на 25% за уровень.
mantle-book:tconstruct:encyclopedia:upgrades/ranged/tconstruct_sinistral.json:/effects/0	sha256:a9875ac8991d109dcb62e15a6c2edf4925537322b64dc11266513d9354274d8c	Один уровень
mantle-book:tconstruct:encyclopedia:upgrades/ranged/tconstruct_sinistral.json:/effects/1	sha256:2c5a6b199713c11725e6f5ecda0f1e6006548abb77f03ac4e777bb2fb960a5b8	Требуется 1 слот для улучшений.
mantle-book:tconstruct:encyclopedia:upgrades/ranged/tconstruct_sinistral.json:/text/0/text	sha256:b65c8b48a6c7df5088178cc52930f15a59a83f3fcfe8e98514a8b25ef82a3efb	Арбалет стреляет при атаке, а не при взаимодействии, и заряжается только вне приседа. Позволяет держать предмет во второй руке при использовании арбалета.
mantle-book:tconstruct:encyclopedia:upgrades/ranged/tconstruct_trueshot.json:/effects/0	sha256:b6522dc564bcba54a3be4f9d4836c2cb7fd802f8824108bdf3a426bb02455e8b	Можно применять уровни постепенно.
mantle-book:tconstruct:encyclopedia:upgrades/ranged/tconstruct_trueshot.json:/effects/1	sha256:a5319476fbdb64b586d46514aed7ee03babc61ceba27518cb29b165da3cb0e01	Максимум 3 уровня.
mantle-book:tconstruct:encyclopedia:upgrades/ranged/tconstruct_trueshot.json:/effects/2	sha256:6986ff1df5b4c2e99417171599bfc4b3a2cbf9fe1b3a22d4cb8db4e3eb1f3f17	Требуется 1 слот для улучшения на каждый уровень.
mantle-book:tconstruct:encyclopedia:upgrades/ranged/tconstruct_trueshot.json:/text/0/text	sha256:3d4f2442c4b1ec63580436ebc9ea99dfd11d8c27721c06a8204f49cbb7c49272	Дает +0,1 к точности за уровень.
mantle-book:tconstruct:fantastic_foundry:alloyer/alloyer.json:/text/0/text	sha256:c95423d5c487a2f39e4f7ee273127d7e15b16a7f153be3491474aee9d2f86578	Сплавы вперёд!
mantle-book:tconstruct:fantastic_foundry:alloyer/alloyer.json:/title	sha256:3708de4b5b8b58cf3cc23b922b97608b7037b80f0fe845ea1101da20a9e03d51	Смешиватель
mantle-book:tconstruct:fantastic_foundry:alloyer/casting.json:/text/0/text	sha256:e09b548540f3280bd5a2d3f0a366c54660619f1b79c53ceee64a6253ff6b49d7	Настоящие литейщики всегда используют литейную форму, чтобы случайно не отлить что-нибудь не то, поэтому для выжженного стола форма обязательна. Золотые платформы и прутья могут заменить пустой литейный блок.
mantle-book:tconstruct:fantastic_foundry:alloyer/casting.json:/title	sha256:0c9e7b062660e3dcb0ea2efe55f231095d585cd1b81a59fd67fee04832471202	Литьё
mantle-book:tconstruct:fantastic_foundry:alloyer/features.json:/text/0/text	sha256:6d7b555ae9b09b686853bdf5ea6e562ae3713e621cdf41f2f77ae4c49eac569e	Поскольку моя литейная печь не может создавать сплавы, я создал для вас простое в использовании решение.
mantle-book:tconstruct:fantastic_foundry:alloyer/features.json:/text/1/text	sha256:ef5a8756552f9129bd2f6ceb0f3a9c706bb92710ccde4bd17f29cf688233104c	"
• Требуется топливный резервуар или нагреватель; чем горячее топливо, тем более совершенные сплавы можно создавать"
mantle-book:tconstruct:fantastic_foundry:alloyer/features.json:/text/2/text	sha256:e63b37b521a76c6987eb02cb1edd7b06a7485deb9228fd2a961bdfb5fe5b74f1	"
• Забирает жидкости из резервуаров вокруг смешивателя; дополнительные резервуары позволяют одновременно использовать больше металлов для сплава"
mantle-book:tconstruct:fantastic_foundry:alloyer/features.json:/title	sha256:5697d03daef4de9cf8db7cb11755f71358a32b4acca94909a9d449f71040d2dd	Характеристики
mantle-book:tconstruct:fantastic_foundry:alloyer/fluid_cannon.json:/text/0/text	sha256:634a1fac5c52d3bce59780f716bbfb3b3f31347815a0f7b8d0d7dd1c395e8605	Труул думает, что он очень умно использует свою жидкостную пушку, чтобы стрелять жидкостью во врагов. Моя жидкостная пушка использует силу кобальта, чтобы стрелять более крупными снарядами и достигать более сильных эффектов. Единственный недостаток в том, что жидкость уходит гораздо быстрее.
mantle-book:tconstruct:fantastic_foundry:alloyer/fluid_cannon.json:/text/1/text	sha256:0cc6c435e735a142a39e63ecca4e7a1754ff75ebf0be5b3fadc00932f6ab5ce3	Идея размещать предметы перед соплом для жидкости по-прежнему хороша, но я мало что могу сделать, чтобы улучшить эту конструкцию.
mantle-book:tconstruct:fantastic_foundry:alloyer/fluid_cannon.json:/title	sha256:e386d0e4ed537045b5aac8a821c1b7a1a2152c04585881ce8f96ca21f9221430	Жидкостная пушка
mantle-book:tconstruct:fantastic_foundry:alloyer/gui1.json:/text/0/text	sha256:1398d250fcf1af7ee72fd556f1ed512f7b90c2fe9c6fd28830bdc61d3e70bc5d	Обычный интерфейс смешивателя, только компонентов в нём может быть больше или меньше
mantle-book:tconstruct:fantastic_foundry:alloyer/gui1.json:/title	sha256:ccb5e85e2082cbb1e38c3169a406934d1009487b37b8f13951d1cd260278ec26	Графический интерфейс Смешивателя
mantle-book:tconstruct:fantastic_foundry:alloyer/gui2.json:/text/0/text	sha256:7c897dba6bf138fb793a0b756723449f729e93decd15df77a753ea72baa097eb	1: В этой области вы видите материалы в боковых резервуарах. Чем больше резервуаров, тем больше мест для материалов.
mantle-book:tconstruct:fantastic_foundry:alloyer/gui2.json:/text/1/text	sha256:7fbd4c9f1b17a55984f24cdffc88ea88bb38633580595ee9aed91411272c1728	2: Здесь появятся готовые сплавы.
mantle-book:tconstruct:fantastic_foundry:alloyer/gui2.json:/text/2/text	sha256:458209c7eb2d1116e5bf1285eda5af9c6ff985ef5f0339c62b245e0c7f0f59b4	3: Здесь отображается уровень вашего топлива. Более горячее топливо означает, что вы можете расплавить больше вещей.
mantle-book:tconstruct:fantastic_foundry:alloyer/gui2.json:/text/3/text	sha256:d0a45c13715874d0e72b268aec31449ac2d11fee37ff624d7481020cd5c7b042	В областях 1 и 3 щелчок предметом-контейнером с жидкостью левой кнопкой мыши попытается наполнить его из резервуара, а правой — вылить его содержимое в резервуар.
mantle-book:tconstruct:fantastic_foundry:alloyer/gui2.json:/title	sha256:ccb5e85e2082cbb1e38c3169a406934d1009487b37b8f13951d1cd260278ec26	Интерфейс смешивателя
mantle-book:tconstruct:fantastic_foundry:alloyer/proxy_tank.json:/text/0/text	sha256:a551d6fcd0791f49aea1864ca255bdbce32a188ee6754ca25b3bec2c84ae0676	Литейный резервуар отлично подходит для наполнения и опорожнения контейнеров переменного объёма, например инструментов с резервуарами. Просто поместите инструмент в резервуар, а затем наполняйте его предметами-контейнерами, кранами или каналами.
mantle-book:tconstruct:fantastic_foundry:alloyer/proxy_tank.json:/text/1/text	sha256:bbfff389d01445b3d37f60c110f86095da5e7dff4bc355bcb333aaf720630a68	К сожалению, эта конструкция не очень хорошо работает с такими контейнерами, как ведра или медные банки, поскольку их жесткий размер не позволяет кранам медленно наполнять их. Для них лучше использовать литейный резервуар.
mantle-book:tconstruct:fantastic_foundry:alloyer/proxy_tank.json:/title	sha256:edeb7e8dd72e0477be1eb15ec4dd994918e4df36c69eb55cb243d877d21fc92b	Литейный резервуар
mantle-book:tconstruct:fantastic_foundry:blazing_blood/carry.json:/text/0/text	sha256:3f68bcb439fe2f40e83d80c7483cbcea1457ca08b48cc594ea2b98174a64d014	«Но, Немея, как мне поместить ифрита в плавильню?» Будь ты тем занудой Мелвином, ты бы предложил выпить зелье огнестойкости, а затем воспользоваться свино-рюкзаком или отбрасыванием. Идеальный способ сгореть дотла.
mantle-book:tconstruct:fantastic_foundry:blazing_blood/carry.json:/title	sha256:4102dc6d4471981b172a9867feec6f43c09492f915a143918ffb98c77b193bdd	Перемещение существ
mantle-book:tconstruct:fantastic_foundry:blazing_blood/foundry.json:/text/0/text	sha256:e9a53bb3f56014bf6d4d2b313b17e672d4e58475138ced6af91df72be8f9980f	Настоящий мастер-литейщик просто принёс бы литейную печь к ифритам. Добавь топлива, и она поглотит этих глупцов прежде, чем они поймут, что происходит. Если очень надо, полагаю, сойдёт и эта примитивная плавильня.
mantle-book:tconstruct:fantastic_foundry:blazing_blood/foundry.json:/title	sha256:88bc6ea46083b1ed223f6a2c0bf3b2990614e4a256a7d3f7ac03bdd0a487782f	Литейная печь
mantle-book:tconstruct:fantastic_foundry:blazing_blood/head.json:/text/0/text	sha256:96146b9487deb23e0016755a4a495a194baf9009ce79d506cf586366bbefda35	Впрочем, возможно, не обязательно расплавлять ифрита целиком. Если найти способ отрубить ему голову, её наверняка хватит, чтобы выплавить топливо.
mantle-book:tconstruct:fantastic_foundry:blazing_blood/head.json:/title	sha256:1c40842d34d753b1f1d24d67615111cce6033be0411082604c43d26250e2c76a	Переплавка голов
mantle-book:tconstruct:fantastic_foundry:blazing_blood/ichor.json:/text/0/text	sha256:969abe66e5ccfe9c2ee4950239a07cdbb80e136931bba654fd3ff4e1c9d9d28b	Вы можете получить пылающую кровь, расплавив ихор, хотя это менее идеальный вариант, поскольку вам нужно более горячее топливо, чтобы расплавить его. В конечном итоге это чистая выгода, поэтому было бы полезно увеличить запас после того, как вы получите пылающую кровь из другого источника.
mantle-book:tconstruct:fantastic_foundry:blazing_blood/ichor.json:/title	sha256:09f8720da7e112a59a145aaf42aebde27ad49dfd64a6557175a2999e0fa3b60d	Ихор
mantle-book:tconstruct:fantastic_foundry:blazing_blood/index.json:/subText	sha256:b2621769bff867eba25ac6d12f64fa502f2ac524aa56d800161a380d7a58dc59	Нет ничего лучше пылающего ифрита.
mantle-book:tconstruct:fantastic_foundry:blazing_blood/index.json:/title	sha256:109bd9bf373faa8ead17ab55c8a08a4b4f12b2bb1e937e28608594353d6e7357	Огненная кровь
mantle-book:tconstruct:fantastic_foundry:blazing_blood/intro.json:/text/0/text	sha256:3ce8970921c0806b4d4d88697a5fd86f073c260c12f525272969644a5b4023d5	Итак, литейщик, ты пытаешься создавать лучшие сплавы, но обнаружил, что лава слишком холодна? Почему бы не превратить сущность живых ифритов в жидкое топливо для своих замыслов?
mantle-book:tconstruct:fantastic_foundry:blazing_blood/intro.json:/title	sha256:109bd9bf373faa8ead17ab55c8a08a4b4f12b2bb1e937e28608594353d6e7357	Огненная кровь
mantle-book:tconstruct:fantastic_foundry:blazing_blood/melting.json:/effects/0	sha256:593500af81bd0623e5ecae58220d30f6058a36faff7f72285f5b04d3e3f77961	Переплавляет атакованных мобов в резервуар инструмента.
mantle-book:tconstruct:fantastic_foundry:blazing_blood/melting.json:/effects/1	sha256:ccda719cad62601f057f4d8f9586551dd44cc5a6e8e86a4ccd363c7f9522846a	Выброшенные предметы также расплавляются, если это возможно
mantle-book:tconstruct:fantastic_foundry:blazing_blood/melting.json:/effects/2	sha256:1b8c19d050579381c06ff202a58cb80d2852f1b095ce2f7ce2d453a06ddeb576	Инструмент можно опустошить в резервуар или плавильню
mantle-book:tconstruct:fantastic_foundry:blazing_blood/melting.json:/effects/3	sha256:debf420f35751c11b781ddd2a66bd9f408faaab1880e9fae1d2ad22734b6b11d	Требует 1 слот умений; один уровень
mantle-book:tconstruct:fantastic_foundry:blazing_blood/melting.json:/text/0/text	sha256:f4d9e72db367e76b77727b3a5862dc5495f8b79dc8398c3f8966c18bc2b1d755	Литейная печь недостаточно портативна? Превратите свой инструмент в ручную литейную печь! Пожалуй, Труул всё-таки достаточно умён, чтобы создать нечто стоящее.
mantle-book:tconstruct:fantastic_foundry:blazing_blood/piglin_bartering.json:/text/0/text	sha256:96bbe047daa52db81def99b6ec520ef80cae2d6adfc35cdb7ee7636dac0d43c3	А Вы не склонны к насилию?  Ну, я видел, как некоторые из этих пиглинов несли фонари, наполненные какой-то огненной жидкостью, думаю, они используют её для освещения. Они могут расстаться с ними за определённую плату.
mantle-book:tconstruct:fantastic_foundry:blazing_blood/piglin_bartering.json:/title	sha256:edaf15d5f636cf183c6d9f35953e3dfd1dff87a188d2788d2c86d42f271c7360	Обмен
mantle-book:tconstruct:fantastic_foundry:foundry/byproducts.json:/text/0/text	sha256:128b89996ca1c0746a7ec4242d3a5a75cd74a22caf7625a2098feabd27262a05	Моя фантастическая литейная печь даст вам побочные продукты из ваших руд. Вы, наверно, спросите: 'Но Немея, что это за побочные продукты?' Что ж, прочтите немного дальше и узнаете.
mantle-book:tconstruct:fantastic_foundry:foundry/byproducts.json:/text/1/text	sha256:2223f7669ca182c9b94c8bb28b31a5c36c33b0d7e74a2d2d0440460a9ba05501	Побочные продукты - это скрытые в руде дополнительные материалы, которые обычно не удается получить с помощью обычной печи. Немного дополнительного материала какого-то другого вида, который спрятан в породе.
mantle-book:tconstruct:fantastic_foundry:foundry/byproducts.json:/text/2/text	sha256:d72d4c088772b37bd59796031552d4d4290db8a1178aab048a0a4d8df43d8341	Несколько примеров: медная руда даёт золото в качестве побочного продукта, а кобальтовая руда даёт железо в качестве побочного продукта.
mantle-book:tconstruct:fantastic_foundry:foundry/byproducts.json:/title	sha256:66f0c8ed09d48c6d8790068f186937825dcf3f63493edff413219408a8890416	Побочная продукция
mantle-book:tconstruct:fantastic_foundry:foundry/controller.json:/text/0/text	sha256:cc4ef551ed7c9936087ab763f9a34b0d78ac93b464dcb9e819b47f8ddcbcb8c0	Вылив один блок обсидиана из смешивателя на выжженные кирпичи, вы получите этот мистический контроллер Литейной Печи.
mantle-book:tconstruct:fantastic_foundry:foundry/controller.json:/title	sha256:d8083f3260cbee149b2499d79faf43de9bee6cbb41b1588d2ba6ffd912a6e497	Контроллер литейной печи
mantle-book:tconstruct:fantastic_foundry:foundry/features.json:/text/0/text	sha256:d306c951297f341c5dbdac9de5061e3edbcc2d0064c1dc1944fde495d8d9dbf5	• Дает побочные продукты из руд.
mantle-book:tconstruct:fantastic_foundry:foundry/features.json:/text/1/text	sha256:6f129c562d2b384b9128e4ab45b12314dd06ef059a10c8ca2db039516222cb6d	"
• Литейная печь не создаёт сплавы — превосходный прорыв, благодаря которому можно не опасаться случайного смешивания материалов"
mantle-book:tconstruct:fantastic_foundry:foundry/features.json:/text/2/text	sha256:c9bf335bca6a1b351f546798e9cc99bc4aca84a7c9d1123c0363ad3c63c8bed3	• Может удерживать несколько металлов
mantle-book:tconstruct:fantastic_foundry:foundry/features.json:/text/3/text	sha256:b6107406f972c62f202bebae69da1c42dfa6b5ab32ed7d009209092ca4c12eb2	• Расширяемая емкость
mantle-book:tconstruct:fantastic_foundry:foundry/features.json:/text/4/text	sha256:59929684b95e1def7f53bd774fbdf3682b6f7d9788ca3f3d14b5d8a69681974f	"
• Вместимость гораздо больше, чем у примитивной плавильни"
mantle-book:tconstruct:fantastic_foundry:foundry/features.json:/text/5/text	sha256:cc225e93559042e7496a67562a2348a58887664dd08c5235ad92dc2a1c4a5b51	• Может плавить блоки, дающие несколько результатов.
mantle-book:tconstruct:fantastic_foundry:foundry/features.json:/text/6/text	sha256:e366f437885dcaaaf0d2b1bc88e0cfa02d9e3c397ba129fa5a74a041166d4e57	• Эффективность использования топлива зависит от размера
mantle-book:tconstruct:fantastic_foundry:foundry/features.json:/text/7/text	sha256:c2c67f97b0245ba093a13b276ddb7d54f1e6ce4f55e8328351523a1075e1cd49	• Полезно для работы только в Незере и массового хранения жидкостей.
mantle-book:tconstruct:fantastic_foundry:foundry/features.json:/title	sha256:5697d03daef4de9cf8db7cb11755f71358a32b4acca94909a9d449f71040d2dd	Особенности
mantle-book:tconstruct:fantastic_foundry:foundry/gui1.json:/text/0/text	sha256:c51b77d549e8ce59b84d4fb5da52adb2752e375505d471c5ebde21d9bfe4ef26	1: Поместите предметы для переплавки в эти слоты. Количество слотов зависит от размера литейной печи.
mantle-book:tconstruct:fantastic_foundry:foundry/gui1.json:/text/1/text	sha256:b7c135259fb6a607186f47b9fb54ad354cdc7202c8065c8fe1a89a328bac5494	2: Здесь показаны расплавленные металлы. Щёлкните по жидкости, чтобы выбрать её для разливки. Наведите указатель на пустую область, чтобы увидеть вместимость литейной печи.
mantle-book:tconstruct:fantastic_foundry:foundry/gui1.json:/title	sha256:57004427c84d030c54944428dee274caf6bce0528a5fefb2d0d8e577fff4eb51	Интерфейс литейной печи
mantle-book:tconstruct:fantastic_foundry:foundry/gui2.json:/text/0/text	sha256:e87f766672f0d91bb6f89acd7bb4191480d9af76159611a30bd8b0dc05c31193	3: Здесь вы можете увидеть свое топливо. Наведя на него курсор, вы увидите точное количество и тип.
mantle-book:tconstruct:fantastic_foundry:foundry/gui2.json:/text/1/text	sha256:542eba2e99a18e0244cb6ebbfa173c0dfe1316bf5c37204f71c28e48ee2ece2d	И в 2, и в 3 щелчок левой кнопкой мыши по жидкому предмету попытается наполнить предмет из резервуара, а щелчок правой кнопкой мыши попытается сбросить предмет в резервуар.
mantle-book:tconstruct:fantastic_foundry:foundry/gui2.json:/text/2/text	sha256:b6b3723a8602cc49569d2f64a04422b582bc958eae62c36e5a175ff3aeee2cc1	4: Этот слот позволяет быстро наполнить предмет из основного резервуара или вылить его содержимое туда, как при использовании предмета на сливе. Элемент 5 ограничивает действие только наполнением или только опорожнением. После взаимодействия результат перемещается в слот 6.
mantle-book:tconstruct:fantastic_foundry:foundry/gui2.json:/title	sha256:57004427c84d030c54944428dee274caf6bce0528a5fefb2d0d8e577fff4eb51	Графический интерфейс Литейной Печи
mantle-book:tconstruct:fantastic_foundry:foundry/index.json:/operations/0/data	sha256:45989de49fb7f66dfe17a8fc26f3a02c7abcd74f7e8e6cf9f39fa0e3775780df	Подробности
mantle-book:tconstruct:fantastic_foundry:foundry/index.json:/operations/2/data	sha256:1cd5a6687bb76e3926f8c89a9fb290cd17d893ca944899952322d3fb5c9896d3	Блоки
mantle-book:tconstruct:fantastic_foundry:foundry/index.json:/subText	sha256:3984f5ff5bd4ab989bb7d3e45b529a02c96a434c0ae9afe0aaf7956a65a14a38	Нет ничего более фантастического, чем Литейная.
mantle-book:tconstruct:fantastic_foundry:foundry/index.json:/title	sha256:88bc6ea46083b1ed223f6a2c0bf3b2990614e4a256a7d3f7ac03bdd0a487782f	Литейная печь
mantle-book:tconstruct:fantastic_foundry:foundry/multiblock.json:/title	sha256:7203c2b3dad364dcf45ab87a8cf80f10619575cf04cb05881120058f4933dd1f	Структура
mantle-book:tconstruct:fantastic_foundry:foundry/scorched_chute.json:/text/0/text	sha256:5052312f313f762acd589bedefc6fb1d7d63084b515a88e9cc46b528f73d41e1	Жёлоб — это способ ввода/вывода предметов в литейную печь и из неё. Лучше всего поставить его где-нибудь в легкодоступном для воронки месте.
mantle-book:tconstruct:fantastic_foundry:foundry/scorched_chute.json:/title	sha256:aac56226964d7c64463688904a863989eda4b0e8a05a52827d70559ee2e7fbdb	Выжженный жёлоб
mantle-book:tconstruct:fantastic_foundry:foundry/scorched_drain.json:/text/0/text	sha256:32f9eb4ac26b9e9a473bacbe7f2459e9566436bf8d08b7a537e6fee8172f0102	Слив — это вход/выход из литейной печи, когда речь идёт о жидкостях. Вы можете подключить к сливу краны или трубы из вашего любимого мода, чтобы сливать жидкости. С помощью вёдер, медных сосудов и каналов можно помещать и извлекать жидкости через слив.
mantle-book:tconstruct:fantastic_foundry:foundry/scorched_drain.json:/text/1/text	sha256:f7da56f6ad6e5d8d09acffa5b4ebfa0d69badd3362cdfce4cbb84ad26d8d9bc2	Жидкость, оказавшаяся в центре слива, будет следующей, которая выльется.
mantle-book:tconstruct:fantastic_foundry:foundry/scorched_drain.json:/title	sha256:170fd80b05f167f3dd0e6c87f90a6cbc5d6b17dcf94f0f2488d13ed2621b84c8	Выжженный слив
mantle-book:tconstruct:fantastic_foundry:foundry/scorched_duct.json:/text/0/text	sha256:a02a3d9eb0f7ea7f5e685202ae8f26db63d9a8cdf22782737a9e232431d32db8	Выжженный туннель — это способ извлечь определённую жидкость из литейной печи. Жидкость выбирается путём помещения медного сосуда или ведра, наполненного жидкостью, в слот фильтра туннеля.
mantle-book:tconstruct:fantastic_foundry:foundry/scorched_duct.json:/text/1/text	sha256:034c37ec230f43d75e711924774d538d51eeef6f6d9013fc5c342cc45ee7521b	Жидкость, которую вы выбрали для фильтрации, будет отображаться в центре туннеля.
mantle-book:tconstruct:fantastic_foundry:foundry/scorched_duct.json:/title	sha256:9774ab0cf0c2eeff128b84795629d67c7111d75bdbf4d00550d318127f2e11ab	Выжженный туннель
mantle-book:tconstruct:fantastic_foundry:foundry/scorchedblocks.json:/text/0/text	sha256:a560f866ff8bef1a9163102a783ec6a4f4b2a21159bc57ae2f54093a13befd86	Эти блоки можно использовать для любой части литейной печи, как для пола, так и для стен. Они также полезны для украшения вашей базы.
mantle-book:tconstruct:fantastic_foundry:foundry/scorchedblocks.json:/title	sha256:0c47dbfb5534ade861ab32dbe06446a12408d9fc212580c3a62dcf6336e7d5bc	Выжженные блоки
mantle-book:tconstruct:fantastic_foundry:foundry/scorchedglass.json:/text/0/text	sha256:4abb30db8590ca1f9b81f7725aa30f13143b8dc6e9aa2ecf4e325356ee0d6565	Через это стекло можно смотреть на ваши фантастические расплавленные материалы, не замедляя работу литейной печи. Обратите внимание, что в отличие от резервуаров, в нём нельзя хранить жидкость.
mantle-book:tconstruct:fantastic_foundry:foundry/scorchedglass.json:/text/1/text	sha256:0d5d215948cdb0e523704c3918b1f596a154ba6b2d037693ba6037017029d63b	Стекло нельзя использовать для пола литейной печи.
mantle-book:tconstruct:fantastic_foundry:foundry/scorchedglass.json:/title	sha256:59bccd07d50852d152474573cc5adb2871eff1033617ce5f9e517926efa25111	Выжженное стекло
mantle-book:tconstruct:fantastic_foundry:foundry/scorchedladder.json:/text/0/text	sha256:800be745185962e74f49967abbfc05108f1f122b9e3e5473460dd35a054f8fee	Выжженная лестница может быть использована для лёгкого подъёма или спуска с вашей литейной печи, что полезно, если вы планируете построить её ещё выше!
mantle-book:tconstruct:fantastic_foundry:foundry/scorchedladder.json:/title	sha256:3124464e7f597e7d98b37e67dbbcae123472c344bd267a199a155388dd88eb8a	Выжженная лестница
mantle-book:tconstruct:fantastic_foundry:foundry/soul_glass.json:/text/0/text	sha256:1846f8060b373e9ed4284f0546e7f3332117bf0d88e37bc137aa6d707fd6f0c7	Хотите не только смотреть на расплавленные металлы, но и прикоснуться к ним или поплавать в них? Стекло душ создаёт преграду, сквозь которую вы можете пройти, а жидкости — нет.
mantle-book:tconstruct:fantastic_foundry:foundry/soul_glass.json:/text/1/text	sha256:0d5d215948cdb0e523704c3918b1f596a154ba6b2d037693ba6037017029d63b	Стекло нельзя использовать для пола литейной печи.
mantle-book:tconstruct:fantastic_foundry:foundry/soul_glass.json:/title	sha256:6caaf985a04bdd404a20848679a9ab6061d3b286a53d2399396ab421bd4b1a5d	Выжженное стекло душ
mantle-book:tconstruct:fantastic_foundry:foundry/structurerequirements.json:/text/0/text	sha256:67e6efc7f6228693e43220ec25c3eefa0a8bb00b7348d08cbdf2fcd70bacb772	У вашей литейной печи есть определённые требования, больше - не всегда лучше.
mantle-book:tconstruct:fantastic_foundry:foundry/structurerequirements.json:/text/1/text	sha256:0ec576f2a2c93b612f9264a17ae676cc7f595e69c95094d9c96f36bc5d548e78	Пол литейной печи должен состоять из допустимых блоков, за исключением стекла. Допустимые блоки будут показаны на следующих страницах! Ваша литейная печь должна быть прямоугольной, она не может быть Г-образной, круглой или додекаэдрической формы.
mantle-book:tconstruct:fantastic_foundry:foundry/structurerequirements.json:/text/2/text	sha256:132f88b706f0dfdac1b8d879c48646593226bfe70e7fd412605c779b54c87989	Максимальный внешний размер вашей литейной печи — 16x16x65; внутренний — 14x14x64.
mantle-book:tconstruct:fantastic_foundry:foundry/structurerequirements.json:/text/3/text	sha256:1dda67039c5b2e2e9962d3f4e764478582a005493202aa998dd1336d712fbba2	Для правильного функционирования литейная печь должна иметь углы и края.
mantle-book:tconstruct:fantastic_foundry:foundry/structurerequirements.json:/title	sha256:5e1b8e990b86bd40161ecd8e563a252ac457f3c718770de8f96afefd78b8ab28	Требования к структуре
mantle-book:tconstruct:fantastic_foundry:foundry/tanks.json:/text/0/text	sha256:8c66079a088c752a5952822623b647fc3b2df896fc9e1342846613d97188d360	Резервуары подходят для хранения расплавленных жидкостей и топлива. Чтобы плавить металлы в литейной печи, понадобится хотя бы один! Резервуары нельзя использовать в полу литейной печи.
mantle-book:tconstruct:fantastic_foundry:foundry/tanks.json:/text/1/text	sha256:21722da002923a43e837d5216e77107eb7bc413cf8e5a626a4f849a8913c570d	Резервуары можно наполнять из вёдер и бутылочек с зельями, а также через краны. В них можно отливать предметы без литейной печи. Поршни разбивают резервуары, а раздатчики могут их устанавливать.
mantle-book:tconstruct:fantastic_foundry:foundry/tanks.json:/title	sha256:d4789020dd3ac36b82657701522648bd119a07500e87f88672b47cb9125df9d5	Выжженные резервуары
mantle-book:tconstruct:fantastic_foundry:foundry/tinted_glass.json:/text/0/text	sha256:c8dd8e0b9af2eac43a692c0512fd963623914380747836b763180a8d75bf6d6b	Хотите сохранить темноту в литейной печи, чтобы появлялось больше ифритов? Сделайте окно из выжженного тонированного стекла: оно совершенно прозрачное, но не пропускает свет.
mantle-book:tconstruct:fantastic_foundry:foundry/tinted_glass.json:/text/1/text	sha256:0d5d215948cdb0e523704c3918b1f596a154ba6b2d037693ba6037017029d63b	Стекло нельзя использовать для пола литейной печи.
mantle-book:tconstruct:fantastic_foundry:foundry/tinted_glass.json:/title	sha256:aa6b7b0b461c3404827afaeca6c99fbf3613aa80fe969e45bdb64186de7535b3	Тонированное выжженное стекло
mantle-book:tconstruct:fantastic_foundry:intro/intro.json:/text/0/text	sha256:f28768f71bfefa36b4db2f2c306b983b437936454bce6c11ea2e24df3e3689b2	Здравствуй, литейщик. Меня зовут Немея, и я рада приветствовать тебя в удивительном мире «Фантастической литейной печи».
mantle-book:tconstruct:fantastic_foundry:intro/intro.json:/text/1/text	sha256:235445909e484b8711490e373e4bbfd55167b0faf004ce16777442745df73f4a	Используя мистичность Незера, я создал несколько выдающихся устройств.
mantle-book:tconstruct:fantastic_foundry:intro/intro.json:/title	sha256:c893b2f92a7f773274e87e72353727f7292edf42a4ab965f466b55010b4ae2dd	Фантастическая литейная печь
mantle-book:tconstruct:materials_and_you:furtherreading/fantastic_foundry_craft.json:/description/0/text	sha256:355770f0085767f224dacd97fc0ebafaea41ec9cbfe0442f25dd46baceda25d1	Самые горячие новинки в обработке расплавленных металлов. Забудьте о плавильне и сразу стройте литейную печь! Подробнее — в книге §o«Фантастическая металлургия»§r за авторством Nemea.
mantle-book:tconstruct:materials_and_you:furtherreading/fantastic_foundry_craft.json:/title	sha256:c2b2e9a46da0357c21d543b4c0e713b0f72b56a0359eaf8cf0e083ffdaaa5ba9	«Фантастическая металлургия», автор — Nemea
mantle-book:tconstruct:materials_and_you:furtherreading/furtherreading.json:/text/0/text	sha256:04ae54f843eabb55ac556575ca8cddfe4c732d1554a657f90e3ea67135d75674	Теперь, когда вы понимаете основы работы, потратьте некоторое время, чтобы использовать полученные знания и создать несколько основных инструментов. Как только вы освоитесь с основами, вы сможете читать книги моих коллег, посвященные более сложным темам.
mantle-book:tconstruct:materials_and_you:furtherreading/furtherreading.json:/text/1/text	sha256:3faa0e1ba147d71f4226c35b58a926b4c42af8def0835f4347af0223bf8420e1	Совет по хранению книг: поскольку у большинства из нас всего две руки, поставьте рядом с рабочим местом кафедру и держите книги на ней.
mantle-book:tconstruct:materials_and_you:furtherreading/furtherreading.json:/title	sha256:bd2e42f237b39fc195116b8e1606b7af14daf25b36e918b2341817bf4ddf2fd2	Дальнейшее чтение
mantle-book:tconstruct:materials_and_you:furtherreading/gadget_craft.json:/description/0/text	sha256:b811e8e802838defb56b63f7e6ee56ba597a329c7d9292df27b0a8b545fd97fa	Я сделал из слизи, пороха и самых странных материалов всё, что только можно вообразить. Даже слизневую броню! Скоро в книге §o«Литейные §oгаджеты»§r за авторством Melvin.
mantle-book:tconstruct:materials_and_you:furtherreading/gadget_craft.json:/title	sha256:e951149626a480475a34f9a1a09845b956e928ed74161940b2e582f1e4945120	«Литейные гаджеты», автор — Melvin
mantle-book:tconstruct:materials_and_you:furtherreading/puny_craft.json:/description/0/text	sha256:b35c79d9d00bf7c117a7fe6c205a4565f161e07a5dd78cc7bfcf130ff03d2785	ТАК, ЛИТЕЙЩИКИ, СЛУШАЙТЕ СЮДА. Я — единственный и неповторимый §lTHRUUL M'GON§r, а мои новые книги §o«Лёгкая металлургия»§r и §o«Тяжёлая металлургия»§r научат вас работать с материалами получше, плавить металлы, создавать сплавы И МНОГОМУ ДРУГОМУ.
mantle-book:tconstruct:materials_and_you:furtherreading/puny_craft.json:/title	sha256:80611b139b046e157938b92066b717507d113f3dee72228f7ddd80b43764212d	«Лёгкая металлургия», автор — Thruul
mantle-book:tconstruct:materials_and_you:intro/partbuilder.json:/text/0/text	sha256:ea34684ef8545e63682c1e17b2dbfc15252ebf96c67ca015d0adaf8b457d139d	Чтобы изготовить деталь, возьмите пустой шаблон, положите его в слот для шаблона и выберите нужную деталь инструмента. Затем добавьте мягкий материал, которому можно придать форму руками, и заберите готовую деталь. Здесь также можно изменить форму ранее созданной мягкой детали.
mantle-book:tconstruct:materials_and_you:intro/partbuilder.json:/title	sha256:26fe0e643cd20294009fff026c8d94804356d3920010cfa6a9b9d301929596c4	Формирователь частей
mantle-book:tconstruct:materials_and_you:intro/partbuilder_craft.json:/description/0/text	sha256:5f7c432b9af1bfadd996894fe47fb14426a7c1cefbcf106f73f81e85a67615ab	Создав несколько шаблонов, создайте конструктор деталей, чтобы приступить к изготовлению инструментов.
mantle-book:tconstruct:materials_and_you:intro/partbuilder_craft.json:/title	sha256:a4220656d3116de2d8bb4c669674b4f988787d7aebdcb09fcd1eb565b35d5d30	Создание конструктора деталей
mantle-book:tconstruct:materials_and_you:intro/partchest_craft.json:/description/0/text	sha256:b5504b26c8ac1d8c607f2a21d08b2bb96ef634b43044ccdd7998b628acacda69	Никогда не знаешь, когда снова понадобится неиспользованная деталь инструмента.
mantle-book:tconstruct:materials_and_you:intro/partchest_craft.json:/title	sha256:d27e52e3b2a40e4151629a9a5ebc382c3cc10c18980939558315fc62f5439aaf	Создание ящика для деталей
mantle-book:tconstruct:materials_and_you:intro/pattern_craft.json:/description/0/text	sha256:e681aeb3c7990d9dda935399e887ee5054bfbe40b75aca70159276c11d64ef1e	При создании инструментов вам понадобится множество шаблонов, как для создания деталей инструментов, так и рабочих столов.
mantle-book:tconstruct:materials_and_you:intro/pattern_craft.json:/title	sha256:ad99f9f34df83b020bf8fc0deedcf38cef0fb15feffcf3eeacdcdbb6833e2a1b	Создание шаблонов
mantle-book:tconstruct:materials_and_you:intro/selena.json:/text/0/text	sha256:4a98578596a6368f0a622039619a13acd956f41c163dd89d848384b6f7c540e6	Я, Селена Аркадия Эодхан, библиотекарь гильдии мастеров слизней и руководитель специального военного подразделения слизней, желаю всем вам отличных навыков в учебе и больших успехов в этой области.
mantle-book:tconstruct:materials_and_you:intro/selena.json:/title	sha256:d004ff97c787528a34ef11d4bb2f8a17514d93ad9d2a5a8be390747214990eda	Селена
mantle-book:tconstruct:materials_and_you:intro/storage.json:/text/0/text	sha256:a1dc9831a3d3e8d9bb4afb3159849289e1d9e363e4bb69425a5e04b4829636b6	Итак, вы хотите хранить лишние детали в специальном ящике? Нет? Что ж, возможность у вас всё равно есть.
mantle-book:tconstruct:materials_and_you:intro/storage.json:/text/1/text	sha256:26563f8e0274aedfe344bcdd4a71c38b3925f19b0cc384adc1078259aa951b4a	Ящики для частей позволяют хранить множество дополнительных частей, которые у Вас могут быть. В каждом слоте можно хранить не более 8 частей. Если Вам нужно больше, значит, Вы что-то делаете неправильно или у Вас очень запутанные рецепты.
mantle-book:tconstruct:materials_and_you:intro/storage.json:/text/2/text	sha256:ca7affba7c808f3af2160af8ae9a03a17c5074f03021f5b6e5e6d1edd64aba9e	О, этот сундук слишком тесен? Попробуйте сундук литейщика! В нём можно хранить любые предметы в 64 слотах, хоть и каждый слот вмещает всего 16 предметов.
mantle-book:tconstruct:materials_and_you:intro/storage.json:/title	sha256:240b033c221bf212a82d9a516568e1fc280ecc3e342174df177d55e4d053d143	Ящики
mantle-book:tconstruct:materials_and_you:intro/tinkerschest_craft.json:/description/0/text	sha256:ed89282405ffb83ed6132006ffe52a6bca58f69abb63ea47b8c1a22fa2a731f8	После крафта вы можете покрасить сундук в любой цвет.
mantle-book:tconstruct:materials_and_you:intro/tinkerschest_craft.json:/title	sha256:43ce563da420611f0256b16ba603d78ae2c324dbd2b177caead9173c0c197490	Создание литейного ящика
mantle-book:tconstruct:materials_and_you:intro/tinkerstation.json:/text/0/text	sha256:4ba2feab8582176ad8f4a091d505e204bd5a1d5ad1e034bf48f0d3375a14f4bd	Это сюда, то туда... Ой, наоборот. Нужно продолжать мастерить.
mantle-book:tconstruct:materials_and_you:intro/tinkerstation.json:/title	sha256:03c4ffea20d7382bcd2c6bc7bc0fa787cb69afe4fd405ba818f6df2ce5d61bc7	Литейная станция
mantle-book:tconstruct:materials_and_you:intro/tinkerstation2.json:/text/0/text	sha256:4514298d0c8f11bbaa8161b5356cbd6cb6992dce6eedf2f84732a6bf5a8a0aa2	Первый шаг в вашем грандиозном приключении — создать первый инструмент. Возможно, по началу он будет не очень, но это Ваша работа, и Вы должны ею гордиться.
mantle-book:tconstruct:materials_and_you:intro/tinkerstation2.json:/text/1/text	sha256:4af3c19288538ac84115e36f6811da18fa41bce29b4fc83eeecac3416744fb6a	Собрав все детали инструмента, можно приступать к сборке! Возьмите литейную станцию, выберите нужный инструмент и начинайте мастерить. Не забудьте дать ему имя, пока есть возможность.
mantle-book:tconstruct:materials_and_you:intro/tinkerstation2.json:/text/2/text	sha256:dff3a5a7b4660d981feda6b22e5d9b028d75202c13ff689b5ca775677c01edf3	Вы также можете использовать литейную станцию для добавления модификаторов на инструменты. На базовом столе достаточно места только для объединения максимум трёх частей, то есть широкие инструменты создать невозможно. Другие мастера-литейщики знают секрет создания инструментов из четырёх или пяти частей.
mantle-book:tconstruct:materials_and_you:intro/tinkerstation2.json:/title	sha256:03c4ffea20d7382bcd2c6bc7bc0fa787cb69afe4fd405ba818f6df2ce5d61bc7	Литейная станция
mantle-book:tconstruct:materials_and_you:intro/tinkerstation_craft.json:/description/0/text	sha256:a00b0f47caaa52501ec0e144f85ced829e3a5cb87088779c402c6847cd872f69	Надеюсь, у вас еще остались шаблоны. Если нет, всегда можно сделать больше.
mantle-book:tconstruct:materials_and_you:intro/tinkerstation_craft.json:/title	sha256:581bda641c2183ffe954d1067e341a599f0e538864e70d6a614955d684102a0d	Создание литейной станции
mantle-book:tconstruct:materials_and_you:intro/welcome.json:/text/0/text	sha256:14c98c91820d350909871b235028fbffaab987db85ce0e122e642851dccd5d8e	Добро пожаловать в третье издание книги «Материалы и вы: как выжить в первый день и дальше». В отличие от второго издания, в этой книге основное внимание уделяется изготовлению и типам инструментов, а такие темы, как модификаторы, оставлены для дальнейшего чтения.
mantle-book:tconstruct:materials_and_you:intro/welcome.json:/text/1/text	sha256:9a2f6930be20893728adf52ad1d277a0becf22c6895ffd9490da223b2c0a0a86	Если вас интересуют изменения в новой версии, загляните на страницу «Что нового» по ссылке на GitHub или в Discord SlimeKnights. К сожалению, я так и не разобрался со ссылками, поэтому дать их здесь не могу.
mantle-book:tconstruct:materials_and_you:intro/welcome.json:/title	sha256:e20fef6b1258cc88965fcac9e03120a68828a32b6c99d413a5cb640ae63e0ac2	Материалы и вы
mantle-book:tconstruct:materials_and_you:modifiers/abilities.json:/text/0/text	sha256:09d925dbad0868333902b213d24f1579288a1e5dd1768dcdc2a308320a126529	Умения — это мощные модификаторы, которые существенно меняют инструмент. Например, «Шёлковый» и «Автоплавка» изменяют результат добычи блоков, а «Парное владение» заметно упрощает обращение с инструментами.
mantle-book:tconstruct:materials_and_you:modifiers/abilities.json:/text/1/text	sha256:185ff13d9e354dcdb2c6d0a001c3fac93be6bff831fdb27417998261322afcd7	Почти все инструменты начинаются с одного слота для умений и могут получить не более двух дополнительных, поэтому выбирайте способности с умом.
mantle-book:tconstruct:materials_and_you:modifiers/abilities.json:/text/2/text	sha256:c6408e558e33b9340628fc82e1377a733ab224ff6cc90c849fd23eba2c133c1b	В «Тяжёлой металлургии» Труула М'Гона и «Металлургической энциклопедии» приведён полный список доступных инструментам умений.
mantle-book:tconstruct:materials_and_you:modifiers/abilities.json:/title	sha256:81932b99d9d932d998aaa17ae2359f7c6e868af4479be078e0115927c4edd738	Способности
mantle-book:tconstruct:materials_and_you:modifiers/abilities.json:/tooltip/0	sha256:42f2b5960f466cd2b5b449f9f9d98f2d727d343a73f9a90901a05daa96c19e53	Значок слота для умений
mantle-book:tconstruct:materials_and_you:modifiers/defense.json:/text/0/text	sha256:20ea9d715cfd0e39a534046623239786a1a99cd4e60449494d29fb6f947d9248	Защита — особый тип модификаторов только для брони. Она повышает сопротивление определённым угрозам, например огню или отбрасыванию, и позволяет дополнительно настраивать броню, поскольку у большинства её типов нет особенностей материалов.
mantle-book:tconstruct:materials_and_you:modifiers/defense.json:/text/1/text	sha256:77997bad910f25ea74b20433c50df85f3a8a0ed8e901ce0ca47c15fe662a8fb5	Обычно броня с большим количеством слотов защиты изначально имеет меньше слотов для улучшений, то есть функциональность приносится в жертву ради защиты.
mantle-book:tconstruct:materials_and_you:modifiers/defense.json:/text/2/text	sha256:07357579a1c5acbd4a29fab90c6a1875bd5fa46bd151ba51f72fadfb5b14e02f	В «Тяжёлой металлургии» и «Металлургической энциклопедии» приведён полный список доступных на броне модификаторов защиты.
mantle-book:tconstruct:materials_and_you:modifiers/defense.json:/title	sha256:eb10a69974a19a8e5fcc52eb02fd627bb7978a1789fd93a95a709e9eea11beb9	Модификаторы защиты
mantle-book:tconstruct:materials_and_you:modifiers/defense.json:/tooltip/0	sha256:5b2639fe02572d43f89c16c1d7fec6f08a1e37a3ed8881f409f5c6528c758aa4	Значок слота защиты
mantle-book:tconstruct:materials_and_you:modifiers/index.json:/subText	sha256:19a1a67b0fd3154c7e046fdf03eb368ca46026c1d8818e9447b031657187002a	Модификаторы - это дополнительные улучшения, которые могут быть применены к инструменту, аналогично зачарованиям. В разделах ниже описан каждый тип модификаторов:
mantle-book:tconstruct:materials_and_you:modifiers/index.json:/title	sha256:072da57facdcc631f41c5d886717e71197314fb5518d7c4b51033dbe11f7ffff	Модификаторы
mantle-book:tconstruct:materials_and_you:modifiers/slotless.json:/text/0/text	sha256:aab8d55a0708b90ed94f9ad435feeeb4051cf56ce3b59897278ede03aa0bc1d0	Бесслотовые модификаторы не требуют слотов, в отличие от всех других типов модификаторов. Обычно это означает, что модификатор либо имеет некоторый компромисс, либо эффект незначительный.
mantle-book:tconstruct:materials_and_you:modifiers/slotless.json:/text/1/text	sha256:99a731defe1d3436a4bd163de6fc2f6ba82e0ab89e8259f99a971e51e4872094	Один из примечательных видов бесслотовых модификаторов — бонусные: они дают дополнительные слоты модификаторов. Многие добавляют слоты для улучшений, а некоторые, как мне рассказывали, даже слоты для умений.
mantle-book:tconstruct:materials_and_you:modifiers/slotless.json:/text/2/text	sha256:ed426059e97a22dd23a0fbfd1888743a0d17e5bd760bb30ca5f964e64baf3365	В «Лёгкой металлургии» Труула М'Гона и «Металлургической энциклопедии» приведён полный список доступных инструментам бесслотовых модификаторов.
mantle-book:tconstruct:materials_and_you:modifiers/slotless.json:/title	sha256:948c9422299006b0b6084984661102f1cfa74cf2cdf00280d5cb4ceaaa338030	Бесслотовые модификаторы
mantle-book:tconstruct:materials_and_you:modifiers/slotless.json:/tooltip/0	sha256:feed8e93c0d0f8ca09e9f3a4592bf2230ebc0c2d2aa972699a3e9af8319e9cf5	Значок без слотов
mantle-book:tconstruct:materials_and_you:modifiers/traits.json:/text/0/text	sha256:bd5608c8028ee225bf3178353b23271d30edc3cc2d00ae47cfc9c6286596517a	Особенности — это врождённые умения, связанные с созданием инструмента. Они проявляются благодаря превосходному качеству, симпатической магии или подаче в инструмент такого количества энергии, что он начинает приобретать необычные свойства.
mantle-book:tconstruct:materials_and_you:modifiers/traits.json:/text/1/text	sha256:355704ad38bd3a9c3e328c031d9078e3c7b8f869faf15b08146a09746c7d637d	Существует два основных типа особенностей: особенности от материалов, которые исходят от материалов, выбранных для каждой детали инструмента и особенности от инструмента, которые присущи типу создаваемого инструмента.
mantle-book:tconstruct:materials_and_you:modifiers/traits.json:/text/2/text	sha256:fb3368f8f94d96a161a352924b61aeed49f8463153f7bb58416b3c7b227a1a6c	Эта книга, «Лёгкая металлургия» и «Тяжёлая металлургия» Труула М'Гона, а также «Фантастическая металлургия» Немеи описывают разные уровни материалов и их особенности. Особенности инструментов рассматриваются в этой книге и «Тяжёлой металлургии».
mantle-book:tconstruct:materials_and_you:modifiers/traits.json:/title	sha256:e0ab4adb01b26f9826cee772123af832c93981e47a14189c514fbd40212a3ce5	Особенности
mantle-book:tconstruct:materials_and_you:modifiers/upgrades.json:/text/0/text	sha256:dccd0bd16a9d9cfee471a869e3790abbc0c6f083fdbc85343ddfb4bacf66bc18	Улучшения — это обычные усовершенствования инструмента. Как правило, к нему прикладывают предмет и словно «стирают» часть его магических свойств: например, редстоун делает инструмент быстрее.
mantle-book:tconstruct:materials_and_you:modifiers/upgrades.json:/text/1/text	sha256:d0d5f02a692c6f93792841c8358bdafe656ec803ca6ef88b637e38598aece7d1	Большинство инструментов начинаются примерно с 3 слотов для улучшений, хотя можно получить больше слотов с помощью других типов модификаторов.
mantle-book:tconstruct:materials_and_you:modifiers/upgrades.json:/text/2/text	sha256:b946d63ba0afb656684bc9651b46a59c4a81c7913f8cd34377d803da5543db7d	В «Лёгкой металлургии» Труула М'Гона и «Металлургической энциклопедии» приведён полный список доступных инструментам улучшений.
mantle-book:tconstruct:materials_and_you:modifiers/upgrades.json:/title	sha256:e02a5941602a57c3c2f17eafe2bf11c64bba85755ace8983c10ed23f1d4b286f	Улучшения
mantle-book:tconstruct:materials_and_you:modifiers/upgrades.json:/tooltip/0	sha256:c420ea7dae8d378707cc3cbabd3668d0e68e4ab9ef2c656e01dab1057e7399f3	Значок слота для улучшений
mantle-book:tconstruct:materials_and_you:tools/part_swapping.json:/text/0/text	sha256:0a48a61d372fafdba187b98404481e7bad62ab76bb820490d5d62600b492225b	Хотели когда-нибудь исправить старую ошибку? С инструментами это возможно. Чтобы заменить материал детали, положите инструмент и новую деталь в литейную станцию. Если у инструмента несколько одинаковых деталей, попробуйте разные слоты, чтобы заменить нужную. Детали брони часто можно менять на литейном столе.
mantle-book:tconstruct:materials_and_you:tools/part_swapping.json:/title	sha256:a53ccedc8bb2ca2ccc22de1199d83373d9ab868d1edc72271c90546c09e85667	Замена частей
mantle-book:tconstruct:materials_and_you:tools/recycling.json:/text/0/text	sha256:27972b19dde0d4e8c5a929d4967141d6ab2948a77254702709af16723962ae9b	Передумали использовать инструмент? Разберите его с помощью яда в конструкторе деталей, чтобы вернуть одну деталь. Иногда удаётся вернуть и вторую; для отремонтированных инструментов шанс выше. Чтобы переработать кинжалы, сложите их по 2.
mantle-book:tconstruct:materials_and_you:tools/recycling.json:/title	sha256:57c14c7790c42f6cf46635e437b1a590074ddaf8a369bb8f10cb71de93164986	Переработка инструментов
mantle-book:tconstruct:materials_and_you:tools/repairing.json:/description/0/text	sha256:bbaa6569c54a14bfc8d51a7c451deaf84dde3da1aaf443b5c10af71854dd79e8	Чтобы починить инструмент, поместите его вместе с материалом головки в литейную станцию или литейную наковальню. Также можно использовать ремонтные наборы: они работают на верстаке и при щелчке ПКМ непосредственно по инструменту.
mantle-book:tconstruct:materials_and_you:tools/repairing.json:/title	sha256:e2c5201c1822c05e20c31a03798e6d58e80f4e121e5a69fd8afeba9d594db2c6	Ремонт
mantle-book:tconstruct:materials_and_you:tools/tconstruct_arrow.json:/properties/0	sha256:980c0a76542bdb7e495b94b5277471689cb74bb09c2879f5aaf2425b6fb70199	Требуется лук или арбалет.
mantle-book:tconstruct:materials_and_you:tools/tconstruct_arrow.json:/properties/1	sha256:6c056ee65dc141eecdcd957b76202c817eca1dec7b6e7ac5aa171414c11edcfd	Лучше стрел скелетов
mantle-book:tconstruct:materials_and_you:tools/tconstruct_arrow.json:/properties/2	sha256:d7a1bb26e7a3aa118ad1608406e0fb9a56ea2da4a399fa310ec79a2c630858e1	Имеет разные эффекты в зависимости от материалов.
mantle-book:tconstruct:materials_and_you:tools/tconstruct_arrow.json:/text/0/text	sha256:7b82a41d5752e2f2a5ec75b9ef82d9bf27dbe79cd84d9fe9f8c53088ed5225e3	Стрелы — основные снаряды для большинства луков. Можно использовать обычные стрелы, выпадающие из скелетов, но литейные стрелы лучше.
mantle-book:tconstruct:materials_and_you:tools/tconstruct_crossbow.json:/properties/0	sha256:3c99d026f1439c643634d928cc428c0e0a1f03b8dee839ccb063fa82337fba58	Быстрый и маневренный лук.
mantle-book:tconstruct:materials_and_you:tools/tconstruct_crossbow.json:/properties/1	sha256:77209caf2c96169f8ff2c6aced2e768e1b1ad4778e4ed62f06e19f59618dc48d	Умеет держать стрелу наготове к выстрелу.
mantle-book:tconstruct:materials_and_you:tools/tconstruct_crossbow.json:/properties/2	sha256:8cd83f78626299cfa5e362247d324f67c36e56910cfc34eb6eb4c0822679c193	Любит веселиться с фейерверками
mantle-book:tconstruct:materials_and_you:tools/tconstruct_crossbow.json:/text/0/text	sha256:a98cc8971aaebcdf2e6ec72535a2f221a4120e378141848396db613fbdcae466	Арбалет полезен тем, кто хочет оставаться быстрым и готовым к бою.
mantle-book:tconstruct:materials_and_you:tools/tconstruct_crossbow.json:/text/2/text	sha256:d4688b4ff32a183123b7c22795a75943dfb2be83182b2dbf7b4cb7dda8cbade4	Никогда не следует скрещивать лук
mantle-book:tconstruct:materials_and_you:tools/tconstruct_dagger.json:/properties/0	sha256:343270c3b6805025f8b9144e6f0b673d1396ebcddad9f7307244d0e5d6fe2e2c	Низкий урон
mantle-book:tconstruct:materials_and_you:tools/tconstruct_dagger.json:/properties/1	sha256:725c9dbd48187457456fc5f76319220ba98c233e1722b6f326085fcc860042ec	Высокая скорость
mantle-book:tconstruct:materials_and_you:tools/tconstruct_dagger.json:/properties/2	sha256:6c330bd8fffc4798df133793fffcb7c4a6118fdede4685d36ee8ed78abcc1ff5	Можно использовать во второй руке.
mantle-book:tconstruct:materials_and_you:tools/tconstruct_dagger.json:/properties/3	sha256:1bb22c5629a52dced133b9f651c950389fd56b10044b1abe9d09333872792e0d	При создании и модификации складываются по 2.
mantle-book:tconstruct:materials_and_you:tools/tconstruct_dagger.json:/text/0/text	sha256:43274e6c0d188d57e99364816805d8dc4dba4291035d9c1cd3376e93e14bbb4d	Кинжал — универсальное оружие для проворного воина. Низкий урон компенсируется высокой скоростью, позволяющей быстро атаковать. Кинжал также можно держать во второй руке и сражаться двумя сразу.
mantle-book:tconstruct:materials_and_you:tools/tconstruct_fishing_rod.json:/properties/0	sha256:4f8857ddb42709d04720585bef8c60fda9ebde166ce7b12ecc016a73d34d83f6	Оружие дальнего боя с небольшой дистанцией
mantle-book:tconstruct:materials_and_you:tools/tconstruct_fishing_rod.json:/properties/1	sha256:98a0d1348bc6edf10c66e672ae10556e103809e07e4ab7872d206bdfbacb66aa	Наносит урон монстрам при подтягивании.
mantle-book:tconstruct:materials_and_you:tools/tconstruct_fishing_rod.json:/properties/2	sha256:831c218935ba42c9c488c3035b892e2b7c28616d3f5ffb98890fa6381cb9a4b2	Не требует боеприпасов.
mantle-book:tconstruct:materials_and_you:tools/tconstruct_fishing_rod.json:/properties/3	sha256:4dd24b367ce2e692bf82cd78b9426c6304a9e956f6a7068217bc1625b4316019	Можно ловить рыбу.
mantle-book:tconstruct:materials_and_you:tools/tconstruct_fishing_rod.json:/text/0/text	sha256:cb71c5a20fedcf433dd0253dd98e93a9f65aae9457377e1cb31a0c41b8d6c116	Удочка позволяет сражаться с близкими целями, не расходуя боеприпасы. А если использовать её на воде, в качестве бонуса она ещё и ловит рыбу.
mantle-book:tconstruct:materials_and_you:tools/tconstruct_flint_and_brick.json:/properties/0	sha256:e70257aa2be026ba93a5adede876a36a645d238121b36e48ce49a8627e92698e	Разводит огонь
mantle-book:tconstruct:materials_and_you:tools/tconstruct_flint_and_brick.json:/properties/1	sha256:9ae3d64b73936f7b7bae6c49e6d4d463fc40be8ea9547fc7515a1f5438156988	Изначально имеет «Пламенный I»
mantle-book:tconstruct:materials_and_you:tools/tconstruct_flint_and_brick.json:/properties/2	sha256:007cf61bf6cc771be2de36f3009b1378c49837c631681e51f052f6617c09d8a2	Ремонтируется обожжёнными или выжженными кирпичами
mantle-book:tconstruct:materials_and_you:tools/tconstruct_flint_and_brick.json:/text/0/text	sha256:4f061d0be03d925e3212b76f64cbf4f830cbb3d32f659bdfa4ad316f962ab340	Обожжённое огниво - это доступный инструмент, эффективный для разжигания огня.
mantle-book:tconstruct:materials_and_you:tools/tconstruct_flint_and_brick.json:/text/2/text	sha256:60b4101ca24a5334a7c16d74ea199da5c9b7a774d7f43ef4bc382d409d5d66e8	В отличие от большинства других инструментов, создаётся на станции создания или обычном верстаке.
mantle-book:tconstruct:materials_and_you:tools/tconstruct_hand_axe.json:/properties/0	sha256:6eb09eb22475c4f06f646a916830290f5a947f0ff986b7a3ed07ec88b1251a06	Базовый инструмент для добывания
mantle-book:tconstruct:materials_and_you:tools/tconstruct_hand_axe.json:/properties/1	sha256:5b3edc20da99082072c3e05ab8cf6e2bf6fb457c6127d6ebbb2539379e9b51ae	Эффективен для древесины
mantle-book:tconstruct:materials_and_you:tools/tconstruct_hand_axe.json:/properties/2	sha256:fc4f15d57b6ffcda98e02a0b9c399e12f6fa63e8165754acd1c78e6c59ab4936	Ломает листья очень быстро
mantle-book:tconstruct:materials_and_you:tools/tconstruct_hand_axe.json:/properties/3	sha256:b32bbe26237f1b51ea5e874dc25c62362c5b0799b9123f11c3cb9dace33361c9	Легко обтёсывает брёвна
mantle-book:tconstruct:materials_and_you:tools/tconstruct_hand_axe.json:/text/0/text	sha256:45666882b38524831d935dd4005d4f49c6e13a140f6be64bd44d0b3e93059cdf	Ручной топор — это простой рубящий инструмент. Он эффективен для древесины и листвы. Он работает как оружие или инструмент, или и то, и другое. Выбор за вами.
mantle-book:tconstruct:materials_and_you:tools/tconstruct_kama.json:/properties/0	sha256:c49a58c532e8d304ddd789859deb80a1fddcd381adf781e298269ede807fe37b	Вспахивает землю
mantle-book:tconstruct:materials_and_you:tools/tconstruct_kama.json:/properties/1	sha256:fda6bd518554b10e7d9498adae8916e23b2134df8e84860c6731d3c1f3b93219	Взаимодействуйте с посевами, чтобы собрать их.
mantle-book:tconstruct:materials_and_you:tools/tconstruct_kama.json:/properties/2	sha256:e5c753015b130f96e24bd50822cb30f6fdc5f1511b2356b9ab951250424b7b60	Стрижёт блоки и животных
mantle-book:tconstruct:materials_and_you:tools/tconstruct_kama.json:/properties/3	sha256:cdc3aa1ecf55351ccf6d857a106cbfa66296ff70e2d36fe29ca3f45497c7c893	Действует на растения.
mantle-book:tconstruct:materials_and_you:tools/tconstruct_kama.json:/properties/4	sha256:89825250c65d34d1707b8a03267f2e6a973fb505415ead53d491829125b9032b	Возможности атаки по площади
mantle-book:tconstruct:materials_and_you:tools/tconstruct_kama.json:/text/0/text	sha256:102b371bc00a619e4173c7c5e11ed6941e61fe8caeb84cee8fc82e65fe86f6b1	«Кама» — это точный инструмент для жатвы, который отлично подходит для скашивания растений и стрижки животных.
mantle-book:tconstruct:materials_and_you:tools/tconstruct_mattock.json:/properties/0	sha256:c49a58c532e8d304ddd789859deb80a1fddcd381adf781e298269ede807fe37b	Вспахивает землю
mantle-book:tconstruct:materials_and_you:tools/tconstruct_mattock.json:/properties/1	sha256:42f46b54727db534375835ac73b8360675f3b24f14ebd0b62e19d9dfc38abde1	Эффективна для земли и брёвен.
mantle-book:tconstruct:materials_and_you:tools/tconstruct_mattock.json:/text/0/text	sha256:7e75f0ca012fd1eb70f49060c84cd1e1c322ce5bfe906ca36327267a8597adbe	Киркомотыга — универсальный инструмент. Она эффективна для брёвен и земли.
mantle-book:tconstruct:materials_and_you:tools/tconstruct_mattock.json:/text/2/text	sha256:3e572b7bf77b3783131f177dc763582d1dce899e23852bc9a1e1f972b3155c15	С его помощью можно создать ферму вашей мечты.
mantle-book:tconstruct:materials_and_you:tools/tconstruct_pickadze.json:/properties/0	sha256:7fa5f10501e1269c0fbdff09cc33fd6641e8113b992034f955728de59ab3e69e	Прокладывает тропы
mantle-book:tconstruct:materials_and_you:tools/tconstruct_pickadze.json:/properties/1	sha256:669e88b892901ad07af86803938f48b46c808de453bb61ffca043e89ac350306	Добывает каменные и подобные блоки
mantle-book:tconstruct:materials_and_you:tools/tconstruct_pickadze.json:/properties/2	sha256:ac42c989777e0d59a852e87e003d57a8254018d46736ef993130aa9837040c63	Разрушает мягкую землю и гравий
mantle-book:tconstruct:materials_and_you:tools/tconstruct_pickadze.json:/properties/3	sha256:7aca406a2c9ba8440712a6cd3e2dc107bfab465e4d664dacf3b2f9ba76cbf9fc	Уровень добывания ограничен до деревянного
mantle-book:tconstruct:materials_and_you:tools/tconstruct_pickadze.json:/text/0/text	sha256:6577fffc4cd812e29b5f109741a811053d293c2c142873298fcec3409a6d9a67	Правильнее было бы назвать этот инструмент киркомотыгой, но людям нравится привычное название.
mantle-book:tconstruct:materials_and_you:tools/tconstruct_pickadze.json:/text/2/text	sha256:1c84df64fc8721d64c8083b23664ec1a5e28c0dfd563c8aba667d6264cedb71c	Оно может проложить путь к славе.
mantle-book:tconstruct:materials_and_you:tools/tconstruct_pickaxe.json:/properties/0	sha256:6eb09eb22475c4f06f646a916830290f5a947f0ff986b7a3ed07ec88b1251a06	Базовый добывающий инструмент
mantle-book:tconstruct:materials_and_you:tools/tconstruct_pickaxe.json:/properties/1	sha256:decedbe87628fb2b683010f859e84570a7aa441240664c829ed2816d4821f225	Это — кирка
mantle-book:tconstruct:materials_and_you:tools/tconstruct_pickaxe.json:/properties/2	sha256:669e88b892901ad07af86803938f48b46c808de453bb61ffca043e89ac350306	Добывает каменные и подобные блоки
mantle-book:tconstruct:materials_and_you:tools/tconstruct_pickaxe.json:/properties/3	sha256:57a97ad7ba6f2d8c3c95fab6df2d6099cdd68e084fe5e9ba186109a90411582c	Бонус в виде пронзающего урона
mantle-book:tconstruct:materials_and_you:tools/tconstruct_pickaxe.json:/text/0/text	sha256:a52b8cad33298466a4fa5f05d107fdd59541fe737aaa7e3738cbdf8687d48342	Кирка — точный добывающий инструмент. Она эффективна для камня и руд.
mantle-book:tconstruct:materials_and_you:tools/tconstruct_pickaxe.json:/text/2/text	sha256:5cbe4c8aaa99e6fbf9e11b374e203e2494ec8e3620d4d665b35520f6c07397ed	Она ломает блоки, ЯСНО?
mantle-book:tconstruct:materials_and_you:tools/tconstruct_shuriken.json:/properties/0	sha256:cc1722bca229c74ab606a1917cb118ac655dafe60cec94190aafbbce1c75bbf3	Быстрый одноразовый вариант дальнего боя.
mantle-book:tconstruct:materials_and_you:tools/tconstruct_shuriken.json:/properties/1	sha256:98de9b7df986604f2d5742f5c4556304ddaa8cb1d018b37e0a51301b34a43177	Для запуска не требуется другой инструмент.
mantle-book:tconstruct:materials_and_you:tools/tconstruct_shuriken.json:/text/0/text	sha256:2d965be5dbcd673a908d411302ab6b82d2e3577bb803d4705a597eb64f5ac470	Сюрикены — это быстрые одноразовые боеприпасы, предназначенные для отпугивания монстров.
mantle-book:tconstruct:materials_and_you:tools/tconstruct_shuriken.json:/text/2/text	sha256:7ea642f1d968b071ed478eab229843c762c2ad7c96461cea9af6a4556554b786	Они не могут получить много модификаторов, но все же могут нанести приличный урон.
mantle-book:tconstruct:materials_and_you:tools/tconstruct_sword.json:/properties/0	sha256:94e083acedbb04c76b1cfc6bed39ee300aa54671507571e585cbabd971d966b6	Средний урон
mantle-book:tconstruct:materials_and_you:tools/tconstruct_sword.json:/properties/1	sha256:546bb790d750f299b64a63f27a6e6995091cc379817b377c2b3ceda612cd9e57	Разящая атака
mantle-book:tconstruct:materials_and_you:tools/tconstruct_sword.json:/text/0/text	sha256:a95265c6cea95310d8ddd7c654f34f77ef645d4ea179102f84e6daee92436160	Меч — универсальное оружие. Он наносит средний урон и позволяет разящей атакой отбрасывать сразу нескольких врагов, оставляя вторую руку свободной.
mantle-book:tconstruct:materials_and_you:tools/tconstruct_throwing_axe.json:/properties/0	sha256:cc1722bca229c74ab606a1917cb118ac655dafe60cec94190aafbbce1c75bbf3	Быстрый одноразовый вариант дальнего боя.
mantle-book:tconstruct:materials_and_you:tools/tconstruct_throwing_axe.json:/properties/1	sha256:98de9b7df986604f2d5742f5c4556304ddaa8cb1d018b37e0a51301b34a43177	Для запуска не требуется другой инструмент.
mantle-book:tconstruct:materials_and_you:tools/tconstruct_throwing_axe.json:/text/0/text	sha256:530391c50249e3a11bf20eafb007a88b36603365c2ea94776810a97f177d2e58	Метательные топоры — снаряды с небольшим радиусом действия, но более высоким уроном.
mantle-book:tconstruct:materials_and_you:tools/tconstruct_throwing_axe.json:/text/2/text	sha256:5a0672a6fc31363e898b597a15e58f4ab5f1208e362f808f2257ad72a7ea04ec	Метательные топоры тоже не могут получать модификаторы, но кому они нужны?
mantle-book:tconstruct:mighty_smelting:abilities/armor.json:/text/0/text	sha256:8da201721e8ea794cfb182bb1172da3904a9a73e25c9eb144d845a1eb6b5faab	Способности брони обычно эффективны для одного типа брони. Каждый тип брони имеет свой особый атрибут:
mantle-book:tconstruct:mighty_smelting:abilities/armor.json:/text/1/text	sha256:1469eca29ce15125647ee12e69a0aa7fc5fc33744fe38048717228620ad9d868	• Шлемами можно управлять с помощью сочетания клавиш для создания специальных эффектов.
mantle-book:tconstruct:mighty_smelting:abilities/armor.json:/text/2/text	sha256:c6a23349ffb64dc68ff0dbabe0129e242b4b0630838a1e36efa06e3078479554	• Нагрудники могут получать возможности взаимодействия, которые используются, когда руки пусты. Большинство из них описано в разделе взаимодействия.
mantle-book:tconstruct:mighty_smelting:abilities/armor.json:/text/3/text	sha256:620a9c68aabcc80b25c8ffb1735ca7805619b966b4a717d9d4bae0b26f015f42	• Поножи обладают способностями, основанными на инвентаре, и пассивными улучшениями для игрока.
mantle-book:tconstruct:mighty_smelting:abilities/armor.json:/text/4/text	sha256:56435ee595ba265d2a75c93e865777fe84093369925298256ba47ccd44bf5cd4	• Ботинки обеспечивают способность двигаться и прыгать.
mantle-book:tconstruct:mighty_smelting:abilities/armor.json:/text/5/text	sha256:03cc005a3e94991d4911a596686e3b136d862b631efbd8de461584aaad779885	• Щиты обладают особыми способностями к блокированию, включая более сильные модификаторы контратаки.
mantle-book:tconstruct:mighty_smelting:abilities/armor.json:/title	sha256:8eb92348fb4f25db0375b95ed6f107fcec0c04e3c3e4a67c039ab9212500d3cc	Способности брони
mantle-book:tconstruct:mighty_smelting:abilities/armor/boots/tconstruct_bouncy.json:/effects/0	sha256:3e3ffbdc1158159d3f969aa62697c60f208ad8839aa7ff14d17d8fe450bb006c	Отскакивайте при приземлении
mantle-book:tconstruct:mighty_smelting:abilities/armor/boots/tconstruct_bouncy.json:/effects/1	sha256:a9875ac8991d109dcb62e15a6c2edf4925537322b64dc11266513d9354274d8c	Одноуровневое
mantle-book:tconstruct:mighty_smelting:abilities/armor/boots/tconstruct_bouncy.json:/effects/2	sha256:9054648401154dbc81e695699f3000a2016b0de218c5d880c2204f187d4105e5	Требуется 1 слот для умений
mantle-book:tconstruct:mighty_smelting:abilities/armor/boots/tconstruct_bouncy.json:/text/0/text	sha256:b54bd51739b97cef421932948ce2beaa51c591e6594f799a1f107e577fd9d67f	Мир - это ваш батут.
mantle-book:tconstruct:mighty_smelting:abilities/armor/boots/tconstruct_double_jump.json:/effects/0	sha256:64a4a36bbd8c9219e468c145cf3dfdf0fc9ae97ae2e1390268d7c722321ea663	Позволяет совершить дополнительный прыжок
mantle-book:tconstruct:mighty_smelting:abilities/armor/boots/tconstruct_double_jump.json:/effects/1	sha256:f8fa1b6f86bbdd497228f48e7f0d49915c46546faaa0b31cf2954d6ff5bb2fe2	Несколько уровней, каждый даёт дополнительный прыжок
mantle-book:tconstruct:mighty_smelting:abilities/armor/boots/tconstruct_double_jump.json:/effects/2	sha256:9054648401154dbc81e695699f3000a2016b0de218c5d880c2204f187d4105e5	Требуется 1 слот для умений
mantle-book:tconstruct:mighty_smelting:abilities/armor/boots/tconstruct_double_jump.json:/text/0/text	sha256:3212d740535f43f0d3446f24bcf55fc30f74aef654e0848d10d1ffa0f1780e9d	Распрыжка повысит Ваши навыки и сделает Вас намного лучше в игре. Для достижения максимального эффекта не забудьте немного попрыгать.
mantle-book:tconstruct:mighty_smelting:abilities/armor/boots/tconstruct_flamewake.json:/effects/0	sha256:94d55d7c1a80c71c5067618cabf32acae990a0f5876171402ce9ec2cacbce42a	Оставляет огонь там где идёте
mantle-book:tconstruct:mighty_smelting:abilities/armor/boots/tconstruct_flamewake.json:/effects/1	sha256:8f5479563c2266211eb33db27e15a32d4920be1173b8e7e0cd005e8cdffb702d	Область можно расширить
mantle-book:tconstruct:mighty_smelting:abilities/armor/boots/tconstruct_flamewake.json:/effects/2	sha256:a9875ac8991d109dcb62e15a6c2edf4925537322b64dc11266513d9354274d8c	Максимум 1 уровень
mantle-book:tconstruct:mighty_smelting:abilities/armor/boots/tconstruct_flamewake.json:/effects/3	sha256:9054648401154dbc81e695699f3000a2016b0de218c5d880c2204f187d4105e5	Требуется 1 слот для умений
mantle-book:tconstruct:mighty_smelting:abilities/armor/boots/tconstruct_flamewake.json:/text/0/text	sha256:84fe437c8a83b80634b24f569e0573d0c0920d1c2c0bac47a4041945443c83e8	Кому пришло в голову объединить бронзовое огниво с ботинками? Теперь я не могу спокойно ступить нигде!
mantle-book:tconstruct:mighty_smelting:abilities/armor/boots/tconstruct_frost_walker.json:/effects/0	sha256:4d2fab807e4f14df6a33abcdc6360e7dbce7924b8cde86fe367b323303352a6b	Замораживайте воду при хотьбе
mantle-book:tconstruct:mighty_smelting:abilities/armor/boots/tconstruct_frost_walker.json:/effects/1	sha256:8f5479563c2266211eb33db27e15a32d4920be1173b8e7e0cd005e8cdffb702d	Область расширяется
mantle-book:tconstruct:mighty_smelting:abilities/armor/boots/tconstruct_frost_walker.json:/effects/2	sha256:a9875ac8991d109dcb62e15a6c2edf4925537322b64dc11266513d9354274d8c	Максимум 1 уровень
mantle-book:tconstruct:mighty_smelting:abilities/armor/boots/tconstruct_frost_walker.json:/effects/3	sha256:9054648401154dbc81e695699f3000a2016b0de218c5d880c2204f187d4105e5	Требуется 1 слот для умений
mantle-book:tconstruct:mighty_smelting:abilities/armor/boots/tconstruct_frost_walker.json:/text/0/text	sha256:5ffadd9c2efab6ef73b1c33b6f2abec8205840ddb9e36a93289263dba722956f	Обретите способность ходить по воде. Ну, не совсем, но довольно близко.
mantle-book:tconstruct:mighty_smelting:abilities/armor/boots/tconstruct_glowing.json:/effects/0	sha256:ffda973d3ba901d9f9cdfb1b538be4417fc985716f81523b86c9d310c28e90d5	Создаёт светящиеся точки в тёмных местах во время ходьбы
mantle-book:tconstruct:mighty_smelting:abilities/armor/boots/tconstruct_glowing.json:/effects/1	sha256:27756f4cd452edc7805e6b109ebfa95ed96688e4cd90f3bfc569a66617ed910d	Размещение свечений снижает прочность.
mantle-book:tconstruct:mighty_smelting:abilities/armor/boots/tconstruct_glowing.json:/effects/2	sha256:a9875ac8991d109dcb62e15a6c2edf4925537322b64dc11266513d9354274d8c	Один уровень
mantle-book:tconstruct:mighty_smelting:abilities/armor/boots/tconstruct_glowing.json:/effects/3	sha256:9054648401154dbc81e695699f3000a2016b0de218c5d880c2204f187d4105e5	Требуется 1 слот способностей.
mantle-book:tconstruct:mighty_smelting:abilities/armor/boots/tconstruct_glowing.json:/text/0/text	sha256:74c56cd0f756dfc6ea81f2d5097282ff7f092618a6dbadaab2f10e89554c7e7c	Это блестящая идея.
mantle-book:tconstruct:mighty_smelting:abilities/armor/boots/tconstruct_pathing.json:/effects/0	sha256:32ab9174035796acc4c32602a5838a3fcf57da983a708d3b729334b9260929c6	Создает дорожки во время ходьбы.
mantle-book:tconstruct:mighty_smelting:abilities/armor/boots/tconstruct_pathing.json:/effects/1	sha256:8f5479563c2266211eb33db27e15a32d4920be1173b8e7e0cd005e8cdffb702d	Площадь увеличена за счет расширения
mantle-book:tconstruct:mighty_smelting:abilities/armor/boots/tconstruct_pathing.json:/effects/2	sha256:a9875ac8991d109dcb62e15a6c2edf4925537322b64dc11266513d9354274d8c	Один уровень
mantle-book:tconstruct:mighty_smelting:abilities/armor/boots/tconstruct_pathing.json:/effects/3	sha256:9054648401154dbc81e695699f3000a2016b0de218c5d880c2204f187d4105e5	Требуется 1 слот способностей.
mantle-book:tconstruct:mighty_smelting:abilities/armor/boots/tconstruct_pathing.json:/text/0/text	sha256:04c8169f83662e53eb3ce4c08a32e694d9d7cec59d0daf1c32ede55e40e0cc1d	Устали забывать дорогу домой? Почему бы не оставить постоянный след? Топчите землю на ходу и никогда не забывайте, где вы были!
mantle-book:tconstruct:mighty_smelting:abilities/armor/boots/tconstruct_snowdrift.json:/effects/0	sha256:49e7685547d95e82701373633243b53fe3b03392bdbd531fa3c9742f58508ed8	Создает снег при ходьбе
mantle-book:tconstruct:mighty_smelting:abilities/armor/boots/tconstruct_snowdrift.json:/effects/1	sha256:3dfeedb6773e479ca3ae9efd7074e1989a96dd330433d3eb6d9e0dbe83f23997	Не работает в тёплых биомах
mantle-book:tconstruct:mighty_smelting:abilities/armor/boots/tconstruct_snowdrift.json:/effects/2	sha256:8f5479563c2266211eb33db27e15a32d4920be1173b8e7e0cd005e8cdffb702d	Область может расширяться
mantle-book:tconstruct:mighty_smelting:abilities/armor/boots/tconstruct_snowdrift.json:/effects/3	sha256:a9875ac8991d109dcb62e15a6c2edf4925537322b64dc11266513d9354274d8c	Максимум 1 уровень
mantle-book:tconstruct:mighty_smelting:abilities/armor/boots/tconstruct_snowdrift.json:/effects/4	sha256:9054648401154dbc81e695699f3000a2016b0de218c5d880c2204f187d4105e5	Требуется 1 слот для умений
mantle-book:tconstruct:mighty_smelting:abilities/armor/boots/tconstruct_snowdrift.json:/text/0/text	sha256:700c7a2e0a290ce7f68f9ae5a4b539cb335a33678fb6485931e77bd7adf365f6	Посмотрите на снежного голема. Разве он не крут, оставляя за собой снежные следы? Разве вы не хотели бы тоже оставлять снежные следы?
mantle-book:tconstruct:mighty_smelting:abilities/armor/boots/tconstruct_tilling.json:/effects/0	sha256:b1a9efad5d144329b6a3942b47e060e3d4786c931c3e1341786d92f7f469e67f	Создает сельскохозяйственные угодья во время ходьбы.
mantle-book:tconstruct:mighty_smelting:abilities/armor/boots/tconstruct_tilling.json:/effects/1	sha256:8f5479563c2266211eb33db27e15a32d4920be1173b8e7e0cd005e8cdffb702d	Площадь увеличена за счет расширения
mantle-book:tconstruct:mighty_smelting:abilities/armor/boots/tconstruct_tilling.json:/effects/2	sha256:a9875ac8991d109dcb62e15a6c2edf4925537322b64dc11266513d9354274d8c	Один уровень
mantle-book:tconstruct:mighty_smelting:abilities/armor/boots/tconstruct_tilling.json:/effects/3	sha256:9054648401154dbc81e695699f3000a2016b0de218c5d880c2204f187d4105e5	Требуется 1 слот способностей.
mantle-book:tconstruct:mighty_smelting:abilities/armor/boots/tconstruct_tilling.json:/text/0/text	sha256:f987b850cb5ef1aafdb4bc14549bc0ba348557a627493713f29cf3431b43f8aa	Вам когда-нибудь приходилось создавать большую ферму? Типа очень большой фермы? Теперь вы можете.
mantle-book:tconstruct:mighty_smelting:abilities/armor/chestplate/tconstruct_ambidextrous.json:/effects/0	sha256:09eaebf2dba8f4554c2612a372ca52ec696df75f00baab4dd654acfcbf58cd04	Позволяет наносить удары обеими руками.
mantle-book:tconstruct:mighty_smelting:abilities/armor/chestplate/tconstruct_ambidextrous.json:/effects/1	sha256:a9875ac8991d109dcb62e15a6c2edf4925537322b64dc11266513d9354274d8c	Один уровень
mantle-book:tconstruct:mighty_smelting:abilities/armor/chestplate/tconstruct_ambidextrous.json:/effects/2	sha256:9054648401154dbc81e695699f3000a2016b0de218c5d880c2204f187d4105e5	Требуется 1 слот способностей.
mantle-book:tconstruct:mighty_smelting:abilities/armor/chestplate/tconstruct_ambidextrous.json:/text/0/text	sha256:929ebbc24092fc33f9877724fddfde38c686a00d440c5fc91d0ee9976ecddd44	Все занимаются кунг-фу.
mantle-book:tconstruct:mighty_smelting:abilities/armor/chestplate/tconstruct_reach.json:/effects/0	sha256:4bf49bde0324892646b6610a4bbb0910aed05fff4be7a6b884fa6101b881aecd	Увеличивает дальность взаимодействия с блоками, добычи и атак
mantle-book:tconstruct:mighty_smelting:abilities/armor/chestplate/tconstruct_reach.json:/effects/1	sha256:9f7943e37123c84347d356608a8418ccf04f98046b888fd70660d18b5e12f82c	Несколько уровней, каждый уровень позволяет вам достичь большего.
mantle-book:tconstruct:mighty_smelting:abilities/armor/chestplate/tconstruct_reach.json:/effects/2	sha256:224c33723654475a5ea88c65031ecb693aea802e4d7a959d58b23fa14a7ef3cc	Требуется 1 слот способностей на каждый уровень.
mantle-book:tconstruct:mighty_smelting:abilities/armor/chestplate/tconstruct_reach.json:/text/0/text	sha256:b3c2d134d575f5373bbd1016f81f4f833417ebce4cd8a23e44de8c8112e1c6be	Дотянись до звёзд! Или до верхней полки... Или до средней, если ты невысокого роста...
mantle-book:tconstruct:mighty_smelting:abilities/armor/chestplate/tconstruct_strength.json:/effects/0	sha256:367a48c382e0279eb19dfc7e8af9a47e6b934544d61009d0d4c3658e30d4198e	Повышает урон оружия
mantle-book:tconstruct:mighty_smelting:abilities/armor/chestplate/tconstruct_strength.json:/effects/1	sha256:954b07e00f8d68811c69682077a66157bc6ed0edbe978e5f6c3a13aa9174f5cf	Многоуровневое, с каждым уровнем урон увеличивается ещё больше
mantle-book:tconstruct:mighty_smelting:abilities/armor/chestplate/tconstruct_strength.json:/effects/2	sha256:224c33723654475a5ea88c65031ecb693aea802e4d7a959d58b23fa14a7ef3cc	Требуется 1 слот для улучшения за уровень
mantle-book:tconstruct:mighty_smelting:abilities/armor/chestplate/tconstruct_strength.json:/text/0/text	sha256:e51f058e91bcb0ae48cdce20b2fac09f71f978d4d235e669bf55f4def946da46	С большой силой приходит больший урон.
mantle-book:tconstruct:mighty_smelting:abilities/armor/chestplate/tconstruct_wings.json:/effects/0	sha256:abcadeb01567b79bd2d0d1417d135d849415f82ddddc00e95b858054f68f48db	Позволяет планировать, прыгая в воздухе.
mantle-book:tconstruct:mighty_smelting:abilities/armor/chestplate/tconstruct_wings.json:/effects/1	sha256:a9875ac8991d109dcb62e15a6c2edf4925537322b64dc11266513d9354274d8c	Один уровень
mantle-book:tconstruct:mighty_smelting:abilities/armor/chestplate/tconstruct_wings.json:/effects/2	sha256:fd1ea640562f3d7ce2667c4c7602ae0198b37125ada0125b82432fdbcbec523e	Требуется 2 слота способностей.
mantle-book:tconstruct:mighty_smelting:abilities/armor/chestplate/tconstruct_wings.json:/text/0/text	sha256:a4a14779186790ad44b34dfc6db73c5c31b6cc60daee1d75e26529771328d57e	Это не полет, это падение! Со стилем!
mantle-book:tconstruct:mighty_smelting:abilities/armor/general/tconstruct_bursting.json:/effects/0	sha256:231c9065bb88d181e7f39ef0a86ac35df7c43d3caaef820cba303ca3aa40d0d5	Шанс на каждом уровне применить эффекты жидкости к атакующему
mantle-book:tconstruct:mighty_smelting:abilities/armor/general/tconstruct_bursting.json:/effects/1	sha256:ca94ea93de9b6328fda91e0608e056ca93b716cfdaaa23ddf734f2fce8cbf6ad	Различные эффекты, основанные на жидкости, включая огонь и яд.
mantle-book:tconstruct:mighty_smelting:abilities/armor/general/tconstruct_bursting.json:/effects/2	sha256:224c33723654475a5ea88c65031ecb693aea802e4d7a959d58b23fa14a7ef3cc	Требуется 1 слот способностей на каждый уровень.
mantle-book:tconstruct:mighty_smelting:abilities/armor/general/tconstruct_bursting.json:/text/0/text	sha256:06d437271872962f3fb32af6eff337168c7851288ec7d76fe6b640d137991a91	Как-то противно, что твоя броня протекает. Но и очень эффективно!
mantle-book:tconstruct:mighty_smelting:abilities/armor/general/tconstruct_bursting.json:/text/1/text	sha256:6a374d0217b69ba2ba9ade0d5282f49d380c49e2c98de09adc78685fe88922e8	Щелчок правой кнопкой мыши по резервуару с инструментом заполняет его.
mantle-book:tconstruct:mighty_smelting:abilities/armor/general/tconstruct_protection.json:/effects/0	sha256:a35d5ea403bd9fcbaf273f0c323ae5471d808c3582bea9cc2ee2001d80891f63	Увеличивает защиту от любого урона.
mantle-book:tconstruct:mighty_smelting:abilities/armor/general/tconstruct_protection.json:/effects/1	sha256:a9875ac8991d109dcb62e15a6c2edf4925537322b64dc11266513d9354274d8c	Один уровень
mantle-book:tconstruct:mighty_smelting:abilities/armor/general/tconstruct_protection.json:/effects/2	sha256:224c33723654475a5ea88c65031ecb693aea802e4d7a959d58b23fa14a7ef3cc	Требуется 1 слот способностей на каждый уровень.
mantle-book:tconstruct:mighty_smelting:abilities/armor/general/tconstruct_protection.json:/text/0/text	sha256:5592361444e1da2476767d90b9b02fa3a70152880d284a9fc69ad19934f97118	После всех этих лет. Наконец-то они все у меня есть.
mantle-book:tconstruct:mighty_smelting:abilities/armor/general/tconstruct_wetting.json:/effects/0	sha256:e0df495eca77b4bf1c46f7c69a613f5afb9a97e659014bf74ad0ea61752e5884	Шанс на каждом уровне применить эффекты жидкости при повреждении.
mantle-book:tconstruct:mighty_smelting:abilities/armor/general/tconstruct_wetting.json:/effects/1	sha256:7bdde62d04c9c42e8f0b591bb79ecb1c8383c7521086ce2c57aa5d5658c34204	Различные эффекты, основанные на жидкости, включая исцеление или силу.
mantle-book:tconstruct:mighty_smelting:abilities/armor/general/tconstruct_wetting.json:/effects/2	sha256:224c33723654475a5ea88c65031ecb693aea802e4d7a959d58b23fa14a7ef3cc	Требуется 1 слот способностей на каждый уровень.
mantle-book:tconstruct:mighty_smelting:abilities/armor/general/tconstruct_wetting.json:/text/0/text	sha256:0c99d4d3819053d97688dd8ee4a168a48a3aeb48f0d3d4b3110829d9ea12760b	Ничего страшного, если ты немного намочишься, когда поранишься. Подожди, ты не добавлял этот модификатор в штаны?
mantle-book:tconstruct:mighty_smelting:abilities/armor/general/tconstruct_wetting.json:/text/1/text	sha256:6a374d0217b69ba2ba9ade0d5282f49d380c49e2c98de09adc78685fe88922e8	Щелчок правой кнопкой мыши по резервуару с инструментом заполняет его.
mantle-book:tconstruct:mighty_smelting:abilities/armor/helmet/tconstruct_aqua_affinity.json:/effects/0	sha256:232058dd464daa9bd6056f4686768538c6fe32e19dbf0cfce6b7db2b7f78e6b0	Увеличивает скорость копания под водой
mantle-book:tconstruct:mighty_smelting:abilities/armor/helmet/tconstruct_aqua_affinity.json:/effects/1	sha256:a9875ac8991d109dcb62e15a6c2edf4925537322b64dc11266513d9354274d8c	Одноуровневое
mantle-book:tconstruct:mighty_smelting:abilities/armor/helmet/tconstruct_aqua_affinity.json:/effects/2	sha256:9054648401154dbc81e695699f3000a2016b0de218c5d880c2204f187d4105e5	Требуется 1 слот для умений
mantle-book:tconstruct:mighty_smelting:abilities/armor/helmet/tconstruct_aqua_affinity.json:/text/0/text	sha256:0f25aa5af4d77f936e91e004139ec4997687befe19c6987210f669be0587d0e8	Очаровательная связь с водной средой, устраняющая все неприятности из-за нехватки воздуха.
mantle-book:tconstruct:mighty_smelting:abilities/armor/helmet/tconstruct_slurping.json:/effects/0	sha256:8b7cd7df4c5e767111befb946f18a8bb2e470178c3997b68321a4168b4cdf646	Пейте жидкости, хранящиеся в шлеме.
mantle-book:tconstruct:mighty_smelting:abilities/armor/helmet/tconstruct_slurping.json:/effects/1	sha256:95ff46e474e7c38578ce96aea3a3d4a5add40b55944a554355f7c0549d071967	Привязка клавиш используется для питья.
mantle-book:tconstruct:mighty_smelting:abilities/armor/helmet/tconstruct_slurping.json:/effects/2	sha256:224c33723654475a5ea88c65031ecb693aea802e4d7a959d58b23fa14a7ef3cc	Требуется 1 слот способностей на каждый уровень.
mantle-book:tconstruct:mighty_smelting:abilities/armor/helmet/tconstruct_slurping.json:/effects/3	sha256:c4026f9b3aa580f3ebbaa737b878c4b4f50165c409e1a243b1539d32974f9ca5	При более высоких уровнях пьют больше жидкости для более сильного эффекта.
mantle-book:tconstruct:mighty_smelting:abilities/armor/helmet/tconstruct_slurping.json:/text/0/text	sha256:061920a78df6c57b77dc17dbbf3073f06bb72efca148fe1c581654af3d491914	Он был номером один!
mantle-book:tconstruct:mighty_smelting:abilities/armor/leggings/tconstruct_crafting_table.json:/effects/0	sha256:c22e4a3cfc91338ac9614bcf9f00dc98e7cc344ca45e4231a525cb903e0b9249	Добавляет полный верстак в инвентарь инструмента.
mantle-book:tconstruct:mighty_smelting:abilities/armor/leggings/tconstruct_crafting_table.json:/effects/1	sha256:a9875ac8991d109dcb62e15a6c2edf4925537322b64dc11266513d9354274d8c	Один уровень
mantle-book:tconstruct:mighty_smelting:abilities/armor/leggings/tconstruct_crafting_table.json:/effects/2	sha256:9054648401154dbc81e695699f3000a2016b0de218c5d880c2204f187d4105e5	Требуется 1 слот способностей.
mantle-book:tconstruct:mighty_smelting:abilities/armor/leggings/tconstruct_crafting_table.json:/text/0/text	sha256:4f795dfeda5e6e261a0c47f0c2fa89e0043fa7c51a57b91958bf88425516657e	Как спутанные нитки в кармане, только полезно.
mantle-book:tconstruct:mighty_smelting:abilities/armor/leggings/tconstruct_pockets.json:/effects/0	sha256:a1e004beed97722d9a891b97e8dd0d73229459b5e6cf855e69c6455cd94a08c5	Добавляет больше места в инвентаре
mantle-book:tconstruct:mighty_smelting:abilities/armor/leggings/tconstruct_pockets.json:/effects/1	sha256:efa0b4dab45f4287967e168e98c4978293bd12bfab315a75f0ed4ce154f9674d	Для открытия присядьте и нажмите клавишу взаимодействия
mantle-book:tconstruct:mighty_smelting:abilities/armor/leggings/tconstruct_pockets.json:/effects/2	sha256:5482196d313c8da93f897560299c9132d442a87d52ea313854ab72c3ba4c2199	Несколько уровней, каждый уровень дает +18 слотов.
mantle-book:tconstruct:mighty_smelting:abilities/armor/leggings/tconstruct_pockets.json:/effects/3	sha256:224c33723654475a5ea88c65031ecb693aea802e4d7a959d58b23fa14a7ef3cc	Требуется 1 слот для умений
mantle-book:tconstruct:mighty_smelting:abilities/armor/leggings/tconstruct_pockets.json:/text/0/text	sha256:2117591ce7e56b5ca3af9297d3822a7076c31f844375a2cf91ef55a28b21b607	Единственное, что вам сейчас нужно, - это карманный калькулятор, чтобы вы могли правильно подсчитать количество карманов.
mantle-book:tconstruct:mighty_smelting:abilities/armor/leggings/tconstruct_soul_belt.json:/effects/0	sha256:512fb2812516cc247c7d47b82a20c6fb765253769c9a50f09bf46c29e3ab1993	Предметы с панели быстрого доступа останутся с вами после безвременной кончины.
mantle-book:tconstruct:mighty_smelting:abilities/armor/leggings/tconstruct_soul_belt.json:/effects/1	sha256:750db518cb8ac7089bd049f4db92f0bb703e4f066da4ef181e1bf642add9fa6e	Один уровень
mantle-book:tconstruct:mighty_smelting:abilities/armor/leggings/tconstruct_soul_belt.json:/effects/2	sha256:9054648401154dbc81e695699f3000a2016b0de218c5d880c2204f187d4105e5	Требуется 1 слот способностей.
mantle-book:tconstruct:mighty_smelting:abilities/armor/leggings/tconstruct_soul_belt.json:/text/0/text	sha256:8bec7239e7f0aba16013403c7abafdca51e812d62700169df06e313a460051ab	Держите друзей рядом, а инструменты — ближе.
mantle-book:tconstruct:mighty_smelting:abilities/armor/leggings/tconstruct_tool_belt.json:/effects/0	sha256:af0b08fa3fc33afbca84f572432e07481e0694b264fc5ff109ac95cd2543db74	Слоты можно менять местами со слотами панели быстрого доступа, зажав Ctrl и нажав клавишу взаимодействия с поножами.
mantle-book:tconstruct:mighty_smelting:abilities/armor/leggings/tconstruct_tool_belt.json:/effects/1	sha256:83456037709e0a11d8ab1deebc9b51644a50199a0d6f77a22a3e4e873666af50	Предоставляет 4 слота плюс 1 за каждый последующий уровень.
mantle-book:tconstruct:mighty_smelting:abilities/armor/leggings/tconstruct_tool_belt.json:/effects/2	sha256:b115c194dc1c8b7e5da9eed8e5bc12d46032388a00ddad133100aa89b761e64d	Для каждого уровня используется отдельный рецепт
mantle-book:tconstruct:mighty_smelting:abilities/armor/leggings/tconstruct_tool_belt.json:/effects/3	sha256:b62a0067e9cd5a0a1a7faef53f727c181135044da45151387ff2f24d901742fb	Требуется 1 слот для умений
mantle-book:tconstruct:mighty_smelting:abilities/armor/leggings/tconstruct_tool_belt.json:/text/0/text	sha256:beaf5aec235870f81704d307a8bc426b000b0ce3ae625e0ba2cfee6c4f3a791e	Это пояс для хранения ваших инструментов. Пояс для инструментов.
mantle-book:tconstruct:mighty_smelting:abilities/armor/shield/tconstruct_boundless.json:/effects/0	sha256:885b9c0ba47a53ebc9a6557fa1afdadcd45a070f2ff39d4a9b26a05d5ca66bff	Увеличивает максимальную степень защиты на 10%.
mantle-book:tconstruct:mighty_smelting:abilities/armor/shield/tconstruct_boundless.json:/effects/1	sha256:b07dfad821121af3136c729e65958bd79a7b4b8e2033bc73bd84eadcbc2d4726	Вторая часть дает дополнительные 5%.
mantle-book:tconstruct:mighty_smelting:abilities/armor/shield/tconstruct_boundless.json:/effects/2	sha256:a9875ac8991d109dcb62e15a6c2edf4925537322b64dc11266513d9354274d8c	Один уровень
mantle-book:tconstruct:mighty_smelting:abilities/armor/shield/tconstruct_boundless.json:/effects/3	sha256:9054648401154dbc81e695699f3000a2016b0de218c5d880c2204f187d4105e5	Требуется 1 слот способностей.
mantle-book:tconstruct:mighty_smelting:abilities/armor/shield/tconstruct_boundless.json:/text/0/text	sha256:93f384748fa7770b72705db04436857d0a5e3e53fa8d0c2c463fbbe3a83535ac	У вас нет ограничений! Хорошо, у вас все еще есть ограничения, просто теперь они выше.
mantle-book:tconstruct:mighty_smelting:abilities/armor/shield/tconstruct_reflecting.json:/effects/0	sha256:eeb99d0ffc01ff0d1419d9ff62ffdeb75b7e9e69ba71c0a5b0686651452f176f	Снаряды отскакивают за короткое время после блока.
mantle-book:tconstruct:mighty_smelting:abilities/armor/shield/tconstruct_reflecting.json:/effects/1	sha256:e2e391349d4fc0ac777497fc079c464c638ddd92e6349ddbeafecdd34890ac7c	Несколько уровней, каждый уровень увеличивает отражающее окно.
mantle-book:tconstruct:mighty_smelting:abilities/armor/shield/tconstruct_reflecting.json:/effects/2	sha256:9054648401154dbc81e695699f3000a2016b0de218c5d880c2204f187d4105e5	Требуется 1 слот способностей.
mantle-book:tconstruct:mighty_smelting:abilities/armor/shield/tconstruct_reflecting.json:/text/0/text	sha256:2100558a022d3edb87c480f70dc52b3a2938c028f162de74cf9e11b3ba5505fc	Ваш щит — это еще и ваш батут.
mantle-book:tconstruct:mighty_smelting:abilities/general.json:/text/0/text	sha256:0fdf2d857a4f039f606db928fd948c08137450027492e7f0bdd08ea8c1c94c38	Умения — особые модификаторы, способные существенно изменить работу инструмента. Для них нужны отдельные слоты умений: они встречаются реже слотов улучшений, но дают более сильный эффект на слот.
mantle-book:tconstruct:mighty_smelting:abilities/general.json:/text/1/text	sha256:bbf8ee2f34d8e28e07aeaac62eb077cde0da688a323ea2244c1daa06d372f001	Эти умения усилят ваш инструмент во всех отношениях!
mantle-book:tconstruct:mighty_smelting:abilities/general.json:/title	sha256:ce0fcbcba219c15592621f0d2b1afb4265209e449ceb0a0b42de305b5dbcb2dd	Основные умения
mantle-book:tconstruct:mighty_smelting:abilities/general/tconstruct_expanded.json:/effects/0	sha256:d318235789c6087a60bf7281933fd8166166e1593375d9e7b239a8a7262ed5d7	Увеличивает ширину и высоту добычи.
mantle-book:tconstruct:mighty_smelting:abilities/general/tconstruct_expanded.json:/effects/1	sha256:748d5aace992e3de891bf2aac473ff92d5445a3fb674bed0c41ba3c1bb4a100b	Диапазон разный для каждого инструмента.
mantle-book:tconstruct:mighty_smelting:abilities/general/tconstruct_expanded.json:/effects/2	sha256:8eddf358cf782b7a2bac63c5bf3c479c849d292ed04c9a7d2d25b43dffbeff49	Несколько уровней, каждый уровень увеличивает ширину и высоту на один
mantle-book:tconstruct:mighty_smelting:abilities/general/tconstruct_expanded.json:/effects/3	sha256:224c33723654475a5ea88c65031ecb693aea802e4d7a959d58b23fa14a7ef3cc	Требуется 1 слот способностей на каждый уровень.
mantle-book:tconstruct:mighty_smelting:abilities/general/tconstruct_expanded.json:/text/0/text	sha256:e90b6708eceea3672250e530d25e38173cda3e7656d06341747c2381723fc6fa	Чем больше, тем лучше, верно?
mantle-book:tconstruct:mighty_smelting:abilities/general/tconstruct_gilded.json:/effects/0	sha256:fcb7f44abd7a4df925be35b8ea12329b9a037910da3f174df967f9f2170c33c7	Обменивает 1 слот для умений на 2 слота для улучшений
mantle-book:tconstruct:mighty_smelting:abilities/general/tconstruct_gilded.json:/effects/1	sha256:be4a533c2172a8671007c1eb08e45857683a2e1717aa6fc500390f509db0e5ab	Многоуровневый
mantle-book:tconstruct:mighty_smelting:abilities/general/tconstruct_gilded.json:/effects/2	sha256:9054648401154dbc81e695699f3000a2016b0de218c5d880c2204f187d4105e5	Требует 1 слот для умений
mantle-book:tconstruct:mighty_smelting:abilities/general/tconstruct_gilded.json:/text/0/text	sha256:17912af6aff84a38bb3877c06d875e806cf3a4a6d90a85f287fda825e7f3a97f	Это специальное предложение: сразу 2 по цене 1!
mantle-book:tconstruct:mighty_smelting:abilities/general/tconstruct_luck.json:/effects/0	sha256:9a94a1455a2125187c2e3b953f1649ffc2e976cffb4a891279c7da0fb01d84b8	Увеличивает количество предметов, выпадающих из мобов и блоков
mantle-book:tconstruct:mighty_smelting:abilities/general/tconstruct_luck.json:/effects/1	sha256:ea64271a0f13e340c8339afbb941001f59949936a9fc33e9b06f5a1ed22aece7	На инструментах — максимум 3 уровня, для каждого уровня свой рецепт
mantle-book:tconstruct:mighty_smelting:abilities/general/tconstruct_luck.json:/effects/2	sha256:d46629b0cff5cf29114f560c4324e59a826f1a64fe4574782bf9c4a416c6cef1	На поножах — максимум 1 уровень; увеличивает добычу при использовании инструмента в руке
mantle-book:tconstruct:mighty_smelting:abilities/general/tconstruct_luck.json:/effects/3	sha256:8940079d2dfa47b9aced65252b8321b2fb02798dc6890a6202ff9665031fbc65	Только для первого уровня требуется 1 слот способностей.
mantle-book:tconstruct:mighty_smelting:abilities/general/tconstruct_luck.json:/text/0/text	sha256:4bbb6e0820425923f8e821cfafd9c7b2fac5502d35777be1d42892bb6a908e70	По моему опыту, удачи не бывает.
mantle-book:tconstruct:mighty_smelting:abilities/general/tconstruct_melting.json:/effects/0	sha256:593500af81bd0623e5ecae58220d30f6058a36faff7f72285f5b04d3e3f77961	Расплавляет атакованных мобов в резервуар инструмента.
mantle-book:tconstruct:mighty_smelting:abilities/general/tconstruct_melting.json:/effects/1	sha256:ccda719cad62601f057f4d8f9586551dd44cc5a6e8e86a4ccd363c7f9522846a	Выпавшие предметы также расплавляются, если это возможно.
mantle-book:tconstruct:mighty_smelting:abilities/general/tconstruct_melting.json:/effects/2	sha256:2711190e438162b97e0ea305f916562276ca06c7881578aff604828f11de43ad	Инструмент можно опорожнить в резервуар или слив плавильни
mantle-book:tconstruct:mighty_smelting:abilities/general/tconstruct_melting.json:/effects/3	sha256:debf420f35751c11b781ddd2a66bd9f408faaab1880e9fae1d2ad22734b6b11d	Требуется 1 слот способностей, один уровень.
mantle-book:tconstruct:mighty_smelting:abilities/general/tconstruct_melting.json:/text/0/text	sha256:c4732876cd98123bc32b9177b14d25bf8b7475deca33a995209f06e7b2d2816d	Плавильня недостаточно портативна? Превратите свой инструмент в ручную плавильню!
mantle-book:tconstruct:mighty_smelting:abilities/general/tconstruct_melting.json:/text/1/text	sha256:a1abe114dc6967ed3950c253a4324dae5f83d6fb3478cfb29740faca5cf74b4e	Щелкните правой кнопкой мыши резервуар, удерживая инструмент, чтобы слить жидкость.
mantle-book:tconstruct:mighty_smelting:abilities/general/tconstruct_unbreakable.json:/effects/0	sha256:796cfccdb6b98bd1d0e4e1073061188e7b735feddd87fc6ab4e1593c56513f3a	Теперь ваш инструмент не сломается
mantle-book:tconstruct:mighty_smelting:abilities/general/tconstruct_unbreakable.json:/effects/1	sha256:750db518cb8ac7089bd049f4db92f0bb703e4f066da4ef181e1bf642add9fa6e	Одноуровневый
mantle-book:tconstruct:mighty_smelting:abilities/general/tconstruct_unbreakable.json:/effects/2	sha256:7ec8e8a49df274b1f222a4cb3bea51247c94cb924b016158994e687af3fb7c88	Требуется 1 слот для умений, Усиление 5, Незерит
mantle-book:tconstruct:mighty_smelting:abilities/general/tconstruct_unbreakable.json:/effects/3	sha256:8190a3687a0cddb81003da5cced46e609d5517cb6eac4c947450ebfa529afef5	Не эффективен, если Вы пытаетесь съесть свой инструмент
mantle-book:tconstruct:mighty_smelting:abilities/general/tconstruct_unbreakable.json:/text/0/text	sha256:caef70a26ac3c326838bfc7ec54649055e9c1f0399b2a7207cdfccd85faa97d2	Сломанные вещи не приносят удовольствия, но, к счастью, их можно сделать неразрушаемыми.
mantle-book:tconstruct:mighty_smelting:abilities/harvest.json:/text/0/text	sha256:9fa2ed8f6a9128bf26bc72e4ec0ce4e0f37eb11c63b288205636d44966a35fa7	Собирайте урожай с лёгкостью! Хотя нет, речь о другой добыче... Эти умения помогут эффективнее добывать блоки в особых ситуациях!
mantle-book:tconstruct:mighty_smelting:abilities/harvest.json:/text/1/text	sha256:e304f10ab57286df24de2b1982898620a06bfef0ae30d95928cc68af9a2f4269	Эти умения можно использовать для расширения возможностей добывания, позволяя добывать уникальными способами.
mantle-book:tconstruct:mighty_smelting:abilities/harvest.json:/title	sha256:975b35b1c9fa38416c70ae32b620ab9720faad88a430be1a554b72c389e6ef6c	Умения для копания
mantle-book:tconstruct:mighty_smelting:abilities/harvest/tconstruct_autosmelt.json:/effects/0	sha256:f7402baef0544f4eb546b67d90914425a8dc3de60bb3914ebf8836a72a67b0ca	Выпадающие блоки переплавятся, если это возможно
mantle-book:tconstruct:mighty_smelting:abilities/harvest/tconstruct_autosmelt.json:/effects/1	sha256:750db518cb8ac7089bd049f4db92f0bb703e4f066da4ef181e1bf642add9fa6e	Одноуровневый
mantle-book:tconstruct:mighty_smelting:abilities/harvest/tconstruct_autosmelt.json:/effects/2	sha256:9054648401154dbc81e695699f3000a2016b0de218c5d880c2204f187d4105e5	Требуется 1 слот для умений
mantle-book:tconstruct:mighty_smelting:abilities/harvest/tconstruct_autosmelt.json:/text/0/text	sha256:cdcac75d909b2577a99bdaa2ef8b59c1b1a0e597b80fd4ce6e5072abcd6f219a	Адское пламя полезно для повышения температуры.
mantle-book:tconstruct:mighty_smelting:abilities/harvest/tconstruct_exchanging.json:/effects/0	sha256:e9d3bc1423c51adcc3a61156920ea6ef1cffeb45aa1f0c5cc04de97084effef0	Разрушаемые блоки заменяются блоками из неведущей (левой) руки
mantle-book:tconstruct:mighty_smelting:abilities/harvest/tconstruct_exchanging.json:/effects/1	sha256:750db518cb8ac7089bd049f4db92f0bb703e4f066da4ef181e1bf642add9fa6e	Одноуровневый
mantle-book:tconstruct:mighty_smelting:abilities/harvest/tconstruct_exchanging.json:/effects/2	sha256:9054648401154dbc81e695699f3000a2016b0de218c5d880c2204f187d4105e5	Требуется 1 слот для умений
mantle-book:tconstruct:mighty_smelting:abilities/harvest/tconstruct_exchanging.json:/text/0/text	sha256:5afd64f7ac9f0a8aedb6766f91b8f8e4ebb8942320793df681fda768218eebd7	При использовании этого умения вас, возможно, погонит гигантский валун — ведь обменивать предметы правильно вы так и не научились.
mantle-book:tconstruct:mighty_smelting:abilities/harvest/tconstruct_silky.json:/effects/0	sha256:95d85833a0b085d8acdd6bc52f5820d35678b94e53760568f15eac32d7e0512c	Добываемые блоки выпадают сами
mantle-book:tconstruct:mighty_smelting:abilities/harvest/tconstruct_silky.json:/effects/1	sha256:750db518cb8ac7089bd049f4db92f0bb703e4f066da4ef181e1bf642add9fa6e	Одноуровневый
mantle-book:tconstruct:mighty_smelting:abilities/harvest/tconstruct_silky.json:/effects/2	sha256:9054648401154dbc81e695699f3000a2016b0de218c5d880c2204f187d4105e5	Требуется 1 слот для умений
mantle-book:tconstruct:mighty_smelting:abilities/harvest/tconstruct_silky.json:/text/0/text	sha256:8dba243abafb4e7becc42ecf764cb1be7fa9a90250c8d01534601e1cdae64110	Хороший и удобный модификатор.
mantle-book:tconstruct:mighty_smelting:abilities/interact.json:/text/0/text	sha256:aa06e516be1b75aa0eba2e143129728b140de8c97ecad30bd155edb8d824507e	Все эти умения влияют на ваше взаимодействие.
mantle-book:tconstruct:mighty_smelting:abilities/interact.json:/text/1/text	sha256:7705e446175d2bcbc2b70b7d9d786e3582bf4363de6743bd2f79c4f2345ceb05	В силу своей природы некоторые умения взаимодействия будут конфликтовать.
mantle-book:tconstruct:mighty_smelting:abilities/interact.json:/title	sha256:d7a5f696549b84563b52f7b05f351d269e3a08774114f91812fbfa716842dfc4	Умения для взаимодействия
mantle-book:tconstruct:mighty_smelting:abilities/interact/tconstruct_bonking.json:/effects/0	sha256:c4786daadd1e03b44c6c59e2ca925744ce7041ada971b4e3c390d40d5a541904	Зарядитесь, чтобы отбросить выбранного моба.
mantle-book:tconstruct:mighty_smelting:abilities/interact/tconstruct_bonking.json:/effects/1	sha256:e5e495b8a452a558fc74694cf3d760723f9eb02cf98ed203d1df31c02f70030d	Можно увеличить скорость запуска за счет силы или отбрасывания.
mantle-book:tconstruct:mighty_smelting:abilities/interact/tconstruct_bonking.json:/effects/2	sha256:a9875ac8991d109dcb62e15a6c2edf4925537322b64dc11266513d9354274d8c	Один уровень
mantle-book:tconstruct:mighty_smelting:abilities/interact/tconstruct_bonking.json:/effects/3	sha256:9054648401154dbc81e695699f3000a2016b0de218c5d880c2204f187d4105e5	Требуется 1 слот способностей.
mantle-book:tconstruct:mighty_smelting:abilities/interact/tconstruct_bonking.json:/text/0/text	sha256:22b71b3fd27b8c75b88d8203257a913fc631cf97f77201e2b23a5894d0cd498e	Лучше всего использовать на скалах во время эпического заката.
mantle-book:tconstruct:mighty_smelting:abilities/interact/tconstruct_brushing.json:/effects/0	sha256:e455f2316fdab8905c3ae67834db4e4fa91f10b37ee4b8b7134ddeb65d517841	Продолжайте использовать инструмент на подозрительных блоках, чтобы найти добычу.
mantle-book:tconstruct:mighty_smelting:abilities/interact/tconstruct_brushing.json:/effects/1	sha256:a9875ac8991d109dcb62e15a6c2edf4925537322b64dc11266513d9354274d8c	Один уровень
mantle-book:tconstruct:mighty_smelting:abilities/interact/tconstruct_brushing.json:/effects/2	sha256:9054648401154dbc81e695699f3000a2016b0de218c5d880c2204f187d4105e5	Требуется 1 слот способностей.
mantle-book:tconstruct:mighty_smelting:abilities/interact/tconstruct_brushing.json:/text/0/text	sha256:039f592732604a42ee2c05ef71e3c764b3cd4a911834e60d76dbe41053a450a9	Откройте для себя древнюю цивилизацию. Или, по крайней мере, кучу глупой глиняной посуды.
mantle-book:tconstruct:mighty_smelting:abilities/interact/tconstruct_bucketing.json:/effects/0	sha256:fd3547bfd8390a532005545e20bc131427b808141f028e3e32769e7411ab0880	Теперь вашим инструментом является ведро.
mantle-book:tconstruct:mighty_smelting:abilities/interact/tconstruct_bucketing.json:/effects/1	sha256:2b83b189096e32513a781035245961b5a37cf0a486fa39e141000a3b49e49d5e	Размер резервуара можно увеличить улучшением «Резервуар».
mantle-book:tconstruct:mighty_smelting:abilities/interact/tconstruct_bucketing.json:/effects/2	sha256:a9875ac8991d109dcb62e15a6c2edf4925537322b64dc11266513d9354274d8c	Один уровень
mantle-book:tconstruct:mighty_smelting:abilities/interact/tconstruct_bucketing.json:/effects/3	sha256:9054648401154dbc81e695699f3000a2016b0de218c5d880c2204f187d4105e5	Требуется 1 слот способностей.
mantle-book:tconstruct:mighty_smelting:abilities/interact/tconstruct_bucketing.json:/text/0/text	sha256:5adc692c5a5d0b316e1c1b47e13826fac5f29c7c681dd8c6fd2ff6bc7267287f	§oЭто ведро.§r
mantle-book:tconstruct:mighty_smelting:abilities/interact/tconstruct_bucketing.json:/text/2/text	sha256:8925f244ed650cf5c809d939bfdf41d87b048cd73a5b1899cc5a6492825366cf	§lДорогой Бог.§r
mantle-book:tconstruct:mighty_smelting:abilities/interact/tconstruct_bucketing.json:/text/4/text	sha256:786722884eb46468bbfe5a1a6ef1b4f3897faf627c420cd189edc913a3aab88f	§oЭто еще не все.§r
mantle-book:tconstruct:mighty_smelting:abilities/interact/tconstruct_bucketing.json:/text/6/text	sha256:9d4349762dc917ee86e128d2bc40ed0135d11e8281c593657ec0d4d7746617a7	§lНееет.§r
mantle-book:tconstruct:mighty_smelting:abilities/interact/tconstruct_drill_attack.json:/effects/0	sha256:fc4c56efe51771c8dc060d3c13dab613a6c0ff179c6ca2ec03bc1bd154e36c5c	Требуется пружинение, бросок или захват.
mantle-book:tconstruct:mighty_smelting:abilities/interact/tconstruct_drill_attack.json:/effects/1	sha256:b7b4be8620b16c5afb16cdc7367011d35617dca105bcfb38f0412d577273b90f	Удар по мобу во время движения приведет к атаке в ближнем бою.
mantle-book:tconstruct:mighty_smelting:abilities/interact/tconstruct_drill_attack.json:/effects/2	sha256:a9875ac8991d109dcb62e15a6c2edf4925537322b64dc11266513d9354274d8c	Один уровень
mantle-book:tconstruct:mighty_smelting:abilities/interact/tconstruct_drill_attack.json:/effects/3	sha256:9054648401154dbc81e695699f3000a2016b0de218c5d880c2204f187d4105e5	Требуется 1 слот способностей.
mantle-book:tconstruct:mighty_smelting:abilities/interact/tconstruct_drill_attack.json:/text/0/text	sha256:cc3bf3a6ed565fbd1df0b49666808079468a9350c51fb64593eb5bb649458eb1	У меня кружится голова.
mantle-book:tconstruct:mighty_smelting:abilities/interact/tconstruct_firestarter.json:/effects/0	sha256:ac1b1f701b562959e147ab75ab246ac24741705484a86ae1706992a629687fc9	Нажмите, чтобы разжечь огонь
mantle-book:tconstruct:mighty_smelting:abilities/interact/tconstruct_firestarter.json:/effects/1	sha256:a9875ac8991d109dcb62e15a6c2edf4925537322b64dc11266513d9354274d8c	Одноуровневый
mantle-book:tconstruct:mighty_smelting:abilities/interact/tconstruct_firestarter.json:/effects/2	sha256:9054648401154dbc81e695699f3000a2016b0de218c5d880c2204f187d4105e5	Требуется 1 слот для умений
mantle-book:tconstruct:mighty_smelting:abilities/interact/tconstruct_firestarter.json:/effects/3	sha256:e5cec9e96b3784299858a590de497ba107015bd9af149d9a1221b0a5324ae549	Применение к кремню и бронзе увеличивает радиус действия и требует 1 слот улучшений
mantle-book:tconstruct:mighty_smelting:abilities/interact/tconstruct_firestarter.json:/text/0/text	sha256:f5b0730edc1df4ae2a283cd70885ac664d3f4e0c1c46cadad1b50bdbed2dd630	Всё изменилось с появлением модификатора Поджигатель.
mantle-book:tconstruct:mighty_smelting:abilities/interact/tconstruct_flinging.json:/effects/0	sha256:19aebb7515b4e1a2b8292bcbe6ed5baff50084672fad6187cb63c530730abaeb	Заряд для запуска в сторону от целевого блока.
mantle-book:tconstruct:mighty_smelting:abilities/interact/tconstruct_flinging.json:/effects/1	sha256:e5e495b8a452a558fc74694cf3d760723f9eb02cf98ed203d1df31c02f70030d	Можно увеличить скорость запуска за счет силы или отбрасывания.
mantle-book:tconstruct:mighty_smelting:abilities/interact/tconstruct_flinging.json:/effects/2	sha256:a9875ac8991d109dcb62e15a6c2edf4925537322b64dc11266513d9354274d8c	Один уровень
mantle-book:tconstruct:mighty_smelting:abilities/interact/tconstruct_flinging.json:/effects/3	sha256:9054648401154dbc81e695699f3000a2016b0de218c5d880c2204f187d4105e5	Требуется 1 слот способностей.
mantle-book:tconstruct:mighty_smelting:abilities/interact/tconstruct_flinging.json:/text/0/text	sha256:b679cde8e7d08aa54b8343d4fb503957c43a5419fd77f56363cdaa56013add07	До бесконечности и дальше! (не летающая игрушка)
mantle-book:tconstruct:mighty_smelting:abilities/interact/tconstruct_glowing.json:/effects/0	sha256:92937c89ea4d05124afa5a2dc6c22237fdd58d7f7d347623c659380627a2ac59	Взаимодействуйте, чтобы создать свечение, потребляющее прочность.
mantle-book:tconstruct:mighty_smelting:abilities/interact/tconstruct_glowing.json:/effects/1	sha256:872032ee3f3a3e19d560c30e9e0737fca4e61aed1c4f9343299a8aab983745ba	Луки могут создавать свечение, потребляя стрелы.
mantle-book:tconstruct:mighty_smelting:abilities/interact/tconstruct_glowing.json:/effects/2	sha256:a9875ac8991d109dcb62e15a6c2edf4925537322b64dc11266513d9354274d8c	Один уровень
mantle-book:tconstruct:mighty_smelting:abilities/interact/tconstruct_glowing.json:/effects/3	sha256:9054648401154dbc81e695699f3000a2016b0de218c5d880c2204f187d4105e5	Требуется 1 слот способностей.
mantle-book:tconstruct:mighty_smelting:abilities/interact/tconstruct_glowing.json:/text/0/text	sha256:74c56cd0f756dfc6ea81f2d5097282ff7f092618a6dbadaab2f10e89554c7e7c	Это блестящая идея.
mantle-book:tconstruct:mighty_smelting:abilities/interact/tconstruct_pathing.json:/effects/0	sha256:fcda060c47495c1de0b734342d3fd652e1493a55ba91f591d98da78ec455e038	Позволяет создавать тропы с помощью инструментов
mantle-book:tconstruct:mighty_smelting:abilities/interact/tconstruct_pathing.json:/effects/1	sha256:a9875ac8991d109dcb62e15a6c2edf4925537322b64dc11266513d9354274d8c	Одноуровневый
mantle-book:tconstruct:mighty_smelting:abilities/interact/tconstruct_pathing.json:/effects/2	sha256:9054648401154dbc81e695699f3000a2016b0de218c5d880c2204f187d4105e5	Требуется 1 слот для умений
mantle-book:tconstruct:mighty_smelting:abilities/interact/tconstruct_pathing.json:/text/0/text	sha256:120f74b1f640a8a59e81d53d273c1ec372d581b060b64737da2572aee0bfbee3	Если вы не можете найти дорогу из золотого кирпича, проложите свою собственную тропинку.
mantle-book:tconstruct:mighty_smelting:abilities/interact/tconstruct_slurping.json:/effects/0	sha256:e1b130fcfddb7bdac4da24cced472c30382578bc483a44f7f3c7283c01ac121e	При использовании пейте жидкость, хранящуюся в инструменте.
mantle-book:tconstruct:mighty_smelting:abilities/interact/tconstruct_slurping.json:/effects/1	sha256:224c33723654475a5ea88c65031ecb693aea802e4d7a959d58b23fa14a7ef3cc	Требуется 1 слот способностей на каждый уровень.
mantle-book:tconstruct:mighty_smelting:abilities/interact/tconstruct_slurping.json:/effects/2	sha256:c4026f9b3aa580f3ebbaa737b878c4b4f50165c409e1a243b1539d32974f9ca5	При более высоких уровнях пьют больше жидкости для более сильного эффекта.
mantle-book:tconstruct:mighty_smelting:abilities/interact/tconstruct_slurping.json:/text/0/text	sha256:f15bb76d81247f05f7a35039739ca1337d057663d8d99b0e8b8b7a342a31089a	Ммм, очень вкусно!
mantle-book:tconstruct:mighty_smelting:abilities/interact/tconstruct_spitting.json:/effects/0	sha256:af346858096f758a3621cbc85b6cce38ff226eb5962d7aefc858a5729396bdb5	Зарядите, чтобы выплюнуть жидкость в направлении взгляда
mantle-book:tconstruct:mighty_smelting:abilities/interact/tconstruct_spitting.json:/effects/1	sha256:a3eac7d8207af6a83b799e116ba847c8ab9dd7c6fd56443a9ba600c6ba1058f9	Более высокие уровни запускают больше снарядов.
mantle-book:tconstruct:mighty_smelting:abilities/interact/tconstruct_spitting.json:/effects/2	sha256:224c33723654475a5ea88c65031ecb693aea802e4d7a959d58b23fa14a7ef3cc	Требуется 1 слот способностей на каждый уровень.
mantle-book:tconstruct:mighty_smelting:abilities/interact/tconstruct_spitting.json:/text/0/text	sha256:84e14fd99e2ed029476480d7994433148a959146377d3b57731788bf05855242	Никогда не вступайте в состязание по плевкам с ламой.
mantle-book:tconstruct:mighty_smelting:abilities/interact/tconstruct_splashing.json:/effects/0	sha256:bf9649a922ccd4814373275d22a5534a81d9299b114f069c975d0e2891f6dc3e	Сливает жидкость при взаимодействии
mantle-book:tconstruct:mighty_smelting:abilities/interact/tconstruct_splashing.json:/effects/1	sha256:ca94ea93de9b6328fda91e0608e056ca93b716cfdaaa23ddf734f2fce8cbf6ad	Различные эффекты, основанные на жидкости, включая огонь и яд.
mantle-book:tconstruct:mighty_smelting:abilities/interact/tconstruct_splashing.json:/effects/2	sha256:224c33723654475a5ea88c65031ecb693aea802e4d7a959d58b23fa14a7ef3cc	Требуется 1 слот способностей на каждый уровень.
mantle-book:tconstruct:mighty_smelting:abilities/interact/tconstruct_splashing.json:/text/0/text	sha256:f41302570461997c127d4384df04e85f8e0053936943b8c08e6780bf5c22f157	Как вечеринка у бассейна, только без бассейна.
mantle-book:tconstruct:mighty_smelting:abilities/interact/tconstruct_splashing.json:/text/1/text	sha256:40b3f2946d9bc603f31d08cb58cd943a952d1448960ac6321293198e0807ee1d	Щелчок правой кнопкой мыши по резервуару с инструментом заполняет его.
mantle-book:tconstruct:mighty_smelting:abilities/interact/tconstruct_springing.json:/effects/0	sha256:d5498e5619e5df259da5acb6bde96334b410c7f3e5f629dfb4226d822897c5dc	Зарядитесь, чтобы запуститься в том направлении, в котором вы смотрите.
mantle-book:tconstruct:mighty_smelting:abilities/interact/tconstruct_springing.json:/effects/1	sha256:e5e495b8a452a558fc74694cf3d760723f9eb02cf98ed203d1df31c02f70030d	Можно увеличить скорость запуска за счет силы или отбрасывания.
mantle-book:tconstruct:mighty_smelting:abilities/interact/tconstruct_springing.json:/effects/2	sha256:a9875ac8991d109dcb62e15a6c2edf4925537322b64dc11266513d9354274d8c	Один уровень
mantle-book:tconstruct:mighty_smelting:abilities/interact/tconstruct_springing.json:/effects/3	sha256:9054648401154dbc81e695699f3000a2016b0de218c5d880c2204f187d4105e5	Требуется 1 слот способностей.
mantle-book:tconstruct:mighty_smelting:abilities/interact/tconstruct_springing.json:/text/0/text	sha256:4ce08f33be56a9838357a32c6601c10a35c400e892700a4d2299c6d15df31ffe	Первая часть перехода на летнее время.
mantle-book:tconstruct:mighty_smelting:abilities/interact/tconstruct_stripping.json:/effects/0	sha256:b2546cc1163dbcbd73f84c9cef6051a93996ba1f892a285a9daa47c7bff06138	Позволяет обтёсывать древесину с помощью инструментов
mantle-book:tconstruct:mighty_smelting:abilities/interact/tconstruct_stripping.json:/effects/1	sha256:a9875ac8991d109dcb62e15a6c2edf4925537322b64dc11266513d9354274d8c	Одноуровневый
mantle-book:tconstruct:mighty_smelting:abilities/interact/tconstruct_stripping.json:/effects/2	sha256:9054648401154dbc81e695699f3000a2016b0de218c5d880c2204f187d4105e5	Требуется 1 слот для умений
mantle-book:tconstruct:mighty_smelting:abilities/interact/tconstruct_stripping.json:/text/0/text	sha256:ec7e6d94f5815689c9eeb1e1c23b46bccc922b169309f9a24b3c2998859ea7bf	Подождите, это разве не стриптиз? ЭТО РАЗОЧАРОВЫВАЕТ.
mantle-book:tconstruct:mighty_smelting:abilities/interact/tconstruct_throwing.json:/effects/0	sha256:2a96388b54ba326345d137fc0abe2c16d9775ef1f87dc99eabcf597d469fc678	Позволяет бросать инструменты.
mantle-book:tconstruct:mighty_smelting:abilities/interact/tconstruct_throwing.json:/effects/1	sha256:988fef0b5dec931ad54e43f6361e6dbf1138230f7ebe52a4adf728ca820d263e	Наносите урон монстрам!
mantle-book:tconstruct:mighty_smelting:abilities/interact/tconstruct_throwing.json:/effects/2	sha256:6efb43e3b9e4edb4724bf881e12b763a22ab2f81d2e2535ef38462722eacb2c7	Удар по эффективным блокам может их сломать!
mantle-book:tconstruct:mighty_smelting:abilities/interact/tconstruct_throwing.json:/effects/3	sha256:14f43e14801bd20a0f9db8cc00832594ed73640fe4d89989a371c5cf3b26c6c6	Необходимо получить вручную
mantle-book:tconstruct:mighty_smelting:abilities/interact/tconstruct_throwing.json:/effects/4	sha256:a9875ac8991d109dcb62e15a6c2edf4925537322b64dc11266513d9354274d8c	Один уровень
mantle-book:tconstruct:mighty_smelting:abilities/interact/tconstruct_throwing.json:/effects/5	sha256:9054648401154dbc81e695699f3000a2016b0de218c5d880c2204f187d4105e5	Требуется 1 слот способностей.
mantle-book:tconstruct:mighty_smelting:abilities/interact/tconstruct_throwing.json:/text/0/text	sha256:9dec431a4a97b6754c54fea7c5655e4197a943e84173cd9dd6708cd1a494b7eb	Насколько эффективно метание меча? Гораздо эффективнее, чем бросать лук!
mantle-book:tconstruct:mighty_smelting:abilities/interact/tconstruct_tilling.json:/effects/0	sha256:381197ee3257df9eab374140631635a186f304ebffe8593d3ed680b699dc4441	Позволяет вспахивать землю с помощью инструмента
mantle-book:tconstruct:mighty_smelting:abilities/interact/tconstruct_tilling.json:/effects/1	sha256:a9875ac8991d109dcb62e15a6c2edf4925537322b64dc11266513d9354274d8c	Одноуровневый
mantle-book:tconstruct:mighty_smelting:abilities/interact/tconstruct_tilling.json:/effects/2	sha256:9054648401154dbc81e695699f3000a2016b0de218c5d880c2204f187d4105e5	Требуется 1 слот для умений
mantle-book:tconstruct:mighty_smelting:abilities/interact/tconstruct_tilling.json:/text/0/text	sha256:9cd6e16492d9442fa5ee5c154b30cd1aba16c570aceb16e6234551f4e2299573	Не тратьте алмазы на мотыгу.
mantle-book:tconstruct:mighty_smelting:abilities/interact/tconstruct_warping.json:/effects/0	sha256:8879c79355193856263690a25ad5e678cc08c822fc598c09517812f758b3004c	Заряд на телепортацию в том направлении, куда смотрели
mantle-book:tconstruct:mighty_smelting:abilities/interact/tconstruct_warping.json:/effects/1	sha256:3d976236143419d6a454751e431ca2688eb6d83adc104e71bca9658994de43d4	Может увеличить дальность телепортации с помощью силы.
mantle-book:tconstruct:mighty_smelting:abilities/interact/tconstruct_warping.json:/effects/2	sha256:a9875ac8991d109dcb62e15a6c2edf4925537322b64dc11266513d9354274d8c	Один уровень
mantle-book:tconstruct:mighty_smelting:abilities/interact/tconstruct_warping.json:/effects/3	sha256:9054648401154dbc81e695699f3000a2016b0de218c5d880c2204f187d4105e5	Требуется 1 слот способностей.
mantle-book:tconstruct:mighty_smelting:abilities/interact/tconstruct_warping.json:/text/0/text	sha256:d7aa51ccf88d5c07319161bdca40eb0b09f4323bd7bd04ced6199a061a457503	Мы не можем пройти мимо этого. Мы не можем пройти под ним. О, нет! Мы должны пройти через это!
mantle-book:tconstruct:mighty_smelting:abilities/melee.json:/text/0/text	sha256:829a95a6244aa1e6fac1a5585d70585f04e710717d94751bd1291c545b0aacfe	С этими умениями вы, возможно, выкуете самое сильное оружие. Какое именно — решать вам.
mantle-book:tconstruct:mighty_smelting:abilities/melee.json:/text/1/text	sha256:40d18468854086b3866bbc6987d1e5e2b6064d5e19398f4b7ac71f6e69b84d4d	Эти умения добавляют оружию особые эффекты ближнего боя или повышают общую скорость атаки. Некоторые также работают на нагрудниках, усиливая удары кулаками.
mantle-book:tconstruct:mighty_smelting:abilities/melee.json:/title	sha256:4ef8d70c255c58a589dec83e297a6bac599d830dd68e640a469c98569116e0f1	Умения ближнего боя
mantle-book:tconstruct:mighty_smelting:abilities/melee/tconstruct_blocking.json:/effects/0	sha256:75f315ce5bcad12d1ef55956f9cf8be3a742b0952140dc191f1a4ea27a94d754	Позволяет блокировать удар с помощью инструмента.
mantle-book:tconstruct:mighty_smelting:abilities/melee/tconstruct_blocking.json:/effects/1	sha256:a9875ac8991d109dcb62e15a6c2edf4925537322b64dc11266513d9354274d8c	Один уровень
mantle-book:tconstruct:mighty_smelting:abilities/melee/tconstruct_blocking.json:/effects/2	sha256:9054648401154dbc81e695699f3000a2016b0de218c5d880c2204f187d4105e5	Требуется 1 слот способностей.
mantle-book:tconstruct:mighty_smelting:abilities/melee/tconstruct_blocking.json:/text/0/text	sha256:b87458610ca5d961d2bb69bd74dc710c11dafc62aa9300424dea52045de722ec	Ваш меч теперь является щитом, теперь просто нужен способ сделать ваш щит мечом.
mantle-book:tconstruct:mighty_smelting:abilities/melee/tconstruct_dual_wielding.json:/effects/0	sha256:0976af976642af0b1f9c648101bf0bb8a9e7216d709a417314c9c8ab62700819	Позволяет использовать инструменты одновременно.
mantle-book:tconstruct:mighty_smelting:abilities/melee/tconstruct_dual_wielding.json:/effects/1	sha256:a9875ac8991d109dcb62e15a6c2edf4925537322b64dc11266513d9354274d8c	Один уровень
mantle-book:tconstruct:mighty_smelting:abilities/melee/tconstruct_dual_wielding.json:/effects/2	sha256:9054648401154dbc81e695699f3000a2016b0de218c5d880c2204f187d4105e5	Требуется 1 слот способностей.
mantle-book:tconstruct:mighty_smelting:abilities/melee/tconstruct_dual_wielding.json:/text/0/text	sha256:13d8eb9aacc49350438ea9caa64f5fc3c795404f037ecd3b7d29177ee8c13255	Дуэли становятся более почетными, если вы владеете парным оружием.
mantle-book:tconstruct:mighty_smelting:abilities/melee/tconstruct_parrying.json:/effects/0	sha256:e78b476fd7fdda5a99287ca8fa905bc3c0c08f1439645f2e3913ace98fa1ae82	Позволяет кинжалам кратковременно блокировать удары после атаки.
mantle-book:tconstruct:mighty_smelting:abilities/melee/tconstruct_parrying.json:/effects/1	sha256:a9875ac8991d109dcb62e15a6c2edf4925537322b64dc11266513d9354274d8c	Один уровень
mantle-book:tconstruct:mighty_smelting:abilities/melee/tconstruct_parrying.json:/effects/2	sha256:9054648401154dbc81e695699f3000a2016b0de218c5d880c2204f187d4105e5	Требуется 1 слот способностей.
mantle-book:tconstruct:mighty_smelting:abilities/melee/tconstruct_parrying.json:/text/0/text	sha256:3eb517d5bf135e8067394ee4cabda7c0908ed8b94721724bc2b76d715dd98f8f	Используйте безумные навыки ниндзя, чтобы отбивать атаки прямо в воздухе.
mantle-book:tconstruct:mighty_smelting:abilities/melee/tconstruct_spilling.json:/effects/0	sha256:48d638644f4b817a608bc865c7139a2e495f802354f4a3d2d13ff406d256c754	Опустошает резервуар при атаке
mantle-book:tconstruct:mighty_smelting:abilities/melee/tconstruct_spilling.json:/effects/1	sha256:ca94ea93de9b6328fda91e0608e056ca93b716cfdaaa23ddf734f2fce8cbf6ad	Различные эффекты, основанные на жидкости, включая огонь и яд.
mantle-book:tconstruct:mighty_smelting:abilities/melee/tconstruct_spilling.json:/effects/2	sha256:224c33723654475a5ea88c65031ecb693aea802e4d7a959d58b23fa14a7ef3cc	Требуется 1 слот способностей на каждый уровень.
mantle-book:tconstruct:mighty_smelting:abilities/melee/tconstruct_spilling.json:/text/0/text	sha256:a840f70bdeeb329ea9b3c22ece386ce2db64460b098cb6a45df935f3d07f0584	Странно, что ваш инструмент протекает. Но и очень эффективно!
mantle-book:tconstruct:mighty_smelting:abilities/melee/tconstruct_spilling.json:/text/1/text	sha256:6a374d0217b69ba2ba9ade0d5282f49d380c49e2c98de09adc78685fe88922e8	Щелчок правой кнопкой мыши по резервуару с инструментом заполняет его.
mantle-book:tconstruct:mighty_smelting:abilities/ranged.json:/text/0/text	sha256:88e4665e297cde6454b3156c11a5821682c9e624fa06f4abec781ad7fe6f54ce	Способности стать лучшим лучником, каким только возможно.
mantle-book:tconstruct:mighty_smelting:abilities/ranged.json:/text/1/text	sha256:eef6b47245deeee644f53d7314ed36f6ec3a3d6b7277ffae0bb9ae081aa61a0c	Эти способности позволяют вашему луку делать новые и крутые штуки. Возможно, вы будете стрелять кристаллами или несколькими стрелами. Только время покажет.
mantle-book:tconstruct:mighty_smelting:abilities/ranged.json:/title	sha256:4263fce5851612c2f2f4a25cb4643999b0f0bb1080d5fdc03b8719de09794eea	Способности дальнего боя
mantle-book:tconstruct:mighty_smelting:abilities/ranged/tconstruct_ballista.json:/effects/0	sha256:54411348bc22f1213548ab042bb64eaf3e5bf37d084df89937351babf4e5f6bb	Позволяет луку стрелять оружием ближнего боя
mantle-book:tconstruct:mighty_smelting:abilities/ranged/tconstruct_ballista.json:/effects/1	sha256:42055d3eeef9bc76fd5db384f234f6eb90e2867ab1d8a26dc3507fd62125ebc4	Оружие ближнего боя должно находиться в другой руке или колчане.
mantle-book:tconstruct:mighty_smelting:abilities/ranged/tconstruct_ballista.json:/effects/2	sha256:a9875ac8991d109dcb62e15a6c2edf4925537322b64dc11266513d9354274d8c	Один уровень
mantle-book:tconstruct:mighty_smelting:abilities/ranged/tconstruct_ballista.json:/effects/3	sha256:9054648401154dbc81e695699f3000a2016b0de218c5d880c2204f187d4105e5	Требуется 1 слот способностей.
mantle-book:tconstruct:mighty_smelting:abilities/ranged/tconstruct_ballista.json:/text/0/text	sha256:75aabd0b589bfb2ec6f0809516076fb64f6391fae04e955be24607039d439833	Обычных стрел недостаточно? Попробуйте баллистические боеприпасы и запускайте только самое качественное оружие ближнего боя!
mantle-book:tconstruct:mighty_smelting:abilities/ranged/tconstruct_bulk_quiver.json:/effects/0	sha256:d5d085c0db37c8a5431af24d21a49d366493aa042276d78fb39c6121ac7be004	Позволяет хранить стрелы в луке.
mantle-book:tconstruct:mighty_smelting:abilities/ranged/tconstruct_bulk_quiver.json:/effects/1	sha256:e7ec14bd8384e4dfea3afc881306773dd0f5661140623c61b882aa331c853f6d	Доступ путем подкрадывания и нападения
mantle-book:tconstruct:mighty_smelting:abilities/ranged/tconstruct_bulk_quiver.json:/effects/2	sha256:778256ebd7e5a002551b57aec0549f3c667312870b1709b6fd88626610197a69	Несколько уровней, каждый уровень увеличивает размер хранилища.
mantle-book:tconstruct:mighty_smelting:abilities/ranged/tconstruct_bulk_quiver.json:/effects/3	sha256:224c33723654475a5ea88c65031ecb693aea802e4d7a959d58b23fa14a7ef3cc	Требуется 1 слот способностей на каждый уровень.
mantle-book:tconstruct:mighty_smelting:abilities/ranged/tconstruct_bulk_quiver.json:/text/0/text	sha256:d39292af29003ecd844a00badc6a95999bf079f5f7ff085189b19d20e11d1667	Колчан на спине переоценен.
mantle-book:tconstruct:mighty_smelting:abilities/ranged/tconstruct_channeling.json:/effects/0	sha256:e2fb4ab9a123e60235292f6ea648c125e55d54b2e533b3625cb2249ce460791e	Даёт шанс, зависящий от погоды, что в выпущенный снаряд ударит молния
mantle-book:tconstruct:mighty_smelting:abilities/ranged/tconstruct_channeling.json:/effects/1	sha256:a9875ac8991d109dcb62e15a6c2edf4925537322b64dc11266513d9354274d8c	Один уровень
mantle-book:tconstruct:mighty_smelting:abilities/ranged/tconstruct_channeling.json:/effects/2	sha256:9054648401154dbc81e695699f3000a2016b0de218c5d880c2204f187d4105e5	Требуется 1 слот способностей.
mantle-book:tconstruct:mighty_smelting:abilities/ranged/tconstruct_channeling.json:/effects/3	sha256:ee4fe2be1cc3f41a5f07d420a3081b8a1eb0cc9076f49bac4701fbd0f5608ad2	Требуется метательное оружие, удочка или лук-баллиста
mantle-book:tconstruct:mighty_smelting:abilities/ranged/tconstruct_channeling.json:/text/0/text	sha256:38234857e799eb04927b1c6a1ba90d7ea80e3b606ef86506eff4c56b020bc72b	Как Мьёльнир!
mantle-book:tconstruct:mighty_smelting:abilities/ranged/tconstruct_crystalshot.json:/effects/0	sha256:f4c47ae8c7c540c9a121dd00a84b2ea59da383a1dc38d7ed6e7691fc9e780315	Может стрелять стрелами.
mantle-book:tconstruct:mighty_smelting:abilities/ranged/tconstruct_crystalshot.json:/effects/1	sha256:95b72b27bdd2402f21618534469f8dd35fd4bd3e08f4a7242f5ebbe3a0cc30cc	Не требует патронов, потребляет дополнительную прочность.
mantle-book:tconstruct:mighty_smelting:abilities/ranged/tconstruct_crystalshot.json:/effects/2	sha256:bd7dc5d6a0eb0328f38518486d555b875bdaa0bf784f29eb3da4946f0cdd7da1	Меняет цвет в зависимости от кристаллов, использованных для крафта.
mantle-book:tconstruct:mighty_smelting:abilities/ranged/tconstruct_crystalshot.json:/effects/3	sha256:a9875ac8991d109dcb62e15a6c2edf4925537322b64dc11266513d9354274d8c	Один уровень
mantle-book:tconstruct:mighty_smelting:abilities/ranged/tconstruct_crystalshot.json:/effects/4	sha256:9054648401154dbc81e695699f3000a2016b0de218c5d880c2204f187d4105e5	Требуется 1 слот способностей.
mantle-book:tconstruct:mighty_smelting:abilities/ranged/tconstruct_crystalshot.json:/text/0/text	sha256:41cd11224d0947efbc7631a4963c7f823189a32995385e71ce10cb1e572f3146	При обращении с ним кристаллы могут вырасти по всему телу.
mantle-book:tconstruct:mighty_smelting:abilities/ranged/tconstruct_grapple.json:/effects/0	sha256:050e73e7a99085c5bdb9f7b38bd077ce16e20e90aaf6a6c95ddbbca3e4372fae	Позволяет подтягиваться к зацепленным блокам.
mantle-book:tconstruct:mighty_smelting:abilities/ranged/tconstruct_grapple.json:/effects/1	sha256:263b069286ed460e01857f36f82107a3502cbe62630ab8656e77af36ec393e98	Рыболовный крючок также может застревать в стенах.
mantle-book:tconstruct:mighty_smelting:abilities/ranged/tconstruct_grapple.json:/effects/2	sha256:a9875ac8991d109dcb62e15a6c2edf4925537322b64dc11266513d9354274d8c	Один уровень
mantle-book:tconstruct:mighty_smelting:abilities/ranged/tconstruct_grapple.json:/effects/3	sha256:9054648401154dbc81e695699f3000a2016b0de218c5d880c2204f187d4105e5	Требуется 1 слот способностей.
mantle-book:tconstruct:mighty_smelting:abilities/ranged/tconstruct_grapple.json:/text/0/text	sha256:d14990402c60fff09e3b552bde80898692328e7548bc51732c2a16c601020b2b	КРЮК!
mantle-book:tconstruct:mighty_smelting:abilities/ranged/tconstruct_multishot.json:/effects/0	sha256:36dbb6114cd3efbb27ea17aa061a50bac98d02a0df26fe303d755d4a8c7e97d5	Стреляет несколькими стрелами одновременно.
mantle-book:tconstruct:mighty_smelting:abilities/ranged/tconstruct_multishot.json:/effects/1	sha256:ecaeb6ba8db7a0f00c5b0a1d9a0a7608bc70f0e5c0522de82139b5f110613cfe	Несколько уровней, каждый уровень увеличивает количество выпущенных стрел.
mantle-book:tconstruct:mighty_smelting:abilities/ranged/tconstruct_multishot.json:/effects/2	sha256:224c33723654475a5ea88c65031ecb693aea802e4d7a959d58b23fa14a7ef3cc	Требуется 1 слот способностей на каждый уровень.
mantle-book:tconstruct:mighty_smelting:abilities/ranged/tconstruct_multishot.json:/text/0/text	sha256:ed164e35d1837830a0157122118b486d7a1f376643e16f5a2f62039c1cb5990a	Труул не несёт ответственности за несчастные случаи при стрельбе несколькими снарядами.
mantle-book:tconstruct:mighty_smelting:abilities/ranged/tconstruct_returning.json:/effects/0	sha256:8c99553c72d4a6ceecb48258960562438b56db0252784485233b751fe78263ca	Заставляет брошенный инструмент возвращаться через короткое время.
mantle-book:tconstruct:mighty_smelting:abilities/ranged/tconstruct_returning.json:/effects/1	sha256:848b52e77321bf2970fac765b604ba6a7cf89543342b0652c7d63034825bdf54	Более высокие уровни возвращаются быстрее.
mantle-book:tconstruct:mighty_smelting:abilities/ranged/tconstruct_returning.json:/effects/2	sha256:2cc28f6bd898a5ca8b820b3a5b8f3259d44a1dcb0ea1306052ca2e85d771ce23	Требуется 1 слот способностей для первого уровня.
mantle-book:tconstruct:mighty_smelting:abilities/ranged/tconstruct_returning.json:/effects/3	sha256:d94f0be178eb6ea9b61e96dabe89c51b15f7c2521f6bb042d4b5db0c4f38f197	Для более высоких уровней требуется 1 слот для улучшений.
mantle-book:tconstruct:mighty_smelting:abilities/ranged/tconstruct_returning.json:/effects/4	sha256:ed7ca104184e0d170833c6fd628169907fa7d0f87f42eb05f82d62e3f6c0fb14	Требуется метательное оружие или лук-баллиста
mantle-book:tconstruct:mighty_smelting:abilities/ranged/tconstruct_returning.json:/text/0/text	sha256:38234857e799eb04927b1c6a1ba90d7ea80e3b606ef86506eff4c56b020bc72b	Как Мьёльнир!
mantle-book:tconstruct:mighty_smelting:abilities/ranged/tconstruct_trick_quiver.json:/effects/0	sha256:e05ba94d0b0ae1a01705bd41ee3d685901edeb2c99d146ce4a2bf6a0bd928edf	Добавляет луку три переключаемых слота для стрел.
mantle-book:tconstruct:mighty_smelting:abilities/ranged/tconstruct_trick_quiver.json:/effects/1	sha256:74ce5b8ba05bccd872c3b0578afc33a4785c265e4b46c6188f6615d3eaee6c9c	Переключайте слоты, атакуя
mantle-book:tconstruct:mighty_smelting:abilities/ranged/tconstruct_trick_quiver.json:/effects/2	sha256:4a302ea7088fde5641ea64a385a913ab00612a53b2f133cb3df04bb30822c652	Чтобы открыть слоты, присядьте и нажмите кнопку атаки
mantle-book:tconstruct:mighty_smelting:abilities/ranged/tconstruct_trick_quiver.json:/effects/3	sha256:ab87b97701809e4a70ac768847753e79495a0352275bebbdd2f820731338b827	Несколько уровней, на каждом уровне добавляется больше стрелок.
mantle-book:tconstruct:mighty_smelting:abilities/ranged/tconstruct_trick_quiver.json:/effects/4	sha256:224c33723654475a5ea88c65031ecb693aea802e4d7a959d58b23fa14a7ef3cc	Требуется 1 слот способностей на каждый уровень.
mantle-book:tconstruct:mighty_smelting:abilities/ranged/tconstruct_trick_quiver.json:/text/0/text	sha256:f3e49057e981dc68b0894713f2d124eeafa3812ff34b477be8b679c875233416	Колчан Соколиного Глаза на вашем луке.
mantle-book:tconstruct:mighty_smelting:defense/protection.json:/text/0/text	sha256:335811e64f20315a7aa8e2eb8fe93ab5505f5bfeadc8166e441845b833ca7577	Модификаторы защиты повышают сопротивление определённому типу урона. Все источники урона относятся к одному из пяти типов; разные типы можно свободно сочетать на броне и щитах для пассивной защиты.
mantle-book:tconstruct:mighty_smelting:defense/protection.json:/title	sha256:8f1112538d445fd2a5ca5e4c3d02761988700619085ab7d615a851d44b408909	Модификаторы защиты
mantle-book:tconstruct:mighty_smelting:defense/protection/tconstruct_blast_protection.json:/effects/0	sha256:0f616c5fa984cd8f82feca7ccc3c7f82c0c5f22b60d060dbf96daadada568294	Уменьшает взрывной урон и отбрасывание.
mantle-book:tconstruct:mighty_smelting:defense/protection/tconstruct_blast_protection.json:/effects/1	sha256:3738a9533ab01b0a9aea2fb10e5a986805c243859465e7622a89fa31efe42c39	Несколько уровней, каждый уровень еще больше увеличивает сопротивление.
mantle-book:tconstruct:mighty_smelting:defense/protection/tconstruct_blast_protection.json:/effects/2	sha256:0695727ab31ef3fb8371ff9d71919f4f1b3e0ba959db4620a8ffe51df6d41d1b	Требуется 1 слот защиты на каждый уровень.
mantle-book:tconstruct:mighty_smelting:defense/protection/tconstruct_blast_protection.json:/text/0/text	sha256:6cb36e9dac38f99580e2ea3d967ec3bc9b0ff41129e0dfd9e5db93878d10e981	Крипер, Оу чувак.
mantle-book:tconstruct:mighty_smelting:defense/protection/tconstruct_dragonborn.json:/effects/0	sha256:4c2f1f31394f8f07d2840270561fd1f30b6dd72198977954405c81d8b744a248	Увеличивает защиту и урон от атак в воздухе.
mantle-book:tconstruct:mighty_smelting:defense/protection/tconstruct_dragonborn.json:/effects/1	sha256:fc3f8452bbc558f7d572bd01ed2a88f6d5d5feb5006b14d8180cc9769b28ad4f	Несколько уровней, каждый уровень еще больше увеличивает защиту и урон.
mantle-book:tconstruct:mighty_smelting:defense/protection/tconstruct_dragonborn.json:/effects/2	sha256:0695727ab31ef3fb8371ff9d71919f4f1b3e0ba959db4620a8ffe51df6d41d1b	Требуется 1 слот защиты на каждый уровень.
mantle-book:tconstruct:mighty_smelting:defense/protection/tconstruct_dragonborn.json:/text/0/text	sha256:d9abb04b157ef80fc13ccaacfb73f6abbb8099da111530c37b312079e888f858	Дова ко криф дилос ахрк ка.
mantle-book:tconstruct:mighty_smelting:defense/protection/tconstruct_dragonborn.json:/text/1/text	sha256:c48cf1266cdc3c2dc98eff4ffbf930928e1a039047bd8d82eaaf27496b3f9633	Тинкер, ты не умеешь читать на драконьем языке? Чему учат в наши дни? Здесь говорится: «Летающие драконы смертельны и защищены».
mantle-book:tconstruct:mighty_smelting:defense/protection/tconstruct_fire_protection.json:/effects/0	sha256:2273ad3d8f0cb4997d44bf2b710241f51959de2bd51abb72c5469f3d22401b5a	Уменьшает урон от огня и время горения.
mantle-book:tconstruct:mighty_smelting:defense/protection/tconstruct_fire_protection.json:/effects/1	sha256:30ce458ba57a3a5437f76ccdc55969b0bbb694fe72cb682689ea7884ec7afac9	Несколько уровней, каждый уровень дополнительно уменьшает урон и время горения.
mantle-book:tconstruct:mighty_smelting:defense/protection/tconstruct_fire_protection.json:/effects/2	sha256:0695727ab31ef3fb8371ff9d71919f4f1b3e0ba959db4620a8ffe51df6d41d1b	Требуется 1 слот защиты на каждый уровень.
mantle-book:tconstruct:mighty_smelting:defense/protection/tconstruct_fire_protection.json:/text/0/text	sha256:e35d05bef413a52bbd4118a2faeea27ba3a48ad2f8bbfc90f3abeb2e158912ad	Сквозь огонь и пламя.
mantle-book:tconstruct:mighty_smelting:defense/protection/tconstruct_magic_protection.json:/effects/0	sha256:909ddcd8a44300f581063d7a67f2f6c93f355a1ec3c91c1deae63da16792c9ce	Уменьшает магический урон.
mantle-book:tconstruct:mighty_smelting:defense/protection/tconstruct_magic_protection.json:/effects/1	sha256:32f346263e6c545abbaeb54bf7eb633665692e76de42c8dac212d0a62567ee36	Несколько уровней, каждый уровень еще больше снижает магический урон.
mantle-book:tconstruct:mighty_smelting:defense/protection/tconstruct_magic_protection.json:/effects/2	sha256:0695727ab31ef3fb8371ff9d71919f4f1b3e0ba959db4620a8ffe51df6d41d1b	Требуется 1 слот защиты на каждый уровень.
mantle-book:tconstruct:mighty_smelting:defense/protection/tconstruct_magic_protection.json:/text/0/text	sha256:81f5e0750641aeadfa270ed0c3cf91aeb8c0fec45464152523730cc1ee8a5e6f	Гарри, если тебе приходится это использовать, волшебник из тебя так себе. Пользуйся заклинаниями отражения!
mantle-book:tconstruct:mighty_smelting:defense/protection/tconstruct_melee_protection.json:/effects/0	sha256:f180e97136ec8e9d325aec8bd5f0d7cb15b063287ac934e125dc838a81130bf6	Уменьшает урон от атак ближнего боя.
mantle-book:tconstruct:mighty_smelting:defense/protection/tconstruct_melee_protection.json:/effects/1	sha256:92f7941eb5ab76bd69ee928de592cd4065c2103d211f66374e12cca399234973	Увеличивает скорость передвижения при использовании щитов и луков.
mantle-book:tconstruct:mighty_smelting:defense/protection/tconstruct_melee_protection.json:/effects/2	sha256:7ab2b74ffb466d09538d7a759ad1663b12136304abc025e275d33a6c0e38cd1d	Несколько уровней, каждый уровень усиливает эффекты.
mantle-book:tconstruct:mighty_smelting:defense/protection/tconstruct_melee_protection.json:/effects/3	sha256:0695727ab31ef3fb8371ff9d71919f4f1b3e0ba959db4620a8ffe51df6d41d1b	Требуется 1 слот защиты на каждый уровень.
mantle-book:tconstruct:mighty_smelting:defense/protection/tconstruct_melee_protection.json:/text/0/text	sha256:4afec2f8a2308112981d5df7e7357a802cba22870e53ccdb0475683cf71f5544	Мобильная боксерская груша.
mantle-book:tconstruct:mighty_smelting:defense/protection/tconstruct_projectile_protection.json:/effects/0	sha256:b66a9c3c446b89bbbe0c94b208b2c68b6a9835799c2c1c9ad113e48ca7ef0919	Уменьшает урон от снарядов.
mantle-book:tconstruct:mighty_smelting:defense/protection/tconstruct_projectile_protection.json:/effects/1	sha256:db2a43a87954d602e95cd31aff2bb07af1d436b0ed16ddff02f28be90cb984cd	Увеличивает сопротивление отбрасыванию.
mantle-book:tconstruct:mighty_smelting:defense/protection/tconstruct_projectile_protection.json:/effects/2	sha256:7ab2b74ffb466d09538d7a759ad1663b12136304abc025e275d33a6c0e38cd1d	Несколько уровней, каждый уровень усиливает эффекты.
mantle-book:tconstruct:mighty_smelting:defense/protection/tconstruct_projectile_protection.json:/effects/3	sha256:0695727ab31ef3fb8371ff9d71919f4f1b3e0ba959db4620a8ffe51df6d41d1b	Требуется 1 слот защиты на каждый уровень.
mantle-book:tconstruct:mighty_smelting:defense/protection/tconstruct_projectile_protection.json:/text/0/text	sha256:f713aa205b89c4a8587e8369512948345396f7220b420cd190e8f35ebd127bad	Он не защитит ваши колени от стрел, заставив вас отказаться от приключений и стать стражем.
mantle-book:tconstruct:mighty_smelting:defense/protection/tconstruct_shulking.json:/effects/0	sha256:88f7cd5f3812f96c6fb9fc131b6ef39092b766db390ff4fcb4968eeb5f6d4726	Уменьшает наносимый и получаемый урон во время приседания
mantle-book:tconstruct:mighty_smelting:defense/protection/tconstruct_shulking.json:/effects/1	sha256:670f2175dfeb191149d7a4a8fc9406535e3258d6eda85c826db50c90672ea23e	Несколько уровней, каждый уровень еще больше усиливает эффект.
mantle-book:tconstruct:mighty_smelting:defense/protection/tconstruct_shulking.json:/effects/2	sha256:b6522dc564bcba54a3be4f9d4836c2cb7fd802f8824108bdf3a426bb02455e8b	Можно применять уровни постепенно.
mantle-book:tconstruct:mighty_smelting:defense/protection/tconstruct_shulking.json:/effects/3	sha256:0695727ab31ef3fb8371ff9d71919f4f1b3e0ba959db4620a8ffe51df6d41d1b	Требуется 1 слот защиты на каждый уровень.
mantle-book:tconstruct:mighty_smelting:defense/protection/tconstruct_shulking.json:/text/0/text	sha256:3c99460fee8d55d1651cc0a12a5289e3f55ddf7ed3276ccc7f9270fdb5af0a65	Дом там, где оболочка.
mantle-book:tconstruct:mighty_smelting:defense/protection/tconstruct_turtle_shell.json:/effects/0	sha256:85435bb905dd338c41f1c657408d7c06364453da25006cf3ca0b8d855f47779e	Уменьшает урон под водой и увеличивает скорость плавания.
mantle-book:tconstruct:mighty_smelting:defense/protection/tconstruct_turtle_shell.json:/effects/1	sha256:6a0996ba1b735e091e40e9eb579ad8600b65a53628e7f04dec18fb11ea168794	Несколько уровней, каждый уровень усиливает эффект.
mantle-book:tconstruct:mighty_smelting:defense/protection/tconstruct_turtle_shell.json:/effects/2	sha256:0695727ab31ef3fb8371ff9d71919f4f1b3e0ba959db4620a8ffe51df6d41d1b	Требуется 1 слот защиты на каждый уровень.
mantle-book:tconstruct:mighty_smelting:defense/protection/tconstruct_turtle_shell.json:/text/0/text	sha256:b560c069808631ab44acfd1dc846deaeb26235c9e08094684d7be34aff727008	Не защищает от зеленых, красных или синих снарядов.
mantle-book:tconstruct:mighty_smelting:defense/special.json:/text/0/text	sha256:ed89da38b161593270e91996087fbf4fbbfe9f669c357e29eae0b9a34ae074a3	Специальные модификаторы защиты усиливают защиту другими способами, помимо обычной защиты.
mantle-book:tconstruct:mighty_smelting:defense/special.json:/title	sha256:c3dc79ca429ec2131d3c291e2e4f403afcae91502bfdc1703e4bc649c924a5ac	Специальные модификаторы защиты
mantle-book:tconstruct:mighty_smelting:defense/special/tconstruct_knockback_resistance.json:/effects/0	sha256:bf962df44902e66c7263f8aba7ec71aa119b2e495b69d8dc44f8275341e0126c	Уменьшает получаемое отбрасывание.
mantle-book:tconstruct:mighty_smelting:defense/special/tconstruct_knockback_resistance.json:/effects/1	sha256:a9875ac8991d109dcb62e15a6c2edf4925537322b64dc11266513d9354274d8c	Один уровень
mantle-book:tconstruct:mighty_smelting:defense/special/tconstruct_knockback_resistance.json:/effects/2	sha256:3cfb641aff176df9156172485b9502256afbce14348b4412d4417e6eb30369b9	Требуется 1 слот защиты.
mantle-book:tconstruct:mighty_smelting:defense/special/tconstruct_knockback_resistance.json:/text/0/text	sha256:b74027aae146e3589215af6d14bf9633db21d6876bbb820decf90eb0d2c17cca	Вот я стою, меня даже танк не сдвинет.
mantle-book:tconstruct:mighty_smelting:defense/special/tconstruct_revitalizing.json:/effects/0	sha256:3ff36d111d1fe7510da37e14118d56cf54fe499397f1a5aeaa6cd0f158b18862	Добавляет 1 сердце за уровень.
mantle-book:tconstruct:mighty_smelting:defense/special/tconstruct_revitalizing.json:/effects/1	sha256:b6522dc564bcba54a3be4f9d4836c2cb7fd802f8824108bdf3a426bb02455e8b	Можно применять уровни постепенно.
mantle-book:tconstruct:mighty_smelting:defense/special/tconstruct_revitalizing.json:/effects/2	sha256:234c6d456fb3035981513c7d55fdde901dc66d221f95b3bb557443359d6e61da	Максимум 5 уровней.
mantle-book:tconstruct:mighty_smelting:defense/special/tconstruct_revitalizing.json:/effects/3	sha256:0695727ab31ef3fb8371ff9d71919f4f1b3e0ba959db4620a8ffe51df6d41d1b	Требуется 1 слот защиты на каждый уровень.
mantle-book:tconstruct:mighty_smelting:defense/special/tconstruct_revitalizing.json:/text/0/text	sha256:5966155a9a751c5ad971f93d598a6bc2a7f3d13e50f3eaf1f5b3725672271a72	Украшенные яблоки, какое возвращение.
mantle-book:tconstruct:mighty_smelting:entitymelting/entitymelting.json:/text/0/text	sha256:8fea85472e266c4b115d5d218840b76715675d1154407f2b072c60429932fbce	Переплавка существ так же проста, как и помещение существ в вашу плавильню. Единственное требование — наличие топлива в плавильне.
mantle-book:tconstruct:mighty_smelting:entitymelting/entitymelting.json:/text/1/text	sha256:ec3a470db9beb218140aecde6c61ffe76c5936a3ad6d3132ee3ffc19e1a98ae8	Почти любой моб может быть переплавлен, однако некоторые из них будут гораздо полезнее других.
mantle-book:tconstruct:mighty_smelting:entitymelting/entitymelting.json:/text/2/text	sha256:4e383fd5d758c3ff8490ae0f003a3c7b226c7f7743190dec9d3c88eb6fbc324a	У меня есть испытание для самых могучих литейщиков: сумеете расплавить дракона Края — получите невероятную силу!
mantle-book:tconstruct:mighty_smelting:entitymelting/entitymelting.json:/title	sha256:bbff45ce90f5f94ffe60cb12efc51025217e8867a5264064a544dc445e83cf4f	Переплавка существ
mantle-book:tconstruct:mighty_smelting:entitymelting/intro.json:/text/0/text	sha256:3b949c8f571c3dfdff089acff0b499c5488fc5c70b484cf57427e4b5b2a06fa7	Могучую плавильню можно использовать, чтобы расплавить бесполезную часть существ, чтобы добыть их истинные ценности.
mantle-book:tconstruct:mighty_smelting:entitymelting/intro.json:/title	sha256:bbff45ce90f5f94ffe60cb12efc51025217e8867a5264064a544dc445e83cf4f	Переплавка существ
mantle-book:tconstruct:mighty_smelting:entitymelting/notable.json:/text/0/text	sha256:f81009e048f6f782b625f55f0bc4bda6ad8e825e6a544d2f258f5119a81b0b74	• Чешуйница — Обожжённый камень
mantle-book:tconstruct:mighty_smelting:entitymelting/notable.json:/text/1/text	sha256:c1025f786244ee6dd29c03472d18f39988469c186964950f27df1ba12ecb2118	"
• Крестьяне и Зловрены — Изумруд"
mantle-book:tconstruct:mighty_smelting:entitymelting/notable.json:/text/2/text	sha256:7501bd40c15e4bb999e30c8dc21d804e57aa759f4952a72dd2a2939d73f620da	"
• Скелеты — Молоко"
mantle-book:tconstruct:mighty_smelting:entitymelting/notable.json:/text/3/text	sha256:5ea5c6b4ced0271e54cdc8e4405a6e6bd201aa119f81d98fe71b59fe7226adb6	"
• Возможно, вы откроете их ещё больше."
mantle-book:tconstruct:mighty_smelting:entitymelting/notable.json:/title	sha256:956c9694a145d978fcbcaad4965f9a9f3e43ce16e17b1fb679eeb88dd44077d5	Примечательные существа
mantle-book:tconstruct:mighty_smelting:intro/thruul.json:/text/0/text	sha256:f7b8ca1566fc5bb1f575d0d5c58bf51975db9adc28d4634375a11afced53e7eb	Значит ты ещё жив, товарищ Литейщик, возможно, ты умнее, чем я думал. Тогда давай возьмем эту жалкую плавильную печь и эти жалкие металлы и сделаем их ещё сильнее. 
mantle-book:tconstruct:mighty_smelting:intro/thruul.json:/text/1/text	sha256:46ddf5275c2e190767e803b425a22abc4589f9a869f083470e66ff1bb4172be4	Надеюсь, ты готов, литейщик: дальше всё очень быстро станет по-настоящему сложным.
mantle-book:tconstruct:mighty_smelting:intro/thruul.json:/title	sha256:8f9a06d492880bbfb25c6a82aa98d06df2ddf05084342f0d7ace3700a2c52ccc	Могучая плавка
mantle-book:tconstruct:mighty_smelting:intro/tinkers_anvil.json:/text/0/text	sha256:bdab2254ede2b7154f633275b7e5cececcb87445aa9045273f57b0f31bc069e7	Ладно, литейщик, пора убрать жалкую станцию литейщика и создать могучую наковальню литейщика. До самых больших и лучших инструментов теперь всего один удар молота.
mantle-book:tconstruct:mighty_smelting:intro/tinkers_anvil.json:/text/1/text	sha256:9ad0f5728cf300826848f9aaf16cdcada62107b1fb1373c591a91cc9e3492a2a	Эту наковальню можно изготовить только из лучших сплавов, но она предоставит вам широчайший набор инструментов. Они позволяют создавать лучшие модификаторы и переименовывать инструменты во время любой модификации.
mantle-book:tconstruct:mighty_smelting:intro/tinkers_anvil.json:/title	sha256:da88409cee0aec1c063745aab730c0f62a875435b85afaca89bbeda1288fc4fe	Наковальня Тинкера
mantle-book:tconstruct:mighty_smelting:intro/tinkersanvil_craft.json:/title	sha256:1da368c3bf58e8cc2db17fa4cec8108aab3a360f05e36970442367d0c6b69f14	Создание наковальни литейщика
mantle-book:tconstruct:mighty_smelting:smeltery/alloying.json:/text/0/text	sha256:1d10dbc1dbf157f5c3e0a9b47a28e32b5dbe164697b807b10d47fa7fdb97812d	Создание сплавов позволяет объединять простые материалы в более прочные и совершенные.
mantle-book:tconstruct:mighty_smelting:smeltery/alloying.json:/text/1/text	sha256:c9e21d3821ec5d15df924fd816c8260d0c68897dd9008c50fac6aba896670206	Чтобы получить сплав, найдите два совместимых материала, поместите их в заправленную плавильню и наблюдайте, как они сливаются в новый, более прочный материал.
mantle-book:tconstruct:mighty_smelting:smeltery/alloying.json:/text/2/text	sha256:cb8d1a615ef340720e162911b97fff0bbe0c3cf07232ea66226f7b0622008406	Для создания некоторых сплавов требуется более горячее топливо.
mantle-book:tconstruct:mighty_smelting:smeltery/alloying.json:/title	sha256:50e8249908beb681d59c987adc0bc7f34022e0ab49f9930c2bea63b0dbbfddc9	Создание сплавов
mantle-book:tconstruct:mighty_smelting:smeltery/controller.json:/text/0/text	sha256:7bb7835200cf738f019c504236ca6943b5de7c82815b262de2bdec398cc55188	С помощью плавильной печи вылейте четыре слитка меди на обожжённые кирпичи, чтобы получить контроллер плавильни.
mantle-book:tconstruct:mighty_smelting:smeltery/controller.json:/title	sha256:bf155fa0d3372c5f9aa494a176264b0f7e340ce1a0ed1910075250aa239d05fe	Контроллер плавильни
mantle-book:tconstruct:mighty_smelting:smeltery/features.json:/text/0/text	sha256:bf9864a220b7cb45da5655d31fa5d8934e8289df756fd1b7876e40af5909d219	• Дает +3 самородка или +1 драгоценный камень за руду (по умолчанию).
mantle-book:tconstruct:mighty_smelting:smeltery/features.json:/text/1/text	sha256:5aee26292bcb4420b2e20b2f72bf8bd035dfe92278cb0d0c1e8b6ec94f986fce	"
• Возможности массового плавления"
mantle-book:tconstruct:mighty_smelting:smeltery/features.json:/text/2/text	sha256:c9bf335bca6a1b351f546798e9cc99bc4aca84a7c9d1123c0363ad3c63c8bed3	"
• Может хранить несколько металлов"
mantle-book:tconstruct:mighty_smelting:smeltery/features.json:/text/3/text	sha256:b6107406f972c62f202bebae69da1c42dfa6b5ab32ed7d009209092ca4c12eb2	"
• Расширяемая ёмкость"
mantle-book:tconstruct:mighty_smelting:smeltery/features.json:/text/4/text	sha256:8c99d09d91daa4ae22885bb1b338d246f09365eb6578d83ae06a4a87de324bb6	"
• Может создавать сплавы"
mantle-book:tconstruct:mighty_smelting:smeltery/features.json:/text/5/text	sha256:39fd4c198ac380ee1e44bcd22a9dbb63fbfbd20a508c8f4695f0e5b97f56b30d	"
• Эффективность потребления топлива зависит от размера"
mantle-book:tconstruct:mighty_smelting:smeltery/features.json:/text/6/text	sha256:0de7ddb6d3d77ae26d3b5fb6622bca3b0a15f741d9840188dafd614b71182056	"
• Может переплавлять существ для получения ценных материалов"
mantle-book:tconstruct:mighty_smelting:smeltery/features.json:/text/7/text	sha256:9b1c01de8777f133730cc303dd6cd9881c652df35805ebe8a8353b51bb335041	"
• Идеально подходит для переплавки большого количества материалов одновременно"
mantle-book:tconstruct:mighty_smelting:smeltery/features.json:/title	sha256:5697d03daef4de9cf8db7cb11755f71358a32b4acca94909a9d449f71040d2dd	Характеристики
mantle-book:tconstruct:mighty_smelting:smeltery/gui1.json:/text/0/text	sha256:f9a1bda5b550cffc2a8abc365fe6401038b6b90fd692527822f01c23517b89a5	1: Поместите предметы для выплавки в эти слоты. Размер плавильни определяет количество слотов.
mantle-book:tconstruct:mighty_smelting:smeltery/gui1.json:/text/1/text	sha256:6d7f1df7532bc43bfd7baa6941bdd2714dab78cc57e419e0e0aa1d0c402debff	2: Здесь показаны расплавленные металлы. Щёлкните по жидкости, чтобы выбрать её для разливки. Наведите указатель на пустую область, чтобы увидеть вместимость плавильни.
mantle-book:tconstruct:mighty_smelting:smeltery/gui1.json:/title	sha256:a1e4b6ad76563f3e3a9b9f5e59614fa54d4c0bfdabb4704d8131f02d79cf62ae	Интерфейс плавильни
mantle-book:tconstruct:mighty_smelting:smeltery/gui2.json:/text/0/text	sha256:e87f766672f0d91bb6f89acd7bb4191480d9af76159611a30bd8b0dc05c31193	3: Здесь вы можете увидеть свое топливо. Наведя на него курсор, вы увидите точное количество и тип.
mantle-book:tconstruct:mighty_smelting:smeltery/gui2.json:/text/1/text	sha256:542eba2e99a18e0244cb6ebbfa173c0dfe1316bf5c37204f71c28e48ee2ece2d	И в 2, и в 3 щелчок левой кнопкой мыши по предмету с жидкостью попытается наполнить предмет из резервуара, а щелчок правой кнопкой мыши попытается сбросить предмет в резервуар.
mantle-book:tconstruct:mighty_smelting:smeltery/gui2.json:/text/2/text	sha256:b6b3723a8602cc49569d2f64a04422b582bc958eae62c36e5a175ff3aeee2cc1	4: Этот слот позволяет быстро наполнить предмет из основного резервуара или вылить его содержимое туда, как при использовании предмета на сливе. Элемент 5 ограничивает действие только наполнением или только опорожнением. После взаимодействия результат перемещается в слот 6.
mantle-book:tconstruct:mighty_smelting:smeltery/gui2.json:/title	sha256:a1e4b6ad76563f3e3a9b9f5e59614fa54d4c0bfdabb4704d8131f02d79cf62ae	Интерфейс плавильни
mantle-book:tconstruct:mighty_smelting:smeltery/hottub.json:/text/0/text	sha256:7e7b9d227f4d40734ed82b2523ed04ac796c152a39c611acebf8099445b316ea	Хотите присоединиться ко мне?
mantle-book:tconstruct:mighty_smelting:smeltery/hottub.json:/title	sha256:0934d986e83348d75cabaf34bcbc5b7cab8999d874fc0fe3a20070b6169f1cf3	Гидромассажная ванна
mantle-book:tconstruct:mighty_smelting:smeltery/index.json:/operations/0/data	sha256:45989de49fb7f66dfe17a8fc26f3a02c7abcd74f7e8e6cf9f39fa0e3775780df	Подробности
mantle-book:tconstruct:mighty_smelting:smeltery/index.json:/operations/2/data	sha256:1cd5a6687bb76e3926f8c89a9fb290cd17d893ca944899952322d3fb5c9896d3	Блоки
mantle-book:tconstruct:mighty_smelting:smeltery/index.json:/subText	sha256:f92355d2d939e084f32d07e7c0a4e0be26919debd0d45ba402801950bd1f0c7f	Могучая плавильня находится под вашим контролем.
mantle-book:tconstruct:mighty_smelting:smeltery/index.json:/title	sha256:4d04fdd9e84a6f58d6da896aa36ae0b6e779b557a2ee01fad3925ccff655b309	Плавильня
mantle-book:tconstruct:mighty_smelting:smeltery/multiblock.json:/title	sha256:7203c2b3dad364dcf45ab87a8cf80f10619575cf04cb05881120058f4933dd1f	Структура
mantle-book:tconstruct:mighty_smelting:smeltery/seared_chute.json:/text/0/text	sha256:f4544f83a7c52cb758ddb67693d68dcfd3965c404ac4cee1a6ece1151dd93b04	Жёлоб — это способ ввода/вывода предметов в плавильню и из неё. Лучше всего поставить его где-нибудь в легкодоступном для воронки месте.
mantle-book:tconstruct:mighty_smelting:smeltery/seared_chute.json:/title	sha256:8945c33aebc21cf035b1a39621c8574d76e3aba07c2547b0b1f6fbbe1941cd6b	Обожжённый жёлоб
mantle-book:tconstruct:mighty_smelting:smeltery/seared_drain.json:/text/0/text	sha256:e989b668ce0a6cd0d2f22aae48c83b6913470828a14f9737102e27a5facbb26c	Слив — это вход/выход из плавильни, когда речь идёт о жидкостях. Вы можете подключить к сливу краны или трубы из вашего любимого мода, чтобы сливать жидкости. С помощью вёдер, медных сосудов и каналов можно помещать и извлекать жидкости через слив.
mantle-book:tconstruct:mighty_smelting:smeltery/seared_drain.json:/text/1/text	sha256:f7da56f6ad6e5d8d09acffa5b4ebfa0d69badd3362cdfce4cbb84ad26d8d9bc2	Жидкость, оказавшаяся в центре слива, будет следующей, которая выльется.
mantle-book:tconstruct:mighty_smelting:smeltery/seared_drain.json:/title	sha256:ffd2faa0e86cb60d36ac30abbbc6e1f6c7d8a9a7e4bbea9a1dddb9b175d97353	Обожжённый слив
mantle-book:tconstruct:mighty_smelting:smeltery/seared_duct.json:/text/0/text	sha256:b91ed9eb836d12d53361fc501f3ee862992d27eb495c803b0b573062815defa8	Обожжённый туннель — это способ извлечь определённую жидкость из плавильни. Жидкость выбирается путём помещения медного сосуда или ведра, наполненного жидкостью, в слот фильтра туннеля.
mantle-book:tconstruct:mighty_smelting:smeltery/seared_duct.json:/text/1/text	sha256:034c37ec230f43d75e711924774d538d51eeef6f6d9013fc5c342cc45ee7521b	Жидкость, которую вы выбрали для фильтрации, будет отображаться в центре туннеля.
mantle-book:tconstruct:mighty_smelting:smeltery/seared_duct.json:/title	sha256:a34c0d2fbcd0d298cfd7b4eed2580668a962c46b4a454b7b4046686ec425872c	Обожжённый туннель
mantle-book:tconstruct:mighty_smelting:smeltery/searedblocks.json:/text/0/text	sha256:9c0ec0b42f1ed7747993d316ee0fcee81adad670757d02f3fd820aaa6158a3b4	Эти блоки можно использовать для любой части плавильни, как для пола, так и для стен. Они также полезны для украшения вашей базы.
mantle-book:tconstruct:mighty_smelting:smeltery/searedblocks.json:/title	sha256:8e77ee8fc38a2b66d5ffebe3e2ea77531ecc9470f2c85b9191eec6b26b57ab05	Обожжённые блоки
mantle-book:tconstruct:mighty_smelting:smeltery/searedglass.json:/text/0/text	sha256:c05ba9cf8db21f62dc01c6987764f7467bf43cdb783777c35c61f3af903b1367	Через это стекло можно смотреть на расплавленные материалы, не нарушая структуру плавильни. В отличие от резервуаров, стекло не хранит жидкость.
mantle-book:tconstruct:mighty_smelting:smeltery/searedglass.json:/text/1/text	sha256:f90b2e75a10fec58a52f01067742c0d94fe5806da728a921401a9d8a5ea10473	Стекло нельзя использовать для пола плавильни.
mantle-book:tconstruct:mighty_smelting:smeltery/searedglass.json:/title	sha256:713f9418048d0112b166e2e09bf9d3308e493c7ca1d24918af40799b7a5e15fc	Обожжённое стекло
mantle-book:tconstruct:mighty_smelting:smeltery/searedladder.json:/text/0/text	sha256:aba1360890e914136e1ddd92af3a0fb05f8d6b773ed15189f72d5126947e65d6	Обожжённая лестница может быть использована для лёгкого подъёма или спуска с вашей плавильни, что полезно, если вы планируете построить её ещё выше!
mantle-book:tconstruct:mighty_smelting:smeltery/searedladder.json:/title	sha256:8c73f2c585ada830c19cd67dfa5bb0aba887d6e1ae07eaf9cd5e156a24a6b0d8	Обожжённая лестница
mantle-book:tconstruct:mighty_smelting:smeltery/soul_glass.json:/text/0/text	sha256:12e0426acf90e6ff1ec628c395228c58babaad218c458f959035dc1dadb9914d	Иногда смотреть недостаточно и хочется ощутить жидкости в плавильне. Из стекла душ можно сделать окно, сквозь которое вы сможете пройти!
mantle-book:tconstruct:mighty_smelting:smeltery/soul_glass.json:/text/1/text	sha256:f90b2e75a10fec58a52f01067742c0d94fe5806da728a921401a9d8a5ea10473	Стекло нельзя использовать в полу плавильни.
mantle-book:tconstruct:mighty_smelting:smeltery/soul_glass.json:/title	sha256:b19d1a38af975695b0367e3b3c2a682f319c67b6059bd65cc22b1f1ac8e84be2	Обожжённое стекло душ
mantle-book:tconstruct:mighty_smelting:smeltery/structurerequirements.json:/text/0/text	sha256:a014ae29a97e7e4386eb5f7c4eed1aa81b23de87ff0ff90ddfbcfdfe8ac497c8	Ваша плавильня имеет некоторые требования. Сделаете её слишком большой, и она станет настолько неэффективной, что для того, чтобы поддерживать её работу, вам понадобится колонна из топливных резервуаров.
mantle-book:tconstruct:mighty_smelting:smeltery/structurerequirements.json:/text/1/text	sha256:b166206e377bdce9023120331f1bdfc7ff18626ccb7fd457eb21274f05f4072f	Пол плавильни должен состоять из допустимых блоков плавильни, кроме стекла. Подходящие блоки показаны на следующих страницах. Плавильня должна быть прямоугольной: она не может иметь форму буквы Г, круга или додекаэдра.
mantle-book:tconstruct:mighty_smelting:smeltery/structurerequirements.json:/text/2/text	sha256:bc8ea8f8025d366365a692f07b8dec4d32c3b9da7e7b5f7ee21418f7529cda44	Максимальный внешний размер вашей плавильни — 16x16x65; внутренний — 14x14x64.
mantle-book:tconstruct:mighty_smelting:smeltery/structurerequirements.json:/title	sha256:5e1b8e990b86bd40161ecd8e563a252ac457f3c718770de8f96afefd78b8ab28	Требования к структуре
mantle-book:tconstruct:mighty_smelting:smeltery/tanks.json:/text/0/text	sha256:e9475223c54693a548ae418ef8dfffe89c40bc400a3e6155e18bdaf4117c535f	Резервуары подходят для хранения расплавленных жидкостей и топлива. Чтобы плавить металлы в плавильне, понадобится хотя бы один! Их нельзя размещать в полу плавильни.
mantle-book:tconstruct:mighty_smelting:smeltery/tanks.json:/text/1/text	sha256:0d31c2b730ad19388dd3798f45fa4692f9c99c82da31686531be7cea30c64941	Резервуары можно наполнять из вёдер и бутылочек с зельями, а также через краны. В них можно отливать предметы без плавильни. Поршни разбивают резервуары, а раздатчики могут их устанавливать.
mantle-book:tconstruct:mighty_smelting:smeltery/tanks.json:/title	sha256:6210562cb39aa40429a22b01725e5aab0571040299183a5a719d5243c1c2d6a6	Обожжённые резервуары
mantle-book:tconstruct:mighty_smelting:smeltery/thruul.json:/text/0/text	sha256:35c747934ce6b82c1667387336e576be12dd91df83c037df903cdc716673d08e	Вижу, Литейщик, ты никак не налюбуешься на меня.
mantle-book:tconstruct:mighty_smelting:smeltery/thruul.json:/title	sha256:6ede61d8017cca18eb0cd2a4403cf9983f4ace03992709c90805a32fb3dd946f	Труул
mantle-book:tconstruct:mighty_smelting:smeltery/tinted_glass.json:/text/0/text	sha256:ba75a98b78fd0a6034a0c4ca8ebe762621514b313e3fa04439b76473d5b58191	В вашей плавильне слишком светло? Подумайте о том, чтобы сделать внутреннюю часть темной, используя тонированное стекло, сохраняющее свет, но при этом полностью прозрачное, это волшебство.
mantle-book:tconstruct:mighty_smelting:smeltery/tinted_glass.json:/text/1/text	sha256:f90b2e75a10fec58a52f01067742c0d94fe5806da728a921401a9d8a5ea10473	Стекло нельзя использовать в полу плавильни.
mantle-book:tconstruct:mighty_smelting:smeltery/tinted_glass.json:/title	sha256:d3be3916d97de44ecfad8fcedd56b80803be97d0ebb180b0a00ddc118a604249	Тонированное обожжённое стекло
mantle-book:tconstruct:mighty_smelting:tools/designing.json:/text/0/text	sha256:4262206ab03dc8a77da7c03927bd394c7d49f82d08d7499c9496c20ae9899283	Не знаете, каким сделать инструмент? Освойте метод Труула! Начните с цели: мощное оружие ближнего боя, добыча руды, убийство иссушителя? Чем точнее цель, тем сильнее получится инструмент.
mantle-book:tconstruct:mighty_smelting:tools/designing.json:/text/1/text	sha256:c77e75afa361ba25a0afc6858077d6274dea135584309bbd2b06652824bab96c	Затем определите самые важные для цели характеристики и модификаторы. Для ближнего боя это могут быть урон или урон в секунду, для добычи руды — удача или скорость. Не забывайте об обязательных условиях, например дешёвом ремонте.
mantle-book:tconstruct:mighty_smelting:tools/designing.json:/text/2/text	sha256:f612bbf6cdd42b4f5ef4976fa2c29375455bfb0b7d4273bcf297ac261443d991	Наконец, сопоставьте тип инструмента, материалы и модификаторы с тем, что важно. Для материалов проверьте значок подсказки в верхнем углу. Также помните, что условные модификаторы, такие как кара, могут быть сильнее, чем простое повышение характеристик, если вы можете выполнить их условия.
mantle-book:tconstruct:mighty_smelting:tools/designing.json:/title	sha256:4f52479cc1e19936eace6e221e70fbb1086d3a08b620d4d3816e1281ee5d15e9	Проектирование инструментов
mantle-book:tconstruct:mighty_smelting:tools/tanks.json:/text/0/text	sha256:279c225b1aa44932167ef3c88758c420da1b476dff3bf5d4f8fb4e31b24e2cbb	Такие модификаторы, как «Плевок», «Плавление» и «Разбивание», добавляют инструменту резервуар. Жидкость можно залить или извлечь, взаимодействуя с резервуаром и держа инструмент в руке. Его также можно наполнить и опорожнить в интерфейсе плавильни через слот ведра (4) или щёлкнув инструментом по жидкости в резервуаре (2).
mantle-book:tconstruct:mighty_smelting:tools/tanks.json:/title	sha256:e3217c18fee5a74f37b89b1079d802f92ce69ac4b711da827ce80f10c077ab82	Резервуары для инструментов
mantle-book:tconstruct:mighty_smelting:tools/tconstruct_broad_axe.json:/properties/0	sha256:b1a0363c89d0bf0f08e476137336df3693af67d07820ecc7c02cafdf6364a97b	Продвинутый инструмент для рубки
mantle-book:tconstruct:mighty_smelting:tools/tconstruct_broad_axe.json:/properties/1	sha256:a09a814458dfa76d8ab0529dc4823781b10752cab2798eedf53c9922ba89000b	Способен уничтожить целое дерево за один удар
mantle-book:tconstruct:mighty_smelting:tools/tconstruct_broad_axe.json:/properties/2	sha256:043c573c5e5561f5fd4b549b56707b9cf62a3498a92b278bf59c9e81d78cbd5a	Способен обтесать полностью всё дерево за один клик
mantle-book:tconstruct:mighty_smelting:tools/tconstruct_broad_axe.json:/text/0/text	sha256:0789c52e20cc44a114a10e9077ba226749ee492970dbec339a20b8c9ea698d96	Широколезвийный топор - это высокоэффективный инструмент для рубки деревьев. Он способен уничтожать деревья одним махом.
mantle-book:tconstruct:mighty_smelting:tools/tconstruct_broad_axe.json:/text/2/text	sha256:699fcd133178b8dee7b18f23dc55eb1cc0ec1e38b2fd0f51b3a96df4570c849c	Оптимально подходит для быстрой вырубки лесов.
mantle-book:tconstruct:mighty_smelting:tools/tconstruct_cleaver.json:/properties/0	sha256:f15ffa02750771b8bf4a1382ad10a2c38ba5e989e12c8272625c21b0078d2b1e	Сильное оружие
mantle-book:tconstruct:mighty_smelting:tools/tconstruct_cleaver.json:/properties/1	sha256:cf755fc78776e851b8953837265bed7c25e50f434b0a6b8bd4db6510c72f8ab1	Медленно замахивается
mantle-book:tconstruct:mighty_smelting:tools/tconstruct_cleaver.json:/properties/2	sha256:0100a1dafcbefb21570c962d0ab58fe3a40333f9561795228020a26af2d7cb59	После создания уже умеет Отсечение II
mantle-book:tconstruct:mighty_smelting:tools/tconstruct_cleaver.json:/text/0/text	sha256:8f39a7dac915f61c60c05967a99b12e3ff514aba7a175191886fcb5228be1fe7	Тесак - это оружие с высоким уроном и медленным замахом.
mantle-book:tconstruct:mighty_smelting:tools/tconstruct_cleaver.json:/text/2/text	sha256:4bacb9d39cfbc8381eab4b98db97bfdd508252f64c601885f54a3188db350bf4	Головы с плеч!
mantle-book:tconstruct:mighty_smelting:tools/tconstruct_excavator.json:/properties/0	sha256:6d9c159242803830bdf4ec4a759cb8737e3d0b3c963292376a3864c2219b78bf	Продвинутый инструмент для копания
mantle-book:tconstruct:mighty_smelting:tools/tconstruct_excavator.json:/properties/1	sha256:4b1d094b69170f35b65f73d0fde22566f092e84cdca27ff69ce05e4f08bc26f1	Область копания 3x3
mantle-book:tconstruct:mighty_smelting:tools/tconstruct_excavator.json:/properties/2	sha256:3becd2cb5274da40ecbec4839caebdc2d8f0c01a525f7deafd266fa48ba204ea	Эффективен на земле, песке и гравии
mantle-book:tconstruct:mighty_smelting:tools/tconstruct_excavator.json:/properties/3	sha256:d65876acd1607cc8d0851209bb964dac37e69e97d68671f2e63aa2021f4174f4	Может прокладывать тропы
mantle-book:tconstruct:mighty_smelting:tools/tconstruct_excavator.json:/properties/4	sha256:de7c77cb0069f742786620fc73a5bb1ab5c6a13a27655c8b7a2f19ccd800234b	После создания уже имеет Отбрасывание II
mantle-book:tconstruct:mighty_smelting:tools/tconstruct_excavator.json:/text/0/text	sha256:b909b93a372e79fce281757d71578b80e47922e478daaec94a9f5688edd514c1	Землероп - это широкий инструмент для копания. Он добывает почву и снег в широкой области.
mantle-book:tconstruct:mighty_smelting:tools/tconstruct_excavator.json:/text/2/text	sha256:aa177b2271bbbae45943e647b5aa1350dcb771bf81a15bd170ad5b75b58fbdf6	Пригодится, когда нужно выкопать много могил.
mantle-book:tconstruct:mighty_smelting:tools/tconstruct_javelin.json:/properties/0	sha256:94e083acedbb04c76b1cfc6bed39ee300aa54671507571e585cbabd971d966b6	Средний урон
mantle-book:tconstruct:mighty_smelting:tools/tconstruct_javelin.json:/properties/1	sha256:b617d38d756284c023bdd0f5911ab3ff04a22dbf6ffc6daebbd51c80435afa61	Средняя скорость
mantle-book:tconstruct:mighty_smelting:tools/tconstruct_javelin.json:/properties/2	sha256:f2a23ed707103b16d8a109a6a48781984b4c62cd4f09373eb6ed3a60e372e8f6	Можно метать
mantle-book:tconstruct:mighty_smelting:tools/tconstruct_javelin.json:/text/0/text	sha256:f99e205e082e11bd2def96e7636063d782624337e4582e58ac11b31a684f5a0a	Дротик — гибрид оружия ближнего и дальнего боя: он хорош как в рукопашной, так и на расстоянии.
mantle-book:tconstruct:mighty_smelting:tools/tconstruct_javelin.json:/text/1/text	sha256:bdcf1b3b00203ce85b8e577ad78b025501b289210443dd41a88c97c9dcb4a968	Только будьте осторожны при броске, так как останетесь без оружия!
mantle-book:tconstruct:mighty_smelting:tools/tconstruct_longbow.json:/properties/0	sha256:396c071d5c39e7345656febc8dafe34b999bfa638f4c47c2c31da9bdff7596f8	Более медленный, но более мощный лук.
mantle-book:tconstruct:mighty_smelting:tools/tconstruct_longbow.json:/properties/1	sha256:98ff40b47a978bea2d42d5a380f23e62e6d7cfa07ecf130368c05ddb9f95faf9	Создан для большего урона.
mantle-book:tconstruct:mighty_smelting:tools/tconstruct_longbow.json:/text/0/text	sha256:d01fcf8e55a42c3006a6b021f0a65e8d62058ad0609204790457660408373441	Длинный лук полезен для тех, кто готов стоять на своем и сражаться с силой.
mantle-book:tconstruct:mighty_smelting:tools/tconstruct_longbow.json:/text/2/text	sha256:3f921954d2825751b9e12e6ca9c6f08d62db7530f573e603f9dd9cf6f544e600	Длиннее лука, но короче длинного лука
mantle-book:tconstruct:mighty_smelting:tools/tconstruct_scythe.json:/properties/0	sha256:14b7cbfebd4da8ee54184d5f4a5b3654ce38c55eb620888b342b57e74c62494f	Усовершенствованный инструмент для сбора урожая
mantle-book:tconstruct:mighty_smelting:tools/tconstruct_scythe.json:/properties/1	sha256:5e211163fb24b63d43d3cc3586e963b81cd19d5fa76201d183b97083c3a09549	Сбор урожая и вспахивание области 3x3
mantle-book:tconstruct:mighty_smelting:tools/tconstruct_scythe.json:/properties/2	sha256:9e66491f3625ffa36dac14efd7aed9c86158028c9adfe701160e416b77c37132	Эффективен для всех типов листвы.
mantle-book:tconstruct:mighty_smelting:tools/tconstruct_scythe.json:/properties/3	sha256:89825250c65d34d1707b8a03267f2e6a973fb505415ead53d491829125b9032b	Возможности атаки по площади
mantle-book:tconstruct:mighty_smelting:tools/tconstruct_scythe.json:/text/0/text	sha256:9ac3251f056a0b0de3ba3f160d1a213c430e0cdfebf8b5c5ca65338767ccdfd3	Коса — лучший друг искателя приключений. Бродите по густым джунглям, спускаетесь в глубокие пещеры с пауками или просто собираете урожай? Коса всегда поможет прорубиться сквозь листву.
mantle-book:tconstruct:mighty_smelting:tools/tconstruct_sledge_hammer.json:/properties/0	sha256:fbb1ab3958661ab37e09994b4149c08ab17206a5878c03a4b34cdec3eef61501	Продвинутый инструмент для копания
mantle-book:tconstruct:mighty_smelting:tools/tconstruct_sledge_hammer.json:/properties/1	sha256:4605339a32b328e55e185f99a8fc2277acb34c1962e83d44e7671cc1139686e7	Выкапывает область 3x3
mantle-book:tconstruct:mighty_smelting:tools/tconstruct_sledge_hammer.json:/properties/2	sha256:5f4f8d78c12b3ddeff7e05c6666b5bf7c0ebcd12b90f1e9b9ce3612223258c78	Эффективен для камня и руд
mantle-book:tconstruct:mighty_smelting:tools/tconstruct_sledge_hammer.json:/properties/3	sha256:3b97223bc873b9c20769fefdc3caaded3e47043fd5af571baefb7d791046f80a	После создания уже имеет Кару II
mantle-book:tconstruct:mighty_smelting:tools/tconstruct_sledge_hammer.json:/text/0/text	sha256:5d3d818b3d72de100f3871a1f1730daaf527f522c612b173d5d6284abd020007	Молот - это широкий инструмент для копания. Он добывает блоки в широкой области и эффективен против нежити.
mantle-book:tconstruct:mighty_smelting:tools/tconstruct_sledge_hammer.json:/text/2/text	sha256:b00908bf9ef956926c74e4cead3f6361b3f29b17fbd74fb9983db7660a534fa2	Он эффективен для выкапывания больших областей и длительного копания.
mantle-book:tconstruct:mighty_smelting:tools/tconstruct_vein_hammer.json:/properties/0	sha256:fbb1ab3958661ab37e09994b4149c08ab17206a5878c03a4b34cdec3eef61501	Продвинутый инструмент для копания
mantle-book:tconstruct:mighty_smelting:tools/tconstruct_vein_hammer.json:/properties/1	sha256:01ac29af90d6265e93735937bc9c41f80145c6d27e9ad6a93b0e3a92b07c175a	Выкапывает жилы
mantle-book:tconstruct:mighty_smelting:tools/tconstruct_vein_hammer.json:/properties/2	sha256:5f4f8d78c12b3ddeff7e05c6666b5bf7c0ebcd12b90f1e9b9ce3612223258c78	Эффективен для камня и руд
mantle-book:tconstruct:mighty_smelting:tools/tconstruct_vein_hammer.json:/properties/3	sha256:57a97ad7ba6f2d8c3c95fab6df2d6099cdd68e084fe5e9ba186109a90411582c	Дополнительно имеет пронзающий урон
mantle-book:tconstruct:mighty_smelting:tools/tconstruct_vein_hammer.json:/text/0/text	sha256:fe4affb28681b3d0e5f73b33338acea76b960f5da2cca87d4c8af1bf9e605a7a	Жильный молот - это широкий инструмент для копания. Он выкапывает жилы из блоков одного типа.
mantle-book:tconstruct:mighty_smelting:tools/tconstruct_vein_hammer.json:/text/2/text	sha256:6db57febe96cc7e58d794f9f9b9c17adf8d3bda97a2cced1da9b4c8d42098fe6	Выкапывает полностью всю жилу за один удар
mantle-book:tconstruct:mighty_smelting:tools/tconstruct_vein_hammer.json:/text/4/text	sha256:cca7b106fe9953dc194e39cf90bf296d5fed755b8f2b1e0600b254b78a892002	Предупреждение: Thruul Industries не несёт ответственности за массовую выкопку жил.
mantle-book:tconstruct:mighty_smelting:tools/tips.json:/text/0/text	sha256:935dab15dfaa4a2b0846aa16498be57d3462477da90ab4646c64245ff5996f3b	Ладно, литейщик, сейчас вы узнаете об одном из самых мощных способов улучшать инструменты — умениях. Но сначала несколько коротких советов.
mantle-book:tconstruct:mighty_smelting:tools/tips.json:/text/1/text	sha256:b80d0ec04e9e2222a51df29f192532fec0f2f83be7c0416420c832d6130bf24a	Во-первых, вы можете подумать, что цель мастерства — создать лучший инструмент, но это не так! Ваша цель — создать хороший инструмент, и потерпеть неудачу в этом сложно. Вы всегда можете улучшить свой инструмент позже.
mantle-book:tconstruct:mighty_smelting:tools/tips.json:/text/2/text	sha256:be59ac2ef47a8ca95daf3e482cabeb8dbf8d24cc11106df5869f69a8a3d62c26	Возможно, вы спрашиваете себя: «Стоит ли этим пользоваться?» Всё просто: попробуйте всё! Не понравится — инструмент всегда можно переработать или спрятать в сундук. Необязательно спешить со всеми модификаторами: начните с того, который кажется интересным!
mantle-book:tconstruct:mighty_smelting:tools/tips.json:/title	sha256:52561831b4ff0b8a6690a9222e7c49007f90f4f03f45f5a0c6e74a979bfed513	Советы по инструментам
mantle-book:tconstruct:puny_smelting:armor/tconstruct_plate_boots.json:/properties/0	sha256:b08ddd7f0457a09720db1e9379fe58bebfa167c1bb9c05534bda3c7667cc6ddc	Повышенная прочность
mantle-book:tconstruct:puny_smelting:armor/tconstruct_plate_boots.json:/properties/1	sha256:c1e15ff5669c35e95a24635fd4c9c63fb7100ac0714e0455d96cb61f916811c7	Больше брони
mantle-book:tconstruct:puny_smelting:armor/tconstruct_plate_boots.json:/properties/2	sha256:2b81cd5b0166137585fede4626d22120c23777d557baa1bfbd658ba834672436	2 слота для улучшений
mantle-book:tconstruct:puny_smelting:armor/tconstruct_plate_boots.json:/properties/3	sha256:9a7e003270efd7a93c547087f3c6f33976d8901e8c611c35d1d4a46ead3540fd	3 слота защиты
mantle-book:tconstruct:puny_smelting:armor/tconstruct_plate_boots.json:/properties/4	sha256:bad15bc9643c0b300067fce46a561dac97981540cad1152777ff24b69eaa92fb	2 свойства материала
mantle-book:tconstruct:puny_smelting:armor/tconstruct_plate_boots.json:/text/0/text	sha256:528413396bbbed853a60fc5715a68013ff85419216f143a3d09badc7504beaba	Что это такое?
mantle-book:tconstruct:puny_smelting:armor/tconstruct_plate_boots.json:/text/1/text	sha256:6c83c16b4d4f833c604458e3cd42d9daaaab08f92f2439592826f98847295920	Чтобы попасть в преисподнюю, вам понадобятся жесткие ботинки, которые защитят ваши ноги! Никто никогда не задумывается о том, насколько на самом деле жарко на этой земле.
mantle-book:tconstruct:puny_smelting:armor/tconstruct_plate_chestplate.json:/properties/0	sha256:b08ddd7f0457a09720db1e9379fe58bebfa167c1bb9c05534bda3c7667cc6ddc	Повышенная прочность
mantle-book:tconstruct:puny_smelting:armor/tconstruct_plate_chestplate.json:/properties/1	sha256:c1e15ff5669c35e95a24635fd4c9c63fb7100ac0714e0455d96cb61f916811c7	Больше брони
mantle-book:tconstruct:puny_smelting:armor/tconstruct_plate_chestplate.json:/properties/2	sha256:2b81cd5b0166137585fede4626d22120c23777d557baa1bfbd658ba834672436	2 слота для улучшений
mantle-book:tconstruct:puny_smelting:armor/tconstruct_plate_chestplate.json:/properties/3	sha256:9a7e003270efd7a93c547087f3c6f33976d8901e8c611c35d1d4a46ead3540fd	3 слота защиты
mantle-book:tconstruct:puny_smelting:armor/tconstruct_plate_chestplate.json:/properties/4	sha256:bad15bc9643c0b300067fce46a561dac97981540cad1152777ff24b69eaa92fb	2 свойства материала
mantle-book:tconstruct:puny_smelting:armor/tconstruct_plate_chestplate.json:/text/0/text	sha256:1e8737b618c9036c4fea72dd35fa65b8d64e30b61d9e8319d698d7f2182ead33	Если приложить голову к нагруднику, вы услышите биение собственного сердца, когда позади вас взрывается крипер. Почему ты снял его?
mantle-book:tconstruct:puny_smelting:armor/tconstruct_plate_chestplate.json:/text/1/text	sha256:ade09e9124037e4e26ba0b6b575f9f3a86023e0156ef2d9d2d9ecdee4aa57ad9	Высокие доспехи с кольчугой для обеспечения гибкости – что может быть круче этого!
mantle-book:tconstruct:puny_smelting:armor/tconstruct_plate_helmet.json:/properties/0	sha256:b08ddd7f0457a09720db1e9379fe58bebfa167c1bb9c05534bda3c7667cc6ddc	Повышенная прочность
mantle-book:tconstruct:puny_smelting:armor/tconstruct_plate_helmet.json:/properties/1	sha256:c1e15ff5669c35e95a24635fd4c9c63fb7100ac0714e0455d96cb61f916811c7	Больше брони
mantle-book:tconstruct:puny_smelting:armor/tconstruct_plate_helmet.json:/properties/2	sha256:2b81cd5b0166137585fede4626d22120c23777d557baa1bfbd658ba834672436	2 слота для улучшений
mantle-book:tconstruct:puny_smelting:armor/tconstruct_plate_helmet.json:/properties/3	sha256:9a7e003270efd7a93c547087f3c6f33976d8901e8c611c35d1d4a46ead3540fd	3 слота защиты
mantle-book:tconstruct:puny_smelting:armor/tconstruct_plate_helmet.json:/properties/4	sha256:bad15bc9643c0b300067fce46a561dac97981540cad1152777ff24b69eaa92fb	2 свойства материала
mantle-book:tconstruct:puny_smelting:armor/tconstruct_plate_helmet.json:/text/0/text	sha256:b7b4109f618ab707bfa6c4c00b6379041e0cfcae9c8f1489de249d49a7a43cd1	Каски для твердых голов.
mantle-book:tconstruct:puny_smelting:armor/tconstruct_plate_helmet.json:/text/1/text	sha256:d1a43a43e5fa4ab4608b4de951eaa72e45ddaf9aa9db0e7bb77f156137f46acc	Хороший прочный шлем для защиты мозга. Ничто не может повредить твою голову!
mantle-book:tconstruct:puny_smelting:armor/tconstruct_plate_leggings.json:/properties/0	sha256:b08ddd7f0457a09720db1e9379fe58bebfa167c1bb9c05534bda3c7667cc6ddc	Повышенная прочность
mantle-book:tconstruct:puny_smelting:armor/tconstruct_plate_leggings.json:/properties/1	sha256:c1e15ff5669c35e95a24635fd4c9c63fb7100ac0714e0455d96cb61f916811c7	Больше брони
mantle-book:tconstruct:puny_smelting:armor/tconstruct_plate_leggings.json:/properties/2	sha256:2b81cd5b0166137585fede4626d22120c23777d557baa1bfbd658ba834672436	2 слота для улучшений
mantle-book:tconstruct:puny_smelting:armor/tconstruct_plate_leggings.json:/properties/3	sha256:9a7e003270efd7a93c547087f3c6f33976d8901e8c611c35d1d4a46ead3540fd	3 слота защиты
mantle-book:tconstruct:puny_smelting:armor/tconstruct_plate_leggings.json:/properties/4	sha256:bad15bc9643c0b300067fce46a561dac97981540cad1152777ff24b69eaa92fb	2 свойства материала
mantle-book:tconstruct:puny_smelting:armor/tconstruct_plate_leggings.json:/text/0/text	sha256:45f73340785b198ce290b3f98f1eca5069f58ce165fc3519ced727f33d4e68f8	Моя нога, моя нога.
mantle-book:tconstruct:puny_smelting:armor/tconstruct_plate_leggings.json:/text/1/text	sha256:8614b5a63bcf6fcc405c8e1cc76d561589fd4ec80692f9c4a3f967ca88fe784f	Эти брюки обеспечивают надежную защиту для всех ваших боевых задач!
mantle-book:tconstruct:puny_smelting:armor/tconstruct_plate_shield.json:/properties/0	sha256:afd0d87a8809b0466b02a0cc2244164a3f9647299195256e62cd7ed155e28a14	Более высокий потенциал блокировки
mantle-book:tconstruct:puny_smelting:armor/tconstruct_plate_shield.json:/properties/1	sha256:e3ad12afac856312676133a9ae09356908bae0ffb42b84f7a320824500ca1be0	Низкая скорость передвижения при блокировании
mantle-book:tconstruct:puny_smelting:armor/tconstruct_plate_shield.json:/properties/2	sha256:2b81cd5b0166137585fede4626d22120c23777d557baa1bfbd658ba834672436	2 слота для улучшений
mantle-book:tconstruct:puny_smelting:armor/tconstruct_plate_shield.json:/properties/3	sha256:9a7e003270efd7a93c547087f3c6f33976d8901e8c611c35d1d4a46ead3540fd	3 слота защиты
mantle-book:tconstruct:puny_smelting:armor/tconstruct_plate_shield.json:/properties/4	sha256:bad15bc9643c0b300067fce46a561dac97981540cad1152777ff24b69eaa92fb	2 свойства материала
mantle-book:tconstruct:puny_smelting:armor/tconstruct_plate_shield.json:/text/0/text	sha256:7b45282362e96b5e4cccac34337f2fdeb3836b24f390c7d75ca9708fee87b50a	Блестящий прямоугольный щит для блестящих прямоугольных приключений.
mantle-book:tconstruct:puny_smelting:armor/tconstruct_plate_shield.json:/text/1/text	sha256:a451490c944eef318262e48d8a01160a3fcaf70e981c3285c3028b077fa2467f	Мощный щит для блокировки самых сильных атак. Изготовлен из литья металла или керамики на защитном сердечнике.
mantle-book:tconstruct:puny_smelting:armor/tconstruct_travelers_boots.json:/properties/0	sha256:5a63064de75c299aed18e0c01a340c58b0f168965047da46d26f61cac293b07f	Меньше брони
mantle-book:tconstruct:puny_smelting:armor/tconstruct_travelers_boots.json:/properties/1	sha256:7577ae1566928fd7a53bd9ec17ad2a2520041686977620f92c6bfa37c5eef907	Меньшая прочность
mantle-book:tconstruct:puny_smelting:armor/tconstruct_travelers_boots.json:/properties/2	sha256:2b81cd5b0166137585fede4626d22120c23777d557baa1bfbd658ba834672436	2 слота для улучшений
mantle-book:tconstruct:puny_smelting:armor/tconstruct_travelers_boots.json:/properties/3	sha256:652e9b7f62c7d4e34cecfa4b5b585cb93df007add72daa829878aeeb74a24fa3	2 слота защиты
mantle-book:tconstruct:puny_smelting:armor/tconstruct_travelers_boots.json:/properties/4	sha256:96106035c7b48be6bccf66ea8948c1f10586e20cade6c9933e3cc9aea4416b05	1 слот для умений
mantle-book:tconstruct:puny_smelting:armor/tconstruct_travelers_boots.json:/properties/5	sha256:bad15bc9643c0b300067fce46a561dac97981540cad1152777ff24b69eaa92fb	2 свойства материала
mantle-book:tconstruct:puny_smelting:armor/tconstruct_travelers_boots.json:/properties/6	sha256:60e1bedf9bf5bb9ef22ce020e67574f4ecdd52efd458a5216a2d82141376aac4	Изолированный
mantle-book:tconstruct:puny_smelting:armor/tconstruct_travelers_boots.json:/text/0/text	sha256:2d14a19d6f43016e7f121143d4c65cd28b3d75b0f6978b922f544d8d50baaf88	Эти ботинки созданы для прогулок, и именно для этого они и подойдут.
mantle-book:tconstruct:puny_smelting:armor/tconstruct_travelers_boots.json:/text/1/text	sha256:fe4b9a40af48d308e851d7b4edd3f98942c92bbcc097fb114f0ab7a796a1ea94	Каждому искателю приключений, чтобы начать свое путешествие, нужна пара стильных, персонализируемых ботинок.
mantle-book:tconstruct:puny_smelting:armor/tconstruct_travelers_chestplate.json:/properties/0	sha256:5a63064de75c299aed18e0c01a340c58b0f168965047da46d26f61cac293b07f	Меньше брони
mantle-book:tconstruct:puny_smelting:armor/tconstruct_travelers_chestplate.json:/properties/1	sha256:7577ae1566928fd7a53bd9ec17ad2a2520041686977620f92c6bfa37c5eef907	Меньшая прочность
mantle-book:tconstruct:puny_smelting:armor/tconstruct_travelers_chestplate.json:/properties/2	sha256:2b81cd5b0166137585fede4626d22120c23777d557baa1bfbd658ba834672436	2 слота для улучшений
mantle-book:tconstruct:puny_smelting:armor/tconstruct_travelers_chestplate.json:/properties/3	sha256:652e9b7f62c7d4e34cecfa4b5b585cb93df007add72daa829878aeeb74a24fa3	2 слота защиты
mantle-book:tconstruct:puny_smelting:armor/tconstruct_travelers_chestplate.json:/properties/4	sha256:96106035c7b48be6bccf66ea8948c1f10586e20cade6c9933e3cc9aea4416b05	1 слот для умений
mantle-book:tconstruct:puny_smelting:armor/tconstruct_travelers_chestplate.json:/properties/5	sha256:bad15bc9643c0b300067fce46a561dac97981540cad1152777ff24b69eaa92fb	2 свойства материала
mantle-book:tconstruct:puny_smelting:armor/tconstruct_travelers_chestplate.json:/properties/6	sha256:60e1bedf9bf5bb9ef22ce020e67574f4ecdd52efd458a5216a2d82141376aac4	Изолированный
mantle-book:tconstruct:puny_smelting:armor/tconstruct_travelers_chestplate.json:/text/0/text	sha256:7cbaae2fd3a2d7f60049137761b61db7c748fa7f02488b4068b6dc863ea30806	Не забудьте заправить бирку, не хотите ходить с ней.
mantle-book:tconstruct:puny_smelting:armor/tconstruct_travelers_chestplate.json:/text/1/text	sha256:4153dcd00645a995b53bc1ab9f3090823ddf90b466a92d1f3f9d33855d08d289	Нагрудники, важные для защиты важных органов грудной клетки. И при этом выглядеть очень хорошо.
mantle-book:tconstruct:puny_smelting:armor/tconstruct_travelers_helmet.json:/properties/0	sha256:5a63064de75c299aed18e0c01a340c58b0f168965047da46d26f61cac293b07f	Меньше брони
mantle-book:tconstruct:puny_smelting:armor/tconstruct_travelers_helmet.json:/properties/1	sha256:7577ae1566928fd7a53bd9ec17ad2a2520041686977620f92c6bfa37c5eef907	Меньшая прочность
mantle-book:tconstruct:puny_smelting:armor/tconstruct_travelers_helmet.json:/properties/2	sha256:2b81cd5b0166137585fede4626d22120c23777d557baa1bfbd658ba834672436	2 слота для улучшений
mantle-book:tconstruct:puny_smelting:armor/tconstruct_travelers_helmet.json:/properties/3	sha256:652e9b7f62c7d4e34cecfa4b5b585cb93df007add72daa829878aeeb74a24fa3	2 слота защиты
mantle-book:tconstruct:puny_smelting:armor/tconstruct_travelers_helmet.json:/properties/4	sha256:96106035c7b48be6bccf66ea8948c1f10586e20cade6c9933e3cc9aea4416b05	1 слот для умений
mantle-book:tconstruct:puny_smelting:armor/tconstruct_travelers_helmet.json:/properties/5	sha256:bad15bc9643c0b300067fce46a561dac97981540cad1152777ff24b69eaa92fb	2 свойства материала
mantle-book:tconstruct:puny_smelting:armor/tconstruct_travelers_helmet.json:/properties/6	sha256:60e1bedf9bf5bb9ef22ce020e67574f4ecdd52efd458a5216a2d82141376aac4	Изолированный
mantle-book:tconstruct:puny_smelting:armor/tconstruct_travelers_helmet.json:/text/0/text	sha256:f2088181d71e44ae0e53355a2c51ef124d225e007b452e0661e457b048d1f41a	Очки подходят для короля, леммингов или королевских леммингов.
mantle-book:tconstruct:puny_smelting:armor/tconstruct_travelers_helmet.json:/text/1/text	sha256:161d0c9ae646bd7a2daafb7f9af5b6891f0faf5866ec7e060717cd83bbfc3c0a	Хорошие очки обеспечат более безопасные приключения, лучшее зрение и задатки короля.
mantle-book:tconstruct:puny_smelting:armor/tconstruct_travelers_leggings.json:/properties/0	sha256:5a63064de75c299aed18e0c01a340c58b0f168965047da46d26f61cac293b07f	Меньше брони
mantle-book:tconstruct:puny_smelting:armor/tconstruct_travelers_leggings.json:/properties/1	sha256:7577ae1566928fd7a53bd9ec17ad2a2520041686977620f92c6bfa37c5eef907	Меньшая прочность
mantle-book:tconstruct:puny_smelting:armor/tconstruct_travelers_leggings.json:/properties/2	sha256:2b81cd5b0166137585fede4626d22120c23777d557baa1bfbd658ba834672436	2 слота для улучшений
mantle-book:tconstruct:puny_smelting:armor/tconstruct_travelers_leggings.json:/properties/3	sha256:652e9b7f62c7d4e34cecfa4b5b585cb93df007add72daa829878aeeb74a24fa3	2 слота защиты
mantle-book:tconstruct:puny_smelting:armor/tconstruct_travelers_leggings.json:/properties/4	sha256:96106035c7b48be6bccf66ea8948c1f10586e20cade6c9933e3cc9aea4416b05	1 слот для умений
mantle-book:tconstruct:puny_smelting:armor/tconstruct_travelers_leggings.json:/properties/5	sha256:bad15bc9643c0b300067fce46a561dac97981540cad1152777ff24b69eaa92fb	2 свойства материала
mantle-book:tconstruct:puny_smelting:armor/tconstruct_travelers_leggings.json:/properties/6	sha256:60e1bedf9bf5bb9ef22ce020e67574f4ecdd52efd458a5216a2d82141376aac4	Изолированный
mantle-book:tconstruct:puny_smelting:armor/tconstruct_travelers_leggings.json:/text/0/text	sha256:dcf55dbdfd13cdf63b07b81766c079d1bd4bb8cf61876cdb806c51155cc158cc	Дорогая, где мои пааааааааааааааааааа?
mantle-book:tconstruct:puny_smelting:armor/tconstruct_travelers_leggings.json:/text/1/text	sha256:f6d9a8de12ed4886ea5ead00dd187ebff7fec5ee05368428f76083eea8a455ae	Выходить в мир без штанов — не очень хорошая идея, почему бы не взять пару штанов, чтобы согреться и помочь в путешествии!
mantle-book:tconstruct:puny_smelting:armor/tconstruct_travelers_shield.json:/properties/0	sha256:3306501429e2c42fa96aaf0d597928b64b2033ff3181d6c1e26a8bd233065727	Низкая прочность
mantle-book:tconstruct:puny_smelting:armor/tconstruct_travelers_shield.json:/properties/1	sha256:35d53f231308c3a96fde6a3ce3f9472f54399f2050d0a3de4e036d59cc61eea2	Низкий потенциал блокирования
mantle-book:tconstruct:puny_smelting:armor/tconstruct_travelers_shield.json:/properties/2	sha256:846f8010b78791f9192d85e11a01904bb2c3f51a5a56b466e8552b2caa393f2e	Высокая скорость передвижения при блокировании
mantle-book:tconstruct:puny_smelting:armor/tconstruct_travelers_shield.json:/properties/3	sha256:2b81cd5b0166137585fede4626d22120c23777d557baa1bfbd658ba834672436	2 слота для улучшений
mantle-book:tconstruct:puny_smelting:armor/tconstruct_travelers_shield.json:/properties/4	sha256:652e9b7f62c7d4e34cecfa4b5b585cb93df007add72daa829878aeeb74a24fa3	2 слота защиты
mantle-book:tconstruct:puny_smelting:armor/tconstruct_travelers_shield.json:/properties/5	sha256:96106035c7b48be6bccf66ea8948c1f10586e20cade6c9933e3cc9aea4416b05	1 слот для умений
mantle-book:tconstruct:puny_smelting:armor/tconstruct_travelers_shield.json:/properties/6	sha256:bad15bc9643c0b300067fce46a561dac97981540cad1152777ff24b69eaa92fb	2 свойства материала
mantle-book:tconstruct:puny_smelting:armor/tconstruct_travelers_shield.json:/text/0/text	sha256:37a4a8c712457311b2a6103dc6aea74a022ad2d0df490d0fbee182e7491f1527	К сожалению, фрисби получается плохо.
mantle-book:tconstruct:puny_smelting:armor/tconstruct_travelers_shield.json:/text/1/text	sha256:17b4826d2cc9eccb287418860d1e2d8f749299ccb185a9912df9fc62b3c6d0cd	Щиты важны для защиты от атак в окружающем мире. Лучше всего брать их с собой в путешествие.
mantle-book:tconstruct:puny_smelting:casting/automation.json:/text/0/text	sha256:5ae1341ce7c138241b8a3513459e1cf0f50a2004ac71dd197cf880a5d2ce492c	Литейные столы и резервуары взаимодействуют с воронками, позволяя легко помещать предметы и извлекать охлаждённые предметы.
mantle-book:tconstruct:puny_smelting:casting/automation.json:/text/1/text	sha256:2eaae14573b13fa13c9538fe64fcc045cd1f8d0441a773199d4f98028bbe6b7c	Компараторы также заставляют редстоун гореть разными цветами при подключении к столу или резервуару, а импульс редстоуна можно использовать, чтобы поменять местами вход и выход.
mantle-book:tconstruct:puny_smelting:casting/automation.json:/title	sha256:d909750b1bbb71a39b6330ba8f81f4f8f6e889ed96d7ab366e74857909750c64	Автоматизация
mantle-book:tconstruct:puny_smelting:casting/casting_tank.json:/text/0/text	sha256:655c926d2471f6ac9ff709c5353a14455922c524216c70a44be0fbd3bb747e03	Литейный резервуар идеально подходит для автоматического наполнения и опорожнения простых ёмкостей: вёдер, мисок и бутылочек. Работает с воронками, кранами и каналами.
mantle-book:tconstruct:puny_smelting:casting/casting_tank.json:/text/1/text	sha256:9a17be0d43c0390424409022c7c22c77bcd5625393c4ee194b0679cb569931a2	Взаимодействие с верхней частью позволяет поместить предмет внутрь, а с нижней — залить жидкость. Для инструментов подходит плохо; лучше воспользуйтесь литейным резервуаром.
mantle-book:tconstruct:puny_smelting:casting/casting_tank.json:/title	sha256:5fca3cb3f7b1787a1788de0e6280b410db15c6cb3943dbb711a9e2a6a418bda5	Литейный резервуар
mantle-book:tconstruct:puny_smelting:casting/goldcast.json:/text/0/text	sha256:8416985bc4a5525318f30432412a2751a5544be73155cd0015fb34f5dce375ea	Золотые литейные формы можно использовать многократно. Чтобы создать такую форму, просто вылейте один слиток расплавленного золота на часть инструмента, помещённую в литейный стол. Часть инструмента израсходуется в процессе.
mantle-book:tconstruct:puny_smelting:casting/goldcast.json:/title	sha256:bc20b225edf1fced27c8e04f3f3ab9a02b07a982db10ec21d2a491e253a67198	Золотые литейные формы
mantle-book:tconstruct:puny_smelting:casting/intro.json:/text/0/text	sha256:3d037e60fb78ff4b3692dca40f58a735840e982ae3509a57913bb1c642450066	Итак, вы расплавили металл и придумали, как его перемещать. Осталось только превратить его в части для инструментов!
mantle-book:tconstruct:puny_smelting:casting/intro.json:/title	sha256:0c9e7b062660e3dcb0ea2efe55f231095d585cd1b81a59fd67fee04832471202	Литьё
mantle-book:tconstruct:puny_smelting:casting/othercast.json:/text/0/text	sha256:75747928f3b5d02454068c51803b96a0180e5543d53a12f1b2c348a0c0293084	Композитное литьё позволяет создавать новые материалы, выливая жидкость на предмет в литейном столе или на блок в литейном резервуаре.
mantle-book:tconstruct:puny_smelting:casting/othercast.json:/text/1/text	sha256:529381adc611297351efa4297e299ee264d8295f7f8dd37765fdcb8dcad956bc	Примечательны такие материалы, как Слизедерево и Дерево Туле, которые получаются путём выливания слизи или расплавленного обсидиана, соответственно, на деревянные части инструментов.
mantle-book:tconstruct:puny_smelting:casting/othercast.json:/title	sha256:8f4a4783dd63225161c16c24e34598312b0ece1acbafac09300a1cf06fe492cf	Многослойное литьё
mantle-book:tconstruct:puny_smelting:casting/sandcast.json:/text/0/text	sha256:eabdb2f66656c81eaf6f6040c55ec7f106d8890ea2eb8de657a506c9361f0591	Чтобы отлить часть инструмента: сначала создайте литейную заготовку и положите её на литейный стол. Создайте часть инструмента в формирователе частей, затем используйте её на литейной заготовке, а потом извлеките часть. Затем вы можете залить расплавленный металл в форму и забрать свою часть, когда она остынет. Песочная литейная форма израсходуется в процессе.
mantle-book:tconstruct:puny_smelting:casting/sandcast.json:/text/1/text	sha256:4fda4419df27392e366957affb6ae0746d29328e7cacc4e2ed649985fb8d7ad2	Заполненные песочные формы снова станут пустыми, когда вы их заберёте.
mantle-book:tconstruct:puny_smelting:casting/sandcast.json:/title	sha256:e942996d925f237a246b0dfe44cea44590244f65521cc1854cde41a45ce95c40	Песочные литейные формы
mantle-book:tconstruct:puny_smelting:casting/sandcast2.json:/text/0/text	sha256:74d644c7c5cecd80067db9a9c9045bbc43ff6d1b81174998fc40baaaaf991032	Песочные формы можно создавать, вдавливая деталь инструмента в песок, которым заполнен литейный стол.
mantle-book:tconstruct:puny_smelting:casting/sandcast2.json:/title	sha256:e942996d925f237a246b0dfe44cea44590244f65521cc1854cde41a45ce95c40	Отливки из песка
mantle-book:tconstruct:puny_smelting:casting/sandcast3.json:/text/0/text	sha256:8a5dae50810eeb1c29630e71db97fefc218c527ad4d1db9c42dc10371e95be19	Песочные формы также можно создавать в формирователе деталей, поместив песок или пустую песочную форму в слот шаблона. Так необходимо делать формы для бронепластин.
mantle-book:tconstruct:puny_smelting:casting/sandcast3.json:/title	sha256:e942996d925f237a246b0dfe44cea44590244f65521cc1854cde41a45ce95c40	Отливки из песка
mantle-book:tconstruct:puny_smelting:casting/sandcast_craft.json:/title	sha256:b031a94a18739d2d0d45c222f22e60ff48c944acbc0b528a13dc4688bafe2ea9	Создание песочной формы
mantle-book:tconstruct:puny_smelting:further_reading/encyclopedia.json:/text/0/text	sha256:315a3de79a500255c06be4ddc230e7491be1360ee42ec1f7e657f47ef05b4712	Видимо, у некоторых начинающих ремесленников недостаточно рук, чтобы изготовить инструменты и держать обе мои книги. Если бы у тебя было четыре руки, как у меня, это не было бы проблемой! К счастью для вас, ботаников, всего за немного расплавленного золота вы можете создать новую книгу Селены, в которой есть вся необходимая информация по созданию инструментов. Не ждите, что найдете там что-нибудь о моей потрясающей плавильной печи.
mantle-book:tconstruct:puny_smelting:further_reading/encyclopedia.json:/title	sha256:02e1c17ecc7116f5986d5fb903f002116425c852c075826112de3ad90782d52f	Энциклопедия мастерства
mantle-book:tconstruct:puny_smelting:further_reading/mighty_smelting.json:/text/0/text	sha256:825ca99057f2e04ee95cef2ba8134d4748cafde0b0686a69303cf6537a202ee1	В одной книге не поместилось всё великолепие, поэтому мне пришлось написать вторую. Освоив плавильную печь, расплавьте немного цемента и вылейте его на книгу, чтобы получить продолжение.
mantle-book:tconstruct:puny_smelting:further_reading/mighty_smelting.json:/title	sha256:8f9a06d492880bbfb25c6a82aa98d06df2ddf05084342f0d7ace3700a2c52ccc	Могучая плавка
mantle-book:tconstruct:puny_smelting:introduction/thruul.json:/text/0/text	sha256:779530d4c38e5a33da0c5e40a601e9038f4658858df8aaa1520c13c453c21ab2	Ладно, теперь, когда Вы закончили возиться с этими слабыми материалами, которые, по мнению Селены вы должны были использовать, настало время для НАСТОЯЩИХ ЛИТЕЙНЫХ МАТЕРИАЛОВ, ТАКИХ КАК МЕТАЛЛ.
mantle-book:tconstruct:puny_smelting:introduction/thruul.json:/text/1/text	sha256:fc5c79f1f544a375e1d518bcf38a45bd34b2d0460b74243b15f8417746926529	Очевидно, что ты никогда не станешь таким же крутым и сильным, как я, ибо я — единственный и неповторимый §lTHRUUL M'GON§r, однако я уверен, что такой начинающий литейщик, как Ты, сможет кое-чему научиться и дать жару.
mantle-book:tconstruct:puny_smelting:introduction/thruul.json:/text/2/text	sha256:325bd379086c730d3a2e4300b02db22d77cf944b859c3161d7dd61d69b701b59	Не забудьте присоединиться ко мне в моей следующей металлургической книге. Как только у вас появится плавильная печь, просто вылейте немного обожжёного камня на книгу!
mantle-book:tconstruct:puny_smelting:introduction/thruul.json:/title	sha256:587b52d09880e5256ec240be2f799025d0352a2059924e23d5958772c2e2729d	Плавка для начинающих
mantle-book:tconstruct:puny_smelting:melting/features.json:/text/0/text	sha256:d493e1b5c52e6666e3ad92b23870809e88cce72649d6fe718643b1444e6d9d45	• Предшественница плавильни
mantle-book:tconstruct:puny_smelting:melting/features.json:/text/1/text	sha256:07a84ab3f6e7489f52997eb8130ada040bdab92942a1ea3ab24675923cd6b154	• Дает +3 самородка или +1 драгоценный камень за руду.
mantle-book:tconstruct:puny_smelting:melting/features.json:/text/2/text	sha256:bfbd62892aae470afd5dee7461622623fea60132128245e05d6df2aee18ab5e8	"
• Нагреватель можно заменить обожжённым резервуаром, который может повысить температуру
"
mantle-book:tconstruct:puny_smelting:melting/features.json:/text/3/text	sha256:d7b2557dd9c4dba9dba0b0896196068fb294482d697cd09f4174ade60570293b	"
• Вмещает 9 слитков"
mantle-book:tconstruct:puny_smelting:melting/features.json:/text/4/text	sha256:b63e871230ebc92530ef2fde4a4e4cea1ef9baaaf467e180ac648f4742b831ef	"
• Плавит 3 предмета одновременно"
mantle-book:tconstruct:puny_smelting:melting/features.json:/text/5/text	sha256:625295d565b7046e14bb1cf756493a2f95ca5f8483caa2d7c08d38f566243dc8	"
• Экономит топливо"
mantle-book:tconstruct:puny_smelting:melting/features.json:/text/6/text	sha256:09c54684391fdedbe9b46daab89286ba9a03f291838c1c2194dd92b9d05f5ea2	"
• Идеально подходит для плавления предметов, выпадающих с Пиглинов, такие как золотые мечи или броня"
mantle-book:tconstruct:puny_smelting:melting/features.json:/title	sha256:5697d03daef4de9cf8db7cb11755f71358a32b4acca94909a9d449f71040d2dd	Характеристики
mantle-book:tconstruct:puny_smelting:melting/melter.json:/text/0/text	sha256:c59aefceb712e8f79ea8f6d0729c167294101f242b814a7b1089246efbb1d252	Это самая простая плавильная печь, способная выполнять множество простых задач.
mantle-book:tconstruct:puny_smelting:melting/melter.json:/title	sha256:4d69dfaa7f497140fd8df2e9ef73c6350f7669ee38acbc108a98058d84cea19e	Плавильная печь
mantle-book:tconstruct:puny_smelting:melting/meltergui.json:/text/0/text	sha256:864172587db31082fccc97b6ed4e552d696672f1aefb9e72a5a19bd343922d06	Обычный интерфейс плавильной печи. Ни больше ни меньше.
mantle-book:tconstruct:puny_smelting:melting/meltergui.json:/title	sha256:dc489d34ae7ba3f0fa80f925655fbf16b5febf8e6afde70bd057fa7388e8f50f	Интерфейс плавильной печи
mantle-book:tconstruct:puny_smelting:melting/meltergui2.json:/text/0/text	sha256:c7bee4c31e8ca89e7aa16ba92d4a287905e0e8fa2cbc5aadba5a2e82dc8178c2	1: В эти 3 слота Вы помещаете то, что хотите расплавить. Это могут быть руды, слитки или что-то ещё!
mantle-book:tconstruct:puny_smelting:melting/meltergui2.json:/text/1/text	sha256:9b98adabb5eb2a10a19392001781b9a72eb47f8e2d547ab12d86bce34a7474b1	2: Здесь будет отображаться расплавленный материал. Помните, что в плавильной печи одновременно может находиться только один расплавленный материал.
mantle-book:tconstruct:puny_smelting:melting/meltergui2.json:/text/2/text	sha256:e318ec5581fe0e349c5771749d6b6ad1a663fb8274e754cc4f6d8b6a70ac43f1	3: Здесь отображается топливо. При использовании нагревателя вы сможете положить в него любой подходящий предмет. При использовании обожжённого резервуара появится шкала жидкого топлива. Щелчок предметом-контейнером по шкале левой кнопкой мыши попытается наполнить его из резервуара, а правой — вылить его содержимое в резервуар.
mantle-book:tconstruct:puny_smelting:melting/meltergui2.json:/title	sha256:0f044feb6ca7d6764650e6b800425a84b5ea518d6f531ee92c3995d6c3eca11e	Функциональность
mantle-book:tconstruct:puny_smelting:movingfluids/channel.json:/text/0/text	sha256:4a11b56ecb9e0ed4c0e5a0ac19728f0dfda9c1601c8ca58319de5890817a42e9	Вы должны направить своё внутреннее я в другое место.
mantle-book:tconstruct:puny_smelting:movingfluids/channel.json:/title	sha256:4c8906cf76f5740ab8792aef9f0033fe21a92045e90b357816064e9f6860a03e	Каналы
mantle-book:tconstruct:puny_smelting:movingfluids/channel2.json:/text/0/text	sha256:7b842dee23f61236ff65c59a81bec0df54e4e1d646c372aba0195ef79e613572	Каналы можно наполнить жидкостью через верхние или другие стороны, установленные на вход. Жидкости выливаются через нижние или другие стороны, установленные на выход.
mantle-book:tconstruct:puny_smelting:movingfluids/channel2.json:/text/1/text	sha256:cf4f878637a09fc12b35f71a08f73f301ad902e169622d9452f34774d206b2d3	Внутри каналов есть стрелочки, которые показывают направление движения жидкости. Нажатием ПКМ по сторонам каналов, можно переключить их между режимами входа, выхода или заблокировать. Нажав ПКМ по середине канала, Вы установите его на выход, непосредственно, под себя, если там имеется ёмкость для жидкостей.  Каналы не могут перемещать жидкость вверх.
mantle-book:tconstruct:puny_smelting:movingfluids/channel2.json:/text/2/text	sha256:3e90ec0d43f385ad3c540972385d097c686a7f609ff0c27b166e729958af659b	Каналы также реагируют на редстоун. Сигнал включает или отключает слив вниз.
mantle-book:tconstruct:puny_smelting:movingfluids/channel2.json:/title	sha256:4c8906cf76f5740ab8792aef9f0033fe21a92045e90b357816064e9f6860a03e	Каналы
mantle-book:tconstruct:puny_smelting:movingfluids/copper_can.json:/text/0/text	sha256:3b194ff2f3c6d92735b549a9c074b257bec2596c73e88390bacaa29519a11072	Медные сосуды (и вёдра!) можно использовать для перемещения жидкостей вручную.
mantle-book:tconstruct:puny_smelting:movingfluids/copper_can.json:/text/1/text	sha256:14fa58e426cc1d6a31de3028bd7c2fbf3b54cbf27e6619638192e672d00280a8	Медные сосуды вмещают 1 слиток жидкости.
mantle-book:tconstruct:puny_smelting:movingfluids/copper_can.json:/text/2/text	sha256:2747ece8061f4981d29c464b43a15d4f8d910c5d6418299ac8d6c8f08ecff5e3	Медные сосуды стакаются до 16 штук.
mantle-book:tconstruct:puny_smelting:movingfluids/copper_can.json:/title	sha256:4bbc24e5c618132d9cf8e31a847e642cbe90b1ee409404e361d925d28072a68b	Медные сосуды
mantle-book:tconstruct:puny_smelting:movingfluids/copper_can_craft.json:/title	sha256:6485e205a09805733746c19a90d456f38beaa9252e34f464b8c754e1ccf07161	Создание медного сосуда
mantle-book:tconstruct:puny_smelting:movingfluids/faucet.json:/text/0/text	sha256:76e647d4434722c89ddf7e1f48963d192632052f73e129eef4305429ddab317b	Необходимы для ваших кухонь и ванных комнат... э-э-э для перемещения жидкостей.
mantle-book:tconstruct:puny_smelting:movingfluids/faucet.json:/title	sha256:588912b8c7e18a0e8b56a43b19dd65f42a19074f9a0e3d4efe9b3396fb1fd09f	Краны
mantle-book:tconstruct:puny_smelting:movingfluids/faucet2.json:/text/0/text	sha256:5b36fd8673a476465356a5575fe2784fbdc2485428b326a3f9dd73ebd6972533	Краны — это ваш основной способ получения жидкостей из плавильных печей, плавилен, резервуаров или любых других ёмкостей для жидкостей. Просто поставьте его на блок и нажмите ПКМ, чтобы перелить жидкость в расположенный ниже контейнер.
mantle-book:tconstruct:puny_smelting:movingfluids/faucet2.json:/text/1/text	sha256:f7300d7ef57ed1c864595bd92dd9f666762cdf33f325a7c29faafcd6b07dea62	Кран забирает жидкость из боковой или нижней грани подключённого блока и выливает её в блок прямо под собой.
mantle-book:tconstruct:puny_smelting:movingfluids/faucet2.json:/text/2/text	sha256:9c6409926ad4d84a0d25da4db8f98538445969abd239d5444f67c754e1c733d2	Краны реагируют на сигналы редстоуна, поэтому, просто поставив и активировав рядом рычаг, вы заставите его постоянно выливать содержимое. По редстоун-импульсу содержимое будет выливаться до тех пор, пока место назначения не будет заполнено или источник не опустеет.
mantle-book:tconstruct:puny_smelting:movingfluids/faucet2.json:/title	sha256:588912b8c7e18a0e8b56a43b19dd65f42a19074f9a0e3d4efe9b3396fb1fd09f	Краны
mantle-book:tconstruct:puny_smelting:movingfluids/fluid_cannon.json:/text/0/text	sha256:837f22c2c4d828ea2cb70fa33c084d89a08c272144d0aae6881cb7bf8badc017	Скопилось слишком много расплавленного металла? Попробуйте жидкостную пушку! По импульсу редстоуна она выпускает находящуюся внутри жидкость, которая может поджечь врагов, разрушить блоки или автоматически накормить вас!
mantle-book:tconstruct:puny_smelting:movingfluids/fluid_cannon.json:/text/1/text	sha256:baf2b6efcb44c68be75f1d9cc479901edefcdc0434972543405bbe7f1466bd2d	Взаимодействие с нижней частью позволяет положить стопку предметов, которые пушка будет использовать вместе с жидкостью; подходящая жидкость позволит устанавливать блоки или применять инструменты.
mantle-book:tconstruct:puny_smelting:movingfluids/fluid_cannon.json:/title	sha256:e386d0e4ed537045b5aac8a821c1b7a1a2152c04585881ce8f96ca21f9221430	Жидкостная пушка
mantle-book:tconstruct:puny_smelting:movingfluids/gauge.json:/text/0/text	sha256:054fe6d95ed2ca7c6b8f3536864cbbe597e263693aac005240d5431d2808c3c8	Хотите узнать, сколько жидкости в резервуаре? Используйте датчик! При взаимодействии он покажет количество жидкости внутри блока.
mantle-book:tconstruct:puny_smelting:movingfluids/gauge.json:/text/1/text	sha256:fc51df372ffa9cf21245f453cc7378945b4be74fb0bf7b0c9654442f0d14b99c	Обсидиановые датчики дополнительно покажут вам содержащуюся в их окошке жидкость, хотя заглянуть внутрь моих резервуаров несложно!
mantle-book:tconstruct:puny_smelting:movingfluids/gauge.json:/title	sha256:f6d8f4c86cebb44be46815855d0f67e1b320cbf21d303f058d8a90a93c5d1563	Датчик
mantle-book:tconstruct:puny_smelting:movingfluids/intro.json:/text/0/text	sha256:345079d87d38f4988c68f02703961ee0c96071f500da6e58bea9d3fd30d88268	Теперь, когда вы умеете пользоваться примитивной плавильной печью, то наверняка спросите: «Но, Труул, как достать из неё металлы?» Хороший вопрос, литейщик!
mantle-book:tconstruct:puny_smelting:movingfluids/intro.json:/title	sha256:3b48b50639bfe29db94a36f5f243256dcc35362e00381e07e359025d6ce95488	Перемещение жидкостей
mantle-book:tconstruct:puny_smelting:movingfluids/thruul.json:/text/0/text	sha256:9f74bd5e82b8fbd5a0b490e72388356cf98ebe864595ba9d05c0e000a89ee3e4	НА ЧТО ТЫ СМОТРИШЬ, ЛИТЕЙЩИК? НИКОГДА НЕ ВИДЕЛ НИКОГО НАСТОЛЬКО КРАСИВОГО И КРУТОГО?
mantle-book:tconstruct:puny_smelting:movingfluids/thruul.json:/title	sha256:6ede61d8017cca18eb0cd2a4403cf9983f4ace03992709c90805a32fb3dd946f	Труул
mantle-book:tconstruct:puny_smelting:slotless/bonus/tconstruct_draconic.json:/effects/0	sha256:f3fec12d8e89b26f12bb68c2d36f7d611f4faa3dbb341bb7dd1a139f8dbc255e	Добавляет еще один слот способностей.
mantle-book:tconstruct:puny_smelting:slotless/bonus/tconstruct_draconic.json:/effects/1	sha256:a9875ac8991d109dcb62e15a6c2edf4925537322b64dc11266513d9354274d8c	Один уровень
mantle-book:tconstruct:puny_smelting:slotless/bonus/tconstruct_draconic.json:/effects/2	sha256:ef3ed76fa3649bbddec4a61425c87017a4f537dab539f259133151ca68baf6dd	Без слотов
mantle-book:tconstruct:puny_smelting:slotless/bonus/tconstruct_draconic.json:/text/0/text	sha256:47144bed239976b2737688f29cec54c7c1fafcf53532af4e92ea7f67d8a298aa	Пора §oобезглавить§r соперников!
mantle-book:tconstruct:puny_smelting:slotless/bonus/tconstruct_draconic.json:/text/1/text	sha256:b38916e7712b45000bddf8f026240a963604e0e88dd4ae0f739eb8112feba472	Что такое, литейщик, не знаешь, для чего нужен слот умений? Значит, пора взять мою вторую книгу «Могучая плавка»!
mantle-book:tconstruct:puny_smelting:slotless/bonus/tconstruct_embossed.json:/effects/0	sha256:9b7a380d3ccdcd6ce7c26678b170d54d46889ca0d1775492cb40c3d920553919	Добавляет слот для улучшений.
mantle-book:tconstruct:puny_smelting:slotless/bonus/tconstruct_embossed.json:/effects/1	sha256:a9875ac8991d109dcb62e15a6c2edf4925537322b64dc11266513d9354274d8c	Один уровень
mantle-book:tconstruct:puny_smelting:slotless/bonus/tconstruct_embossed.json:/effects/2	sha256:ef3ed76fa3649bbddec4a61425c87017a4f537dab539f259133151ca68baf6dd	Без слотов
mantle-book:tconstruct:puny_smelting:slotless/bonus/tconstruct_embossed.json:/text/0/text	sha256:98349713c85a8ba04995d2ce219ed7f6d3c553275004abf7c63420edcabbe0e2	Вы чувствуете себя сильным после победы над этим боссом? Что ж, возьмите эту силу и вложите ее в свои инструменты!
mantle-book:tconstruct:puny_smelting:slotless/bonus/tconstruct_forecast.json:/effects/0	sha256:9b7a380d3ccdcd6ce7c26678b170d54d46889ca0d1775492cb40c3d920553919	Добавляет слот для улучшений.
mantle-book:tconstruct:puny_smelting:slotless/bonus/tconstruct_forecast.json:/effects/1	sha256:a9875ac8991d109dcb62e15a6c2edf4925537322b64dc11266513d9354274d8c	Один уровень
mantle-book:tconstruct:puny_smelting:slotless/bonus/tconstruct_forecast.json:/effects/2	sha256:ef3ed76fa3649bbddec4a61425c87017a4f537dab539f259133151ca68baf6dd	Без слотов
mantle-book:tconstruct:puny_smelting:slotless/bonus/tconstruct_forecast.json:/text/0/text	sha256:1e8be55963af733c37763cfb2c38a681ae811f6ef49893b1ede078b0e5911da3	Мечты шахтеров: превратить ваши рудные блоки в слоты для улучшений.
mantle-book:tconstruct:puny_smelting:slotless/bonus/tconstruct_harmonious.json:/effects/0	sha256:9b7a380d3ccdcd6ce7c26678b170d54d46889ca0d1775492cb40c3d920553919	Добавляет слот для улучшений.
mantle-book:tconstruct:puny_smelting:slotless/bonus/tconstruct_harmonious.json:/effects/1	sha256:a9875ac8991d109dcb62e15a6c2edf4925537322b64dc11266513d9354274d8c	Один уровень
mantle-book:tconstruct:puny_smelting:slotless/bonus/tconstruct_harmonious.json:/effects/2	sha256:ef3ed76fa3649bbddec4a61425c87017a4f537dab539f259133151ca68baf6dd	Без слотов
mantle-book:tconstruct:puny_smelting:slotless/bonus/tconstruct_harmonious.json:/text/0/text	sha256:7ecee2b5d442a4d3a91c0e2d51947c038ba470d2bb987af6be62f93562af4b55	Музыка полезна для души и вашего инструмента. Может быть, у вашего инструмента есть душа?
mantle-book:tconstruct:puny_smelting:slotless/bonus/tconstruct_rebalanced.json:/effects/0	sha256:510d661bcf4bd7e528a31b00562443e702c1df0560db16fd6bb082e4debe4d68	Добавляет слот-модификатор.
mantle-book:tconstruct:puny_smelting:slotless/bonus/tconstruct_rebalanced.json:/effects/1	sha256:856c521064b8d3a23709964c532340d51182c2a995633979ab357736d6c07cde	Тип слота определяется рецептом
mantle-book:tconstruct:puny_smelting:slotless/bonus/tconstruct_rebalanced.json:/effects/2	sha256:76ca2c303cf86bed3dbd423b34fdf83b284510d5a39c53988658e10b48bd30c2	Жадные наказываются.
mantle-book:tconstruct:puny_smelting:slotless/bonus/tconstruct_rebalanced.json:/effects/3	sha256:6e21eddcd9f7e90406f4829b8bf7a5900c7a4e290aad47cc815597ea3b3b41a7	Эндер-слизь добавляет черту
mantle-book:tconstruct:puny_smelting:slotless/bonus/tconstruct_rebalanced.json:/effects/4	sha256:a9875ac8991d109dcb62e15a6c2edf4925537322b64dc11266513d9354274d8c	Один уровень
mantle-book:tconstruct:puny_smelting:slotless/bonus/tconstruct_rebalanced.json:/effects/5	sha256:ef3ed76fa3649bbddec4a61425c87017a4f537dab539f259133151ca68baf6dd	Без слотов
mantle-book:tconstruct:puny_smelting:slotless/bonus/tconstruct_rebalanced.json:/text/0/text	sha256:4e6e9ca9da03fdacb9331c2e506a2f41b4fb27a03e66907a5b4ea572a5308071	Баланс сил – это масштаб мира. -- Томас Пейн.
mantle-book:tconstruct:puny_smelting:slotless/bonus/tconstruct_rebalanced.json:/text/1/text	sha256:c5ac074a99bfe3bb11fdc1dad447cdf13361814aa4c1224921e805b3c6d8fe05	Баланс сил на самом деле соответствует масштабу дракона. Ну и жизнь дракона, через кристалл, который его оживляет. --Труул М'Гон.
mantle-book:tconstruct:puny_smelting:slotless/bonus/tconstruct_recapitated.json:/effects/0	sha256:9b7a380d3ccdcd6ce7c26678b170d54d46889ca0d1775492cb40c3d920553919	Добавляет слот для улучшений.
mantle-book:tconstruct:puny_smelting:slotless/bonus/tconstruct_recapitated.json:/effects/1	sha256:a9875ac8991d109dcb62e15a6c2edf4925537322b64dc11266513d9354274d8c	Один уровень
mantle-book:tconstruct:puny_smelting:slotless/bonus/tconstruct_recapitated.json:/effects/2	sha256:ef3ed76fa3649bbddec4a61425c87017a4f537dab539f259133151ca68baf6dd	Без слотов
mantle-book:tconstruct:puny_smelting:slotless/bonus/tconstruct_recapitated.json:/text/0/text	sha256:258aaa5bd8d9557d0d119ca25f8b7c38d42365f8a9dda3dc77ec60d12defa2a3	Итак, сначала вы хотите оторвать им головы, а теперь хотите надеть их обратно? Кто ты? Франкенштейн?
mantle-book:tconstruct:puny_smelting:slotless/bonus/tconstruct_redirected.json:/effects/0	sha256:e742b52da1e6faf7cd9cb851e8a17beb0ff1edcff7474afc9aff769520a5b9d5	Копирует черту головы.
mantle-book:tconstruct:puny_smelting:slotless/bonus/tconstruct_redirected.json:/effects/1	sha256:a9875ac8991d109dcb62e15a6c2edf4925537322b64dc11266513d9354274d8c	Один уровень
mantle-book:tconstruct:puny_smelting:slotless/bonus/tconstruct_redirected.json:/effects/2	sha256:ef3ed76fa3649bbddec4a61425c87017a4f537dab539f259133151ca68baf6dd	Без слотов
mantle-book:tconstruct:puny_smelting:slotless/bonus/tconstruct_redirected.json:/text/0/text	sha256:b5a3175a3e1600207d3d5de1bc50c6c0105507e18f2afcdca59d7a0e9f447494	Направьте стрелку обратно в том направлении, в котором она уже шла.
mantle-book:tconstruct:puny_smelting:slotless/bonus/tconstruct_writable.json:/effects/0	sha256:9b7a380d3ccdcd6ce7c26678b170d54d46889ca0d1775492cb40c3d920553919	Добавляет слот для улучшений.
mantle-book:tconstruct:puny_smelting:slotless/bonus/tconstruct_writable.json:/effects/1	sha256:a9875ac8991d109dcb62e15a6c2edf4925537322b64dc11266513d9354274d8c	Один уровень
mantle-book:tconstruct:puny_smelting:slotless/bonus/tconstruct_writable.json:/effects/2	sha256:ef3ed76fa3649bbddec4a61425c87017a4f537dab539f259133151ca68baf6dd	Без слотов
mantle-book:tconstruct:puny_smelting:slotless/bonus/tconstruct_writable.json:/text/0/text	sha256:7899901be7546172eec181c036a622070b2c29fc1149af391b1cbf29f2bcd286	Когда слова проносятся у вас в голове, кажется, что ваш инструмент тоже может узнать немного больше. Возможно, вы также могли бы писать с помощью своего инструмента.
mantle-book:tconstruct:puny_smelting:slotless/bonus_upgrades.json:/text/0/text	sha256:1f4add6c71fee32c116ff847362aa6ecbda8261ef55cd0bd0577b756a7ea007d	Все любят дополнительные улучшения! Эти специальные модификаторы расширят возможности улучшений.
mantle-book:tconstruct:puny_smelting:slotless/bonus_upgrades.json:/text/1/text	sha256:a14878b5e839b1fcc81a253ce3b5f9c52ac4bc82a0613f18e6aa0c262915bf95	Эти модификаторы могут быть применены, чтобы дать вам несколько дополнительных слотов для улучшений на вашем инструменте! Теперь вы можете получить все, что хотели, не делая выбора.
mantle-book:tconstruct:puny_smelting:slotless/bonus_upgrades.json:/title	sha256:073de8dd76e9c36a79f63e5afe13d66f410b3b7a7186a7329604e5a5767ff798	Дополнительные модификаторы
mantle-book:tconstruct:puny_smelting:slotless/cosmetic.json:/text/0/text	sha256:e89d1232e50897227f74d88bd7b67255a0642a73921a5c48c0ef5f49be0a293d	Эти модификаторы делают ваш инструмент более красивым или уродливым. Я не буду судить.
mantle-book:tconstruct:puny_smelting:slotless/cosmetic.json:/title	sha256:3f9679cf685f17af227d423f96031bdc3b29cfd284277f00de35ccbce2bddbca	Косметика
mantle-book:tconstruct:puny_smelting:slotless/cosmetic/tconstruct_dyed.json:/effects/0	sha256:5d001a7ea3405a24cf32df15c60665e834cbb30fe7fdebd2c6e8f2e39ec217d1	Красители позволяют менять цвет инструмента
mantle-book:tconstruct:puny_smelting:slotless/cosmetic/tconstruct_dyed.json:/effects/1	sha256:33243c6541092b8b97b676958e06a867fd28bf677d3c77d73a5f3bed0ab7df5d	Примените снова, чтобы смешать красители
mantle-book:tconstruct:puny_smelting:slotless/cosmetic/tconstruct_dyed.json:/effects/2	sha256:ef3ed76fa3649bbddec4a61425c87017a4f537dab539f259133151ca68baf6dd	Без слотов
mantle-book:tconstruct:puny_smelting:slotless/cosmetic/tconstruct_dyed.json:/text/0/text	sha256:85cdbc4760f9ccdb60a43219b58edb77a52d0f1a5235091f6a8dce7c6e972b76	Он бывает чёрного цвета?
mantle-book:tconstruct:puny_smelting:slotless/cosmetic/tconstruct_embellishment.json:/effects/0	sha256:e3c761f844356f890a00d372acfec644f62528281877160d486ce5390d03b2b3	Изменяет внешний вид брони, щитов и посохов
mantle-book:tconstruct:puny_smelting:slotless/cosmetic/tconstruct_embellishment.json:/effects/1	sha256:8cbe8b4d2c3afe3464daea295c186df3c099c3d7e3eabff4142b6d2fe7af2763	Используйте древесину для украшения посохов и щитов
mantle-book:tconstruct:puny_smelting:slotless/cosmetic/tconstruct_embellishment.json:/effects/2	sha256:687307db015c3b0bfe5e9e4a11f115f047913c686c02551274bf9721f71b3a79	Используйте застывшую слизь для украшения слизневых предметов
mantle-book:tconstruct:puny_smelting:slotless/cosmetic/tconstruct_embellishment.json:/effects/3	sha256:2461f2311f38f703b6c63b124f92f823f0f15d24d99aef04125d563c23934fa5	Можно заменить
mantle-book:tconstruct:puny_smelting:slotless/cosmetic/tconstruct_embellishment.json:/effects/4	sha256:ef3ed76fa3649bbddec4a61425c87017a4f537dab539f259133151ca68baf6dd	Без слотов
mantle-book:tconstruct:puny_smelting:slotless/cosmetic/tconstruct_embellishment.json:/text/0/text	sha256:56eb002607e319ff9624e8da67da3f5e23a83ae3427738cb9804becd466f41ca	Первый косметический модификатор, изменяющий внешний вид инструментов и брони!
mantle-book:tconstruct:puny_smelting:slotless/cosmetic/tconstruct_farsighted.json:/effects/0	sha256:39b70401a6d5bef9e598aeaae29d3d7191385697445554bd2929276672133663	Уменьшает FOV на удерживаемом инструменте или надетой броне
mantle-book:tconstruct:puny_smelting:slotless/cosmetic/tconstruct_farsighted.json:/effects/1	sha256:be4a533c2172a8671007c1eb08e45857683a2e1717aa6fc500390f509db0e5ab	Несколько уровней
mantle-book:tconstruct:puny_smelting:slotless/cosmetic/tconstruct_farsighted.json:/effects/2	sha256:ef3ed76fa3649bbddec4a61425c87017a4f537dab539f259133151ca68baf6dd	Без слотов
mantle-book:tconstruct:puny_smelting:slotless/cosmetic/tconstruct_farsighted.json:/text/0/text	sha256:52be1ad19bddae3d04c2b0735ece5cd41ec2bb749aaa8357646dcd1be840f87e	Маньюллин - отличный материал, но есть много хороших материалов, которые более доступны, уделите немного времени и попробуйте их, прежде чем спешить в ЭНД.
mantle-book:tconstruct:puny_smelting:slotless/cosmetic/tconstruct_nearsighted.json:/effects/0	sha256:4787285ca2902dcfeb070c1031cfbf4029083bf0406ef8be440ba0116b997966	Увеличивает FOV на удерживаемом инструменте или надетой броне
mantle-book:tconstruct:puny_smelting:slotless/cosmetic/tconstruct_nearsighted.json:/effects/1	sha256:be4a533c2172a8671007c1eb08e45857683a2e1717aa6fc500390f509db0e5ab	Несколько уровней
mantle-book:tconstruct:puny_smelting:slotless/cosmetic/tconstruct_nearsighted.json:/effects/2	sha256:ef3ed76fa3649bbddec4a61425c87017a4f537dab539f259133151ca68baf6dd	Без слотов
mantle-book:tconstruct:puny_smelting:slotless/cosmetic/tconstruct_nearsighted.json:/text/0/text	sha256:88596e52a13b80f580548796d1697798dc90cbbd6f9c4967b5bc0f55616d5383	В конце концов вам нужно отказаться от инструментов из булыжника.
mantle-book:tconstruct:puny_smelting:slotless/cosmetic/tconstruct_shiny.json:/effects/0	sha256:296c3ae4ee010a25f399b14b94f146ca388a23ce55ac31f0257311433cb61530	Он заставляет ваш инструмент сиять.
mantle-book:tconstruct:puny_smelting:slotless/cosmetic/tconstruct_shiny.json:/effects/1	sha256:d3d8442a5abf19aa75b564489e25b31450644590ac3d272934d5c2775a66bd56	Вот и всё
mantle-book:tconstruct:puny_smelting:slotless/cosmetic/tconstruct_shiny.json:/effects/2	sha256:c80b041f5d1d11574f40bd79c2ea8f64cfc47a49c6b8846abed3c294931a7946	Легендарный
mantle-book:tconstruct:puny_smelting:slotless/cosmetic/tconstruct_shiny.json:/effects/3	sha256:4de75a4310565879094fd4d6780ae1161d41d193b03b0b4667424e31f2942797	Даркосто также является легендой.
mantle-book:tconstruct:puny_smelting:slotless/cosmetic/tconstruct_shiny.json:/effects/4	sha256:ef3ed76fa3649bbddec4a61425c87017a4f537dab539f259133151ca68baf6dd	Без слотов
mantle-book:tconstruct:puny_smelting:slotless/cosmetic/tconstruct_shiny.json:/text/0/text	sha256:4fc8f1c092cbbf0d248ab0b73ef5064495985513adbc6ac9a7b597c3cc6e7e99	Этот легендарный модификатор содержит легендарную силу легендарного зачарованного золотого яблока. А что может пойти не так с таким легендарным именем, как §dБлестящий§r? Это будет легендарно!
mantle-book:tconstruct:puny_smelting:slotless/cosmetic/tconstruct_trim.json:/effects/0	sha256:76cd502b1eac6556dc61319df5430929beb38d8ab5c8fa574915019dca7a989f	Добавляет декоративные края вашей броне.
mantle-book:tconstruct:puny_smelting:slotless/cosmetic/tconstruct_trim.json:/effects/1	sha256:f5b520ac097bf6f317579532b18d7610e57764205a7d3d747a7e75cd82fb92eb	Сочетание шаблона и материала определяет дизайн.
mantle-book:tconstruct:puny_smelting:slotless/cosmetic/tconstruct_trim.json:/effects/2	sha256:2461f2311f38f703b6c63b124f92f823f0f15d24d99aef04125d563c23934fa5	Возможность замены
mantle-book:tconstruct:puny_smelting:slotless/cosmetic/tconstruct_trim.json:/effects/3	sha256:ef3ed76fa3649bbddec4a61425c87017a4f537dab539f259133151ca68baf6dd	Без слотов
mantle-book:tconstruct:puny_smelting:slotless/cosmetic/tconstruct_trim.json:/text/0/text	sha256:784d273715993bf6048d36226d5a8f63d39655f5776c47d17b836f674710e889	Дорогой способ улучшить свою броню.
mantle-book:tconstruct:puny_smelting:slotless/damage_tools.json:/text/0/text	sha256:848aa2124804eb7c65e8030d2efe25464edfddc6c1e2d2181a59aa4b4261d504	Вы когда-нибудь думали про себя: «Хотел бы я быстрее сломать свой инструмент»? Просто вылейте на него немного магмы, чтобы истощить небольшое количество прочности, или используйте яд, чтобы получить большее количество. Все еще недостаточно? Вылейте на него лаву или пылающую кровь, чтобы действительно уничтожить инструмент.
mantle-book:tconstruct:puny_smelting:slotless/damage_tools.json:/title	sha256:995c77878e3523d50af28ee47077a141966036f421a8b53c54ee76912472f597	Инструменты повреждения
mantle-book:tconstruct:puny_smelting:slotless/general/tconstruct_barebow.json:/effects/0	sha256:de1f50a2877db7fdc117b3a6f9f4d4de3376c5f68a921ced188c972e35bd5ec6	Лук не будет использовать боеприпасы из инвентаря.
mantle-book:tconstruct:puny_smelting:slotless/general/tconstruct_barebow.json:/effects/1	sha256:52ff69d1ff5698454a36bb46ba29f0ec6c681a7795176fa802ca233272f7e097	Полезно, если вы предпочитаете кристальные выстрелы или колчаны.
mantle-book:tconstruct:puny_smelting:slotless/general/tconstruct_barebow.json:/effects/2	sha256:8e6211592b3d82db97d120cae695f86109143b882fd4775d795b01627dffb51e	Одноразовое использование
mantle-book:tconstruct:puny_smelting:slotless/general/tconstruct_barebow.json:/effects/3	sha256:ef3ed76fa3649bbddec4a61425c87017a4f537dab539f259133151ca68baf6dd	Без слотов
mantle-book:tconstruct:puny_smelting:slotless/general/tconstruct_barebow.json:/text/0/text	sha256:718a2b0601b08a60a2e8b49521897615caeb9510195a0eb4fbd132c74c1efe48	Кто сказал, что стрельба из лука по медведям — хорошая идея?
mantle-book:tconstruct:puny_smelting:slotless/general/tconstruct_blindshot.json:/effects/0	sha256:dc77b49230d23301d0a93c1d45c3dedcd69fc1ae4c2ab155bb5e20ba025fe162	Снижает точность выпущенных снарядов.
mantle-book:tconstruct:puny_smelting:slotless/general/tconstruct_blindshot.json:/effects/1	sha256:340472c1a0e39519a4d12762ca9564720e8669ffecba36eb48ef30daeedc7f2f	Несколько уровней, каждый уровень еще больше снижает точность.
mantle-book:tconstruct:puny_smelting:slotless/general/tconstruct_blindshot.json:/effects/2	sha256:ef3ed76fa3649bbddec4a61425c87017a4f537dab539f259133151ca68baf6dd	Без слотов
mantle-book:tconstruct:puny_smelting:slotless/general/tconstruct_blindshot.json:/text/0/text	sha256:819a9724e1c7c3b468e35df3d98c2629ce65809faadabc1e83b8da349993c0c9	Я собираюсь залить тебе глаз грязью.
mantle-book:tconstruct:puny_smelting:slotless/general/tconstruct_blunted.json:/effects/0	sha256:75efbbd48181328e86e48c74c35e84534efcd4ec21ca5d8d148f00e1f6bb692c	Не позволяет инструменту выполнять атаки ближнего боя.
mantle-book:tconstruct:puny_smelting:slotless/general/tconstruct_blunted.json:/effects/1	sha256:b6e0c17cdb38a5055dc9cf9ee269a7b0016435773c89c490b956a1e2b98136c5	Комбинации с модификаторами, срабатывающими при атаке
mantle-book:tconstruct:puny_smelting:slotless/general/tconstruct_blunted.json:/effects/2	sha256:a9875ac8991d109dcb62e15a6c2edf4925537322b64dc11266513d9354274d8c	Один уровень
mantle-book:tconstruct:puny_smelting:slotless/general/tconstruct_blunted.json:/effects/3	sha256:ef3ed76fa3649bbddec4a61425c87017a4f537dab539f259133151ca68baf6dd	Без слотов
mantle-book:tconstruct:puny_smelting:slotless/general/tconstruct_blunted.json:/text/0/text	sha256:97c4b72d3bfc9b66dd788b8da5c7b8883600e6728e119d8338050a68e07cb3be	Для любителей дальнего боя.
mantle-book:tconstruct:puny_smelting:slotless/general/tconstruct_offhanded.json:/effects/0	sha256:a8d1ab021acc97d2d5d3e734928692fae6e3df709d5cfd8ebcc629f7cb808026	Отключает взаимодействие, когда занята левая рука.
mantle-book:tconstruct:puny_smelting:slotless/general/tconstruct_offhanded.json:/effects/1	sha256:32472d5947b5da21afeb95d52f0c4dc1fe67f124fb335dea34f70b73cd1d9404	Уровень 2 полностью отключает взаимодействие.
mantle-book:tconstruct:puny_smelting:slotless/general/tconstruct_offhanded.json:/effects/2	sha256:ef3ed76fa3649bbddec4a61425c87017a4f537dab539f259133151ca68baf6dd	Без слотов
mantle-book:tconstruct:puny_smelting:slotless/general/tconstruct_offhanded.json:/text/0/text	sha256:6ba4c8766f5611032debf74067f68e99d1146205bf854d88ada1a0e9c33e3482	Самый беспечный модификатор.
mantle-book:tconstruct:puny_smelting:slotless/general/tconstruct_overslime.json:/effects/0	sha256:5d871e4ad0c83d744e9af9b7c151d0fa8de57bcb1fa391c23429eb2c2c2c5703	Добавляет полоску слизи, используемую перед прочностью.
mantle-book:tconstruct:puny_smelting:slotless/general/tconstruct_overslime.json:/effects/1	sha256:4f0fa7975c4df5037033a13db90916534bbf954d1df8eabe87713238bebd505b	Заряжается слизью или бутылками на верстаке.
mantle-book:tconstruct:puny_smelting:slotless/general/tconstruct_overslime.json:/effects/2	sha256:cd93ad3735281923d5d140ed12629bcf469c9be5621234b03fcc722893ab61fc	Вместимость увеличивают многие материалы инструментов
mantle-book:tconstruct:puny_smelting:slotless/general/tconstruct_overslime.json:/effects/3	sha256:0626c6c31d7b435e5adee2956470e021553f19bf2a87928046fc8fabdd089f56	Накладывает дебафф на инструменты без склизких материалов.
mantle-book:tconstruct:puny_smelting:slotless/general/tconstruct_overslime.json:/effects/4	sha256:ef3ed76fa3649bbddec4a61425c87017a4f537dab539f259133151ca68baf6dd	Без слотов
mantle-book:tconstruct:puny_smelting:slotless/general/tconstruct_overslime.json:/text/0/text	sha256:07e99fbb94b9d1276e4fc12dfd4c9059ed4cb3ece7f8c29a5b8796c6ce264373	Это обновление немного перебор, не правда ли?
mantle-book:tconstruct:puny_smelting:slotless/general/tconstruct_workbench.json:/effects/0	sha256:6e728b6f6c85df3e63700ccefde8af209b98efc56d2b791a7f1e52ca7df9cdbd	Добавляет верстак 2x2 в инвентарь инструмента.
mantle-book:tconstruct:puny_smelting:slotless/general/tconstruct_workbench.json:/effects/1	sha256:a9875ac8991d109dcb62e15a6c2edf4925537322b64dc11266513d9354274d8c	Один уровень
mantle-book:tconstruct:puny_smelting:slotless/general/tconstruct_workbench.json:/effects/2	sha256:ef3ed76fa3649bbddec4a61425c87017a4f537dab539f259133151ca68baf6dd	Без слотов
mantle-book:tconstruct:puny_smelting:slotless/general/tconstruct_workbench.json:/text/0/text	sha256:99301a81e65c51cde321482d76a9afd46efb1d887396fc3d462d05d555a28cf6	Иногда не хочется прекращать рыться в карманах даже ради крафта.
mantle-book:tconstruct:puny_smelting:slotless/general/tconstruct_worldbound.json:/effects/0	sha256:c2d748824ef8182a4476676748eb3a1397f09639d5d8cb47c4936b9c9c77bbdd	Грубая версия незерита
mantle-book:tconstruct:puny_smelting:slotless/general/tconstruct_worldbound.json:/effects/1	sha256:56cc0dcd2e07e8cba1eb0deb43554c7f4d9b513b7d68c5ad82b48cc9ae8ada44	Даёт иммунитет к внешним повреждениям, но не увеличивает силу
mantle-book:tconstruct:puny_smelting:slotless/general/tconstruct_worldbound.json:/effects/2	sha256:750db518cb8ac7089bd049f4db92f0bb703e4f066da4ef181e1bf642add9fa6e	Один уровень
mantle-book:tconstruct:puny_smelting:slotless/general/tconstruct_worldbound.json:/effects/3	sha256:ef3ed76fa3649bbddec4a61425c87017a4f537dab539f259133151ca68baf6dd	Не требует слота
mantle-book:tconstruct:puny_smelting:slotless/general/tconstruct_worldbound.json:/text/0/text	sha256:b0fbc0d72c2b2d3bfa8989c617296a57870475c094b8059f6fea3435f3083be2	Огонь больше не является вашим врагом, ваш инструмент чувствует себя комфортно в окружающем мире.
mantle-book:tconstruct:puny_smelting:slotless/slotless.json:/text/0/text	sha256:6417aa942cf8e3b3f670811d0ac6f44ac68bd052fa4d8c1bb3a28b9809131f5d	Закончились слоты? Хорошие новости: все модификаторы в этом разделе не требуют слотов для применения, а некоторые даже могут дать Вам ещё больше слотов!
mantle-book:tconstruct:puny_smelting:slotless/slotless.json:/text/1/text	sha256:1d7e9e5b20503808caf946adfe13962c879970b5f0cd22f2558dde511a3d5ca4	Он не занимает слотов. Для установки не нужен ни слот умений, ни слот улучшений. Чего ещё желать? Печенья?
mantle-book:tconstruct:puny_smelting:slotless/slotless.json:/title	sha256:948c9422299006b0b6084984661102f1cfa74cf2cdf00280d5cb4ceaaa338030	Бесслотовые модификаторы
mantle-book:tconstruct:puny_smelting:upgrades/armor.json:/text/0/text	sha256:86ced6736a89cac51928cb4dc7a9f004650fadd9c5bb85bcfb6af417fc3d1c9f	Улучшения для брони дают возможность изменить прыжок, скорость и другие подобные факторы.
mantle-book:tconstruct:puny_smelting:upgrades/armor.json:/title	sha256:3f9fc996330bf62413443b616b442a9b9600dd5e5b6a62de23f7a8761fe3dbaf	Улучшения для брони
mantle-book:tconstruct:puny_smelting:upgrades/armor/boots/tconstruct_depth_strider.json:/effects/0	sha256:51b22635b88b932553cec32cca5ca5af6090c523adacf85709b8d2d467e532ac	Увеличивает скорость передвижения под водой.
mantle-book:tconstruct:puny_smelting:upgrades/armor/boots/tconstruct_depth_strider.json:/effects/1	sha256:af016d427dbbb61dff1a7bd20711a9b4c6d5c3dd9830423d39d410c225441259	Несколько уровней, каждый уровень еще больше увеличивает скорость.
mantle-book:tconstruct:puny_smelting:upgrades/armor/boots/tconstruct_depth_strider.json:/effects/2	sha256:6986ff1df5b4c2e99417171599bfc4b3a2cbf9fe1b3a22d4cb8db4e3eb1f3f17	Требуется 1 слот для улучшения на каждый уровень.
mantle-book:tconstruct:puny_smelting:upgrades/armor/boots/tconstruct_depth_strider.json:/text/0/text	sha256:45d1ec53430974886dbb0c38c0486583a6e7b9d15595071e7013287b86b773d0	Это либо безумие, либо гениальность. Удивительно, как часто эти две черты совпадают.
mantle-book:tconstruct:puny_smelting:upgrades/armor/boots/tconstruct_feather_falling.json:/effects/0	sha256:9f71445aebdf137886b0eb3312ee3f12e80318032a84521155e4cdb912545b6f	Уменьшает урон от падения
mantle-book:tconstruct:puny_smelting:upgrades/armor/boots/tconstruct_feather_falling.json:/effects/1	sha256:2bd7fd870df0f3dfecd0a0f6b72c7b4df7763c57235f549ac466e98070107b88	Многоуровневое, с каждым уровнем урон от падения уменьшается ещё больше
mantle-book:tconstruct:puny_smelting:upgrades/armor/boots/tconstruct_feather_falling.json:/effects/2	sha256:6986ff1df5b4c2e99417171599bfc4b3a2cbf9fe1b3a22d4cb8db4e3eb1f3f17	Требуется 1 слот для улучшения за уровень
mantle-book:tconstruct:puny_smelting:upgrades/armor/boots/tconstruct_feather_falling.json:/text/0/text	sha256:2b3189f480a4c0dd917701325055fa236cd204aff8425fde6cda874e54117e04	Легче пера, но более чем в два раза смертоноснее.
mantle-book:tconstruct:puny_smelting:upgrades/armor/boots/tconstruct_lightspeed.json:/effects/0	sha256:725449bea80050595f49a6bd24d4c137092b2c6c1649c31fda4e8611938061f8	Бегите быстрее в хорошо освещенных местах.
mantle-book:tconstruct:puny_smelting:upgrades/armor/boots/tconstruct_lightspeed.json:/effects/1	sha256:2d0b131a39c4211c9466553f9f3425aada9850dd6090c1a2f8282d63fab0d371	Несколько уровней, скорость увеличивается с каждым уровнем.
mantle-book:tconstruct:puny_smelting:upgrades/armor/boots/tconstruct_lightspeed.json:/effects/2	sha256:6986ff1df5b4c2e99417171599bfc4b3a2cbf9fe1b3a22d4cb8db4e3eb1f3f17	Требуется 1 слот для улучшения на каждый уровень.
mantle-book:tconstruct:puny_smelting:upgrades/armor/boots/tconstruct_lightspeed.json:/text/0/text	sha256:29a2259e5efbf2ebd7385a4ffd20aa987fc323b4acb7c0a8d461848a5a7b1a35	Свет проникает сквозь ваши ботинки и помогает вам бежать быстрее.
mantle-book:tconstruct:puny_smelting:upgrades/armor/boots/tconstruct_long_fall.json:/effects/0	sha256:304e38658a90ffdcde93723d79c9f07176361950f9b7393f6f45029f9e7c135a	Предотвращает все повреждения от падения.
mantle-book:tconstruct:puny_smelting:upgrades/armor/boots/tconstruct_long_fall.json:/effects/1	sha256:7a678cb7fefc9f9e866f1cf12896646958050d908ddc861d50d23f0d19d1a514	Требуется Невесомость II.
mantle-book:tconstruct:puny_smelting:upgrades/armor/boots/tconstruct_long_fall.json:/effects/2	sha256:a9875ac8991d109dcb62e15a6c2edf4925537322b64dc11266513d9354274d8c	Один уровень
mantle-book:tconstruct:puny_smelting:upgrades/armor/boots/tconstruct_long_fall.json:/effects/3	sha256:2c5a6b199713c11725e6f5ecda0f1e6006548abb77f03ac4e777bb2fb960a5b8	Требуется 1 слот для улучшений.
mantle-book:tconstruct:puny_smelting:upgrades/armor/boots/tconstruct_long_fall.json:/text/0/text	sha256:32e00ea1765a20196081f6ca215444944e55ad30427924826fbe96a3b1322435	Давай, попытайся приземлиться на голову. Ха! ты не сможешь этого сделать!
mantle-book:tconstruct:puny_smelting:upgrades/armor/boots/tconstruct_soulspeed.json:/effects/0	sha256:aa5e284c037299a43eb19de212cff16a582f57d87a1ad8a66bbe5b33d0bce33f	Увеличивает скорость передвижения по песку душ
mantle-book:tconstruct:puny_smelting:upgrades/armor/boots/tconstruct_soulspeed.json:/effects/1	sha256:af016d427dbbb61dff1a7bd20711a9b4c6d5c3dd9830423d39d410c225441259	Многоуровневое, с каждым уровнем скорость передвижения увеличивается ещё больше
mantle-book:tconstruct:puny_smelting:upgrades/armor/boots/tconstruct_soulspeed.json:/effects/2	sha256:6986ff1df5b4c2e99417171599bfc4b3a2cbf9fe1b3a22d4cb8db4e3eb1f3f17	Требуется 1 слот для улучшения за уровень
mantle-book:tconstruct:puny_smelting:upgrades/armor/boots/tconstruct_soulspeed.json:/text/0/text	sha256:fcbe8d4c6088ef7be8aa17ec6fc281c330baa3ed71ee13564da64fe2e6892cb3	По-видимому, души идеально быстро бегают. Это нормально с этической точки зрения?
mantle-book:tconstruct:puny_smelting:upgrades/armor/chestplate/tconstruct_haste.json:/effects/0	sha256:a8710814b9cb832811b56e3c6df0a854868f25f144d519acb2bbec44baaee904	Увеличивает скорость добычи.
mantle-book:tconstruct:puny_smelting:upgrades/armor/chestplate/tconstruct_haste.json:/effects/1	sha256:ea1094402a722e5f2e1309d62f18b42de9a2d744d9ce3bee434acd949b4bdbcf	Несколько уровней, каждый уровень немного увеличивает скорость.
mantle-book:tconstruct:puny_smelting:upgrades/armor/chestplate/tconstruct_haste.json:/effects/2	sha256:6986ff1df5b4c2e99417171599bfc4b3a2cbf9fe1b3a22d4cb8db4e3eb1f3f17	Требуется 1 слот для улучшения на каждый уровень.
mantle-book:tconstruct:puny_smelting:upgrades/armor/chestplate/tconstruct_haste.json:/text/0/text	sha256:1c24a829fa35a6b7bf237fbaf592d02d7f45d9746b79196a46eb84b13079db56	Добавление красного камня в нагрудник ускоряет работу всех инструментов, например, ваши руки становятся более эффективными.
mantle-book:tconstruct:puny_smelting:upgrades/armor/chestplate/tconstruct_haste.json:/text/1/text	sha256:57230abb21948c57950c4393ac4080f10dd4f481630275118f1e981ab0163b10	Действительно, сумасшедшие вещи, правда?
mantle-book:tconstruct:puny_smelting:upgrades/armor/chestplate/tconstruct_knockback.json:/effects/0	sha256:f735e703984cd0a714014327ea89869d2576469e699d15fde512e94db1f9bd5d	Отбрасывает врагов при ударе любым оружием.
mantle-book:tconstruct:puny_smelting:upgrades/armor/chestplate/tconstruct_knockback.json:/effects/1	sha256:6ed725acc8f0ce78e2c09936620bc60daae41e82c04d1492bb4d597e22f754bf	Несколько уровней, увеличивает силу отбрасывания с каждым уровнем.
mantle-book:tconstruct:puny_smelting:upgrades/armor/chestplate/tconstruct_knockback.json:/effects/2	sha256:6986ff1df5b4c2e99417171599bfc4b3a2cbf9fe1b3a22d4cb8db4e3eb1f3f17	Требуется 1 слот для улучшения на каждый уровень.
mantle-book:tconstruct:puny_smelting:upgrades/armor/chestplate/tconstruct_knockback.json:/text/0/text	sha256:920b554d4f206c67319ebcc40c52d4f1d8b3f301bcee10c727152e5e0b11f458	Перестаньте тратить энергию на бег и заставьте врагов тратить энергию, возвращающуюся к вам.
mantle-book:tconstruct:puny_smelting:upgrades/armor/chestplate/tconstruct_sleeves.json:/effects/0	sha256:22b8eba77142a51a5ddedb50d2a3ad9f08d97078b8343628361e347710cce77b	Бросайте предметы из пустой руки, взаимодействуя
mantle-book:tconstruct:puny_smelting:upgrades/armor/chestplate/tconstruct_sleeves.json:/effects/1	sha256:cc587af322f8d4fd0ac18602c78e29319b445754f92d9dfe0a59fba77075b8f2	Подкрадитесь, чтобы переключить выбранный элемент
mantle-book:tconstruct:puny_smelting:upgrades/armor/chestplate/tconstruct_sleeves.json:/effects/2	sha256:3367acbe248e35b099f253c1f03d5dee881004238c90e1a5e484e4333897a91e	Щелкните правой кнопкой мыши нагрудник в инвентаре, чтобы получить доступ.
mantle-book:tconstruct:puny_smelting:upgrades/armor/chestplate/tconstruct_sleeves.json:/effects/3	sha256:973bd816435e820ed928269eced0cc1610640ae10a15e556fac49f40365e5ac1	Несколько уровней, каждый уровень добавляет больше слотов.
mantle-book:tconstruct:puny_smelting:upgrades/armor/chestplate/tconstruct_sleeves.json:/effects/4	sha256:6986ff1df5b4c2e99417171599bfc4b3a2cbf9fe1b3a22d4cb8db4e3eb1f3f17	Требуется 1 слот для улучшения на каждый уровень.
mantle-book:tconstruct:puny_smelting:upgrades/armor/chestplate/tconstruct_sleeves.json:/text/0/text	sha256:07b6ab1bbf6dc583874e9bb9e0c7635660da012e80a440f92df5c34ad28b9e8f	Скрытые сюрикены — классический трюк ниндзя.
mantle-book:tconstruct:puny_smelting:upgrades/armor/general/tconstruct_blockade.json:/effects/0	sha256:19bdc8056a6ab3798a1c2ed1e3e379ab2611270705df09beabd9d183dbfeb7ae	Увеличивает максимальный блокируемый урон
mantle-book:tconstruct:puny_smelting:upgrades/armor/general/tconstruct_blockade.json:/effects/1	sha256:850841ed9423857cd80ccd662d82c52f4866ca7c90095e8e8b4d8c26cdd8d771	Несколько уровней, каждый дополнительно увеличивает блокируемый урон
mantle-book:tconstruct:puny_smelting:upgrades/armor/general/tconstruct_blockade.json:/effects/2	sha256:6986ff1df5b4c2e99417171599bfc4b3a2cbf9fe1b3a22d4cb8db4e3eb1f3f17	Требуется 1 слот для улучшения на каждый уровень.
mantle-book:tconstruct:puny_smelting:upgrades/armor/general/tconstruct_blockade.json:/effects/3	sha256:9782db98bec5044516d947d21d2e0ae52b864ebef14d2285bdd02feebe00acbb	Требуется блокирование или парирование.
mantle-book:tconstruct:puny_smelting:upgrades/armor/general/tconstruct_blockade.json:/text/0/text	sha256:0b22459ab278b8f3a6ec7cf081555663a09d0b2c2ce67ee158b1647989071508	Запечатайте свой щит, чтобы предотвратить проникновение урона.
mantle-book:tconstruct:puny_smelting:upgrades/armor/general/tconstruct_fiery.json:/effects/0	sha256:9e95449dcd5334a5477195ef766a468fb4fddd5301f411a31a0c3c2de98b1a66	Имеет шанс сжечь нападавших при ударе.
mantle-book:tconstruct:puny_smelting:upgrades/armor/general/tconstruct_fiery.json:/effects/1	sha256:d91da301343f549f17e75a531a47ee54681818ef60bc093467639290d1773794	Несколько уровней, более высокие уровни увеличивают вероятность ожога
mantle-book:tconstruct:puny_smelting:upgrades/armor/general/tconstruct_fiery.json:/effects/2	sha256:6986ff1df5b4c2e99417171599bfc4b3a2cbf9fe1b3a22d4cb8db4e3eb1f3f17	Требуется 1 слот для улучшения на каждый уровень.
mantle-book:tconstruct:puny_smelting:upgrades/armor/general/tconstruct_fiery.json:/text/0/text	sha256:5e148ae6ed1d35b03bebdcb90a0af0312b1f06567413ae0ea4f182e21d61200b	Огни преисподней наказывают ваших врагов.
mantle-book:tconstruct:puny_smelting:upgrades/armor/general/tconstruct_freezing.json:/effects/0	sha256:cdec17704c64425757c6014e6b94e9d18de4d0977c179e21139cbd02fd283032	Имеет шанс заморозить атакующих при ударе.
mantle-book:tconstruct:puny_smelting:upgrades/armor/general/tconstruct_freezing.json:/effects/1	sha256:fa63e403f480a34db54f78b9bb1a5582276ffaa569d9268ce71018d7a9886961	Несколько уровней, более высокие уровни увеличивают вероятность заморозки.
mantle-book:tconstruct:puny_smelting:upgrades/armor/general/tconstruct_freezing.json:/effects/2	sha256:6986ff1df5b4c2e99417171599bfc4b3a2cbf9fe1b3a22d4cb8db4e3eb1f3f17	Требуется 1 слот для улучшения на каждый уровень.
mantle-book:tconstruct:puny_smelting:upgrades/armor/general/tconstruct_freezing.json:/text/0/text	sha256:7d0377490ce2770b0bd2800bbb10a4a809281f088f6bdcf5d206e00a87a5acdf	Эльза, возможно, ревнует.
mantle-book:tconstruct:puny_smelting:upgrades/armor/general/tconstruct_ricochet.json:/effects/0	sha256:8f8affa7e505e22f4a20d95cf291d6201a119394a8f14cf3b5895a89f098846c	Увеличивает получаемое вами отбрасывание
mantle-book:tconstruct:puny_smelting:upgrades/armor/general/tconstruct_ricochet.json:/effects/1	sha256:70a00f0d5d630baadc318c7a5031379c41e32b2bdf1e72866f6a48b6428cd37e	Многоуровневое, с каждым уровнем отбрасывание увеличивается ещё больше
mantle-book:tconstruct:puny_smelting:upgrades/armor/general/tconstruct_ricochet.json:/effects/2	sha256:6986ff1df5b4c2e99417171599bfc4b3a2cbf9fe1b3a22d4cb8db4e3eb1f3f17	Требуется 1 слот для улучшения за уровень
mantle-book:tconstruct:puny_smelting:upgrades/armor/general/tconstruct_ricochet.json:/text/0/text	sha256:fe83a77fe3ee02394ccc4313267efec93ffbc19b6059711a7ec63de5a5e5d811	Пора совершить дерзкий побег.
mantle-book:tconstruct:puny_smelting:upgrades/armor/general/tconstruct_springy.json:/effects/0	sha256:ac951ef9a7444735ad7d0ed2088f119e0e5a8e7550f057d4d52d578ac686615c	Даёт шанс отбросить атакующих
mantle-book:tconstruct:puny_smelting:upgrades/armor/general/tconstruct_springy.json:/effects/1	sha256:d942d7990a29ebf97a428d354ff13356a65d64b143a95ea2a8c0246754206fa7	Многоуровневое, с каждым уровнем шанс на отбрасывание увеличивается ещё больше
mantle-book:tconstruct:puny_smelting:upgrades/armor/general/tconstruct_springy.json:/effects/2	sha256:6986ff1df5b4c2e99417171599bfc4b3a2cbf9fe1b3a22d4cb8db4e3eb1f3f17	Требуется 1 слот для улучшения за уровень
mantle-book:tconstruct:puny_smelting:upgrades/armor/general/tconstruct_springy.json:/text/0/text	sha256:ef69a4bf2853c405e447d954aca06da6989b84a6d73aff42ce436e088ecfa42f	Отлетая, враги дают Вам достаточно времени, чтобы развернуться и убежать, или подлечиться
mantle-book:tconstruct:puny_smelting:upgrades/armor/general/tconstruct_thorns.json:/effects/0	sha256:85a811905df81458ac4e8698382b1d4304c1e71d1dee5cb960e981392330120a	Даёт шанс отразить часть урона атакующим
mantle-book:tconstruct:puny_smelting:upgrades/armor/general/tconstruct_thorns.json:/effects/1	sha256:e4f3828557ac49e367729b8b9728ec592c18e3df316c48594f80db522f46ec1e	Многоуровневое, с каждым уровнем шанс на отражение урона увеличивается
mantle-book:tconstruct:puny_smelting:upgrades/armor/general/tconstruct_thorns.json:/effects/2	sha256:6986ff1df5b4c2e99417171599bfc4b3a2cbf9fe1b3a22d4cb8db4e3eb1f3f17	Требуется 1 слот для улучшения за уровень
mantle-book:tconstruct:puny_smelting:upgrades/armor/general/tconstruct_thorns.json:/text/0/text	sha256:b6edfc31f7f251ab9ea84c3f44bc606bc323976a48395eb9f84dd7ed6d690d88	Вот урод.
mantle-book:tconstruct:puny_smelting:upgrades/armor/helmet/tconstruct_headlight.json:/effects/0	sha256:596f9dceda7527b88db24ca9101c94fb0a30deec8428cab47c2ff2ee8298952a	Визуально освещает блоки вокруг вас
mantle-book:tconstruct:puny_smelting:upgrades/armor/helmet/tconstruct_headlight.json:/effects/1	sha256:a9875ac8991d109dcb62e15a6c2edf4925537322b64dc11266513d9354274d8c	Один уровень
mantle-book:tconstruct:puny_smelting:upgrades/armor/helmet/tconstruct_headlight.json:/effects/2	sha256:2c5a6b199713c11725e6f5ecda0f1e6006548abb77f03ac4e777bb2fb960a5b8	Требуется 1 слот для улучшений.
mantle-book:tconstruct:puny_smelting:upgrades/armor/helmet/tconstruct_headlight.json:/text/0/text	sha256:b04b71555d90d16c5fcf68166fa9de643b5ccb312107adc2e25f21f89a73d946	Ты освещаешь мой мир!
mantle-book:tconstruct:puny_smelting:upgrades/armor/helmet/tconstruct_item_frame.json:/effects/0	sha256:04f7322b835a94c0e5e03de85687725398eedf420990be6ddc78b21f55e4706b	Добавляет слоты в шлем, ПКМ, чтобы открыть
mantle-book:tconstruct:puny_smelting:upgrades/armor/helmet/tconstruct_item_frame.json:/effects/1	sha256:762607d02cfa4b9d5f15d6203db17dc644ac8353f50a09766db3187b9745e1f1	Шлем будет отображать предметы при ношении
mantle-book:tconstruct:puny_smelting:upgrades/armor/helmet/tconstruct_item_frame.json:/effects/2	sha256:6986ff1df5b4c2e99417171599bfc4b3a2cbf9fe1b3a22d4cb8db4e3eb1f3f17	Требуется 1 слот для улучшения за уровень
mantle-book:tconstruct:puny_smelting:upgrades/armor/helmet/tconstruct_item_frame.json:/text/0/text	sha256:06faeffb811e622a2941b73f90bb78f987a43268067147324c732d7cc178d3c1	Надоело держать в руках часы и компас? Почему бы не носить их вместо этого?
mantle-book:tconstruct:puny_smelting:upgrades/armor/helmet/tconstruct_minimap.json:/effects/0	sha256:04f7322b835a94c0e5e03de85687725398eedf420990be6ddc78b21f55e4706b	Добавляет слоты в шлем, взаимодействуйте, чтобы получить доступ.
mantle-book:tconstruct:puny_smelting:upgrades/armor/helmet/tconstruct_minimap.json:/effects/1	sha256:f7ada6aec9fcf90741f7b2842c9bca66ff4d2a0618e3919f2d99997e7a1901b5	Шлем будет исследовать карту при ношении.
mantle-book:tconstruct:puny_smelting:upgrades/armor/helmet/tconstruct_minimap.json:/effects/2	sha256:01c3dd1108d8d3674424df05aaee46c0a7e82d0441967e801f5a7a285fd1e298	Смена карты с помощью управления + взаимодействие со шлемом
mantle-book:tconstruct:puny_smelting:upgrades/armor/helmet/tconstruct_minimap.json:/effects/3	sha256:6986ff1df5b4c2e99417171599bfc4b3a2cbf9fe1b3a22d4cb8db4e3eb1f3f17	Требуется 1 слот для улучшения на каждый уровень.
mantle-book:tconstruct:puny_smelting:upgrades/armor/helmet/tconstruct_minimap.json:/text/0/text	sha256:aa83a81103b738a829ed75e344e22d79bb00dc5c6222847c41488b659b06fc99	Отобразите карту на голове, сделав ее проекционным дисплеем.
mantle-book:tconstruct:puny_smelting:upgrades/armor/helmet/tconstruct_respiration.json:/effects/0	sha256:6267c09253a8df83e493d661818fc93987c12abe7a507eca4a614d244ccde67b	Уменьшает потребление воздуха под водой
mantle-book:tconstruct:puny_smelting:upgrades/armor/helmet/tconstruct_respiration.json:/effects/1	sha256:e835a9f0d0033a79276f5b3a0307d910ce65176299aa13ff3a4c9f0c39215be8	Многоуровневое, с каждым уровнем уменьшается потребление воздуха под водой
mantle-book:tconstruct:puny_smelting:upgrades/armor/helmet/tconstruct_respiration.json:/effects/2	sha256:6986ff1df5b4c2e99417171599bfc4b3a2cbf9fe1b3a22d4cb8db4e3eb1f3f17	Требуется 1 слот для улучшения за уровень
mantle-book:tconstruct:puny_smelting:upgrades/armor/helmet/tconstruct_respiration.json:/text/0/text	sha256:aee665d499bfde80362a96b58e9af63ddea1cf502c560ab5fb906e426aec4cce	Кому вообще нужен воздух, чтобы дышать.
mantle-book:tconstruct:puny_smelting:upgrades/armor/leggings/tconstruct_leaping.json:/effects/0	sha256:1aeefe86447b4559709ed9af6a2350fd951da37b2e68ff27b05527ed2190df7e	Увеличивает высоту прыжка и безопасную высоту падения.
mantle-book:tconstruct:puny_smelting:upgrades/armor/leggings/tconstruct_leaping.json:/effects/1	sha256:907f3a2271b49c10287469a316964bc79b7120046d956e855982c970b004b2ba	Несколько уровней, каждый дополнительно увеличивает высоту прыжка и безопасную высоту падения.
mantle-book:tconstruct:puny_smelting:upgrades/armor/leggings/tconstruct_leaping.json:/effects/2	sha256:16acfe35a8eef4f15c8bc372e74e79108240b782de0d7a798868b03911311f10	Для первого уровня требуется 1 слот для улучшений.
mantle-book:tconstruct:puny_smelting:upgrades/armor/leggings/tconstruct_leaping.json:/effects/3	sha256:a696ce40545f0d857a9b87ee78a7557ef46c8fd019cc20499be13e9c4b502a39	Для второго уровня требуется 1 слот способностей.
mantle-book:tconstruct:puny_smelting:upgrades/armor/leggings/tconstruct_leaping.json:/text/0/text	sha256:465d199bec7ca525562151937c293ec93d0a785f8ed9d9c1cb79ae1dcd7018b0	Прыгайте к звездам, а если вы не можете до них добраться, поднимитесь на гору и попытайтесь достичь их.
mantle-book:tconstruct:puny_smelting:upgrades/armor/leggings/tconstruct_shield_strap.json:/effects/0	sha256:611b88f281e5e9b3514db5da22c9a4d0dc3ad7ca53ac3baa1836bd5b838e3766	Предоставляет дополнительный слот для левой руки.
mantle-book:tconstruct:puny_smelting:upgrades/armor/leggings/tconstruct_shield_strap.json:/effects/1	sha256:6b7e1f410e46d885c3cd6bcfa4d6928088cc16fdc8607bdcaf4a62d45d0eb1fc	Клавиша взаимодействия с поножами меняет предмет во второй руке
mantle-book:tconstruct:puny_smelting:upgrades/armor/leggings/tconstruct_shield_strap.json:/effects/2	sha256:341b01547f6b85290b2626f407e7b54a8f7ce65f1eec839455da799b1fe8b6d8	Несколько уровней, каждый уровень дает +1 слот.
mantle-book:tconstruct:puny_smelting:upgrades/armor/leggings/tconstruct_shield_strap.json:/effects/3	sha256:6986ff1df5b4c2e99417171599bfc4b3a2cbf9fe1b3a22d4cb8db4e3eb1f3f17	Требуется 1 слот для улучшения на каждый уровень.
mantle-book:tconstruct:puny_smelting:upgrades/armor/leggings/tconstruct_shield_strap.json:/text/0/text	sha256:e51f1f6e922be79af8c4efed0c76515fd9de5731a9da664ea6a531e213b4b1ff	Он защищает, атакует, но самое главное – возвращает факелы.
mantle-book:tconstruct:puny_smelting:upgrades/armor/leggings/tconstruct_speedy.json:/effects/0	sha256:2f97f37db8424d874ac2ab78b708c83e7cd913fafcc9094e708118c75cdcfbc3	Увеличивает скорость передвижения
mantle-book:tconstruct:puny_smelting:upgrades/armor/leggings/tconstruct_speedy.json:/effects/1	sha256:c7a8cc313795ee9106df8a23405dec8ba55145f44a78b678a4da24605d89b9f1	Многоуровневое, с каждым уровнем скорость передвижения увеличивается ещё больше
mantle-book:tconstruct:puny_smelting:upgrades/armor/leggings/tconstruct_speedy.json:/effects/2	sha256:6986ff1df5b4c2e99417171599bfc4b3a2cbf9fe1b3a22d4cb8db4e3eb1f3f17	Требуется 1 слот для улучшения за уровень
mantle-book:tconstruct:puny_smelting:upgrades/armor/leggings/tconstruct_speedy.json:/text/0/text	sha256:24c534c99130c552fea0c3f5aeba7b336c09d0190c3e4641b3fa42d9f7c43d4f	Ускоряйся!
mantle-book:tconstruct:puny_smelting:upgrades/armor/leggings/tconstruct_step_up.json:/effects/0	sha256:7fbc79845137454c1042dc77d5db39b851140c338714fb5a06a1f5c15a5d3b0b	Позволяет подниматься по более высоким блокам, например по лестнице.
mantle-book:tconstruct:puny_smelting:upgrades/armor/leggings/tconstruct_step_up.json:/effects/1	sha256:9cfde47b7c5bdd77c07dedeeff11471959287845198b5fea1e909ef213ed3189	Несколько уровней, высота ступеньки увеличивается с каждым уровнем.
mantle-book:tconstruct:puny_smelting:upgrades/armor/leggings/tconstruct_step_up.json:/effects/2	sha256:6986ff1df5b4c2e99417171599bfc4b3a2cbf9fe1b3a22d4cb8db4e3eb1f3f17	Требуется 1 слот для улучшения на каждый уровень.
mantle-book:tconstruct:puny_smelting:upgrades/armor/leggings/tconstruct_step_up.json:/text/0/text	sha256:80284bf26d15fcd8864aac2c1abb6f25c4e513f669ca2ae43f2a563c81c1815d	Поставьте одну ногу выше другой.
mantle-book:tconstruct:puny_smelting:upgrades/armor/leggings/tconstruct_swift_sneak.json:/effects/0	sha256:3e75bf11073885f0cf0742f733958e1bad76a6ec6d938dcfa6668e05a9aad1c3	Увеличивает скорость передвижения при приседании.
mantle-book:tconstruct:puny_smelting:upgrades/armor/leggings/tconstruct_swift_sneak.json:/effects/1	sha256:c7a8cc313795ee9106df8a23405dec8ba55145f44a78b678a4da24605d89b9f1	Несколько уровней, каждый уровень увеличивает скорость еще больше.
mantle-book:tconstruct:puny_smelting:upgrades/armor/leggings/tconstruct_swift_sneak.json:/effects/2	sha256:6986ff1df5b4c2e99417171599bfc4b3a2cbf9fe1b3a22d4cb8db4e3eb1f3f17	Требуется 1 слот для улучшения на каждый уровень.
mantle-book:tconstruct:puny_smelting:upgrades/armor/leggings/tconstruct_swift_sneak.json:/text/0/text	sha256:1e6cbd5bbb324b2f526402a3e0cb8292efabe3ada319594d792c2984fcde1312	Надо быстро прокрасться.
mantle-book:tconstruct:puny_smelting:upgrades/damage/tconstruct_antiaquatic.json:/effects/0	sha256:c46f172b0250f78b2743dcef447bc1a9f511763dbc46007c1d94d7801435918a	Увеличивает урон морским существам.
mantle-book:tconstruct:puny_smelting:upgrades/damage/tconstruct_antiaquatic.json:/effects/1	sha256:954b07e00f8d68811c69682077a66157bc6ed0edbe978e5f6c3a13aa9174f5cf	Несколько уровней, каждый уровень увеличивает урон еще больше.
mantle-book:tconstruct:puny_smelting:upgrades/damage/tconstruct_antiaquatic.json:/effects/2	sha256:6986ff1df5b4c2e99417171599bfc4b3a2cbf9fe1b3a22d4cb8db4e3eb1f3f17	Требуется 1 слот для улучшения на каждый уровень.
mantle-book:tconstruct:puny_smelting:upgrades/damage/tconstruct_antiaquatic.json:/text/0/text	sha256:180ddf6a1a7183e9b0e598ca741bb4b07d5d20569c4023b5d2b61e10f96affc3	Морские враги дрожат от страха перед теми, кто владеет оружием с этой особенностью.
mantle-book:tconstruct:puny_smelting:upgrades/damage/tconstruct_antiaquatic.json:/text/1/text	sha256:9b60142083d948ad157c44855f829e171ed9f1c1938b3f1349eb93822ea0cd86	Предупреждение: вы ужасный человек, если применяете это против мирных морских существ.
mantle-book:tconstruct:puny_smelting:upgrades/damage/tconstruct_antiaquatic.json:/text/2/text	sha256:22f237bfe4ee3c58dc66cb49e177304364f13bfa696aa7a2a9918b61b90d88b7	Не путать с пронзением.
mantle-book:tconstruct:puny_smelting:upgrades/damage/tconstruct_bane_of_sssss.json:/effects/0	sha256:deedfd066c9f4c3b600345df5b851fdcca6513fd5cc20a52922e3a3b5652d7c2	Увеличивает урон и замедляет пауков, криперов и прочих ползучих гадов
mantle-book:tconstruct:puny_smelting:upgrades/damage/tconstruct_bane_of_sssss.json:/effects/1	sha256:954b07e00f8d68811c69682077a66157bc6ed0edbe978e5f6c3a13aa9174f5cf	Многоуровневый, каждый уровень увеличивает урон еще больше
mantle-book:tconstruct:puny_smelting:upgrades/damage/tconstruct_bane_of_sssss.json:/effects/2	sha256:6986ff1df5b4c2e99417171599bfc4b3a2cbf9fe1b3a22d4cb8db4e3eb1f3f17	Требуется 1 слот для улучшения за уровень
mantle-book:tconstruct:puny_smelting:upgrades/damage/tconstruct_bane_of_sssss.json:/text/0/text	sha256:156c90a53a6a1320ebc4ddd9706c14731f70f3f656946f7940359b3f7928fb0a	Лучшее улучшение для тех, кто страдает арахнофобией или криперофобией. Остерегайтесь пауков и криперов.
mantle-book:tconstruct:puny_smelting:upgrades/damage/tconstruct_cooling.json:/effects/0	sha256:66e8f4312f7777c4d1942178052c66d41ef1a844bd5febeeac6c07ca15d17dfe	Увеличивает урон по огненным существам
mantle-book:tconstruct:puny_smelting:upgrades/damage/tconstruct_cooling.json:/effects/1	sha256:954b07e00f8d68811c69682077a66157bc6ed0edbe978e5f6c3a13aa9174f5cf	Многоуровневый, каждый уровень увеличивает урон еще больше
mantle-book:tconstruct:puny_smelting:upgrades/damage/tconstruct_cooling.json:/effects/2	sha256:6986ff1df5b4c2e99417171599bfc4b3a2cbf9fe1b3a22d4cb8db4e3eb1f3f17	Требуется 1 слот для улучшения за уровень
mantle-book:tconstruct:puny_smelting:upgrades/damage/tconstruct_cooling.json:/text/0/text	sha256:4435d2f611c667f83ea9ddbba725870ef2a8b5394d77142f4000a37e1e49cac3	Лучший способ победить огонь незера - это заморозить его, погасив его вечное пламя.
mantle-book:tconstruct:puny_smelting:upgrades/damage/tconstruct_killager.json:/effects/0	sha256:e76141e1ca27eb16c32dc9edf2e866916e2b095fa7eb0f2b8084dd23c1c3df3b	Увеличивает урон, наносимый крестьянам и разбойникам
mantle-book:tconstruct:puny_smelting:upgrades/damage/tconstruct_killager.json:/effects/1	sha256:954b07e00f8d68811c69682077a66157bc6ed0edbe978e5f6c3a13aa9174f5cf	Многоуровневое, каждый уровень увеличивает урон ещё больше
mantle-book:tconstruct:puny_smelting:upgrades/damage/tconstruct_killager.json:/effects/2	sha256:6986ff1df5b4c2e99417171599bfc4b3a2cbf9fe1b3a22d4cb8db4e3eb1f3f17	Требуется 1 слот для улучшений за уровень
mantle-book:tconstruct:puny_smelting:upgrades/damage/tconstruct_killager.json:/text/0/text	sha256:96c30c54fcb05296c4915d099961126c4dcc0293c9594a517bc09c80cf71e7e3	Новейшая дэт-метал группа Minecraft. Скоро прибудет в ближайшую к вам деревню.
mantle-book:tconstruct:puny_smelting:upgrades/damage/tconstruct_pierce.json:/effects/0	sha256:eaab7778d1854197ae2397d574ea35e12342350aef579fd6c9d901157ae2516b	Отменяет небольшое количество брони.
mantle-book:tconstruct:puny_smelting:upgrades/damage/tconstruct_pierce.json:/effects/1	sha256:bc455fd7ebf6024056cbe0245f9a813074fedfb94441fe552599f320e8d99347	Также немного увеличивает урон инструмента.
mantle-book:tconstruct:puny_smelting:upgrades/damage/tconstruct_pierce.json:/effects/2	sha256:28f26c9496912db6cc25512ab925fdc606dc2215c9605a566f27f7452965eff4	Несколько уровней, каждый уровень увеличивает эффект.
mantle-book:tconstruct:puny_smelting:upgrades/damage/tconstruct_pierce.json:/effects/3	sha256:6986ff1df5b4c2e99417171599bfc4b3a2cbf9fe1b3a22d4cb8db4e3eb1f3f17	Требуется 1 слот для улучшения на каждый уровень.
mantle-book:tconstruct:puny_smelting:upgrades/damage/tconstruct_pierce.json:/text/0/text	sha256:a6505c12dac36cedad79d5a6f8f0798c8a3fe6ff94da9267d438559d3bda4ca3	Инструмент обретает силу кактуса, атакуя сквозь броню.
mantle-book:tconstruct:puny_smelting:upgrades/damage/tconstruct_pierce.json:/text/1/text	sha256:1126479e2ea556214ae43869955534023ca461c5bba54642fc5147c17e8dd3e0	Не путать с пронзением.
mantle-book:tconstruct:puny_smelting:upgrades/damage/tconstruct_sharpness.json:/effects/0	sha256:a6cc0456f1ac4ba4200fcdbe6b6a2e76d1d04d318f146c70fa8219dfa108cef0	Увеличивает урон инструмента
mantle-book:tconstruct:puny_smelting:upgrades/damage/tconstruct_sharpness.json:/effects/1	sha256:512c68946db666555185b817a510e5197ad49dc0e4a261d2ddd8d75f30c4f4f2	Многоуровневый, каждый уровень увеличивает урон еще больше
mantle-book:tconstruct:puny_smelting:upgrades/damage/tconstruct_sharpness.json:/effects/2	sha256:6986ff1df5b4c2e99417171599bfc4b3a2cbf9fe1b3a22d4cb8db4e3eb1f3f17	Требуется 1 слот для улучшения за уровень
mantle-book:tconstruct:puny_smelting:upgrades/damage/tconstruct_sharpness.json:/text/0/text	sha256:3f546986762af81a6db1bb7aae73fb9a51666db2e1a14af325be0d3bdfe0af38	Чем острее клинок, тем острее его владелец.
mantle-book:tconstruct:puny_smelting:upgrades/damage/tconstruct_smite.json:/effects/0	sha256:7241565281e4f82c9e2eda3e10ac8bfdcdfae846909502436afa5b7a24bb3a36	Увеличивает урон нежити.
mantle-book:tconstruct:puny_smelting:upgrades/damage/tconstruct_smite.json:/effects/1	sha256:512c68946db666555185b817a510e5197ad49dc0e4a261d2ddd8d75f30c4f4f2	Несколько уровней, каждый уровень увеличивает урон.
mantle-book:tconstruct:puny_smelting:upgrades/damage/tconstruct_smite.json:/effects/2	sha256:6986ff1df5b4c2e99417171599bfc4b3a2cbf9fe1b3a22d4cb8db4e3eb1f3f17	Требуется 1 слот для улучшения на каждый уровень.
mantle-book:tconstruct:puny_smelting:upgrades/damage/tconstruct_smite.json:/text/0/text	sha256:5553afe7cbb5f33a23b02becbf4e76c5ad0bae8c0f3a26ae189dcbd1481fdbbb	Бойся меня, нежить...
mantle-book:tconstruct:puny_smelting:upgrades/damage/tconstruct_smite.json:/text/1/text	sha256:ec02c33227c15ff985422ff1a43e425d852125b26c6282d132824979290d4cd5	Ибо я владею силой дыни, наполненной золотом! Возможно, доспехи из золотой дыни заставят их держаться от меня подальше.
mantle-book:tconstruct:puny_smelting:upgrades/damage/tconstruct_swiftstrike.json:/effects/0	sha256:f70ea9015333abdd6ddedfaa482ae09549df156b14ae63ead8cb06a65fd814df	Увеличивает скорость атаки
mantle-book:tconstruct:puny_smelting:upgrades/damage/tconstruct_swiftstrike.json:/effects/1	sha256:ea1094402a722e5f2e1309d62f18b42de9a2d744d9ce3bee434acd949b4bdbcf	Многоуровневое, каждый уровень увеличивает скорость немного больше
mantle-book:tconstruct:puny_smelting:upgrades/damage/tconstruct_swiftstrike.json:/effects/2	sha256:6986ff1df5b4c2e99417171599bfc4b3a2cbf9fe1b3a22d4cb8db4e3eb1f3f17	Требуется 1 слот для улучшений за уровень
mantle-book:tconstruct:puny_smelting:upgrades/damage/tconstruct_swiftstrike.json:/text/0/text	sha256:535887a69a63bd4fff933611105fd4c2f817f50819d9a3cf188e8f4ca3441f6a	"Когда ломаешь аметист, раздается такой приятный звук ""звяк""."
mantle-book:tconstruct:puny_smelting:upgrades/general.json:/text/0/text	sha256:1db34ee9afa094e7ae73d3212420f76b951cc5c929b1f52694bdc99408ad9835	Улучшения — это модификаторы, добавляемые на инструменты используя рецепты улучшений. Вначале у каждого инструмента есть ограниченное количество слотов для улучшений, но их количество можно увеличить несколькими способами.
mantle-book:tconstruct:puny_smelting:upgrades/general.json:/text/1/text	sha256:078eda3b1a8341f122bcbb37f1ffaaab606f50dc03cb299d8fa28d71b0313d3a	Основные улучшения подойдут для любого инструмента! Эти улучшения усилят ваш инструмент, увеличив его урон, скорость копания, прочность и многое другое!
mantle-book:tconstruct:puny_smelting:upgrades/general.json:/title	sha256:d7aee40e45663eae888bfe179ebb0f240b3cf48e5b837bb1f17f451c199101ae	Основные улучшения
mantle-book:tconstruct:puny_smelting:upgrades/general/tconstruct_diamond.json:/effects/0	sha256:f34238f11b3be56672db66efe0cc902ab942fd8a9de1f5612242dcec69f66801	Увеличивает прочность, скорость добычи, урон и броню
mantle-book:tconstruct:puny_smelting:upgrades/general/tconstruct_diamond.json:/effects/1	sha256:750db518cb8ac7089bd049f4db92f0bb703e4f066da4ef181e1bf642add9fa6e	Одноуровневый
mantle-book:tconstruct:puny_smelting:upgrades/general/tconstruct_diamond.json:/effects/2	sha256:2c5a6b199713c11725e6f5ecda0f1e6006548abb77f03ac4e777bb2fb960a5b8	Требует 1 слот для улучшения
mantle-book:tconstruct:puny_smelting:upgrades/general/tconstruct_diamond.json:/text/0/text	sha256:f99617bc4edc1177096b385445848c1ab52f9135949e04de6e8f0d0a9d27455e	Алмазы навсегда!
mantle-book:tconstruct:puny_smelting:upgrades/general/tconstruct_emerald.json:/effects/0	sha256:760996b8b014e895e52622057c3c2ad8dcda65e5cd66b93080dd6d363b922437	Увеличивает прочность инструмента в зависимости от исходной прочности
mantle-book:tconstruct:puny_smelting:upgrades/general/tconstruct_emerald.json:/effects/1	sha256:9418f5d77e7bec73c2f7e5b404f4945675ab62a7158c878de8bc22de4f46063e	Увеличивает условный урон, скорость добычи и сопротивление отбрасыванию
mantle-book:tconstruct:puny_smelting:upgrades/general/tconstruct_emerald.json:/effects/2	sha256:750db518cb8ac7089bd049f4db92f0bb703e4f066da4ef181e1bf642add9fa6e	Одноуровневый
mantle-book:tconstruct:puny_smelting:upgrades/general/tconstruct_emerald.json:/effects/3	sha256:2c5a6b199713c11725e6f5ecda0f1e6006548abb77f03ac4e777bb2fb960a5b8	Требует 1 слот для улучшения
mantle-book:tconstruct:puny_smelting:upgrades/general/tconstruct_emerald.json:/text/0/text	sha256:74eae3c9e42d2f1bbb16a85b70613e8e16c83b17a04d885e9c1d0850f201b993	Лучший друг крестьянина, но не позволяй крестьянам видеть, как ты накладываешь его! Эти талисманы удачи не для Вас.
mantle-book:tconstruct:puny_smelting:upgrades/general/tconstruct_experienced.json:/effects/0	sha256:e2c249f865e5f5e87fa89760d1bf253ff2745d9569ebef06644504fae9fd2b71	Увеличивает получаемый опыт с мобов и блоков
mantle-book:tconstruct:puny_smelting:upgrades/general/tconstruct_experienced.json:/effects/1	sha256:6448ff6915d0d8e2de9d8113e0f0100623e6993ea33f7f4610d237a54be0d71d	Многоуровневый, с каждым уровнем увеличивается получаемый опыт
mantle-book:tconstruct:puny_smelting:upgrades/general/tconstruct_experienced.json:/effects/2	sha256:6986ff1df5b4c2e99417171599bfc4b3a2cbf9fe1b3a22d4cb8db4e3eb1f3f17	Требует 1 слот для улучшения за уровень
mantle-book:tconstruct:puny_smelting:upgrades/general/tconstruct_experienced.json:/text/0/text	sha256:cdd60ee33c06557a530a27872ad00173dfb9d440086275818d4c31515b6ea84d	Вы чувствуете себя немного умнее, имея за плечами некоторый опыт.
mantle-book:tconstruct:puny_smelting:upgrades/general/tconstruct_fireprimer.json:/effects/0	sha256:d853c6af81484b705d47450d77c1cbe479f2a9aafcadc55810d65c286bb37435	Увеличивает область действия кремня и кирпича.
mantle-book:tconstruct:puny_smelting:upgrades/general/tconstruct_fireprimer.json:/effects/1	sha256:750db518cb8ac7089bd049f4db92f0bb703e4f066da4ef181e1bf642add9fa6e	Один уровень
mantle-book:tconstruct:puny_smelting:upgrades/general/tconstruct_fireprimer.json:/effects/2	sha256:2c5a6b199713c11725e6f5ecda0f1e6006548abb77f03ac4e777bb2fb960a5b8	Требуется 1 слот для улучшений.
mantle-book:tconstruct:puny_smelting:upgrades/general/tconstruct_fireprimer.json:/text/0/text	sha256:bc5022c42e5473b59855f36dc2c540098f6d271ae735369e65b4584ff61f8cc5	Это нормально.
mantle-book:tconstruct:puny_smelting:upgrades/general/tconstruct_magnetic.json:/effects/0	sha256:140eecd5f84657147c030859335e8ff01a593ad3ec8f08be31b916aa91218bc0	Атаки по мобам и добыча блоков притягивают предметы к вам
mantle-book:tconstruct:puny_smelting:upgrades/general/tconstruct_magnetic.json:/effects/1	sha256:3e68ed2589d2b8715537552cdff807c7f0d5ad066eb459234fb5ce9e987d657f	На броне пассивно активирует магнит.
mantle-book:tconstruct:puny_smelting:upgrades/general/tconstruct_magnetic.json:/effects/2	sha256:0628c92740dd2a0289c307f539147dbe5f033e8c1a613aef9b1e6bb4c8842a92	Несколько уровней, каждый уровень увеличивает магнитную силу.
mantle-book:tconstruct:puny_smelting:upgrades/general/tconstruct_magnetic.json:/effects/3	sha256:6986ff1df5b4c2e99417171599bfc4b3a2cbf9fe1b3a22d4cb8db4e3eb1f3f17	Требуется 1 слот для улучшения на каждый уровень.
mantle-book:tconstruct:puny_smelting:upgrades/general/tconstruct_magnetic.json:/text/0/text	sha256:5e64d5aa8e5d7a2f2d67a84272a30ae425a291d7986b5c2d650b6cf21268132e	Этот инструмент обладает огромной силой.
mantle-book:tconstruct:puny_smelting:upgrades/general/tconstruct_netherite.json:/effects/0	sha256:3ae6e819f2b30105ec2c0b3507cb2768016497256fa5246bc0b360e09b775cea	Повышает прочность, урон от атак, скорость добычи, выносливость и сопротивление отбрасыванию.
mantle-book:tconstruct:puny_smelting:upgrades/general/tconstruct_netherite.json:/effects/1	sha256:750db518cb8ac7089bd049f4db92f0bb703e4f066da4ef181e1bf642add9fa6e	Один уровень
mantle-book:tconstruct:puny_smelting:upgrades/general/tconstruct_netherite.json:/effects/2	sha256:2c5a6b199713c11725e6f5ecda0f1e6006548abb77f03ac4e777bb2fb960a5b8	Требуется 1 слот для улучшений.
mantle-book:tconstruct:puny_smelting:upgrades/general/tconstruct_netherite.json:/text/0/text	sha256:61c427f0eab300439ed74155a08d6e5b816046fd599862a57f4769aaa46af5e7	Сила преисподней интенсивно течет через ваш инструмент.
mantle-book:tconstruct:puny_smelting:upgrades/general/tconstruct_netherite.json:/text/1/text	sha256:21437e52087da7539de6b396832c11c0237e7bd8b4ee744601539a94e5fee054	Настолько сильно, что инструмент не может быть поврежден внешними повреждениями, такими как лава.
mantle-book:tconstruct:puny_smelting:upgrades/general/tconstruct_overforced.json:/effects/0	sha256:5108e695f0351dbc95a8cfc196e776fb0d01bdf8ef6cb5ec1083fb63198b3a12	Увеличивает ёмкость слизневого покрытия
mantle-book:tconstruct:puny_smelting:upgrades/general/tconstruct_overforced.json:/effects/1	sha256:49cecf10146ca364355fdb75a4e77a2c7604bedd2009c69de00db14e01a05618	Многоуровневый, каждый последующий уровень ещё больше увеличивает объём слизневого покрытия
mantle-book:tconstruct:puny_smelting:upgrades/general/tconstruct_overforced.json:/effects/2	sha256:6986ff1df5b4c2e99417171599bfc4b3a2cbf9fe1b3a22d4cb8db4e3eb1f3f17	Требует 1 слот на каждый уровень улучшения
mantle-book:tconstruct:puny_smelting:upgrades/general/tconstruct_overforced.json:/text/0/text	sha256:afe55c82873ec6c1df05e71e90a55137ec1c2519708fa683efd4cba6a7c9406d	«Пересиленный»... что за название? Слишком много силы?
mantle-book:tconstruct:puny_smelting:upgrades/general/tconstruct_reinforced.json:/effects/0	sha256:0cfb9fd0802d8fe1d3b7cbd6c3a3c916b9cc14700a818441e2b1431d589839d7	Даёт шанс прочности не потратиться
mantle-book:tconstruct:puny_smelting:upgrades/general/tconstruct_reinforced.json:/effects/1	sha256:192578691477ced40ea67ce63d6a1669f9008149e3b925fc6bf86458439be5f1	Многоуровневый, с каждым уровнем вероятность траты прочности уменьшается
mantle-book:tconstruct:puny_smelting:upgrades/general/tconstruct_reinforced.json:/effects/2	sha256:6986ff1df5b4c2e99417171599bfc4b3a2cbf9fe1b3a22d4cb8db4e3eb1f3f17	Требуется 1 слот для улучшения за уровень
mantle-book:tconstruct:puny_smelting:upgrades/general/tconstruct_reinforced.json:/text/0/text	sha256:140f4c593e9c2ec81ce1d1935440085761a2fd47565f8da2c79d5496827dd94b	С этим укреплением на инструменте, вам будет проще обоим!
mantle-book:tconstruct:puny_smelting:upgrades/general/tconstruct_scope.json:/effects/0	sha256:0c72cd5ae83ea3bc8245433688be68eb57261738f2ddba5596dc3bf60c5b30c1	Позволяет инструментам постепенно увеличивать масштаб во время зарядки.
mantle-book:tconstruct:puny_smelting:upgrades/general/tconstruct_scope.json:/effects/1	sha256:a9875ac8991d109dcb62e15a6c2edf4925537322b64dc11266513d9354274d8c	Один уровень
mantle-book:tconstruct:puny_smelting:upgrades/general/tconstruct_scope.json:/effects/2	sha256:2c5a6b199713c11725e6f5ecda0f1e6006548abb77f03ac4e777bb2fb960a5b8	Требуется 1 слот для улучшений.
mantle-book:tconstruct:puny_smelting:upgrades/general/tconstruct_scope.json:/text/0/text	sha256:9959f3a40492dc83a8c7f930c752fd5560b166ae81eb6e2628ee6d1181bf099a	360 без прицела.
mantle-book:tconstruct:puny_smelting:upgrades/general/tconstruct_smelting.json:/effects/0	sha256:4cc21f420ec53d5463ca5821f9d353335248ffc54a3e817a3d86646d61990837	Подкрадитесь во время взаимодействия, чтобы заполнить инструмент предметами.
mantle-book:tconstruct:puny_smelting:upgrades/general/tconstruct_smelting.json:/effects/1	sha256:0b4a841dedef37dc0edac783b1cc7147c49f7c276e290bbf160bd6a1fcf00853	Использование инструмента готовит предметы.
mantle-book:tconstruct:puny_smelting:upgrades/general/tconstruct_smelting.json:/effects/2	sha256:7361b5edafbcf5d785057a83e62d6cf683ec45b93b96c5aa04876cfd5df6c0c4	Несколько уровней, на каждом из которых одновременно выплавляется больше предметов.
mantle-book:tconstruct:puny_smelting:upgrades/general/tconstruct_smelting.json:/effects/3	sha256:6986ff1df5b4c2e99417171599bfc4b3a2cbf9fe1b3a22d4cb8db4e3eb1f3f17	Требуется 1 слот для улучшения на каждый уровень.
mantle-book:tconstruct:puny_smelting:upgrades/general/tconstruct_smelting.json:/text/0/text	sha256:6b4913febb715fe285182f2a663de047f440073a1f96324b13c8a2675052eaee	Насколько сильно нужно бить курицу, чтобы ее приготовить?
mantle-book:tconstruct:puny_smelting:upgrades/general/tconstruct_soulbound.json:/effects/0	sha256:bb9a42c81925bdeaa45c7b66563a495b3ce233d7a866acb5e65cc6bbd08c7cb5	Инструмент останется с вами после безвременной кончины
mantle-book:tconstruct:puny_smelting:upgrades/general/tconstruct_soulbound.json:/effects/1	sha256:750db518cb8ac7089bd049f4db92f0bb703e4f066da4ef181e1bf642add9fa6e	Одноуровневый
mantle-book:tconstruct:puny_smelting:upgrades/general/tconstruct_soulbound.json:/effects/2	sha256:2c5a6b199713c11725e6f5ecda0f1e6006548abb77f03ac4e777bb2fb960a5b8	Требуется 1 слот для улучшения
mantle-book:tconstruct:puny_smelting:upgrades/general/tconstruct_soulbound.json:/text/0/text	sha256:7db668d56b48219bb731637b799d9497478186385c6c435768e10d7dac4965fa	Наполнить предмет своей душой звучит вредно для здоровья. Но это весьма полезно!
mantle-book:tconstruct:puny_smelting:upgrades/general/tconstruct_tank.json:/effects/0	sha256:14fb928976d8f61666dbb04d3f1df167e647c9c8a2c4ad4b24deb23ea19ec3f5	Увеличивает объём резервуара инструмента
mantle-book:tconstruct:puny_smelting:upgrades/general/tconstruct_tank.json:/effects/1	sha256:46f03c4be2a4864afe329ac85c4281e94261a4beb09ca46f5de7e70871072cbe	Инструмент превращается в переносной контейнер для жидкости, которую можно выливать
mantle-book:tconstruct:puny_smelting:upgrades/general/tconstruct_tank.json:/effects/2	sha256:7f7141aafd5b8706635f453ae68b343fed3172766bcb127d62ce52fb80d4c9d4	Несколько уровней, каждый дополнительно увеличивает объём резервуара
mantle-book:tconstruct:puny_smelting:upgrades/general/tconstruct_tank.json:/effects/3	sha256:6986ff1df5b4c2e99417171599bfc4b3a2cbf9fe1b3a22d4cb8db4e3eb1f3f17	Требуется 1 слот для улучшения за уровень
mantle-book:tconstruct:puny_smelting:upgrades/general/tconstruct_tank.json:/text/0/text	sha256:87cec8c68eb4ffe2c4de44677d899e6b49b1afbb8d744f1723f00f1eaa54cdb6	У этой крошки 120-мм пушка, установленный пулемё... погодите, это не такой танк? Какое разочарование, я бы предпочёл боевую машину.
mantle-book:tconstruct:puny_smelting:upgrades/general/tconstruct_the_one_probe.json:/effects/0	sha256:a5d5262e34850b15adf732b578f728be920e1613ba09a8803d6610a6992e9747	Предоставляет необычную информацию о блоках и объектах, когда держите или носите инструмент.
mantle-book:tconstruct:puny_smelting:upgrades/general/tconstruct_the_one_probe.json:/effects/1	sha256:a9875ac8991d109dcb62e15a6c2edf4925537322b64dc11266513d9354274d8c	Один уровень
mantle-book:tconstruct:puny_smelting:upgrades/general/tconstruct_the_one_probe.json:/effects/2	sha256:2c5a6b199713c11725e6f5ecda0f1e6006548abb77f03ac4e777bb2fb960a5b8	Требуется 1 слот для улучшений.
mantle-book:tconstruct:puny_smelting:upgrades/general/tconstruct_the_one_probe.json:/text/0/text	sha256:61efdfb8a6e629e5392e526db96d7f288113af3fb58994a6e635ef12af06884b	Брось его в огонь! Уничтожь его!
mantle-book:tconstruct:puny_smelting:upgrades/general/tconstruct_the_one_probe.json:/text/1/text	sha256:38178a20b470cfd18299fb1593dd4ba706f1a83321dac051d01086efd8b7a96f	Нет.
mantle-book:tconstruct:puny_smelting:upgrades/general/tconstruct_zoom.json:/effects/0	sha256:ea9faec4f833b85ac2557300c7c238697eb21c1219ac561dadc62bfa19f55d85	Быстрое увеличение при использовании инструмента.
mantle-book:tconstruct:puny_smelting:upgrades/general/tconstruct_zoom.json:/effects/1	sha256:750db518cb8ac7089bd049f4db92f0bb703e4f066da4ef181e1bf642add9fa6e	Один уровень
mantle-book:tconstruct:puny_smelting:upgrades/general/tconstruct_zoom.json:/effects/2	sha256:2c5a6b199713c11725e6f5ecda0f1e6006548abb77f03ac4e777bb2fb960a5b8	Требуется 1 слот для улучшений.
mantle-book:tconstruct:puny_smelting:upgrades/general/tconstruct_zoom.json:/text/0/text	sha256:b2c98e2e7321ff2bc7b9088f4826a696ed8b08a9d7e65f0c509b29d84f823a43	Своими маленькими глазками я наблюдаю за чем-то вдалеке.
mantle-book:tconstruct:puny_smelting:upgrades/harvest.json:/text/0/text	sha256:9cfa94adecfc5ab6c41497c7a8c2eeba1f3d1233736668b92615aba6a6cafe8f	Эти улучшения помогут вам лучше копать блоки в особых ситуациях!
mantle-book:tconstruct:puny_smelting:upgrades/harvest.json:/text/1/text	sha256:a4a45338dd45705a9e94541b04bc55989ee1815db6502cde831b46c7b4e8bca5	Эти улучшения можно использовать для создания самых быстрых инструментов на Западе. Возможно, вы сможете скомбинировать их так, чтобы сделать ваши инструменты ещё быстрее, чем когда-либо.
mantle-book:tconstruct:puny_smelting:upgrades/harvest.json:/title	sha256:820dd2b032e7ba0383dd977d1ef09578f9a9289a59a4551ec03e5cad5d249e7f	Улучшения копания
mantle-book:tconstruct:puny_smelting:upgrades/harvest/tconstruct_blasting.json:/effects/0	sha256:d3b5f3d02caf193800cc0bcc290df5894c743d10f8b69e0a29d86e849fa42e94	Копайте уязвимые для взрыва блоки быстрее, например руды!
mantle-book:tconstruct:puny_smelting:upgrades/harvest/tconstruct_blasting.json:/effects/1	sha256:2d0b131a39c4211c9466553f9f3425aada9850dd6090c1a2f8282d63fab0d371	Многоуровневый, с каждым уровнем скорость увеличивается ещё больше
mantle-book:tconstruct:puny_smelting:upgrades/harvest/tconstruct_blasting.json:/effects/2	sha256:6986ff1df5b4c2e99417171599bfc4b3a2cbf9fe1b3a22d4cb8db4e3eb1f3f17	Требуется 1 слот для улучшения за уровень
mantle-book:tconstruct:puny_smelting:upgrades/harvest/tconstruct_blasting.json:/text/0/text	sha256:5391dd1d784807f6effecd4918224c92d53bc607173caea6c8ca0a9c845c6a96	Ну и я начал палить.
mantle-book:tconstruct:puny_smelting:upgrades/harvest/tconstruct_haste.json:/effects/0	sha256:a8710814b9cb832811b56e3c6df0a854868f25f144d519acb2bbec44baaee904	Увеличивает скорость добычи.
mantle-book:tconstruct:puny_smelting:upgrades/harvest/tconstruct_haste.json:/effects/1	sha256:ea1094402a722e5f2e1309d62f18b42de9a2d744d9ce3bee434acd949b4bdbcf	Несколько уровней, каждый уровень немного увеличивает скорость.
mantle-book:tconstruct:puny_smelting:upgrades/harvest/tconstruct_haste.json:/effects/2	sha256:6986ff1df5b4c2e99417171599bfc4b3a2cbf9fe1b3a22d4cb8db4e3eb1f3f17	Требуется 1 слот для улучшения на каждый уровень.
mantle-book:tconstruct:puny_smelting:upgrades/harvest/tconstruct_haste.json:/text/0/text	sha256:a7c02d25a3eb9fa1e00066b6c5bb2274c4f0fee09cec4946dbff277777cc1716	Добавление красного камня в инструмент увеличивает его скорость. Повышение скорости майнинга более эффективно на более медленных инструментах.
mantle-book:tconstruct:puny_smelting:upgrades/harvest/tconstruct_haste.json:/text/1/text	sha256:4beb9ca7829d2cac63aea807650889d78e0aaadbcd1af9bb63eb6c8a82217914	Редстоун. Сумасшедшая штука, да?
mantle-book:tconstruct:puny_smelting:upgrades/harvest/tconstruct_hydraulic.json:/effects/0	sha256:c793cb5caf719e8e07ddc097cfa55e176f672b2cef75bbf294376954434f9ef2	Копайте быстрее под дождём или под водой
mantle-book:tconstruct:puny_smelting:upgrades/harvest/tconstruct_hydraulic.json:/effects/1	sha256:2d0b131a39c4211c9466553f9f3425aada9850dd6090c1a2f8282d63fab0d371	Многоуровневый, с каждым уровнем скорость увеличивается ещё больше
mantle-book:tconstruct:puny_smelting:upgrades/harvest/tconstruct_hydraulic.json:/effects/2	sha256:6986ff1df5b4c2e99417171599bfc4b3a2cbf9fe1b3a22d4cb8db4e3eb1f3f17	Требуется 1 слот для улучшения за уровень
mantle-book:tconstruct:puny_smelting:upgrades/harvest/tconstruct_hydraulic.json:/text/0/text	sha256:2da90422464c9505bcc9c34be091b9ba8d4a6c84e7bbe423b85f90e022448172	Используя магию насосов и жидкостей, Вы можете с лёгкостью перемещать предметы. Я имею в виду, что это возможно, но не в вашем случае.
mantle-book:tconstruct:puny_smelting:upgrades/harvest/tconstruct_lightspeed.json:/effects/0	sha256:9e124a1b620e99eb134c451410ac3de7f409641ddbf5f064e8e21108d839fbdd	Хорошо освещенные блоки добываются быстрее.
mantle-book:tconstruct:puny_smelting:upgrades/harvest/tconstruct_lightspeed.json:/effects/1	sha256:2d0b131a39c4211c9466553f9f3425aada9850dd6090c1a2f8282d63fab0d371	Несколько уровней, скорость увеличивается с каждым уровнем.
mantle-book:tconstruct:puny_smelting:upgrades/harvest/tconstruct_lightspeed.json:/effects/2	sha256:6986ff1df5b4c2e99417171599bfc4b3a2cbf9fe1b3a22d4cb8db4e3eb1f3f17	Требуется 1 слот для улучшения на каждый уровень.
mantle-book:tconstruct:puny_smelting:upgrades/harvest/tconstruct_lightspeed.json:/text/0/text	sha256:cc877a2ef4dbab381ca5943806e7411e5f186e94bd7e464f106c774e321d8674	Свет проходит через ваш инструмент и помогает ему работать быстрее.
mantle-book:tconstruct:puny_smelting:upgrades/melee.json:/text/0/text	sha256:7fa30eb16c386104b2459d26b1bcbff7d576ca8572679a792c48d21aa4933f69	Возможно, с помощью этих улучшений Вы сможете выковать самое сильное оружие из всех существующих. Конечно, какое оружие Вы выберете, зависит только от Вас.
mantle-book:tconstruct:puny_smelting:upgrades/melee.json:/text/1/text	sha256:62c4863916bceff9cd57d797b2c9a7552dbf567f0de878a74db7b4dbe77b4fde	Эти улучшения могут расширить возможности вашего оружия, увеличить урон, наносимый вами в целом, конкретным мобам или и тем, и другим. Выбор за Вами.
mantle-book:tconstruct:puny_smelting:upgrades/melee.json:/title	sha256:2c204fa8ae7eb80676ec621fc05fbfe9aee790a1c0f4403074f74a2b25abbe36	Улучшения оружия
mantle-book:tconstruct:puny_smelting:upgrades/melee/tconstruct_fiery.json:/effects/0	sha256:1ea420070b7bffbd076618adf51d693277fb308e5d5f0deaa60a768c61c0fec8	Поджигает цель при попадании
mantle-book:tconstruct:puny_smelting:upgrades/melee/tconstruct_fiery.json:/effects/1	sha256:df0981394fd27c6eab20c13bf63a413c151aa4e314fdcbff9b124fd2e4ed3f02	Несколько уровней, более высокие уровни увеличивают продолжительность горения
mantle-book:tconstruct:puny_smelting:upgrades/melee/tconstruct_fiery.json:/effects/2	sha256:6986ff1df5b4c2e99417171599bfc4b3a2cbf9fe1b3a22d4cb8db4e3eb1f3f17	Требуется 1 слот для улучшения на каждый уровень.
mantle-book:tconstruct:puny_smelting:upgrades/melee/tconstruct_fiery.json:/text/0/text	sha256:5e148ae6ed1d35b03bebdcb90a0af0312b1f06567413ae0ea4f182e21d61200b	Огни преисподней наказывают ваших врагов.
mantle-book:tconstruct:puny_smelting:upgrades/melee/tconstruct_freezing.json:/effects/0	sha256:27e43a4731f9642ac9538e825c16dc0eab0413f221d71836b70d87fd20a50f35	Атакованные враги замедляются и получают дополнительный урон.
mantle-book:tconstruct:puny_smelting:upgrades/melee/tconstruct_freezing.json:/effects/1	sha256:7aabc943f15a3637397b4b69515827c61f1945796c0af14d20177a1b0b4618ca	Несколько уровней, каждый уровень замедляет врагов дольше.
mantle-book:tconstruct:puny_smelting:upgrades/melee/tconstruct_freezing.json:/effects/2	sha256:6986ff1df5b4c2e99417171599bfc4b3a2cbf9fe1b3a22d4cb8db4e3eb1f3f17	Требуется 1 слот для улучшения на каждый уровень.
mantle-book:tconstruct:puny_smelting:upgrades/melee/tconstruct_freezing.json:/text/0/text	sha256:7d0377490ce2770b0bd2800bbb10a4a809281f088f6bdcf5d206e00a87a5acdf	Эльза, возможно, ревнует.
mantle-book:tconstruct:puny_smelting:upgrades/melee/tconstruct_knockback.json:/effects/0	sha256:d18a1a5a2fad40a7d642a170fc4c488231dc2af61e991428eee2b63aedfddfa7	Отбрасывает врагов при ударе.
mantle-book:tconstruct:puny_smelting:upgrades/melee/tconstruct_knockback.json:/effects/1	sha256:6ed725acc8f0ce78e2c09936620bc60daae41e82c04d1492bb4d597e22f754bf	Несколько уровней, увеличивает силу отбрасывания с каждым уровнем.
mantle-book:tconstruct:puny_smelting:upgrades/melee/tconstruct_knockback.json:/effects/2	sha256:6986ff1df5b4c2e99417171599bfc4b3a2cbf9fe1b3a22d4cb8db4e3eb1f3f17	Требуется 1 слот для улучшения на каждый уровень.
mantle-book:tconstruct:puny_smelting:upgrades/melee/tconstruct_knockback.json:/text/0/text	sha256:920b554d4f206c67319ebcc40c52d4f1d8b3f301bcee10c727152e5e0b11f458	Перестаньте тратить энергию на бег и заставьте врагов тратить энергию, возвращающуюся к вам.
mantle-book:tconstruct:puny_smelting:upgrades/melee/tconstruct_necrotic.json:/effects/0	sha256:928737ef8cec3901089eef1c5dfaffb0383df61bb30792e8422d382cbcbd5793	Критические удары крадут жизнь у ваших врагов, чтобы исцелить вас.
mantle-book:tconstruct:puny_smelting:upgrades/melee/tconstruct_necrotic.json:/effects/1	sha256:ca7f8cc614b7d8cdebd3dfee08201dceb98e866de606edcea098a34b0a3c005c	Несколько уровней, увеличивает количество кражи жизни за уровень.
mantle-book:tconstruct:puny_smelting:upgrades/melee/tconstruct_necrotic.json:/effects/2	sha256:6986ff1df5b4c2e99417171599bfc4b3a2cbf9fe1b3a22d4cb8db4e3eb1f3f17	Требуется 1 слот для улучшения на каждый уровень.
mantle-book:tconstruct:puny_smelting:upgrades/melee/tconstruct_necrotic.json:/text/0/text	sha256:264bf3abc15b0e05ec55c5d99cb2d4589bd19cb581da0eb7a07f8936dd384fd3	Пожинайте жизни своих врагов, чтобы выжить дольше.
mantle-book:tconstruct:puny_smelting:upgrades/melee/tconstruct_padded.json:/effects/0	sha256:db55c7f377cc155b6f0a14d4ad51d8820b89332c81ae2c345739e9d35fdbee50	Уменьшает отбрасывание инструмента
mantle-book:tconstruct:puny_smelting:upgrades/melee/tconstruct_padded.json:/effects/1	sha256:b87213e20d8909526e37567a40647c87e3305bbd60a0015670825dc5c20b5ac8	Многоуровневый, каждый уровень уменьшает отбрасывание ещё больше
mantle-book:tconstruct:puny_smelting:upgrades/melee/tconstruct_padded.json:/effects/2	sha256:6986ff1df5b4c2e99417171599bfc4b3a2cbf9fe1b3a22d4cb8db4e3eb1f3f17	Требуется 1 слот для улучшения за уровень
mantle-book:tconstruct:puny_smelting:upgrades/melee/tconstruct_padded.json:/text/0/text	sha256:24cf186922c1ec4d2ae7da77a3e95befc4622857f64d1b5fb2cab8fd9e55fa70	Немного мягких шипов никому не повредит
mantle-book:tconstruct:puny_smelting:upgrades/melee/tconstruct_severing.json:/effects/0	sha256:d1f052c0f949ff9a3dab9987fa8443e982d0bf97fef23e931056307f45992d04	С врагов выпадают головы
mantle-book:tconstruct:puny_smelting:upgrades/melee/tconstruct_severing.json:/effects/1	sha256:b809db9c2a96d050ea6f27fd7d428e99e4925baca85689dcffbda8da58876c8e	Многоуровневый, с каждым уровнем шанс обезглавливания увеличивается ещё больше
mantle-book:tconstruct:puny_smelting:upgrades/melee/tconstruct_severing.json:/effects/2	sha256:6986ff1df5b4c2e99417171599bfc4b3a2cbf9fe1b3a22d4cb8db4e3eb1f3f17	Требуется 1 слот для улучшения за уровень
mantle-book:tconstruct:puny_smelting:upgrades/melee/tconstruct_severing.json:/text/0/text	sha256:7e31cfa7316245aaf7f34b1605e6c860328d15897d34d4f30398a14b59b3be06	Кто бы мог подумать, что удачно размещённая взрывчатка способна начисто снести голову? Совсем чуть-чуть подровнять сверху.
mantle-book:tconstruct:puny_smelting:upgrades/melee/tconstruct_sweeping_edge.json:/effects/0	sha256:8c44b470a34d0f01437ac924478716c6c4d9a2e63b42ae34cd2fb60d458779ed	Цели, атакованные разящей атакой, получают больший процент урона от инструментов
mantle-book:tconstruct:puny_smelting:upgrades/melee/tconstruct_sweeping_edge.json:/effects/1	sha256:f06f587da672105c847cddc05576d007b653d80a2ab284649b84ab6fc8be35aa	Многоуровневый, каждый уровень ещё больше увеличивает процент урона
mantle-book:tconstruct:puny_smelting:upgrades/melee/tconstruct_sweeping_edge.json:/effects/2	sha256:6986ff1df5b4c2e99417171599bfc4b3a2cbf9fe1b3a22d4cb8db4e3eb1f3f17	Требуется 1 слот для улучшения за уровень
mantle-book:tconstruct:puny_smelting:upgrades/melee/tconstruct_sweeping_edge.json:/text/0/text	sha256:c65b300ec42f93159efda4929100f2c1afbc9340d5ad36a65a2e07e6a9b21bbe	Чим чиминей, чим чиминей, чим чим чер-э, Развёртка настолько удачна, насколько это возможно.
mantle-book:tconstruct:puny_smelting:upgrades/ranged.json:/text/0/text	sha256:a89f43fcd15332f0c4c7f1b8c9ce905b39b2455efda1eeeb159f4052732a2fd3	Улучшения дальнего боя хороши для луков, будь то более быстрая стрельба, больший урон или замораживание врагов.
mantle-book:tconstruct:puny_smelting:upgrades/ranged.json:/title	sha256:9b4facf336b870ae54ce7947a6ba5ccb6e1ef48c7814b202b5773c838a002dc7	Улучшения дальнего боя
mantle-book:tconstruct:puny_smelting:upgrades/ranged/tconstruct_bounce.json:/effects/0	sha256:0a8be16ea89b118f9d6d3d1f752115329424d5e69fc419d41e22b62f5522ca28	Заставляет стрелки отскакивать от блоков.
mantle-book:tconstruct:puny_smelting:upgrades/ranged/tconstruct_bounce.json:/effects/1	sha256:108f1691f841c1a3233d5d117d7ff96e1a9ec36c616671a972d274e91e675433	Несколько уровней, каждый уровень добавляет больше отскоков.
mantle-book:tconstruct:puny_smelting:upgrades/ranged/tconstruct_bounce.json:/effects/2	sha256:6986ff1df5b4c2e99417171599bfc4b3a2cbf9fe1b3a22d4cb8db4e3eb1f3f17	Требуется 1 слот для улучшения на каждый уровень.
mantle-book:tconstruct:puny_smelting:upgrades/ranged/tconstruct_bounce.json:/text/0/text	sha256:6143c7e0c10bc01de5b267a4018b77712e0132d0a226d5938059d88b31544870	Отличный трюк. Стреляйте из-за углов или над препятствиями. Только будьте осторожны, ваша стрела не отскочит обратно в вас!
mantle-book:tconstruct:puny_smelting:upgrades/ranged/tconstruct_collecting.json:/effects/0	sha256:18e8ae92c81f45fc6c2e25bc4609d4d866b23c896191aae9f46126b968b43a11	Позволяет цеплять предметы, сферы опыта, стрелы и метательные инструменты.
mantle-book:tconstruct:puny_smelting:upgrades/ranged/tconstruct_collecting.json:/effects/1	sha256:a9875ac8991d109dcb62e15a6c2edf4925537322b64dc11266513d9354274d8c	Один уровень
mantle-book:tconstruct:puny_smelting:upgrades/ranged/tconstruct_collecting.json:/effects/2	sha256:2c5a6b199713c11725e6f5ecda0f1e6006548abb77f03ac4e777bb2fb960a5b8	Требуется 1 слот для улучшений.
mantle-book:tconstruct:puny_smelting:upgrades/ranged/tconstruct_collecting.json:/text/0/text	sha256:bdf0126d30aa891ee3caf271495351abb3f6a7131b123e82c3e5f5c4bc2b3993	ЦАП-ЦАРАП!
mantle-book:tconstruct:puny_smelting:upgrades/ranged/tconstruct_fiery.json:/effects/0	sha256:f522e76ee4d1419dd0bbec527cf8af6504c3b9d6f3176efdde111b0867525f31	Поджигает цели, пораженные стрелой.
mantle-book:tconstruct:puny_smelting:upgrades/ranged/tconstruct_fiery.json:/effects/1	sha256:df0981394fd27c6eab20c13bf63a413c151aa4e314fdcbff9b124fd2e4ed3f02	Несколько уровней, более высокие уровни увеличивают продолжительность горения
mantle-book:tconstruct:puny_smelting:upgrades/ranged/tconstruct_fiery.json:/effects/2	sha256:6986ff1df5b4c2e99417171599bfc4b3a2cbf9fe1b3a22d4cb8db4e3eb1f3f17	Требуется 1 слот для улучшения на каждый уровень.
mantle-book:tconstruct:puny_smelting:upgrades/ranged/tconstruct_fiery.json:/text/0/text	sha256:5e148ae6ed1d35b03bebdcb90a0af0312b1f06567413ae0ea4f182e21d61200b	Огни преисподней наказывают ваших врагов.
mantle-book:tconstruct:puny_smelting:upgrades/ranged/tconstruct_fins.json:/effects/0	sha256:f61e13d41ef903d9ed269d37b55eb17fe66788c6c82041611cf429a3a281a2aa	Позволяет брошенному инструменту свободно перемещаться под водой.
mantle-book:tconstruct:puny_smelting:upgrades/ranged/tconstruct_fins.json:/effects/1	sha256:a9875ac8991d109dcb62e15a6c2edf4925537322b64dc11266513d9354274d8c	Один уровень
mantle-book:tconstruct:puny_smelting:upgrades/ranged/tconstruct_fins.json:/effects/2	sha256:2c5a6b199713c11725e6f5ecda0f1e6006548abb77f03ac4e777bb2fb960a5b8	Требуется 1 слот для улучшений.
mantle-book:tconstruct:puny_smelting:upgrades/ranged/tconstruct_fins.json:/effects/3	sha256:ed7ca104184e0d170833c6fd628169907fa7d0f87f42eb05f82d62e3f6c0fb14	Требуется метательный лук или баллиста.
mantle-book:tconstruct:puny_smelting:upgrades/ranged/tconstruct_fins.json:/text/0/text	sha256:354b5255fa2ee9903c4f39bcb3978fa6a594b3d5cb80aeeeb26e063aaf1afd1e	Превращает ваш меч в рыбу. Рыба-меч?
mantle-book:tconstruct:puny_smelting:upgrades/ranged/tconstruct_freezing.json:/effects/0	sha256:33d60b2aca738e91e6224d953a8e02ac4d73dd0884a5a83861ec0ba93a0bda05	Выпущенные снаряды замедляют врагов и наносят дополнительный урон.
mantle-book:tconstruct:puny_smelting:upgrades/ranged/tconstruct_freezing.json:/effects/1	sha256:7aabc943f15a3637397b4b69515827c61f1945796c0af14d20177a1b0b4618ca	Несколько уровней, каждый уровень замедляет врагов дольше.
mantle-book:tconstruct:puny_smelting:upgrades/ranged/tconstruct_freezing.json:/effects/2	sha256:6986ff1df5b4c2e99417171599bfc4b3a2cbf9fe1b3a22d4cb8db4e3eb1f3f17	Требуется 1 слот для улучшения на каждый уровень.
mantle-book:tconstruct:puny_smelting:upgrades/ranged/tconstruct_freezing.json:/text/0/text	sha256:7d0377490ce2770b0bd2800bbb10a4a809281f088f6bdcf5d206e00a87a5acdf	Эльза, возможно, ревнует.
mantle-book:tconstruct:puny_smelting:upgrades/ranged/tconstruct_impaling.json:/effects/0	sha256:bd1a4bce46651c93b7345ebfd5b99d94196645f5f925975c2f463adf21fd0e36	Позволяет стрелам продолжать движение после попадания в цель.
mantle-book:tconstruct:puny_smelting:upgrades/ranged/tconstruct_impaling.json:/effects/1	sha256:667c7afa47e2f7d716239a043493f4957287cd3aaa9abf5a7dcd97f0d3d4dbd7	Несколько уровней, каждый из которых может пробить другую цель.
mantle-book:tconstruct:puny_smelting:upgrades/ranged/tconstruct_impaling.json:/effects/2	sha256:6986ff1df5b4c2e99417171599bfc4b3a2cbf9fe1b3a22d4cb8db4e3eb1f3f17	Требуется 1 слот для улучшения на каждый уровень.
mantle-book:tconstruct:puny_smelting:upgrades/ranged/tconstruct_impaling.json:/text/0/text	sha256:7095100f3e15563a34f2e4f8dccf2b5bc12ccb08d534cb3dc53f27532fcf4e09	Я был бы в ужасе, если бы вы пронзили меня пронзом.
mantle-book:tconstruct:puny_smelting:upgrades/ranged/tconstruct_impaling.json:/text/1/text	sha256:45cb3e7837e95e251ad1f0033a8479ee9fad7a98c7b975ece21ded195218baee	Не путать с антиводными.
mantle-book:tconstruct:puny_smelting:upgrades/ranged/tconstruct_lure.json:/effects/0	sha256:1f6204008f4e0fdfcf7b5f5d7d021cb073187198eabc7ed4291705312dc60596	Сокращается время, необходимое для ловли рыбы.
mantle-book:tconstruct:puny_smelting:upgrades/ranged/tconstruct_lure.json:/effects/1	sha256:bfe4230df5eb06bd6b5e18035bb08abc03ee43a92fe7cec187a69bcbb76f62df	Более высокие уровни еще больше сокращают время.
mantle-book:tconstruct:puny_smelting:upgrades/ranged/tconstruct_lure.json:/effects/2	sha256:6986ff1df5b4c2e99417171599bfc4b3a2cbf9fe1b3a22d4cb8db4e3eb1f3f17	Требуется 1 слот для улучшения на каждый уровень.
mantle-book:tconstruct:puny_smelting:upgrades/ranged/tconstruct_lure.json:/text/0/text	sha256:cdb9f5d5787863d878cf5bc070fc96d0fa828f2520246a9ac37b6760e730f08d	Знаете ли вы, что сыр – одна из наиболее часто используемых наживок для рыбы?
mantle-book:tconstruct:puny_smelting:upgrades/ranged/tconstruct_necrotic.json:/effects/0	sha256:cec93067390eed267b924aedd6895f62a986ff2d127ff18fe68b162ffbda31d5	Полностью заряженные стрелы крадут жизнь у ваших врагов, чтобы исцелить вас.
mantle-book:tconstruct:puny_smelting:upgrades/ranged/tconstruct_necrotic.json:/effects/1	sha256:ca7f8cc614b7d8cdebd3dfee08201dceb98e866de606edcea098a34b0a3c005c	Несколько уровней, увеличивает количество кражи жизни за уровень.
mantle-book:tconstruct:puny_smelting:upgrades/ranged/tconstruct_necrotic.json:/effects/2	sha256:6986ff1df5b4c2e99417171599bfc4b3a2cbf9fe1b3a22d4cb8db4e3eb1f3f17	Требуется 1 слот для улучшения на каждый уровень.
mantle-book:tconstruct:puny_smelting:upgrades/ranged/tconstruct_necrotic.json:/text/0/text	sha256:264bf3abc15b0e05ec55c5d99cb2d4589bd19cb581da0eb7a07f8936dd384fd3	Пожинайте жизни своих врагов, чтобы выжить дольше.
mantle-book:tconstruct:puny_smelting:upgrades/ranged/tconstruct_pierce.json:/effects/0	sha256:f4519e7220ac78579aedd4d8de1bc6d24e6899d090aa15077c5f12f6fff4743c	Стрелы нейтрализуют небольшое количество брони.
mantle-book:tconstruct:puny_smelting:upgrades/ranged/tconstruct_pierce.json:/effects/1	sha256:28f26c9496912db6cc25512ab925fdc606dc2215c9605a566f27f7452965eff4	Несколько уровней, каждый уровень увеличивает эффект.
mantle-book:tconstruct:puny_smelting:upgrades/ranged/tconstruct_pierce.json:/effects/2	sha256:6986ff1df5b4c2e99417171599bfc4b3a2cbf9fe1b3a22d4cb8db4e3eb1f3f17	Требуется 1 слот для улучшения на каждый уровень.
mantle-book:tconstruct:puny_smelting:upgrades/ranged/tconstruct_pierce.json:/text/0/text	sha256:a6505c12dac36cedad79d5a6f8f0798c8a3fe6ff94da9267d438559d3bda4ca3	Инструмент обретает силу кактуса, атакуя сквозь броню.
mantle-book:tconstruct:puny_smelting:upgrades/ranged/tconstruct_pierce.json:/text/1/text	sha256:1126479e2ea556214ae43869955534023ca461c5bba54642fc5147c17e8dd3e0	Не путать с пронзением.
mantle-book:tconstruct:puny_smelting:upgrades/ranged/tconstruct_power.json:/effects/0	sha256:2ad78bbc0ca5c4cba5e38dcde72621a6763235695f0b43a3404ea3575be44328	Увеличивает урон от снарядов, выпущенных из длинных луков.
mantle-book:tconstruct:puny_smelting:upgrades/ranged/tconstruct_power.json:/effects/1	sha256:954b07e00f8d68811c69682077a66157bc6ed0edbe978e5f6c3a13aa9174f5cf	Несколько уровней, каждый уровень увеличивает урон еще больше.
mantle-book:tconstruct:puny_smelting:upgrades/ranged/tconstruct_power.json:/effects/2	sha256:6986ff1df5b4c2e99417171599bfc4b3a2cbf9fe1b3a22d4cb8db4e3eb1f3f17	Требуется 1 слот для улучшения на каждый уровень.
mantle-book:tconstruct:puny_smelting:upgrades/ranged/tconstruct_power.json:/text/0/text	sha256:bd0beceb45e633b9100476470be9b5c525dc601e9e3960389f2d4ef1f8ec6c71	без ограничений §1§lPOWWWWWWEEEEERRRRRRRRRRRRR§r.
mantle-book:tconstruct:puny_smelting:upgrades/ranged/tconstruct_punch.json:/effects/0	sha256:c309c9f32789d65387beb38d9192b3d92f18725b118a1047c77536a8614a4945	Увеличивает отбрасывание выпущенных снарядов.
mantle-book:tconstruct:puny_smelting:upgrades/ranged/tconstruct_punch.json:/effects/1	sha256:a8010f5ec427ce9785ebf13e5fd5d4aed9b408bab41abef3a98e8d611d4a2309	Усиливает натяжение удочки.
mantle-book:tconstruct:puny_smelting:upgrades/ranged/tconstruct_punch.json:/effects/2	sha256:acd008d6ac1c74e64440499de067db3ab998fa6ff92680a83efcf68cc7710f4f	Несколько уровней, каждый уровень усиливает отбрасывание.
mantle-book:tconstruct:puny_smelting:upgrades/ranged/tconstruct_punch.json:/effects/3	sha256:6986ff1df5b4c2e99417171599bfc4b3a2cbf9fe1b3a22d4cb8db4e3eb1f3f17	Требуется 1 слот для улучшения на каждый уровень.
mantle-book:tconstruct:puny_smelting:upgrades/ranged/tconstruct_punch.json:/text/0/text	sha256:b55c78314f954cf8ba85f508d5296d65be868fa3dd723ca3b66a8cd279948cb2	Вот и кульминация.
mantle-book:tconstruct:puny_smelting:upgrades/ranged/tconstruct_quick_charge.json:/effects/0	sha256:e6c51e120faf404e70733c2af93b2b50c3a66ecb0a9c78d9fe65971c0c873c06	Увеличивает скорость натяжения арбалетов или посохов.
mantle-book:tconstruct:puny_smelting:upgrades/ranged/tconstruct_quick_charge.json:/effects/1	sha256:cdb4f1354af07c04fb18d336af6c52fe4a9db3b39b0f7e40c97ce63f54c3c8fc	Несколько уровней, каждый дополнительно увеличивает скорость натяжения.
mantle-book:tconstruct:puny_smelting:upgrades/ranged/tconstruct_quick_charge.json:/effects/2	sha256:6986ff1df5b4c2e99417171599bfc4b3a2cbf9fe1b3a22d4cb8db4e3eb1f3f17	Требуется 1 слот для улучшения на каждый уровень.
mantle-book:tconstruct:puny_smelting:upgrades/ranged/tconstruct_quick_charge.json:/text/0/text	sha256:a5196da1576c779bc3fd006386c959f1a059395078a01194142876c44667dfa8	Становлюсь довольно нервным.
mantle-book:tconstruct:puny_smelting:upgrades/ranged/tconstruct_sinistral.json:/effects/0	sha256:9fe30c7c70aa21b0376dc2b8aa90f79f0ca67bd1dcb8572f7bb0730c1e971098	Арбалеты в основной руке будут стрелять с помощью кнопки атаки и не перезаряжаются при скрытности.
mantle-book:tconstruct:puny_smelting:upgrades/ranged/tconstruct_sinistral.json:/effects/1	sha256:981d50ff3304f8955181f434b271781dec9750aa4d151e696fc5ead3c7d5ed95	Позволяет использовать арбалеты двумя руками или со щитом.
mantle-book:tconstruct:puny_smelting:upgrades/ranged/tconstruct_sinistral.json:/effects/2	sha256:a9875ac8991d109dcb62e15a6c2edf4925537322b64dc11266513d9354274d8c	Один уровень
mantle-book:tconstruct:puny_smelting:upgrades/ranged/tconstruct_sinistral.json:/effects/3	sha256:2c5a6b199713c11725e6f5ecda0f1e6006548abb77f03ac4e777bb2fb960a5b8	Требуется 1 слот для улучшений.
mantle-book:tconstruct:puny_smelting:upgrades/ranged/tconstruct_sinistral.json:/text/0/text	sha256:82de1ebc5bbc1eb7cc7a0778063559caa7bdf0ce62edacef9770cd5e62040d11	Вдвое больше луков — вдвое больше проблем.
mantle-book:tconstruct:puny_smelting:upgrades/ranged/tconstruct_trueshot.json:/effects/0	sha256:4483c5aa3897e6991efa0c2f74fc2e5c6ffa8a52999b2637478c2b531dcc1e08	Увеличивает точность выстрела снарядов.
mantle-book:tconstruct:puny_smelting:upgrades/ranged/tconstruct_trueshot.json:/effects/1	sha256:4c758236a54c78237cd831bd63f0ab2461d3f804bfedc89046192f1c8b64e7fd	Несколько уровней, каждый уровень еще больше увеличивает точность.
mantle-book:tconstruct:puny_smelting:upgrades/ranged/tconstruct_trueshot.json:/effects/2	sha256:6986ff1df5b4c2e99417171599bfc4b3a2cbf9fe1b3a22d4cb8db4e3eb1f3f17	Требуется 1 слот для улучшения на каждый уровень.
mantle-book:tconstruct:puny_smelting:upgrades/ranged/tconstruct_trueshot.json:/text/0/text	sha256:f63c7527b1d281fcb95dc5739edd3329be323ef99be8fa6699a1d058c6bb95b4	Нацельтесь на цель.
mantle-book:tconstruct:puny_smelting:worktable/extract_ability.json:/text/0/text	sha256:f591746ee4f111cde0fdb0c9fdabe4b43f7b2d2079471963879be4d1a7a44c14	Извлечение модификаторов умений из зачарованных инструментов — дорогостоящий процесс: нужны не только кристаллы ихора, но и алмаз. Даже сила ихора не спасает инструмент от уничтожения.
mantle-book:tconstruct:puny_smelting:worktable/extract_ability.json:/title	sha256:1054318ab36d576313661881c3ff107e842f8d820812ec196dd0589b2251a630	Извлечение умения
mantle-book:tconstruct:puny_smelting:worktable/extract_defense.json:/text/0/text	sha256:e6f1c697a0098a77dff9d4053b4dc36d1d3161072aac97ea4d1c31f180cda20a	Для извлечения модификаторов защиты из зачарованных книг или инструментов требуются кристаллы земляной слизи и золото. Процесс также нестабильен, что приводит к потере инструмента.
mantle-book:tconstruct:puny_smelting:worktable/extract_defense.json:/title	sha256:eb44182fd8e4047f50277523a87cccbb1d2b90ee3404c865cbc9e8cefd4f53f1	Извлечь защиту
mantle-book:tconstruct:puny_smelting:worktable/extract_enchantment.json:/text/0/text	sha256:54ee529080f6e6821bbe900c045af2dce84644aa1da4972d847fd9be7772697d	Ваш друг дал вам инструмент, использующий низкокачественное «зачарование»? Это не пустая трата места. Вы можете использовать кристаллы эндерслизи и дыхание дракона, чтобы превратить чары на инструменте или книге в кристалл-модификатор улучшения. Вы можете сделать это несколько раз, пока не снимете все чары с этого предмета.
mantle-book:tconstruct:puny_smelting:worktable/extract_enchantment.json:/title	sha256:e1dde66f27c3651c0c06298732c905a48d45e21fab6ac8d7501eec99c9fb943b	Извлечь чары
mantle-book:tconstruct:puny_smelting:worktable/extract_modifier.json:/text/0/text	sha256:759c97151fc09a34cbfa40ce52ac91c95c8eeb5eabc838823bd090312a7002e4	Хотите переместить этот модификатор в другой инструмент, а не удалять его? Просто используйте влажную губку и кристалл: небесную слизь для улучшений, земляную слизь для защиты, ихор для способностей, аметист для безслотовых или эндерслизь для чего угодно. Кристалл будет наполнен сущностью модификатора, которую можно будет применить к другому инструменту.
mantle-book:tconstruct:puny_smelting:worktable/extract_modifier.json:/title	sha256:aac7c9e7b5b84dce14dd9b138894bd53fdafe6cf11e74c2ba2b67c2501be0257	Извлечь модификаторы
mantle-book:tconstruct:puny_smelting:worktable/extract_upgrade.json:/text/0/text	sha256:a97d9ed316d53009ecf6a0dadaddacb47cd19b6e6421dcd38881ad80bf78893d	Что, ты еще не убил дракона Края? Хорошо, вы также можете использовать кристаллы небесной слизи и лазурит для извлечения чар. Это работает только с модификаторами улучшения и уничтожит инструмент или книгу после извлечения чар.
mantle-book:tconstruct:puny_smelting:worktable/extract_upgrade.json:/title	sha256:56574769310223175bd8b526421531e0502be2e0dd8472ed2b3f630b7dd148ea	Извлечение улучшения
mantle-book:tconstruct:puny_smelting:worktable/index.json:/subText	sha256:4ca152fd5aaf86c934ad71aa8d95bce5c0a91b5404c681474a1329ec0121f081	Рабочий стол модификаторов позволяет изменять модификаторы. Зачем? Словно они и без того были недостаточно запутанными!
mantle-book:tconstruct:puny_smelting:worktable/index.json:/title	sha256:dead182429e72c29f4253a0767969055e98b75116c9f6c389cd4b19b51a56539	Рабочий стол модификаторов
mantle-book:tconstruct:puny_smelting:worktable/invisible_ink.json:/text/0/text	sha256:cce00977591d5e47628f1e6cbcd2b91f3dea817581eefe5c5e1c3260d1dadcdf	Модификаторы вашего инструмента уродливы? Просто вылейте на него бутылку небесной слизи! По какой-то научной причине слизь взаимодействует с модификатором, делая его невидимым, сохраняя при этом свой эффект.
mantle-book:tconstruct:puny_smelting:worktable/invisible_ink.json:/title	sha256:15462a97ef59074a758e9adc50570b8148da191d8751d6d7f71ffe1c11068a12	Невидимые чернила
mantle-book:tconstruct:puny_smelting:worktable/modifier_worktable.json:/description/0/text	sha256:ba4e0162b6257c1e2c098f1c0c99a1d5bcec822de8f5eee78fa0afa447cd5f68	Чтобы начать модификацию модификатора, создайте рабочий стол из лучшего натурального камня.
mantle-book:tconstruct:puny_smelting:worktable/modifier_worktable.json:/title	sha256:dead182429e72c29f4253a0767969055e98b75116c9f6c389cd4b19b51a56539	Рабочий стол для модификаторов
mantle-book:tconstruct:puny_smelting:worktable/remove_modifiers.json:/text/0/text	sha256:03878df8b0434fab2911267ca4434fa301a48d901d0544fd5921730d88b73eee	Находя новые материалы, вы можете решить, что модификатор больше их не режет. Все, что вам нужно сделать, чтобы удалить его, это протереть влажной губкой. Нет губок? Тогда попробуйте яд паука. Удаление модификатора возвращает вам его слоты для модификаторов, но материал, который вы использовали для применения модификатора, теряется навсегда. Однако вы можете снова использовать губку.
mantle-book:tconstruct:puny_smelting:worktable/remove_modifiers.json:/title	sha256:658029909a5f4a937eff29a28955f0ad0d2f1129c7970b69e487902aa2c3298e	Удаление модификаторов
mantle-book:tconstruct:puny_smelting:worktable/sort_modifiers.json:/text/0/text	sha256:47ae668fc750acf477086d42fe7c18d54823a12f8768fc569230a97a53de451f	Хотя обычно компас намагничивает инструменты, вместо этого вы можете использовать магнит, чтобы изменить порядок модификаторов, не удаляя их. В отличие от невидимых чернил, это не просто искусство; Порядок модификаторов в инструменте позволяет изменить порядок запуска перекрывающихся модификаторов. Размещение компаса в верхнем слоте снижает приоритет модификатора, а в нижнем — повышает.
mantle-book:tconstruct:puny_smelting:worktable/sort_modifiers.json:/title	sha256:53c1ef583c8e85c4edaa38e64930400dee2f8f59700abf4cd7b196a1799b6420	Сортировка модификаторов
mantle-book:tconstruct:puny_smelting:worktable/toggle_interaction.json:/text/0/text	sha256:5bae0d813831504942d9fd33e111ab97ecee7eab79bb67cacf6b2151e6c0a97e	Рычаги переключают не только редстоун. Они также позволяют настроить модификаторы взаимодействия на слизневых посохах и удочках: срабатывание при использовании посоха можно заменить срабатыванием при атаке.
mantle-book:tconstruct:puny_smelting:worktable/toggle_interaction.json:/text/1/text	sha256:bd2e2a1a4613b60a4e302fc8a4e3f732d0ffa694903e4cb5761e20ca2c2ee6c0	Никогда не слышали о слизневом посохе? Тогда придётся прочесть книгу того зануды Мелвина.
mantle-book:tconstruct:puny_smelting:worktable/toggle_interaction.json:/title	sha256:1f56578bed1e8fdf7bc01c094d61bed3ab39229f5a755984587e8d99bcbea3f4	Переключение взаимодействия
mantle-book:tconstruct:puny_smelting:worktable/visible_ink.json:/text/0/text	sha256:92866c12ac38f9849ca8ebf8bf81224c1f193ce7d8923ce556954762cbfe8d09	О, передумали и хотите снова увидеть этот уродливый модификатор? К счастью для нерешительных людей, достаточно ведра молока, чтобы модификатор снова стал видимым.
mantle-book:tconstruct:puny_smelting:worktable/visible_ink.json:/title	sha256:b6870485577144525a1b42096f180cb70107033406faa98950370d3ddfdf8161	Видимые чернила
mantle-book:tconstruct:tinkers_gadgetry:ancient/material/armor.json:/title	sha256:b155d69ef437c7c81fc6ea736e8b4e1cabd91caa386e8c2960772a75bce3ab80	Древний — броня
mantle-book:tconstruct:tinkers_gadgetry:ancient/material/melee_harvest.json:/title	sha256:e0361a2a3a2844cf27f7f49505a92449bc43c726a8313daebf607a32ee745eb1	Древний — общий
mantle-book:tconstruct:tinkers_gadgetry:ancient/material/ranged.json:/title	sha256:b0455fc5fdd2c50bb4aa929de1ddf3b30f85fb4161d871da60c8dd82c805eb66	Древний — дальнего боя
mantle-book:tconstruct:tinkers_gadgetry:ancient/tconstruct_battlesign.json:/properties/0	sha256:94e083acedbb04c76b1cfc6bed39ee300aa54671507571e585cbabd971d966b6	Средний урон
mantle-book:tconstruct:tinkers_gadgetry:ancient/tconstruct_battlesign.json:/properties/1	sha256:d1bf9ccf51e071b2a5ccf3589ad66e3d5ae92720911c6d5c2cafa3d37f152c8e	Средний потенциал блокировки
mantle-book:tconstruct:tinkers_gadgetry:ancient/tconstruct_battlesign.json:/properties/2	sha256:9a7e003270efd7a93c547087f3c6f33976d8901e8c611c35d1d4a46ead3540fd	3 слота защиты
mantle-book:tconstruct:tinkers_gadgetry:ancient/tconstruct_battlesign.json:/properties/3	sha256:96106035c7b48be6bccf66ea8948c1f10586e20cade6c9933e3cc9aea4416b05	1 слот для умений
mantle-book:tconstruct:tinkers_gadgetry:ancient/tconstruct_battlesign.json:/text/0/text	sha256:4a56760c81f22c4279bb62297a2bc220592f7f4e93e88d49e3ac9d6f8314ca6d	Боевой знак представляет собой комбинацию оружия ближнего боя и щита. Обычно он находится в бастионах и может быть получен из пиглинов.
mantle-book:tconstruct:tinkers_gadgetry:ancient/tconstruct_melting_pan.json:/properties/0	sha256:e740b79284524be9aab20cabea371fa4777da3b55fdb17fecec29414561ce9b7	Добывает плавимые блоки
mantle-book:tconstruct:tinkers_gadgetry:ancient/tconstruct_melting_pan.json:/properties/1	sha256:6468c7091fdcd0fd812102ade7a3dc93b2e2c11518ab1cc24ba3959e6a5c40b5	Таяние+
mantle-book:tconstruct:tinkers_gadgetry:ancient/tconstruct_melting_pan.json:/properties/2	sha256:4edfff59e0b2e0665ed9b325f5c8a4096c3bc32a36350e7cf2c3050f089ad79e	1 слот защиты
mantle-book:tconstruct:tinkers_gadgetry:ancient/tconstruct_melting_pan.json:/properties/3	sha256:7b9e4cbd0f19ccd26985903d057223d3ac9d6c2b4568d0e252de4b44871c18b6	1 слот для улучшения
mantle-book:tconstruct:tinkers_gadgetry:ancient/tconstruct_melting_pan.json:/properties/4	sha256:ef94477eb5f7f7d0689ca799126ff23313b50dad46935733deab341898982d14	2 слота способностей
mantle-book:tconstruct:tinkers_gadgetry:ancient/tconstruct_melting_pan.json:/text/0/text	sha256:ffbc061ce57aee23d287070f2ed7d3d7bf0ebd1c6f60ddb57103c3a6eddc9193	Плавильный котел плавит блоки и хранит жидкость для применения посохом. Его можно найти в подземельях и иглу, получить с зомби или в подарок от жителей.
mantle-book:tconstruct:tinkers_gadgetry:ancient/tconstruct_minotaur_axe.json:/properties/0	sha256:944979d541c5a6162fa6b121656c25fab198fb21e0114cc930d3bbe6528e2443	Высокий урон
mantle-book:tconstruct:tinkers_gadgetry:ancient/tconstruct_minotaur_axe.json:/properties/1	sha256:08d75a0ca1a7eff67dc692706bf03a962ae16052c15d0bcc39bf62b9e259439e	Низкая скорость атаки.
mantle-book:tconstruct:tinkers_gadgetry:ancient/tconstruct_minotaur_axe.json:/properties/2	sha256:214507fd34299814478cf7238711329f3c223723513daa20d434522d4bcd7cb4	Дополнительный урон при зарядке
mantle-book:tconstruct:tinkers_gadgetry:ancient/tconstruct_minotaur_axe.json:/properties/3	sha256:a32fd0ca172734a802d52bc7baa037f7e3562413f37372bee2fdfa73352071f7	3 слота для улучшений
mantle-book:tconstruct:tinkers_gadgetry:ancient/tconstruct_minotaur_axe.json:/properties/4	sha256:96106035c7b48be6bccf66ea8948c1f10586e20cade6c9933e3cc9aea4416b05	1 слот для умений
mantle-book:tconstruct:tinkers_gadgetry:ancient/tconstruct_minotaur_axe.json:/text/0/text	sha256:ae9a31f5db23ec7c7278463df52c9fbcd328e5a3209e3afaa3fb293f16943e73	Топор минотавра — это особое оружие, которое увеличивает урон при атаке во время спринта. Его можно найти в руках минотавров из лабиринтов.
mantle-book:tconstruct:tinkers_gadgetry:ancient/tconstruct_swasher.json:/properties/0	sha256:94e083acedbb04c76b1cfc6bed39ee300aa54671507571e585cbabd971d966b6	Средний урон
mantle-book:tconstruct:tinkers_gadgetry:ancient/tconstruct_swasher.json:/properties/1	sha256:aa1581ce5c62e13a32146c54a5217d398cc73cfde41a8cfa64dff699d22e3df2	Высокая скорость атаки.
mantle-book:tconstruct:tinkers_gadgetry:ancient/tconstruct_swasher.json:/properties/2	sha256:b8eab691d99a9f41e5350b3767922616064d63739246e587c1a2af7ff1b2b69e	Жидкостный пистолет
mantle-book:tconstruct:tinkers_gadgetry:ancient/tconstruct_swasher.json:/properties/3	sha256:a32fd0ca172734a802d52bc7baa037f7e3562413f37372bee2fdfa73352071f7	3 слота для улучшений
mantle-book:tconstruct:tinkers_gadgetry:ancient/tconstruct_swasher.json:/properties/4	sha256:96106035c7b48be6bccf66ea8948c1f10586e20cade6c9933e3cc9aea4416b05	1 слот для умений
mantle-book:tconstruct:tinkers_gadgetry:ancient/tconstruct_swasher.json:/text/0/text	sha256:e61efcb82bf8d8cb1cae1cc45e62517add4e39de922ee52cce25e13404955fc3	Смыватель — это оружие ближнего боя с ручным жидкостным пистолетом; его можно найти в пиратских местах.
mantle-book:tconstruct:tinkers_gadgetry:ancient/tconstruct_war_pick.json:/properties/0	sha256:669e88b892901ad07af86803938f48b46c808de453bb61ffca043e89ac350306	Добывает каменные и похожие блоки
mantle-book:tconstruct:tinkers_gadgetry:ancient/tconstruct_war_pick.json:/properties/1	sha256:77209caf2c96169f8ff2c6aced2e768e1b1ad4778e4ed62f06e19f59618dc48d	Способность держать стрелу наготове к выстрелу
mantle-book:tconstruct:tinkers_gadgetry:ancient/tconstruct_war_pick.json:/properties/2	sha256:60b484a98bc198469955fc4eeafa02efc12101884e486cf70c9c741e619abb9c	Добыча блоков повышает скорость заряженной стрелы
mantle-book:tconstruct:tinkers_gadgetry:ancient/tconstruct_war_pick.json:/properties/3	sha256:a32fd0ca172734a802d52bc7baa037f7e3562413f37372bee2fdfa73352071f7	3 слота для улучшений
mantle-book:tconstruct:tinkers_gadgetry:ancient/tconstruct_war_pick.json:/properties/4	sha256:96106035c7b48be6bccf66ea8948c1f10586e20cade6c9933e3cc9aea4416b05	1 слот для умений
mantle-book:tconstruct:tinkers_gadgetry:ancient/tconstruct_war_pick.json:/text/0/text	sha256:3ab316f1de44e0f1d90b5e39137ed52499e624651389fd0902f99955b1ab6693	Боевая кирка сочетает кирку и арбалет. Её можно найти в заброшенных шахтах или получить от жителей и зловредов.
mantle-book:tconstruct:tinkers_gadgetry:armor/tconstruct_slime_boots.json:/properties/0	sha256:d47c6b5716a35c9f28ea110962a2e07ee95067c9fd0a1b2cf7be73caa0676879	Высокая прочность
mantle-book:tconstruct:tinkers_gadgetry:armor/tconstruct_slime_boots.json:/properties/1	sha256:481459eda3056e2692bdd0129dbc2210dac27a2cd1f6b7e8144579d155df9d5c	Нет брони и слотов защиты
mantle-book:tconstruct:tinkers_gadgetry:armor/tconstruct_slime_boots.json:/properties/2	sha256:e43f8a64d89bf42f381b8674f1e586d4b1d197bf4259ed7e6ae2bfdae1a42f02	5 слотов для улучшений
mantle-book:tconstruct:tinkers_gadgetry:armor/tconstruct_slime_boots.json:/properties/3	sha256:96106035c7b48be6bccf66ea8948c1f10586e20cade6c9933e3cc9aea4416b05	1 слот для умений
mantle-book:tconstruct:tinkers_gadgetry:armor/tconstruct_slime_boots.json:/properties/4	sha256:1396d9f052dfe19316cce30447feba5d42fad461e097460a6935947f25962ec5	Упругость и прыгучесть
mantle-book:tconstruct:tinkers_gadgetry:armor/tconstruct_slime_boots.json:/text/0/text	sha256:bda4d19baa3e2b9ebc5b496be8f143836f7094673b8a10f581b248d57d56eff7	В этих ботинках сила кролика сочетается со слизью, что позволяет вам с лёгкостью прыгать.
mantle-book:tconstruct:tinkers_gadgetry:armor/tconstruct_slime_boots.json:/text/1/text	sha256:def6f26c621967f006d9d8b108a7c92b2c5365ea4573055e49ef832207f08ad7	Чтобы создать эти фантастические ботинки, налейте эндер-слизь на кроличью лапку. Можно починить, используя кроличью шкурку.
mantle-book:tconstruct:tinkers_gadgetry:armor/tconstruct_slime_chestplate.json:/properties/0	sha256:d47c6b5716a35c9f28ea110962a2e07ee95067c9fd0a1b2cf7be73caa0676879	Высокая прочность
mantle-book:tconstruct:tinkers_gadgetry:armor/tconstruct_slime_chestplate.json:/properties/1	sha256:481459eda3056e2692bdd0129dbc2210dac27a2cd1f6b7e8144579d155df9d5c	Нет брони и слотов защиты
mantle-book:tconstruct:tinkers_gadgetry:armor/tconstruct_slime_chestplate.json:/properties/2	sha256:e43f8a64d89bf42f381b8674f1e586d4b1d197bf4259ed7e6ae2bfdae1a42f02	5 слотов для улучшений
mantle-book:tconstruct:tinkers_gadgetry:armor/tconstruct_slime_chestplate.json:/properties/3	sha256:96106035c7b48be6bccf66ea8948c1f10586e20cade6c9933e3cc9aea4416b05	1 слот для умений
mantle-book:tconstruct:tinkers_gadgetry:armor/tconstruct_slime_chestplate.json:/text/0/text	sha256:f9588e7be337697850ebb27e261dca2fbf182e6007e0c532af4e8dfd3f202fd0	Надоело ходить? Попробуйте полетать с этими футуристическими крыльями!
mantle-book:tconstruct:tinkers_gadgetry:armor/tconstruct_slime_chestplate.json:/text/1/text	sha256:ba4e0503083d4872cb83560200f8e72978f00d84c4187760337ed77b6e43dae7	Чтобы создать эти футуристические крылья, нужно просто вылить эндер-слизь на элитры. Можно починить с помощью мембран фантома.
mantle-book:tconstruct:tinkers_gadgetry:armor/tconstruct_slime_helmet.json:/properties/0	sha256:d47c6b5716a35c9f28ea110962a2e07ee95067c9fd0a1b2cf7be73caa0676879	Высокая прочность
mantle-book:tconstruct:tinkers_gadgetry:armor/tconstruct_slime_helmet.json:/properties/1	sha256:e43f8a64d89bf42f381b8674f1e586d4b1d197bf4259ed7e6ae2bfdae1a42f02	5 слотов для улучшений
mantle-book:tconstruct:tinkers_gadgetry:armor/tconstruct_slime_helmet.json:/properties/2	sha256:76216127fef16dbefaf09b70c8d044a01b9c9aa44c4605ae98d0b1f1fff38ee7	0 защитных слотов
mantle-book:tconstruct:tinkers_gadgetry:armor/tconstruct_slime_helmet.json:/properties/3	sha256:96106035c7b48be6bccf66ea8948c1f10586e20cade6c9933e3cc9aea4416b05	1 слот для умений
mantle-book:tconstruct:tinkers_gadgetry:armor/tconstruct_slime_helmet.json:/text/0/text	sha256:df3486656f9de0c7e606d1d72ea8df1ad6b5fa103c2ceb695d35d6157ebf15a3	Я обнаружил, что эндер-слизь можно использовать для имитации способностей монстров с соответствующим фокусом, например, черепа.
mantle-book:tconstruct:tinkers_gadgetry:armor/tconstruct_slime_helmet.json:/text/1/text	sha256:ed2b91407789e4e95b05fe3d05f1f48258db89b9104f48499d796f2b95e0a87d	Черепа, которые я тестировал, описаны в следующем разделе книги.
mantle-book:tconstruct:tinkers_gadgetry:armor/tconstruct_slime_leggings.json:/properties/0	sha256:d47c6b5716a35c9f28ea110962a2e07ee95067c9fd0a1b2cf7be73caa0676879	Высокая прочность
mantle-book:tconstruct:tinkers_gadgetry:armor/tconstruct_slime_leggings.json:/properties/1	sha256:481459eda3056e2692bdd0129dbc2210dac27a2cd1f6b7e8144579d155df9d5c	Нет брони и слотов защиты
mantle-book:tconstruct:tinkers_gadgetry:armor/tconstruct_slime_leggings.json:/properties/2	sha256:e43f8a64d89bf42f381b8674f1e586d4b1d197bf4259ed7e6ae2bfdae1a42f02	5 слотов для улучшений
mantle-book:tconstruct:tinkers_gadgetry:armor/tconstruct_slime_leggings.json:/properties/3	sha256:96106035c7b48be6bccf66ea8948c1f10586e20cade6c9933e3cc9aea4416b05	1 слот для умений
mantle-book:tconstruct:tinkers_gadgetry:armor/tconstruct_slime_leggings.json:/properties/4	sha256:222fb2696a49995de7f1d754820d8c3aa591f92ab159d78a641a8e68d956d5bb	Шалкерство
mantle-book:tconstruct:tinkers_gadgetry:armor/tconstruct_slime_leggings.json:/text/0/text	sha256:9dce30cf0a5c4e12a9a1f797591fea57173937eeba9bffb7a3fcb08f38ead0f5	Слизневые поножи - состоят из части для защиты и части для хранения, дающие лучшее из обеих способностей Шалкера.
mantle-book:tconstruct:tinkers_gadgetry:armor/tconstruct_slime_leggings.json:/text/1/text	sha256:610e02b775f6b001f0a877aab513845857005363b429e4a0516b7eb9e6ee0bde	Чтобы создать эти чудесные штаны, вылейте эндер-слизь на панцирь шалкера в резервуаре. Можно починить с помощью хоруса.
mantle-book:tconstruct:tinkers_gadgetry:exploration/cobalt_ore.json:/text/0/text	sha256:c306a766af34aa93932b1ae43f0b437322a227b4a9aa7d2f7110ee7b7a6ff591	Кобальтовая руда разбросана по всему Незеру. Чаще всего она встречается возле древних обломков на высоте от 8 до 32, хотя в меньших количествах попадается на любой высоте. Руда нередко выходит на поверхность, поэтому её легко заметить по характерному оттенку в стенах и потолке Незера.
mantle-book:tconstruct:tinkers_gadgetry:exploration/cobalt_ore.json:/title	sha256:76bdff6d797f5a8876e090930c6a675baba47803327bc24d7d672ba3c1c06a02	Кобальтовая руда
mantle-book:tconstruct:tinkers_gadgetry:exploration/cobalt_shard.json:/text/0/text	sha256:cbeae5a21a147d9eb7078d2851896d925e405cd9056b000a64cd312b4fd0d763	Осколки кобальта нельзя найти в слаймах, они появляются только в ихоровых жеодах. Они в первую очередь полезны как альтернативный источник руды.
mantle-book:tconstruct:tinkers_gadgetry:exploration/cobalt_shard.json:/title	sha256:3faa20b2ffd40d8b2505bf3c7cca47a059ab333dd21fc87c8873344c5d6bc500	Осколки кобальта
mantle-book:tconstruct:tinkers_gadgetry:exploration/dragon_scales.json:/text/0/text	sha256:3355a63b9853dea51ef416099368eed3a0d162badce925e05de5fc6ed599a8ca	Если поразить дракона Края взрывом, с него может выпасть чешуя. Проще всего разрушить кристалл Края, пока тот лечит дракона, хотя подойдёт и динамит. Мне пока не удалось добыть чешую, но, когда это произойдёт, Труул наверняка подскажет, как усилить ею инструменты.
mantle-book:tconstruct:tinkers_gadgetry:exploration/dragon_scales.json:/title	sha256:b49b6d5e0d2b8a97c06882d4ed4cdf552bb671c87aec0b8e0426f0b10341cb90	Чешуя Дракона
mantle-book:tconstruct:tinkers_gadgetry:exploration/geode/earthslime.json:/text/0/text	sha256:bd114af4f231dea873d7c3c0d9e6a31373fd6cda975c57d84dfe95c67c95d4bd	Жеоды земляной слизи залегают глубоко под землёй и бывают одними из самых крупных. Их часто можно узнать по окружающей глине.
mantle-book:tconstruct:tinkers_gadgetry:exploration/geode/earthslime.json:/title	sha256:0cb2021e6e56f42bd0320764579fa8f2b19fa42e694c952b43ba44b18ee38306	Слизневые жеоды
mantle-book:tconstruct:tinkers_gadgetry:exploration/geode/enderslime.json:/text/0/text	sha256:ef9c186f857df7ed35695d71c2dec0406bd96178856ec4fe43e04e547e6890f7	Эндер-слизневые жеоды можно найти вокруг отдалённых островков в Энде, как под землей, так и парящие сами по себе. Иногда трудно отличить жеоды от других скал, парящих в небе.
mantle-book:tconstruct:tinkers_gadgetry:exploration/geode/enderslime.json:/title	sha256:06af11ace41e46c1086ad04c535a814d32b61d3db5613c39c911b67c1e739574	Эндер-слизневые жеоды
mantle-book:tconstruct:tinkers_gadgetry:exploration/geode/ichor.json:/text/0/text	sha256:70a869e2f1a2a077cab63c3734d5cfe6a22ed4a42accaf900b56cb8e17ec9565	Ихоровые жеоды - один из лучших источников редкой оранжевой слизи. Они появляются на больших высотах в Незере, а их кристаллы светятся.
mantle-book:tconstruct:tinkers_gadgetry:exploration/geode/ichor.json:/title	sha256:5e1f720a5302d9565441d50b1a0d753560022e56ccbcc2227e701ea0b9e6d2d9	Ихоровые жеоды
mantle-book:tconstruct:tinkers_gadgetry:exploration/geode/skyslime.json:/text/0/text	sha256:3061a0194f794593f967985bf8e069c64e09f205edb338b0d5ba51bff7070285	Жеоды небесной слизи встречаются под землёй на большой высоте. Раньше они были обычны у поверхности, что намекает на космическое происхождение. Эти жеоды способствуют росту мха и иногда содержат сталь.
mantle-book:tconstruct:tinkers_gadgetry:exploration/geode/skyslime.json:/title	sha256:1580a79b010300dd1ed3e9c0be8578f7d1ba5fe41bc7ad7b63e5397d3344b70c	Небесные слизневые жеоды
mantle-book:tconstruct:tinkers_gadgetry:exploration/grass_seeds.json:/text/0/text	sha256:49bff5d976a080b96315a4b573e6c85044e98d6905014d938fb3bacbdb76c4db	Иногда, исследуя подземелья или крепости в Незере, я находил в сундуках слизневые семена. Я не знаю их происхождения, но если посадить их на обычный или слизневый дёрн, получится слизневый дёрн такого же качества, как если бы Вы пересадили его с одного из островов. Я также видел в этих сундуках слизневые саженцы, так что, возможно, Вы можете получить всю флору островов, ни разу не побывав на одном из них.
mantle-book:tconstruct:tinkers_gadgetry:exploration/grass_seeds.json:/title	sha256:1714cf9dd9e919bc49c8a2701528b90235a9e3127036777f97d04268dd751c7f	Слизневые семена
mantle-book:tconstruct:tinkers_gadgetry:exploration/index.json:/operations/0/data	sha256:e89b30aa1dc30a6ad8c34610689bede83b3ef645a24c3a84a0990826687fb735	Ресурсы
mantle-book:tconstruct:tinkers_gadgetry:exploration/index.json:/operations/2/data	sha256:9ea22d9740ace9e3f65827537e3281e891f998ad44fd5845a523e7b2829098db	Острова
mantle-book:tconstruct:tinkers_gadgetry:exploration/index.json:/operations/4/data	sha256:0f055d709d62c852e50a88da910996b13d9c35b697ef79fd2e2746bcae36f9c0	Жеоды
mantle-book:tconstruct:tinkers_gadgetry:exploration/index.json:/subText	sha256:c5cdafa340da314770e8bec0b6eae9940d6c504ca0c7f343d24820ec664cb911	Многие литейщики упоминают ресурсы, полезные для модификаторов или материалов для инструментов, но забывают рассказать, как их получить. К счастью, в своих путешествиях я нашел многие из них, поэтому могу передать вам свои находки.
mantle-book:tconstruct:tinkers_gadgetry:exploration/index.json:/title	sha256:f08e7f4a8d5c7b2a62ede2d1643527c2e823bd454f9e8c632d4f55db0f3a3cc0	Исследования
mantle-book:tconstruct:tinkers_gadgetry:exploration/island/blood.json:/text/0/text	sha256:c7e434883519720fbb9ad86273388e78105c3f3b1dbfbae9dc56a315a84e3be4	Эти кроваво-красные острова иногда встречаются в лавовых океанах Незера. На них, как правило, концентрация магмовых кубов выше, чем в остальной части Незера, а также встречается странный вид гриба, который, похоже, является источником ихора.
mantle-book:tconstruct:tinkers_gadgetry:exploration/island/blood.json:/title	sha256:d67da5d117ca31c655d6a43e98c89d86980824f326eb56acc4f4acde2b6d81b5	Кровавые острова
mantle-book:tconstruct:tinkers_gadgetry:exploration/island/clay.json:/text/0/text	sha256:eca9030bb671c22ac798c558d6b6ecbd7731124926508cd1045365918fa48355	"Глиняные острова странные по сравнению с остальными, так как они больше похожи на обычный мир, чем на слизь. На этих островах иногда появляется странная глиняная слизь, которую я назвал ""Глиняные Кубы"". Они не могут прыгать очень высоко и, похоже, привязаны к темноте, как и многие другие монстры."
mantle-book:tconstruct:tinkers_gadgetry:exploration/island/clay.json:/title	sha256:ba558963140e11ba50962afa0ac9b177f8a9c4c791a8bda0247e77f5a4325097	Глиняные острова
mantle-book:tconstruct:tinkers_gadgetry:exploration/island/earthslime.json:/text/0/text	sha256:da50486cfc1abbcbe08debf94361ed15f0dbf55ff511dc291ae9bba1732edc9e	Обычные слизневые острова иногда встречаются в океанах, выглядя менее чужеродными, чем их небесные родственники. Это не единственный способ найти распространенный зелёный вариант слизи, хотя из-за травы они появляются гораздо чаще.
mantle-book:tconstruct:tinkers_gadgetry:exploration/island/earthslime.json:/title	sha256:ba9b0c252a3c2f5a3133aea976c9806cdb84eb75ac703984fc863629e7d7015e	Слизневые острова
mantle-book:tconstruct:tinkers_gadgetry:exploration/island/enderslime.json:/text/0/text	sha256:5e45a0511a722a004ede1b6ffbc221611eb866861cc5dc85e7d794de4cbdfceb	Острова эндер-слизи встречаются среди дальних островов Края и служат местом размножения эндер-слизней. Думаю, прежде они были небесными слизнями, пока странствия не привели их в Край. Иногда на островах попадается металл из их путешествий.
mantle-book:tconstruct:tinkers_gadgetry:exploration/island/enderslime.json:/title	sha256:8596029965ba2cc0bb8163a0c609133f73a0fc8e71269f56090529b76a0a7da4	Эндер-слизневые острова
mantle-book:tconstruct:tinkers_gadgetry:exploration/island/skyslime.json:/text/0/text	sha256:d4a17bfef5f271e59a7d79ab8e766eecab6ccc002f423186d2750da43c196279	Острова небесной слизи встречаются в обычном мире: парят над сушей или лежат в океане. По легенде, небесные слизни вторглись из другого мира, хотя теперь чаще всего встречаются у травы небесной слизи. Они искусно куют сталь.
mantle-book:tconstruct:tinkers_gadgetry:exploration/island/skyslime.json:/title	sha256:b89512cf00d6d3ffd2586ce960a5aa9259ec53c2a8c0c614b646758a2aa9dfad	Небесные слизневые острова
mantle-book:tconstruct:tinkers_gadgetry:exploration/knightmetal_shard.json:/text/0/text	sha256:d99a365149796e6a027ef19fcdaa4335b4886cb6964f66e156c8954ec5bea375	Как и стальные осколки, осколки рыцарского металла в основном получают из слизи, хотя в данном случае это слизи с сердцевиной из рыцарского металла. Точно так же их можно найти в жеодах из эндерслизи, которые снова не отрастают после сбора урожая. Эти металлические осколки также могут находиться в Сумеречном лесу, хотя для многих знания о том, как попасть в это измерение, утеряны.
mantle-book:tconstruct:tinkers_gadgetry:exploration/knightmetal_shard.json:/title	sha256:a2a3c30f30b06a5976ada73b028c8a8318c0a3c145544ec048b537b46474c872	Осколки рыцарского металла
mantle-book:tconstruct:tinkers_gadgetry:exploration/necrotic_bones.json:/text/0/text	sha256:be12ea28ed858510ff9502c2f02fb47727a56aaba2574df8455348b39e0b9964	Кости визер-скелетов, похоже, обладают уникальными свойствами по сравнению с костями обычных скелетов. Селена и Немея сумели создать из них инструменты, а Труул использовал их в некоторых умных модификаторах. Я работаю над созданием порошка, похожего на костную муку, поскольку хочу посмотреть, какой эффект кости, пропитанные иссушением, окажут на растения.
mantle-book:tconstruct:tinkers_gadgetry:exploration/necrotic_bones.json:/title	sha256:03e861ce4121d7eac10303cc60769fd87bef8323ca8dc3a9209e8e9ef52c4dc2	Некротические кости
mantle-book:tconstruct:tinkers_gadgetry:exploration/steel_shard.json:/text/0/text	sha256:3016ba4984d41ea3beeceaf927c0bc602443bedc60113f03b9e4d7508b43408c	Стальные осколки выпадают из необычных небесных слизней, имеющих стальное ядро. Их также иногда можно найти в жеодах из небесной или земляной слизи, хотя они не вырастут заново. Помимо осколков, сталь также можно получить как побочный продукт железной руды, хотя это не позволит вам воссоздать стальные осколки для наконечников стрел.
mantle-book:tconstruct:tinkers_gadgetry:exploration/steel_shard.json:/title	sha256:8001deda1550bfb1cc432eb3287039b072947cd3753151e9b96a7539e35bfaf1	Стальные осколки
mantle-book:tconstruct:tinkers_gadgetry:gadgets/cake.json:/text/0/text	sha256:98a7a73f2c9c60f8727f9bbc37b84b9f2d840c5c7c2053c36648ebeafedfcedb	Слизневая трава отлично заменяет пшеницу в торте, а жидкая слизь превращается в глазурь с необычным вкусом. Торты не самые вкусные, но после торта из небесной слизи я прыгаю выше, а торт из магмы ослабляет действие огня. Интересно, что дадут торты из эндер-слизи и земляной слизи...
mantle-book:tconstruct:tinkers_gadgetry:gadgets/cake.json:/title	sha256:7e6c16afa15b724912a1d961de2be6ed179f81801b36640d6a079de1417b4b2a	Слизневые торты
mantle-book:tconstruct:tinkers_gadgetry:gadgets/fancy_frame.json:/text/0/text	sha256:31fd0abd6cb2e4a1dda2276866daae37a7d1b3965cbb3f026325ca8feb78c53b	Используя более редкие металлы, мне удалось создать варианты рамок с уникальными свойствами.
mantle-book:tconstruct:tinkers_gadgetry:gadgets/fancy_frame.json:/title	sha256:2fe0e63f53a3c399281efe1d7ad2a7dae23df64010135c6f34ed495e7dd5b7f1	Необычные рамки
mantle-book:tconstruct:tinkers_gadgetry:gadgets/fancy_frame_details.json:/text/0/text	sha256:2fbb4ced7b04b7c4f59d2a11e829b3f697ee6ca1319fcd33cbd9f463fbf8fdf7	• Прозрачная: становится невидимой, когда внутрь помещён предмет; если рамка заполнена и вы не приседаете, можно взаимодействовать с блоком за ней.
mantle-book:tconstruct:tinkers_gadgetry:gadgets/fancy_frame_details.json:/text/2/text	sha256:a3cd11b4ac978bc6bc4c1575a5b7d95d1d2b34f1d8e7d939bb31264bd1dbdfdd	• Золотая: автоматически и постепенно поворачивает предмет. Крафт с редстоуновым факелом меняет направление вращения.
mantle-book:tconstruct:tinkers_gadgetry:gadgets/fancy_frame_details.json:/text/4/text	sha256:f6ecf430edc733101683e4fe75e533c9ca89263cf63119d0d59914c2c1247a5c	• Алмазная: постепенно уменьшает поворот, пока предмет не окажется вертикально.
mantle-book:tconstruct:tinkers_gadgetry:gadgets/fancy_frame_details.json:/text/6/text	sha256:ee042e8bdd2134e89313cf4f7fb2842ae13fb2addecdcc90121061af189dd80b	• Манюллин: Всегда кажется полностью освещенным, даже в темноте.
mantle-book:tconstruct:tinkers_gadgetry:gadgets/fancy_frame_details.json:/text/8/text	sha256:6f76e647c56e0fd44ccb3aaaf246df3eafc80538ba1e1d2f2e99d484f439756b	• Незерит: устойчив к огню и взрывам.
mantle-book:tconstruct:tinkers_gadgetry:gadgets/fancy_frame_details.json:/text/9/text	sha256:c3ac87ac0cfa2cb227bfef98d660423bca32aef5cc9eff1dc01dc83b52301d0f	Алмазная, маньюллиновая и незеритовая рамки поддерживают вдвое больше углов поворота, чем остальные.
mantle-book:tconstruct:tinkers_gadgetry:gadgets/fancy_frame_details.json:/title	sha256:2fe0e63f53a3c399281efe1d7ad2a7dae23df64010135c6f34ed495e7dd5b7f1	Необычные рамки для предметов
mantle-book:tconstruct:tinkers_gadgetry:gadgets/index.json:/subText	sha256:4aff029b6370583a7b47f2116b3b90e2bda174f72d37f3a1710f349a24d05109	Объединяя слизь и различные другие материалы, к которым у меня есть доступ, я создал несколько изящных приспособлений, полезных как для литейщиков, так и для не-литейщиков.
mantle-book:tconstruct:tinkers_gadgetry:gadgets/index.json:/title	sha256:4be9d221d795080ca122599bfb19f46d4f0ebfc3ec7cb3f4531a4a09ccda2b7a	Гаджеты
mantle-book:tconstruct:tinkers_gadgetry:gadgets/melvin.json:/text/0/text	sha256:1c6aa5fce5f05f436de7db6b033f19d7b7fea0f7d5f5b685705010e12250eed1	˙uʍop-ǝpᴉsdn ʞooq ǝɥʇ ƃuᴉploɥ ǝɹɐ noʎ ǝǝƃ llǝM
mantle-book:tconstruct:tinkers_gadgetry:gadgets/melvin.json:/title	sha256:2b2dc51b83e005e527cbe313affaf42b26c138b587683e0762a5d4ec39ba3212	uᴉʌlǝW
mantle-book:tconstruct:tinkers_gadgetry:gadgets/piggybackpack.json:/text/0/text	sha256:bfb21f54bed5a3043ff5ddb6f4598ada981af81884a5212b20fbcbbefb8a399a	Используя свино-рюкзак на мобе, вы можете поднять его, чтобы он прокатился на Вас, что идеально подходит, когда ваша свинья устает во время долгих путешествий. В них также удобно подбрасывать монстров в плавильню. Я успешно носил до 3 свин-рюкзаков одновременно, хотя с таким количеством наездников трудно ходить.
mantle-book:tconstruct:tinkers_gadgetry:gadgets/piggybackpack.json:/title	sha256:ad3d2cb1bf444bbdeb46600d21f49cf7a2a574e4d15ff2a38e7881d6d4d6f200	Свино-рюкзак
mantle-book:tconstruct:tinkers_gadgetry:intro.json:/text/0/text	sha256:99a672042d791d2b6ecba39c228ee55e7e78072a5b0fb060badd62be1672d5d7	Привет, начинающий или уже опытный литейщик. Меня зовут Мелвин. Однажды я упал в бассейн из слизи, и с тех пор я не перестаю экспериментировать со слизью. Хотя я ещё не мастер литейщик, я надеюсь, что некоторые из моих открытий однажды приведут к тому, что меня примут в их ряды.
mantle-book:tconstruct:tinkers_gadgetry:intro.json:/text/1/text	sha256:d5f50dbf5ae304e76e5b6d526921b02524dce4daaa8f99fbf5ef89fc095f8341	В этой книге описаны созданные мною изобретения, мои попытки открыть новые модификаторы, а также некоторые из моих путешествий по изучению всех видов слизи. Надеюсь, это поможет вам в вашем стремлении овладеть как изготовлением инструментов, так и слизью в мире.
mantle-book:tconstruct:tinkers_gadgetry:intro.json:/title	sha256:b170cf623e497dac0060488fb51182c6fbc0d1109f44c0a310ab0e68d7854c3f	Руководство Мелвина по гаджетам
mantle-book:tconstruct:tinkers_gadgetry:staffs/tconstruct_earth_staff.json:/properties/0	sha256:300c8064e9e3f9a0304dcc58045863c69a352cdd600311e53fde329348cc245c	Средняя прочность
mantle-book:tconstruct:tinkers_gadgetry:staffs/tconstruct_earth_staff.json:/properties/1	sha256:2b81cd5b0166137585fede4626d22120c23777d557baa1bfbd658ba834672436	2 слота для улучшений
mantle-book:tconstruct:tinkers_gadgetry:staffs/tconstruct_earth_staff.json:/properties/2	sha256:9a7e003270efd7a93c547087f3c6f33976d8901e8c611c35d1d4a46ead3540fd	3 слота защиты
mantle-book:tconstruct:tinkers_gadgetry:staffs/tconstruct_earth_staff.json:/properties/3	sha256:ef94477eb5f7f7d0689ca799126ff23313b50dad46935733deab341898982d14	2 слота способностей
mantle-book:tconstruct:tinkers_gadgetry:staffs/tconstruct_earth_staff.json:/text/0/text	sha256:9c51d195349f0be818347dbf2eaeefab88d0a649792946bf5af0632617d3390d	Сила зелёной слизи позволяет создать самый защитный магический посох. У него выше потенциал блокирования и точность, но ниже сила снаряда.
mantle-book:tconstruct:tinkers_gadgetry:staffs/tconstruct_ender_staff.json:/properties/0	sha256:d47c6b5716a35c9f28ea110962a2e07ee95067c9fd0a1b2cf7be73caa0676879	Высокая прочность
mantle-book:tconstruct:tinkers_gadgetry:staffs/tconstruct_ender_staff.json:/properties/1	sha256:a32fd0ca172734a802d52bc7baa037f7e3562413f37372bee2fdfa73352071f7	3 слота для улучшений
mantle-book:tconstruct:tinkers_gadgetry:staffs/tconstruct_ender_staff.json:/properties/2	sha256:2dbc56cfc47c7ffb41da0ffa119e79a2c0622e21d2d50e4891c012b9102ae585	1 слот защиты
mantle-book:tconstruct:tinkers_gadgetry:staffs/tconstruct_ender_staff.json:/properties/3	sha256:ef94477eb5f7f7d0689ca799126ff23313b50dad46935733deab341898982d14	2 слота способностей
mantle-book:tconstruct:tinkers_gadgetry:staffs/tconstruct_ender_staff.json:/properties/4	sha256:f5b5e5f8999d3a86bec850c8b373f8d6aa8447a874848e1f7aeca099ed97ed7f	Дальность II
mantle-book:tconstruct:tinkers_gadgetry:staffs/tconstruct_ender_staff.json:/text/0/text	sha256:fa3c4648b6be72369de3c30a46098838e34db82c1b35c72320f5490818981ce0	Используя силу слизи Края, вы можете сделать посох для захвата далеких целей. Имеет более высокую мощность снаряда, но худшую точность.
mantle-book:tconstruct:tinkers_gadgetry:staffs/tconstruct_ichor_staff.json:/properties/0	sha256:d47c6b5716a35c9f28ea110962a2e07ee95067c9fd0a1b2cf7be73caa0676879	Высокая прочность
mantle-book:tconstruct:tinkers_gadgetry:staffs/tconstruct_ichor_staff.json:/properties/1	sha256:2b81cd5b0166137585fede4626d22120c23777d557baa1bfbd658ba834672436	2 слота для улучшений
mantle-book:tconstruct:tinkers_gadgetry:staffs/tconstruct_ichor_staff.json:/properties/2	sha256:439f36c14f08e607ec2119b8ee3f5571d481955737318da082fe9099b6afea3c	3 слота способностей
mantle-book:tconstruct:tinkers_gadgetry:staffs/tconstruct_ichor_staff.json:/text/0/text	sha256:155ca14e5063550c556d8ea1a85881b76084a361a3347c1cfcac2da594b85566	Ихор редок, но позволяет создавать одни из самых сильных посохов. Он повышает скорость снаряда ценой скорости натяжения.
mantle-book:tconstruct:tinkers_gadgetry:staffs/tconstruct_sky_staff.json:/properties/0	sha256:3306501429e2c42fa96aaf0d597928b64b2033ff3181d6c1e26a8bd233065727	Низкая прочность
mantle-book:tconstruct:tinkers_gadgetry:staffs/tconstruct_sky_staff.json:/properties/1	sha256:e43f8a64d89bf42f381b8674f1e586d4b1d197bf4259ed7e6ae2bfdae1a42f02	5 слотов для улучшений
mantle-book:tconstruct:tinkers_gadgetry:staffs/tconstruct_sky_staff.json:/properties/2	sha256:ef94477eb5f7f7d0689ca799126ff23313b50dad46935733deab341898982d14	2 слота способностей
mantle-book:tconstruct:tinkers_gadgetry:staffs/tconstruct_sky_staff.json:/text/0/text	sha256:e3a2948bbb3e74b40f8c00c8e3667ffdd5bd4115228bccd84e6baa29de0626a6	Посох из небесной слизи оставляет много места для модификаций. Он быстрее натягивается, но его снаряды летят медленнее.
