namespace	key	en_us	current_ru	proposed_ru	reason
enderio	block.enderio.aversion_obelisk	Aversion Obelisk		Обелиск отпугивания	Русское имя отсутствует.
enderio	item.enderio.clear_glass_a	Clear Glass (Animals Pass)		Чистое стекло (проходят животные)	В en_us и ru_ru отсутствует имя варианта; восстановлено по суффиксу свойств и цвета.
enderio	item.enderio.clear_glass_a_black	Black Clear Glass (Animals Pass)		Чёрное чистое стекло (проходят животные)	В en_us и ru_ru отсутствует имя варианта; восстановлено по суффиксу свойств и цвета.
enderio	item.enderio.clear_glass_a_blue	Blue Clear Glass (Animals Pass)		Синее чистое стекло (проходят животные)	В en_us и ru_ru отсутствует имя варианта; восстановлено по суффиксу свойств и цвета.
enderio	item.enderio.clear_glass_a_brown	Brown Clear Glass (Animals Pass)		Коричневое чистое стекло (проходят животные)	В en_us и ru_ru отсутствует имя варианта; восстановлено по суффиксу свойств и цвета.
enderio	item.enderio.clear_glass_a_cyan	Cyan Clear Glass (Animals Pass)		Бирюзовое чистое стекло (проходят животные)	В en_us и ru_ru отсутствует имя варианта; восстановлено по суффиксу свойств и цвета.
enderio	item.enderio.clear_glass_a_gray	Gray Clear Glass (Animals Pass)		Серое чистое стекло (проходят животные)	В en_us и ru_ru отсутствует имя варианта; восстановлено по суффиксу свойств и цвета.
enderio	item.enderio.clear_glass_a_green	Green Clear Glass (Animals Pass)		Зелёное чистое стекло (проходят животные)	В en_us и ru_ru отсутствует имя варианта; восстановлено по суффиксу свойств и цвета.
enderio	item.enderio.clear_glass_a_light_blue	Light Blue Clear Glass (Animals Pass)		Голубое чистое стекло (проходят животные)	В en_us и ru_ru отсутствует имя варианта; восстановлено по суффиксу свойств и цвета.
enderio	item.enderio.clear_glass_a_light_gray	Light Gray Clear Glass (Animals Pass)		Светло-серое чистое стекло (проходят животные)	В en_us и ru_ru отсутствует имя варианта; восстановлено по суффиксу свойств и цвета.
enderio	item.enderio.clear_glass_a_lime	Lime Clear Glass (Animals Pass)		Лаймовое чистое стекло (проходят животные)	В en_us и ru_ru отсутствует имя варианта; восстановлено по суффиксу свойств и цвета.
enderio	item.enderio.clear_glass_a_magenta	Magenta Clear Glass (Animals Pass)		Пурпурное чистое стекло (проходят животные)	В en_us и ru_ru отсутствует имя варианта; восстановлено по суффиксу свойств и цвета.
enderio	item.enderio.clear_glass_a_orange	Orange Clear Glass (Animals Pass)		Оранжевое чистое стекло (проходят животные)	В en_us и ru_ru отсутствует имя варианта; восстановлено по суффиксу свойств и цвета.
enderio	item.enderio.clear_glass_a_pink	Pink Clear Glass (Animals Pass)		Розовое чистое стекло (проходят животные)	В en_us и ru_ru отсутствует имя варианта; восстановлено по суффиксу свойств и цвета.
enderio	item.enderio.clear_glass_a_purple	Purple Clear Glass (Animals Pass)		Фиолетовое чистое стекло (проходят животные)	В en_us и ru_ru отсутствует имя варианта; восстановлено по суффиксу свойств и цвета.
enderio	item.enderio.clear_glass_a_red	Red Clear Glass (Animals Pass)		Красное чистое стекло (проходят животные)	В en_us и ru_ru отсутствует имя варианта; восстановлено по суффиксу свойств и цвета.
enderio	item.enderio.clear_glass_a_white	White Clear Glass (Animals Pass)		Белое чистое стекло (проходят животные)	В en_us и ru_ru отсутствует имя варианта; восстановлено по суффиксу свойств и цвета.
enderio	item.enderio.clear_glass_a_yellow	Yellow Clear Glass (Animals Pass)		Жёлтое чистое стекло (проходят животные)	В en_us и ru_ru отсутствует имя варианта; восстановлено по суффиксу свойств и цвета.
enderio	item.enderio.clear_glass_da	Dark Clear Glass (Animals Pass)		Затеняющее чистое стекло (проходят животные)	В en_us и ru_ru отсутствует имя варианта; восстановлено по суффиксу свойств и цвета.
enderio	item.enderio.clear_glass_da_black	Black Dark Clear Glass (Animals Pass)		Чёрное затеняющее чистое стекло (проходят животные)	В en_us и ru_ru отсутствует имя варианта; восстановлено по суффиксу свойств и цвета.
enderio	item.enderio.clear_glass_da_blue	Blue Dark Clear Glass (Animals Pass)		Синее затеняющее чистое стекло (проходят животные)	В en_us и ru_ru отсутствует имя варианта; восстановлено по суффиксу свойств и цвета.
enderio	item.enderio.clear_glass_da_brown	Brown Dark Clear Glass (Animals Pass)		Коричневое затеняющее чистое стекло (проходят животные)	В en_us и ru_ru отсутствует имя варианта; восстановлено по суффиксу свойств и цвета.
enderio	item.enderio.clear_glass_da_cyan	Cyan Dark Clear Glass (Animals Pass)		Бирюзовое затеняющее чистое стекло (проходят животные)	В en_us и ru_ru отсутствует имя варианта; восстановлено по суффиксу свойств и цвета.
enderio	item.enderio.clear_glass_da_gray	Gray Dark Clear Glass (Animals Pass)		Серое затеняющее чистое стекло (проходят животные)	В en_us и ru_ru отсутствует имя варианта; восстановлено по суффиксу свойств и цвета.
enderio	item.enderio.clear_glass_da_green	Green Dark Clear Glass (Animals Pass)		Зелёное затеняющее чистое стекло (проходят животные)	В en_us и ru_ru отсутствует имя варианта; восстановлено по суффиксу свойств и цвета.
enderio	item.enderio.clear_glass_da_light_blue	Light Blue Dark Clear Glass (Animals Pass)		Голубое затеняющее чистое стекло (проходят животные)	В en_us и ru_ru отсутствует имя варианта; восстановлено по суффиксу свойств и цвета.
enderio	item.enderio.clear_glass_da_light_gray	Light Gray Dark Clear Glass (Animals Pass)		Светло-серое затеняющее чистое стекло (проходят животные)	В en_us и ru_ru отсутствует имя варианта; восстановлено по суффиксу свойств и цвета.
enderio	item.enderio.clear_glass_da_lime	Lime Dark Clear Glass (Animals Pass)		Лаймовое затеняющее чистое стекло (проходят животные)	В en_us и ru_ru отсутствует имя варианта; восстановлено по суффиксу свойств и цвета.
enderio	item.enderio.clear_glass_da_magenta	Magenta Dark Clear Glass (Animals Pass)		Пурпурное затеняющее чистое стекло (проходят животные)	В en_us и ru_ru отсутствует имя варианта; восстановлено по суффиксу свойств и цвета.
enderio	item.enderio.clear_glass_da_orange	Orange Dark Clear Glass (Animals Pass)		Оранжевое затеняющее чистое стекло (проходят животные)	В en_us и ru_ru отсутствует имя варианта; восстановлено по суффиксу свойств и цвета.
enderio	item.enderio.clear_glass_da_pink	Pink Dark Clear Glass (Animals Pass)		Розовое затеняющее чистое стекло (проходят животные)	В en_us и ru_ru отсутствует имя варианта; восстановлено по суффиксу свойств и цвета.
enderio	item.enderio.clear_glass_da_purple	Purple Dark Clear Glass (Animals Pass)		Фиолетовое затеняющее чистое стекло (проходят животные)	В en_us и ru_ru отсутствует имя варианта; восстановлено по суффиксу свойств и цвета.
enderio	item.enderio.clear_glass_da_red	Red Dark Clear Glass (Animals Pass)		Красное затеняющее чистое стекло (проходят животные)	В en_us и ru_ru отсутствует имя варианта; восстановлено по суффиксу свойств и цвета.
enderio	item.enderio.clear_glass_da_white	White Dark Clear Glass (Animals Pass)		Белое затеняющее чистое стекло (проходят животные)	В en_us и ru_ru отсутствует имя варианта; восстановлено по суффиксу свойств и цвета.
enderio	item.enderio.clear_glass_da_yellow	Yellow Dark Clear Glass (Animals Pass)		Жёлтое затеняющее чистое стекло (проходят животные)	В en_us и ru_ru отсутствует имя варианта; восстановлено по суффиксу свойств и цвета.
enderio	item.enderio.clear_glass_dm	Dark Clear Glass (Monsters Pass)		Затеняющее чистое стекло (проходят монстры)	В en_us и ru_ru отсутствует имя варианта; восстановлено по суффиксу свойств и цвета.
enderio	item.enderio.clear_glass_dm_black	Black Dark Clear Glass (Monsters Pass)		Чёрное затеняющее чистое стекло (проходят монстры)	В en_us и ru_ru отсутствует имя варианта; восстановлено по суффиксу свойств и цвета.
enderio	item.enderio.clear_glass_dm_blue	Blue Dark Clear Glass (Monsters Pass)		Синее затеняющее чистое стекло (проходят монстры)	В en_us и ru_ru отсутствует имя варианта; восстановлено по суффиксу свойств и цвета.
enderio	item.enderio.clear_glass_dm_brown	Brown Dark Clear Glass (Monsters Pass)		Коричневое затеняющее чистое стекло (проходят монстры)	В en_us и ru_ru отсутствует имя варианта; восстановлено по суффиксу свойств и цвета.
enderio	item.enderio.clear_glass_dm_cyan	Cyan Dark Clear Glass (Monsters Pass)		Бирюзовое затеняющее чистое стекло (проходят монстры)	В en_us и ru_ru отсутствует имя варианта; восстановлено по суффиксу свойств и цвета.
enderio	item.enderio.clear_glass_dm_gray	Gray Dark Clear Glass (Monsters Pass)		Серое затеняющее чистое стекло (проходят монстры)	В en_us и ru_ru отсутствует имя варианта; восстановлено по суффиксу свойств и цвета.
enderio	item.enderio.clear_glass_dm_green	Green Dark Clear Glass (Monsters Pass)		Зелёное затеняющее чистое стекло (проходят монстры)	В en_us и ru_ru отсутствует имя варианта; восстановлено по суффиксу свойств и цвета.
enderio	item.enderio.clear_glass_dm_light_blue	Light Blue Dark Clear Glass (Monsters Pass)		Голубое затеняющее чистое стекло (проходят монстры)	В en_us и ru_ru отсутствует имя варианта; восстановлено по суффиксу свойств и цвета.
enderio	item.enderio.clear_glass_dm_light_gray	Light Gray Dark Clear Glass (Monsters Pass)		Светло-серое затеняющее чистое стекло (проходят монстры)	В en_us и ru_ru отсутствует имя варианта; восстановлено по суффиксу свойств и цвета.
enderio	item.enderio.clear_glass_dm_lime	Lime Dark Clear Glass (Monsters Pass)		Лаймовое затеняющее чистое стекло (проходят монстры)	В en_us и ru_ru отсутствует имя варианта; восстановлено по суффиксу свойств и цвета.
enderio	item.enderio.clear_glass_dm_magenta	Magenta Dark Clear Glass (Monsters Pass)		Пурпурное затеняющее чистое стекло (проходят монстры)	В en_us и ru_ru отсутствует имя варианта; восстановлено по суффиксу свойств и цвета.
enderio	item.enderio.clear_glass_dm_orange	Orange Dark Clear Glass (Monsters Pass)		Оранжевое затеняющее чистое стекло (проходят монстры)	В en_us и ru_ru отсутствует имя варианта; восстановлено по суффиксу свойств и цвета.
enderio	item.enderio.clear_glass_dm_pink	Pink Dark Clear Glass (Monsters Pass)		Розовое затеняющее чистое стекло (проходят монстры)	В en_us и ru_ru отсутствует имя варианта; восстановлено по суффиксу свойств и цвета.
enderio	item.enderio.clear_glass_dm_purple	Purple Dark Clear Glass (Monsters Pass)		Фиолетовое затеняющее чистое стекло (проходят монстры)	В en_us и ru_ru отсутствует имя варианта; восстановлено по суффиксу свойств и цвета.
enderio	item.enderio.clear_glass_dm_red	Red Dark Clear Glass (Monsters Pass)		Красное затеняющее чистое стекло (проходят монстры)	В en_us и ru_ru отсутствует имя варианта; восстановлено по суффиксу свойств и цвета.
enderio	item.enderio.clear_glass_dm_white	White Dark Clear Glass (Monsters Pass)		Белое затеняющее чистое стекло (проходят монстры)	В en_us и ru_ru отсутствует имя варианта; восстановлено по суффиксу свойств и цвета.
enderio	item.enderio.clear_glass_dm_yellow	Yellow Dark Clear Glass (Monsters Pass)		Жёлтое затеняющее чистое стекло (проходят монстры)	В en_us и ru_ru отсутствует имя варианта; восстановлено по суффиксу свойств и цвета.
enderio	item.enderio.clear_glass_dna	Dark Clear Glass (Animals Blocked)		Затеняющее чистое стекло (животные не проходят)	В en_us и ru_ru отсутствует имя варианта; восстановлено по суффиксу свойств и цвета.
enderio	item.enderio.clear_glass_dna_black	Black Dark Clear Glass (Animals Blocked)		Чёрное затеняющее чистое стекло (животные не проходят)	В en_us и ru_ru отсутствует имя варианта; восстановлено по суффиксу свойств и цвета.
enderio	item.enderio.clear_glass_dna_blue	Blue Dark Clear Glass (Animals Blocked)		Синее затеняющее чистое стекло (животные не проходят)	В en_us и ru_ru отсутствует имя варианта; восстановлено по суффиксу свойств и цвета.
enderio	item.enderio.clear_glass_dna_brown	Brown Dark Clear Glass (Animals Blocked)		Коричневое затеняющее чистое стекло (животные не проходят)	В en_us и ru_ru отсутствует имя варианта; восстановлено по суффиксу свойств и цвета.
enderio	item.enderio.clear_glass_dna_cyan	Cyan Dark Clear Glass (Animals Blocked)		Бирюзовое затеняющее чистое стекло (животные не проходят)	В en_us и ru_ru отсутствует имя варианта; восстановлено по суффиксу свойств и цвета.
enderio	item.enderio.clear_glass_dna_gray	Gray Dark Clear Glass (Animals Blocked)		Серое затеняющее чистое стекло (животные не проходят)	В en_us и ru_ru отсутствует имя варианта; восстановлено по суффиксу свойств и цвета.
enderio	item.enderio.clear_glass_dna_green	Green Dark Clear Glass (Animals Blocked)		Зелёное затеняющее чистое стекло (животные не проходят)	В en_us и ru_ru отсутствует имя варианта; восстановлено по суффиксу свойств и цвета.
enderio	item.enderio.clear_glass_dna_light_blue	Light Blue Dark Clear Glass (Animals Blocked)		Голубое затеняющее чистое стекло (животные не проходят)	В en_us и ru_ru отсутствует имя варианта; восстановлено по суффиксу свойств и цвета.
enderio	item.enderio.clear_glass_dna_light_gray	Light Gray Dark Clear Glass (Animals Blocked)		Светло-серое затеняющее чистое стекло (животные не проходят)	В en_us и ru_ru отсутствует имя варианта; восстановлено по суффиксу свойств и цвета.
enderio	item.enderio.clear_glass_dna_lime	Lime Dark Clear Glass (Animals Blocked)		Лаймовое затеняющее чистое стекло (животные не проходят)	В en_us и ru_ru отсутствует имя варианта; восстановлено по суффиксу свойств и цвета.
enderio	item.enderio.clear_glass_dna_magenta	Magenta Dark Clear Glass (Animals Blocked)		Пурпурное затеняющее чистое стекло (животные не проходят)	В en_us и ru_ru отсутствует имя варианта; восстановлено по суффиксу свойств и цвета.
enderio	item.enderio.clear_glass_dna_orange	Orange Dark Clear Glass (Animals Blocked)		Оранжевое затеняющее чистое стекло (животные не проходят)	В en_us и ru_ru отсутствует имя варианта; восстановлено по суффиксу свойств и цвета.
enderio	item.enderio.clear_glass_dna_pink	Pink Dark Clear Glass (Animals Blocked)		Розовое затеняющее чистое стекло (животные не проходят)	В en_us и ru_ru отсутствует имя варианта; восстановлено по суффиксу свойств и цвета.
enderio	item.enderio.clear_glass_dna_purple	Purple Dark Clear Glass (Animals Blocked)		Фиолетовое затеняющее чистое стекло (животные не проходят)	В en_us и ru_ru отсутствует имя варианта; восстановлено по суффиксу свойств и цвета.
enderio	item.enderio.clear_glass_dna_red	Red Dark Clear Glass (Animals Blocked)		Красное затеняющее чистое стекло (животные не проходят)	В en_us и ru_ru отсутствует имя варианта; восстановлено по суффиксу свойств и цвета.
enderio	item.enderio.clear_glass_dna_white	White Dark Clear Glass (Animals Blocked)		Белое затеняющее чистое стекло (животные не проходят)	В en_us и ru_ru отсутствует имя варианта; восстановлено по суффиксу свойств и цвета.
enderio	item.enderio.clear_glass_dna_yellow	Yellow Dark Clear Glass (Animals Blocked)		Жёлтое затеняющее чистое стекло (животные не проходят)	В en_us и ru_ru отсутствует имя варианта; восстановлено по суффиксу свойств и цвета.
enderio	item.enderio.clear_glass_dnm	Dark Clear Glass (Monsters Blocked)		Затеняющее чистое стекло (монстры не проходят)	В en_us и ru_ru отсутствует имя варианта; восстановлено по суффиксу свойств и цвета.
enderio	item.enderio.clear_glass_dnm_black	Black Dark Clear Glass (Monsters Blocked)		Чёрное затеняющее чистое стекло (монстры не проходят)	В en_us и ru_ru отсутствует имя варианта; восстановлено по суффиксу свойств и цвета.
enderio	item.enderio.clear_glass_dnm_blue	Blue Dark Clear Glass (Monsters Blocked)		Синее затеняющее чистое стекло (монстры не проходят)	В en_us и ru_ru отсутствует имя варианта; восстановлено по суффиксу свойств и цвета.
enderio	item.enderio.clear_glass_dnm_brown	Brown Dark Clear Glass (Monsters Blocked)		Коричневое затеняющее чистое стекло (монстры не проходят)	В en_us и ru_ru отсутствует имя варианта; восстановлено по суффиксу свойств и цвета.
enderio	item.enderio.clear_glass_dnm_cyan	Cyan Dark Clear Glass (Monsters Blocked)		Бирюзовое затеняющее чистое стекло (монстры не проходят)	В en_us и ru_ru отсутствует имя варианта; восстановлено по суффиксу свойств и цвета.
enderio	item.enderio.clear_glass_dnm_gray	Gray Dark Clear Glass (Monsters Blocked)		Серое затеняющее чистое стекло (монстры не проходят)	В en_us и ru_ru отсутствует имя варианта; восстановлено по суффиксу свойств и цвета.
enderio	item.enderio.clear_glass_dnm_green	Green Dark Clear Glass (Monsters Blocked)		Зелёное затеняющее чистое стекло (монстры не проходят)	В en_us и ru_ru отсутствует имя варианта; восстановлено по суффиксу свойств и цвета.
enderio	item.enderio.clear_glass_dnm_light_blue	Light Blue Dark Clear Glass (Monsters Blocked)		Голубое затеняющее чистое стекло (монстры не проходят)	В en_us и ru_ru отсутствует имя варианта; восстановлено по суффиксу свойств и цвета.
enderio	item.enderio.clear_glass_dnm_light_gray	Light Gray Dark Clear Glass (Monsters Blocked)		Светло-серое затеняющее чистое стекло (монстры не проходят)	В en_us и ru_ru отсутствует имя варианта; восстановлено по суффиксу свойств и цвета.
enderio	item.enderio.clear_glass_dnm_lime	Lime Dark Clear Glass (Monsters Blocked)		Лаймовое затеняющее чистое стекло (монстры не проходят)	В en_us и ru_ru отсутствует имя варианта; восстановлено по суффиксу свойств и цвета.
enderio	item.enderio.clear_glass_dnm_magenta	Magenta Dark Clear Glass (Monsters Blocked)		Пурпурное затеняющее чистое стекло (монстры не проходят)	В en_us и ru_ru отсутствует имя варианта; восстановлено по суффиксу свойств и цвета.
enderio	item.enderio.clear_glass_dnm_orange	Orange Dark Clear Glass (Monsters Blocked)		Оранжевое затеняющее чистое стекло (монстры не проходят)	В en_us и ru_ru отсутствует имя варианта; восстановлено по суффиксу свойств и цвета.
enderio	item.enderio.clear_glass_dnm_pink	Pink Dark Clear Glass (Monsters Blocked)		Розовое затеняющее чистое стекло (монстры не проходят)	В en_us и ru_ru отсутствует имя варианта; восстановлено по суффиксу свойств и цвета.
enderio	item.enderio.clear_glass_dnm_purple	Purple Dark Clear Glass (Monsters Blocked)		Фиолетовое затеняющее чистое стекло (монстры не проходят)	В en_us и ru_ru отсутствует имя варианта; восстановлено по суффиксу свойств и цвета.
enderio	item.enderio.clear_glass_dnm_red	Red Dark Clear Glass (Monsters Blocked)		Красное затеняющее чистое стекло (монстры не проходят)	В en_us и ru_ru отсутствует имя варианта; восстановлено по суффиксу свойств и цвета.
enderio	item.enderio.clear_glass_dnm_white	White Dark Clear Glass (Monsters Blocked)		Белое затеняющее чистое стекло (монстры не проходят)	В en_us и ru_ru отсутствует имя варианта; восстановлено по суффиксу свойств и цвета.
enderio	item.enderio.clear_glass_dnm_yellow	Yellow Dark Clear Glass (Monsters Blocked)		Жёлтое затеняющее чистое стекло (монстры не проходят)	В en_us и ru_ru отсутствует имя варианта; восстановлено по суффиксу свойств и цвета.
enderio	item.enderio.clear_glass_dnp	Dark Clear Glass (Players Blocked)		Затеняющее чистое стекло (игроки не проходят)	В en_us и ru_ru отсутствует имя варианта; восстановлено по суффиксу свойств и цвета.
enderio	item.enderio.clear_glass_dnp_black	Black Dark Clear Glass (Players Blocked)		Чёрное затеняющее чистое стекло (игроки не проходят)	В en_us и ru_ru отсутствует имя варианта; восстановлено по суффиксу свойств и цвета.
enderio	item.enderio.clear_glass_dnp_blue	Blue Dark Clear Glass (Players Blocked)		Синее затеняющее чистое стекло (игроки не проходят)	В en_us и ru_ru отсутствует имя варианта; восстановлено по суффиксу свойств и цвета.
enderio	item.enderio.clear_glass_dnp_brown	Brown Dark Clear Glass (Players Blocked)		Коричневое затеняющее чистое стекло (игроки не проходят)	В en_us и ru_ru отсутствует имя варианта; восстановлено по суффиксу свойств и цвета.
enderio	item.enderio.clear_glass_dnp_cyan	Cyan Dark Clear Glass (Players Blocked)		Бирюзовое затеняющее чистое стекло (игроки не проходят)	В en_us и ru_ru отсутствует имя варианта; восстановлено по суффиксу свойств и цвета.
enderio	item.enderio.clear_glass_dnp_gray	Gray Dark Clear Glass (Players Blocked)		Серое затеняющее чистое стекло (игроки не проходят)	В en_us и ru_ru отсутствует имя варианта; восстановлено по суффиксу свойств и цвета.
enderio	item.enderio.clear_glass_dnp_green	Green Dark Clear Glass (Players Blocked)		Зелёное затеняющее чистое стекло (игроки не проходят)	В en_us и ru_ru отсутствует имя варианта; восстановлено по суффиксу свойств и цвета.
enderio	item.enderio.clear_glass_dnp_light_blue	Light Blue Dark Clear Glass (Players Blocked)		Голубое затеняющее чистое стекло (игроки не проходят)	В en_us и ru_ru отсутствует имя варианта; восстановлено по суффиксу свойств и цвета.
enderio	item.enderio.clear_glass_dnp_light_gray	Light Gray Dark Clear Glass (Players Blocked)		Светло-серое затеняющее чистое стекло (игроки не проходят)	В en_us и ru_ru отсутствует имя варианта; восстановлено по суффиксу свойств и цвета.
enderio	item.enderio.clear_glass_dnp_lime	Lime Dark Clear Glass (Players Blocked)		Лаймовое затеняющее чистое стекло (игроки не проходят)	В en_us и ru_ru отсутствует имя варианта; восстановлено по суффиксу свойств и цвета.
enderio	item.enderio.clear_glass_dnp_magenta	Magenta Dark Clear Glass (Players Blocked)		Пурпурное затеняющее чистое стекло (игроки не проходят)	В en_us и ru_ru отсутствует имя варианта; восстановлено по суффиксу свойств и цвета.
enderio	item.enderio.clear_glass_dnp_orange	Orange Dark Clear Glass (Players Blocked)		Оранжевое затеняющее чистое стекло (игроки не проходят)	В en_us и ru_ru отсутствует имя варианта; восстановлено по суффиксу свойств и цвета.
enderio	item.enderio.clear_glass_dnp_pink	Pink Dark Clear Glass (Players Blocked)		Розовое затеняющее чистое стекло (игроки не проходят)	В en_us и ru_ru отсутствует имя варианта; восстановлено по суффиксу свойств и цвета.
enderio	item.enderio.clear_glass_dnp_purple	Purple Dark Clear Glass (Players Blocked)		Фиолетовое затеняющее чистое стекло (игроки не проходят)	В en_us и ru_ru отсутствует имя варианта; восстановлено по суффиксу свойств и цвета.
enderio	item.enderio.clear_glass_dnp_red	Red Dark Clear Glass (Players Blocked)		Красное затеняющее чистое стекло (игроки не проходят)	В en_us и ru_ru отсутствует имя варианта; восстановлено по суффиксу свойств и цвета.
enderio	item.enderio.clear_glass_dnp_white	White Dark Clear Glass (Players Blocked)		Белое затеняющее чистое стекло (игроки не проходят)	В en_us и ru_ru отсутствует имя варианта; восстановлено по суффиксу свойств и цвета.
enderio	item.enderio.clear_glass_dnp_yellow	Yellow Dark Clear Glass (Players Blocked)		Жёлтое затеняющее чистое стекло (игроки не проходят)	В en_us и ru_ru отсутствует имя варианта; восстановлено по суффиксу свойств и цвета.
enderio	item.enderio.clear_glass_dp	Dark Clear Glass (Players Pass)		Затеняющее чистое стекло (проходят игроки)	В en_us и ru_ru отсутствует имя варианта; восстановлено по суффиксу свойств и цвета.
enderio	item.enderio.clear_glass_dp_black	Black Dark Clear Glass (Players Pass)		Чёрное затеняющее чистое стекло (проходят игроки)	В en_us и ru_ru отсутствует имя варианта; восстановлено по суффиксу свойств и цвета.
enderio	item.enderio.clear_glass_dp_blue	Blue Dark Clear Glass (Players Pass)		Синее затеняющее чистое стекло (проходят игроки)	В en_us и ru_ru отсутствует имя варианта; восстановлено по суффиксу свойств и цвета.
enderio	item.enderio.clear_glass_dp_brown	Brown Dark Clear Glass (Players Pass)		Коричневое затеняющее чистое стекло (проходят игроки)	В en_us и ru_ru отсутствует имя варианта; восстановлено по суффиксу свойств и цвета.
enderio	item.enderio.clear_glass_dp_cyan	Cyan Dark Clear Glass (Players Pass)		Бирюзовое затеняющее чистое стекло (проходят игроки)	В en_us и ru_ru отсутствует имя варианта; восстановлено по суффиксу свойств и цвета.
enderio	item.enderio.clear_glass_dp_gray	Gray Dark Clear Glass (Players Pass)		Серое затеняющее чистое стекло (проходят игроки)	В en_us и ru_ru отсутствует имя варианта; восстановлено по суффиксу свойств и цвета.
enderio	item.enderio.clear_glass_dp_green	Green Dark Clear Glass (Players Pass)		Зелёное затеняющее чистое стекло (проходят игроки)	В en_us и ru_ru отсутствует имя варианта; восстановлено по суффиксу свойств и цвета.
enderio	item.enderio.clear_glass_dp_light_blue	Light Blue Dark Clear Glass (Players Pass)		Голубое затеняющее чистое стекло (проходят игроки)	В en_us и ru_ru отсутствует имя варианта; восстановлено по суффиксу свойств и цвета.
enderio	item.enderio.clear_glass_dp_light_gray	Light Gray Dark Clear Glass (Players Pass)		Светло-серое затеняющее чистое стекло (проходят игроки)	В en_us и ru_ru отсутствует имя варианта; восстановлено по суффиксу свойств и цвета.
enderio	item.enderio.clear_glass_dp_lime	Lime Dark Clear Glass (Players Pass)		Лаймовое затеняющее чистое стекло (проходят игроки)	В en_us и ru_ru отсутствует имя варианта; восстановлено по суффиксу свойств и цвета.
enderio	item.enderio.clear_glass_dp_magenta	Magenta Dark Clear Glass (Players Pass)		Пурпурное затеняющее чистое стекло (проходят игроки)	В en_us и ru_ru отсутствует имя варианта; восстановлено по суффиксу свойств и цвета.
enderio	item.enderio.clear_glass_dp_orange	Orange Dark Clear Glass (Players Pass)		Оранжевое затеняющее чистое стекло (проходят игроки)	В en_us и ru_ru отсутствует имя варианта; восстановлено по суффиксу свойств и цвета.
enderio	item.enderio.clear_glass_dp_pink	Pink Dark Clear Glass (Players Pass)		Розовое затеняющее чистое стекло (проходят игроки)	В en_us и ru_ru отсутствует имя варианта; восстановлено по суффиксу свойств и цвета.
enderio	item.enderio.clear_glass_dp_purple	Purple Dark Clear Glass (Players Pass)		Фиолетовое затеняющее чистое стекло (проходят игроки)	В en_us и ru_ru отсутствует имя варианта; восстановлено по суффиксу свойств и цвета.
enderio	item.enderio.clear_glass_dp_red	Red Dark Clear Glass (Players Pass)		Красное затеняющее чистое стекло (проходят игроки)	В en_us и ru_ru отсутствует имя варианта; восстановлено по суффиксу свойств и цвета.
enderio	item.enderio.clear_glass_dp_white	White Dark Clear Glass (Players Pass)		Белое затеняющее чистое стекло (проходят игроки)	В en_us и ru_ru отсутствует имя варианта; восстановлено по суффиксу свойств и цвета.
enderio	item.enderio.clear_glass_dp_yellow	Yellow Dark Clear Glass (Players Pass)		Жёлтое затеняющее чистое стекло (проходят игроки)	В en_us и ru_ru отсутствует имя варианта; восстановлено по суффиксу свойств и цвета.
enderio	item.enderio.clear_glass_ea	Enlightened Clear Glass (Animals Pass)		Осветляющее чистое стекло (проходят животные)	В en_us и ru_ru отсутствует имя варианта; восстановлено по суффиксу свойств и цвета.
enderio	item.enderio.clear_glass_ea_black	Black Enlightened Clear Glass (Animals Pass)		Чёрное осветляющее чистое стекло (проходят животные)	В en_us и ru_ru отсутствует имя варианта; восстановлено по суффиксу свойств и цвета.
enderio	item.enderio.clear_glass_ea_blue	Blue Enlightened Clear Glass (Animals Pass)		Синее осветляющее чистое стекло (проходят животные)	В en_us и ru_ru отсутствует имя варианта; восстановлено по суффиксу свойств и цвета.
enderio	item.enderio.clear_glass_ea_brown	Brown Enlightened Clear Glass (Animals Pass)		Коричневое осветляющее чистое стекло (проходят животные)	В en_us и ru_ru отсутствует имя варианта; восстановлено по суффиксу свойств и цвета.
enderio	item.enderio.clear_glass_ea_cyan	Cyan Enlightened Clear Glass (Animals Pass)		Бирюзовое осветляющее чистое стекло (проходят животные)	В en_us и ru_ru отсутствует имя варианта; восстановлено по суффиксу свойств и цвета.
enderio	item.enderio.clear_glass_ea_gray	Gray Enlightened Clear Glass (Animals Pass)		Серое осветляющее чистое стекло (проходят животные)	В en_us и ru_ru отсутствует имя варианта; восстановлено по суффиксу свойств и цвета.
enderio	item.enderio.clear_glass_ea_green	Green Enlightened Clear Glass (Animals Pass)		Зелёное осветляющее чистое стекло (проходят животные)	В en_us и ru_ru отсутствует имя варианта; восстановлено по суффиксу свойств и цвета.
enderio	item.enderio.clear_glass_ea_light_blue	Light Blue Enlightened Clear Glass (Animals Pass)		Голубое осветляющее чистое стекло (проходят животные)	В en_us и ru_ru отсутствует имя варианта; восстановлено по суффиксу свойств и цвета.
enderio	item.enderio.clear_glass_ea_light_gray	Light Gray Enlightened Clear Glass (Animals Pass)		Светло-серое осветляющее чистое стекло (проходят животные)	В en_us и ru_ru отсутствует имя варианта; восстановлено по суффиксу свойств и цвета.
enderio	item.enderio.clear_glass_ea_lime	Lime Enlightened Clear Glass (Animals Pass)		Лаймовое осветляющее чистое стекло (проходят животные)	В en_us и ru_ru отсутствует имя варианта; восстановлено по суффиксу свойств и цвета.
enderio	item.enderio.clear_glass_ea_magenta	Magenta Enlightened Clear Glass (Animals Pass)		Пурпурное осветляющее чистое стекло (проходят животные)	В en_us и ru_ru отсутствует имя варианта; восстановлено по суффиксу свойств и цвета.
enderio	item.enderio.clear_glass_ea_orange	Orange Enlightened Clear Glass (Animals Pass)		Оранжевое осветляющее чистое стекло (проходят животные)	В en_us и ru_ru отсутствует имя варианта; восстановлено по суффиксу свойств и цвета.
enderio	item.enderio.clear_glass_ea_pink	Pink Enlightened Clear Glass (Animals Pass)		Розовое осветляющее чистое стекло (проходят животные)	В en_us и ru_ru отсутствует имя варианта; восстановлено по суффиксу свойств и цвета.
enderio	item.enderio.clear_glass_ea_purple	Purple Enlightened Clear Glass (Animals Pass)		Фиолетовое осветляющее чистое стекло (проходят животные)	В en_us и ru_ru отсутствует имя варианта; восстановлено по суффиксу свойств и цвета.
enderio	item.enderio.clear_glass_ea_red	Red Enlightened Clear Glass (Animals Pass)		Красное осветляющее чистое стекло (проходят животные)	В en_us и ru_ru отсутствует имя варианта; восстановлено по суффиксу свойств и цвета.
enderio	item.enderio.clear_glass_ea_white	White Enlightened Clear Glass (Animals Pass)		Белое осветляющее чистое стекло (проходят животные)	В en_us и ru_ru отсутствует имя варианта; восстановлено по суффиксу свойств и цвета.
enderio	item.enderio.clear_glass_ea_yellow	Yellow Enlightened Clear Glass (Animals Pass)		Жёлтое осветляющее чистое стекло (проходят животные)	В en_us и ru_ru отсутствует имя варианта; восстановлено по суффиксу свойств и цвета.
enderio	item.enderio.clear_glass_em	Enlightened Clear Glass (Monsters Pass)		Осветляющее чистое стекло (проходят монстры)	В en_us и ru_ru отсутствует имя варианта; восстановлено по суффиксу свойств и цвета.
enderio	item.enderio.clear_glass_em_black	Black Enlightened Clear Glass (Monsters Pass)		Чёрное осветляющее чистое стекло (проходят монстры)	В en_us и ru_ru отсутствует имя варианта; восстановлено по суффиксу свойств и цвета.
enderio	item.enderio.clear_glass_em_blue	Blue Enlightened Clear Glass (Monsters Pass)		Синее осветляющее чистое стекло (проходят монстры)	В en_us и ru_ru отсутствует имя варианта; восстановлено по суффиксу свойств и цвета.
enderio	item.enderio.clear_glass_em_brown	Brown Enlightened Clear Glass (Monsters Pass)		Коричневое осветляющее чистое стекло (проходят монстры)	В en_us и ru_ru отсутствует имя варианта; восстановлено по суффиксу свойств и цвета.
enderio	item.enderio.clear_glass_em_cyan	Cyan Enlightened Clear Glass (Monsters Pass)		Бирюзовое осветляющее чистое стекло (проходят монстры)	В en_us и ru_ru отсутствует имя варианта; восстановлено по суффиксу свойств и цвета.
enderio	item.enderio.clear_glass_em_gray	Gray Enlightened Clear Glass (Monsters Pass)		Серое осветляющее чистое стекло (проходят монстры)	В en_us и ru_ru отсутствует имя варианта; восстановлено по суффиксу свойств и цвета.
enderio	item.enderio.clear_glass_em_green	Green Enlightened Clear Glass (Monsters Pass)		Зелёное осветляющее чистое стекло (проходят монстры)	В en_us и ru_ru отсутствует имя варианта; восстановлено по суффиксу свойств и цвета.
enderio	item.enderio.clear_glass_em_light_blue	Light Blue Enlightened Clear Glass (Monsters Pass)		Голубое осветляющее чистое стекло (проходят монстры)	В en_us и ru_ru отсутствует имя варианта; восстановлено по суффиксу свойств и цвета.
enderio	item.enderio.clear_glass_em_light_gray	Light Gray Enlightened Clear Glass (Monsters Pass)		Светло-серое осветляющее чистое стекло (проходят монстры)	В en_us и ru_ru отсутствует имя варианта; восстановлено по суффиксу свойств и цвета.
enderio	item.enderio.clear_glass_em_lime	Lime Enlightened Clear Glass (Monsters Pass)		Лаймовое осветляющее чистое стекло (проходят монстры)	В en_us и ru_ru отсутствует имя варианта; восстановлено по суффиксу свойств и цвета.
enderio	item.enderio.clear_glass_em_magenta	Magenta Enlightened Clear Glass (Monsters Pass)		Пурпурное осветляющее чистое стекло (проходят монстры)	В en_us и ru_ru отсутствует имя варианта; восстановлено по суффиксу свойств и цвета.
enderio	item.enderio.clear_glass_em_orange	Orange Enlightened Clear Glass (Monsters Pass)		Оранжевое осветляющее чистое стекло (проходят монстры)	В en_us и ru_ru отсутствует имя варианта; восстановлено по суффиксу свойств и цвета.
enderio	item.enderio.clear_glass_em_pink	Pink Enlightened Clear Glass (Monsters Pass)		Розовое осветляющее чистое стекло (проходят монстры)	В en_us и ru_ru отсутствует имя варианта; восстановлено по суффиксу свойств и цвета.
enderio	item.enderio.clear_glass_em_purple	Purple Enlightened Clear Glass (Monsters Pass)		Фиолетовое осветляющее чистое стекло (проходят монстры)	В en_us и ru_ru отсутствует имя варианта; восстановлено по суффиксу свойств и цвета.
enderio	item.enderio.clear_glass_em_red	Red Enlightened Clear Glass (Monsters Pass)		Красное осветляющее чистое стекло (проходят монстры)	В en_us и ru_ru отсутствует имя варианта; восстановлено по суффиксу свойств и цвета.
enderio	item.enderio.clear_glass_em_white	White Enlightened Clear Glass (Monsters Pass)		Белое осветляющее чистое стекло (проходят монстры)	В en_us и ru_ru отсутствует имя варианта; восстановлено по суффиксу свойств и цвета.
enderio	item.enderio.clear_glass_em_yellow	Yellow Enlightened Clear Glass (Monsters Pass)		Жёлтое осветляющее чистое стекло (проходят монстры)	В en_us и ru_ru отсутствует имя варианта; восстановлено по суффиксу свойств и цвета.
enderio	item.enderio.clear_glass_ena	Enlightened Clear Glass (Animals Blocked)		Осветляющее чистое стекло (животные не проходят)	В en_us и ru_ru отсутствует имя варианта; восстановлено по суффиксу свойств и цвета.
enderio	item.enderio.clear_glass_ena_black	Black Enlightened Clear Glass (Animals Blocked)		Чёрное осветляющее чистое стекло (животные не проходят)	В en_us и ru_ru отсутствует имя варианта; восстановлено по суффиксу свойств и цвета.
enderio	item.enderio.clear_glass_ena_blue	Blue Enlightened Clear Glass (Animals Blocked)		Синее осветляющее чистое стекло (животные не проходят)	В en_us и ru_ru отсутствует имя варианта; восстановлено по суффиксу свойств и цвета.
enderio	item.enderio.clear_glass_ena_brown	Brown Enlightened Clear Glass (Animals Blocked)		Коричневое осветляющее чистое стекло (животные не проходят)	В en_us и ru_ru отсутствует имя варианта; восстановлено по суффиксу свойств и цвета.
enderio	item.enderio.clear_glass_ena_cyan	Cyan Enlightened Clear Glass (Animals Blocked)		Бирюзовое осветляющее чистое стекло (животные не проходят)	В en_us и ru_ru отсутствует имя варианта; восстановлено по суффиксу свойств и цвета.
enderio	item.enderio.clear_glass_ena_gray	Gray Enlightened Clear Glass (Animals Blocked)		Серое осветляющее чистое стекло (животные не проходят)	В en_us и ru_ru отсутствует имя варианта; восстановлено по суффиксу свойств и цвета.
enderio	item.enderio.clear_glass_ena_green	Green Enlightened Clear Glass (Animals Blocked)		Зелёное осветляющее чистое стекло (животные не проходят)	В en_us и ru_ru отсутствует имя варианта; восстановлено по суффиксу свойств и цвета.
enderio	item.enderio.clear_glass_ena_light_blue	Light Blue Enlightened Clear Glass (Animals Blocked)		Голубое осветляющее чистое стекло (животные не проходят)	В en_us и ru_ru отсутствует имя варианта; восстановлено по суффиксу свойств и цвета.
enderio	item.enderio.clear_glass_ena_light_gray	Light Gray Enlightened Clear Glass (Animals Blocked)		Светло-серое осветляющее чистое стекло (животные не проходят)	В en_us и ru_ru отсутствует имя варианта; восстановлено по суффиксу свойств и цвета.
enderio	item.enderio.clear_glass_ena_lime	Lime Enlightened Clear Glass (Animals Blocked)		Лаймовое осветляющее чистое стекло (животные не проходят)	В en_us и ru_ru отсутствует имя варианта; восстановлено по суффиксу свойств и цвета.
enderio	item.enderio.clear_glass_ena_magenta	Magenta Enlightened Clear Glass (Animals Blocked)		Пурпурное осветляющее чистое стекло (животные не проходят)	В en_us и ru_ru отсутствует имя варианта; восстановлено по суффиксу свойств и цвета.
enderio	item.enderio.clear_glass_ena_orange	Orange Enlightened Clear Glass (Animals Blocked)		Оранжевое осветляющее чистое стекло (животные не проходят)	В en_us и ru_ru отсутствует имя варианта; восстановлено по суффиксу свойств и цвета.
enderio	item.enderio.clear_glass_ena_pink	Pink Enlightened Clear Glass (Animals Blocked)		Розовое осветляющее чистое стекло (животные не проходят)	В en_us и ru_ru отсутствует имя варианта; восстановлено по суффиксу свойств и цвета.
enderio	item.enderio.clear_glass_ena_purple	Purple Enlightened Clear Glass (Animals Blocked)		Фиолетовое осветляющее чистое стекло (животные не проходят)	В en_us и ru_ru отсутствует имя варианта; восстановлено по суффиксу свойств и цвета.
enderio	item.enderio.clear_glass_ena_red	Red Enlightened Clear Glass (Animals Blocked)		Красное осветляющее чистое стекло (животные не проходят)	В en_us и ru_ru отсутствует имя варианта; восстановлено по суффиксу свойств и цвета.
enderio	item.enderio.clear_glass_ena_white	White Enlightened Clear Glass (Animals Blocked)		Белое осветляющее чистое стекло (животные не проходят)	В en_us и ru_ru отсутствует имя варианта; восстановлено по суффиксу свойств и цвета.
enderio	item.enderio.clear_glass_ena_yellow	Yellow Enlightened Clear Glass (Animals Blocked)		Жёлтое осветляющее чистое стекло (животные не проходят)	В en_us и ru_ru отсутствует имя варианта; восстановлено по суффиксу свойств и цвета.
enderio	item.enderio.clear_glass_enm	Enlightened Clear Glass (Monsters Blocked)		Осветляющее чистое стекло (монстры не проходят)	В en_us и ru_ru отсутствует имя варианта; восстановлено по суффиксу свойств и цвета.
enderio	item.enderio.clear_glass_enm_black	Black Enlightened Clear Glass (Monsters Blocked)		Чёрное осветляющее чистое стекло (монстры не проходят)	В en_us и ru_ru отсутствует имя варианта; восстановлено по суффиксу свойств и цвета.
enderio	item.enderio.clear_glass_enm_blue	Blue Enlightened Clear Glass (Monsters Blocked)		Синее осветляющее чистое стекло (монстры не проходят)	В en_us и ru_ru отсутствует имя варианта; восстановлено по суффиксу свойств и цвета.
enderio	item.enderio.clear_glass_enm_brown	Brown Enlightened Clear Glass (Monsters Blocked)		Коричневое осветляющее чистое стекло (монстры не проходят)	В en_us и ru_ru отсутствует имя варианта; восстановлено по суффиксу свойств и цвета.
enderio	item.enderio.clear_glass_enm_cyan	Cyan Enlightened Clear Glass (Monsters Blocked)		Бирюзовое осветляющее чистое стекло (монстры не проходят)	В en_us и ru_ru отсутствует имя варианта; восстановлено по суффиксу свойств и цвета.
enderio	item.enderio.clear_glass_enm_gray	Gray Enlightened Clear Glass (Monsters Blocked)		Серое осветляющее чистое стекло (монстры не проходят)	В en_us и ru_ru отсутствует имя варианта; восстановлено по суффиксу свойств и цвета.
enderio	item.enderio.clear_glass_enm_green	Green Enlightened Clear Glass (Monsters Blocked)		Зелёное осветляющее чистое стекло (монстры не проходят)	В en_us и ru_ru отсутствует имя варианта; восстановлено по суффиксу свойств и цвета.
enderio	item.enderio.clear_glass_enm_light_blue	Light Blue Enlightened Clear Glass (Monsters Blocked)		Голубое осветляющее чистое стекло (монстры не проходят)	В en_us и ru_ru отсутствует имя варианта; восстановлено по суффиксу свойств и цвета.
enderio	item.enderio.clear_glass_enm_light_gray	Light Gray Enlightened Clear Glass (Monsters Blocked)		Светло-серое осветляющее чистое стекло (монстры не проходят)	В en_us и ru_ru отсутствует имя варианта; восстановлено по суффиксу свойств и цвета.
enderio	item.enderio.clear_glass_enm_lime	Lime Enlightened Clear Glass (Monsters Blocked)		Лаймовое осветляющее чистое стекло (монстры не проходят)	В en_us и ru_ru отсутствует имя варианта; восстановлено по суффиксу свойств и цвета.
enderio	item.enderio.clear_glass_enm_magenta	Magenta Enlightened Clear Glass (Monsters Blocked)		Пурпурное осветляющее чистое стекло (монстры не проходят)	В en_us и ru_ru отсутствует имя варианта; восстановлено по суффиксу свойств и цвета.
enderio	item.enderio.clear_glass_enm_orange	Orange Enlightened Clear Glass (Monsters Blocked)		Оранжевое осветляющее чистое стекло (монстры не проходят)	В en_us и ru_ru отсутствует имя варианта; восстановлено по суффиксу свойств и цвета.
enderio	item.enderio.clear_glass_enm_pink	Pink Enlightened Clear Glass (Monsters Blocked)		Розовое осветляющее чистое стекло (монстры не проходят)	В en_us и ru_ru отсутствует имя варианта; восстановлено по суффиксу свойств и цвета.
enderio	item.enderio.clear_glass_enm_purple	Purple Enlightened Clear Glass (Monsters Blocked)		Фиолетовое осветляющее чистое стекло (монстры не проходят)	В en_us и ru_ru отсутствует имя варианта; восстановлено по суффиксу свойств и цвета.
enderio	item.enderio.clear_glass_enm_red	Red Enlightened Clear Glass (Monsters Blocked)		Красное осветляющее чистое стекло (монстры не проходят)	В en_us и ru_ru отсутствует имя варианта; восстановлено по суффиксу свойств и цвета.
enderio	item.enderio.clear_glass_enm_white	White Enlightened Clear Glass (Monsters Blocked)		Белое осветляющее чистое стекло (монстры не проходят)	В en_us и ru_ru отсутствует имя варианта; восстановлено по суффиксу свойств и цвета.
enderio	item.enderio.clear_glass_enm_yellow	Yellow Enlightened Clear Glass (Monsters Blocked)		Жёлтое осветляющее чистое стекло (монстры не проходят)	В en_us и ru_ru отсутствует имя варианта; восстановлено по суффиксу свойств и цвета.
enderio	item.enderio.clear_glass_enp	Enlightened Clear Glass (Players Blocked)		Осветляющее чистое стекло (игроки не проходят)	В en_us и ru_ru отсутствует имя варианта; восстановлено по суффиксу свойств и цвета.
enderio	item.enderio.clear_glass_enp_black	Black Enlightened Clear Glass (Players Blocked)		Чёрное осветляющее чистое стекло (игроки не проходят)	В en_us и ru_ru отсутствует имя варианта; восстановлено по суффиксу свойств и цвета.
enderio	item.enderio.clear_glass_enp_blue	Blue Enlightened Clear Glass (Players Blocked)		Синее осветляющее чистое стекло (игроки не проходят)	В en_us и ru_ru отсутствует имя варианта; восстановлено по суффиксу свойств и цвета.
enderio	item.enderio.clear_glass_enp_brown	Brown Enlightened Clear Glass (Players Blocked)		Коричневое осветляющее чистое стекло (игроки не проходят)	В en_us и ru_ru отсутствует имя варианта; восстановлено по суффиксу свойств и цвета.
enderio	item.enderio.clear_glass_enp_cyan	Cyan Enlightened Clear Glass (Players Blocked)		Бирюзовое осветляющее чистое стекло (игроки не проходят)	В en_us и ru_ru отсутствует имя варианта; восстановлено по суффиксу свойств и цвета.
enderio	item.enderio.clear_glass_enp_gray	Gray Enlightened Clear Glass (Players Blocked)		Серое осветляющее чистое стекло (игроки не проходят)	В en_us и ru_ru отсутствует имя варианта; восстановлено по суффиксу свойств и цвета.
enderio	item.enderio.clear_glass_enp_green	Green Enlightened Clear Glass (Players Blocked)		Зелёное осветляющее чистое стекло (игроки не проходят)	В en_us и ru_ru отсутствует имя варианта; восстановлено по суффиксу свойств и цвета.
enderio	item.enderio.clear_glass_enp_light_blue	Light Blue Enlightened Clear Glass (Players Blocked)		Голубое осветляющее чистое стекло (игроки не проходят)	В en_us и ru_ru отсутствует имя варианта; восстановлено по суффиксу свойств и цвета.
enderio	item.enderio.clear_glass_enp_light_gray	Light Gray Enlightened Clear Glass (Players Blocked)		Светло-серое осветляющее чистое стекло (игроки не проходят)	В en_us и ru_ru отсутствует имя варианта; восстановлено по суффиксу свойств и цвета.
enderio	item.enderio.clear_glass_enp_lime	Lime Enlightened Clear Glass (Players Blocked)		Лаймовое осветляющее чистое стекло (игроки не проходят)	В en_us и ru_ru отсутствует имя варианта; восстановлено по суффиксу свойств и цвета.
enderio	item.enderio.clear_glass_enp_magenta	Magenta Enlightened Clear Glass (Players Blocked)		Пурпурное осветляющее чистое стекло (игроки не проходят)	В en_us и ru_ru отсутствует имя варианта; восстановлено по суффиксу свойств и цвета.
enderio	item.enderio.clear_glass_enp_orange	Orange Enlightened Clear Glass (Players Blocked)		Оранжевое осветляющее чистое стекло (игроки не проходят)	В en_us и ru_ru отсутствует имя варианта; восстановлено по суффиксу свойств и цвета.
enderio	item.enderio.clear_glass_enp_pink	Pink Enlightened Clear Glass (Players Blocked)		Розовое осветляющее чистое стекло (игроки не проходят)	В en_us и ru_ru отсутствует имя варианта; восстановлено по суффиксу свойств и цвета.
enderio	item.enderio.clear_glass_enp_purple	Purple Enlightened Clear Glass (Players Blocked)		Фиолетовое осветляющее чистое стекло (игроки не проходят)	В en_us и ru_ru отсутствует имя варианта; восстановлено по суффиксу свойств и цвета.
enderio	item.enderio.clear_glass_enp_red	Red Enlightened Clear Glass (Players Blocked)		Красное осветляющее чистое стекло (игроки не проходят)	В en_us и ru_ru отсутствует имя варианта; восстановлено по суффиксу свойств и цвета.
enderio	item.enderio.clear_glass_enp_white	White Enlightened Clear Glass (Players Blocked)		Белое осветляющее чистое стекло (игроки не проходят)	В en_us и ru_ru отсутствует имя варианта; восстановлено по суффиксу свойств и цвета.
enderio	item.enderio.clear_glass_enp_yellow	Yellow Enlightened Clear Glass (Players Blocked)		Жёлтое осветляющее чистое стекло (игроки не проходят)	В en_us и ru_ru отсутствует имя варианта; восстановлено по суффиксу свойств и цвета.
enderio	item.enderio.clear_glass_ep	Enlightened Clear Glass (Players Pass)		Осветляющее чистое стекло (проходят игроки)	В en_us и ru_ru отсутствует имя варианта; восстановлено по суффиксу свойств и цвета.
enderio	item.enderio.clear_glass_ep_black	Black Enlightened Clear Glass (Players Pass)		Чёрное осветляющее чистое стекло (проходят игроки)	В en_us и ru_ru отсутствует имя варианта; восстановлено по суффиксу свойств и цвета.
enderio	item.enderio.clear_glass_ep_blue	Blue Enlightened Clear Glass (Players Pass)		Синее осветляющее чистое стекло (проходят игроки)	В en_us и ru_ru отсутствует имя варианта; восстановлено по суффиксу свойств и цвета.
enderio	item.enderio.clear_glass_ep_brown	Brown Enlightened Clear Glass (Players Pass)		Коричневое осветляющее чистое стекло (проходят игроки)	В en_us и ru_ru отсутствует имя варианта; восстановлено по суффиксу свойств и цвета.
enderio	item.enderio.clear_glass_ep_cyan	Cyan Enlightened Clear Glass (Players Pass)		Бирюзовое осветляющее чистое стекло (проходят игроки)	В en_us и ru_ru отсутствует имя варианта; восстановлено по суффиксу свойств и цвета.
enderio	item.enderio.clear_glass_ep_gray	Gray Enlightened Clear Glass (Players Pass)		Серое осветляющее чистое стекло (проходят игроки)	В en_us и ru_ru отсутствует имя варианта; восстановлено по суффиксу свойств и цвета.
enderio	item.enderio.clear_glass_ep_green	Green Enlightened Clear Glass (Players Pass)		Зелёное осветляющее чистое стекло (проходят игроки)	В en_us и ru_ru отсутствует имя варианта; восстановлено по суффиксу свойств и цвета.
enderio	item.enderio.clear_glass_ep_light_blue	Light Blue Enlightened Clear Glass (Players Pass)		Голубое осветляющее чистое стекло (проходят игроки)	В en_us и ru_ru отсутствует имя варианта; восстановлено по суффиксу свойств и цвета.
enderio	item.enderio.clear_glass_ep_light_gray	Light Gray Enlightened Clear Glass (Players Pass)		Светло-серое осветляющее чистое стекло (проходят игроки)	В en_us и ru_ru отсутствует имя варианта; восстановлено по суффиксу свойств и цвета.
enderio	item.enderio.clear_glass_ep_lime	Lime Enlightened Clear Glass (Players Pass)		Лаймовое осветляющее чистое стекло (проходят игроки)	В en_us и ru_ru отсутствует имя варианта; восстановлено по суффиксу свойств и цвета.
enderio	item.enderio.clear_glass_ep_magenta	Magenta Enlightened Clear Glass (Players Pass)		Пурпурное осветляющее чистое стекло (проходят игроки)	В en_us и ru_ru отсутствует имя варианта; восстановлено по суффиксу свойств и цвета.
enderio	item.enderio.clear_glass_ep_orange	Orange Enlightened Clear Glass (Players Pass)		Оранжевое осветляющее чистое стекло (проходят игроки)	В en_us и ru_ru отсутствует имя варианта; восстановлено по суффиксу свойств и цвета.
enderio	item.enderio.clear_glass_ep_pink	Pink Enlightened Clear Glass (Players Pass)		Розовое осветляющее чистое стекло (проходят игроки)	В en_us и ru_ru отсутствует имя варианта; восстановлено по суффиксу свойств и цвета.
enderio	item.enderio.clear_glass_ep_purple	Purple Enlightened Clear Glass (Players Pass)		Фиолетовое осветляющее чистое стекло (проходят игроки)	В en_us и ru_ru отсутствует имя варианта; восстановлено по суффиксу свойств и цвета.
enderio	item.enderio.clear_glass_ep_red	Red Enlightened Clear Glass (Players Pass)		Красное осветляющее чистое стекло (проходят игроки)	В en_us и ru_ru отсутствует имя варианта; восстановлено по суффиксу свойств и цвета.
enderio	item.enderio.clear_glass_ep_white	White Enlightened Clear Glass (Players Pass)		Белое осветляющее чистое стекло (проходят игроки)	В en_us и ru_ru отсутствует имя варианта; восстановлено по суффиксу свойств и цвета.
enderio	item.enderio.clear_glass_ep_yellow	Yellow Enlightened Clear Glass (Players Pass)		Жёлтое осветляющее чистое стекло (проходят игроки)	В en_us и ru_ru отсутствует имя варианта; восстановлено по суффиксу свойств и цвета.
enderio	item.enderio.clear_glass_m	Clear Glass (Monsters Pass)		Чистое стекло (проходят монстры)	В en_us и ru_ru отсутствует имя варианта; восстановлено по суффиксу свойств и цвета.
enderio	item.enderio.clear_glass_m_black	Black Clear Glass (Monsters Pass)		Чёрное чистое стекло (проходят монстры)	В en_us и ru_ru отсутствует имя варианта; восстановлено по суффиксу свойств и цвета.
enderio	item.enderio.clear_glass_m_blue	Blue Clear Glass (Monsters Pass)		Синее чистое стекло (проходят монстры)	В en_us и ru_ru отсутствует имя варианта; восстановлено по суффиксу свойств и цвета.
enderio	item.enderio.clear_glass_m_brown	Brown Clear Glass (Monsters Pass)		Коричневое чистое стекло (проходят монстры)	В en_us и ru_ru отсутствует имя варианта; восстановлено по суффиксу свойств и цвета.
enderio	item.enderio.clear_glass_m_cyan	Cyan Clear Glass (Monsters Pass)		Бирюзовое чистое стекло (проходят монстры)	В en_us и ru_ru отсутствует имя варианта; восстановлено по суффиксу свойств и цвета.
enderio	item.enderio.clear_glass_m_gray	Gray Clear Glass (Monsters Pass)		Серое чистое стекло (проходят монстры)	В en_us и ru_ru отсутствует имя варианта; восстановлено по суффиксу свойств и цвета.
enderio	item.enderio.clear_glass_m_green	Green Clear Glass (Monsters Pass)		Зелёное чистое стекло (проходят монстры)	В en_us и ru_ru отсутствует имя варианта; восстановлено по суффиксу свойств и цвета.
enderio	item.enderio.clear_glass_m_light_blue	Light Blue Clear Glass (Monsters Pass)		Голубое чистое стекло (проходят монстры)	В en_us и ru_ru отсутствует имя варианта; восстановлено по суффиксу свойств и цвета.
enderio	item.enderio.clear_glass_m_light_gray	Light Gray Clear Glass (Monsters Pass)		Светло-серое чистое стекло (проходят монстры)	В en_us и ru_ru отсутствует имя варианта; восстановлено по суффиксу свойств и цвета.
enderio	item.enderio.clear_glass_m_lime	Lime Clear Glass (Monsters Pass)		Лаймовое чистое стекло (проходят монстры)	В en_us и ru_ru отсутствует имя варианта; восстановлено по суффиксу свойств и цвета.
enderio	item.enderio.clear_glass_m_magenta	Magenta Clear Glass (Monsters Pass)		Пурпурное чистое стекло (проходят монстры)	В en_us и ru_ru отсутствует имя варианта; восстановлено по суффиксу свойств и цвета.
enderio	item.enderio.clear_glass_m_orange	Orange Clear Glass (Monsters Pass)		Оранжевое чистое стекло (проходят монстры)	В en_us и ru_ru отсутствует имя варианта; восстановлено по суффиксу свойств и цвета.
enderio	item.enderio.clear_glass_m_pink	Pink Clear Glass (Monsters Pass)		Розовое чистое стекло (проходят монстры)	В en_us и ru_ru отсутствует имя варианта; восстановлено по суффиксу свойств и цвета.
enderio	item.enderio.clear_glass_m_purple	Purple Clear Glass (Monsters Pass)		Фиолетовое чистое стекло (проходят монстры)	В en_us и ru_ru отсутствует имя варианта; восстановлено по суффиксу свойств и цвета.
enderio	item.enderio.clear_glass_m_red	Red Clear Glass (Monsters Pass)		Красное чистое стекло (проходят монстры)	В en_us и ru_ru отсутствует имя варианта; восстановлено по суффиксу свойств и цвета.
enderio	item.enderio.clear_glass_m_white	White Clear Glass (Monsters Pass)		Белое чистое стекло (проходят монстры)	В en_us и ru_ru отсутствует имя варианта; восстановлено по суффиксу свойств и цвета.
enderio	item.enderio.clear_glass_m_yellow	Yellow Clear Glass (Monsters Pass)		Жёлтое чистое стекло (проходят монстры)	В en_us и ru_ru отсутствует имя варианта; восстановлено по суффиксу свойств и цвета.
enderio	item.enderio.clear_glass_na	Clear Glass (Animals Blocked)		Чистое стекло (животные не проходят)	В en_us и ru_ru отсутствует имя варианта; восстановлено по суффиксу свойств и цвета.
enderio	item.enderio.clear_glass_na_black	Black Clear Glass (Animals Blocked)		Чёрное чистое стекло (животные не проходят)	В en_us и ru_ru отсутствует имя варианта; восстановлено по суффиксу свойств и цвета.
enderio	item.enderio.clear_glass_na_blue	Blue Clear Glass (Animals Blocked)		Синее чистое стекло (животные не проходят)	В en_us и ru_ru отсутствует имя варианта; восстановлено по суффиксу свойств и цвета.
enderio	item.enderio.clear_glass_na_brown	Brown Clear Glass (Animals Blocked)		Коричневое чистое стекло (животные не проходят)	В en_us и ru_ru отсутствует имя варианта; восстановлено по суффиксу свойств и цвета.
enderio	item.enderio.clear_glass_na_cyan	Cyan Clear Glass (Animals Blocked)		Бирюзовое чистое стекло (животные не проходят)	В en_us и ru_ru отсутствует имя варианта; восстановлено по суффиксу свойств и цвета.
enderio	item.enderio.clear_glass_na_gray	Gray Clear Glass (Animals Blocked)		Серое чистое стекло (животные не проходят)	В en_us и ru_ru отсутствует имя варианта; восстановлено по суффиксу свойств и цвета.
enderio	item.enderio.clear_glass_na_green	Green Clear Glass (Animals Blocked)		Зелёное чистое стекло (животные не проходят)	В en_us и ru_ru отсутствует имя варианта; восстановлено по суффиксу свойств и цвета.
enderio	item.enderio.clear_glass_na_light_blue	Light Blue Clear Glass (Animals Blocked)		Голубое чистое стекло (животные не проходят)	В en_us и ru_ru отсутствует имя варианта; восстановлено по суффиксу свойств и цвета.
enderio	item.enderio.clear_glass_na_light_gray	Light Gray Clear Glass (Animals Blocked)		Светло-серое чистое стекло (животные не проходят)	В en_us и ru_ru отсутствует имя варианта; восстановлено по суффиксу свойств и цвета.
enderio	item.enderio.clear_glass_na_lime	Lime Clear Glass (Animals Blocked)		Лаймовое чистое стекло (животные не проходят)	В en_us и ru_ru отсутствует имя варианта; восстановлено по суффиксу свойств и цвета.
enderio	item.enderio.clear_glass_na_magenta	Magenta Clear Glass (Animals Blocked)		Пурпурное чистое стекло (животные не проходят)	В en_us и ru_ru отсутствует имя варианта; восстановлено по суффиксу свойств и цвета.
enderio	item.enderio.clear_glass_na_orange	Orange Clear Glass (Animals Blocked)		Оранжевое чистое стекло (животные не проходят)	В en_us и ru_ru отсутствует имя варианта; восстановлено по суффиксу свойств и цвета.
enderio	item.enderio.clear_glass_na_pink	Pink Clear Glass (Animals Blocked)		Розовое чистое стекло (животные не проходят)	В en_us и ru_ru отсутствует имя варианта; восстановлено по суффиксу свойств и цвета.
enderio	item.enderio.clear_glass_na_purple	Purple Clear Glass (Animals Blocked)		Фиолетовое чистое стекло (животные не проходят)	В en_us и ru_ru отсутствует имя варианта; восстановлено по суффиксу свойств и цвета.
enderio	item.enderio.clear_glass_na_red	Red Clear Glass (Animals Blocked)		Красное чистое стекло (животные не проходят)	В en_us и ru_ru отсутствует имя варианта; восстановлено по суффиксу свойств и цвета.
enderio	item.enderio.clear_glass_na_white	White Clear Glass (Animals Blocked)		Белое чистое стекло (животные не проходят)	В en_us и ru_ru отсутствует имя варианта; восстановлено по суффиксу свойств и цвета.
enderio	item.enderio.clear_glass_na_yellow	Yellow Clear Glass (Animals Blocked)		Жёлтое чистое стекло (животные не проходят)	В en_us и ru_ru отсутствует имя варианта; восстановлено по суффиксу свойств и цвета.
enderio	item.enderio.clear_glass_nm	Clear Glass (Monsters Blocked)		Чистое стекло (монстры не проходят)	В en_us и ru_ru отсутствует имя варианта; восстановлено по суффиксу свойств и цвета.
enderio	item.enderio.clear_glass_nm_black	Black Clear Glass (Monsters Blocked)		Чёрное чистое стекло (монстры не проходят)	В en_us и ru_ru отсутствует имя варианта; восстановлено по суффиксу свойств и цвета.
enderio	item.enderio.clear_glass_nm_blue	Blue Clear Glass (Monsters Blocked)		Синее чистое стекло (монстры не проходят)	В en_us и ru_ru отсутствует имя варианта; восстановлено по суффиксу свойств и цвета.
enderio	item.enderio.clear_glass_nm_brown	Brown Clear Glass (Monsters Blocked)		Коричневое чистое стекло (монстры не проходят)	В en_us и ru_ru отсутствует имя варианта; восстановлено по суффиксу свойств и цвета.
enderio	item.enderio.clear_glass_nm_cyan	Cyan Clear Glass (Monsters Blocked)		Бирюзовое чистое стекло (монстры не проходят)	В en_us и ru_ru отсутствует имя варианта; восстановлено по суффиксу свойств и цвета.
enderio	item.enderio.clear_glass_nm_gray	Gray Clear Glass (Monsters Blocked)		Серое чистое стекло (монстры не проходят)	В en_us и ru_ru отсутствует имя варианта; восстановлено по суффиксу свойств и цвета.
enderio	item.enderio.clear_glass_nm_green	Green Clear Glass (Monsters Blocked)		Зелёное чистое стекло (монстры не проходят)	В en_us и ru_ru отсутствует имя варианта; восстановлено по суффиксу свойств и цвета.
enderio	item.enderio.clear_glass_nm_light_blue	Light Blue Clear Glass (Monsters Blocked)		Голубое чистое стекло (монстры не проходят)	В en_us и ru_ru отсутствует имя варианта; восстановлено по суффиксу свойств и цвета.
enderio	item.enderio.clear_glass_nm_light_gray	Light Gray Clear Glass (Monsters Blocked)		Светло-серое чистое стекло (монстры не проходят)	В en_us и ru_ru отсутствует имя варианта; восстановлено по суффиксу свойств и цвета.
enderio	item.enderio.clear_glass_nm_lime	Lime Clear Glass (Monsters Blocked)		Лаймовое чистое стекло (монстры не проходят)	В en_us и ru_ru отсутствует имя варианта; восстановлено по суффиксу свойств и цвета.
enderio	item.enderio.clear_glass_nm_magenta	Magenta Clear Glass (Monsters Blocked)		Пурпурное чистое стекло (монстры не проходят)	В en_us и ru_ru отсутствует имя варианта; восстановлено по суффиксу свойств и цвета.
enderio	item.enderio.clear_glass_nm_orange	Orange Clear Glass (Monsters Blocked)		Оранжевое чистое стекло (монстры не проходят)	В en_us и ru_ru отсутствует имя варианта; восстановлено по суффиксу свойств и цвета.
enderio	item.enderio.clear_glass_nm_pink	Pink Clear Glass (Monsters Blocked)		Розовое чистое стекло (монстры не проходят)	В en_us и ru_ru отсутствует имя варианта; восстановлено по суффиксу свойств и цвета.
enderio	item.enderio.clear_glass_nm_purple	Purple Clear Glass (Monsters Blocked)		Фиолетовое чистое стекло (монстры не проходят)	В en_us и ru_ru отсутствует имя варианта; восстановлено по суффиксу свойств и цвета.
enderio	item.enderio.clear_glass_nm_red	Red Clear Glass (Monsters Blocked)		Красное чистое стекло (монстры не проходят)	В en_us и ru_ru отсутствует имя варианта; восстановлено по суффиксу свойств и цвета.
enderio	item.enderio.clear_glass_nm_white	White Clear Glass (Monsters Blocked)		Белое чистое стекло (монстры не проходят)	В en_us и ru_ru отсутствует имя варианта; восстановлено по суффиксу свойств и цвета.
enderio	item.enderio.clear_glass_nm_yellow	Yellow Clear Glass (Monsters Blocked)		Жёлтое чистое стекло (монстры не проходят)	В en_us и ru_ru отсутствует имя варианта; восстановлено по суффиксу свойств и цвета.
enderio	item.enderio.clear_glass_np	Clear Glass (Players Blocked)		Чистое стекло (игроки не проходят)	В en_us и ru_ru отсутствует имя варианта; восстановлено по суффиксу свойств и цвета.
enderio	item.enderio.clear_glass_np_black	Black Clear Glass (Players Blocked)		Чёрное чистое стекло (игроки не проходят)	В en_us и ru_ru отсутствует имя варианта; восстановлено по суффиксу свойств и цвета.
enderio	item.enderio.clear_glass_np_blue	Blue Clear Glass (Players Blocked)		Синее чистое стекло (игроки не проходят)	В en_us и ru_ru отсутствует имя варианта; восстановлено по суффиксу свойств и цвета.
enderio	item.enderio.clear_glass_np_brown	Brown Clear Glass (Players Blocked)		Коричневое чистое стекло (игроки не проходят)	В en_us и ru_ru отсутствует имя варианта; восстановлено по суффиксу свойств и цвета.
enderio	item.enderio.clear_glass_np_cyan	Cyan Clear Glass (Players Blocked)		Бирюзовое чистое стекло (игроки не проходят)	В en_us и ru_ru отсутствует имя варианта; восстановлено по суффиксу свойств и цвета.
enderio	item.enderio.clear_glass_np_gray	Gray Clear Glass (Players Blocked)		Серое чистое стекло (игроки не проходят)	В en_us и ru_ru отсутствует имя варианта; восстановлено по суффиксу свойств и цвета.
enderio	item.enderio.clear_glass_np_green	Green Clear Glass (Players Blocked)		Зелёное чистое стекло (игроки не проходят)	В en_us и ru_ru отсутствует имя варианта; восстановлено по суффиксу свойств и цвета.
enderio	item.enderio.clear_glass_np_light_blue	Light Blue Clear Glass (Players Blocked)		Голубое чистое стекло (игроки не проходят)	В en_us и ru_ru отсутствует имя варианта; восстановлено по суффиксу свойств и цвета.
enderio	item.enderio.clear_glass_np_light_gray	Light Gray Clear Glass (Players Blocked)		Светло-серое чистое стекло (игроки не проходят)	В en_us и ru_ru отсутствует имя варианта; восстановлено по суффиксу свойств и цвета.
enderio	item.enderio.clear_glass_np_lime	Lime Clear Glass (Players Blocked)		Лаймовое чистое стекло (игроки не проходят)	В en_us и ru_ru отсутствует имя варианта; восстановлено по суффиксу свойств и цвета.
enderio	item.enderio.clear_glass_np_magenta	Magenta Clear Glass (Players Blocked)		Пурпурное чистое стекло (игроки не проходят)	В en_us и ru_ru отсутствует имя варианта; восстановлено по суффиксу свойств и цвета.
enderio	item.enderio.clear_glass_np_orange	Orange Clear Glass (Players Blocked)		Оранжевое чистое стекло (игроки не проходят)	В en_us и ru_ru отсутствует имя варианта; восстановлено по суффиксу свойств и цвета.
enderio	item.enderio.clear_glass_np_pink	Pink Clear Glass (Players Blocked)		Розовое чистое стекло (игроки не проходят)	В en_us и ru_ru отсутствует имя варианта; восстановлено по суффиксу свойств и цвета.
enderio	item.enderio.clear_glass_np_purple	Purple Clear Glass (Players Blocked)		Фиолетовое чистое стекло (игроки не проходят)	В en_us и ru_ru отсутствует имя варианта; восстановлено по суффиксу свойств и цвета.
enderio	item.enderio.clear_glass_np_red	Red Clear Glass (Players Blocked)		Красное чистое стекло (игроки не проходят)	В en_us и ru_ru отсутствует имя варианта; восстановлено по суффиксу свойств и цвета.
enderio	item.enderio.clear_glass_np_white	White Clear Glass (Players Blocked)		Белое чистое стекло (игроки не проходят)	В en_us и ru_ru отсутствует имя варианта; восстановлено по суффиксу свойств и цвета.
enderio	item.enderio.clear_glass_np_yellow	Yellow Clear Glass (Players Blocked)		Жёлтое чистое стекло (игроки не проходят)	В en_us и ru_ru отсутствует имя варианта; восстановлено по суффиксу свойств и цвета.
enderio	item.enderio.clear_glass_p	Clear Glass (Players Pass)		Чистое стекло (проходят игроки)	В en_us и ru_ru отсутствует имя варианта; восстановлено по суффиксу свойств и цвета.
enderio	item.enderio.clear_glass_p_black	Black Clear Glass (Players Pass)		Чёрное чистое стекло (проходят игроки)	В en_us и ru_ru отсутствует имя варианта; восстановлено по суффиксу свойств и цвета.
enderio	item.enderio.clear_glass_p_blue	Blue Clear Glass (Players Pass)		Синее чистое стекло (проходят игроки)	В en_us и ru_ru отсутствует имя варианта; восстановлено по суффиксу свойств и цвета.
enderio	item.enderio.clear_glass_p_brown	Brown Clear Glass (Players Pass)		Коричневое чистое стекло (проходят игроки)	В en_us и ru_ru отсутствует имя варианта; восстановлено по суффиксу свойств и цвета.
enderio	item.enderio.clear_glass_p_cyan	Cyan Clear Glass (Players Pass)		Бирюзовое чистое стекло (проходят игроки)	В en_us и ru_ru отсутствует имя варианта; восстановлено по суффиксу свойств и цвета.
enderio	item.enderio.clear_glass_p_gray	Gray Clear Glass (Players Pass)		Серое чистое стекло (проходят игроки)	В en_us и ru_ru отсутствует имя варианта; восстановлено по суффиксу свойств и цвета.
enderio	item.enderio.clear_glass_p_green	Green Clear Glass (Players Pass)		Зелёное чистое стекло (проходят игроки)	В en_us и ru_ru отсутствует имя варианта; восстановлено по суффиксу свойств и цвета.
enderio	item.enderio.clear_glass_p_light_blue	Light Blue Clear Glass (Players Pass)		Голубое чистое стекло (проходят игроки)	В en_us и ru_ru отсутствует имя варианта; восстановлено по суффиксу свойств и цвета.
enderio	item.enderio.clear_glass_p_light_gray	Light Gray Clear Glass (Players Pass)		Светло-серое чистое стекло (проходят игроки)	В en_us и ru_ru отсутствует имя варианта; восстановлено по суффиксу свойств и цвета.
enderio	item.enderio.clear_glass_p_lime	Lime Clear Glass (Players Pass)		Лаймовое чистое стекло (проходят игроки)	В en_us и ru_ru отсутствует имя варианта; восстановлено по суффиксу свойств и цвета.
enderio	item.enderio.clear_glass_p_magenta	Magenta Clear Glass (Players Pass)		Пурпурное чистое стекло (проходят игроки)	В en_us и ru_ru отсутствует имя варианта; восстановлено по суффиксу свойств и цвета.
enderio	item.enderio.clear_glass_p_orange	Orange Clear Glass (Players Pass)		Оранжевое чистое стекло (проходят игроки)	В en_us и ru_ru отсутствует имя варианта; восстановлено по суффиксу свойств и цвета.
enderio	item.enderio.clear_glass_p_pink	Pink Clear Glass (Players Pass)		Розовое чистое стекло (проходят игроки)	В en_us и ru_ru отсутствует имя варианта; восстановлено по суффиксу свойств и цвета.
enderio	item.enderio.clear_glass_p_purple	Purple Clear Glass (Players Pass)		Фиолетовое чистое стекло (проходят игроки)	В en_us и ru_ru отсутствует имя варианта; восстановлено по суффиксу свойств и цвета.
enderio	item.enderio.clear_glass_p_red	Red Clear Glass (Players Pass)		Красное чистое стекло (проходят игроки)	В en_us и ru_ru отсутствует имя варианта; восстановлено по суффиксу свойств и цвета.
enderio	item.enderio.clear_glass_p_white	White Clear Glass (Players Pass)		Белое чистое стекло (проходят игроки)	В en_us и ru_ru отсутствует имя варианта; восстановлено по суффиксу свойств и цвета.
enderio	item.enderio.clear_glass_p_yellow	Yellow Clear Glass (Players Pass)		Жёлтое чистое стекло (проходят игроки)	В en_us и ru_ru отсутствует имя варианта; восстановлено по суффиксу свойств и цвета.
enderio	item.enderio.conduit_probe	Conduit Probe		Анализатор труб	Русское имя отсутствует; название передаёт назначение инструмента.
enderio	item.enderio.entity_filter	Soul Filter		Фильтр душ	Русское имя отсутствует.
enderio	item.enderio.fused_quartz_a	Fused Quartz (Animals Pass)		Плавленый кварц (проходят животные)	В en_us и ru_ru отсутствует имя варианта; восстановлено по суффиксу свойств и цвета.
enderio	item.enderio.fused_quartz_a_black	Black Fused Quartz (Animals Pass)		Чёрный плавленый кварц (проходят животные)	В en_us и ru_ru отсутствует имя варианта; восстановлено по суффиксу свойств и цвета.
enderio	item.enderio.fused_quartz_a_blue	Blue Fused Quartz (Animals Pass)		Синий плавленый кварц (проходят животные)	В en_us и ru_ru отсутствует имя варианта; восстановлено по суффиксу свойств и цвета.
enderio	item.enderio.fused_quartz_a_brown	Brown Fused Quartz (Animals Pass)		Коричневый плавленый кварц (проходят животные)	В en_us и ru_ru отсутствует имя варианта; восстановлено по суффиксу свойств и цвета.
enderio	item.enderio.fused_quartz_a_cyan	Cyan Fused Quartz (Animals Pass)		Бирюзовый плавленый кварц (проходят животные)	В en_us и ru_ru отсутствует имя варианта; восстановлено по суффиксу свойств и цвета.
enderio	item.enderio.fused_quartz_a_gray	Gray Fused Quartz (Animals Pass)		Серый плавленый кварц (проходят животные)	В en_us и ru_ru отсутствует имя варианта; восстановлено по суффиксу свойств и цвета.
enderio	item.enderio.fused_quartz_a_green	Green Fused Quartz (Animals Pass)		Зелёный плавленый кварц (проходят животные)	В en_us и ru_ru отсутствует имя варианта; восстановлено по суффиксу свойств и цвета.
enderio	item.enderio.fused_quartz_a_light_blue	Light Blue Fused Quartz (Animals Pass)		Голубой плавленый кварц (проходят животные)	В en_us и ru_ru отсутствует имя варианта; восстановлено по суффиксу свойств и цвета.
enderio	item.enderio.fused_quartz_a_light_gray	Light Gray Fused Quartz (Animals Pass)		Светло-серый плавленый кварц (проходят животные)	В en_us и ru_ru отсутствует имя варианта; восстановлено по суффиксу свойств и цвета.
enderio	item.enderio.fused_quartz_a_lime	Lime Fused Quartz (Animals Pass)		Лаймовый плавленый кварц (проходят животные)	В en_us и ru_ru отсутствует имя варианта; восстановлено по суффиксу свойств и цвета.
enderio	item.enderio.fused_quartz_a_magenta	Magenta Fused Quartz (Animals Pass)		Пурпурный плавленый кварц (проходят животные)	В en_us и ru_ru отсутствует имя варианта; восстановлено по суффиксу свойств и цвета.
enderio	item.enderio.fused_quartz_a_orange	Orange Fused Quartz (Animals Pass)		Оранжевый плавленый кварц (проходят животные)	В en_us и ru_ru отсутствует имя варианта; восстановлено по суффиксу свойств и цвета.
enderio	item.enderio.fused_quartz_a_pink	Pink Fused Quartz (Animals Pass)		Розовый плавленый кварц (проходят животные)	В en_us и ru_ru отсутствует имя варианта; восстановлено по суффиксу свойств и цвета.
enderio	item.enderio.fused_quartz_a_purple	Purple Fused Quartz (Animals Pass)		Фиолетовый плавленый кварц (проходят животные)	В en_us и ru_ru отсутствует имя варианта; восстановлено по суффиксу свойств и цвета.
enderio	item.enderio.fused_quartz_a_red	Red Fused Quartz (Animals Pass)		Красный плавленый кварц (проходят животные)	В en_us и ru_ru отсутствует имя варианта; восстановлено по суффиксу свойств и цвета.
enderio	item.enderio.fused_quartz_a_white	White Fused Quartz (Animals Pass)		Белый плавленый кварц (проходят животные)	В en_us и ru_ru отсутствует имя варианта; восстановлено по суффиксу свойств и цвета.
enderio	item.enderio.fused_quartz_a_yellow	Yellow Fused Quartz (Animals Pass)		Жёлтый плавленый кварц (проходят животные)	В en_us и ru_ru отсутствует имя варианта; восстановлено по суффиксу свойств и цвета.
enderio	item.enderio.fused_quartz_da	Dark Fused Quartz (Animals Pass)		Затемняющий плавленый кварц (проходят животные)	В en_us и ru_ru отсутствует имя варианта; восстановлено по суффиксу свойств и цвета.
enderio	item.enderio.fused_quartz_da_black	Black Dark Fused Quartz (Animals Pass)		Чёрный затемняющий плавленый кварц (проходят животные)	В en_us и ru_ru отсутствует имя варианта; восстановлено по суффиксу свойств и цвета.
enderio	item.enderio.fused_quartz_da_blue	Blue Dark Fused Quartz (Animals Pass)		Синий затемняющий плавленый кварц (проходят животные)	В en_us и ru_ru отсутствует имя варианта; восстановлено по суффиксу свойств и цвета.
enderio	item.enderio.fused_quartz_da_brown	Brown Dark Fused Quartz (Animals Pass)		Коричневый затемняющий плавленый кварц (проходят животные)	В en_us и ru_ru отсутствует имя варианта; восстановлено по суффиксу свойств и цвета.
enderio	item.enderio.fused_quartz_da_cyan	Cyan Dark Fused Quartz (Animals Pass)		Бирюзовый затемняющий плавленый кварц (проходят животные)	В en_us и ru_ru отсутствует имя варианта; восстановлено по суффиксу свойств и цвета.
enderio	item.enderio.fused_quartz_da_gray	Gray Dark Fused Quartz (Animals Pass)		Серый затемняющий плавленый кварц (проходят животные)	В en_us и ru_ru отсутствует имя варианта; восстановлено по суффиксу свойств и цвета.
enderio	item.enderio.fused_quartz_da_green	Green Dark Fused Quartz (Animals Pass)		Зелёный затемняющий плавленый кварц (проходят животные)	В en_us и ru_ru отсутствует имя варианта; восстановлено по суффиксу свойств и цвета.
enderio	item.enderio.fused_quartz_da_light_blue	Light Blue Dark Fused Quartz (Animals Pass)		Голубой затемняющий плавленый кварц (проходят животные)	В en_us и ru_ru отсутствует имя варианта; восстановлено по суффиксу свойств и цвета.
enderio	item.enderio.fused_quartz_da_light_gray	Light Gray Dark Fused Quartz (Animals Pass)		Светло-серый затемняющий плавленый кварц (проходят животные)	В en_us и ru_ru отсутствует имя варианта; восстановлено по суффиксу свойств и цвета.
enderio	item.enderio.fused_quartz_da_lime	Lime Dark Fused Quartz (Animals Pass)		Лаймовый затемняющий плавленый кварц (проходят животные)	В en_us и ru_ru отсутствует имя варианта; восстановлено по суффиксу свойств и цвета.
enderio	item.enderio.fused_quartz_da_magenta	Magenta Dark Fused Quartz (Animals Pass)		Пурпурный затемняющий плавленый кварц (проходят животные)	В en_us и ru_ru отсутствует имя варианта; восстановлено по суффиксу свойств и цвета.
enderio	item.enderio.fused_quartz_da_orange	Orange Dark Fused Quartz (Animals Pass)		Оранжевый затемняющий плавленый кварц (проходят животные)	В en_us и ru_ru отсутствует имя варианта; восстановлено по суффиксу свойств и цвета.
enderio	item.enderio.fused_quartz_da_pink	Pink Dark Fused Quartz (Animals Pass)		Розовый затемняющий плавленый кварц (проходят животные)	В en_us и ru_ru отсутствует имя варианта; восстановлено по суффиксу свойств и цвета.
enderio	item.enderio.fused_quartz_da_purple	Purple Dark Fused Quartz (Animals Pass)		Фиолетовый затемняющий плавленый кварц (проходят животные)	В en_us и ru_ru отсутствует имя варианта; восстановлено по суффиксу свойств и цвета.
enderio	item.enderio.fused_quartz_da_red	Red Dark Fused Quartz (Animals Pass)		Красный затемняющий плавленый кварц (проходят животные)	В en_us и ru_ru отсутствует имя варианта; восстановлено по суффиксу свойств и цвета.
enderio	item.enderio.fused_quartz_da_white	White Dark Fused Quartz (Animals Pass)		Белый затемняющий плавленый кварц (проходят животные)	В en_us и ru_ru отсутствует имя варианта; восстановлено по суффиксу свойств и цвета.
enderio	item.enderio.fused_quartz_da_yellow	Yellow Dark Fused Quartz (Animals Pass)		Жёлтый затемняющий плавленый кварц (проходят животные)	В en_us и ru_ru отсутствует имя варианта; восстановлено по суффиксу свойств и цвета.
enderio	item.enderio.fused_quartz_dm	Dark Fused Quartz (Monsters Pass)		Затемняющий плавленый кварц (проходят монстры)	В en_us и ru_ru отсутствует имя варианта; восстановлено по суффиксу свойств и цвета.
enderio	item.enderio.fused_quartz_dm_black	Black Dark Fused Quartz (Monsters Pass)		Чёрный затемняющий плавленый кварц (проходят монстры)	В en_us и ru_ru отсутствует имя варианта; восстановлено по суффиксу свойств и цвета.
enderio	item.enderio.fused_quartz_dm_blue	Blue Dark Fused Quartz (Monsters Pass)		Синий затемняющий плавленый кварц (проходят монстры)	В en_us и ru_ru отсутствует имя варианта; восстановлено по суффиксу свойств и цвета.
enderio	item.enderio.fused_quartz_dm_brown	Brown Dark Fused Quartz (Monsters Pass)		Коричневый затемняющий плавленый кварц (проходят монстры)	В en_us и ru_ru отсутствует имя варианта; восстановлено по суффиксу свойств и цвета.
enderio	item.enderio.fused_quartz_dm_cyan	Cyan Dark Fused Quartz (Monsters Pass)		Бирюзовый затемняющий плавленый кварц (проходят монстры)	В en_us и ru_ru отсутствует имя варианта; восстановлено по суффиксу свойств и цвета.
enderio	item.enderio.fused_quartz_dm_gray	Gray Dark Fused Quartz (Monsters Pass)		Серый затемняющий плавленый кварц (проходят монстры)	В en_us и ru_ru отсутствует имя варианта; восстановлено по суффиксу свойств и цвета.
enderio	item.enderio.fused_quartz_dm_green	Green Dark Fused Quartz (Monsters Pass)		Зелёный затемняющий плавленый кварц (проходят монстры)	В en_us и ru_ru отсутствует имя варианта; восстановлено по суффиксу свойств и цвета.
enderio	item.enderio.fused_quartz_dm_light_blue	Light Blue Dark Fused Quartz (Monsters Pass)		Голубой затемняющий плавленый кварц (проходят монстры)	В en_us и ru_ru отсутствует имя варианта; восстановлено по суффиксу свойств и цвета.
enderio	item.enderio.fused_quartz_dm_light_gray	Light Gray Dark Fused Quartz (Monsters Pass)		Светло-серый затемняющий плавленый кварц (проходят монстры)	В en_us и ru_ru отсутствует имя варианта; восстановлено по суффиксу свойств и цвета.
enderio	item.enderio.fused_quartz_dm_lime	Lime Dark Fused Quartz (Monsters Pass)		Лаймовый затемняющий плавленый кварц (проходят монстры)	В en_us и ru_ru отсутствует имя варианта; восстановлено по суффиксу свойств и цвета.
enderio	item.enderio.fused_quartz_dm_magenta	Magenta Dark Fused Quartz (Monsters Pass)		Пурпурный затемняющий плавленый кварц (проходят монстры)	В en_us и ru_ru отсутствует имя варианта; восстановлено по суффиксу свойств и цвета.
enderio	item.enderio.fused_quartz_dm_orange	Orange Dark Fused Quartz (Monsters Pass)		Оранжевый затемняющий плавленый кварц (проходят монстры)	В en_us и ru_ru отсутствует имя варианта; восстановлено по суффиксу свойств и цвета.
enderio	item.enderio.fused_quartz_dm_pink	Pink Dark Fused Quartz (Monsters Pass)		Розовый затемняющий плавленый кварц (проходят монстры)	В en_us и ru_ru отсутствует имя варианта; восстановлено по суффиксу свойств и цвета.
enderio	item.enderio.fused_quartz_dm_purple	Purple Dark Fused Quartz (Monsters Pass)		Фиолетовый затемняющий плавленый кварц (проходят монстры)	В en_us и ru_ru отсутствует имя варианта; восстановлено по суффиксу свойств и цвета.
enderio	item.enderio.fused_quartz_dm_red	Red Dark Fused Quartz (Monsters Pass)		Красный затемняющий плавленый кварц (проходят монстры)	В en_us и ru_ru отсутствует имя варианта; восстановлено по суффиксу свойств и цвета.
enderio	item.enderio.fused_quartz_dm_white	White Dark Fused Quartz (Monsters Pass)		Белый затемняющий плавленый кварц (проходят монстры)	В en_us и ru_ru отсутствует имя варианта; восстановлено по суффиксу свойств и цвета.
enderio	item.enderio.fused_quartz_dm_yellow	Yellow Dark Fused Quartz (Monsters Pass)		Жёлтый затемняющий плавленый кварц (проходят монстры)	В en_us и ru_ru отсутствует имя варианта; восстановлено по суффиксу свойств и цвета.
enderio	item.enderio.fused_quartz_dna	Dark Fused Quartz (Animals Blocked)		Затемняющий плавленый кварц (животные не проходят)	В en_us и ru_ru отсутствует имя варианта; восстановлено по суффиксу свойств и цвета.
enderio	item.enderio.fused_quartz_dna_black	Black Dark Fused Quartz (Animals Blocked)		Чёрный затемняющий плавленый кварц (животные не проходят)	В en_us и ru_ru отсутствует имя варианта; восстановлено по суффиксу свойств и цвета.
enderio	item.enderio.fused_quartz_dna_blue	Blue Dark Fused Quartz (Animals Blocked)		Синий затемняющий плавленый кварц (животные не проходят)	В en_us и ru_ru отсутствует имя варианта; восстановлено по суффиксу свойств и цвета.
enderio	item.enderio.fused_quartz_dna_brown	Brown Dark Fused Quartz (Animals Blocked)		Коричневый затемняющий плавленый кварц (животные не проходят)	В en_us и ru_ru отсутствует имя варианта; восстановлено по суффиксу свойств и цвета.
enderio	item.enderio.fused_quartz_dna_cyan	Cyan Dark Fused Quartz (Animals Blocked)		Бирюзовый затемняющий плавленый кварц (животные не проходят)	В en_us и ru_ru отсутствует имя варианта; восстановлено по суффиксу свойств и цвета.
enderio	item.enderio.fused_quartz_dna_gray	Gray Dark Fused Quartz (Animals Blocked)		Серый затемняющий плавленый кварц (животные не проходят)	В en_us и ru_ru отсутствует имя варианта; восстановлено по суффиксу свойств и цвета.
enderio	item.enderio.fused_quartz_dna_green	Green Dark Fused Quartz (Animals Blocked)		Зелёный затемняющий плавленый кварц (животные не проходят)	В en_us и ru_ru отсутствует имя варианта; восстановлено по суффиксу свойств и цвета.
enderio	item.enderio.fused_quartz_dna_light_blue	Light Blue Dark Fused Quartz (Animals Blocked)		Голубой затемняющий плавленый кварц (животные не проходят)	В en_us и ru_ru отсутствует имя варианта; восстановлено по суффиксу свойств и цвета.
enderio	item.enderio.fused_quartz_dna_light_gray	Light Gray Dark Fused Quartz (Animals Blocked)		Светло-серый затемняющий плавленый кварц (животные не проходят)	В en_us и ru_ru отсутствует имя варианта; восстановлено по суффиксу свойств и цвета.
enderio	item.enderio.fused_quartz_dna_lime	Lime Dark Fused Quartz (Animals Blocked)		Лаймовый затемняющий плавленый кварц (животные не проходят)	В en_us и ru_ru отсутствует имя варианта; восстановлено по суффиксу свойств и цвета.
enderio	item.enderio.fused_quartz_dna_magenta	Magenta Dark Fused Quartz (Animals Blocked)		Пурпурный затемняющий плавленый кварц (животные не проходят)	В en_us и ru_ru отсутствует имя варианта; восстановлено по суффиксу свойств и цвета.
enderio	item.enderio.fused_quartz_dna_orange	Orange Dark Fused Quartz (Animals Blocked)		Оранжевый затемняющий плавленый кварц (животные не проходят)	В en_us и ru_ru отсутствует имя варианта; восстановлено по суффиксу свойств и цвета.
enderio	item.enderio.fused_quartz_dna_pink	Pink Dark Fused Quartz (Animals Blocked)		Розовый затемняющий плавленый кварц (животные не проходят)	В en_us и ru_ru отсутствует имя варианта; восстановлено по суффиксу свойств и цвета.
enderio	item.enderio.fused_quartz_dna_purple	Purple Dark Fused Quartz (Animals Blocked)		Фиолетовый затемняющий плавленый кварц (животные не проходят)	В en_us и ru_ru отсутствует имя варианта; восстановлено по суффиксу свойств и цвета.
enderio	item.enderio.fused_quartz_dna_red	Red Dark Fused Quartz (Animals Blocked)		Красный затемняющий плавленый кварц (животные не проходят)	В en_us и ru_ru отсутствует имя варианта; восстановлено по суффиксу свойств и цвета.
enderio	item.enderio.fused_quartz_dna_white	White Dark Fused Quartz (Animals Blocked)		Белый затемняющий плавленый кварц (животные не проходят)	В en_us и ru_ru отсутствует имя варианта; восстановлено по суффиксу свойств и цвета.
enderio	item.enderio.fused_quartz_dna_yellow	Yellow Dark Fused Quartz (Animals Blocked)		Жёлтый затемняющий плавленый кварц (животные не проходят)	В en_us и ru_ru отсутствует имя варианта; восстановлено по суффиксу свойств и цвета.
enderio	item.enderio.fused_quartz_dnm	Dark Fused Quartz (Monsters Blocked)		Затемняющий плавленый кварц (монстры не проходят)	В en_us и ru_ru отсутствует имя варианта; восстановлено по суффиксу свойств и цвета.
enderio	item.enderio.fused_quartz_dnm_black	Black Dark Fused Quartz (Monsters Blocked)		Чёрный затемняющий плавленый кварц (монстры не проходят)	В en_us и ru_ru отсутствует имя варианта; восстановлено по суффиксу свойств и цвета.
enderio	item.enderio.fused_quartz_dnm_blue	Blue Dark Fused Quartz (Monsters Blocked)		Синий затемняющий плавленый кварц (монстры не проходят)	В en_us и ru_ru отсутствует имя варианта; восстановлено по суффиксу свойств и цвета.
enderio	item.enderio.fused_quartz_dnm_brown	Brown Dark Fused Quartz (Monsters Blocked)		Коричневый затемняющий плавленый кварц (монстры не проходят)	В en_us и ru_ru отсутствует имя варианта; восстановлено по суффиксу свойств и цвета.
enderio	item.enderio.fused_quartz_dnm_cyan	Cyan Dark Fused Quartz (Monsters Blocked)		Бирюзовый затемняющий плавленый кварц (монстры не проходят)	В en_us и ru_ru отсутствует имя варианта; восстановлено по суффиксу свойств и цвета.
enderio	item.enderio.fused_quartz_dnm_gray	Gray Dark Fused Quartz (Monsters Blocked)		Серый затемняющий плавленый кварц (монстры не проходят)	В en_us и ru_ru отсутствует имя варианта; восстановлено по суффиксу свойств и цвета.
enderio	item.enderio.fused_quartz_dnm_green	Green Dark Fused Quartz (Monsters Blocked)		Зелёный затемняющий плавленый кварц (монстры не проходят)	В en_us и ru_ru отсутствует имя варианта; восстановлено по суффиксу свойств и цвета.
enderio	item.enderio.fused_quartz_dnm_light_blue	Light Blue Dark Fused Quartz (Monsters Blocked)		Голубой затемняющий плавленый кварц (монстры не проходят)	В en_us и ru_ru отсутствует имя варианта; восстановлено по суффиксу свойств и цвета.
enderio	item.enderio.fused_quartz_dnm_light_gray	Light Gray Dark Fused Quartz (Monsters Blocked)		Светло-серый затемняющий плавленый кварц (монстры не проходят)	В en_us и ru_ru отсутствует имя варианта; восстановлено по суффиксу свойств и цвета.
enderio	item.enderio.fused_quartz_dnm_lime	Lime Dark Fused Quartz (Monsters Blocked)		Лаймовый затемняющий плавленый кварц (монстры не проходят)	В en_us и ru_ru отсутствует имя варианта; восстановлено по суффиксу свойств и цвета.
enderio	item.enderio.fused_quartz_dnm_magenta	Magenta Dark Fused Quartz (Monsters Blocked)		Пурпурный затемняющий плавленый кварц (монстры не проходят)	В en_us и ru_ru отсутствует имя варианта; восстановлено по суффиксу свойств и цвета.
enderio	item.enderio.fused_quartz_dnm_orange	Orange Dark Fused Quartz (Monsters Blocked)		Оранжевый затемняющий плавленый кварц (монстры не проходят)	В en_us и ru_ru отсутствует имя варианта; восстановлено по суффиксу свойств и цвета.
enderio	item.enderio.fused_quartz_dnm_pink	Pink Dark Fused Quartz (Monsters Blocked)		Розовый затемняющий плавленый кварц (монстры не проходят)	В en_us и ru_ru отсутствует имя варианта; восстановлено по суффиксу свойств и цвета.
enderio	item.enderio.fused_quartz_dnm_purple	Purple Dark Fused Quartz (Monsters Blocked)		Фиолетовый затемняющий плавленый кварц (монстры не проходят)	В en_us и ru_ru отсутствует имя варианта; восстановлено по суффиксу свойств и цвета.
enderio	item.enderio.fused_quartz_dnm_red	Red Dark Fused Quartz (Monsters Blocked)		Красный затемняющий плавленый кварц (монстры не проходят)	В en_us и ru_ru отсутствует имя варианта; восстановлено по суффиксу свойств и цвета.
enderio	item.enderio.fused_quartz_dnm_white	White Dark Fused Quartz (Monsters Blocked)		Белый затемняющий плавленый кварц (монстры не проходят)	В en_us и ru_ru отсутствует имя варианта; восстановлено по суффиксу свойств и цвета.
enderio	item.enderio.fused_quartz_dnm_yellow	Yellow Dark Fused Quartz (Monsters Blocked)		Жёлтый затемняющий плавленый кварц (монстры не проходят)	В en_us и ru_ru отсутствует имя варианта; восстановлено по суффиксу свойств и цвета.
enderio	item.enderio.fused_quartz_dnp	Dark Fused Quartz (Players Blocked)		Затемняющий плавленый кварц (игроки не проходят)	В en_us и ru_ru отсутствует имя варианта; восстановлено по суффиксу свойств и цвета.
enderio	item.enderio.fused_quartz_dnp_black	Black Dark Fused Quartz (Players Blocked)		Чёрный затемняющий плавленый кварц (игроки не проходят)	В en_us и ru_ru отсутствует имя варианта; восстановлено по суффиксу свойств и цвета.
enderio	item.enderio.fused_quartz_dnp_blue	Blue Dark Fused Quartz (Players Blocked)		Синий затемняющий плавленый кварц (игроки не проходят)	В en_us и ru_ru отсутствует имя варианта; восстановлено по суффиксу свойств и цвета.
enderio	item.enderio.fused_quartz_dnp_brown	Brown Dark Fused Quartz (Players Blocked)		Коричневый затемняющий плавленый кварц (игроки не проходят)	В en_us и ru_ru отсутствует имя варианта; восстановлено по суффиксу свойств и цвета.
enderio	item.enderio.fused_quartz_dnp_cyan	Cyan Dark Fused Quartz (Players Blocked)		Бирюзовый затемняющий плавленый кварц (игроки не проходят)	В en_us и ru_ru отсутствует имя варианта; восстановлено по суффиксу свойств и цвета.
enderio	item.enderio.fused_quartz_dnp_gray	Gray Dark Fused Quartz (Players Blocked)		Серый затемняющий плавленый кварц (игроки не проходят)	В en_us и ru_ru отсутствует имя варианта; восстановлено по суффиксу свойств и цвета.
enderio	item.enderio.fused_quartz_dnp_green	Green Dark Fused Quartz (Players Blocked)		Зелёный затемняющий плавленый кварц (игроки не проходят)	В en_us и ru_ru отсутствует имя варианта; восстановлено по суффиксу свойств и цвета.
enderio	item.enderio.fused_quartz_dnp_light_blue	Light Blue Dark Fused Quartz (Players Blocked)		Голубой затемняющий плавленый кварц (игроки не проходят)	В en_us и ru_ru отсутствует имя варианта; восстановлено по суффиксу свойств и цвета.
enderio	item.enderio.fused_quartz_dnp_light_gray	Light Gray Dark Fused Quartz (Players Blocked)		Светло-серый затемняющий плавленый кварц (игроки не проходят)	В en_us и ru_ru отсутствует имя варианта; восстановлено по суффиксу свойств и цвета.
enderio	item.enderio.fused_quartz_dnp_lime	Lime Dark Fused Quartz (Players Blocked)		Лаймовый затемняющий плавленый кварц (игроки не проходят)	В en_us и ru_ru отсутствует имя варианта; восстановлено по суффиксу свойств и цвета.
enderio	item.enderio.fused_quartz_dnp_magenta	Magenta Dark Fused Quartz (Players Blocked)		Пурпурный затемняющий плавленый кварц (игроки не проходят)	В en_us и ru_ru отсутствует имя варианта; восстановлено по суффиксу свойств и цвета.
enderio	item.enderio.fused_quartz_dnp_orange	Orange Dark Fused Quartz (Players Blocked)		Оранжевый затемняющий плавленый кварц (игроки не проходят)	В en_us и ru_ru отсутствует имя варианта; восстановлено по суффиксу свойств и цвета.
enderio	item.enderio.fused_quartz_dnp_pink	Pink Dark Fused Quartz (Players Blocked)		Розовый затемняющий плавленый кварц (игроки не проходят)	В en_us и ru_ru отсутствует имя варианта; восстановлено по суффиксу свойств и цвета.
enderio	item.enderio.fused_quartz_dnp_purple	Purple Dark Fused Quartz (Players Blocked)		Фиолетовый затемняющий плавленый кварц (игроки не проходят)	В en_us и ru_ru отсутствует имя варианта; восстановлено по суффиксу свойств и цвета.
enderio	item.enderio.fused_quartz_dnp_red	Red Dark Fused Quartz (Players Blocked)		Красный затемняющий плавленый кварц (игроки не проходят)	В en_us и ru_ru отсутствует имя варианта; восстановлено по суффиксу свойств и цвета.
enderio	item.enderio.fused_quartz_dnp_white	White Dark Fused Quartz (Players Blocked)		Белый затемняющий плавленый кварц (игроки не проходят)	В en_us и ru_ru отсутствует имя варианта; восстановлено по суффиксу свойств и цвета.
enderio	item.enderio.fused_quartz_dnp_yellow	Yellow Dark Fused Quartz (Players Blocked)		Жёлтый затемняющий плавленый кварц (игроки не проходят)	В en_us и ru_ru отсутствует имя варианта; восстановлено по суффиксу свойств и цвета.
enderio	item.enderio.fused_quartz_dp	Dark Fused Quartz (Players Pass)		Затемняющий плавленый кварц (проходят игроки)	В en_us и ru_ru отсутствует имя варианта; восстановлено по суффиксу свойств и цвета.
enderio	item.enderio.fused_quartz_dp_black	Black Dark Fused Quartz (Players Pass)		Чёрный затемняющий плавленый кварц (проходят игроки)	В en_us и ru_ru отсутствует имя варианта; восстановлено по суффиксу свойств и цвета.
enderio	item.enderio.fused_quartz_dp_blue	Blue Dark Fused Quartz (Players Pass)		Синий затемняющий плавленый кварц (проходят игроки)	В en_us и ru_ru отсутствует имя варианта; восстановлено по суффиксу свойств и цвета.
enderio	item.enderio.fused_quartz_dp_brown	Brown Dark Fused Quartz (Players Pass)		Коричневый затемняющий плавленый кварц (проходят игроки)	В en_us и ru_ru отсутствует имя варианта; восстановлено по суффиксу свойств и цвета.
enderio	item.enderio.fused_quartz_dp_cyan	Cyan Dark Fused Quartz (Players Pass)		Бирюзовый затемняющий плавленый кварц (проходят игроки)	В en_us и ru_ru отсутствует имя варианта; восстановлено по суффиксу свойств и цвета.
enderio	item.enderio.fused_quartz_dp_gray	Gray Dark Fused Quartz (Players Pass)		Серый затемняющий плавленый кварц (проходят игроки)	В en_us и ru_ru отсутствует имя варианта; восстановлено по суффиксу свойств и цвета.
enderio	item.enderio.fused_quartz_dp_green	Green Dark Fused Quartz (Players Pass)		Зелёный затемняющий плавленый кварц (проходят игроки)	В en_us и ru_ru отсутствует имя варианта; восстановлено по суффиксу свойств и цвета.
enderio	item.enderio.fused_quartz_dp_light_blue	Light Blue Dark Fused Quartz (Players Pass)		Голубой затемняющий плавленый кварц (проходят игроки)	В en_us и ru_ru отсутствует имя варианта; восстановлено по суффиксу свойств и цвета.
enderio	item.enderio.fused_quartz_dp_light_gray	Light Gray Dark Fused Quartz (Players Pass)		Светло-серый затемняющий плавленый кварц (проходят игроки)	В en_us и ru_ru отсутствует имя варианта; восстановлено по суффиксу свойств и цвета.
enderio	item.enderio.fused_quartz_dp_lime	Lime Dark Fused Quartz (Players Pass)		Лаймовый затемняющий плавленый кварц (проходят игроки)	В en_us и ru_ru отсутствует имя варианта; восстановлено по суффиксу свойств и цвета.
enderio	item.enderio.fused_quartz_dp_magenta	Magenta Dark Fused Quartz (Players Pass)		Пурпурный затемняющий плавленый кварц (проходят игроки)	В en_us и ru_ru отсутствует имя варианта; восстановлено по суффиксу свойств и цвета.
enderio	item.enderio.fused_quartz_dp_orange	Orange Dark Fused Quartz (Players Pass)		Оранжевый затемняющий плавленый кварц (проходят игроки)	В en_us и ru_ru отсутствует имя варианта; восстановлено по суффиксу свойств и цвета.
enderio	item.enderio.fused_quartz_dp_pink	Pink Dark Fused Quartz (Players Pass)		Розовый затемняющий плавленый кварц (проходят игроки)	В en_us и ru_ru отсутствует имя варианта; восстановлено по суффиксу свойств и цвета.
enderio	item.enderio.fused_quartz_dp_purple	Purple Dark Fused Quartz (Players Pass)		Фиолетовый затемняющий плавленый кварц (проходят игроки)	В en_us и ru_ru отсутствует имя варианта; восстановлено по суффиксу свойств и цвета.
enderio	item.enderio.fused_quartz_dp_red	Red Dark Fused Quartz (Players Pass)		Красный затемняющий плавленый кварц (проходят игроки)	В en_us и ru_ru отсутствует имя варианта; восстановлено по суффиксу свойств и цвета.
enderio	item.enderio.fused_quartz_dp_white	White Dark Fused Quartz (Players Pass)		Белый затемняющий плавленый кварц (проходят игроки)	В en_us и ru_ru отсутствует имя варианта; восстановлено по суффиксу свойств и цвета.
enderio	item.enderio.fused_quartz_dp_yellow	Yellow Dark Fused Quartz (Players Pass)		Жёлтый затемняющий плавленый кварц (проходят игроки)	В en_us и ru_ru отсутствует имя варианта; восстановлено по суффиксу свойств и цвета.
enderio	item.enderio.fused_quartz_ea	Enlightened Fused Quartz (Animals Pass)		Осветляющий плавленый кварц (проходят животные)	В en_us и ru_ru отсутствует имя варианта; восстановлено по суффиксу свойств и цвета.
enderio	item.enderio.fused_quartz_ea_black	Black Enlightened Fused Quartz (Animals Pass)		Чёрный осветляющий плавленый кварц (проходят животные)	В en_us и ru_ru отсутствует имя варианта; восстановлено по суффиксу свойств и цвета.
enderio	item.enderio.fused_quartz_ea_blue	Blue Enlightened Fused Quartz (Animals Pass)		Синий осветляющий плавленый кварц (проходят животные)	В en_us и ru_ru отсутствует имя варианта; восстановлено по суффиксу свойств и цвета.
enderio	item.enderio.fused_quartz_ea_brown	Brown Enlightened Fused Quartz (Animals Pass)		Коричневый осветляющий плавленый кварц (проходят животные)	В en_us и ru_ru отсутствует имя варианта; восстановлено по суффиксу свойств и цвета.
enderio	item.enderio.fused_quartz_ea_cyan	Cyan Enlightened Fused Quartz (Animals Pass)		Бирюзовый осветляющий плавленый кварц (проходят животные)	В en_us и ru_ru отсутствует имя варианта; восстановлено по суффиксу свойств и цвета.
enderio	item.enderio.fused_quartz_ea_gray	Gray Enlightened Fused Quartz (Animals Pass)		Серый осветляющий плавленый кварц (проходят животные)	В en_us и ru_ru отсутствует имя варианта; восстановлено по суффиксу свойств и цвета.
enderio	item.enderio.fused_quartz_ea_green	Green Enlightened Fused Quartz (Animals Pass)		Зелёный осветляющий плавленый кварц (проходят животные)	В en_us и ru_ru отсутствует имя варианта; восстановлено по суффиксу свойств и цвета.
enderio	item.enderio.fused_quartz_ea_light_blue	Light Blue Enlightened Fused Quartz (Animals Pass)		Голубой осветляющий плавленый кварц (проходят животные)	В en_us и ru_ru отсутствует имя варианта; восстановлено по суффиксу свойств и цвета.
enderio	item.enderio.fused_quartz_ea_light_gray	Light Gray Enlightened Fused Quartz (Animals Pass)		Светло-серый осветляющий плавленый кварц (проходят животные)	В en_us и ru_ru отсутствует имя варианта; восстановлено по суффиксу свойств и цвета.
enderio	item.enderio.fused_quartz_ea_lime	Lime Enlightened Fused Quartz (Animals Pass)		Лаймовый осветляющий плавленый кварц (проходят животные)	В en_us и ru_ru отсутствует имя варианта; восстановлено по суффиксу свойств и цвета.
enderio	item.enderio.fused_quartz_ea_magenta	Magenta Enlightened Fused Quartz (Animals Pass)		Пурпурный осветляющий плавленый кварц (проходят животные)	В en_us и ru_ru отсутствует имя варианта; восстановлено по суффиксу свойств и цвета.
enderio	item.enderio.fused_quartz_ea_orange	Orange Enlightened Fused Quartz (Animals Pass)		Оранжевый осветляющий плавленый кварц (проходят животные)	В en_us и ru_ru отсутствует имя варианта; восстановлено по суффиксу свойств и цвета.
enderio	item.enderio.fused_quartz_ea_pink	Pink Enlightened Fused Quartz (Animals Pass)		Розовый осветляющий плавленый кварц (проходят животные)	В en_us и ru_ru отсутствует имя варианта; восстановлено по суффиксу свойств и цвета.
enderio	item.enderio.fused_quartz_ea_purple	Purple Enlightened Fused Quartz (Animals Pass)		Фиолетовый осветляющий плавленый кварц (проходят животные)	В en_us и ru_ru отсутствует имя варианта; восстановлено по суффиксу свойств и цвета.
enderio	item.enderio.fused_quartz_ea_red	Red Enlightened Fused Quartz (Animals Pass)		Красный осветляющий плавленый кварц (проходят животные)	В en_us и ru_ru отсутствует имя варианта; восстановлено по суффиксу свойств и цвета.
enderio	item.enderio.fused_quartz_ea_white	White Enlightened Fused Quartz (Animals Pass)		Белый осветляющий плавленый кварц (проходят животные)	В en_us и ru_ru отсутствует имя варианта; восстановлено по суффиксу свойств и цвета.
enderio	item.enderio.fused_quartz_ea_yellow	Yellow Enlightened Fused Quartz (Animals Pass)		Жёлтый осветляющий плавленый кварц (проходят животные)	В en_us и ru_ru отсутствует имя варианта; восстановлено по суффиксу свойств и цвета.
enderio	item.enderio.fused_quartz_em	Enlightened Fused Quartz (Monsters Pass)		Осветляющий плавленый кварц (проходят монстры)	В en_us и ru_ru отсутствует имя варианта; восстановлено по суффиксу свойств и цвета.
enderio	item.enderio.fused_quartz_em_black	Black Enlightened Fused Quartz (Monsters Pass)		Чёрный осветляющий плавленый кварц (проходят монстры)	В en_us и ru_ru отсутствует имя варианта; восстановлено по суффиксу свойств и цвета.
enderio	item.enderio.fused_quartz_em_blue	Blue Enlightened Fused Quartz (Monsters Pass)		Синий осветляющий плавленый кварц (проходят монстры)	В en_us и ru_ru отсутствует имя варианта; восстановлено по суффиксу свойств и цвета.
enderio	item.enderio.fused_quartz_em_brown	Brown Enlightened Fused Quartz (Monsters Pass)		Коричневый осветляющий плавленый кварц (проходят монстры)	В en_us и ru_ru отсутствует имя варианта; восстановлено по суффиксу свойств и цвета.
enderio	item.enderio.fused_quartz_em_cyan	Cyan Enlightened Fused Quartz (Monsters Pass)		Бирюзовый осветляющий плавленый кварц (проходят монстры)	В en_us и ru_ru отсутствует имя варианта; восстановлено по суффиксу свойств и цвета.
enderio	item.enderio.fused_quartz_em_gray	Gray Enlightened Fused Quartz (Monsters Pass)		Серый осветляющий плавленый кварц (проходят монстры)	В en_us и ru_ru отсутствует имя варианта; восстановлено по суффиксу свойств и цвета.
enderio	item.enderio.fused_quartz_em_green	Green Enlightened Fused Quartz (Monsters Pass)		Зелёный осветляющий плавленый кварц (проходят монстры)	В en_us и ru_ru отсутствует имя варианта; восстановлено по суффиксу свойств и цвета.
enderio	item.enderio.fused_quartz_em_light_blue	Light Blue Enlightened Fused Quartz (Monsters Pass)		Голубой осветляющий плавленый кварц (проходят монстры)	В en_us и ru_ru отсутствует имя варианта; восстановлено по суффиксу свойств и цвета.
enderio	item.enderio.fused_quartz_em_light_gray	Light Gray Enlightened Fused Quartz (Monsters Pass)		Светло-серый осветляющий плавленый кварц (проходят монстры)	В en_us и ru_ru отсутствует имя варианта; восстановлено по суффиксу свойств и цвета.
enderio	item.enderio.fused_quartz_em_lime	Lime Enlightened Fused Quartz (Monsters Pass)		Лаймовый осветляющий плавленый кварц (проходят монстры)	В en_us и ru_ru отсутствует имя варианта; восстановлено по суффиксу свойств и цвета.
enderio	item.enderio.fused_quartz_em_magenta	Magenta Enlightened Fused Quartz (Monsters Pass)		Пурпурный осветляющий плавленый кварц (проходят монстры)	В en_us и ru_ru отсутствует имя варианта; восстановлено по суффиксу свойств и цвета.
enderio	item.enderio.fused_quartz_em_orange	Orange Enlightened Fused Quartz (Monsters Pass)		Оранжевый осветляющий плавленый кварц (проходят монстры)	В en_us и ru_ru отсутствует имя варианта; восстановлено по суффиксу свойств и цвета.
enderio	item.enderio.fused_quartz_em_pink	Pink Enlightened Fused Quartz (Monsters Pass)		Розовый осветляющий плавленый кварц (проходят монстры)	В en_us и ru_ru отсутствует имя варианта; восстановлено по суффиксу свойств и цвета.
enderio	item.enderio.fused_quartz_em_purple	Purple Enlightened Fused Quartz (Monsters Pass)		Фиолетовый осветляющий плавленый кварц (проходят монстры)	В en_us и ru_ru отсутствует имя варианта; восстановлено по суффиксу свойств и цвета.
enderio	item.enderio.fused_quartz_em_red	Red Enlightened Fused Quartz (Monsters Pass)		Красный осветляющий плавленый кварц (проходят монстры)	В en_us и ru_ru отсутствует имя варианта; восстановлено по суффиксу свойств и цвета.
enderio	item.enderio.fused_quartz_em_white	White Enlightened Fused Quartz (Monsters Pass)		Белый осветляющий плавленый кварц (проходят монстры)	В en_us и ru_ru отсутствует имя варианта; восстановлено по суффиксу свойств и цвета.
enderio	item.enderio.fused_quartz_em_yellow	Yellow Enlightened Fused Quartz (Monsters Pass)		Жёлтый осветляющий плавленый кварц (проходят монстры)	В en_us и ru_ru отсутствует имя варианта; восстановлено по суффиксу свойств и цвета.
enderio	item.enderio.fused_quartz_ena	Enlightened Fused Quartz (Animals Blocked)		Осветляющий плавленый кварц (животные не проходят)	В en_us и ru_ru отсутствует имя варианта; восстановлено по суффиксу свойств и цвета.
enderio	item.enderio.fused_quartz_ena_black	Black Enlightened Fused Quartz (Animals Blocked)		Чёрный осветляющий плавленый кварц (животные не проходят)	В en_us и ru_ru отсутствует имя варианта; восстановлено по суффиксу свойств и цвета.
enderio	item.enderio.fused_quartz_ena_blue	Blue Enlightened Fused Quartz (Animals Blocked)		Синий осветляющий плавленый кварц (животные не проходят)	В en_us и ru_ru отсутствует имя варианта; восстановлено по суффиксу свойств и цвета.
enderio	item.enderio.fused_quartz_ena_brown	Brown Enlightened Fused Quartz (Animals Blocked)		Коричневый осветляющий плавленый кварц (животные не проходят)	В en_us и ru_ru отсутствует имя варианта; восстановлено по суффиксу свойств и цвета.
enderio	item.enderio.fused_quartz_ena_cyan	Cyan Enlightened Fused Quartz (Animals Blocked)		Бирюзовый осветляющий плавленый кварц (животные не проходят)	В en_us и ru_ru отсутствует имя варианта; восстановлено по суффиксу свойств и цвета.
enderio	item.enderio.fused_quartz_ena_gray	Gray Enlightened Fused Quartz (Animals Blocked)		Серый осветляющий плавленый кварц (животные не проходят)	В en_us и ru_ru отсутствует имя варианта; восстановлено по суффиксу свойств и цвета.
enderio	item.enderio.fused_quartz_ena_green	Green Enlightened Fused Quartz (Animals Blocked)		Зелёный осветляющий плавленый кварц (животные не проходят)	В en_us и ru_ru отсутствует имя варианта; восстановлено по суффиксу свойств и цвета.
enderio	item.enderio.fused_quartz_ena_light_blue	Light Blue Enlightened Fused Quartz (Animals Blocked)		Голубой осветляющий плавленый кварц (животные не проходят)	В en_us и ru_ru отсутствует имя варианта; восстановлено по суффиксу свойств и цвета.
enderio	item.enderio.fused_quartz_ena_light_gray	Light Gray Enlightened Fused Quartz (Animals Blocked)		Светло-серый осветляющий плавленый кварц (животные не проходят)	В en_us и ru_ru отсутствует имя варианта; восстановлено по суффиксу свойств и цвета.
enderio	item.enderio.fused_quartz_ena_lime	Lime Enlightened Fused Quartz (Animals Blocked)		Лаймовый осветляющий плавленый кварц (животные не проходят)	В en_us и ru_ru отсутствует имя варианта; восстановлено по суффиксу свойств и цвета.
enderio	item.enderio.fused_quartz_ena_magenta	Magenta Enlightened Fused Quartz (Animals Blocked)		Пурпурный осветляющий плавленый кварц (животные не проходят)	В en_us и ru_ru отсутствует имя варианта; восстановлено по суффиксу свойств и цвета.
enderio	item.enderio.fused_quartz_ena_orange	Orange Enlightened Fused Quartz (Animals Blocked)		Оранжевый осветляющий плавленый кварц (животные не проходят)	В en_us и ru_ru отсутствует имя варианта; восстановлено по суффиксу свойств и цвета.
enderio	item.enderio.fused_quartz_ena_pink	Pink Enlightened Fused Quartz (Animals Blocked)		Розовый осветляющий плавленый кварц (животные не проходят)	В en_us и ru_ru отсутствует имя варианта; восстановлено по суффиксу свойств и цвета.
enderio	item.enderio.fused_quartz_ena_purple	Purple Enlightened Fused Quartz (Animals Blocked)		Фиолетовый осветляющий плавленый кварц (животные не проходят)	В en_us и ru_ru отсутствует имя варианта; восстановлено по суффиксу свойств и цвета.
enderio	item.enderio.fused_quartz_ena_red	Red Enlightened Fused Quartz (Animals Blocked)		Красный осветляющий плавленый кварц (животные не проходят)	В en_us и ru_ru отсутствует имя варианта; восстановлено по суффиксу свойств и цвета.
enderio	item.enderio.fused_quartz_ena_white	White Enlightened Fused Quartz (Animals Blocked)		Белый осветляющий плавленый кварц (животные не проходят)	В en_us и ru_ru отсутствует имя варианта; восстановлено по суффиксу свойств и цвета.
enderio	item.enderio.fused_quartz_ena_yellow	Yellow Enlightened Fused Quartz (Animals Blocked)		Жёлтый осветляющий плавленый кварц (животные не проходят)	В en_us и ru_ru отсутствует имя варианта; восстановлено по суффиксу свойств и цвета.
enderio	item.enderio.fused_quartz_enm	Enlightened Fused Quartz (Monsters Blocked)		Осветляющий плавленый кварц (монстры не проходят)	В en_us и ru_ru отсутствует имя варианта; восстановлено по суффиксу свойств и цвета.
enderio	item.enderio.fused_quartz_enm_black	Black Enlightened Fused Quartz (Monsters Blocked)		Чёрный осветляющий плавленый кварц (монстры не проходят)	В en_us и ru_ru отсутствует имя варианта; восстановлено по суффиксу свойств и цвета.
enderio	item.enderio.fused_quartz_enm_blue	Blue Enlightened Fused Quartz (Monsters Blocked)		Синий осветляющий плавленый кварц (монстры не проходят)	В en_us и ru_ru отсутствует имя варианта; восстановлено по суффиксу свойств и цвета.
enderio	item.enderio.fused_quartz_enm_brown	Brown Enlightened Fused Quartz (Monsters Blocked)		Коричневый осветляющий плавленый кварц (монстры не проходят)	В en_us и ru_ru отсутствует имя варианта; восстановлено по суффиксу свойств и цвета.
enderio	item.enderio.fused_quartz_enm_cyan	Cyan Enlightened Fused Quartz (Monsters Blocked)		Бирюзовый осветляющий плавленый кварц (монстры не проходят)	В en_us и ru_ru отсутствует имя варианта; восстановлено по суффиксу свойств и цвета.
enderio	item.enderio.fused_quartz_enm_gray	Gray Enlightened Fused Quartz (Monsters Blocked)		Серый осветляющий плавленый кварц (монстры не проходят)	В en_us и ru_ru отсутствует имя варианта; восстановлено по суффиксу свойств и цвета.
enderio	item.enderio.fused_quartz_enm_green	Green Enlightened Fused Quartz (Monsters Blocked)		Зелёный осветляющий плавленый кварц (монстры не проходят)	В en_us и ru_ru отсутствует имя варианта; восстановлено по суффиксу свойств и цвета.
enderio	item.enderio.fused_quartz_enm_light_blue	Light Blue Enlightened Fused Quartz (Monsters Blocked)		Голубой осветляющий плавленый кварц (монстры не проходят)	В en_us и ru_ru отсутствует имя варианта; восстановлено по суффиксу свойств и цвета.
enderio	item.enderio.fused_quartz_enm_light_gray	Light Gray Enlightened Fused Quartz (Monsters Blocked)		Светло-серый осветляющий плавленый кварц (монстры не проходят)	В en_us и ru_ru отсутствует имя варианта; восстановлено по суффиксу свойств и цвета.
enderio	item.enderio.fused_quartz_enm_lime	Lime Enlightened Fused Quartz (Monsters Blocked)		Лаймовый осветляющий плавленый кварц (монстры не проходят)	В en_us и ru_ru отсутствует имя варианта; восстановлено по суффиксу свойств и цвета.
enderio	item.enderio.fused_quartz_enm_magenta	Magenta Enlightened Fused Quartz (Monsters Blocked)		Пурпурный осветляющий плавленый кварц (монстры не проходят)	В en_us и ru_ru отсутствует имя варианта; восстановлено по суффиксу свойств и цвета.
enderio	item.enderio.fused_quartz_enm_orange	Orange Enlightened Fused Quartz (Monsters Blocked)		Оранжевый осветляющий плавленый кварц (монстры не проходят)	В en_us и ru_ru отсутствует имя варианта; восстановлено по суффиксу свойств и цвета.
enderio	item.enderio.fused_quartz_enm_pink	Pink Enlightened Fused Quartz (Monsters Blocked)		Розовый осветляющий плавленый кварц (монстры не проходят)	В en_us и ru_ru отсутствует имя варианта; восстановлено по суффиксу свойств и цвета.
enderio	item.enderio.fused_quartz_enm_purple	Purple Enlightened Fused Quartz (Monsters Blocked)		Фиолетовый осветляющий плавленый кварц (монстры не проходят)	В en_us и ru_ru отсутствует имя варианта; восстановлено по суффиксу свойств и цвета.
enderio	item.enderio.fused_quartz_enm_red	Red Enlightened Fused Quartz (Monsters Blocked)		Красный осветляющий плавленый кварц (монстры не проходят)	В en_us и ru_ru отсутствует имя варианта; восстановлено по суффиксу свойств и цвета.
enderio	item.enderio.fused_quartz_enm_white	White Enlightened Fused Quartz (Monsters Blocked)		Белый осветляющий плавленый кварц (монстры не проходят)	В en_us и ru_ru отсутствует имя варианта; восстановлено по суффиксу свойств и цвета.
enderio	item.enderio.fused_quartz_enm_yellow	Yellow Enlightened Fused Quartz (Monsters Blocked)		Жёлтый осветляющий плавленый кварц (монстры не проходят)	В en_us и ru_ru отсутствует имя варианта; восстановлено по суффиксу свойств и цвета.
enderio	item.enderio.fused_quartz_enp	Enlightened Fused Quartz (Players Blocked)		Осветляющий плавленый кварц (игроки не проходят)	В en_us и ru_ru отсутствует имя варианта; восстановлено по суффиксу свойств и цвета.
enderio	item.enderio.fused_quartz_enp_black	Black Enlightened Fused Quartz (Players Blocked)		Чёрный осветляющий плавленый кварц (игроки не проходят)	В en_us и ru_ru отсутствует имя варианта; восстановлено по суффиксу свойств и цвета.
enderio	item.enderio.fused_quartz_enp_blue	Blue Enlightened Fused Quartz (Players Blocked)		Синий осветляющий плавленый кварц (игроки не проходят)	В en_us и ru_ru отсутствует имя варианта; восстановлено по суффиксу свойств и цвета.
enderio	item.enderio.fused_quartz_enp_brown	Brown Enlightened Fused Quartz (Players Blocked)		Коричневый осветляющий плавленый кварц (игроки не проходят)	В en_us и ru_ru отсутствует имя варианта; восстановлено по суффиксу свойств и цвета.
enderio	item.enderio.fused_quartz_enp_cyan	Cyan Enlightened Fused Quartz (Players Blocked)		Бирюзовый осветляющий плавленый кварц (игроки не проходят)	В en_us и ru_ru отсутствует имя варианта; восстановлено по суффиксу свойств и цвета.
enderio	item.enderio.fused_quartz_enp_gray	Gray Enlightened Fused Quartz (Players Blocked)		Серый осветляющий плавленый кварц (игроки не проходят)	В en_us и ru_ru отсутствует имя варианта; восстановлено по суффиксу свойств и цвета.
enderio	item.enderio.fused_quartz_enp_green	Green Enlightened Fused Quartz (Players Blocked)		Зелёный осветляющий плавленый кварц (игроки не проходят)	В en_us и ru_ru отсутствует имя варианта; восстановлено по суффиксу свойств и цвета.
enderio	item.enderio.fused_quartz_enp_light_blue	Light Blue Enlightened Fused Quartz (Players Blocked)		Голубой осветляющий плавленый кварц (игроки не проходят)	В en_us и ru_ru отсутствует имя варианта; восстановлено по суффиксу свойств и цвета.
enderio	item.enderio.fused_quartz_enp_light_gray	Light Gray Enlightened Fused Quartz (Players Blocked)		Светло-серый осветляющий плавленый кварц (игроки не проходят)	В en_us и ru_ru отсутствует имя варианта; восстановлено по суффиксу свойств и цвета.
enderio	item.enderio.fused_quartz_enp_lime	Lime Enlightened Fused Quartz (Players Blocked)		Лаймовый осветляющий плавленый кварц (игроки не проходят)	В en_us и ru_ru отсутствует имя варианта; восстановлено по суффиксу свойств и цвета.
enderio	item.enderio.fused_quartz_enp_magenta	Magenta Enlightened Fused Quartz (Players Blocked)		Пурпурный осветляющий плавленый кварц (игроки не проходят)	В en_us и ru_ru отсутствует имя варианта; восстановлено по суффиксу свойств и цвета.
enderio	item.enderio.fused_quartz_enp_orange	Orange Enlightened Fused Quartz (Players Blocked)		Оранжевый осветляющий плавленый кварц (игроки не проходят)	В en_us и ru_ru отсутствует имя варианта; восстановлено по суффиксу свойств и цвета.
enderio	item.enderio.fused_quartz_enp_pink	Pink Enlightened Fused Quartz (Players Blocked)		Розовый осветляющий плавленый кварц (игроки не проходят)	В en_us и ru_ru отсутствует имя варианта; восстановлено по суффиксу свойств и цвета.
enderio	item.enderio.fused_quartz_enp_purple	Purple Enlightened Fused Quartz (Players Blocked)		Фиолетовый осветляющий плавленый кварц (игроки не проходят)	В en_us и ru_ru отсутствует имя варианта; восстановлено по суффиксу свойств и цвета.
enderio	item.enderio.fused_quartz_enp_red	Red Enlightened Fused Quartz (Players Blocked)		Красный осветляющий плавленый кварц (игроки не проходят)	В en_us и ru_ru отсутствует имя варианта; восстановлено по суффиксу свойств и цвета.
enderio	item.enderio.fused_quartz_enp_white	White Enlightened Fused Quartz (Players Blocked)		Белый осветляющий плавленый кварц (игроки не проходят)	В en_us и ru_ru отсутствует имя варианта; восстановлено по суффиксу свойств и цвета.
enderio	item.enderio.fused_quartz_enp_yellow	Yellow Enlightened Fused Quartz (Players Blocked)		Жёлтый осветляющий плавленый кварц (игроки не проходят)	В en_us и ru_ru отсутствует имя варианта; восстановлено по суффиксу свойств и цвета.
enderio	item.enderio.fused_quartz_ep	Enlightened Fused Quartz (Players Pass)		Осветляющий плавленый кварц (проходят игроки)	В en_us и ru_ru отсутствует имя варианта; восстановлено по суффиксу свойств и цвета.
enderio	item.enderio.fused_quartz_ep_black	Black Enlightened Fused Quartz (Players Pass)		Чёрный осветляющий плавленый кварц (проходят игроки)	В en_us и ru_ru отсутствует имя варианта; восстановлено по суффиксу свойств и цвета.
enderio	item.enderio.fused_quartz_ep_blue	Blue Enlightened Fused Quartz (Players Pass)		Синий осветляющий плавленый кварц (проходят игроки)	В en_us и ru_ru отсутствует имя варианта; восстановлено по суффиксу свойств и цвета.
enderio	item.enderio.fused_quartz_ep_brown	Brown Enlightened Fused Quartz (Players Pass)		Коричневый осветляющий плавленый кварц (проходят игроки)	В en_us и ru_ru отсутствует имя варианта; восстановлено по суффиксу свойств и цвета.
enderio	item.enderio.fused_quartz_ep_cyan	Cyan Enlightened Fused Quartz (Players Pass)		Бирюзовый осветляющий плавленый кварц (проходят игроки)	В en_us и ru_ru отсутствует имя варианта; восстановлено по суффиксу свойств и цвета.
enderio	item.enderio.fused_quartz_ep_gray	Gray Enlightened Fused Quartz (Players Pass)		Серый осветляющий плавленый кварц (проходят игроки)	В en_us и ru_ru отсутствует имя варианта; восстановлено по суффиксу свойств и цвета.
enderio	item.enderio.fused_quartz_ep_green	Green Enlightened Fused Quartz (Players Pass)		Зелёный осветляющий плавленый кварц (проходят игроки)	В en_us и ru_ru отсутствует имя варианта; восстановлено по суффиксу свойств и цвета.
enderio	item.enderio.fused_quartz_ep_light_blue	Light Blue Enlightened Fused Quartz (Players Pass)		Голубой осветляющий плавленый кварц (проходят игроки)	В en_us и ru_ru отсутствует имя варианта; восстановлено по суффиксу свойств и цвета.
enderio	item.enderio.fused_quartz_ep_light_gray	Light Gray Enlightened Fused Quartz (Players Pass)		Светло-серый осветляющий плавленый кварц (проходят игроки)	В en_us и ru_ru отсутствует имя варианта; восстановлено по суффиксу свойств и цвета.
enderio	item.enderio.fused_quartz_ep_lime	Lime Enlightened Fused Quartz (Players Pass)		Лаймовый осветляющий плавленый кварц (проходят игроки)	В en_us и ru_ru отсутствует имя варианта; восстановлено по суффиксу свойств и цвета.
enderio	item.enderio.fused_quartz_ep_magenta	Magenta Enlightened Fused Quartz (Players Pass)		Пурпурный осветляющий плавленый кварц (проходят игроки)	В en_us и ru_ru отсутствует имя варианта; восстановлено по суффиксу свойств и цвета.
enderio	item.enderio.fused_quartz_ep_orange	Orange Enlightened Fused Quartz (Players Pass)		Оранжевый осветляющий плавленый кварц (проходят игроки)	В en_us и ru_ru отсутствует имя варианта; восстановлено по суффиксу свойств и цвета.
enderio	item.enderio.fused_quartz_ep_pink	Pink Enlightened Fused Quartz (Players Pass)		Розовый осветляющий плавленый кварц (проходят игроки)	В en_us и ru_ru отсутствует имя варианта; восстановлено по суффиксу свойств и цвета.
enderio	item.enderio.fused_quartz_ep_purple	Purple Enlightened Fused Quartz (Players Pass)		Фиолетовый осветляющий плавленый кварц (проходят игроки)	В en_us и ru_ru отсутствует имя варианта; восстановлено по суффиксу свойств и цвета.
enderio	item.enderio.fused_quartz_ep_red	Red Enlightened Fused Quartz (Players Pass)		Красный осветляющий плавленый кварц (проходят игроки)	В en_us и ru_ru отсутствует имя варианта; восстановлено по суффиксу свойств и цвета.
enderio	item.enderio.fused_quartz_ep_white	White Enlightened Fused Quartz (Players Pass)		Белый осветляющий плавленый кварц (проходят игроки)	В en_us и ru_ru отсутствует имя варианта; восстановлено по суффиксу свойств и цвета.
enderio	item.enderio.fused_quartz_ep_yellow	Yellow Enlightened Fused Quartz (Players Pass)		Жёлтый осветляющий плавленый кварц (проходят игроки)	В en_us и ru_ru отсутствует имя варианта; восстановлено по суффиксу свойств и цвета.
enderio	item.enderio.fused_quartz_m	Fused Quartz (Monsters Pass)		Плавленый кварц (проходят монстры)	В en_us и ru_ru отсутствует имя варианта; восстановлено по суффиксу свойств и цвета.
enderio	item.enderio.fused_quartz_m_black	Black Fused Quartz (Monsters Pass)		Чёрный плавленый кварц (проходят монстры)	В en_us и ru_ru отсутствует имя варианта; восстановлено по суффиксу свойств и цвета.
enderio	item.enderio.fused_quartz_m_blue	Blue Fused Quartz (Monsters Pass)		Синий плавленый кварц (проходят монстры)	В en_us и ru_ru отсутствует имя варианта; восстановлено по суффиксу свойств и цвета.
enderio	item.enderio.fused_quartz_m_brown	Brown Fused Quartz (Monsters Pass)		Коричневый плавленый кварц (проходят монстры)	В en_us и ru_ru отсутствует имя варианта; восстановлено по суффиксу свойств и цвета.
enderio	item.enderio.fused_quartz_m_cyan	Cyan Fused Quartz (Monsters Pass)		Бирюзовый плавленый кварц (проходят монстры)	В en_us и ru_ru отсутствует имя варианта; восстановлено по суффиксу свойств и цвета.
enderio	item.enderio.fused_quartz_m_gray	Gray Fused Quartz (Monsters Pass)		Серый плавленый кварц (проходят монстры)	В en_us и ru_ru отсутствует имя варианта; восстановлено по суффиксу свойств и цвета.
enderio	item.enderio.fused_quartz_m_green	Green Fused Quartz (Monsters Pass)		Зелёный плавленый кварц (проходят монстры)	В en_us и ru_ru отсутствует имя варианта; восстановлено по суффиксу свойств и цвета.
enderio	item.enderio.fused_quartz_m_light_blue	Light Blue Fused Quartz (Monsters Pass)		Голубой плавленый кварц (проходят монстры)	В en_us и ru_ru отсутствует имя варианта; восстановлено по суффиксу свойств и цвета.
enderio	item.enderio.fused_quartz_m_light_gray	Light Gray Fused Quartz (Monsters Pass)		Светло-серый плавленый кварц (проходят монстры)	В en_us и ru_ru отсутствует имя варианта; восстановлено по суффиксу свойств и цвета.
enderio	item.enderio.fused_quartz_m_lime	Lime Fused Quartz (Monsters Pass)		Лаймовый плавленый кварц (проходят монстры)	В en_us и ru_ru отсутствует имя варианта; восстановлено по суффиксу свойств и цвета.
enderio	item.enderio.fused_quartz_m_magenta	Magenta Fused Quartz (Monsters Pass)		Пурпурный плавленый кварц (проходят монстры)	В en_us и ru_ru отсутствует имя варианта; восстановлено по суффиксу свойств и цвета.
enderio	item.enderio.fused_quartz_m_orange	Orange Fused Quartz (Monsters Pass)		Оранжевый плавленый кварц (проходят монстры)	В en_us и ru_ru отсутствует имя варианта; восстановлено по суффиксу свойств и цвета.
enderio	item.enderio.fused_quartz_m_pink	Pink Fused Quartz (Monsters Pass)		Розовый плавленый кварц (проходят монстры)	В en_us и ru_ru отсутствует имя варианта; восстановлено по суффиксу свойств и цвета.
enderio	item.enderio.fused_quartz_m_purple	Purple Fused Quartz (Monsters Pass)		Фиолетовый плавленый кварц (проходят монстры)	В en_us и ru_ru отсутствует имя варианта; восстановлено по суффиксу свойств и цвета.
enderio	item.enderio.fused_quartz_m_red	Red Fused Quartz (Monsters Pass)		Красный плавленый кварц (проходят монстры)	В en_us и ru_ru отсутствует имя варианта; восстановлено по суффиксу свойств и цвета.
enderio	item.enderio.fused_quartz_m_white	White Fused Quartz (Monsters Pass)		Белый плавленый кварц (проходят монстры)	В en_us и ru_ru отсутствует имя варианта; восстановлено по суффиксу свойств и цвета.
enderio	item.enderio.fused_quartz_m_yellow	Yellow Fused Quartz (Monsters Pass)		Жёлтый плавленый кварц (проходят монстры)	В en_us и ru_ru отсутствует имя варианта; восстановлено по суффиксу свойств и цвета.
enderio	item.enderio.fused_quartz_na	Fused Quartz (Animals Blocked)		Плавленый кварц (животные не проходят)	В en_us и ru_ru отсутствует имя варианта; восстановлено по суффиксу свойств и цвета.
enderio	item.enderio.fused_quartz_na_black	Black Fused Quartz (Animals Blocked)		Чёрный плавленый кварц (животные не проходят)	В en_us и ru_ru отсутствует имя варианта; восстановлено по суффиксу свойств и цвета.
enderio	item.enderio.fused_quartz_na_blue	Blue Fused Quartz (Animals Blocked)		Синий плавленый кварц (животные не проходят)	В en_us и ru_ru отсутствует имя варианта; восстановлено по суффиксу свойств и цвета.
enderio	item.enderio.fused_quartz_na_brown	Brown Fused Quartz (Animals Blocked)		Коричневый плавленый кварц (животные не проходят)	В en_us и ru_ru отсутствует имя варианта; восстановлено по суффиксу свойств и цвета.
enderio	item.enderio.fused_quartz_na_cyan	Cyan Fused Quartz (Animals Blocked)		Бирюзовый плавленый кварц (животные не проходят)	В en_us и ru_ru отсутствует имя варианта; восстановлено по суффиксу свойств и цвета.
enderio	item.enderio.fused_quartz_na_gray	Gray Fused Quartz (Animals Blocked)		Серый плавленый кварц (животные не проходят)	В en_us и ru_ru отсутствует имя варианта; восстановлено по суффиксу свойств и цвета.
enderio	item.enderio.fused_quartz_na_green	Green Fused Quartz (Animals Blocked)		Зелёный плавленый кварц (животные не проходят)	В en_us и ru_ru отсутствует имя варианта; восстановлено по суффиксу свойств и цвета.
enderio	item.enderio.fused_quartz_na_light_blue	Light Blue Fused Quartz (Animals Blocked)		Голубой плавленый кварц (животные не проходят)	В en_us и ru_ru отсутствует имя варианта; восстановлено по суффиксу свойств и цвета.
enderio	item.enderio.fused_quartz_na_light_gray	Light Gray Fused Quartz (Animals Blocked)		Светло-серый плавленый кварц (животные не проходят)	В en_us и ru_ru отсутствует имя варианта; восстановлено по суффиксу свойств и цвета.
enderio	item.enderio.fused_quartz_na_lime	Lime Fused Quartz (Animals Blocked)		Лаймовый плавленый кварц (животные не проходят)	В en_us и ru_ru отсутствует имя варианта; восстановлено по суффиксу свойств и цвета.
enderio	item.enderio.fused_quartz_na_magenta	Magenta Fused Quartz (Animals Blocked)		Пурпурный плавленый кварц (животные не проходят)	В en_us и ru_ru отсутствует имя варианта; восстановлено по суффиксу свойств и цвета.
enderio	item.enderio.fused_quartz_na_orange	Orange Fused Quartz (Animals Blocked)		Оранжевый плавленый кварц (животные не проходят)	В en_us и ru_ru отсутствует имя варианта; восстановлено по суффиксу свойств и цвета.
enderio	item.enderio.fused_quartz_na_pink	Pink Fused Quartz (Animals Blocked)		Розовый плавленый кварц (животные не проходят)	В en_us и ru_ru отсутствует имя варианта; восстановлено по суффиксу свойств и цвета.
enderio	item.enderio.fused_quartz_na_purple	Purple Fused Quartz (Animals Blocked)		Фиолетовый плавленый кварц (животные не проходят)	В en_us и ru_ru отсутствует имя варианта; восстановлено по суффиксу свойств и цвета.
enderio	item.enderio.fused_quartz_na_red	Red Fused Quartz (Animals Blocked)		Красный плавленый кварц (животные не проходят)	В en_us и ru_ru отсутствует имя варианта; восстановлено по суффиксу свойств и цвета.
enderio	item.enderio.fused_quartz_na_white	White Fused Quartz (Animals Blocked)		Белый плавленый кварц (животные не проходят)	В en_us и ru_ru отсутствует имя варианта; восстановлено по суффиксу свойств и цвета.
enderio	item.enderio.fused_quartz_na_yellow	Yellow Fused Quartz (Animals Blocked)		Жёлтый плавленый кварц (животные не проходят)	В en_us и ru_ru отсутствует имя варианта; восстановлено по суффиксу свойств и цвета.
enderio	item.enderio.fused_quartz_nm	Fused Quartz (Monsters Blocked)		Плавленый кварц (монстры не проходят)	В en_us и ru_ru отсутствует имя варианта; восстановлено по суффиксу свойств и цвета.
enderio	item.enderio.fused_quartz_nm_black	Black Fused Quartz (Monsters Blocked)		Чёрный плавленый кварц (монстры не проходят)	В en_us и ru_ru отсутствует имя варианта; восстановлено по суффиксу свойств и цвета.
enderio	item.enderio.fused_quartz_nm_blue	Blue Fused Quartz (Monsters Blocked)		Синий плавленый кварц (монстры не проходят)	В en_us и ru_ru отсутствует имя варианта; восстановлено по суффиксу свойств и цвета.
enderio	item.enderio.fused_quartz_nm_brown	Brown Fused Quartz (Monsters Blocked)		Коричневый плавленый кварц (монстры не проходят)	В en_us и ru_ru отсутствует имя варианта; восстановлено по суффиксу свойств и цвета.
enderio	item.enderio.fused_quartz_nm_cyan	Cyan Fused Quartz (Monsters Blocked)		Бирюзовый плавленый кварц (монстры не проходят)	В en_us и ru_ru отсутствует имя варианта; восстановлено по суффиксу свойств и цвета.
enderio	item.enderio.fused_quartz_nm_gray	Gray Fused Quartz (Monsters Blocked)		Серый плавленый кварц (монстры не проходят)	В en_us и ru_ru отсутствует имя варианта; восстановлено по суффиксу свойств и цвета.
enderio	item.enderio.fused_quartz_nm_green	Green Fused Quartz (Monsters Blocked)		Зелёный плавленый кварц (монстры не проходят)	В en_us и ru_ru отсутствует имя варианта; восстановлено по суффиксу свойств и цвета.
enderio	item.enderio.fused_quartz_nm_light_blue	Light Blue Fused Quartz (Monsters Blocked)		Голубой плавленый кварц (монстры не проходят)	В en_us и ru_ru отсутствует имя варианта; восстановлено по суффиксу свойств и цвета.
enderio	item.enderio.fused_quartz_nm_light_gray	Light Gray Fused Quartz (Monsters Blocked)		Светло-серый плавленый кварц (монстры не проходят)	В en_us и ru_ru отсутствует имя варианта; восстановлено по суффиксу свойств и цвета.
enderio	item.enderio.fused_quartz_nm_lime	Lime Fused Quartz (Monsters Blocked)		Лаймовый плавленый кварц (монстры не проходят)	В en_us и ru_ru отсутствует имя варианта; восстановлено по суффиксу свойств и цвета.
enderio	item.enderio.fused_quartz_nm_magenta	Magenta Fused Quartz (Monsters Blocked)		Пурпурный плавленый кварц (монстры не проходят)	В en_us и ru_ru отсутствует имя варианта; восстановлено по суффиксу свойств и цвета.
enderio	item.enderio.fused_quartz_nm_orange	Orange Fused Quartz (Monsters Blocked)		Оранжевый плавленый кварц (монстры не проходят)	В en_us и ru_ru отсутствует имя варианта; восстановлено по суффиксу свойств и цвета.
enderio	item.enderio.fused_quartz_nm_pink	Pink Fused Quartz (Monsters Blocked)		Розовый плавленый кварц (монстры не проходят)	В en_us и ru_ru отсутствует имя варианта; восстановлено по суффиксу свойств и цвета.
enderio	item.enderio.fused_quartz_nm_purple	Purple Fused Quartz (Monsters Blocked)		Фиолетовый плавленый кварц (монстры не проходят)	В en_us и ru_ru отсутствует имя варианта; восстановлено по суффиксу свойств и цвета.
enderio	item.enderio.fused_quartz_nm_red	Red Fused Quartz (Monsters Blocked)		Красный плавленый кварц (монстры не проходят)	В en_us и ru_ru отсутствует имя варианта; восстановлено по суффиксу свойств и цвета.
enderio	item.enderio.fused_quartz_nm_white	White Fused Quartz (Monsters Blocked)		Белый плавленый кварц (монстры не проходят)	В en_us и ru_ru отсутствует имя варианта; восстановлено по суффиксу свойств и цвета.
enderio	item.enderio.fused_quartz_nm_yellow	Yellow Fused Quartz (Monsters Blocked)		Жёлтый плавленый кварц (монстры не проходят)	В en_us и ru_ru отсутствует имя варианта; восстановлено по суффиксу свойств и цвета.
enderio	item.enderio.fused_quartz_np	Fused Quartz (Players Blocked)		Плавленый кварц (игроки не проходят)	В en_us и ru_ru отсутствует имя варианта; восстановлено по суффиксу свойств и цвета.
enderio	item.enderio.fused_quartz_np_black	Black Fused Quartz (Players Blocked)		Чёрный плавленый кварц (игроки не проходят)	В en_us и ru_ru отсутствует имя варианта; восстановлено по суффиксу свойств и цвета.
enderio	item.enderio.fused_quartz_np_blue	Blue Fused Quartz (Players Blocked)		Синий плавленый кварц (игроки не проходят)	В en_us и ru_ru отсутствует имя варианта; восстановлено по суффиксу свойств и цвета.
enderio	item.enderio.fused_quartz_np_brown	Brown Fused Quartz (Players Blocked)		Коричневый плавленый кварц (игроки не проходят)	В en_us и ru_ru отсутствует имя варианта; восстановлено по суффиксу свойств и цвета.
enderio	item.enderio.fused_quartz_np_cyan	Cyan Fused Quartz (Players Blocked)		Бирюзовый плавленый кварц (игроки не проходят)	В en_us и ru_ru отсутствует имя варианта; восстановлено по суффиксу свойств и цвета.
enderio	item.enderio.fused_quartz_np_gray	Gray Fused Quartz (Players Blocked)		Серый плавленый кварц (игроки не проходят)	В en_us и ru_ru отсутствует имя варианта; восстановлено по суффиксу свойств и цвета.
enderio	item.enderio.fused_quartz_np_green	Green Fused Quartz (Players Blocked)		Зелёный плавленый кварц (игроки не проходят)	В en_us и ru_ru отсутствует имя варианта; восстановлено по суффиксу свойств и цвета.
enderio	item.enderio.fused_quartz_np_light_blue	Light Blue Fused Quartz (Players Blocked)		Голубой плавленый кварц (игроки не проходят)	В en_us и ru_ru отсутствует имя варианта; восстановлено по суффиксу свойств и цвета.
enderio	item.enderio.fused_quartz_np_light_gray	Light Gray Fused Quartz (Players Blocked)		Светло-серый плавленый кварц (игроки не проходят)	В en_us и ru_ru отсутствует имя варианта; восстановлено по суффиксу свойств и цвета.
enderio	item.enderio.fused_quartz_np_lime	Lime Fused Quartz (Players Blocked)		Лаймовый плавленый кварц (игроки не проходят)	В en_us и ru_ru отсутствует имя варианта; восстановлено по суффиксу свойств и цвета.
enderio	item.enderio.fused_quartz_np_magenta	Magenta Fused Quartz (Players Blocked)		Пурпурный плавленый кварц (игроки не проходят)	В en_us и ru_ru отсутствует имя варианта; восстановлено по суффиксу свойств и цвета.
enderio	item.enderio.fused_quartz_np_orange	Orange Fused Quartz (Players Blocked)		Оранжевый плавленый кварц (игроки не проходят)	В en_us и ru_ru отсутствует имя варианта; восстановлено по суффиксу свойств и цвета.
enderio	item.enderio.fused_quartz_np_pink	Pink Fused Quartz (Players Blocked)		Розовый плавленый кварц (игроки не проходят)	В en_us и ru_ru отсутствует имя варианта; восстановлено по суффиксу свойств и цвета.
enderio	item.enderio.fused_quartz_np_purple	Purple Fused Quartz (Players Blocked)		Фиолетовый плавленый кварц (игроки не проходят)	В en_us и ru_ru отсутствует имя варианта; восстановлено по суффиксу свойств и цвета.
enderio	item.enderio.fused_quartz_np_red	Red Fused Quartz (Players Blocked)		Красный плавленый кварц (игроки не проходят)	В en_us и ru_ru отсутствует имя варианта; восстановлено по суффиксу свойств и цвета.
enderio	item.enderio.fused_quartz_np_white	White Fused Quartz (Players Blocked)		Белый плавленый кварц (игроки не проходят)	В en_us и ru_ru отсутствует имя варианта; восстановлено по суффиксу свойств и цвета.
enderio	item.enderio.fused_quartz_np_yellow	Yellow Fused Quartz (Players Blocked)		Жёлтый плавленый кварц (игроки не проходят)	В en_us и ru_ru отсутствует имя варианта; восстановлено по суффиксу свойств и цвета.
enderio	item.enderio.fused_quartz_p	Fused Quartz (Players Pass)		Плавленый кварц (проходят игроки)	В en_us и ru_ru отсутствует имя варианта; восстановлено по суффиксу свойств и цвета.
enderio	item.enderio.fused_quartz_p_black	Black Fused Quartz (Players Pass)		Чёрный плавленый кварц (проходят игроки)	В en_us и ru_ru отсутствует имя варианта; восстановлено по суффиксу свойств и цвета.
enderio	item.enderio.fused_quartz_p_blue	Blue Fused Quartz (Players Pass)		Синий плавленый кварц (проходят игроки)	В en_us и ru_ru отсутствует имя варианта; восстановлено по суффиксу свойств и цвета.
enderio	item.enderio.fused_quartz_p_brown	Brown Fused Quartz (Players Pass)		Коричневый плавленый кварц (проходят игроки)	В en_us и ru_ru отсутствует имя варианта; восстановлено по суффиксу свойств и цвета.
enderio	item.enderio.fused_quartz_p_cyan	Cyan Fused Quartz (Players Pass)		Бирюзовый плавленый кварц (проходят игроки)	В en_us и ru_ru отсутствует имя варианта; восстановлено по суффиксу свойств и цвета.
enderio	item.enderio.fused_quartz_p_gray	Gray Fused Quartz (Players Pass)		Серый плавленый кварц (проходят игроки)	В en_us и ru_ru отсутствует имя варианта; восстановлено по суффиксу свойств и цвета.
enderio	item.enderio.fused_quartz_p_green	Green Fused Quartz (Players Pass)		Зелёный плавленый кварц (проходят игроки)	В en_us и ru_ru отсутствует имя варианта; восстановлено по суффиксу свойств и цвета.
enderio	item.enderio.fused_quartz_p_light_blue	Light Blue Fused Quartz (Players Pass)		Голубой плавленый кварц (проходят игроки)	В en_us и ru_ru отсутствует имя варианта; восстановлено по суффиксу свойств и цвета.
enderio	item.enderio.fused_quartz_p_light_gray	Light Gray Fused Quartz (Players Pass)		Светло-серый плавленый кварц (проходят игроки)	В en_us и ru_ru отсутствует имя варианта; восстановлено по суффиксу свойств и цвета.
enderio	item.enderio.fused_quartz_p_lime	Lime Fused Quartz (Players Pass)		Лаймовый плавленый кварц (проходят игроки)	В en_us и ru_ru отсутствует имя варианта; восстановлено по суффиксу свойств и цвета.
enderio	item.enderio.fused_quartz_p_magenta	Magenta Fused Quartz (Players Pass)		Пурпурный плавленый кварц (проходят игроки)	В en_us и ru_ru отсутствует имя варианта; восстановлено по суффиксу свойств и цвета.
enderio	item.enderio.fused_quartz_p_orange	Orange Fused Quartz (Players Pass)		Оранжевый плавленый кварц (проходят игроки)	В en_us и ru_ru отсутствует имя варианта; восстановлено по суффиксу свойств и цвета.
enderio	item.enderio.fused_quartz_p_pink	Pink Fused Quartz (Players Pass)		Розовый плавленый кварц (проходят игроки)	В en_us и ru_ru отсутствует имя варианта; восстановлено по суффиксу свойств и цвета.
enderio	item.enderio.fused_quartz_p_purple	Purple Fused Quartz (Players Pass)		Фиолетовый плавленый кварц (проходят игроки)	В en_us и ru_ru отсутствует имя варианта; восстановлено по суффиксу свойств и цвета.
enderio	item.enderio.fused_quartz_p_red	Red Fused Quartz (Players Pass)		Красный плавленый кварц (проходят игроки)	В en_us и ru_ru отсутствует имя варианта; восстановлено по суффиксу свойств и цвета.
enderio	item.enderio.fused_quartz_p_white	White Fused Quartz (Players Pass)		Белый плавленый кварц (проходят игроки)	В en_us и ru_ru отсутствует имя варианта; восстановлено по суффиксу свойств и цвета.
enderio	item.enderio.fused_quartz_p_yellow	Yellow Fused Quartz (Players Pass)		Жёлтый плавленый кварц (проходят игроки)	В en_us и ru_ru отсутствует имя варианта; восстановлено по суффиксу свойств и цвета.
enderio	item.enderio.advanced_item_filter	Advanced Item Filter	Advanced Item Filter	Улучшенный фильтр предметов	В ru_ru оставлено английское имя; заменено коротким русским названием.
enderio	item.enderio.basic_fluid_filter	Basic Fluid Filter	Basic Fluid Filter	Простой фильтр жидкостей	В ru_ru оставлено английское имя; заменено коротким русским названием.
enderio	item.enderio.basic_item_filter	Basic Item Filter	Basic Item Filter	Простой фильтр предметов	В ru_ru оставлено английское имя; заменено коротким русским названием.
enderio	item.enderio.chemical_conduit	Chemical Conduit	Chemical Conduit	Химическая труба	В ru_ru оставлено английское имя; заменено коротким русским названием.
enderio	block.enderio.drain	Drain	Drain	Слив	В ru_ru оставлено английское имя; заменено коротким русским названием.
enderio	item.enderio.ender_chemical_conduit	Ender Chemical Conduit	Ender Chemical Conduit	Эндерная химическая труба	В ru_ru оставлено английское имя; заменено коротким русским названием.
enderio	block.enderio.enderman_head	Enderman Head	Enderman Head	Голова эндермена	В ru_ru оставлено английское имя; заменено коротким русским названием.
enderio	block.enderio.energetic_photovoltaic_module	Energetic Photovoltaic Module	Energetic Photovoltaic Module	Энергетический фотоэлектрический модуль	В ru_ru оставлено английское имя; заменено коротким русским названием.
enderio	item.enderio.extraction_speed_upgrade_1	Tier 1 Extraction Speed Upgrade	Tier 1 Extraction Speed Upgrade	Улучшение скорости извлечения I	В ru_ru оставлено английское имя; заменено коротким русским названием.
enderio	item.enderio.extraction_speed_upgrade_2	Tier 2 Extraction Speed Upgrade	Tier 2 Extraction Speed Upgrade	Улучшение скорости извлечения II	В ru_ru оставлено английское имя; заменено коротким русским названием.
enderio	item.enderio.extraction_speed_upgrade_3	Tier 3 Extraction Speed Upgrade	Tier 3 Extraction Speed Upgrade	Улучшение скорости извлечения III	В ru_ru оставлено английское имя; заменено коротким русским названием.
enderio	item.enderio.extraction_speed_upgrade_4	Tier 4 Extraction Speed Upgrade	Tier 4 Extraction Speed Upgrade	Улучшение скорости извлечения IV	В ru_ru оставлено английское имя; заменено коротким русским названием.
enderio	item.enderio.heat_conduit	Heat Conduit	Heat Conduit	Тепловая труба	В ru_ru оставлено английское имя; заменено коротким русским названием.
enderio	block.enderio.light_inverted	Light Inverted	Light Inverted	Инвертированный светильник	В ru_ru оставлено английское имя; заменено коротким русским названием.
enderio	block.enderio.painted_travel_anchor	Painted Travel Anchor	Painted Travel Anchor	Окрашенный якорь перемещения	В ru_ru оставлено английское имя; заменено коротким русским названием.
enderio	block.enderio.painted_wall	Painted Wall	Painted Wall	Окрашенная стена	В ru_ru оставлено английское имя; заменено коротким русским названием.
enderio	block.enderio.powered_light_inverted	Powered Light Inverted	Powered Light Inverted	Инвертированный электрический светильник	В ru_ru оставлено английское имя; заменено коротким русским названием.
enderio	block.enderio.powered_light_inverted_wireless	Powered Light Inverted Wireless	Powered Light Inverted Wireless	Беспроводной инвертированный светильник	В ru_ru оставлено английское имя; заменено коротким русским названием.
enderio	block.enderio.powered_light_wireless	Powered Light Wireless	Powered Light Wireless	Беспроводной светильник	В ru_ru оставлено английское имя; заменено коротким русским названием.
enderio	item.enderio.pressurized_chemical_conduit	Pressurized Chemical Conduit	Pressurized Chemical Conduit	Химическая труба высокого давления	В ru_ru оставлено английское имя; заменено коротким русским названием.
enderio	block.enderio.pulsating_photovoltaic_module	Pulsating Photovoltaic Module	Pulsating Photovoltaic Module	Пульсирующий фотоэлектрический модуль	В ru_ru оставлено английское имя; заменено коротким русским названием.
enderio	item.enderio.redstone_and_filter	Redstone AND Filter	Redstone AND Filter	Редстоуновый фильтр «И»	В ru_ru оставлено английское имя; заменено коротким русским названием.
enderio	item.enderio.redstone_counting_filter	Redstone Counting Filter	Redstone Counting Filter	Редстоуновый фильтр-счётчик	В ru_ru оставлено английское имя; заменено коротким русским названием.
enderio	item.enderio.redstone_nand_filter	Redstone NAND Filter	Redstone NAND Filter	Редстоуновый фильтр «НЕ-И»	В ru_ru оставлено английское имя; заменено коротким русским названием.
enderio	item.enderio.redstone_nor_filter	Redstone NOR Filter	Redstone NOR Filter	Редстоуновый фильтр «НЕ-ИЛИ»	В ru_ru оставлено английское имя; заменено коротким русским названием.
enderio	item.enderio.redstone_not_filter	Redstone NOT Filter	Redstone NOT Filter	Редстоуновый фильтр «НЕ»	В ru_ru оставлено английское имя; заменено коротким русским названием.
enderio	item.enderio.redstone_or_filter	Redstone OR Filter	Redstone OR Filter	Редстоуновый фильтр «ИЛИ»	В ru_ru оставлено английское имя; заменено коротким русским названием.
enderio	item.enderio.redstone_sensor_filter	Redstone Sensor Filter	Redstone Sensor Filter	Редстоуновый фильтр-датчик	В ru_ru оставлено английское имя; заменено коротким русским названием.
enderio	item.enderio.redstone_timer_filter	Redstone Timer Filter	Redstone Timer Filter	Редстоуновый фильтр-таймер	В ru_ru оставлено английское имя; заменено коротким русским названием.
enderio	item.enderio.redstone_toggle_filter	Redstone Toggle Filter	Redstone Toggle Filter	Редстоуновый фильтр-переключатель	В ru_ru оставлено английское имя; заменено коротким русским названием.
enderio	item.enderio.redstone_xnor_filter	Redstone XNOR Filter	Redstone XNOR Filter	Редстоуновый фильтр «равнозначность»	В ru_ru оставлено английское имя; заменено коротким русским названием.
enderio	item.enderio.redstone_xor_filter	Redstone XOR Filter	Redstone XOR Filter	Редстоуновый фильтр «исключающее ИЛИ»	В ru_ru оставлено английское имя; заменено коротким русским названием.
enderio	block.enderio.soul_engine	Soul Engine	Soul Engine	Двигатель душ	В ru_ru оставлено английское имя; заменено коротким русским названием.
enderio	item.enderio.staff_of_travelling	Staff Of Travelling	Staff Of Travelling	Посох путешествий	В ru_ru оставлено английское имя; заменено коротким русским названием.
enderio	block.enderio.travel_anchor	Travel Anchor	Travel Anchor	Якорь перемещения	В ru_ru оставлено английское имя; заменено коротким русским названием.
enderio	block.enderio.vibrant_photovoltaic_module	Vibrant Photovoltaic Module	Vibrant Photovoltaic Module	Вибрирующий фотоэлектрический модуль	В ru_ru оставлено английское имя; заменено коротким русским названием.
enderio	block.enderio.wired_charger	Wired Charger	Wired Charger	Проводное зарядное устройство	В ru_ru оставлено английское имя; заменено коротким русским названием.
enderio	block.enderio.xp_obelisk	XP Obelisk	XP Obelisk	Обелиск опыта	В ru_ru оставлено английское имя; заменено коротким русским названием.
